cell	lineage	sample	exposed	spliced_umi	h	theta	xi	xi_sd	p_away	p_toward	p_none	p_persist_gmm	p_partial_gmm	p_reverted_gmm	p_persist	p_partial	p_reverted	pheno_gmm	pheno	state_gmm	state	historical_state	historical_theta	p_persistent	p_persistent_exiting	p_persistent_deepening	p_transitioning_out	p_transitioning_in	p_reverted_entering
GTCTGGGTCTAGTGCA-E14S	Tumor	E14S	0	21402.0	3.058908298264974	0.021912363582734885	0.3867399688529758	0.11283712778606	0.1518393314287042	0.007208415688766413	0.8409522528825293	0.8088435489731982	0.19114459954032423	1.1851486477511583e-05	0.8088435489731982	0.0	0.9927915843112336	persistent	reverted	persistent	reverted	never_hypoxic	1.955076698005783e-05	0.0	0.0	0.0	0.0	0.0	0.007208415688766414
ATCACTTCAAACCCGA-E14S	Tumor	E14S	0	13700.0	-0.9593875611280092	0.9783040872873582	0.6017117942935121	0.19128145763139845	0.3214069362102538	0.007088092037375581	0.6715049717523706	0.008534700391405253	0.07833098925158766	0.9131343103570071	0.008534700391405253	0.0	0.9929119079626244	reverted	reverted	reverted	reverted	never_hypoxic	0.9999349272152919	0.0	0.0	0.0	0.0	0.0	0.007088092037375582
CCCTTTAGTCTGGTCA-E14S	Tumor	E14S	0	18289.0	0.025901225873220017	0.8747246686583053	0.4460404317492125	0.17335915504071012	0.18165469422766395	0.007347414961143127	0.8109978908111929	0.011547667436705966	0.10669687586034424	0.88175545670295	0.011547667436705966	0.0	0.9926525850388569	reverted	reverted	reverted	reverted	inducing	0.7826196782512146	0.0	0.0	0.0	0.0	0.0	0.007347414961143128
TCACGCCTCTAAGTCG-E14S	Tumor	E14S	0	26325.0	-0.2931205384077245	0.927395411580084	-0.4219022341632904	0.4867223517837737	0.04967517339693115	0.03927348886277641	0.9110513377402926	0.00830769004694195	0.08168059064814713	0.910011719304911	0.00830769004694195	0.0	0.9607265111372235	reverted	reverted	reverted	reverted	never_hypoxic	0.9237477769165644	0.0	0.0	0.0	0.0	0.0	0.0392734888627764
GGAGAGGAGGTAGTCC-E14S	Tumor	E14S	0	23478.0	0.016164860288766476	0.8767306075025616	0.4920504835209465	0.1452335015360544	0.23051240793238556	0.007253537769181121	0.7622340542984334	0.011396684098961336	0.10559783249854036	0.8830054834024984	0.011396684098961336	0.0	0.992746462230819	reverted	reverted	reverted	reverted	never_hypoxic	0.8287685515297505	0.0	0.0	0.0	0.0	0.0	0.007253537769181121
CCTATAGAGTAACGAA-E14S	Tumor	E14S	0	17571.0	0.1106068286798285	0.8560711761598261	0.6665461449946187	0.14170546395659359	0.4728534475949548	0.006930817351372879	0.5202157350536724	0.013050783450160327	0.1173916876791888	0.8695575288706509	0.013050783450160327	0.0	0.9930691826486271	reverted	reverted	reverted	reverted	never_hypoxic	0.6659048827316137	0.0	0.0	0.0	0.0	0.0	0.006930817351372879
TAGGCTGCATCACTGC-E14S	Tumor	E14S	0	19954.0	3.02564536054089	0.023303407674170384	0.5200555494832855	0.10015894559400654	0.2848902850906537	0.007333822129069042	0.7077758927802771	0.7977206529986457	0.20226376138248364	1.5585618870682657e-05	0.7977206529986457	0.0	0.9926661778709309	persistent	reverted	persistent	reverted	never_hypoxic	4.3064889511368385e-05	0.0	0.0	0.0	0.0	0.0	0.007333822129069043
CACCACCTCTCATGCT-E14S	Tumor	E14S	0	19246.0	-0.5850829727662706	0.956896093304512	0.9885885566837074	0.11047381381772288	0.9440506977574145	0.003072007342405246	0.05287729490018039	0.0074488600256718066	0.07344900601393753	0.9191021339603908	0.0074488600256718066	0.0	0.9969279926575948	reverted	reverted	reverted	reverted	inducing	0.9504824162841456	0.0	0.0	0.0	0.0	0.0	0.003072007342405246
AGTATGAAGTAAGGGT-E14S	Tumor	E14S	0	21598.0	0.26700417615665417	0.8156201436578088	0.7560972745056971	0.1156381596948593	0.6718059723987732	0.006226537535590209	0.32196749006563674	0.016947350928942014	0.1434254737207217	0.8396271753503364	0.016947350928942014	0.0	0.9937734624644099	reverted	reverted	reverted	reverted	never_hypoxic	0.4624266963132212	0.0	0.0	0.0	0.0	0.0	0.006226537535590209
TGCTCACCAACGTGAT-E14S	Tumor	E14S	0	15324.0	-0.35872580777236673	0.9353270153706379	0.7576176708361849	0.14259932860487393	0.630876437786795	0.0062441180107046775	0.36287944420250023	0.007975334697704563	0.07881720109801409	0.9132074642042813	0.007975334697704563	0.0	0.9937558819892953	reverted	reverted	reverted	reverted	never_hypoxic	0.9213568536068171	0.0	0.0	0.0	0.0	0.0	0.0062441180107046775
GGCTGTTAGATAGCAA-E14S	Tumor	E14S	0	28547.0	0.37490555774545414	0.7829051083215864	-1.0919689850386267	0.7270572222745163	0.04956094314332598	0.08248512972704758	0.8679539271296263	0.020795221007740082	0.16729192631088524	0.8119128526813748	0.020795221007740082	0.0	0.9175148702729524	reverted	reverted	reverted	reverted	never_hypoxic	0.7952488616907601	0.0	0.0	0.0	0.0	0.0	0.08248512972704759
GCACACTAGGCGAGAC-E14S	Tumor	E14S	0	18523.0	-0.3835433426516295	0.9381115919852675	0.39487389651124705	0.20530865384227312	0.1444550148446561	0.007682661773762963	0.847862323381581	0.00787236077017615	0.07789815461729373	0.9142294846125301	0.00787236077017615	0.0	0.992317338226237	reverted	reverted	reverted	reverted	inducing	0.989897398211932	0.0	0.0	0.0	0.0	0.0	0.007682661773762963
AAACTTGCATTCAGCC-E14S	Tumor	E14S	0	17149.0	0.04447003190865937	0.8708214756945661	-0.1683967202241364	0.3597686314109562	0.04969729959508938	0.022686479667236074	0.9276162207376745	0.011847368517249886	0.10886426483347554	0.8792883666492745	0.011847368517249886	0.0	0.977313520332764	reverted	reverted	reverted	reverted	never_hypoxic	0.9695815646931021	0.0	0.0	0.0	0.0	0.0	0.022686479667236078
TGGGATTCAATGCGTG-E14S	Tumor	E14S	0	11217.0	-0.5920410724919095	0.9574361574074599	0.747822331006079	0.15865764695818316	0.5863126397913315	0.006351812812783933	0.40733554739588457	0.007446597972669525	0.0733855814132691	0.9191678206140614	0.007446597972669525	0.0	0.993648187187216	reverted	reverted	reverted	reverted	never_hypoxic	0.9933046622840223	0.0	0.0	0.0	0.0	0.0	0.006351812812783933
CGATTCCCACAAGCTG-E14S	Tumor	E14S	0	17282.0	1.4743460926432272	0.3102970113132705	-0.3692453778962911	0.3000527982783473	0.03664853189578016	0.03617343516550454	0.9271780329387153	0.2028923417660224	0.6517686951407672	0.14533896309321032	0.2028923417660224	0.0	0.9638265648344955	partial	reverted	partial	reverted	never_hypoxic	0.4585584811122455	0.0	0.0	0.0	0.0	0.0	0.03617343516550454
GCAATTTAGAACGGAT-E14S	Tumor	E14S	0	15993.0	0.0655506788652496	0.8662652465727411	-0.007420950177104091	0.3173001994522591	0.05737431862323507	0.015570368675112389	0.9270553127016525	0.012207105625239594	0.11144190139393272	0.8763509929808276	0.012207105625239594	0.0	0.9844296313248876	reverted	reverted	reverted	reverted	never_hypoxic	0.9702151617736234	0.0	0.0	0.0	0.0	0.0	0.015570368675112389
ACTGGTTGTGCAGCCT-E14S	Tumor	E14S	0	57318.0	0.5982971755551916	0.7026110648716839	0.03126147193746691	0.1613726701552135	0.04668533093606173	0.010807291398650668	0.9425073776652877	0.0334140652193507	0.23667029343900675	0.7299156413416426	0.0334140652193507	0.0	0.9891927086013492	reverted	reverted	reverted	reverted	never_hypoxic	0.6442074118719838	0.0	0.0	0.0	0.0	0.0	0.010807291398650666
GCGCTTGAGTAGTTAC-E14S	Tumor	E14S	0	48203.0	-0.48157691869204067	0.9480501454672597	-0.07580413776365219	0.2597848563958691	0.0459882556328389	0.016203480365991545	0.9378082640011696	0.0075780238472832155	0.0750877159019756	0.9173342602507413	0.0075780238472832155	0.0	0.9837965196340085	reverted	reverted	reverted	reverted	never_hypoxic	0.9930780357427662	0.0	0.0	0.0	0.0	0.0	0.016203480365991545
CACCTAAAGATTCAAC-E14S	Tumor	E14S	0	68130.0	0.06913756453267283	0.8654766080000682	0.11116998610122202	0.1487163095181701	0.05600576679378035	0.009170641543410312	0.9348235916628093	0.012270456622552111	0.11189322399251489	0.875836319384933	0.012270456622552111	0.0	0.9908293584565897	reverted	reverted	reverted	reverted	never_hypoxic	0.7983086089015767	0.0	0.0	0.0	0.0	0.0	0.009170641543410313
CCCGTTATCCGTATAG-E14S	Tumor	E14S	0	41677.0	0.5946593581296548	0.7040480718746535	0.6671335581340789	0.09837665516842235	0.530183388843905	0.007038435214181809	0.4627781759419131	0.03314290353963741	0.23529380509630418	0.7315632913640583	0.03314290353963741	0.0	0.9929615647858182	reverted	reverted	reverted	reverted	never_hypoxic	0.645038479215365	0.0	0.0	0.0	0.0	0.0	0.0070384352141818094
CCATATAGTGGCTTGC-E14S	Tumor	E14S	0	105236.0	-0.4486234999883174	0.9448902769090778	0.11142555050449911	0.15259686679424225	0.0563170448327692	0.00922735426011664	0.9344556009071142	0.007657606752449127	0.07589080456817161	0.9164515886793793	0.007657606752449127	0.0	0.9907726457398834	reverted	reverted	reverted	reverted	never_hypoxic	0.9740881076677453	0.0	0.0	0.0	0.0	0.0	0.00922735426011664
TATCATGGTTGACCAT-E14S	Tumor	E14S	0	104887.0	0.3562386506074216	0.7888514720264567	-0.03476793653819668	0.14630244732103648	0.03973661784072937	0.01221364362567307	0.9480497385335976	0.02004587109707653	0.1627659121764026	0.8171882167265209	0.02004587109707653	0.0	0.987786356374327	reverted	reverted	reverted	reverted	never_hypoxic	0.7118269281903471	0.0	0.0	0.0	0.0	0.0	0.01221364362567307
TGAGTTGTCGCTAGAC-E14S	Tumor	E14S	0	46176.0	1.8345390686048586	0.18533210330085015	-0.26447286593050123	0.19881563290390472	0.03296342790888929	0.02573760088400802	0.9412989712071028	0.31927579047365423	0.647603666912056	0.033120542614289886	0.31927579047365423	0.0	0.9742623991159919	partial	reverted	partial	reverted	never_hypoxic	0.015312878134654389	0.0	0.0	0.0	0.0	0.0	0.025737600884008012
CGAGTGAAGGTTAGCC-E14S	Tumor	E14S	0	95964.0	0.7087549408461145	0.6571567703204149	-0.1276221321977892	0.15612777406983094	0.03489676976874679	0.015942692242582643	0.9491605379886705	0.04297548510869293	0.28264973995449977	0.6743747749368073	0.04297548510869293	0.0	0.9840573077574174	reverted	reverted	reverted	reverted	never_hypoxic	0.06476648772123762	0.0	0.0	0.0	0.0	0.0	0.015942692242582646
CCTGTAAAGGTTGCGT-E14S	Tumor	E14S	0	60773.0	0.027674651027410818	0.8743563009070099	0.2415874531427742	0.14147134904187406	0.08413358842468992	0.007796730634340165	0.9080696809409697	0.011575618098063699	0.10689980155232005	0.8815245803496161	0.011575618098063699	0.0	0.9922032693656598	reverted	reverted	reverted	reverted	never_hypoxic	0.8875334012823319	0.0	0.0	0.0	0.0	0.0	0.007796730634340166
CGTTACCCAAGTGCAT-E14S	Tumor	E14S	0	77816.0	0.9089482784876067	0.5674986439706781	0.0612700670846361	0.12859768604356708	0.047787349083362116	0.009659094969538894	0.9425535559470989	0.06827042829128582	0.3852612072821823	0.5464683644265319	0.06827042829128582	0.0	0.9903409050304611	reverted	reverted	reverted	reverted	never_hypoxic	0.33047228655295874	0.0	0.0	0.0	0.0	0.0	0.009659094969538895
CTCGTAGGTCAACTTA-E14S	Tumor	E14S	0	95461.0	0.3713721814532382	0.7840398876234708	-0.052966264158181786	0.15097362978718665	0.03875022708788007	0.012872558726911522	0.9483772141852084	0.020650438584129533	0.1664217232921918	0.8129278381236786	0.020650438584129533	0.0	0.9871274412730885	reverted	reverted	reverted	reverted	never_hypoxic	0.16741067732927473	0.0	0.0	0.0	0.0	0.0	0.012872558726911522
GGCGGTAGTTCGGCTA-E14S	Tumor	E14S	0	48233.0	1.105187023308996	0.47505650401128957	0.22217544998072225	0.13028033471997746	0.07815630051123498	0.007807571061540635	0.9140361284272244	0.10507196728374725	0.4984226984637717	0.39650533425248097	0.10507196728374725	0.0	0.9921924289384594	partial	reverted	partial	reverted	never_hypoxic	0.10876096382183444	0.0	0.0	0.0	0.0	0.0	0.007807571061540635
TCACACAAGCCTGTAA-E14S	Tumor	E14S	0	44790.0	-0.5311693356810763	0.9524843462795428	-0.16955022030808417	0.2898523937246136	0.043044006852008834	0.021038580703627338	0.9359174124443638	0.007493636729674612	0.07413829541053885	0.9183680678597865	0.007493636729674612	0.0	0.9789614192963727	reverted	reverted	reverted	reverted	never_hypoxic	0.9030165516102007	0.0	0.0	0.0	0.0	0.0	0.02103858070362734
AACATAGAGGTAAGGT-E14S	Tumor	E14S	0	80245.0	0.1081627382422041	0.8566403497010447	-0.20813333768948203	0.21188810023615265	0.03529575101865688	0.021596676044032464	0.9431075729373107	0.01300225514824521	0.11705290627825038	0.8699448385735044	0.01300225514824521	0.0	0.9784033239559676	reverted	reverted	reverted	reverted	never_hypoxic	0.5244925407410005	0.0	0.0	0.0	0.0	0.0	0.021596676044032464
AGAATCAAGTTACGCA-E14S	Tumor	E14S	0	73131.0	-0.4421204107050185	0.9442456706002833	0.620072566599756	0.10027519463840856	0.440968418818016	0.007253922649060851	0.5517776585329232	0.007675582269553575	0.07606592171941608	0.9162584960110304	0.007675582269553575	0.0	0.9927460773509391	reverted	reverted	reverted	reverted	never_hypoxic	0.9347095310153113	0.0	0.0	0.0	0.0	0.0	0.007253922649060851
ACAACCTGTGGGTCCT-E14S	Tumor	E14S	0	80035.0	-0.25902103588394243	0.9229269462506345	0.42648926617878435	0.1079132653399204	0.18259413269663974	0.007218195940926819	0.8101876713624335	0.008517245435483779	0.08343152577106328	0.9080512287934528	0.008517245435483779	0.0	0.9927818040590732	reverted	reverted	reverted	reverted	never_hypoxic	0.9814956496274767	0.0	0.0	0.0	0.0	0.0	0.007218195940926819
ATCACAACAATCGGTG-E14S	Tumor	E14S	0	92934.0	0.08122146809461474	0.862790811305914	0.1000439598458038	0.14038212631740193	0.05375474703290063	0.009204957951589588	0.9370402950155099	0.012488611442361231	0.11344159243049426	0.8740697961271445	0.012488611442361231	0.0	0.9907950420484105	reverted	reverted	reverted	reverted	never_hypoxic	0.7837553367139782	0.0	0.0	0.0	0.0	0.0	0.009204957951589588
GGTAATTTCGCTCACC-E14S	Tumor	E14S	0	46918.0	0.17761867899165873	0.8397233360867226	0.22508632421831842	0.15001813291380145	0.07975586263154673	0.007999573455771907	0.9122445639126814	0.014517665215666335	0.12745007980197287	0.8580322549823607	0.014517665215666335	0.0	0.9920004265442282	reverted	reverted	reverted	reverted	never_hypoxic	0.4594167577553676	0.0	0.0	0.0	0.0	0.0	0.007999573455771907
CCGGTTAGTTCTGGGC-E14S	Tumor	E14S	0	76664.0	-0.3341813392312241	0.9324587404729784	-0.17515536749246371	0.2353516720039286	0.03825039088712158	0.020072144671042645	0.9416774644418358	0.00808920659850277	0.07981321622079746	0.9120975771806998	0.00808920659850277	0.0	0.9799278553289573	reverted	reverted	reverted	reverted	never_hypoxic	0.29146976865524976	0.0	0.0	0.0	0.0	0.0	0.020072144671042645
CGTACAGCAATATCCT-E14S	Tumor	E14S	0	82797.0	-0.04257785249621758	0.8882547159075643	0.015021098279942816	0.16832489232995815	0.04557326096797498	0.011310824245924722	0.9431159147861005	0.01056939687989616	0.09948399349370418	0.8899466096263997	0.01056939687989616	0.0	0.9886891757540752	reverted	reverted	reverted	reverted	never_hypoxic	0.9188840979270377	0.0	0.0	0.0	0.0	0.0	0.01131082424592472
ACAGGTGAGATTCCTC-E14S	Tumor	E14S	0	73547.0	-0.5383973763113008	0.9530998251746065	0.12873389264600485	0.17660752979154842	0.060863635462571224	0.009379591046624544	0.9297567734908042	0.00748481786811318	0.07402537490859287	0.9184898072232939	0.00748481786811318	0.0	0.9906204089533754	reverted	reverted	reverted	reverted	never_hypoxic	0.9957706474564167	0.0	0.0	0.0	0.0	0.0	0.009379591046624544
CGTTGCCTCATGCAGC-E14S	Tumor	E14S	0	108621.0	-0.35352911792745956	0.9347293485570568	-0.4854389832976532	0.3154302733898059	0.0354520364060621	0.050845129046884784	0.9137028345470529	0.00799843160538882	0.07902076836114386	0.9129808000334674	0.00799843160538882	0.0	0.9491548709531152	reverted	reverted	reverted	reverted	never_hypoxic	0.9656542868393173	0.0	0.0	0.0	0.0	0.0	0.0508451290468848
TAACAGCCACCAATCC-E14S	Tumor	E14S	0	81895.0	-0.3252756724748799	0.9313891477100847	-1.0494838284782413	0.49332006090055663	0.03652474750952365	0.14254327985496457	0.8209319726355118	0.008133566598927408	0.08019653895345959	0.911669894447613	0.008133566598927408	0.0	0.8574567201450354	reverted	reverted	reverted	reverted	never_hypoxic	0.18765082888441387	0.0	0.0	0.0	0.0	0.0	0.14254327985496457
CAGGATTCATGGTGTG-E14S	Tumor	E14S	0	70299.0	0.04977054211467212	0.8696884545610215	0.3848744642801851	0.11085664431794466	0.15084701149836202	0.007203534758387898	0.84194945374325	0.01193582980653646	0.10950049259694207	0.8785636775965214	0.01193582980653646	0.0	0.9927964652416121	reverted	reverted	reverted	reverted	never_hypoxic	0.9260945662436377	0.0	0.0	0.0	0.0	0.0	0.007203534758387899
TCGAGGTTCGCGCACA-E14S	Tumor	E14S	0	73907.0	0.5639809827667528	0.7160045754160501	0.2803419787481491	0.1104754758466119	0.09682453997803385	0.0073578801814601705	0.8958175798405059	0.030955916684027644	0.2240293536199878	0.7450147296959846	0.030955916684027644	0.0	0.9926421198185398	reverted	reverted	reverted	reverted	never_hypoxic	0.3254370602193498	0.0	0.0	0.0	0.0	0.0	0.0073578801814601705
ACACATTAGGCGATAG-E14S	Tumor	E14S	0	69452.0	0.1018707264724657	0.8580969966276669	0.19031901087522698	0.13428689123507484	0.07024722235142167	0.00809109401709725	0.921661683631481	0.01287882959660497	0.11618941343236776	0.8709317569710273	0.01287882959660497	0.0	0.9919089059829027	reverted	reverted	reverted	reverted	never_hypoxic	0.9211340595607274	0.0	0.0	0.0	0.0	0.0	0.00809109401709725
CGTATTAGTTGGTTCG-E14S	Tumor	E14S	0	30129.0	2.0423237459659043	0.13307966489669806	0.18892954279337856	0.13730791055777605	0.07008038485392715	0.008138141637356145	0.9217814735087169	0.3951289750471665	0.593178913195379	0.011692111757454505	0.3951289750471665	0.0	0.991861858362644	partial	reverted	partial	reverted	never_hypoxic	0.04631660023294199	0.0	0.0	0.0	0.0	0.0	0.008138141637356145
ATGGATGGTAACGAGC-E14S	Tumor	E14S	0	41805.0	-0.34653956614890413	0.9339173827452841	0.3957743259413352	0.15327038805878374	0.1519151965365881	0.007342209213477171	0.8407425942499347	0.008030349662002651	0.0793007312596819	0.9126689190783155	0.008030349662002651	0.0	0.9926577907865228	reverted	reverted	reverted	reverted	never_hypoxic	0.9822709205089879	0.0	0.0	0.0	0.0	0.0	0.007342209213477171
AACAGGTAGATAGATG-E14S	Tumor	E14S	0	46620.0	0.3032933807458289	0.8050638762519576	0.2560247852178211	0.13688864039978366	0.0885031897905894	0.0076695119504270525	0.9038272982589836	0.018116963401601065	0.15085089884386405	0.8310321377545349	0.018116963401601065	0.0	0.9923304880495729	reverted	reverted	reverted	reverted	never_hypoxic	0.870204688311741	0.0	0.0	0.0	0.0	0.0	0.0076695119504270525
ACGTTAGTCGTGCCAG-E14S	Tumor	E14S	0	38482.0	0.1418283488653789	0.8486340368870855	-0.40527232256326473	0.3190118743169875	0.037052678777798775	0.03987785023831186	0.9230694709838895	0.013700505537582036	0.1218892319691806	0.8644102624932375	0.013700505537582036	0.0	0.9601221497616881	reverted	reverted	reverted	reverted	never_hypoxic	0.8811946180547863	0.0	0.0	0.0	0.0	0.0	0.039877850238311856
CCAGTTGGTTTCCTCA-E14S	Tumor	E14S	0	75305.0	-0.01816685827677522	0.8835846591803458	0.12470481363940174	0.14929955135779036	0.05821605909693025	0.008994640547563135	0.9327893003555066	0.01089638841788001	0.1019198723876462	0.8871837391944739	0.01089638841788001	0.0	0.9910053594524368	reverted	reverted	reverted	reverted	never_hypoxic	0.771024396634019	0.0	0.0	0.0	0.0	0.0	0.008994640547563135
CAAGGAACAAGTTACA-E14S	Tumor	E14S	0	39701.0	0.8270080974291687	0.6051040507083622	-0.21954390643201135	0.2350728854579651	0.03648031166878183	0.022780533811821102	0.940739154519397	0.05652546017211846	0.3406125451162684	0.6028619947116131	0.05652546017211846	0.0	0.9772194661881789	reverted	reverted	reverted	reverted	never_hypoxic	0.5006249232123312	0.0	0.0	0.0	0.0	0.0	0.022780533811821102
ATAGGCGAGTTACGAT-E14S	Tumor	E14S	0	40351.0	1.1777912646086517	0.44094992138262595	0.3220433804066532	0.12155314266969641	0.11448902585204239	0.00731146195705796	0.8781995121908998	0.12174049180471017	0.5383701016715847	0.33988940652370514	0.12174049180471017	0.0	0.9926885380429421	partial	reverted	partial	reverted	never_hypoxic	0.18462635929788337	0.0	0.0	0.0	0.0	0.0	0.00731146195705796
TGATCCTTCACCATGA-E14S	Tumor	E14S	0	33553.0	0.9746054539973058	0.5367719587466505	0.2671628126167066	0.13087648234223806	0.09213096533589077	0.007561126614250602	0.9003079080498585	0.07920182850331556	0.4228176538806709	0.49798051761601353	0.07920182850331556	0.0	0.9924388733857494	reverted	reverted	reverted	reverted	never_hypoxic	0.12826426121448775	0.0	0.0	0.0	0.0	0.0	0.007561126614250604
CTACTTGCATCCTAAT-E14S	Tumor	E14S	0	27613.0	-0.5397924172042772	0.9532177392471236	0.4172525529041341	0.16450399631231744	0.163749300984854	0.007358261360843847	0.8288924376543023	0.007483216715503693	0.07400431755890059	0.9185124657255956	0.007483216715503693	0.0	0.9926417386391561	reverted	reverted	reverted	reverted	never_hypoxic	0.992292909141627	0.0	0.0	0.0	0.0	0.0	0.007358261360843845
ACTAATGCAACATGAC-E14S	Tumor	E14S	0	40727.0	0.48507771873346145	0.7453766569313962	-0.03126891358928949	0.19183132048512752	0.04336379017572535	0.01304818959386393	0.9435880202304106	0.02608249773016713	0.19780077200654259	0.7761167302632903	0.02608249773016713	0.0	0.9869518104061361	reverted	reverted	reverted	reverted	never_hypoxic	0.746318520314697	0.0	0.0	0.0	0.0	0.0	0.013048189593863934
GTCTAAGTCAGGAACG-E14S	Tumor	E14S	0	23006.0	-0.14773032724934942	0.9065403824443395	0.5235203911823464	0.15013636398321678	0.2609497983314386	0.007238772242067189	0.7318114294264941	0.009400454405645964	0.09053313475071517	0.9000664108436388	0.009400454405645964	0.0	0.9927612277579329	reverted	reverted	reverted	reverted	never_hypoxic	0.8375823681715787	0.0	0.0	0.0	0.0	0.0	0.00723877224206719
ATGGGTTCATGGTAGT-E14S	Tumor	E14S	0	104672.0	0.0619688647951924	0.8670488652096534	-0.5293225833196797	0.28651882088361563	0.03386986808709371	0.06152086047317047	0.9046092714397358	0.012144475060321187	0.11099495416342249	0.8768605707762563	0.012144475060321187	0.0	0.9384791395268295	reverted	reverted	reverted	reverted	never_hypoxic	0.32422964754894584	0.0	0.0	0.0	0.0	0.0	0.06152086047317047
TCCATTATCGTACTAG-E14S	Tumor	E14S	0	32180.0	0.3969745456422071	0.7757201120332969	-0.9763493996729494	0.7451641814865363	0.05365111509866066	0.06982871667937815	0.8765201682219612	0.021731728709184134	0.1728727680974466	0.8053955031933693	0.021731728709184134	0.0	0.9301712833206219	reverted	reverted	reverted	reverted	never_hypoxic	0.9425401646507737	0.0	0.0	0.0	0.0	0.0	0.06982871667937815
CGGTGAGGTTCGTTAA-E14S	Tumor	E14S	0	33839.0	0.5227820481232077	0.7315938665201361	0.5057959568749816	0.11317692125711447	0.26044638013691296	0.0072908669039920045	0.732262752959095	0.028283859764258117	0.20985180485505656	0.7618643353806853	0.028283859764258117	0.0	0.9927091330960081	reverted	reverted	reverted	reverted	never_hypoxic	0.8116072166848793	0.0	0.0	0.0	0.0	0.0	0.0072908669039920045
AACAGCTCATTAATCC-E14S	Tumor	E14S	0	24899.0	-0.6143725317780826	0.9591260969580914	0.7244979709049598	0.14207467905693058	0.5736358624307091	0.006544970755011245	0.41981916681427967	0.007444745314251543	0.07322105245270129	0.9193342022330472	0.007444745314251543	0.0	0.9934550292449887	reverted	reverted	reverted	reverted	inducing	0.9994708004140609	0.0	0.0	0.0	0.0	0.0	0.006544970755011245
CCACCTCAGAAGGATC-E14S	Tumor	E14S	0	37973.0	1.2865057571186667	0.39099759590699434	0.20477768831641197	0.1348772335411425	0.07377345912284221	0.007980761690558434	0.9182457791865996	0.14937045079895167	0.5911583654030469	0.25947118379800144	0.14937045079895167	0.0	0.9920192383094415	partial	reverted	partial	reverted	never_hypoxic	0.22435102014378314	0.0	0.0	0.0	0.0	0.0	0.007980761690558433
GTGAATCCATCCCTGG-E14S	Tumor	E14S	0	37205.0	0.4529348452392442	0.7567522866546935	0.491165962836419	0.12158844518313183	0.2400026354068426	0.007267460950390897	0.7527299036427666	0.024373988392348545	0.1881972431666566	0.7874287684409947	0.024373988392348545	0.0	0.992732539049609	reverted	reverted	reverted	reverted	never_hypoxic	0.3295144329296164	0.0	0.0	0.0	0.0	0.0	0.007267460950390895
TGTGCCAGTGCGGACA-E14S	Tumor	E14S	0	38108.0	-0.014873852925678182	0.8829418609385261	0.32497272913496555	0.1552694822073531	0.11462788867895728	0.0075285892423480666	0.8778435220786946	0.010942280275050675	0.10225965327347804	0.8867980664514713	0.010942280275050675	0.0	0.9924714107576519	reverted	reverted	reverted	reverted	never_hypoxic	0.1277029154265575	0.0	0.0	0.0	0.0	0.0	0.0075285892423480666
TACCTCCGTTAGCAAG-E14S	Tumor	E14S	0	24677.0	0.8671854364403592	0.5867912706721994	0.7254401955883889	0.10358632180085184	0.6337988677687489	0.006549177694582189	0.3596519545366689	0.06202806960527293	0.36212121220341936	0.5758507181913076	0.06202806960527293	0.0	0.9934508223054177	reverted	reverted	reverted	reverted	never_hypoxic	0.5667700904593578	0.0	0.0	0.0	0.0	0.0	0.0065491776945821875
TCGTACTTCCAATTCC-E14S	Tumor	E14S	0	31661.0	0.023664897440952806	0.8751878690405916	-0.03288162424685401	0.224746750039326	0.04604143265425652	0.013873085608277136	0.9400854817374663	0.011512619926885525	0.1064421919345076	0.882045188138607	0.011512619926885525	0.0	0.9861269143917228	reverted	reverted	reverted	reverted	inducing	0.7183303559373	0.0	0.0	0.0	0.0	0.0	0.013873085608277136
GTACGATCAGGATCTG-E14S	Tumor	E14S	0	19684.0	-0.2056927537550156	0.9154318200649438	0.44334446008329564	0.1752078594507169	0.17924727348016964	0.007359312033957673	0.8133934144858727	0.00890019112336896	0.08655731451833594	0.9045424943582951	0.00890019112336896	0.0	0.9926406879660423	reverted	reverted	reverted	reverted	never_hypoxic	0.9742194620981544	0.0	0.0	0.0	0.0	0.0	0.007359312033957673
TAGGCCACATAGGGCC-E14S	Tumor	E14S	0	35179.0	0.09294442997302405	0.8601422838912116	0.5675251634136136	0.113462201404254	0.3428266636994305	0.007300069487628737	0.6498732668129408	0.012707390649269307	0.11498555933508559	0.8723070500156451	0.012707390649269307	0.0	0.9926999305123713	reverted	reverted	reverted	reverted	never_hypoxic	0.9055884666911441	0.0	0.0	0.0	0.0	0.0	0.007300069487628737
ACTGCTGGTGATTAGG-E14S	Tumor	E14S	0	28416.0	2.0328119798321844	0.1351709089853438	0.22635525584451055	0.1322170599981277	0.07939336667264431	0.007799481278723624	0.912807152048632	0.39149194747933563	0.5962114588887991	0.012296593631865204	0.39149194747933563	0.0	0.9922005187212763	partial	reverted	partial	reverted	never_hypoxic	0.0020353798166604428	0.0	0.0	0.0	0.0	0.0	0.007799481278723624
TCATGGATCACCTCGC-E14S	Tumor	E14S	0	20284.0	0.5209982109402754	0.7322564845467517	0.9932217146457423	0.09506061443237265	0.9545879542485407	0.002909233446085635	0.042502812305373706	0.028174636264671427	0.20926203847729472	0.7625633252580338	0.028174636264671427	0.0	0.9970907665539144	reverted	reverted	reverted	reverted	never_hypoxic	0.14910749045387467	0.0	0.0	0.0	0.0	0.0	0.002909233446085635
TGAGAACAGCGGATAG-E14S	Tumor	E14S	0	36966.0	0.014873852925678225	0.8769945052723589	0.3273423873258691	0.15390166590978024	0.11572167661151049	0.007509943134167199	0.8767683802543222	0.011376974642492954	0.10545399963347508	0.8831690257240319	0.011376974642492954	0.0	0.9924900568658328	reverted	reverted	reverted	reverted	never_hypoxic	0.9578801327560442	0.0	0.0	0.0	0.0	0.0	0.0075099431341672
TAGGGTAGTTGGAGAC-E14S	Tumor	E14S	0	34979.0	0.24858118532538773	0.8208075334698052	0.20035503627879242	0.16690625018362615	0.07437092029894352	0.00841485541870986	0.9172142242823466	0.016396637673775964	0.139872395580344	0.8437309667458801	0.016396637673775964	0.0	0.9915851445812901	reverted	reverted	reverted	reverted	never_hypoxic	0.12979032407364635	0.0	0.0	0.0	0.0	0.0	0.00841485541870986
TCTATGAGTTTGGAGA-E14S	Tumor	E14S	0	32840.0	0.36006987783859273	0.7876408303502045	-1.0850198190310978	0.798764528038828	0.05494115606424945	0.07306521554888848	0.871993628386862	0.02019657352277689	0.1636805818426585	0.8161228446345645	0.02019657352277689	0.0	0.9269347844511115	reverted	reverted	reverted	reverted	never_hypoxic	0.9611893620346295	0.0	0.0	0.0	0.0	0.0	0.07306521554888849
CGCCCATTCCCAGTAA-E14S	Tumor	E14S	0	24346.0	0.08719435996370059	0.8614466868946096	-0.3122832265888643	0.36419961114478383	0.04320839479919817	0.03121073607322666	0.9255808691275752	0.012599187656215661	0.11422303996221249	0.8731777723815719	0.012599187656215661	0.0	0.9687892639267733	reverted	reverted	reverted	reverted	never_hypoxic	0.1694647359942671	0.0	0.0	0.0	0.0	0.0	0.03121073607322666
AAACGTAAGCGAGTCT-E14S	Tumor	E14S	0	17680.0	0.1579088991788286	0.8446818709998656	0.6223644125013729	0.1285440614618585	0.4148995062712333	0.007148215082257118	0.5779522786465096	0.01405768652112633	0.1243325559847084	0.8616097574941652	0.01405768652112633	0.0	0.9928517849177428	reverted	reverted	reverted	reverted	never_hypoxic	0.3951987877628729	0.0	0.0	0.0	0.0	0.0	0.007148215082257118
GGAAGTTAGGTCAATT-E14S	Tumor	E14S	0	16678.0	-0.7516421923590003	0.9681824675721747	0.39015580382084414	0.23017356274440962	0.13957234788373368	0.007940862477969188	0.8524867896382973	0.007616402284123754	0.07350725545246062	0.9188763422634155	0.007616402284123754	0.0	0.9920591375220309	reverted	reverted	reverted	reverted	never_hypoxic	0.9977462739502464	0.0	0.0	0.0	0.0	0.0	0.007940862477969188
CCCGACAAGTTGCGCG-E14S	Tumor	E14S	0	15249.0	-0.2871864073272167	0.9266353350707612	0.3993160318368896	0.19719017139327885	0.1477977214040255	0.007600942110282269	0.8446013364856924	0.008342275165834755	0.08197195606948805	0.9096857687646771	0.008342275165834755	0.0	0.9923990578897178	reverted	reverted	reverted	reverted	never_hypoxic	0.981445062760755	0.0	0.0	0.0	0.0	0.0	0.007600942110282269
AGCGCACCATGCTGTC-E14S	Tumor	E14S	0	20434.0	0.25111394597233533	0.8201012021733298	-0.9528162794531388	0.7312949093783309	0.05320641762040931	0.06922389531083782	0.8775696870687528	0.016470708637986477	0.1403524855573464	0.8431768058046671	0.016470708637986477	0.0	0.9307761046891622	reverted	reverted	reverted	reverted	never_hypoxic	0.9890430459444264	0.0	0.0	0.0	0.0	0.0	0.06922389531083782
TGCCATTTCGATCGCG-E14S	Tumor	E14S	0	21824.0	1.0965657063309353	0.479128282351468	-1.0392359881931739	0.6957197683322206	0.04850680895468909	0.08157534767476231	0.8699178433705487	0.10319732310657345	0.493520192238355	0.40328248465507155	0.10319732310657345	0.0	0.9184246523252377	partial	reverted	partial	reverted	never_hypoxic	0.7768938611939146	0.0	0.0	0.0	0.0	0.0	0.08157534767476231
GTGCGGTCAATGCCTC-E14S	Tumor	E14S	0	21131.0	1.383546413223194	0.348228874301342	-0.2553380112538718	0.26689616075399	0.0375351492033445	0.025836140879143106	0.9366287099175123	0.17625846062516495	0.627965469447183	0.19577606992765204	0.17625846062516495	0.0	0.9741638591208569	partial	reverted	partial	reverted	never_hypoxic	0.42011199208959665	0.0	0.0	0.0	0.0	0.0	0.02583614087914311
CGTGGATTCCTCATAC-E14S	Tumor	E14S	0	11163.0	-0.3302947127469572	0.9319938622040796	0.5419341374807275	0.18842646228544357	0.2577767998164814	0.007224159866392118	0.7349990403171264	0.008108364126241007	0.07997905308958962	0.9119125827841694	0.008108364126241007	0.0	0.9927758401336079	reverted	reverted	reverted	reverted	never_hypoxic	0.6426838070898144	0.0	0.0	0.0	0.0	0.0	0.007224159866392119
GTAGTGAGTGATAGAT-E14S	Tumor	E14S	0	19191.0	0.7979533445126482	0.6181688585578234	-1.0742591150760838	0.703211004973636	0.04826256036973877	0.08424058031407859	0.8674968593161826	0.052841644361047144	0.32559121943928515	0.6215671361996677	0.052841644361047144	0.0	0.9157594196859214	reverted	reverted	reverted	reverted	never_hypoxic	0.47400261880689554	0.0	0.0	0.0	0.0	0.0	0.0842405803140786
AGTTAGAAGCCACATA-E14S	Tumor	E14S	0	14633.0	0.24921295417618425	0.8206315501943742	-0.7300446563703691	0.7007284197255995	0.057183333899977574	0.05483218725266362	0.8879844788473589	0.01641506568415739	0.13999190124693228	0.8435930330689103	0.01641506568415739	0.0	0.9451678127473364	reverted	reverted	reverted	reverted	never_hypoxic	0.9545817019178996	0.0	0.0	0.0	0.0	0.0	0.05483218725266362
CCGAATGCAAACTACA-E14S	Tumor	E14S	0	5559.0	-1.6917534249012043	0.9944873206471625	1.0495395959256792	0.15733379155490118	0.9410673771685714	0.002792853828364385	0.05613976900306428	0.02614350545078053	0.16318579050854656	0.8106707040406729	0.02614350545078053	0.0	0.9972071461716356	reverted	reverted	reverted	reverted	never_hypoxic	0.9999999554730854	0.0	0.0	0.0	0.0	0.0	0.002792853828364385
TCCCCTGGTATAGCTC-E14S	Tumor	E14S	0	5445.0	-0.426121109400103	0.9426294527259254	1.1106614648039574	0.12445270424632988	0.9789755449276263	0.001947661180219068	0.019076793892154893	0.007723048639908305	0.0765204862054246	0.9157564651546671	0.007723048639908305	0.0	0.998052338819781	reverted	reverted	reverted	reverted	inducing	0.9996302260549426	0.0	0.0	0.0	0.0	0.0	0.0019476611802190676
AGGAATGCATCACTTG-E14S	Tumor	E14S	0	9324.0	2.1334971748087304	0.11439594633987923	0.4863656909794669	0.14513084080742467	0.2249998183824546	0.007254958716476855	0.7677452229010684	0.4308032738027632	0.5620784053423233	0.00711832085491339	0.4308032738027632	0.0	0.9927450412835231	partial	reverted	partial	reverted	never_hypoxic	0.0027111226042538946	0.0	0.0	0.0	0.0	0.0	0.007254958716476856
CTTCAGCCATAATTCC-E14S	Tumor	E14S	0	10161.0	-1.4219003654052418	0.9908454152036003	0.36842147871942965	0.27371324783030215	0.12791414262296102	0.008625637631509838	0.8634602197455292	0.01533636613792766	0.11458537771319903	0.8700782561488735	0.01533636613792766	0.0	0.9913743623684901	reverted	reverted	reverted	reverted	never_hypoxic	0.9999975209661934	0.0	0.0	0.0	0.0	0.0	0.008625637631509836
GGGGTATGTCAACTCG-E14S	Tumor	E14S	0	11684.0	0.2392103852336949	0.8234019950933225	-0.9263876966071586	0.819884788643998	0.06071747194400143	0.06075369442787028	0.8785288336281283	0.016127020713960206	0.1381189817400244	0.8457539975460154	0.016127020713960206	0.0	0.9392463055721297	reverted	reverted	reverted	reverted	never_hypoxic	0.9984363924814992	0.0	0.0	0.0	0.0	0.0	0.06075369442787028
CGAGGATGTGACGAAC-E14S	Tumor	E14S	0	11544.0	0.9258264413934951	0.5596397102746368	-0.037191024146520896	0.28699247116890664	0.051613014011453254	0.015628026260948568	0.9327589597275983	0.07094860218408544	0.39480093244394554	0.534250465371969	0.07094860218408544	0.0	0.9843719737390515	reverted	reverted	reverted	reverted	never_hypoxic	0.19319298371568594	0.0	0.0	0.0	0.0	0.0	0.015628026260948568
CCCATCTGTAGCTGGG-E14S	Tumor	E14S	0	9416.0	-1.7359571836489243	0.9949276258163721	-0.9220196817071739	0.8738664549241892	0.06495699267332002	0.057654913680327546	0.8773880936463525	0.028847939256238457	0.17410776371766945	0.7970442970260921	0.028847939256238457	0.0	0.9423450863196725	reverted	reverted	reverted	reverted	inducing	0.9999921217899995	0.0	0.0	0.0	0.0	0.0	0.057654913680327546
AACTCTTCATGATAGC-E14S	Tumor	E14S	0	9674.0	-0.7849803554989951	0.9700703018324962	-0.020181149157613154	0.37264689513973326	0.06203586244976598	0.017491780199147388	0.9204723573510867	0.007707173825454021	0.07391547211748942	0.9183773540570566	0.007707173825454021	0.0	0.9825082198008527	reverted	reverted	reverted	reverted	inducing	0.9999659053261015	0.0	0.0	0.0	0.0	0.0	0.017491780199147388
GGCAACTTCCATCGCC-E14S	Tumor	E14S	0	9304.0	0.2683034716047512	0.8152499475080159	-0.7950708828416608	0.8158912047757014	0.06437166974344016	0.05375098248733163	0.8818773477692283	0.016987250955472356	0.1436814491136226	0.839331299930905	0.016987250955472356	0.0	0.9462490175126683	reverted	reverted	reverted	reverted	never_hypoxic	0.997681997538117	0.0	0.0	0.0	0.0	0.0	0.053750982487331615
CGGGTCATCACAGCAC-E14S	Tumor	E14S	0	10762.0	0.3715747741339017	0.7839749392541809	-1.0348787409496776	0.8381091283032729	0.05913728040045031	0.06612804065373354	0.8747346789458161	0.02065870233158554	0.16647144632116523	0.8128698513472492	0.02065870233158554	0.0	0.9338719593462664	reverted	reverted	reverted	reverted	inducing	0.9206269949596784	0.0	0.0	0.0	0.0	0.0	0.06612804065373354
ACGTTCAAGTTACCTC-E14S	Tumor	E14S	0	6418.0	-1.7605509027851611	0.9951572626899324	0.8882770952344722	0.20393374330245218	0.7181293589350393	0.0051166894726222545	0.27675395159233857	0.030506729382386223	0.18061143287538753	0.7888818377422262	0.030506729382386223	0.0	0.9948833105273778	reverted	reverted	reverted	reverted	inducing	0.9999825594971874	0.0	0.0	0.0	0.0	0.0	0.0051166894726222545
GGGATATAGTGATTAC-E14S	Tumor	E14S	0	9040.0	-1.602912182686227	0.9934841898631431	0.23667140991629704	0.3456271382795147	0.09446140999206601	0.011392463189974748	0.8941461268179592	0.021638708836554214	0.1440027532542776	0.8343585379091683	0.021638708836554214	0.0	0.9886075368100252	reverted	reverted	reverted	reverted	never_hypoxic	0.9999998227500394	0.0	0.0	0.0	0.0	0.0	0.011392463189974748
AGAGTCCTCTTGAGGC-E14S	Tumor	E14S	0	8853.0	-0.5364348575639429	0.9529334672970352	0.397566807809808	0.253052360875225	0.14085066395955662	0.00815946815860728	0.8509898678818361	0.007487125580457793	0.07405540118441768	0.9184574732351245	0.007487125580457793	0.0	0.9918405318413928	reverted	reverted	reverted	reverted	inducing	0.9987989402573095	0.0	0.0	0.0	0.0	0.0	0.008159468158607281
TAACACTAGCAAGCGA-E14S	Tumor	E14S	0	9174.0	-0.9300459060949005	0.9770932048258116	-1.0004725646844717	0.7874032290283302	0.056220312156214126	0.06787097693759009	0.8759087109061958	0.008350336846063334	0.07730738250739375	0.9143422806465428	0.008350336846063334	0.0	0.93212902306241	reverted	reverted	reverted	reverted	never_hypoxic	0.9999958125044507	0.0	0.0	0.0	0.0	0.0	0.06787097693759009
GTTCACCCAGTTGGGC-E14S	Tumor	E14S	0	8536.0	2.2494412851657253	0.09396937804587874	0.16805944865310699	0.21276948289839223	0.07069623612477118	0.009505304271350039	0.9197984596038787	0.47817518200556425	0.5181643918066489	0.003660426187786816	0.47817518200556425	0.0	0.99049469572865	partial	reverted	partial	reverted	never_hypoxic	0.013466341006215505	0.0	0.0	0.0	0.0	0.0	0.00950530427135004
GGTGACTTCACATAGT-E14S	Tumor	E14S	0	9187.0	-1.146621949324627	0.9846800342358502	0.32835296945182046	0.2914664024231101	0.11438316331330811	0.009235971678310924	0.8763808650083809	0.01025188758441751	0.08793349854100609	0.9018146138745764	0.01025188758441751	0.0	0.9907640283216891	reverted	reverted	reverted	reverted	never_hypoxic	0.9999948081559519	0.0	0.0	0.0	0.0	0.0	0.009235971678310926
GTTATCAGTAGTAGTG-E14S	Tumor	E14S	0	8408.0	-1.2740987218755315	0.9879252760994023	-0.05353959738680303	0.43801642698273513	0.06604352204949195	0.020326795089272074	0.913629682861236	0.012119940304536888	0.09807702905886755	0.8898030306365957	0.012119940304536888	0.0	0.979673204910728	reverted	reverted	reverted	reverted	never_hypoxic	0.9999833299560323	0.0	0.0	0.0	0.0	0.0	0.020326795089272074
TGCTACCCAATGCCTC-E14S	Tumor	E14S	0	9564.0	3.427196690829392	0.011032956573292414	-1.2978077482355677	0.7312705175089532	0.04567340981706868	0.10580746673995119	0.8485191234429802	0.9060779549398409	0.09392158435331886	4.607068403348961e-07	0.9060779549398409	0.0	0.8941925332600489	persistent	reverted	persistent	reverted	never_hypoxic	0.0013477591491698486	0.0	0.0	0.0	0.0	0.0	0.10580746673995119
ATTACGTAGCATCTAG-E14S	Tumor	E14S	0	8412.0	-0.6508335488391668	0.961748014517681	0.6120916530118562	0.2026780776614569	0.3234048592703788	0.007062378738720076	0.6695327619909011	0.007459453772053075	0.07307964630497074	0.9194608999229761	0.007459453772053075	0.0	0.9929376212612799	reverted	reverted	reverted	reverted	never_hypoxic	0.9997343880027657	0.0	0.0	0.0	0.0	0.0	0.007062378738720076
GCTAAACCAATACAGC-E14S	Tumor	E14S	0	8399.0	-1.3063631930382014	0.9886326124920374	-0.3952066816580747	0.6481595398169301	0.06562825113003834	0.03732605590733381	0.8970456929626278	0.012711744776857053	0.10120350753672872	0.8860847476864142	0.012711744776857053	0.0	0.9626739440926662	reverted	reverted	reverted	reverted	never_hypoxic	0.9999985022658401	0.0	0.0	0.0	0.0	0.0	0.03732605590733381
ATGTCAACATTAGACA-E14S	Tumor	E14S	0	8072.0	-1.1007997137180945	0.9833148680656889	-0.07515175670601237	0.38527164323874513	0.0587141921140292	0.01960935816784024	0.9216764497181305	0.009734091122127336	0.0850532777746736	0.905212631103199	0.009734091122127336	0.0	0.9803906418321597	reverted	reverted	reverted	reverted	never_hypoxic	0.999996325115493	0.0	0.0	0.0	0.0	0.0	0.019609358167840242
CTTGCATTCGCGTCTC-E14S	Tumor	E14S	0	7950.0	2.9250249507255353	0.02805624425004701	0.4026775968984292	0.13675978853464218	0.15900099556216485	0.0072703162830482304	0.8337286881547871	0.7619111428923026	0.23805387303083017	3.4984076867203834e-05	0.7619111428923026	0.0	0.9927296837169517	persistent	reverted	persistent	reverted	never_hypoxic	0.005429724725393105	0.0	0.0	0.0	0.0	0.0	0.007270316283048229
GCACGAGGTCTTGACG-E14S	Tumor	E14S	0	8611.0	-1.2208028868706482	0.9866604889690317	-0.10499806800154526	0.45968280657957983	0.0642415711644567	0.02261805680886686	0.9131403720266765	0.01125441480983747	0.09342859275435289	0.8953169924358095	0.01125441480983747	0.0	0.9773819431911333	reverted	reverted	reverted	reverted	never_hypoxic	0.9999953787503348	0.0	0.0	0.0	0.0	0.0	0.02261805680886686
CTTCACTAGCGGAGTA-E14S	Tumor	E14S	0	5985.0	0.3759069904994355	0.7825827054676529	0.8883913376848145	0.13425901396609866	0.8390891796462195	0.004581293111579237	0.15632952724220137	0.020836509532236543	0.16753971804892334	0.8116237724188401	0.020836509532236543	0.0	0.9954187068884207	reverted	reverted	reverted	reverted	never_hypoxic	0.21887417023316616	0.0	0.0	0.0	0.0	0.0	0.0045812931115792365
GCCGAGTCACCTTGCG-E14S	Tumor	E14S	0	5713.0	-0.9416075384655123	0.9775780199630015	0.1322617405043176	0.3366377199814476	0.07591121850279157	0.012861905072330237	0.9112268764248782	0.008420607758412553	0.0776964649623378	0.9138829272792497	0.008420607758412553	0.0	0.9871380949276698	reverted	reverted	reverted	reverted	inducing	0.9999759587753424	0.0	0.0	0.0	0.0	0.0	0.012861905072330237
GGTTAGCTCGCTTCCA-E14S	Tumor	E14S	0	5643.0	-0.3975450910693585	0.9396328116859314	0.4717170278497351	0.23860179802375592	0.18177861316395597	0.007655572520693707	0.8105658143153505	0.007819507209676268	0.07741774424968255	0.9147627485406413	0.007819507209676268	0.0	0.9923444274793064	reverted	reverted	reverted	reverted	inducing	0.9941459889952469	0.0	0.0	0.0	0.0	0.0	0.007655572520693707
GGGCAATGTGAGCATA-E14S	Tumor	E14S	0	7421.0	-1.5305769148251827	0.9925350599578412	0.2901370993035843	0.3236654680853619	0.10492490733321148	0.010235583412365273	0.8848395092544232	0.018726609117887753	0.13083350375318994	0.8504398871289224	0.018726609117887753	0.0	0.9897644165876347	reverted	reverted	reverted	reverted	never_hypoxic	0.9999988818325238	0.0	0.0	0.0	0.0	0.0	0.010235583412365273
ATTGAGGGTAACGAGC-E14S	Tumor	E14S	0	8177.0	2.690918804152562	0.04302943585640509	-0.7880546859019364	0.5817581456210942	0.04617515279432447	0.06829119125396846	0.8855336559517071	0.6682983174250847	0.33149748860961886	0.00020419396529635977	0.6682983174250847	0.0	0.9317088087460316	persistent	reverted	persistent	reverted	never_hypoxic	0.07717738442455618	0.0	0.0	0.0	0.0	0.0	0.06829119125396846
GTTACCAAGGTGCGTT-E14S	Tumor	E14S	0	7025.0	-1.2851610929513646	0.9881725646380661	-0.7700623701570432	0.8750127390241628	0.06977213127470171	0.05063003050889282	0.8795978382164055	0.01231675007187254	0.09912141728433944	0.8885618326437882	0.01231675007187254	0.0	0.9493699694911072	reverted	reverted	reverted	reverted	never_hypoxic	0.9998655326018254	0.0	0.0	0.0	0.0	0.0	0.05063003050889282
TGCTTAGAGATAGGTA-E14S	Tumor	E14S	0	7695.0	0.06823083880805404	0.8656763374411585	-0.19951380051183518	0.40117257258101297	0.051994257425154455	0.02512459094654977	0.9228811516282958	0.012254382147885805	0.1117787794245642	0.87596683842755	0.012254382147885805	0.0	0.9748754090534503	reverted	reverted	reverted	reverted	never_hypoxic	0.9998022642139572	0.0	0.0	0.0	0.0	0.0	0.025124590946549775
ATCAAGGGTCAAGTAG-E14S	Tumor	E14S	0	7793.0	0.3225843781604473	0.7992685254136465	-0.1756990960913211	0.4639314562235432	0.0597949138359216	0.025432626046187987	0.9147724601178904	0.018787672757484157	0.155038852092932	0.8261734751495841	0.018787672757484157	0.0	0.974567373953812	reverted	reverted	reverted	reverted	never_hypoxic	0.99362831481802	0.0	0.0	0.0	0.0	0.0	0.025432626046187987
AGCCTGACATCCCTAA-E14S	Tumor	E14S	0	6256.0	-0.9417763005680106	0.9775850219216434	0.2350639282363908	0.31664363803384216	0.09210199597069964	0.010759849903126938	0.8971381541261734	0.0084216561069852	0.07770228067767702	0.9138760632153379	0.0084216561069852	0.0	0.989240150096873	reverted	reverted	reverted	reverted	never_hypoxic	0.9999944350069542	0.0	0.0	0.0	0.0	0.0	0.010759849903126938
CACTTCACACCTCGAT-E14S	Tumor	E14S	0	7068.0	-0.46464777211799396	0.9464488183468909	0.021769045320781638	0.333684435277908	0.06198022746426908	0.015228629005647705	0.9227911435300833	0.007616523553306575	0.07548281390952079	0.9169006625371726	0.007616523553306575	0.0	0.9847713709943522	reverted	reverted	reverted	reverted	never_hypoxic	0.9562040676772326	0.0	0.0	0.0	0.0	0.0	0.015228629005647702
ATCCACGGTAATCCGT-E14S	Tumor	E14S	0	6298.0	1.4764255905008434	0.30945511446178264	0.6252994104671846	0.14325460803780407	0.4031976279804221	0.007094633999906493	0.5897077380196714	0.20351651854146516	0.6521875508788347	0.14429593057970017	0.20351651854146516	0.0	0.9929053660000935	partial	reverted	partial	reverted	never_hypoxic	0.887049657962193	0.0	0.0	0.0	0.0	0.0	0.007094633999906493
TGGAGGATCGCGCTCT-E14S	Tumor	E14S	0	7621.0	1.2046772912412063	0.4284428604326401	-0.9189555439809581	0.8132967392630914	0.060422674784734405	0.060704545609891025	0.8788727796053744	0.1282931847112022	0.5523527967680092	0.3193540185207886	0.1282931847112022	0.0	0.939295454390109	partial	reverted	partial	reverted	never_hypoxic	0.9550745575730194	0.0	0.0	0.0	0.0	0.0	0.06070454560989104
ACATCATAGCCTGACG-E14S	Tumor	E14S	0	6554.0	-1.090103373469984	0.9829793627921617	-0.08996814298665462	0.42833267128171454	0.0621004827988846	0.02128371485202916	0.9166158023490861	0.009623235740256674	0.08443360568852215	0.9059431585712212	0.009623235740256674	0.0	0.9787162851479708	reverted	reverted	reverted	reverted	never_hypoxic	0.9999690358360079	0.0	0.0	0.0	0.0	0.0	0.021283714852029165
ACCGATTGTCTGGGCT-E14S	Tumor	E14S	0	6292.0	-0.8231424749936908	0.9720981559512639	0.15803232369661516	0.3280755578946114	0.07902013399093726	0.012185664543802977	0.9087942014652599	0.007836048708112461	0.07454907128932546	0.9176148800025621	0.007836048708112461	0.0	0.9878143354561971	reverted	reverted	reverted	reverted	never_hypoxic	0.9999984705013051	0.0	0.0	0.0	0.0	0.0	0.012185664543802977
GTAGTTGTCCAGGTCG-E14S	Tumor	E14S	0	5632.0	-0.8304772935537537	0.9724723296199651	0.42380264313798865	0.2799577829063682	0.14967184101995853	0.008336670887140955	0.8419914880929005	0.00786396611060465	0.0746914930715203	0.9174445408178751	0.00786396611060465	0.0	0.991663329112859	reverted	reverted	reverted	reverted	inducing	0.9991403744734334	0.0	0.0	0.0	0.0	0.0	0.008336670887140955
TATCTCATCGATGCAC-E14S	Tumor	E14S	0	7071.0	2.494466467050957	0.06122765391620373	0.08497424332352357	0.20891750612165091	0.057021842171024704	0.01069480257348192	0.9322833552554933	0.5834433665152613	0.4157654064226623	0.0007912270620765451	0.5834433665152613	0.0	0.9893051974265181	persistent	reverted	persistent	reverted	never_hypoxic	0.03122811553404372	0.0	0.0	0.0	0.0	0.0	0.010694802573481921
TATCCCACAACATCCC-E14S	Tumor	E14S	0	6072.0	-1.2141822716204478	0.9864945138636781	0.020757512739199194	0.38274396208205375	0.06706520124428828	0.01662563685106633	0.9163091619046455	0.011155872514634435	0.09289363752245504	0.8959504899629106	0.011155872514634435	0.0	0.9833743631489336	reverted	reverted	reverted	reverted	inducing	0.9999828127123702	0.0	0.0	0.0	0.0	0.0	0.016625636851066328
GCTCATTTCCGTTACT-E14S	Tumor	E14S	0	6236.0	3.3884331008957425	0.011863096657978052	0.3602023296644471	0.15871727916024764	0.1311845821296142	0.00744625946127366	0.8613691584091121	0.8980786689453168	0.10192067070532414	6.603493591165621e-07	0.8980786689453168	0.0	0.9925537405387264	persistent	reverted	persistent	reverted	never_hypoxic	0.03170199390515883	0.0	0.0	0.0	0.0	0.0	0.00744625946127366
AGCACTATCTATGCCT-E14S	Tumor	E14S	0	6328.0	-1.3042699241804063	0.9885879906691509	-0.4409246504621994	0.7116857352701251	0.06915560173785885	0.0392283875682574	0.8916160106938837	0.012671678236647449	0.10099315531113205	0.8863351664522205	0.012671678236647449	0.0	0.9607716124317426	reverted	reverted	reverted	reverted	never_hypoxic	0.9999982952773716	0.0	0.0	0.0	0.0	0.0	0.0392283875682574
ACCTTCACATGCTGCT-E14S	Tumor	E14S	0	5669.0	-1.0889290305748804	0.9829421264485335	-0.6354787613101672	0.7659471863444061	0.06582391983655868	0.047348945764171715	0.8868271343992694	0.009611285576677115	0.08436675091335909	0.9060219635099639	0.009611285576677115	0.0	0.9526510542358283	reverted	reverted	reverted	reverted	never_hypoxic	0.9999178557564927	0.0	0.0	0.0	0.0	0.0	0.04734894576417173
CCAAGGGGTGCGCAGA-E14S	Tumor	E14S	0	5591.0	-1.2781257954308551	0.988015883096438	-0.12605370098744614	0.4590711410347939	0.06264347274860668	0.023366537257796603	0.9139899899935968	0.012190867533685168	0.09845394718725203	0.8893551852790627	0.012190867533685168	0.0	0.9766334627422033	reverted	reverted	reverted	reverted	inducing	0.9999888352372671	0.0	0.0	0.0	0.0	0.0	0.0233665372577966
ATCCACAAGTAGGAGT-E14S	Tumor	E14S	0	6450.0	-1.1593372277804184	0.9850389610415742	-0.8390843348545702	0.5860860160181212	0.04527546307858669	0.07379032160904075	0.8809342153123725	0.010408607076943509	0.08879998491753667	0.9007914080055199	0.010408607076943509	0.0	0.9262096783909592	reverted	reverted	reverted	reverted	never_hypoxic	0.9999998237528438	0.0	0.0	0.0	0.0	0.0	0.07379032160904077
GTAGCATCACTTGGAG-E14S	Tumor	E14S	0	6568.0	-0.5994201379785316	0.9580018286108158	0.4861240215502223	0.23975238866503962	0.19050782181578207	0.007607363243914378	0.8018848149403036	0.007445073882267877	0.07332464154745186	0.9192302845702801	0.007445073882267877	0.0	0.9923926367560857	reverted	reverted	reverted	reverted	never_hypoxic	0.9993847144231341	0.0	0.0	0.0	0.0	0.0	0.007607363243914378
CCGGCTAAGCTAAGGG-E14S	Tumor	E14S	0	7128.0	-0.2452101058966717	0.9210464068591123	-0.8408691592866466	0.8590090529256421	0.06627446607828003	0.054343057684145296	0.8793824762375746	0.008609762395948732	0.08419458673686246	0.9071956508671889	0.008609762395948732	0.0	0.9456569423158547	reverted	reverted	reverted	reverted	never_hypoxic	0.9989424091141548	0.0	0.0	0.0	0.0	0.0	0.0543430576841453
GCAATATTCCAATGTG-E14S	Tumor	E14S	0	6450.0	1.8715406755415465	0.1749879555288544	0.04822393472383074	0.28134249832678176	0.059423369921846964	0.01316806533464712	0.927408564743506	0.332249718536003	0.6399766379820783	0.027773643481918825	0.332249718536003	0.0	0.9868319346653529	partial	reverted	partial	reverted	never_hypoxic	0.3230374768223921	0.0	0.0	0.0	0.0	0.0	0.01316806533464712
GTCCAAATCCCTGATT-E14S	Tumor	E14S	0	6102.0	-1.2722755140724145	0.9878840326901784	0.612482003605749	0.2579064861155382	0.27895643250952007	0.007223786337810323	0.7138197811526695	0.012088096114274595	0.09790760716766975	0.8900042967180557	0.012088096114274595	0.0	0.9927762136621897	reverted	reverted	reverted	reverted	inducing	0.9999987002062444	0.0	0.0	0.0	0.0	0.0	0.007223786337810324
GGTACTTGTTGGCTAT-E14S	Tumor	E14S	0	6802.0	-1.1728461141462343	0.9854112179129512	-0.06050107753240361	0.48701283347993346	0.07055094887723726	0.02183003363288218	0.9076190174898806	0.010581686929247582	0.08975382529810587	0.8996644877726465	0.010581686929247582	0.0	0.9781699663671178	reverted	reverted	reverted	reverted	inducing	0.999991851291504	0.0	0.0	0.0	0.0	0.0	0.02183003363288218
GCTCCCACATCGTTGC-E14S	Tumor	E14S	0	6688.0	1.6470731291845502	0.2449500393256681	-0.9312054558692956	0.8016496100031564	0.059179200806151355	0.06217361655131359	0.878647182642535	0.2566221456786998	0.6677580776603261	0.0756197766609741	0.2566221456786998	0.0	0.9378263834486864	partial	reverted	partial	reverted	never_hypoxic	0.17717662650149993	0.0	0.0	0.0	0.0	0.0	0.06217361655131359
GGTAGTAGTAGCTCAT-E14S	Tumor	E14S	0	7186.0	-0.6981464441933548	0.9649103003366597	0.11311579985946309	0.31967748229602	0.07151778627725155	0.01278965972080827	0.9156925540019403	0.007511572976107375	0.0731303891493214	0.9193580378745713	0.007511572976107375	0.0	0.9872103402791916	reverted	reverted	reverted	reverted	never_hypoxic	0.9963513959726571	0.0	0.0	0.0	0.0	0.0	0.012789659720808267
AGACGTTCAAAGGTCT-E14S	Tumor	E14S	0	6417.0	-1.0068693804083606	0.9801321967482349	0.4902309276884049	0.2451333854643499	0.19155963341056853	0.0076321515399384405	0.8008082150494931	0.0088769813670837	0.08024685183488083	0.9108761667980355	0.0088769813670837	0.0	0.9923678484600615	reverted	reverted	reverted	reverted	inducing	0.9999296134101402	0.0	0.0	0.0	0.0	0.0	0.0076321515399384405
AGAGGCTGTTGGTCAT-E14S	Tumor	E14S	0	6434.0	-1.1795327924755648	0.9855920877804358	0.5469183949211408	0.2572622709106143	0.22595410150744605	0.007489693716094741	0.766556204776459	0.010669936139296772	0.09023887679151432	0.899091187069189	0.010669936139296772	0.0	0.9925103062839052	reverted	reverted	reverted	reverted	never_hypoxic	0.9999997834927528	0.0	0.0	0.0	0.0	0.0	0.007489693716094742
CAGCGAGGTTCAAGTC-E14S	Tumor	E14S	0	5401.0	-0.8592549914128288	0.9738938268428353	-0.824035858901128	0.8509543359717043	0.06618264120199423	0.05384746502907356	0.8799698937689321	0.007983619071681118	0.07531563868995295	0.916700742238366	0.007983619071681118	0.0	0.9461525349709264	reverted	reverted	reverted	reverted	never_hypoxic	0.9999974939558571	0.0	0.0	0.0	0.0	0.0	0.05384746502907357
AGCCCTAGTCAGCACC-E14S	Tumor	E14S	0	5002.0	0.24714270199592897	0.8212077286752705	-0.090739614899874	0.41152670911451295	0.060273740268793286	0.0208661235839696	0.918860136147237	0.016354797683999254	0.13960090348259774	0.844044298833403	0.016354797683999254	0.0	0.9791338764160304	reverted	reverted	reverted	reverted	never_hypoxic	0.9974346905246684	0.0	0.0	0.0	0.0	0.0	0.020866123583969602
GCTCTCATCCACGGCA-E14S	Tumor	E14S	0	6207.0	2.1947459928218036	0.10316357633670699	-1.1120110011680466	0.8206915913277928	0.05590036960801483	0.07286558323461635	0.8712340471573689	0.4555659021555272	0.5394008137580842	0.005033284086388598	0.4555659021555272	0.0	0.9271344167653837	partial	reverted	partial	reverted	never_hypoxic	0.2807002634303317	0.0	0.0	0.0	0.0	0.0	0.07286558323461635
TAACCGATCATCACAG-E14S	Tumor	E14S	0	6095.0	-1.1167888492872327	0.9838043001069815	-0.7623996936342936	0.8169000989433193	0.0655129413130228	0.05208205423457389	0.8824050044524034	0.009906700416159547	0.0860161676319435	0.9040771319518968	0.009906700416159547	0.0	0.9479179457654262	reverted	reverted	reverted	reverted	never_hypoxic	0.9999959131526197	0.0	0.0	0.0	0.0	0.0	0.05208205423457389
GCTGCCTTCTGTCTAC-E14S	Tumor	E14S	0	5336.0	1.0874404389937815	0.48344108401293934	0.07732419897725946	0.273025114674057	0.06208451163854627	0.01232201966654205	0.9255934686949117	0.10123812794502418	0.48830475492505443	0.4104571171299214	0.10123812794502418	0.0	0.987677980333458	partial	reverted	partial	reverted	never_hypoxic	0.002348759102488386	0.0	0.0	0.0	0.0	0.0	0.012322019666542052
CGTTACCCAAACCATA-E14S	Tumor	E14S	0	5464.0	-0.3142126867578333	0.930038607614587	0.19375377404640773	0.3054334872264748	0.08314477863002889	0.011081040408744977	0.9057741809612263	0.008190980976131775	0.0806892948174189	0.9111197242064494	0.008190980976131775	0.0	0.988918959591255	reverted	reverted	reverted	reverted	never_hypoxic	0.9999387322628053	0.0	0.0	0.0	0.0	0.0	0.011081040408744976
ATCTATGGTCTGTGGC-E14S	Tumor	E14S	0	5198.0	-0.8184761411930546	0.9718575443760926	-0.8754797863221976	0.8443765541653563	0.0640916245908887	0.05667399046339593	0.8792343849457155	0.007818823476144786	0.07446195265411992	0.9177192238697354	0.007818823476144786	0.0	0.9433260095366042	reverted	reverted	reverted	reverted	never_hypoxic	0.9978504913470365	0.0	0.0	0.0	0.0	0.0	0.05667399046339593
CTCTCGATCCGCGCTT-E14S	Tumor	E14S	0	5573.0	3.678143252883141	0.006889426592681216	0.36923041832102366	0.17162493537458	0.13472909213313639	0.007508713558044492	0.8577621943088193	0.9466065063781052	0.05339345307566525	4.054622963378062e-08	0.9466065063781052	0.0	0.9924912864419555	persistent	reverted	persistent	reverted	never_hypoxic	0.0013127472361651835	0.0	0.0	0.0	0.0	0.0	0.00750871355804449
GTGTCCTCAGGCATAT-E14S	Tumor	E14S	0	5757.0	-1.6277308993441357	0.9937813983779874	0.672317139735056	0.24986109661729536	0.3454420397837257	0.006928116096058847	0.6476298441202154	0.022784461777457504	0.14900982682608208	0.8282057113964604	0.022784461777457504	0.0	0.9930718839039412	reverted	reverted	reverted	reverted	inducing	0.9999742428626869	0.0	0.0	0.0	0.0	0.0	0.006928116096058848
GGCATAAGTTCCCATC-E14S	Tumor	E14S	0	5746.0	-0.8900598478459658	0.9753362748156659	-0.0794839747546621	0.43179107120701316	0.06327962838395133	0.02101330026501046	0.9157070713510381	0.008130155300295615	0.07610120374589241	0.915768640953812	0.008130155300295615	0.0	0.9789866997349895	reverted	reverted	reverted	reverted	inducing	0.99998264203488	0.0	0.0	0.0	0.0	0.0	0.021013300265010464
AACCACGCAAGTTAGC-E14S	Tumor	E14S	0	5196.0	-1.3344248412665591	0.9892144006663037	-0.6985558567476762	0.8672955008548142	0.07162064175692073	0.0478774018734463	0.8805019563696329	0.01327252009228606	0.10412781613056458	0.8825996637771493	0.01327252009228606	0.0	0.9521225981265536	reverted	reverted	reverted	reverted	never_hypoxic	0.9999988975929945	0.0	0.0	0.0	0.0	0.0	0.0478774018734463
GTGGACCCACCATGAG-E14S	Tumor	E14S	0	5299.0	-0.9907146465890273	0.9795278169511541	0.05595898827656699	0.3566676787262234	0.06811598392326958	0.015012782913505699	0.9168712331632248	0.008754188267152515	0.07955814950087893	0.9116876622319686	0.008754188267152515	0.0	0.9849872170864944	reverted	reverted	reverted	reverted	never_hypoxic	0.9999987136644621	0.0	0.0	0.0	0.0	0.0	0.015012782913505699
ATCCACAAGCTAGTAT-E14S	Tumor	E14S	0	5374.0	-1.4065566885570644	0.9905781359411346	-0.7634084130559142	0.9011728290572396	0.07196779216133793	0.04965484831799614	0.8783773595206659	0.01493641985281743	0.11259481812867446	0.8724687620185081	0.01493641985281743	0.0	0.9503451516820038	reverted	reverted	reverted	reverted	never_hypoxic	0.9999987147825271	0.0	0.0	0.0	0.0	0.0	0.04965484831799614
CCATCAGGTTGTCCAG-E14S	Tumor	E14S	0	5374.0	-1.8027519745617526	0.9955274487512177	0.05886056872370207	0.4474709955145438	0.07777425662801862	0.01745978662166506	0.9047659567503165	0.03363743425043992	0.19251637894570103	0.7738461868038591	0.03363743425043992	0.0	0.9825402133783349	reverted	reverted	reverted	reverted	never_hypoxic	0.9999999841408549	0.0	0.0	0.0	0.0	0.0	0.017459786621665058
TAACGCGCACTCGCAT-E14S	Tumor	E14S	0	5416.0	-1.119693342439119	0.9838916795727124	0.18830086804593937	0.3621038374025942	0.08698904677777806	0.012526306806269673	0.9004846464159524	0.009938963992113305	0.08619585880869596	0.9038651771991908	0.009938963992113305	0.0	0.9874736931937302	reverted	reverted	reverted	reverted	never_hypoxic	0.9999692552104453	0.0	0.0	0.0	0.0	0.0	0.01252630680626967
ATTCCTTGTTCGATGT-E14S	Tumor	E14S	0	5318.0	1.8922617682198442	0.16939669785254413	-1.1126913472418127	0.8969469657637151	0.061477876305972366	0.06641094351195037	0.8721111801820773	0.3396119455500256	0.6352675498646551	0.025120504585319264	0.3396119455500256	0.0	0.9335890564880497	partial	reverted	partial	reverted	never_hypoxic	0.5303182388009251	0.0	0.0	0.0	0.0	0.0	0.06641094351195037
GGCCTAGTCCGTCCTA-E14S	Tumor	E14S	0	5313.0	-0.059262638851894096	0.8913517323789367	-0.7926117779782909	0.8912635923881461	0.07026321538618337	0.05110732054295347	0.8786294640708632	0.010358811943424391	0.09790087309636428	0.8917403149602112	0.010358811943424391	0.0	0.9488926794570466	reverted	reverted	reverted	reverted	never_hypoxic	0.9999145546891265	0.0	0.0	0.0	0.0	0.0	0.05110732054295347
CAACCAGCAATCTCTG-E14S	Tumor	E14S	0	5256.0	-1.8043645452103623	0.9955410211301722	-0.7699824374997786	0.871440994764501	0.06950224640118012	0.05072874934564319	0.8797690042531767	0.033764643360236796	0.19299044821016328	0.7732449084295999	0.033764643360236796	0.0	0.9492712506543568	reverted	reverted	reverted	reverted	never_hypoxic	0.9999989077185514	0.0	0.0	0.0	0.0	0.0	0.05072874934564319
ACGAAGGTCAGCACCG-E14S	Tumor	E14S	0	6002.0	-1.995669585455684	0.9968916066671745	-0.7264212830294948	0.8843068077758921	0.0719493324144648	0.048604577859351995	0.8794460897261833	0.05373281347610425	0.25983893572300587	0.6864282508008899	0.05373281347610425	0.0	0.9513954221406481	reverted	reverted	reverted	reverted	never_hypoxic	0.9999999302597602	0.0	0.0	0.0	0.0	0.0	0.048604577859351995
AGAGTCCTCGATTCCT-E15S	Tumor	E15S	1	159429.0	0.7478532943766164	0.6402916455722558	0.13477690735524397	0.09872687073523523	0.057007145969037026	0.008239100771465497	0.9347537532594973	0.04704272718949584	0.3008562974433184	0.6521009753671858	0.04704272718949584	0.9347537532594975	0.0	reverted	partial	reverted	partial	persistent	0.10614292566919743	0.0	0.0	0.0	0.05700714596903704	0.008239100771465498	0.0
GGACATAGTGGCGACA-E15S	Tumor	E15S	1	154601.0	0.9389939322382042	0.5534875334374539	-0.12326358738203855	0.12122014605216283	0.033193066740948296	0.015125675386691554	0.9516812578723602	0.07310103652820267	0.40230560227425505	0.5245933611975422	0.07310103652820267	0.9516812578723602	0.0	reverted	partial	reverted	partial	persistent	0.13721181096510324	0.0	0.0	0.0	0.033193066740948296	0.015125675386691554	0.0
TGGATATTCACTCGCC-E15S	Tumor	E15S	1	151519.0	-0.1022157898514056	0.8989798113903085	-0.3713517110579254	0.21050668298367858	0.03203087036444563	0.037930709358408275	0.9300384202771461	0.0098617851863847	0.0941155945179912	0.8960226202956241	0.0098617851863847	0.0	0.9620692906415917	reverted	reverted	reverted	reverted	reverted	0.8172818881658035	0.0	0.0	0.0	0.0	0.0	0.037930709358408275
CAGTCCTCATCCACTA-E15S	Tumor	E15S	1	156860.0	-0.059019029782470485	0.8913070610117955	0.033110644784460394	0.12595213760345686	0.04444348762691799	0.010161634584782659	0.9453948777882993	0.010361813668724771	0.09792352186198405	0.8917146644692914	0.010361813668724771	0.0	0.9898383654152173	reverted	reverted	reverted	reverted	partial	0.5331469469273225	0.0	0.0	0.0	0.0	0.0	0.010161634584782659
GGCTATTGTTTAGGAG-E15S	Tumor	E15S	1	159484.0	0.37238833466425775	0.7837139806738251	-0.09058146232923564	0.125986321713416	0.0349878877035581	0.013781484168667278	0.9512306281277747	0.02069193342183387	0.16667133136520168	0.8126367352129644	0.02069193342183387	0.0	0.9862185158313328	reverted	reverted	reverted	reverted	persistent	0.17344947264837896	0.0	0.0	0.0	0.0	0.0	0.013781484168667278
CTACGAATCCCTGTCA-E15S	Tumor	E15S	1	157279.0	0.7457013543029829	0.6412294132827333	-0.027964182866116627	0.11710995383639779	0.0384717555433252	0.011515990321469733	0.9500122541352051	0.046808717498147245	0.299828660198353	0.6533626223034997	0.046808717498147245	0.9500122541352051	0.0	reverted	partial	reverted	partial	partial	0.3293328194815441	0.0	0.0	0.0	0.0384717555433252	0.011515990321469733	0.0
GTAGGTGAGTGATACT-E15S	Tumor	E15S	1	155303.0	-0.5378625618172892	0.9530545457652974	-0.02611821329812697	0.15287189901679704	0.040840774531397256	0.012084144737665906	0.9470750807309368	0.0074854403500066455	0.07403351076375209	0.9184810488862412	0.0074854403500066455	0.0	0.987915855262334	reverted	reverted	reverted	reverted	memory	0.9479476692421456	0.0	0.0	0.0	0.0	0.0	0.012084144737665906
ACCAATGTCACCAATG-E15S	Tumor	E15S	1	164813.0	0.2874748642876375	0.8097207254200618	-0.16275249242688947	0.13463262548021468	0.0323542458257655	0.017416215419504447	0.95022953875473	0.017592804792084762	0.14754294412419605	0.8348642510837191	0.017592804792084762	0.0	0.9825837845804956	reverted	reverted	reverted	reverted	persistent	0.11401365898405096	0.0	0.0	0.0	0.0	0.0	0.017416215419504447
TACGGGCCAATAGGGA-E15S	Tumor	E15S	1	157334.0	-0.2047310274193828	0.9152907618191053	-0.05432457154540138	0.14206310420459883	0.03808454411501117	0.012749697441467282	0.9491657584435215	0.008907751183730408	0.08661822387480413	0.9044740249414654	0.008907751183730408	0.0	0.9872503025585327	reverted	reverted	reverted	reverted	reverted	0.706445228185207	0.0	0.0	0.0	0.0	0.0	0.012749697441467284
CAATATCAGCCTGGAT-E15S	Tumor	E15S	1	201001.0	-0.2640156720004414	0.9235968659030331	-0.4001080827334519	0.19590887024482365	0.031462517871764496	0.04303658943854763	0.9255008926896879	0.008484891360727487	0.0831633299606913	0.9083517786785811	0.008484891360727487	0.0	0.9569634105614524	reverted	reverted	reverted	reverted	reverted	0.8024799587176454	0.0	0.0	0.0	0.0	0.0	0.04303658943854763
CACAGGTTCACTTCGT-E15S	Tumor	E15S	1	189923.0	0.24396070552817642	0.8220904957194738	0.0829256362332499	0.10629081362950778	0.04925523235613315	0.008998424607636031	0.9417463430362308	0.016262830306920002	0.1390033614127081	0.8447338082803717	0.016262830306920002	0.0	0.991001575392364	reverted	reverted	reverted	reverted	partial	0.6731177087613043	0.0	0.0	0.0	0.0	0.0	0.008998424607636031
GTGGGATGTTCCCGAA-E15S	Tumor	E15S	1	201021.0	-0.2774386325428878	0.9253708691209754	0.2520798553606317	0.09991902403955735	0.0864888700917394	0.007393815048316366	0.9061173148599443	0.008400789948008492	0.08246266355690428	0.9091365464950872	0.008400789948008492	0.0	0.9926061849516837	reverted	reverted	reverted	reverted	reverted	0.7634731989696046	0.0	0.0	0.0	0.0	0.0	0.007393815048316366
CAATGCATCCCGCGTT-E15S	Tumor	E15S	1	207123.0	-0.3892901773706874	0.9387402415249326	-0.1476186689665737	0.14930100640499375	0.033662820264478796	0.01682227243184423	0.9495149073036769	0.00785021616697897	0.07769768909232584	0.9144520947406953	0.00785021616697897	0.0	0.9831777275681558	reverted	reverted	reverted	reverted	reverted	0.7830708506862823	0.0	0.0	0.0	0.0	0.0	0.016822272431844233
GCTAATGTCATGCCTT-E15S	Tumor	E15S	1	214549.0	-0.05013099058355325	0.8896661735679495	-0.10844374576904064	0.13288825789254122	0.034460243640402635	0.014643784920473383	0.9508959714391239	0.010472800536296829	0.09875925494625423	0.890767944517449	0.010472800536296829	0.0	0.9853562150795266	reverted	reverted	reverted	reverted	reverted	0.8554532299130109	0.0	0.0	0.0	0.0	0.0	0.014643784920473385
CTACCGCTCACGTAGC-E15S	Tumor	E15S	1	159101.0	-0.3214435285737378	0.9309240858786934	0.041834644933719606	0.1318597948137477	0.04575334414607784	0.010076218371187544	0.9441704374827348	0.008153163041645815	0.08036513540845136	0.9114817015499026	0.008153163041645815	0.0	0.9899237816288126	reverted	reverted	reverted	reverted	reverted	0.9595352718191899	0.0	0.0	0.0	0.0	0.0	0.010076218371187544
CGTCAAATCCGGGCTA-E15S	Tumor	E15S	1	165012.0	1.1245096315006307	0.4659434364120338	0.018304577377207476	0.10383940526733557	0.0416928494220942	0.01016077132513364	0.9481463792527722	0.10935595524173716	0.5093083405957529	0.38133570416250995	0.10935595524173716	0.9481463792527722	0.0	partial	partial	partial	partial	persistent	0.02368471004201344	0.0	0.0	0.0	0.0416928494220942	0.01016077132513364	0.0
AGGTATGGTCAATCAC-E15S	Tumor	E15S	1	207241.0	-0.3270325376365715	0.9316013865315936	-0.3417432035522717	0.18802042583491638	0.03139646739215096	0.03422052334410043	0.9343830092637487	0.008124685114659625	0.08011998182571577	0.9117553330596245	0.008124685114659625	0.0	0.9657794766558995	reverted	reverted	reverted	reverted	reverted	0.9750056667472548	0.0	0.0	0.0	0.0	0.0	0.034220523344100424
CCACGTAGTTTACCAA-E15S	Tumor	E15S	1	204162.0	0.21377020202506464	0.8302965854381219	-0.15950672856129874	0.13094642914760773	0.032285821350532005	0.017171399849115376	0.9505427788003525	0.015429098282370744	0.1335360120095182	0.851034889708111	0.015429098282370744	0.0	0.9828286001508846	reverted	reverted	reverted	reverted	persistent	0.2548133082283374	0.0	0.0	0.0	0.0	0.0	0.017171399849115376
CTGCTGCTCCATCCAT-E15S	Tumor	E15S	1	174063.0	0.02041118385125771	0.8758591726757627	-0.36260578420704836	0.17984589130119813	0.031033757521132233	0.03738056493822582	0.9315856775406419	0.011462021838694892	0.1060740423482914	0.8824639358130137	0.011462021838694892	0.0	0.9626194350617742	reverted	reverted	reverted	reverted	reverted	0.8581944454871371	0.0	0.0	0.0	0.0	0.0	0.03738056493822582
CTGGGCATCAGGCTAC-E15S	Tumor	E15S	1	158806.0	0.06330462396870214	0.8667570873457201	0.2320834098389182	0.10470451529878781	0.08019225538681386	0.0075224505317149646	0.9122852940814712	0.012167758418127974	0.11116119830040125	0.8766710432814706	0.012167758418127974	0.0	0.992477549468285	reverted	reverted	reverted	reverted	reverted	0.7657114875880268	0.0	0.0	0.0	0.0	0.0	0.0075224505317149646
ATCGCCTCAATTCAAG-E15S	Tumor	E15S	1	172040.0	-0.1330567168185858	0.9041600480897769	0.30347432522070406	0.09797883156927438	0.10660435423367899	0.007226975533721639	0.8861686702325995	0.009542248348464642	0.09164200155277599	0.8988157500987594	0.009542248348464642	0.0	0.9927730244662785	reverted	reverted	reverted	reverted	partial	0.5914627162836246	0.0	0.0	0.0	0.0	0.0	0.007226975533721639
CTACATGAGTGAGGTG-E15S	Tumor	E15S	1	188261.0	-0.34924253330194355	0.9342324895355925	-0.08598405085406335	0.14081683420802865	0.036073793345933886	0.013860356306556652	0.9500658503475095	0.008017889933971392	0.07919162344281841	0.9127904866232103	0.008017889933971392	0.0	0.9861396436934433	reverted	reverted	reverted	reverted	reverted	0.856003303240269	0.0	0.0	0.0	0.0	0.0	0.013860356306556652
AGCGATTCAAGTCGAT-E15S	Tumor	E15S	1	161017.0	0.8208846592375766	0.6078707367144787	-0.0936735961173642	0.11708485678461944	0.0343680393258949	0.013761390624982576	0.9518705700491227	0.05572882986919689	0.3374076909942012	0.6068634791366019	0.05572882986919689	0.9518705700491225	0.0	reverted	partial	reverted	partial	persistent	0.27885902563820864	0.0	0.0	0.0	0.03436803932589489	0.013761390624982573	0.0
GGGGTAATCGCGAACT-E15S	Tumor	E15S	1	162667.0	-0.291929462039801	0.9272434363999384	-0.10017585888362987	0.15216496493125373	0.03599343024707614	0.014643561037574084	0.94936300871535	0.008314569425428447	0.08173862856675869	0.9099468020078129	0.008314569425428447	0.0	0.9853564389624259	reverted	reverted	reverted	reverted	reverted	0.9412794241805096	0.0	0.0	0.0	0.0	0.0	0.01464356103757408
ACACCCTCAAGCCACA-E15S	Tumor	E15S	1	166227.0	-0.054287089145311156	0.8904361463375615	0.052300188922368915	0.12044805529859078	0.046220212024630496	0.009703129312576718	0.9440766586627927	0.010420544964990518	0.09836617755439847	0.8912132774806112	0.010420544964990518	0.0	0.9902968706874233	reverted	reverted	reverted	reverted	partial	0.6139041217669188	0.0	0.0	0.0	0.0	0.0	0.00970312931257672
GTCAAACCAGCACTTC-E15S	Tumor	E15S	1	178730.0	0.5098509031923385	0.7363736484949449	-0.07882146387858144	0.11926139062206624	0.03527282811341317	0.013217329985299217	0.9515098419012876	0.027503738357515167	0.20562107238214689	0.766875189260338	0.027503738357515167	0.0	0.9867826700147008	reverted	reverted	reverted	reverted	partial	0.6927583625901009	0.0	0.0	0.0	0.0	0.0	0.013217329985299217
CTACGTCCATCCGTCG-E15S	Tumor	E15S	1	190619.0	-0.38824586790624016	0.9386264494152168	-0.3211251096002965	0.1932424351954114	0.03178445781815462	0.03155947699273875	0.9366560651891067	0.00785419333611952	0.07773377602485096	0.9144120306390295	0.00785419333611952	0.0	0.9684405230072614	reverted	reverted	reverted	reverted	reverted	0.9862822677899794	0.0	0.0	0.0	0.0	0.0	0.03155947699273875
TCCCAAGGTGACGAAC-E15S	Tumor	E15S	1	181193.0	-0.45879109800417833	0.9458840720668577	-0.09545005960425737	0.1485307805866998	0.036020899473486453	0.014379862848222215	0.9495992376782914	0.007631012099650611	0.07562806934271396	0.9167409185576354	0.007631012099650611	0.0	0.9856201371517778	reverted	reverted	reverted	reverted	reverted	0.7081547361234086	0.0	0.0	0.0	0.0	0.0	0.014379862848222215
TCAGCTAAGGAATGGT-E15S	Tumor	E15S	1	189926.0	0.2771825409633042	0.8127047263385582	-0.104404542300644	0.12243659150372951	0.03410591881923749	0.014294219905116909	0.9515998612756456	0.017263755536043077	0.14545006713380718	0.8372861773301498	0.017263755536043077	0.0	0.9857057800948831	reverted	reverted	reverted	reverted	partial	0.45639755407796995	0.0	0.0	0.0	0.0	0.0	0.014294219905116909
TGGACAAGTGCACCAC-E15S	Tumor	E15S	1	175367.0	1.063527312757341	0.4947530145452345	-0.024793303705116287	0.10693650807649686	0.03816869693181791	0.011274981325908708	0.9505563217422733	0.09622756428845339	0.4745321880888801	0.42924024762266655	0.09622756428845339	0.9505563217422733	0.0	partial	partial	partial	partial	persistent	0.07323840295054085	0.0	0.0	0.0	0.03816869693181791	0.011274981325908708	0.0
TCTCGCGCATAACGTA-E15S	Tumor	E15S	1	183077.0	-0.04015295125260734	0.8877982374700265	-0.02503161644775817	0.12824637918061024	0.039336138632416834	0.011611811994084554	0.9490520493734985	0.010600859493385762	0.09971953054962357	0.8896796099569906	0.010600859493385762	0.0	0.9883881880059154	reverted	reverted	reverted	reverted	reverted	0.7208288075430962	0.0	0.0	0.0	0.0	0.0	0.011611811994084556
AGCCAAAGTCAACCAT-E15S	Tumor	E15S	1	232864.0	0.11530784460917956	0.854971131226376	0.06843572807927745	0.10409877416229867	0.04723997103055653	0.009202463615455746	0.9435575653539876	0.013145054177707829	0.11804864351462753	0.8688063023076646	0.013145054177707829	0.0	0.9907975363845443	reverted	reverted	reverted	reverted	partial	0.5199343264210279	0.0	0.0	0.0	0.0	0.0	0.009202463615455748
GTACTAACATAAGGTC-E15S	Tumor	E15S	1	181910.0	0.8581693770486828	0.5909236669307554	-0.011068272722153188	0.10614200226869752	0.03920735833202521	0.0108944619294673	0.9498981797385077	0.06075103298694439	0.35722517206204984	0.5820237949510058	0.06075103298694439	0.9498981797385074	0.0	reverted	partial	reverted	partial	persistent	0.07833841610676341	0.0	0.0	0.0	0.039207358332025204	0.010894461929467298	0.0
ACATGCCAGGGTCTCG-E15S	Tumor	E15S	1	225866.0	0.6365701102224147	0.6872526220247808	-0.029904571873715924	0.105418394133999	0.037710695717292	0.011398082405583645	0.9508912218771244	0.0364273567801828	0.2516822420167704	0.7118904012030468	0.0364273567801828	0.9508912218771244	0.0	reverted	partial	reverted	partial	persistent	0.1580843701913512	0.0	0.0	0.0	0.037710695717292	0.011398082405583645	0.0
GCTGACTAGGGTAGAT-E15S	Tumor	E15S	1	156919.0	0.39545830147680566	0.7762191184486374	-0.009805006476725359	0.1230221927330039	0.040245569270061746	0.011114167634122402	0.9486402630958157	0.021665571402507453	0.17248120285097387	0.8058532257465185	0.021665571402507453	0.0	0.9888858323658776	reverted	reverted	reverted	reverted	partial	0.5685285908996209	0.0	0.0	0.0	0.0	0.0	0.011114167634122403
GCCCTTGCAAGCCGGT-E15S	Tumor	E15S	1	153355.0	0.42391621945478314	0.76672180499804	-0.14881637330900518	0.1392963070585553	0.03308141180751758	0.016713180665351653	0.9502054075271309	0.0229538621970369	0.1800355215916134	0.7970106162113496	0.0229538621970369	0.0	0.9832868193346485	reverted	reverted	reverted	reverted	partial	0.511615590699573	0.0	0.0	0.0	0.0	0.0	0.016713180665351653
ATGGTTACAGGACACC-E15S	Tumor	E15S	1	162113.0	-0.17503225955020704	0.9108284753726622	0.08260128133140479	0.12225631380094171	0.050127885629389766	0.00921004223793911	0.9406620721326711	0.009153273976691726	0.08858190240688056	0.9022648236164278	0.009153273976691726	0.0	0.9907899577620609	reverted	reverted	reverted	reverted	reverted	0.8424784710493962	0.0	0.0	0.0	0.0	0.0	0.009210042237939111
TCAGGTCAGGGGTACA-E15S	Tumor	E15S	1	156372.0	-0.32077519692169126	0.9308426801023836	-0.5367417109860789	0.2560079057556178	0.0330846787847406	0.06741075909178981	0.8995045621234695	0.008156612223259554	0.08039476518383884	0.9114486225929017	0.008156612223259554	0.0	0.9325892409082102	reverted	reverted	reverted	reverted	reverted	0.9457437727519263	0.0	0.0	0.0	0.0	0.0	0.06741075909178981
GGCTGGTCAGGAACTT-E15S	Tumor	E15S	1	219581.0	-0.2920299729081402	0.9272562723835244	0.022222604329332513	0.12201213089045126	0.043094999960980804	0.010333458329154138	0.9465715417098651	0.00831398769046974	0.08173372235254295	0.9099522899569874	0.00831398769046974	0.0	0.9896665416708459	reverted	reverted	reverted	reverted	reverted	0.760284469246835	0.0	0.0	0.0	0.0	0.0	0.010333458329154138
GGTCTTAAGCCTGATA-E15S	Tumor	E15S	1	258452.0	0.05099896093090097	0.8694246684687864	0.007481034791302424	0.10747599208090644	0.040874761064261966	0.0104559128945784	0.9486693260411595	0.011956519652608692	0.10964907122652048	0.8783944091208707	0.011956519652608692	0.0	0.9895440871054216	reverted	reverted	reverted	reverted	persistent	0.1737166944474471	0.0	0.0	0.0	0.0	0.0	0.010455912894578402
TCGATATAGCTAGACC-E15S	Tumor	E15S	1	154712.0	0.47694217479333983	0.7482887102453952	-0.10810063773890422	0.12842105909975182	0.0342382747154025	0.014552798860219304	0.951208926424378	0.025635990779387913	0.19531283404831346	0.7790511751722986	0.025635990779387913	0.0	0.9854472011397807	reverted	reverted	reverted	reverted	persistent	0.07326118655433267	0.0	0.0	0.0	0.0	0.0	0.014552798860219306
TGCTCAAAGCTTCCTG-E15S	Tumor	E15S	1	148737.0	0.5402508006930824	0.7250503821155835	0.3170056519012393	0.09167238407304278	0.1131194753281918	0.007177652706989334	0.8797028719648189	0.029381311735974493	0.21573218913409628	0.7548864991299291	0.029381311735974493	0.0	0.9928223472930107	reverted	reverted	reverted	reverted	partial	0.3541748894544183	0.0	0.0	0.0	0.0	0.0	0.007177652706989334
TGGAATGGTCAAGGAC-E15S	Tumor	E15S	1	154464.0	-0.21684100917281618	0.91705145890255	-0.16294925569583532	0.16579118038771307	0.03401814345965516	0.01796141928089005	0.9480204372594547	0.008814293621334018	0.08586325376639044	0.9053224526122755	0.008814293621334018	0.0	0.98203858071911	reverted	reverted	reverted	reverted	memory	0.9204347568590732	0.0	0.0	0.0	0.0	0.0	0.017961419280890054
ACCCAGTAGCGGGTAA-E15S	Tumor	E15S	1	155181.0	-0.11416136416255501	0.9010151248037956	-0.7012378316887178	0.27858724165580406	0.03420516037539445	0.11971755558217062	0.8460772840424349	0.009734471744747192	0.09313405702032945	0.8971314712349232	0.009734471744747192	0.0	0.8802824444178293	reverted	reverted	reverted	reverted	partial	0.5779695575577091	0.0	0.0	0.0	0.0	0.0	0.11971755558217062
ATCCAAGTCCCTGGCT-E15S	Tumor	E15S	1	155598.0	-0.36509175051205667	0.9360522137592254	-0.09910798803248805	0.1584248941281743	0.03644376245359895	0.014721589706991584	0.9488346478394095	0.007947771377129376	0.07857311870614062	0.9134791099167301	0.007947771377129376	0.0	0.9852784102930084	reverted	reverted	reverted	reverted	reverted	0.9644971270909907	0.0	0.0	0.0	0.0	0.0	0.014721589706991584
ACATGCATCAGTAGTT-E15S	Tumor	E15S	1	217605.0	-0.42069994258455623	0.942071905302576	-0.23935306110060553	0.16408890115491928	0.031740693802632794	0.023215335293682502	0.9450439709036849	0.007740187780730491	0.07668223234845832	0.9155775798708111	0.007740187780730491	0.0	0.9767846647063174	reverted	reverted	reverted	reverted	reverted	0.9301246167481557	0.0	0.0	0.0	0.0	0.0	0.0232153352936825
AAACCATTCGAACGCT-E15S	Tumor	E15S	1	150466.0	0.20408923086202035	0.8328634034391382	-0.20986119929369038	0.15475640285671846	0.03196491878803677	0.020793630589428166	0.9472414506225353	0.015176070211600197	0.13185823287816925	0.8529656969102305	0.015176070211600197	0.0	0.9792063694105718	reverted	reverted	reverted	reverted	reverted	0.8242827407335857	0.0	0.0	0.0	0.0	0.0	0.020793630589428163
GGCAATTCACAAGGTT-E15S	Tumor	E15S	1	150674.0	0.35068938964438606	0.7905960245835567	0.1752287210683876	0.10204784409742648	0.06528342126666803	0.007883372903251413	0.9268332058300807	0.019830363972310777	0.16145396576857343	0.8187156702591157	0.019830363972310777	0.0	0.9921166270967485	reverted	reverted	reverted	reverted	persistent	0.2546146462864647	0.0	0.0	0.0	0.0	0.0	0.00788337290325141
GTGAGCAAGGTAGCAG-E15S	Tumor	E15S	1	238829.0	-0.09987363694186015	0.8985764195363409	0.07749822150956566	0.10738078674978323	0.048586482150350524	0.009096138201173306	0.9423173796484762	0.009887286765585552	0.09431158745501099	0.8958011257794035	0.009887286765585552	0.0	0.9909038617988267	reverted	reverted	reverted	reverted	reverted	0.8016435207737937	0.0	0.0	0.0	0.0	0.0	0.009096138201173306
CTCTAATCAACTAGAC-E15S	Tumor	E15S	1	148632.0	0.4132885287368744	0.7703010993773687	0.2995969889417637	0.09392114940004553	0.10494981231904879	0.007215344190175662	0.8878348434907756	0.022461063447112614	0.17716322575969418	0.8003757107931933	0.022461063447112614	0.0	0.9927846558098243	reverted	reverted	reverted	reverted	persistent	0.07101143803108213	0.0	0.0	0.0	0.0	0.0	0.007215344190175662
ACGCTAATCATGCCGG-E15S	Tumor	E15S	1	149089.0	-0.34506944412829754	0.9337454102142069	-0.124859128034821	0.15845323374828718	0.03516356806800359	0.015856647876412874	0.9489797840555837	0.008037188361968636	0.07936052144090824	0.9126022901971232	0.008037188361968636	0.0	0.9841433521235871	reverted	reverted	reverted	reverted	partial	0.5518255205912617	0.0	0.0	0.0	0.0	0.0	0.01585664787641287
AACACCATCCAGGTCG-E15S	Tumor	E15S	1	152045.0	-0.13086966645861428	0.9038006606423391	-0.13399134076763228	0.1576342259542523	0.03470444667947811	0.016279792412947067	0.9490157609075749	0.009563935322570959	0.09181096792472161	0.8986250967527074	0.009563935322570959	0.0	0.983720207587053	reverted	reverted	reverted	reverted	memory	0.9736702765766644	0.0	0.0	0.0	0.0	0.0	0.016279792412947067
TCTGCCATCGACCTAA-E15S	Tumor	E15S	1	155305.0	0.10574357804016148	0.857201870750579	-0.26167659262191834	0.16523748101123362	0.031381634462600616	0.02520473833807566	0.9434136271993239	0.012954544981026939	0.11671943829297235	0.8703260167260007	0.012954544981026939	0.0	0.9747952616619244	reverted	reverted	reverted	reverted	partial	0.41501922729671703	0.0	0.0	0.0	0.0	0.0	0.02520473833807566
AGTCCAGCAACGGGTC-E15S	Tumor	E15S	1	170700.0	1.095369374998604	0.4796935314705799	-0.15400479109770873	0.11791383322364023	0.03187473095708652	0.016663940796582528	0.951461328246331	0.10293900015385518	0.4928379212059211	0.40422307864022367	0.10293900015385518	0.951461328246331	0.0	partial	partial	partial	partial	persistent	0.02828625403107145	0.0	0.0	0.0	0.03187473095708652	0.016663940796582528	0.0
ATCGTACGTCAGCCTA-E15S	Tumor	E15S	1	148220.0	-0.4186804023514782	0.9418629057202165	0.30488041011526384	0.11115964419710098	0.10696108659165486	0.00729236346838245	0.8857465499399626	0.007746710366740751	0.07674349444249781	0.9155097951907614	0.007746710366740751	0.0	0.9927076365316175	reverted	reverted	reverted	reverted	reverted	0.8803809277982342	0.0	0.0	0.0	0.0	0.0	0.0072923634683824505
GCGGGTTCAATAGTCA-E15S	Tumor	E15S	1	153226.0	-0.20242658169823458	0.9149518952746166	-0.28711326323323805	0.18420635641915206	0.03183041329246037	0.0278044419468946	0.940365144760645	0.00892596410975011	0.08676484609393736	0.9043091897963125	0.00892596410975011	0.0	0.9721955580531054	reverted	reverted	reverted	reverted	memory	0.8962030716087334	0.0	0.0	0.0	0.0	0.0	0.0278044419468946
GCGCTAGTCAGCCACG-E15S	Tumor	E15S	1	182724.0	0.5031913980877281	0.7388137981560251	-0.19562528079108574	0.1346221880578118	0.03138820802196525	0.01950427908114805	0.9491075128968866	0.027112367459448592	0.2034823021516328	0.7694053303889188	0.027112367459448592	0.0	0.980495720918852	reverted	reverted	reverted	reverted	partial	0.3915927604214887	0.0	0.0	0.0	0.0	0.0	0.019504279081148053
CAAACTTAGCGCTCAG-E15S	Tumor	E15S	1	177469.0	0.5976642593756046	0.7028613678425183	0.015300584013646812	0.10833640507717597	0.041645226030785965	0.010288464823187064	0.948066309146027	0.03336670302974536	0.2364301837219816	0.730203113248273	0.03336670302974536	0.0	0.989711535176813	reverted	reverted	reverted	reverted	partial	0.38659392240691104	0.0	0.0	0.0	0.0	0.0	0.010288464823187066
CGATTTAGTTTCGAGT-E15S	Tumor	E15S	1	151445.0	0.18460874363159685	0.8379342811914825	-0.05668126120586786	0.13246293253123706	0.03734461390115677	0.012656078414586713	0.9499993076842564	0.014686893750604177	0.12858907615703383	0.856724030092362	0.014686893750604177	0.0	0.9873439215854133	reverted	reverted	reverted	reverted	persistent	0.15999897208791167	0.0	0.0	0.0	0.0	0.0	0.012656078414586715
GGACCCTGTGCAACGG-E15S	Tumor	E15S	1	182638.0	0.2727524989748853	0.8139779740877608	-0.26203103558624996	0.14970658015736912	0.030730221637311463	0.02513611199986305	0.9441336663628256	0.01712495762993277	0.14456341574937895	0.8383116266206884	0.01712495762993277	0.0	0.974863888000137	reverted	reverted	reverted	reverted	partial	0.3693956019101689	0.0	0.0	0.0	0.0	0.0	0.02513611199986305
ACCTACCCAATCGTAA-E15S	Tumor	E15S	1	170525.0	-0.125849919812434	0.9029712329970788	-0.41986774866322585	0.20677240815402384	0.03176143387147428	0.04609989813352584	0.9221386679949999	0.009614263042513994	0.09220245146584778	0.8981832854916382	0.009614263042513994	0.0	0.9539001018664741	reverted	reverted	reverted	reverted	reverted	0.7192082562079171	0.0	0.0	0.0	0.0	0.0	0.04609989813352584
AGTGACAGTATGTGTC-E15S	Tumor	E15S	1	143486.0	0.4297866840126749	0.7647281284036159	0.06787099064450469	0.11651706067799934	0.047863547382644596	0.009372096538431508	0.9427643560789241	0.02323222269877019	0.18164866714348482	0.7951191101577451	0.02323222269877019	0.0	0.9906279034615685	reverted	reverted	reverted	reverted	partial	0.4244770179601928	0.0	0.0	0.0	0.0	0.0	0.009372096538431506
TGCCATAAGGATTGGG-E15S	Tumor	E15S	1	155466.0	-0.23640343818491277	0.9198254514387127	-0.0032742206477873737	0.13507879419386584	0.04154223516659639	0.01114517176583716	0.9473125930675664	0.00867113880352039	0.08469784645296084	0.9066310147435188	0.00867113880352039	0.0	0.9888548282341628	reverted	reverted	reverted	reverted	partial	0.5683638122326349	0.0	0.0	0.0	0.0	0.0	0.01114517176583716
AAAGTCAAGTACGGAG-E15S	Tumor	E15S	1	181085.0	0.8175184428159643	0.6093887238733297	-0.08084511027424146	0.1149006089874546	0.03493784082003995	0.013224713764525145	0.9518374454154348	0.05529554529831937	0.33565461710374833	0.6090498375979323	0.05529554529831937	0.9518374454154349	0.0	reverted	partial	reverted	partial	persistent	0.039759580969985546	0.0	0.0	0.0	0.03493784082003996	0.013224713764525147	0.0
CTTGATAGTTCTGTAA-E15S	Tumor	E15S	1	151557.0	-0.20240397528344878	0.9149485649405962	0.038005495317464014	0.13067821076421046	0.04526118205959956	0.01013464641376219	0.9446041715266381	0.008926143462395758	0.08676628916398206	0.9043075673736221	0.008926143462395758	0.0	0.9898653535862378	reverted	reverted	reverted	reverted	partial	0.6501600699818385	0.0	0.0	0.0	0.0	0.0	0.010134646413762192
CGACCTAGTCTTGACG-E15S	Tumor	E15S	1	147427.0	3.0292142194695977	0.023150124028025472	0.10290738484807302	0.08739599396914015	0.0511966360271491	0.008509149957124398	0.9402942140157264	0.7989316966163593	0.2010531667405138	1.5136643126923335e-05	0.7989316966163593	0.0	0.0	persistent	persistent	persistent	persistent	persistent	4.255991301103852e-05	0.9402942140157265	0.051196636027149106	0.0085091499571244	0.0	0.0	0.0
ATACCATAGCATATCG-E15S	Tumor	E15S	1	151424.0	0.024396737920868786	0.8750364481673204	-0.08934029692181744	0.14226227150767634	0.03597413028252729	0.0140181318333754	0.9500077378840973	0.011524064902094205	0.10652538922853574	0.88195054586937	0.011524064902094205	0.0	0.9859818681666246	reverted	reverted	reverted	reverted	partial	0.5811794369234838	0.0	0.0	0.0	0.0	0.0	0.0140181318333754
GTGGGATGTCATGCTG-E15S	Tumor	E15S	1	144190.0	0.4896431925479619	0.7437327974946205	0.36280178468354424	0.08820319537730037	0.1388845938769124	0.007146806056325129	0.8539686000667625	0.02633737499894358	0.1992141905416788	0.7744484344593776	0.02633737499894358	0.0	0.9928531939436749	reverted	reverted	reverted	reverted	persistent	0.19515963361157762	0.0	0.0	0.0	0.0	0.0	0.007146806056325129
CAAAGCTCAAGCTCAG-E15S	Tumor	E15S	1	178022.0	-0.6359020693836867	0.9606944036184594	-0.17835770344573457	0.1771907426380915	0.03413612997268657	0.019071583824291135	0.9467922862030225	0.007450766685618694	0.07311852843348755	0.9194307048808936	0.007450766685618694	0.0	0.9809284161757088	reverted	reverted	reverted	reverted	memory	0.9920371414134397	0.0	0.0	0.0	0.0	0.0	0.01907158382429113
TCCCAAGGTTCGGCAC-E15S	Tumor	E15S	1	148853.0	0.5639701615150062	0.7160087411181387	-0.41740623827699874	0.17571486443821666	0.031082436792184465	0.04744307788919027	0.9214744853186252	0.030955175924519268	0.2240254879241714	0.7450193361513094	0.030955175924519268	0.0	0.9525569221108098	reverted	reverted	reverted	reverted	partial	0.4380792220856028	0.0	0.0	0.0	0.0	0.0	0.04744307788919028
CACAACATCCCTGACC-E15S	Tumor	E15S	1	140019.0	0.8662186333335469	0.587234989188982	0.2130704424694994	0.09218823145441209	0.07434112869341468	0.0075345948815295485	0.9181242764250558	0.06188994636117185	0.3615943852050688	0.5765156684337593	0.06188994636117185	0.9181242764250558	0.0	reverted	partial	reverted	partial	persistent	0.06386271925898171	0.0	0.0	0.0	0.07434112869341468	0.0075345948815295485	0.0
TACCATAGTTATCATG-E15S	Tumor	E15S	1	144348.0	-0.5066965658720087	0.9503430087603105	0.03252049726641945	0.13754907466978109	0.04512763893398366	0.010358946501505206	0.9445134145645111	0.007530038958554265	0.07456844806027293	0.917901512981173	0.007530038958554265	0.0	0.9896410534984947	reverted	reverted	reverted	reverted	reverted	0.9769518211617002	0.0	0.0	0.0	0.0	0.0	0.010358946501505206
CTTAGTGAGTTGGACC-E15S	Tumor	E15S	1	150491.0	0.5273513983389032	0.7298918230450111	0.11182959785242899	0.10795924144637264	0.05359549365194458	0.008611619315918174	0.9377928870321373	0.028566017786863112	0.21137152726888195	0.760062454944255	0.028566017786863112	0.0	0.9913883806840819	reverted	reverted	reverted	reverted	partial	0.5668787791136305	0.0	0.0	0.0	0.0	0.0	0.008611619315918174
CCACGAACAATGACAC-E15S	Tumor	E15S	1	135814.0	0.09081017483076925	0.8606276354882157	-0.3693229443503687	0.1996092242705089	0.03164877458289203	0.03790312801609686	0.9304480974010112	0.01266702667027024	0.11470135713618099	0.8726316161935488	0.01266702667027024	0.0	0.962096871983903	reverted	reverted	reverted	reverted	reverted	0.7389022126548107	0.0	0.0	0.0	0.0	0.0	0.037903128016096854
TCGGTATGTTGCAATC-E15S	Tumor	E15S	1	140980.0	-0.20957393941170446	0.9159989169997993	-0.1009146603725471	0.1564995435366811	0.036225319708774344	0.014758565768901673	0.949016114522324	0.008869924579621116	0.08631318258289235	0.9048168928374863	0.008869924579621116	0.0	0.9852414342310983	reverted	reverted	reverted	reverted	partial	0.47951114740464523	0.0	0.0	0.0	0.0	0.0	0.014758565768901673
ATGCCCAGTTGTCTGG-E15S	Tumor	E15S	1	178210.0	0.9120118772754625	0.5660745504412874	-0.030605743606483493	0.10892273228903482	0.03783792419469857	0.011468646354754091	0.9506934294505472	0.06874983850089139	0.3869855850952947	0.5442645764038139	0.06874983850089139	0.9506934294505474	0.0	reverted	partial	reverted	partial	partial	0.30763006688425887	0.0	0.0	0.0	0.03783792419469858	0.011468646354754093	0.0
ACTCACCCACAAGCTG-E15S	Tumor	E15S	1	142727.0	-0.15512883231279334	0.9077203433278	0.22741104731772793	0.1171763583804283	0.07917483787615442	0.007651328956687238	0.9131738331671583	0.00933136711842105	0.08999016991597733	0.9006784629656016	0.00933136711842105	0.0	0.9923486710433128	reverted	reverted	reverted	reverted	partial	0.5804942688846668	0.0	0.0	0.0	0.0	0.0	0.007651328956687239
GTCCTATTCCAGCTAA-E15S	Tumor	E15S	1	141967.0	-0.2349161568424082	0.9196175612700255	-0.10283156599376012	0.1649163281082641	0.03666622498326195	0.015006987617516412	0.9483267873992215	0.00868169003335666	0.08478413596085262	0.9065341740057906	0.00868169003335666	0.0	0.9849930123824836	reverted	reverted	reverted	reverted	reverted	0.952442127114695	0.0	0.0	0.0	0.0	0.0	0.015006987617516414
ATATGGCCAACTGTGG-E15S	Tumor	E15S	1	140398.0	0.11982800889411614	0.853906830920458	-0.00031431077801893914	0.1338036037682337	0.04172018157236159	0.011049251948086477	0.947230566479552	0.013236864638774506	0.1186869972157029	0.8680761381455225	0.013236864638774506	0.0	0.9889507480519135	reverted	reverted	reverted	reverted	partial	0.6045852824778645	0.0	0.0	0.0	0.0	0.0	0.011049251948086477
AGGTTGGAGCAATCGC-E15S	Tumor	E15S	1	145100.0	0.23602376196532676	0.8242775151881884	-0.2775492094766392	0.1669026888477029	0.03121400391962739	0.026764650603084993	0.9420213454772877	0.016036904132630765	0.1375308367196554	0.8464322591477138	0.016036904132630765	0.0	0.973235349396915	reverted	reverted	reverted	reverted	persistent	0.0693340958801226	0.0	0.0	0.0	0.0	0.0	0.026764650603084993
AGCCGATTCACAGCCG-E15S	Tumor	E15S	1	143618.0	0.8475187090618536	0.5957887237105995	-0.872609686359898	0.2685141593746484	0.03616313136661111	0.24945218052500592	0.7143846881083831	0.059274170422152675	0.3514917880135124	0.589234041564335	0.059274170422152675	0.7143846881083831	0.0	reverted	partial	reverted	partial	persistent	0.08635404209931573	0.0	0.0	0.0	0.03616313136661111	0.24945218052500592	0.0
TACAAGCCACTATATC-E15S	Tumor	E15S	1	140372.0	0.7509232527411126	0.6389519708544223	-0.38764340496224137	0.16539675723554453	0.030708062116717682	0.04208935570622284	0.9272025821770596	0.047378661318395354	0.30232740157667465	0.6502939371049301	0.047378661318395354	0.9272025821770594	0.0	reverted	partial	reverted	partial	persistent	0.07037374146714978	0.0	0.0	0.0	0.030708062116717675	0.04208935570622283	0.0
AACTTCCTCGCTCACC-E15S	Tumor	E15S	1	139947.0	0.812795460179689	0.6115149701676729	-0.09070804576033364	0.12349620359981729	0.03484931793914121	0.013745260547412716	0.951405421513446	0.054693145523264396	0.33320553179025253	0.6121013226864831	0.054693145523264396	0.9514054215134461	0.0	reverted	partial	reverted	partial	persistent	0.2204819157012567	0.0	0.0	0.0	0.034849317939141214	0.013745260547412718	0.0
CTTCGTTAGTCGATTG-E15S	Tumor	E15S	1	147109.0	0.08673031408478658	0.8615515092271075	0.21428619237429947	0.1049391407434202	0.0750759520873889	0.007626294197633413	0.9172977537149777	0.012590530691651742	0.1141619415434236	0.8732475277649246	0.012590530691651742	0.0	0.9923737058023666	reverted	reverted	reverted	reverted	persistent	0.2616423611285568	0.0	0.0	0.0	0.0	0.0	0.007626294197633413
ACACTCCCAAACTCGG-E15S	Tumor	E15S	1	152183.0	0.06726436320036501	0.8658889524208228	-0.10725364978149202	0.13921953276116944	0.03486829160117299	0.014703319539637086	0.95042838885919	0.012237293212065117	0.11165705822284588	0.876105648565089	0.012237293212065117	0.0	0.985296680460363	reverted	reverted	reverted	reverted	partial	0.33212148113297446	0.0	0.0	0.0	0.0	0.0	0.014703319539637086
TGGCGATTCCTCATTA-E15S	Tumor	E15S	1	151673.0	0.19541204702330198	0.8351376190923572	-0.14941513752183752	0.14516620334987787	0.03336836946760444	0.01684552927701648	0.9497861012553791	0.014954933916179636	0.1303846077586062	0.8546604583252141	0.014954933916179636	0.0	0.9831544707229836	reverted	reverted	reverted	reverted	partial	0.3874446974005195	0.0	0.0	0.0	0.0	0.0	0.01684552927701648
TGGTTAACACCATGCT-E15S	Tumor	E15S	1	141480.0	0.5887210576515861	0.7063851405854585	0.3763064955449262	0.08930553782530568	0.14762841420701162	0.007155324098377062	0.8452162616946113	0.03270575444252851	0.2330655105586596	0.7342287349988119	0.03270575444252851	0.0	0.992844675901623	reverted	reverted	reverted	reverted	partial	0.3935458164312926	0.0	0.0	0.0	0.0	0.0	0.007155324098377062
AACATTGCAGCCATTC-E15S	Tumor	E15S	1	140120.0	-0.1372137020496341	0.9048398376403993	-0.02499934628079936	0.15181890025868702	0.040856197909520525	0.01203201236178646	0.9471117897286929	0.009501425970469515	0.09132350025522826	0.8991750737743023	0.009501425970469515	0.0	0.9879679876382136	reverted	reverted	reverted	reverted	memory	0.7992739661911379	0.0	0.0	0.0	0.0	0.0	0.012032012361786462
CACCTCTGTTCACGCA-E15S	Tumor	E15S	1	141611.0	0.07831774290672239	0.8634402876717155	0.13256504056148893	0.1139453196963162	0.05738791732724268	0.008428031335808137	0.9341840513369492	0.012435516138356435	0.11306556439570287	0.8744989194659408	0.012435516138356435	0.0	0.9915719686641918	reverted	reverted	reverted	reverted	partial	0.47341176674152124	0.0	0.0	0.0	0.0	0.0	0.008428031335808137
CGGACAGGTTGCCTGA-E15S	Tumor	E15S	1	140465.0	-0.22133145189933584	0.9176958321191339	0.06799037950941614	0.1296887859507629	0.04868614911237968	0.009557314966485812	0.9417565359211343	0.008780588810953248	0.0855898757226421	0.9056295354664047	0.008780588810953248	0.0	0.9904426850335142	reverted	reverted	reverted	reverted	reverted	0.9109710137566496	0.0	0.0	0.0	0.0	0.0	0.009557314966485814
GGACACCCAAACTACA-E15S	Tumor	E15S	1	138457.0	-0.15578765557700344	0.9078247652303357	0.07958875373385431	0.12951740747767373	0.050175275421870134	0.0093608397835801	0.9404638847945497	0.009325291935908614	0.08994233749234301	0.9007323705717484	0.009325291935908614	0.0	0.9906391602164198	reverted	reverted	reverted	reverted	partial	0.38611004340378896	0.0	0.0	0.0	0.0	0.0	0.0093608397835801
CCTTAGAAGAAGGAGA-E15S	Tumor	E15S	1	148311.0	-0.08715079948871171	0.8963601035077262	-0.34179486372246437	0.18693987230486311	0.03135684817036919	0.03424284041091962	0.9344003114187113	0.010028968745813263	0.09539687125463105	0.8945741599995557	0.010028968745813263	0.0	0.9657571595890805	reverted	reverted	reverted	reverted	partial	0.6875440883944455	0.0	0.0	0.0	0.0	0.0	0.03424284041091962
AACCCAATCTAACCAG-E15S	Tumor	E15S	1	147790.0	0.017979598695147248	0.8763588301067796	-0.6116878678221704	0.2635716402533381	0.033531268028386206	0.08865207741842573	0.877816654553188	0.011424511276291932	0.10580076195227368	0.8827747267714343	0.011424511276291932	0.0	0.9113479225815743	reverted	reverted	reverted	reverted	reverted	0.7674642407623083	0.0	0.0	0.0	0.0	0.0	0.08865207741842573
ATGGACCTCGAATCTG-E15S	Tumor	E15S	1	140050.0	-0.08028760010359492	0.8951468324982217	-0.06303456205584843	0.14740094988480998	0.0378533368097802	0.013143197692573282	0.9490034654976465	0.010107648031623593	0.09599697416578895	0.8938953778025874	0.010107648031623593	0.0	0.9868568023074267	reverted	reverted	reverted	reverted	memory	0.9101894451171857	0.0	0.0	0.0	0.0	0.0	0.013143197692573282
ACCATATAGTCGATCA-E15S	Tumor	E15S	1	148441.0	-0.1916173645671252	0.9133459496199835	0.012843558902025265	0.13651119399335823	0.0430981077275658	0.010777833159601862	0.9461240591128323	0.009013254021495233	0.08746538000866924	0.9035213659698356	0.009013254021495233	0.0	0.9892221668403981	reverted	reverted	reverted	reverted	reverted	0.7657517476661801	0.0	0.0	0.0	0.0	0.0	0.010777833159601862
GTATGCATCCTGATTC-E15S	Tumor	E15S	1	138454.0	0.9219906587055949	0.5614285284581598	0.1597524855230332	0.0955503124291442	0.061680890516221616	0.007958885963449173	0.9303602235203293	0.07033200264373002	0.3926246246340383	0.5370433727222317	0.07033200264373002	0.9303602235203293	0.0	reverted	partial	reverted	partial	persistent	0.011313632792941708	0.0	0.0	0.0	0.061680890516221616	0.007958885963449173	0.0
ATCTTGCTCACGGCTG-E15S	Tumor	E15S	1	136730.0	0.942993348526529	0.5516155699535957	-0.013607915228598305	0.11246066230531113	0.03933582406485558	0.011051778456197934	0.9496123974789464	0.07376580938668835	0.4045946845056563	0.5216395061076553	0.07376580938668835	0.9496123974789464	0.0	reverted	partial	reverted	partial	partial	0.35890154124580437	0.0	0.0	0.0	0.03933582406485558	0.011051778456197934	0.0
CAGGCACCAAATCGTA-E15S	Tumor	E15S	1	139200.0	0.9154688434439383	0.5644662926591719	-0.15943007994581007	0.13675985336573412	0.03257125297603529	0.017258903091065567	0.9501698439328992	0.06929437268706476	0.388935317814921	0.5417703094980142	0.06929437268706476	0.9501698439328992	0.0	reverted	partial	reverted	partial	persistent	0.03346468798573431	0.0	0.0	0.0	0.03257125297603529	0.017258903091065567	0.0
ATAACGTTCACGCCGA-E15S	Tumor	E15S	1	137018.0	-0.06352503424044469	0.8921307359853837	0.15001976870715306	0.12059250308645837	0.060965288578487424	0.008313245447692994	0.9307214659738196	0.010306635156216984	0.09750679609834433	0.8921865687454386	0.010306635156216984	0.0	0.991686754552307	reverted	reverted	reverted	reverted	partial	0.33135812483699106	0.0	0.0	0.0	0.0	0.0	0.008313245447692996
GTGTTAGTCCACGGAT-E15S	Tumor	E15S	1	141686.0	0.5700389826907174	0.713666737860146	-0.23368897064969776	0.14643771528770227	0.031059799119604416	0.022552826895634346	0.9463873739847614	0.03137394235329251	0.22620531324040682	0.7424207444063007	0.03137394235329251	0.0	0.9774471731043656	reverted	reverted	reverted	reverted	persistent	0.17148385214064613	0.0	0.0	0.0	0.0	0.0	0.022552826895634343
CAGTCAATCACGGAGA-E15S	Tumor	E15S	1	138378.0	-0.28805976746206796	0.9267476579702622	0.31334582409873923	0.10461620995886767	0.11096573806018292	0.007240330257249333	0.8817939316825678	0.008337136134471082	0.08192872626318398	0.9097341376023449	0.008337136134471082	0.0	0.9927596697427508	reverted	reverted	reverted	reverted	reverted	0.8287314255727712	0.0	0.0	0.0	0.0	0.0	0.007240330257249333
ATCCCCATCGTACACA-E15S	Tumor	E15S	1	142883.0	0.1675064129477912	0.8422831709279733	-1.036974520374893	0.38848584063083724	0.03419154932791377	0.22224564362328328	0.7435628070488031	0.014278546842675538	0.12583344297810842	0.8598880101792161	0.014278546842675538	0.0	0.7777543563767166	reverted	reverted	reverted	reverted	partial	0.6351288799148357	0.0	0.0	0.0	0.0	0.0	0.22224564362328322
AAGTACGGTAGTCCGC-E15S	Tumor	E15S	1	148583.0	-0.20084184772962083	0.9147181486077125	-0.11901043360215882	0.15769551991634218	0.03539150237796974	0.01557128217277905	0.9490372154492513	0.008938569262084691	0.08686622937064029	0.9041952013672749	0.008938569262084691	0.0	0.9844287178272209	reverted	reverted	reverted	reverted	reverted	0.8245439903600578	0.0	0.0	0.0	0.0	0.0	0.015571282172779047
CTTCAGCCATTACCGC-E15S	Tumor	E15S	1	142515.0	0.3993370479604807	0.7749410208631026	0.3543476311110556	0.09124903495240173	0.13342723015301938	0.007153026858963542	0.8594197429880172	0.021835355387478675	0.17348529885069483	0.8046793457618265	0.021835355387478675	0.0	0.9928469731410365	reverted	reverted	reverted	reverted	partial	0.5507575774954481	0.0	0.0	0.0	0.0	0.0	0.007153026858963542
ACCACTAAGTCAGGGA-E15S	Tumor	E15S	1	137527.0	0.20991787494800693	0.831321731280295	-0.24575560145671646	0.1716024782302245	0.03196861037273875	0.023837067948295685	0.9441943216789653	0.015327603716160276	0.132864083075687	0.8518083132081525	0.015327603716160276	0.0	0.9761629320517043	reverted	reverted	reverted	reverted	partial	0.5603532340766477	0.0	0.0	0.0	0.0	0.0	0.023837067948295692
TGGAATGGTTTACTCT-E15S	Tumor	E15S	1	141766.0	-0.3564612419821843	0.9350671984469388	-0.16392037138323526	0.17352738785052904	0.03444384202241807	0.01816131419756592	0.9473948437800159	0.007985333499996071	0.07890543113735511	0.913109235362649	0.007985333499996071	0.0	0.981838685802434	reverted	reverted	reverted	reverted	reverted	0.8728846786217322	0.0	0.0	0.0	0.0	0.0	0.018161314197565923
TAGTACCGTGGCCTGT-E15S	Tumor	E15S	1	139623.0	-0.0034977730873086152	0.880697506111535	-0.288383426238086	0.18074427058221612	0.031657194097592156	0.027925727774945067	0.9404170781274627	0.011104183783919076	0.10345442857099825	0.8854413876450826	0.011104183783919076	0.0	0.9720742722250549	reverted	reverted	reverted	reverted	partial	0.6692902239811951	0.0	0.0	0.0	0.0	0.0	0.02792572777494507
GCCATAGCACCTCGTG-E15S	Tumor	E15S	1	135007.0	0.08002650293143417	0.8630584032075462	-0.2766090274492077	0.18281953388542602	0.0319325274934275	0.026747242635139893	0.9413202298714327	0.012466709151816932	0.11328654081144193	0.8742467500367411	0.012466709151816932	0.0	0.9732527573648602	reverted	reverted	reverted	reverted	reverted	0.8521104492732464	0.0	0.0	0.0	0.0	0.0	0.026747242635139893
CCCTACGCATTGGCGA-E15S	Tumor	E15S	1	131578.0	0.38980429123454263	0.778072919441853	0.2152465986722276	0.10701301680658099	0.07540901682653396	0.007637616888828471	0.9169533662846374	0.0214212653464014	0.17103173639156324	0.8075469982620354	0.0214212653464014	0.0	0.9923623831111715	reverted	reverted	reverted	reverted	partial	0.5421558000762702	0.0	0.0	0.0	0.0	0.0	0.007637616888828472
CCCAAATGTTAATGGG-E15S	Tumor	E15S	1	146329.0	-0.0805871293590789	0.895200043723115	-0.24311174787953674	0.175597818870547	0.03222067950734051	0.023657455648039387	0.9441218648446202	0.01010418083433588	0.0959705671192644	0.8939252520463996	0.01010418083433588	0.0	0.9763425443519606	reverted	reverted	reverted	reverted	reverted	0.8918930197555476	0.0	0.0	0.0	0.0	0.0	0.02365745564803938
ATCACAACACTAGCCT-E15S	Tumor	E15S	1	133150.0	-0.16710748882112222	0.9096024149304506	0.009891285639459194	0.13851979798827863	0.04295256916507287	0.010881384624128155	0.9461660462107989	0.0092228460726589	0.08913356302567176	0.9016435909016693	0.0092228460726589	0.0	0.9891186153758719	reverted	reverted	reverted	reverted	reverted	0.9223990944858766	0.0	0.0	0.0	0.0	0.0	0.010881384624128156
ATCAAGCCACGCCATT-E15S	Tumor	E15S	1	126192.0	1.117412809289788	0.469288174345731	0.17173737778445508	0.09777905543723645	0.06432920336361389	0.007873885368139955	0.927796911268246	0.10776938290460406	0.5053279575802184	0.3869026595151776	0.10776938290460406	0.9277969112682461	0.0	partial	partial	partial	partial	persistent	0.0046429310704056235	0.0	0.0	0.0	0.0643292033636139	0.007873885368139957	0.0
GTGCGAGGTCAATCCG-E15S	Tumor	E15S	1	137803.0	-0.10182847318022552	0.8989132017872551	-0.07086844999313796	0.1430885236642857	0.03709291933163365	0.013338100461878348	0.949568980206488	0.009865990006264801	0.09414792466279721	0.895986085330938	0.009865990006264801	0.0	0.9866618995381217	reverted	reverted	reverted	reverted	reverted	0.7641541084249625	0.0	0.0	0.0	0.0	0.0	0.01333810046187835
AGTGCGCCAATCTGCC-E15S	Tumor	E15S	1	134466.0	1.037144863034792	0.5072388130823646	-0.30893021444953916	0.1455764844159129	0.0301615233017631	0.030347772286724063	0.9394907044115128	0.09091010091929287	0.45921561851506404	0.4498742805656431	0.09091010091929287	0.9394907044115128	0.0	partial	partial	reverted	partial	persistent	0.013437568523721593	0.0	0.0	0.0	0.0301615233017631	0.030347772286724063	0.0
ACCCATAAGGCACATC-E15S	Tumor	E15S	1	128466.0	0.8948825145783214	0.5740223682781392	0.4421405855734608	0.0834422829368079	0.20235499072961874	0.007241269702903992	0.7904037395674772	0.06610729410414634	0.3773885219899304	0.5565041839059234	0.06610729410414634	0.7904037395674772	0.0	reverted	partial	reverted	partial	persistent	0.1427043124695282	0.0	0.0	0.0	0.20235499072961874	0.007241269702903992	0.0
GTTAGCCAGGCATCCG-E15S	Tumor	E15S	1	134721.0	0.7669698975724237	0.6319146638175841	-0.07347556607850325	0.1237827178837145	0.035818477280989205	0.013093639678145167	0.9510878830408658	0.0491751527697891	0.3101130806334204	0.6407117665967905	0.0491751527697891	0.9510878830408656	0.0	reverted	partial	reverted	partial	persistent	0.11984809971201459	0.0	0.0	0.0	0.0358184772809892	0.013093639678145164	0.0
TGCATATAGTCAGGCT-E15S	Tumor	E15S	1	138112.0	0.8490403061182052	0.5950948101044999	-0.27065249034853744	0.14615268883999077	0.030485477723732807	0.02597784920601386	0.9435366730702534	0.059483071633556144	0.3523074610644479	0.588209467301996	0.059483071633556144	0.9435366730702534	0.0	reverted	partial	reverted	partial	partial	0.43178798156941645	0.0	0.0	0.0	0.030485477723732807	0.02597784920601386	0.0
CCGTACCTCATGGCAC-E15S	Tumor	E15S	1	132797.0	-0.24252469819525474	0.9206759148723737	0.014979286326225832	0.14984092299167157	0.04420782726003947	0.010961296857181342	0.9448308758827791	0.008628279202902772	0.08434665656165738	0.9070250642354397	0.008628279202902772	0.0	0.9890387031428186	reverted	reverted	reverted	reverted	persistent	0.2160289836840596	0.0	0.0	0.0	0.0	0.0	0.010961296857181342
CGTTCCGCATGGCTAG-E15S	Tumor	E15S	1	139160.0	0.5413302418083155	0.7246428091421184	-0.20188912288421598	0.1451421557561937	0.03170771769374611	0.02008743156605901	0.9482048507401949	0.029450811337266083	0.21610184040806787	0.7544473482546661	0.029450811337266083	0.0	0.979912568433941	reverted	reverted	reverted	reverted	persistent	0.2064601967293715	0.0	0.0	0.0	0.0	0.0	0.02008743156605901
TAACCAACAAATCACA-E15S	Tumor	E15S	1	136675.0	-0.35886100596341286	0.9353424962049237	0.3811455754610872	0.0988366471942044	0.14983268433001992	0.007175888212021438	0.8429914274579586	0.007974740977584547	0.07881195696041762	0.9132133020619978	0.007974740977584547	0.0	0.9928241117879786	reverted	reverted	reverted	reverted	reverted	0.9609296979813838	0.0	0.0	0.0	0.0	0.0	0.007175888212021438
TACTACCTCCTGATTC-E15S	Tumor	E15S	1	128839.0	-0.2139275442056679	0.9166309290772666	-0.1794148033594483	0.1714629372505628	0.03376090264525376	0.019031685055073837	0.9472074122996722	0.00883643493932794	0.08604251701190546	0.9051210480487666	0.00883643493932794	0.0	0.9809683149449262	reverted	reverted	reverted	reverted	reverted	0.7538124097904002	0.0	0.0	0.0	0.0	0.0	0.01903168505507384
GGTCTAATCCATTCCG-E15S	Tumor	E15S	1	133164.0	1.051112027915658	0.5006288269796736	0.043464259378944395	0.10840161935138777	0.0445285153333834	0.00970362167438814	0.9457678629922285	0.09369751461405634	0.4673359550886867	0.43896653029725696	0.09369751461405634	0.9457678629922285	0.0	partial	partial	partial	partial	persistent	0.19209862776519895	0.0	0.0	0.0	0.0445285153333834	0.00970362167438814	0.0
CCACGGATCACGGCCA-E15S	Tumor	E15S	1	134849.0	-0.0781776344244995	0.8947713219244249	-0.18021992454132088	0.17699079873714044	0.03405893149052132	0.01918068637067004	0.9467603821388085	0.010132158927350733	0.09618355645108932	0.8936842846215598	0.010132158927350733	0.0	0.98081931362933	reverted	reverted	reverted	reverted	persistent	0.26345031465961316	0.0	0.0	0.0	0.0	0.0	0.019180686370670042
GCCACTTCACTAGTCC-E15S	Tumor	E15S	1	127075.0	1.7287822709698468	0.21747916795400632	0.1333384224762977	0.09481471819449915	0.05656569237941273	0.008216247977176424	0.9352180596434108	0.28333704115946423	0.6631494273306988	0.053513531509836905	0.28333704115946423	0.0	0.0	partial	persistent	partial	persistent	persistent	0.03972270748456563	0.9352180596434108	0.05656569237941273	0.008216247977176424	0.0	0.0	0.0
CTGTGATGTGACTCGC-E15S	Tumor	E15S	1	137042.0	-0.3710215536281011	0.9367209056727752	-0.3310977003718507	0.21026952377714223	0.03240892097330556	0.03263494610794848	0.934956132918746	0.007922814042519963	0.0783509596654434	0.9137262262920367	0.007922814042519963	0.0	0.9673650538920516	reverted	reverted	reverted	reverted	reverted	0.9723246645001647	0.0	0.0	0.0	0.0	0.0	0.03263494610794848
GTACCAGCAGCATGGC-E15S	Tumor	E15S	1	134774.0	0.006268491990930701	0.8787411607972411	-0.051354401577417774	0.14205922995609924	0.03828399159686152	0.012652377104157482	0.949063631298981	0.011247425233590954	0.10450646923412919	0.8842461055322798	0.011247425233590954	0.0	0.9873476228958425	reverted	reverted	reverted	reverted	persistent	0.09567432981788637	0.0	0.0	0.0	0.0	0.0	0.012652377104157484
GGCGATTTCTGTGCCC-E15S	Tumor	E15S	1	132735.0	0.806178462330252	0.614486745197354	0.1857342103205766	0.10014319739189502	0.0676185940759968	0.007782475045761895	0.9245989308782412	0.053859948108245424	0.3297953545526123	0.6163446973391422	0.053859948108245424	0.9245989308782413	0.0	reverted	partial	reverted	partial	persistent	0.25142068365696535	0.0	0.0	0.0	0.06761859407599681	0.007782475045761896	0.0
CTGCCTTGTTAACTGC-E15S	Tumor	E15S	1	133483.0	-0.34949600036659273	0.9342619665097921	-0.2532324024794942	0.1988608993999611	0.03321746009096621	0.024768322301439247	0.9420142176075945	0.008016729091004277	0.0791814465438676	0.912801824365128	0.008016729091004277	0.0	0.9752316776985608	reverted	reverted	reverted	reverted	reverted	0.9589062860800989	0.0	0.0	0.0	0.0	0.0	0.024768322301439247
CGTAGGGGTTTGGCAT-E15S	Tumor	E15S	1	132047.0	-0.0034763882189966086	0.8806932523312807	0.4221766899456837	0.09613431278986637	0.18146625382908196	0.007207502573964192	0.8113262435969537	0.011104493106221384	0.10345670541958564	0.8854388014741927	0.011104493106221384	0.0	0.9927924974260358	reverted	reverted	reverted	reverted	persistent	0.2502062730526984	0.0	0.0	0.0	0.0	0.0	0.007207502573964193
TATGCCCCATCAATCT-E15S	Tumor	E15S	1	143248.0	0.18117453350341312	0.8388152465162013	-0.15813233429226	0.1430329519240128	0.03293512036804385	0.0172883952882568	0.9497764843436993	0.014603344698134966	0.1280272732742177	0.8573693820276475	0.014603344698134966	0.0	0.9827116047117432	reverted	reverted	reverted	reverted	reverted	0.792106920117807	0.0	0.0	0.0	0.0	0.0	0.017288395288256802
ATCTGCAAGGCAAGCA-E15S	Tumor	E15S	1	136346.0	-0.13188611573263606	0.9039678383936964	-0.08416231453278955	0.15173865515845422	0.03684683172707765	0.01399548920158401	0.9491576790713383	0.009553838069527877	0.09173231916579311	0.898713842764679	0.009553838069527877	0.0	0.986004510798416	reverted	reverted	reverted	reverted	reverted	0.8000994503791656	0.0	0.0	0.0	0.0	0.0	0.01399548920158401
TGTCCTTAGGTGCTAC-E15S	Tumor	E15S	1	136554.0	0.935398364879136	0.5551691794478565	0.1051864057900838	0.1052113593781026	0.05241397097832842	0.008667233034376566	0.938918795987295	0.07250777388413583	0.4002513743613227	0.5272408517545415	0.07250777388413583	0.938918795987295	0.0	reverted	partial	reverted	partial	persistent	0.10889521651748134	0.0	0.0	0.0	0.05241397097832842	0.008667233034376566	0.0
CCTTGGGAGTTAGGAA-E15S	Tumor	E15S	1	139775.0	1.4348800542269085	0.3265092673100371	0.07451289084558414	0.10116831857359199	0.047864195900398636	0.009068485207810038	0.9430673188917912	0.19116217921616818	0.6427423581849032	0.1660954625989285	0.19116217921616818	0.9430673188917913	0.0	partial	partial	partial	partial	persistent	0.018875138962502057	0.0	0.0	0.0	0.04786419590039864	0.00906848520781004	0.0
AGGAGCCAGAACGGGC-E15S	Tumor	E15S	1	136133.0	-0.033416880508485736	0.8865216421677387	0.17778425668300868	0.11551792843895066	0.06646208375292995	0.00799323979320999	0.9255446764538601	0.010689424078267984	0.1003812002421256	0.8889293756796064	0.010689424078267984	0.0	0.99200676020679	reverted	reverted	reverted	reverted	reverted	0.947278903410569	0.0	0.0	0.0	0.0	0.0	0.00799323979320999
ACCCTAGGTTAAGGGC-E15S	Tumor	E15S	1	138653.0	-0.22363803338847002	0.9180250495163416	-0.19895032489523154	0.1893897779472921	0.034176384751569686	0.02058775460735031	0.9452358606410799	0.008763473093725521	0.08545081889049212	0.9057857080157823	0.008763473093725521	0.0	0.9794122453926497	reverted	reverted	reverted	reverted	reverted	0.962335049972723	0.0	0.0	0.0	0.0	0.0	0.020587754607350312
ACTATTGGTCATCCTC-E15S	Tumor	E15S	1	134592.0	-0.08335878868142704	0.8956912974767175	0.029765273415987004	0.14132693245818145	0.04509481496877377	0.01048082453360301	0.9444243604976231	0.010072242623549882	0.09572715371382001	0.89420060366263	0.010072242623549882	0.0	0.989519175466397	reverted	reverted	reverted	reverted	reverted	0.868524739899674	0.0	0.0	0.0	0.0	0.0	0.010480824533603012
TAGGCCACAAGGTCAT-E15S	Tumor	E15S	1	135445.0	0.7578328180648118	0.6359288653710957	-0.09790312182785174	0.12486786118951773	0.03455120567772533	0.014060117020350163	0.9513886773019243	0.04814382366714424	0.305660142754839	0.6461960335780167	0.04814382366714424	0.9513886773019246	0.0	reverted	partial	reverted	partial	persistent	0.017799218021986453	0.0	0.0	0.0	0.034551205677725336	0.014060117020350166	0.0
ATCATGGTCATGTGGC-E15S	Tumor	E15S	1	131688.0	0.1132882159079625	0.8554445804087334	0.07884383119219837	0.11894272317577988	0.049424437608706594	0.009224429916192874	0.9413511324751005	0.01310440335178864	0.1177655420145552	0.869130054633656	0.01310440335178864	0.0	0.9907755700838071	reverted	reverted	reverted	reverted	reverted	0.888932969558357	0.0	0.0	0.0	0.0	0.0	0.009224429916192874
ATCCTAGAGATTGCGC-E15S	Tumor	E15S	1	129172.0	0.9660679305351106	0.5407883366560096	0.09258951360038994	0.10376105290259363	0.05047018846683957	0.00882510875402649	0.9407047027791338	0.07770186496017295	0.4178763547497253	0.5044217802901019	0.07770186496017295	0.940704702779134	0.0	reverted	partial	reverted	partial	persistent	0.030382860781262823	0.0	0.0	0.0	0.05047018846683959	0.008825108754026492	0.0
CGCAAATCAATCTAAG-E15S	Tumor	E15S	1	138177.0	-0.006075842592988054	0.8812093639299986	0.10333081233950205	0.12634596456984976	0.053340831673874024	0.008957156010572577	0.9377020123155535	0.01106703096946263	0.10318079554938134	0.8857521734811561	0.01106703096946263	0.0	0.9910428439894273	reverted	reverted	reverted	reverted	reverted	0.9024773537927194	0.0	0.0	0.0	0.0	0.0	0.008957156010572575
GCTGCCTTCACAGACC-E15S	Tumor	E15S	1	131550.0	-0.1475712111228131	0.9065148575457393	0.19015062051344095	0.11510443735613043	0.06929637167081922	0.007887568065605938	0.9228160602635748	0.009401957761445997	0.09054492984090205	0.9000531123976518	0.009401957761445997	0.0	0.992112431934394	reverted	reverted	reverted	reverted	reverted	0.8557496839181559	0.0	0.0	0.0	0.0	0.0	0.007887568065605938
GCCACTTCACAAGCGC-E15S	Tumor	E15S	1	130998.0	0.18701499416535466	0.8373147034935975	0.19091070036597416	0.10894682237220135	0.06921393986957525	0.007822566298328915	0.9229634938320959	0.014745906799031	0.12898527964324064	0.8562688135577283	0.014745906799031	0.0	0.9921774337016711	reverted	reverted	reverted	reverted	partial	0.4734370677034112	0.0	0.0	0.0	0.0	0.0	0.007822566298328915
TATCAGTAGCAGGTGA-E15S	Tumor	E15S	1	136230.0	0.2233903402344242	0.8277149260762195	-0.3332654478458815	0.18511772292917417	0.031350097684202126	0.03313727278491558	0.9355126295308823	0.015687296869445012	0.13523905612277512	0.8490736470077799	0.015687296869445012	0.0	0.9668627272150845	reverted	reverted	reverted	reverted	partial	0.45475520488851046	0.0	0.0	0.0	0.0	0.0	0.03313727278491558
CTTGTGTTCATGCACA-E15S	Tumor	E15S	1	135642.0	-0.416123559551824	0.9415972864620893	-0.06064779062320527	0.16419249101869904	0.03913285354297459	0.013392337909324654	0.9474748085477007	0.007755075969971374	0.07682184220810606	0.9154230818219227	0.007755075969971374	0.0	0.9866076620906753	reverted	reverted	reverted	reverted	reverted	0.9499899582327803	0.0	0.0	0.0	0.0	0.0	0.013392337909324654
CACTCGCTCATGTGGC-E15S	Tumor	E15S	1	133021.0	-0.06611508479209997	0.892601696868093	0.04570263941916418	0.12961396227873068	0.046037870287012166	0.0099650219812961	0.9439971077316917	0.010275245944405702	0.09726936385343672	0.8924553902021575	0.010275245944405702	0.0	0.9900349780187039	reverted	reverted	reverted	reverted	reverted	0.926627130653076	0.0	0.0	0.0	0.0	0.0	0.009965021981296101
CAGTTAACACTTGCTA-E15S	Tumor	E15S	1	119309.0	1.1350901275429273	0.46096261120856774	0.1372357197529826	0.10084771144045308	0.05755412598681711	0.008233810929596129	0.9342120630835867	0.11174935253713682	0.515200454840286	0.37305019262257727	0.11174935253713682	0.9342120630835867	0.0	partial	partial	partial	partial	persistent	0.029807864413725797	0.0	0.0	0.0	0.05755412598681711	0.008233810929596129	0.0
CATACCAAGCATCTCT-E15S	Tumor	E15S	1	130633.0	0.05345655813241964	0.8688955710959977	-0.1230692899383892	0.16002290020848992	0.03534318253601636	0.015803537441486333	0.9488532800224975	0.011998126710404984	0.10994760372134167	0.8780542695682533	0.011998126710404984	0.0	0.9841964625585136	reverted	reverted	reverted	reverted	partial	0.6904596574300671	0.0	0.0	0.0	0.0	0.0	0.01580353744148633
GCCTCATCAAAGGAAT-E15S	Tumor	E15S	1	139862.0	0.057275384292077354	0.8680698027583841	-0.18508429801407547	0.15735452367232958	0.03279193169499865	0.019143554463767254	0.9480645138412339	0.012063350754285222	0.11041490112503001	0.8775217481206847	0.012063350754285222	0.0	0.9808564455362327	reverted	reverted	reverted	reverted	reverted	0.7611330643338969	0.0	0.0	0.0	0.0	0.0	0.019143554463767257
CTCATTATCCGTAGAC-E15S	Tumor	E15S	1	132031.0	0.23493231921754246	0.8245766012564396	-0.14885465375779863	0.1457263103588202	0.03341988102446668	0.01682521501093726	0.949754903964596	0.01600621936611929	0.13733033204725686	0.8466634485866237	0.01600621936611929	0.0	0.9831747849890627	reverted	reverted	reverted	reverted	partial	0.36559768532355696	0.0	0.0	0.0	0.0	0.0	0.01682521501093726
GCTTTGAAGTAGCCCG-E15S	Tumor	E15S	1	134013.0	-0.12804577084480123	0.9033348425218666	0.10686161426765159	0.12740850126781808	0.0539427678426279	0.00892226540182272	0.9371349667555493	0.009592152669417715	0.09203056904332699	0.8983772782872553	0.009592152669417715	0.0	0.9910777345981773	reverted	reverted	reverted	reverted	reverted	0.9117657663123369	0.0	0.0	0.0	0.0	0.0	0.008922265401822721
TGCACAGCACATTCCA-E15S	Tumor	E15S	1	125297.0	-0.12154592835106436	0.9022549951958136	0.36683645773366297	0.10304788294372938	0.1400555765237564	0.007184058836768878	0.8527603646394748	0.009658031697160513	0.09254221222947091	0.8977997560733686	0.009658031697160513	0.0	0.9928159411632311	reverted	reverted	reverted	reverted	persistent	0.215801717733729	0.0	0.0	0.0	0.0	0.0	0.007184058836768878
TGGCTTGGTTTGGTCG-E15S	Tumor	E15S	1	129689.0	0.15699490210518477	0.8449087459601051	0.13555304351498365	0.11855249908672294	0.05817135040899336	0.00844773384326387	0.9333809157477428	0.014036956859075855	0.12419129969933235	0.8617717434415917	0.014036956859075855	0.0	0.9915522661567362	reverted	reverted	reverted	reverted	partial	0.5119465279725348	0.0	0.0	0.0	0.0	0.0	0.00844773384326387
TAACCGATCCCATGCC-E15S	Tumor	E15S	1	120981.0	0.35855378916235525	0.7881205092734358	0.4258158348846368	0.08995079753630826	0.18586374232248626	0.0072112265745996945	0.806925031102914	0.020136749343052634	0.1633177571496158	0.8165454935073315	0.020136749343052634	0.0	0.9927887734254003	reverted	reverted	reverted	reverted	reverted	0.7153298932170066	0.0	0.0	0.0	0.0	0.0	0.0072112265745996945
GCGACAGGTGAGGATC-E15S	Tumor	E15S	1	132918.0	0.18773037268063886	0.8371301353343799	0.04999892613884148	0.11969060010059164	0.04591011060274863	0.009735245976734358	0.944354643420517	0.014763526934042672	0.12910348018445317	0.856132992881504	0.014763526934042672	0.0	0.9902647540232656	reverted	reverted	reverted	reverted	partial	0.5437939784756921	0.0	0.0	0.0	0.0	0.0	0.009735245976734358
CATTGGGCAATCGTCC-E15S	Tumor	E15S	1	131793.0	-0.014950970360244889	0.8829569494884708	0.08867222488897075	0.12338274158159797	0.05103188854609557	0.009131538872023842	0.9398365725818806	0.010941200601068523	0.10225166516593309	0.8868071342329984	0.010941200601068523	0.0	0.9908684611279761	reverted	reverted	reverted	reverted	reverted	0.708164167967015	0.0	0.0	0.0	0.0	0.0	0.009131538872023842
CTAGAAGGTGAGGCCA-E15S	Tumor	E15S	1	132245.0	0.38304733543069575	0.7802739150748336	-0.17913234128851765	0.1516850525425283	0.032680535981068334	0.018675751020842245	0.9486437129980894	0.021134189256486843	0.16932142028059913	0.809544390462914	0.021134189256486843	0.0	0.9813242489791577	reverted	reverted	reverted	reverted	partial	0.35645591697443735	0.0	0.0	0.0	0.0	0.0	0.018675751020842245
CCTCTTGAGTGAAGTA-E15S	Tumor	E15S	1	133593.0	-0.426629673880286	0.9426814974173767	-0.19543822931806273	0.19272906019570724	0.034497958172355465	0.020419544226978427	0.945082497600666	0.0077214683690758745	0.07650551421532532	0.9157730174155987	0.0077214683690758745	0.0	0.9795804557730216	reverted	reverted	reverted	reverted	reverted	0.9614135171872206	0.0	0.0	0.0	0.0	0.0	0.02041954422697843
ACTGCCCTCACCCTGC-E15S	Tumor	E15S	1	118463.0	0.7222019440594715	0.6513984872181845	-0.054813321076541965	0.12760487491816774	0.03718359968999361	0.012510845934089252	0.9503055543759171	0.04433086773986037	0.28879972957943373	0.6668694026807058	0.04433086773986037	0.9503055543759171	0.0	reverted	partial	reverted	partial	persistent	0.27670221051059174	0.0	0.0	0.0	0.03718359968999361	0.012510845934089252	0.0
AACTCAACAAGCCATG-E15S	Tumor	E15S	1	126782.0	0.8346074525943831	0.6016611486902947	-0.06732063180430808	0.12233606950493635	0.036104823392877135	0.012849557848541016	0.951045618758582	0.057529366982227916	0.3446178329557865	0.5978528000619855	0.057529366982227916	0.951045618758582	0.0	reverted	partial	reverted	partial	persistent	0.0805357715227484	0.0	0.0	0.0	0.036104823392877135	0.012849557848541016	0.0
ACAGGTAGTTGAGTGA-E15S	Tumor	E15S	1	134428.0	0.6101241562598732	0.6979115220799738	0.006464838896530101	0.11815969613507617	0.04137603265105931	0.010634530025170784	0.9479894373237698	0.03431358501174138	0.2412056495895674	0.7244807653986913	0.03431358501174138	0.94798943732377	0.0	reverted	partial	reverted	partial	partial	0.48186482806281666	0.0	0.0	0.0	0.04137603265105932	0.010634530025170785	0.0
ATCTGTGAGGTGGACA-E15S	Tumor	E15S	1	133913.0	-0.2738079950084039	0.9248948082457027	-0.16898743895005378	0.1773059345824202	0.03448351635075306	0.018521813934721	0.946994669714526	0.00842313153928539	0.08264930932782921	0.9089275591328854	0.00842313153928539	0.0	0.981478186065279	reverted	reverted	reverted	reverted	reverted	0.8359775146281815	0.0	0.0	0.0	0.0	0.0	0.018521813934721
GTCCGCTTCGCGAACT-E15S	Tumor	E15S	1	130018.0	-0.19330148917718684	0.9135979560080486	0.1885609961086936	0.12229684845525035	0.06924898945738577	0.007973702807634517	0.9227773077349797	0.008999450572793475	0.08735483858469514	0.9036457108425114	0.008999450572793475	0.0	0.9920262971923655	reverted	reverted	reverted	reverted	inducing	0.9551982033923391	0.0	0.0	0.0	0.0	0.0	0.007973702807634517
ACGACGAAGCCACTCC-E15S	Tumor	E15S	1	125028.0	-0.16216528888577442	0.908830128098219	-0.003330353075909648	0.14210574563379041	0.04199633074083878	0.011268771009599976	0.9467348982495613	0.009267125536953778	0.08948364337062212	0.901249231092424	0.009267125536953778	0.0	0.9887312289904	reverted	reverted	reverted	reverted	reverted	0.9733548439739765	0.0	0.0	0.0	0.0	0.0	0.011268771009599976
CTCATCCGTTGACGAA-E15S	Tumor	E15S	1	127009.0	0.07412793724239654	0.8643728584921587	0.13553769870132723	0.11639392153015174	0.058049306957259635	0.008422477261480045	0.9335282157812602	0.012359658555181233	0.1125274198473513	0.8751129215974677	0.012359658555181233	0.0	0.99157752273852	reverted	reverted	reverted	reverted	partial	0.6375432039180282	0.0	0.0	0.0	0.0	0.0	0.008422477261480047
AGTGCTTGTGACTTCG-E15S	Tumor	E15S	1	128347.0	0.22385909253049943	0.8275883406732364	-0.1137314762491394	0.1493249715778376	0.03513890681383126	0.015173315406475716	0.949687777779693	0.01570005315592228	0.13532296212803904	0.8489769847160387	0.01570005315592228	0.0	0.9848266845935243	reverted	reverted	reverted	reverted	partial	0.5196007122717476	0.0	0.0	0.0	0.0	0.0	0.015173315406475716
ATCAACTAGGCTTGGT-E15S	Tumor	E15S	1	126638.0	0.008557307973732045	0.8782786910017104	-0.25528538837253867	0.17369467883785392	0.03188127067818924	0.02468905806771878	0.9434296712540919	0.011281574156447784	0.104756596181918	0.8839618296616342	0.011281574156447784	0.0	0.9753109419322812	reverted	reverted	reverted	reverted	reverted	0.7393970251785036	0.0	0.0	0.0	0.0	0.0	0.02468905806771878
TGCTTAAGTTGTAGAG-E15S	Tumor	E15S	1	132769.0	-0.1425098040391966	0.9056996542585277	-0.18303847941332782	0.1759725582086261	0.033901475323476905	0.019335018524272954	0.9467635061522502	0.009450167504499328	0.09092273314658857	0.899627099348912	0.009450167504499328	0.0	0.9806649814757271	reverted	reverted	reverted	reverted	reverted	0.7963873866221601	0.0	0.0	0.0	0.0	0.0	0.019335018524272954
TGTGCCAGTCAAGGTA-E15S	Tumor	E15S	1	125739.0	0.0709988693932117	0.8650658222621922	-0.4064333125108549	0.2171452741368624	0.032087308974433515	0.043198939096430425	0.9247137519291362	0.012303581790879793	0.11212890855772495	0.8755675096513953	0.012303581790879793	0.0	0.9568010609035695	reverted	reverted	reverted	reverted	persistent	0.2626630455614254	0.0	0.0	0.0	0.0	0.0	0.04319893909643042
ATGCCCAGTGAGCGCA-E15S	Tumor	E15S	1	128338.0	0.6313083156337624	0.6893896811824178	-0.2881311142000149	0.15128528467713231	0.030489696880403466	0.027857333859059714	0.9416529692605369	0.03599524630358502	0.2495607232702006	0.7144440304262144	0.03599524630358502	0.9416529692605369	0.0	reverted	partial	reverted	partial	persistent	0.06751042110038326	0.0	0.0	0.0	0.030489696880403466	0.027857333859059714	0.0
ACCACGTAGTTGGCTA-E15S	Tumor	E15S	1	125473.0	-0.28094882553358297	0.9258284977605226	-0.36841784798403976	0.21226069886155677	0.032118881098241174	0.0374680500738321	0.9304130688279266	0.008379472989780768	0.08228421677196822	0.909336310238251	0.008379472989780768	0.0	0.9625319499261679	reverted	reverted	reverted	reverted	reverted	0.9628807467698898	0.0	0.0	0.0	0.0	0.0	0.03746805007383211
ATGGTGAGTTAAGTGG-E15S	Tumor	E15S	1	124632.0	-0.15756444077885168	0.9081058523369611	-0.20708015130868426	0.18923966921399574	0.033910187890979826	0.02112924635062751	0.9449605657583926	0.00930896998779883	0.08981375749686796	0.9008772725153332	0.00930896998779883	0.0	0.9788707536493725	reverted	reverted	reverted	reverted	reverted	0.9754015969678772	0.0	0.0	0.0	0.0	0.0	0.021129246350627514
TCTGTGAAGAAGCGCA-E15S	Tumor	E15S	1	129143.0	-0.11869508291436207	0.9017779869887004	-0.13881115785956835	0.16680095267747222	0.03505275289142603	0.01669616894479478	0.9482510781637793	0.009687339380484022	0.09276935823739133	0.8975433023821248	0.009687339380484022	0.0	0.9833038310552051	reverted	reverted	reverted	reverted	reverted	0.9481770603049352	0.0	0.0	0.0	0.0	0.0	0.016696168944794778
CACGGTTAGCTATGGC-E15S	Tumor	E15S	1	117965.0	-0.20771415858311398	0.9157276086154967	0.3651663528944753	0.10693157100826074	0.13864961857662234	0.007195700787857142	0.8541546806355205	0.008884379119163378	0.08642983057227971	0.9046857903085569	0.008884379119163378	0.0	0.9928042992121429	reverted	reverted	reverted	reverted	reverted	0.9516556435512029	0.0	0.0	0.0	0.0	0.0	0.007195700787857142
GCTCTATTCGATGGGA-E15S	Tumor	E15S	1	130901.0	0.48941877110195026	0.7438137657589414	-0.04215465394640547	0.12872289263677011	0.038105258200966614	0.012125625898535223	0.9497691159004981	0.02632477305928561	0.19914442103183752	0.774530805908877	0.02632477305928561	0.0	0.9878743741014647	reverted	reverted	reverted	reverted	partial	0.6780780487721643	0.0	0.0	0.0	0.0	0.0	0.012125625898535223
ACTCCGCTCCCGTTGC-E15S	Tumor	E15S	1	122574.0	0.8293748401709251	0.6040328937216425	0.14168841083650943	0.1055503229323889	0.058604279522217445	0.008234700297446834	0.9331610201803358	0.05683629772404346	0.34185665899662404	0.6013070432793325	0.05683629772404346	0.9331610201803358	0.0	reverted	partial	reverted	partial	partial	0.4457348645594476	0.0	0.0	0.0	0.058604279522217445	0.008234700297446834	0.0
CAATTAGCAATCTGCC-E15S	Tumor	E15S	1	129608.0	-0.03966104212660507	0.8877054389256356	-0.15359088141772745	0.15980817823272445	0.034025457848183234	0.01733290919460476	0.948641632957212	0.010607268876252126	0.09976748185261651	0.8896252492711312	0.010607268876252126	0.0	0.9826670908053953	reverted	reverted	reverted	reverted	persistent	0.13862738799340105	0.0	0.0	0.0	0.0	0.0	0.01733290919460476
GTTCCCGCAACATCGG-E15S	Tumor	E15S	1	126104.0	0.18243448021692907	0.8384924871459427	0.004829972902370069	0.13079710640135167	0.04198990048696142	0.01087293241622924	0.9471371670968093	0.01463390550396763	0.12823288963361607	0.8571332048624163	0.01463390550396763	0.0	0.9891270675837708	reverted	reverted	reverted	reverted	partial	0.6213870618695699	0.0	0.0	0.0	0.0	0.0	0.010872932416229242
GCTAGGGGTAATGCTC-E15S	Tumor	E15S	1	123264.0	1.3510328793561133	0.3623265467457421	0.013786113559545995	0.10817572547525789	0.04149382464650457	0.01032039202883444	0.948185783324661	0.16704819077047542	0.6168781347290071	0.21607367450051743	0.16704819077047542	0.948185783324661	0.0	partial	partial	partial	partial	persistent	0.09747222043480595	0.0	0.0	0.0	0.04149382464650457	0.01032039202883444	0.0
TCAACCAAGTCGAGTC-E15S	Tumor	E15S	1	126198.0	-0.4806384988150944	0.9479625777456094	-0.3466876272397187	0.23297354309094975	0.0332691444184371	0.03429656127704605	0.932434294304517	0.007580027250324912	0.0751086590560502	0.917311313693625	0.007580027250324912	0.0	0.965703438722954	reverted	reverted	reverted	reverted	reverted	0.9902936483603901	0.0	0.0	0.0	0.0	0.0	0.03429656127704605
AAGTTTCAGGATGTAA-E15S	Tumor	E15S	1	125183.0	-0.30615431397581644	0.9290394307174833	0.17245351708043835	0.12495545803636936	0.06576316442615661	0.0081425767053573	0.9260942588684863	0.008234436500445934	0.0810599287036958	0.9107056347958582	0.008234436500445934	0.0	0.9918574232946427	reverted	reverted	reverted	reverted	reverted	0.8982391418061771	0.0	0.0	0.0	0.0	0.0	0.008142576705357299
GTCTAACGTAATGGTG-E15S	Tumor	E15S	1	126342.0	-0.47541759663282596	0.9474728421928338	0.09666347691982684	0.15028329278678523	0.05394492316137632	0.009409129102785182	0.9366459477358384	0.0075914525148419515	0.07522722340242387	0.9171813240827341	0.0075914525148419515	0.0	0.9905908708972149	reverted	reverted	reverted	reverted	reverted	0.8617741154505857	0.0	0.0	0.0	0.0	0.0	0.009409129102785184
TAATAGCTCCGTTAGA-E15S	Tumor	E15S	1	126609.0	0.2966982561915289	0.8070158523490685	0.06949166868244608	0.11708998472073992	0.04810149307751988	0.009352536887143903	0.9425459700353361	0.017895666175032666	0.14945812224876417	0.832646211576203	0.017895666175032666	0.0	0.9906474631128561	reverted	reverted	reverted	reverted	persistent	0.20619232826856781	0.0	0.0	0.0	0.0	0.0	0.009352536887143905
CGTATCCCATGATTAG-E15S	Tumor	E15S	1	126723.0	-0.22418230832749453	0.9181025585743289	-0.0682449175205111	0.16409596063884108	0.03863090942255162	0.01365470492849076	0.9477143856489575	0.008759453793255385	0.08541814104906575	0.9058224051576789	0.008759453793255385	0.0	0.9863452950715093	reverted	reverted	reverted	reverted	reverted	0.861185393329688	0.0	0.0	0.0	0.0	0.0	0.013654704928490762
CCACTATTCCCGCACT-E15S	Tumor	E15S	1	122019.0	0.16573206411384256	0.8427288899772368	0.10537351650133575	0.12293910168319007	0.05344303735375344	0.008883080579113597	0.9376738820671331	0.014237273227336509	0.1255535284819456	0.8602091982907178	0.014237273227336509	0.0	0.9911169194208863	reverted	reverted	reverted	reverted	partial	0.5594017767546332	0.0	0.0	0.0	0.0	0.0	0.008883080579113595
CTGACAATCGTTAGCA-E15S	Tumor	E15S	1	121650.0	0.6457888249495876	0.6834892557211063	-0.27656803931890317	0.16606379787676648	0.031192466789488685	0.026661633153755786	0.9421459000567556	0.037198598528211814	0.25544366031750665	0.7073577411542816	0.037198598528211814	0.9421459000567556	0.0	reverted	partial	reverted	partial	persistent	0.24640365635199477	0.0	0.0	0.0	0.031192466789488685	0.026661633153755786	0.0
TAGTCCTTCGTTAGTG-E15S	Tumor	E15S	1	130154.0	0.0915294837854592	0.8604642151242918	0.07923368609542537	0.12194876543861984	0.04965694751405655	0.009259261907862719	0.9410837905780807	0.012680603785661547	0.11479698618054833	0.8725224100337902	0.012680603785661547	0.0	0.9907407380921373	reverted	reverted	reverted	reverted	partial	0.6890233696725696	0.0	0.0	0.0	0.0	0.0	0.009259261907862719
TGCCACCTCACACCAA-E15S	Tumor	E15S	1	117584.0	-0.3599263575709745	0.9354643633818959	0.04606819175272124	0.15753598943441213	0.04800847326216876	0.010426382910866625	0.9415651438269647	0.007970075197538298	0.07877072541700081	0.9132591993854609	0.007970075197538298	0.0	0.9895736170891334	reverted	reverted	reverted	reverted	partial	0.6562721534112612	0.0	0.0	0.0	0.0	0.0	0.010426382910866625
CAAGATGGTCATTACA-E15S	Tumor	E15S	1	123898.0	0.24634139631719454	0.8214303536217994	0.04471705229927542	0.12610287438382245	0.04570632186523154	0.009930610737529962	0.9443630673972385	0.016331562295519134	0.13945003728975505	0.8442184004147257	0.016331562295519134	0.0	0.99006938926247	reverted	reverted	reverted	reverted	reverted	0.7593137315848645	0.0	0.0	0.0	0.0	0.0	0.009930610737529962
AGCGAACGTTGTGCGC-E15S	Tumor	E15S	1	128957.0	0.17765540024073154	0.8397139794513109	0.00827435295030056	0.1330120663056229	0.04244491197230118	0.010826889962409101	0.9467281980652897	0.014518545742944373	0.1274560171275071	0.8580254371295485	0.014518545742944373	0.0	0.9891731100375909	reverted	reverted	reverted	reverted	persistent	0.06101122712772681	0.0	0.0	0.0	0.0	0.0	0.010826889962409101
TCTCGATTCACCAAGC-E15S	Tumor	E15S	1	128828.0	0.12257488733588487	0.8532569042462769	-0.10475971504672246	0.1496572024876021	0.035603234068900626	0.014788593032052698	0.9496081728990468	0.013293221861940291	0.11907814066481374	0.8676286374732459	0.013293221861940291	0.0	0.9852114069679474	reverted	reverted	reverted	reverted	reverted	0.7567285479521457	0.0	0.0	0.0	0.0	0.0	0.014788593032052698
GCGACTTAGTGAAGGT-E15S	Tumor	E15S	1	128430.0	0.6203919613217588	0.6937975825469633	-0.11209647680747079	0.14023230231529124	0.03469139813914037	0.014933729129426063	0.9503748727314336	0.03511719758818045	0.24521809033068637	0.7196647120811331	0.03511719758818045	0.9503748727314336	0.0	reverted	partial	reverted	partial	partial	0.3281736389133715	0.0	0.0	0.0	0.03469139813914037	0.014933729129426063	0.0
TCCATCCGTTACACGT-E15S	Tumor	E15S	1	119915.0	-0.2554755922129182	0.9224481409757104	0.11810276778513806	0.13340808855633457	0.05608874861510709	0.008852680251552107	0.9350585711333408	0.008540565644773712	0.08362439348599544	0.9078350408692308	0.008540565644773712	0.0	0.9911473197484479	reverted	reverted	reverted	reverted	reverted	0.8906843600689538	0.0	0.0	0.0	0.0	0.0	0.008852680251552109
CCATTAAGTTAAGCGA-E15S	Tumor	E15S	1	126902.0	0.12351516564674349	0.8530338798034639	0.046213506358685555	0.13235154844713995	0.046271316813197357	0.00999768171201956	0.943731001474783	0.013312612145071434	0.1192125942659741	0.8674747935889545	0.013312612145071434	0.0	0.9900023182879805	reverted	reverted	reverted	reverted	partial	0.5582508952367988	0.0	0.0	0.0	0.0	0.0	0.009997681712019561
TGCCTGCTCATGAGCC-E15S	Tumor	E15S	1	124090.0	-0.05658789035206023	0.8908603711096702	-0.3367134833917138	0.20527655599276637	0.032123971572246904	0.03336187623592545	0.9345141521918277	0.010391887028942923	0.09815029904995932	0.8914578139210979	0.010391887028942923	0.0	0.9666381237640745	reverted	reverted	reverted	reverted	reverted	0.8970792674854356	0.0	0.0	0.0	0.0	0.0	0.03336187623592545
CCGCATTCAACCTCGT-E15S	Tumor	E15S	1	122112.0	0.3826438132381844	0.7804048599848056	0.22061027170096353	0.11044079715293123	0.07701547639310746	0.0076337342959833816	0.9153507893109093	0.021117211724453935	0.16922003070363856	0.8096627575719074	0.021117211724453935	0.0	0.9923662657040165	reverted	reverted	reverted	reverted	partial	0.49230603406019185	0.0	0.0	0.0	0.0	0.0	0.00763373429598338
ATTCGGGCAATCAGGT-E15S	Tumor	E15S	1	113657.0	0.7755812856017638	0.6281145995616126	0.24478092537149465	0.09609581278930276	0.0839935729763716	0.0073996514569669965	0.9086067755666615	0.05016772804741403	0.31435695888007764	0.6354753130725083	0.05016772804741403	0.9086067755666615	0.0	reverted	partial	reverted	partial	persistent	0.08581535149596264	0.0	0.0	0.0	0.0839935729763716	0.0073996514569669965	0.0
ACAACTTAGCATAGCC-E15S	Tumor	E15S	1	124074.0	0.14934144009026218	0.8467979028093094	0.026952028605751924	0.1339136843597917	0.04431351958651731	0.010418034055742983	0.9452684463577395	0.013865412469099241	0.12301978970274655	0.8631147978281541	0.013865412469099241	0.0	0.9895819659442571	reverted	reverted	reverted	reverted	partial	0.6928189686537654	0.0	0.0	0.0	0.0	0.0	0.010418034055742985
AGTCGGGGTAGTGCTT-E15S	Tumor	E15S	1	119120.0	0.5574044650052932	0.7185294315509059	-0.03771709372437598	0.13014933048340746	0.038505154383801365	0.012014312402352909	0.9494805332138457	0.030509600259072168	0.22169388448532965	0.7477965152555982	0.030509600259072168	0.0	0.9879856875976472	reverted	reverted	reverted	reverted	persistent	0.03312768615228364	0.0	0.0	0.0	0.0	0.0	0.012014312402352909
CTGATAGTCACGCACG-E15S	Tumor	E15S	1	117085.0	-0.45957602526184865	0.9459600854711299	0.36657037039694107	0.11138746290271885	0.13907602128518426	0.00720909296077586	0.8537148857540398	0.007629035199573478	0.07560834457704689	0.9167626202233796	0.007629035199573478	0.0	0.9927909070392241	reverted	reverted	reverted	reverted	reverted	0.9470926812935969	0.0	0.0	0.0	0.0	0.0	0.007209092960775861
GCCGTTGAGGATCATT-E15S	Tumor	E15S	1	122986.0	0.3090059095350438	0.8033610611648919	0.27311676886971425	0.10122256338835352	0.0940410763384984	0.007323844335964592	0.8986350793255371	0.018311900792743866	0.15207321498421425	0.8296148842230419	0.018311900792743866	0.0	0.9926761556640353	reverted	reverted	reverted	reverted	partial	0.5399213725208155	0.0	0.0	0.0	0.0	0.0	0.00732384433596459
GCCACTTCAAACTGGT-E15S	Tumor	E15S	1	119370.0	0.5951149519877601	0.7038683242131417	-0.05505718197411902	0.131027919692802	0.03736612929632336	0.01257730662854432	0.9500565640751325	0.033176722719532356	0.23546571785607062	0.7313575594243971	0.033176722719532356	0.0	0.9874226933714556	reverted	reverted	reverted	reverted	partial	0.5016317630605435	0.0	0.0	0.0	0.0	0.0	0.012577306628544317
AAAGCAATCCACCGTC-E15S	Tumor	E15S	1	119483.0	1.4560966250985223	0.31773897699285186	-0.026603531237028744	0.11063441497576755	0.038224368247253726	0.011379496606740569	0.9503961351460058	0.19744045215274272	0.6478490686122638	0.15471047923499343	0.19744045215274272	0.9503961351460056	0.0	partial	partial	partial	partial	persistent	0.02948685812201931	0.0	0.0	0.0	0.03822436824725372	0.011379496606740567	0.0
AATGTGTTCCTCGTCA-E15S	Tumor	E15S	1	120917.0	0.32734256677842694	0.7978194041233934	-0.1783434642939921	0.15396597379282123	0.03282519355200458	0.018664257352491526	0.9485105490955039	0.018958617942458192	0.15609841710450173	0.82494296495304	0.018958617942458192	0.0	0.9813357426475084	reverted	reverted	reverted	reverted	persistent	0.280474887172675	0.0	0.0	0.0	0.0	0.0	0.018664257352491526
TCCCCTAAGCGATCAC-E15S	Tumor	E15S	1	126216.0	-0.031000819150245527	0.8860606818294372	-0.3944299374847563	0.21947024537618548	0.0322199881120591	0.041153513891562854	0.9266264979963779	0.010721611551571497	0.10062118723760978	0.8886572012108187	0.010721611551571497	0.0	0.9588464861084371	reverted	reverted	reverted	reverted	reverted	0.8039099599202694	0.0	0.0	0.0	0.0	0.0	0.04115351389156286
GTAACCTGTAACGCGG-E15S	Tumor	E15S	1	121149.0	-0.04808581205377144	0.8892855395029944	-0.10140296111791922	0.16011076527742912	0.036429642377853566	0.01485038823212744	0.9487199693900191	0.010498747596650359	0.09895416745605708	0.8905470849472927	0.010498747596650359	0.0	0.9851496117678726	reverted	reverted	reverted	reverted	reverted	0.7513766614327168	0.0	0.0	0.0	0.0	0.0	0.01485038823212744
CCACGATAGTTACGAT-E15S	Tumor	E15S	1	125219.0	-0.03936765995296462	0.8876500605347812	0.26167881692962114	0.10815144059428232	0.08991744119040511	0.007410559918829456	0.9026719988907654	0.010611095871076998	0.09979610823940034	0.8895927958895227	0.010611095871076998	0.0	0.9925894400811706	reverted	reverted	reverted	reverted	partial	0.5813183913114868	0.0	0.0	0.0	0.0	0.0	0.007410559918829456
GCGAGTTTCGTGAGAG-E15S	Tumor	E15S	1	121494.0	-0.28681128750893825	0.92658704221622	-0.2391328815938654	0.2047870511407414	0.03391070365517214	0.023705650995701544	0.9423836453491264	0.008344487652922221	0.0819905608188444	0.9096649515282333	0.008344487652922221	0.0	0.9762943490042986	reverted	reverted	reverted	reverted	memory	0.913453513065124	0.0	0.0	0.0	0.0	0.0	0.023705650995701544
GCAATGAGTAAGTGGC-E15S	Tumor	E15S	1	121728.0	0.38872057431840085	0.7784269853337091	-0.42571258396591016	0.2080341741451546	0.031798945251008105	0.047137968053949555	0.9210630866950424	0.021374866327669377	0.17075582647704665	0.8078693071952838	0.021374866327669377	0.0	0.9528620319460503	reverted	reverted	reverted	reverted	persistent	0.06616688408176676	0.0	0.0	0.0	0.0	0.0	0.04713796805394954
TACCCAGGTTTAGCAC-E15S	Tumor	E15S	1	117958.0	1.3441248374438626	0.3653535674474237	0.13517512888900998	0.0969224259546613	0.05699381125192082	0.008216840455626803	0.9347893482924524	0.16511612592264968	0.6143555766260166	0.2205282974513337	0.16511612592264968	0.9347893482924524	0.0	partial	partial	partial	partial	persistent	0.12487181997714877	0.0	0.0	0.0	0.05699381125192082	0.008216840455626803	0.0
TGCTACTTCCTGCGAG-E15S	Tumor	E15S	1	120055.0	0.30457488513414055	0.8046828546630914	0.2849131549153878	0.10146684616224654	0.09865412241524542	0.007289386404157676	0.8940564911805969	0.0181604293686457	0.15112381142945075	0.8307157592019034	0.0181604293686457	0.0	0.9927106135958423	reverted	reverted	reverted	reverted	persistent	0.11097601264111316	0.0	0.0	0.0	0.0	0.0	0.007289386404157676
TACAGGGAGCAGGTCT-E15S	Tumor	E15S	1	123669.0	0.2050656728375595	0.8326059228765049	0.04834556589891158	0.13101026449937808	0.046425267653892904	0.009935496634812219	0.9436392357112948	0.015201286722269865	0.1320258364716093	0.8527728768061209	0.015201286722269865	0.0	0.9900645033651878	reverted	reverted	reverted	reverted	persistent	0.27937463601143947	0.0	0.0	0.0	0.0	0.0	0.00993549663481222
CGTGATTGTAGCGCCT-E15S	Tumor	E15S	1	129389.0	0.09085360616045395	0.8606177728421683	0.2594124124425353	0.112249659701143	0.08918130163375401	0.007449132289681723	0.9033695660765642	0.012667845675412435	0.11470712665941338	0.8726250276651741	0.012667845675412435	0.0	0.9925508677103183	reverted	reverted	reverted	reverted	reverted	0.9803227477152907	0.0	0.0	0.0	0.0	0.0	0.007449132289681724
AATGAACGTTGCTTGG-E15S	Tumor	E15S	1	119990.0	0.15459984441137162	0.8455019705992908	0.39323358405345443	0.09684390988652446	0.15859786681611857	0.007179146622930392	0.8342229865609511	0.013982883869435749	0.12382252098223692	0.8621945951483273	0.013982883869435749	0.0	0.9928208533770696	reverted	reverted	reverted	reverted	partial	0.34180026293316895	0.0	0.0	0.0	0.0	0.0	0.007179146622930392
CACTGCCTCCTCACTG-E15S	Tumor	E15S	1	119534.0	0.020192041094449498	0.8759042744685576	-0.01846461520866513	0.14955606430755056	0.04122395910265684	0.011805864828802318	0.9469701760685407	0.01145863067333507	0.10604934873632102	0.8824920205903438	0.01145863067333507	0.0	0.9881941351711977	reverted	reverted	reverted	reverted	persistent	0.27608576596334494	0.0	0.0	0.0	0.0	0.0	0.01180586482880232
GCTTGGGTCACTGGCG-E15S	Tumor	E15S	1	119803.0	0.3191072405401977	0.8003225706900123	0.04999754953620113	0.12235457073479306	0.04607084308810044	0.009773773485906143	0.9441553834259935	0.01866415024785335	0.154271269178596	0.8270645805735506	0.01866415024785335	0.0	0.9902262265140939	reverted	reverted	reverted	reverted	reverted	0.8205493503898554	0.0	0.0	0.0	0.0	0.0	0.009773773485906143
CACTCACCATCGATCC-E15S	Tumor	E15S	1	113475.0	0.23162686046793324	0.8254799451983286	-0.3638235750848875	0.20557900851545102	0.03189689061676687	0.03696289215380203	0.9311402172294311	0.015913848962717518	0.13672600988605102	0.8473601411512314	0.015913848962717518	0.0	0.963037107846198	reverted	reverted	reverted	reverted	partial	0.3183585450038212	0.0	0.0	0.0	0.0	0.0	0.03696289215380204
CAACGGGGTAACTCTA-E15S	Tumor	E15S	1	116443.0	-0.05991845859510131	0.8914719120111427	0.06232177328838508	0.1405488009339828	0.04870275987234852	0.009825581877838512	0.941471658249813	0.010350741596977646	0.09783996825807091	0.8918092901449515	0.010350741596977646	0.0	0.9901744181221616	reverted	reverted	reverted	reverted	persistent	0.2525326573933256	0.0	0.0	0.0	0.0	0.0	0.009825581877838512
CAGCTATGTATGTGAG-E15S	Tumor	E15S	1	118740.0	-0.3573740065208316	0.9351720378946888	0.0111003491809651	0.15756883926366722	0.04439124368636063	0.01119614795100567	0.9444126083626337	0.007981291073598346	0.07886977999722063	0.9131489289291811	0.007981291073598346	0.0	0.9888038520489943	reverted	reverted	reverted	reverted	reverted	0.9893718775841729	0.0	0.0	0.0	0.0	0.0	0.01119614795100567
GCCTCATCATGGCTTC-E15S	Tumor	E15S	1	126032.0	-0.41108768150815317	0.94107079919323	-0.14252251536109958	0.1796688153696777	0.035711421492211834	0.017141137107889812	0.9471474413998984	0.00777190571359507	0.07697873290086295	0.9152493613855419	0.00777190571359507	0.0	0.9828588628921102	reverted	reverted	reverted	reverted	reverted	0.9789702396556866	0.0	0.0	0.0	0.0	0.0	0.017141137107889812
AAATGCAAGTATGGTT-E15S	Tumor	E15S	1	117965.0	-0.06071973150663633	0.8916185876062532	0.3186125418561866	0.10965043665854612	0.1132894637214403	0.007255415929972154	0.8794551203485875	0.010340902284949908	0.09776568965807053	0.8918934080569796	0.010340902284949908	0.0	0.9927445840700279	reverted	reverted	reverted	reverted	reverted	0.9392055040917611	0.0	0.0	0.0	0.0	0.0	0.007255415929972154
AAACGCCTCCGCTGTC-E15S	Tumor	E15S	1	120150.0	0.4784914700763726	0.7477358598166653	0.13878302553583072	0.11290264055122554	0.05844695300988269	0.008346095053847351	0.93320695193627	0.025720270392211655	0.19578360389102278	0.7784961257167656	0.025720270392211655	0.0	0.9916539049461527	reverted	reverted	reverted	reverted	partial	0.4319915944577003	0.0	0.0	0.0	0.0	0.0	0.008346095053847351
ATGCTGATCACATTCC-E15S	Tumor	E15S	1	121621.0	0.8861561719642052	0.5780568962674676	-0.07064328928029451	0.12448381840475788	0.036023178853769475	0.013002983668484886	0.9509738374777454	0.06479643925089702	0.3725431895729189	0.5626603711761841	0.06479643925089702	0.9509738374777457	0.0	reverted	partial	reverted	partial	persistent	0.15178595458749505	0.0	0.0	0.0	0.03602317885376948	0.01300298366848489	0.0
TCGCAATGTCAGTAGA-E15S	Tumor	E15S	1	122928.0	0.5249566776364016	0.7307846832047187	-0.0434439111758019	0.13132477075913934	0.038169193957063155	0.012209948840696011	0.9496208572022409	0.02841771533625766	0.210573445948167	0.7610088387155753	0.02841771533625766	0.0	0.9877900511593041	reverted	reverted	reverted	reverted	persistent	0.10706027721736344	0.0	0.0	0.0	0.0	0.0	0.012209948840696011
CAATTGGTCATCATCC-E15S	Tumor	E15S	1	120957.0	0.5492946249482467	0.7216240859629209	0.14854167108126543	0.10884476643594183	0.06006576358338595	0.008197983038455793	0.9317362533781582	0.029969787734056248	0.2188520169040053	0.7511781953619385	0.029969787734056248	0.0	0.9918020169615442	reverted	reverted	reverted	reverted	reverted	0.7420565632168039	0.0	0.0	0.0	0.0	0.0	0.008197983038455793
ATGTCAACATGCTGCT-E15S	Tumor	E15S	1	117095.0	0.8251534584055894	0.6059427319626163	0.06179910995927129	0.11188190312701303	0.04684628245974466	0.00941428883119868	0.9437394287090567	0.05628302578722614	0.339639728803969	0.6040772454088049	0.05628302578722614	0.9437394287090567	0.0	reverted	partial	reverted	partial	persistent	0.23534610118985258	0.0	0.0	0.0	0.04684628245974466	0.00941428883119868	0.0
CTCATGTTCCGGGCTA-E15S	Tumor	E15S	1	122074.0	-0.003751372760753982	0.8807479410027462	0.00267426303551023	0.14400070782983856	0.04265675607901618	0.011151870862796736	0.9461913730581872	0.011100517017547383	0.1034274366961801	0.8854720462862725	0.011100517017547383	0.0	0.9888481291372032	reverted	reverted	reverted	reverted	partial	0.564815045547759	0.0	0.0	0.0	0.0	0.0	0.011151870862796735
ACAGACAGTTAGGTTC-E15S	Tumor	E15S	1	122532.0	-0.3729528578323504	0.9369372837449609	-0.13791047264169756	0.18549149026712738	0.036307869536369004	0.017032422164186177	0.9466597082994448	0.007914834022522084	0.07827968059897551	0.9138054853785023	0.007914834022522084	0.0	0.9829675778358138	reverted	reverted	reverted	reverted	reverted	0.9793076536479763	0.0	0.0	0.0	0.0	0.0	0.017032422164186177
TAATAGCTCTCACCAT-E15S	Tumor	E15S	1	124066.0	0.2911881255932141	0.8086352685902323	0.15051138928258218	0.11630915740705687	0.06083014195247068	0.008259184715877922	0.9309106733316513	0.017713815056498154	0.14830943353952675	0.833976751403975	0.017713815056498154	0.0	0.9917408152841221	reverted	reverted	reverted	reverted	reverted	0.8329884714635677	0.0	0.0	0.0	0.0	0.0	0.008259184715877922
CCGGAACCAACTCGCT-E15S	Tumor	E15S	1	122082.0	0.011726073693472663	0.8776359145933054	-0.17072776107047924	0.1635931075676213	0.033609405790355096	0.018370236922433062	0.948020357287212	0.011329219367606894	0.10510514592275025	0.883565634709643	0.011329219367606894	0.0	0.9816297630775669	reverted	reverted	reverted	reverted	reverted	0.7264270487730876	0.0	0.0	0.0	0.0	0.0	0.01837023692243306
CCGGATTAGAACCTCA-E15S	Tumor	E15S	1	114995.0	0.6919657702611207	0.66428167327909	0.29673503418769964	0.09469626232835385	0.10367948678877041	0.007224863812364735	0.8890956493988648	0.04134509226428935	0.27513802637965	0.6835168813560607	0.04134509226428935	0.8890956493988649	0.0	reverted	partial	reverted	partial	persistent	0.21937286097704933	0.0	0.0	0.0	0.10367948678877043	0.007224863812364736	0.0
GTTCATGAGCATTCAG-E15S	Tumor	E15S	1	119928.0	0.21120781807893074	0.8309790142879674	-0.06474841823464977	0.1460755427053215	0.03765986105177898	0.013177571038537996	0.9491625679096829	0.015361469290849866	0.13308844207515594	0.8515500886339942	0.015361469290849866	0.0	0.986822428961462	reverted	reverted	reverted	reverted	partial	0.6461801314238936	0.0	0.0	0.0	0.0	0.0	0.013177571038537998
AGCCACTAGTTACACG-E15S	Tumor	E15S	1	117217.0	1.1175951717581833	0.46920219092541343	0.065371694311435	0.10465310062080879	0.04688672720732242	0.009260550893762948	0.9438527218989146	0.10780996186942932	0.5054305073689938	0.38675953076157704	0.10780996186942932	0.9438527218989147	0.0	partial	partial	partial	partial	persistent	0.04671177707301245	0.0	0.0	0.0	0.046886727207322426	0.00926055089376295	0.0
ATCATGGTCATGCTGA-E15S	Tumor	E15S	1	116932.0	0.15740402068435125	0.8448072268469193	-0.6162705568649014	0.2748689286074134	0.03363825655574872	0.0871675709091179	0.8791941725351332	0.014046229296080593	0.12425449226809175	0.8616992784358276	0.014046229296080593	0.0	0.9128324290908821	reverted	reverted	reverted	reverted	partial	0.6504776428936703	0.0	0.0	0.0	0.0	0.0	0.08716757090911792
AGCGGGACAGGAACGG-E15S	Tumor	E15S	1	119907.0	0.2203341633659491	0.8285384353985553	0.07540364824431534	0.12889237535621628	0.0495838710765509	0.009420256364283678	0.9409958725591655	0.015604529871252118	0.13469411630836828	0.8497013538203795	0.015604529871252118	0.0	0.9905797436357162	reverted	reverted	reverted	reverted	partial	0.5799642345983916	0.0	0.0	0.0	0.0	0.0	0.009420256364283676
ACGGGTTTCACGCTCC-E15S	Tumor	E15S	1	118111.0	-0.14334646116719893	0.9058348463896246	-0.2215027997682449	0.19562015115745443	0.03385922865946498	0.022247569651600654	0.9438932016889344	0.009442146204150209	0.09085993212917357	0.8996979216666763	0.009442146204150209	0.0	0.9777524303483994	reverted	reverted	reverted	reverted	reverted	0.8406542673179954	0.0	0.0	0.0	0.0	0.0	0.022247569651600654
CTTGCATTCAGTAGTT-E15S	Tumor	E15S	1	114942.0	1.3998456669960728	0.34125860319607165	0.05828204175532457	0.10496192568398789	0.046041237584767795	0.009386619980622249	0.9445721424346101	0.18094460978554874	0.6330247125789145	0.18603067763553677	0.18094460978554874	0.9445721424346099	0.0	partial	partial	partial	partial	persistent	0.018559961347121012	0.0	0.0	0.0	0.04604123758476779	0.009386619980622247	0.0
CTTGTCCGTGAACCGG-E15S	Tumor	E15S	1	114536.0	-0.07390480060335246	0.8940072497899977	0.1718875516191939	0.12707760369753526	0.0657531021159279	0.008172003992851668	0.9260748938912206	0.010182264518132353	0.09656443614582012	0.8932532993360476	0.010182264518132353	0.0	0.9918279960071484	reverted	reverted	reverted	reverted	persistent	0.2787573284059594	0.0	0.0	0.0	0.0	0.0	0.008172003992851668
ATCTGAGTCTAATGCG-E15S	Tumor	E15S	1	119572.0	-0.015417093834176688	0.8830481138000178	-0.21164995010332802	0.18072465181506628	0.03328129230496152	0.02130796884308222	0.9454107388519563	0.010934679760293177	0.1022034140160065	0.8868619062237004	0.010934679760293177	0.0	0.9786920311569178	reverted	reverted	reverted	reverted	memory	0.9815816056635834	0.0	0.0	0.0	0.0	0.0	0.02130796884308222
TAACAGCCAAGGGCAG-E15S	Tumor	E15S	1	118927.0	1.2688906978502845	0.3989665961588418	-0.3588632948821082	0.15786916399826892	0.030439918499635673	0.037344797972913145	0.9322152835274511	0.14469814873514414	0.5833428791588653	0.27195897210599057	0.14469814873514414	0.9322152835274512	0.0	partial	partial	partial	partial	persistent	0.00814735071477869	0.0	0.0	0.0	0.030439918499635676	0.03734479797291315	0.0
TGGTTCCCAACCAGGC-E15S	Tumor	E15S	1	114667.0	0.20634337657009177	0.8322685232716419	0.08253789664635855	0.1295872890747065	0.05057557621762413	0.009314479407250886	0.940109944375125	0.015234385749499015	0.13224569742440417	0.8525199168260968	0.015234385749499015	0.0	0.9906855205927491	reverted	reverted	reverted	reverted	reverted	0.7574788416775023	0.0	0.0	0.0	0.0	0.0	0.009314479407250886
GCACCCTTCCATTACC-E15S	Tumor	E15S	1	109894.0	0.7115644344421528	0.6559574360418999	0.16878003314344409	0.11117230692899312	0.06428779250096359	0.008027758881065076	0.9276844486179712	0.043254980952431916	0.28392488217858364	0.6728201368689845	0.043254980952431916	0.9276844486179714	0.0	reverted	partial	reverted	partial	persistent	0.021909503296887622	0.0	0.0	0.0	0.0642877925009636	0.008027758881065078	0.0
TGCAAAGGTAAGTAGT-E15S	Tumor	E15S	1	116168.0	1.168062101180979	0.44549520813847954	-0.055235415904769186	0.12388077050416975	0.03694537059921266	0.012462660158675467	0.9505919692421118	0.11941827284390429	0.5331868531179433	0.3473948740381523	0.11941827284390429	0.9505919692421119	0.0	partial	partial	partial	partial	persistent	0.1327635490086952	0.0	0.0	0.0	0.036945370599212664	0.012462660158675469	0.0
CCCGTTGCATGCTTCA-E15S	Tumor	E15S	1	117361.0	0.2800813787487322	0.8118679414109774	0.3105340540938963	0.10333152365723833	0.10969517696680192	0.007239313348817045	0.8830655096843809	0.017355495612383778	0.14603485061377064	0.8366096537738457	0.017355495612383778	0.0	0.992760686651183	reverted	reverted	reverted	reverted	reverted	0.7335242924624966	0.0	0.0	0.0	0.0	0.0	0.007239313348817046
ACCATTGAGCGCAACT-E15S	Tumor	E15S	1	117202.0	0.5664889456886651	0.7150381272720888	-0.06975884406758734	0.1328790228550501	0.03654945900725802	0.013114469860717784	0.9503360711320243	0.031128167813885704	0.2249273120206578	0.7439445201654564	0.031128167813885704	0.0	0.9868855301392822	reverted	reverted	reverted	reverted	partial	0.3170739863381665	0.0	0.0	0.0	0.0	0.0	0.01311446986071778
GGTTGGTTCGCTAGGT-E15S	Tumor	E15S	1	117367.0	-0.3093907764167641	0.9294423015059297	0.17136947283661258	0.13131172067423538	0.06587011271952059	0.008226367742807326	0.9259035195376721	0.008216816617996888	0.08090987795024962	0.9108733054317535	0.008216816617996888	0.0	0.9917736322571927	reverted	reverted	reverted	reverted	reverted	0.7606183733959706	0.0	0.0	0.0	0.0	0.0	0.008226367742807326
AGCAGCAAGCGGAGAC-E15S	Tumor	E15S	1	119113.0	0.18883468566403463	0.8368448907385045	-0.4803374784836093	0.23746926389702389	0.03258721305608492	0.05613010050156668	0.9112826864423482	0.014790794963483287	0.12928631278265149	0.8559228922538653	0.014790794963483287	0.0	0.9438698994984334	reverted	reverted	reverted	reverted	reverted	0.7489089946269165	0.0	0.0	0.0	0.0	0.0	0.05613010050156669
TCCCACGCAACCCTTA-E15S	Tumor	E15S	1	110117.0	-0.29480575749071386	0.9276099369797812	0.09070207664760684	0.13736168994908837	0.05220795338369943	0.00930086222484015	0.9384911843914604	0.008298009936366679	0.0815988539659894	0.9101031360976439	0.008298009936366679	0.0	0.9906991377751598	reverted	reverted	reverted	reverted	partial	0.6227378838504313	0.0	0.0	0.0	0.0	0.0	0.00930086222484015
GGGCAGACACTCAATT-E15S	Tumor	E15S	1	119897.0	0.14539467802431477	0.8477647214367805	0.05670773950741337	0.1263084902828617	0.047096106207770286	0.009707451347005071	0.9431964424452246	0.013778357069878767	0.12242350050365108	0.86379814242647	0.013778357069878767	0.0	0.9902925486529949	reverted	reverted	reverted	reverted	partial	0.4026167558735952	0.0	0.0	0.0	0.0	0.0	0.009707451347005071
GTGTTCCCATCACGGA-E15S	Tumor	E15S	1	120369.0	-0.026450656700526955	0.8851881255111238	-0.838933279830892	0.36949085343774724	0.03481488944569757	0.13366277407928942	0.831522336475013	0.010782841238194826	0.10107700332566244	0.8881401554361428	0.010782841238194826	0.0	0.8663372259207106	reverted	reverted	reverted	reverted	reverted	0.8907637610362237	0.0	0.0	0.0	0.0	0.0	0.13366277407928945
GCGGAGACAATCATCT-E15S	Tumor	E15S	1	117869.0	0.2694273190017253	0.8149292767114236	0.09931153891103066	0.11997280931749993	0.05235620429417122	0.00892920638691445	0.9387145893189144	0.017021877983067743	0.14390343952939202	0.8390746824875401	0.017021877983067743	0.0	0.9910707936130856	reverted	reverted	reverted	reverted	persistent	0.04925633496819846	0.0	0.0	0.0	0.0	0.0	0.00892920638691445
CTCCTAGTCCTTCCAG-E15S	Tumor	E15S	1	112408.0	1.1779571590353857	0.4408725020881667	0.06877511561858024	0.10869834600695413	0.04753221991497383	0.009254215257278146	0.9432135648277479	0.12178031773343312	0.5384579436559555	0.33976173861061143	0.12178031773343312	0.943213564827748	0.0	partial	partial	partial	partial	persistent	0.08495666756169717	0.0	0.0	0.0	0.04753221991497384	0.009254215257278148	0.0
GTGCATTGTGCAAGGT-E15S	Tumor	E15S	1	113997.0	0.12376185746636392	0.8529753205746128	0.015954107250950464	0.13217403879214684	0.04311433870845653	0.010633976719810345	0.946251684571733	0.01331770775803872	0.11924791716301779	0.8674343750789434	0.01331770775803872	0.0	0.9893660232801896	reverted	reverted	reverted	reverted	reverted	0.9172675840088323	0.0	0.0	0.0	0.0	0.0	0.010633976719810347
CGCATCAGTTGTAGGA-E15S	Tumor	E15S	1	120861.0	-0.4804908315499531	0.9479487856240565	-0.2171799134453616	0.20124564632233286	0.03432703014909505	0.02202959066394331	0.9436433791869616	0.007580343891784818	0.07511196481100549	0.9173076912972098	0.007580343891784818	0.0	0.9779704093360567	reverted	reverted	reverted	reverted	reverted	0.9298839393477072	0.0	0.0	0.0	0.0	0.0	0.022029590663943315
ATGCCTAAGTCGAGCT-E15S	Tumor	E15S	1	116524.0	1.2542489832570847	0.4056316345235061	-0.0657990092889377	0.12267191684826902	0.036215235383840944	0.012801692743575677	0.9509830718725836	0.1408687700022968	0.5766088960763593	0.28252233392134385	0.1408687700022968	0.9509830718725834	0.0	partial	partial	partial	partial	persistent	0.017887421198618584	0.0	0.0	0.0	0.03621523538384094	0.012801692743575673	0.0
ATCCAATAGGCAAGGC-E15S	Tumor	E15S	1	116459.0	0.36844332244682676	0.7849772577247719	-0.1387467804637925	0.15279595374183252	0.03421802495818071	0.016426279980432237	0.9493556950613872	0.020531478971783073	0.16570520858923618	0.8137633124389808	0.020531478971783073	0.0	0.9835737200195677	reverted	reverted	reverted	reverted	persistent	0.2749822761808522	0.0	0.0	0.0	0.0	0.0	0.016426279980432234
GCTGATGCACTAATTC-E15S	Tumor	E15S	1	115511.0	0.4912396099635482	0.7431563475445863	-0.4196281744370206	0.2026928095569346	0.031656111364958835	0.04628373203963062	0.9220601565954106	0.02642723797758306	0.19971136546584037	0.7738613965565765	0.02642723797758306	0.0	0.9537162679603695	reverted	reverted	reverted	reverted	partial	0.5402970303313633	0.0	0.0	0.0	0.0	0.0	0.04628373203963062
CAGCCAACATTCATGT-E15S	Tumor	E15S	1	113427.0	-0.27263496233693946	0.9247404009906632	0.0010141331764475237	0.15814749828606067	0.04349988558344618	0.011455014604097332	0.9450450998124565	0.008430413983243006	0.08271006623800384	0.9088595197787531	0.008430413983243006	0.0	0.9885449853959027	reverted	reverted	reverted	reverted	reverted	0.9556256596210347	0.0	0.0	0.0	0.0	0.0	0.011455014604097332
ATAACCACATGGTAAC-E15S	Tumor	E15S	1	115740.0	0.6388178040844854	0.6863372908378995	-0.14767412905363478	0.14108345459742586	0.033217705943981685	0.016682215458802843	0.9501000785972153	0.036613726694058345	0.25259412059755304	0.7107921527083886	0.036613726694058345	0.9501000785972155	0.0	reverted	partial	reverted	partial	partial	0.43686482828022444	0.0	0.0	0.0	0.03321770594398169	0.016682215458802847	0.0
CACCGCTTCCCAATGA-E15S	Tumor	E15S	1	115406.0	0.013217804010646065	0.8773323107388296	-0.0010640938275421896	0.14637767917350253	0.04248410593427731	0.01128792281424488	0.9462279712514777	0.01135179746997233	0.10527014191569306	0.8833780606143345	0.01135179746997233	0.0	0.9887120771857552	reverted	reverted	reverted	reverted	reverted	0.9395011087586271	0.0	0.0	0.0	0.0	0.0	0.011287922814244882
GCGGTCATCAGGACGA-E15S	Tumor	E15S	1	114890.0	0.7501115345726573	0.6393064013958787	-0.33316790367665317	0.16741747071014548	0.030737823950794312	0.033337317434446526	0.9359248586147593	0.04728959779430593	0.3019378520932519	0.6507725501124422	0.04728959779430593	0.9359248586147593	0.0	reverted	partial	reverted	partial	persistent	0.03862232304578316	0.0	0.0	0.0	0.030737823950794312	0.033337317434446526	0.0
CTGCTAAAGATTCACG-E15S	Tumor	E15S	1	117250.0	-0.18885501828095277	0.9129311612386296	0.15347601304981145	0.13042573884086933	0.062185000474026704	0.008394970056429129	0.9294200294695444	0.009036058807988478	0.08764781627977876	0.9033161249122327	0.009036058807988478	0.0	0.9916050299435709	reverted	reverted	reverted	reverted	partial	0.32839557992712054	0.0	0.0	0.0	0.0	0.0	0.008394970056429127
CATCCAGGTTGAGTAG-E15S	Tumor	E15S	1	117937.0	-0.019368147707237566	0.8838183882032693	-0.3071603505362881	0.20883644647998797	0.03268261255619302	0.02994278443396302	0.937374603009844	0.010879754484421793	0.10179659168680599	0.8873236538287722	0.010879754484421793	0.0	0.970057215566037	reverted	reverted	reverted	reverted	partial	0.6749563790632961	0.0	0.0	0.0	0.0	0.0	0.02994278443396302
AACATAGAGCTTACCT-E15S	Tumor	E15S	1	115498.0	0.1259237736877937	0.8524613025902607	0.16138330131886802	0.12008033771970705	0.06318882191531883	0.00819247823081788	0.9286186998538634	0.013362513119032145	0.11955832217854326	0.8670791647024245	0.013362513119032145	0.0	0.9918075217691822	reverted	reverted	reverted	reverted	partial	0.45220360120947556	0.0	0.0	0.0	0.0	0.0	0.00819247823081788
AGTCATTAGTGAGTAA-E15S	Tumor	E15S	1	113024.0	0.7882218864720766	0.6225078137557702	-0.04625336445221523	0.12779325832471392	0.03776680999775989	0.012237871792973715	0.9499953182092665	0.051661459414389536	0.3206679526545021	0.6276705879311083	0.051661459414389536	0.9499953182092663	0.0	reverted	partial	reverted	partial	partial	0.32898417262807594	0.0	0.0	0.0	0.03776680999775988	0.012237871792973712	0.0
AACGCTTGTATGGGTA-E15S	Tumor	E15S	1	115426.0	1.326558739681345	0.37309844913258583	-0.17736357039997394	0.1336195209929298	0.03184611171710104	0.01828401885769408	0.9498698694252049	0.1602443882517768	0.6076852245320755	0.23207038721614776	0.1602443882517768	0.9498698694252049	0.0	partial	partial	partial	partial	persistent	0.09741733554904511	0.0	0.0	0.0	0.03184611171710104	0.01828401885769408	0.0
CTGATTTCATTAACTC-E15S	Tumor	E15S	1	113405.0	0.0354924818517102	0.872721345596239	0.2544481898992341	0.11024292704139195	0.08745572017132748	0.0074559383288887735	0.9050883414997836	0.011700513588904865	0.10780455647797853	0.8804949299331166	0.011700513588904865	0.0	0.9925440616711112	reverted	reverted	reverted	reverted	reverted	0.8831610806061827	0.0	0.0	0.0	0.0	0.0	0.007455938328888774
TACCTGTTCCAGAGGA-E15S	Tumor	E15S	1	110300.0	-0.12426118560155056	0.9027073948857193	0.4883541842507658	0.09681238793461565	0.2472946616234293	0.007303525583463668	0.745401812793107	0.00963035272226028	0.09232742527308548	0.8980422220046542	0.00963035272226028	0.0	0.9926964744165363	reverted	reverted	reverted	reverted	reverted	0.9761814178809596	0.0	0.0	0.0	0.0	0.0	0.007303525583463668
CCTGCCACAAGGTCGC-E15S	Tumor	E15S	1	110890.0	-0.09390505074576778	0.8975419764096492	-0.01960044311335027	0.15352547274903694	0.04140574543501134	0.011912396867895657	0.9466818576970929	0.009953085391741681	0.09481635974836092	0.8952305548598973	0.009953085391741681	0.0	0.9880876031321043	reverted	reverted	reverted	reverted	partial	0.3388334455652607	0.0	0.0	0.0	0.0	0.0	0.011912396867895659
TGGAACCTCGATTGCA-E15S	Tumor	E15S	1	113791.0	0.3104309252562077	0.8029345398380016	0.3772627386941273	0.09477736318682976	0.14767579002113784	0.007166137825292151	0.8451580721535699	0.018361005550750473	0.1523804498514705	0.8292585445977789	0.018361005550750473	0.0	0.9928338621747078	reverted	reverted	reverted	reverted	memory	0.8342676459816467	0.0	0.0	0.0	0.0	0.0	0.007166137825292152
TGGCTGACATTCGCGT-E15S	Tumor	E15S	1	109498.0	0.5467709455172475	0.7225828283224142	-0.033455796457493386	0.1418397432188109	0.03954338428084489	0.0120924813972048	0.9483641343219503	0.0298041530302452	0.21797621244116847	0.7522196345285863	0.0298041530302452	0.0	0.9879075186027952	reverted	reverted	reverted	reverted	persistent	0.22877374971894432	0.0	0.0	0.0	0.0	0.0	0.0120924813972048
CTAGTCAAGCAGGTGA-E15S	Tumor	E15S	1	107682.0	1.3494857466511223	0.3630035432045357	0.20073542664734945	0.09960170443087055	0.07129514239623629	0.00766994168640245	0.9210349159173614	0.16661470455906066	0.6163181793913503	0.21706711604958917	0.16661470455906066	0.9210349159173612	0.0	partial	partial	partial	partial	persistent	0.2234151657602919	0.0	0.0	0.0	0.07129514239623627	0.007669941686402448	0.0
GTGTGGCCAGCTATCC-E15S	Tumor	E15S	1	115486.0	-0.0005387877718317126	0.8801076710128483	0.10032918756977907	0.13172777422071708	0.053230179716952306	0.009074668727194105	0.9376951515558536	0.011147163679823019	0.10377058381332181	0.8850822525068551	0.011147163679823019	0.0	0.9909253312728059	reverted	reverted	reverted	reverted	persistent	0.19469133987654946	0.0	0.0	0.0	0.0	0.0	0.009074668727194105
AATCCCAAGTAAGGAC-E15S	Tumor	E15S	1	115322.0	0.6337915284552607	0.6883821322906527	-0.12423679181711703	0.1401572779755836	0.03412976707256242	0.015488420985362948	0.9503818119420746	0.036198446586133554	0.2505596390061909	0.7132419144076756	0.036198446586133554	0.9503818119420746	0.0	reverted	partial	reverted	partial	partial	0.45261984075055645	0.0	0.0	0.0	0.03412976707256242	0.015488420985362948	0.0
ATCCATAGTTTCCAGG-E15S	Tumor	E15S	1	117446.0	-0.40686418688551285	0.9406258173560255	0.0751410267551086	0.15280733083690456	0.05117894841898853	0.009801080742939856	0.9390199708380718	0.007786383285276225	0.07711296297857105	0.9151006537361527	0.007786383285276225	0.0	0.99019891925706	reverted	reverted	reverted	reverted	reverted	0.9479757418328583	0.0	0.0	0.0	0.0	0.0	0.009801080742939854
AGTATGTTCCATAGCA-E15S	Tumor	E15S	1	117412.0	0.06395512172839524	0.8666147991229747	0.20703468060340002	0.11658081643026208	0.07356315370672643	0.007777000327358807	0.9186598459659145	0.012179128659059728	0.11124234425284027	0.8765785270881	0.012179128659059728	0.0	0.9922229996726412	reverted	reverted	reverted	reverted	reverted	0.953961743836381	0.0	0.0	0.0	0.0	0.0	0.0077770003273588085
GTAGTCATCTGGCCTC-E15S	Tumor	E15S	1	108204.0	0.37348355986041837	0.7833623146958097	0.3053215286743238	0.10537466512643599	0.10727798891005699	0.007260160422518312	0.8854618506674248	0.020736786035532747	0.16694095081556476	0.8123222631489025	0.020736786035532747	0.0	0.9927398395774818	reverted	reverted	reverted	reverted	reverted	0.7473442882633894	0.0	0.0	0.0	0.0	0.0	0.007260160422518312
CATATTGGTGAGCCCT-E15S	Tumor	E15S	1	112952.0	0.6555293992177921	0.6794865853404685	0.13727643671253542	0.107007274855104	0.05786663274090561	0.008297782894011422	0.933835584365083	0.03803344941148808	0.2594796283177822	0.7024869222707298	0.03803344941148808	0.933835584365083	0.0	reverted	partial	reverted	partial	partial	0.3357256571649003	0.0	0.0	0.0	0.05786663274090561	0.008297782894011422	0.0
CATTCGAAGTACGCCG-E15S	Tumor	E15S	1	109630.0	0.010942537443838168	0.8777951243389256	0.22143179550238376	0.11997165089740983	0.07757022836976553	0.007713146824759982	0.9147166248054744	0.011317398329715182	0.10501871557371882	0.883663886096566	0.011317398329715182	0.0	0.99228685317524	reverted	reverted	reverted	reverted	partial	0.4925337079912609	0.0	0.0	0.0	0.0	0.0	0.007713146824759982
CTGGCCAAGATTGCAT-E15S	Tumor	E15S	1	107328.0	-0.09805220231280114	0.8982617244921214	0.23432971147807985	0.12429370012059174	0.08142592695595367	0.007674415535475753	0.9108996575085705	0.009907242477318619	0.09446481722262168	0.8956279403000598	0.009907242477318619	0.0	0.9923255844645242	reverted	reverted	reverted	reverted	reverted	0.8070693105173741	0.0	0.0	0.0	0.0	0.0	0.0076744155354757536
TAGTTCCTCATCGTTC-E15S	Tumor	E15S	1	112285.0	1.1135229588435498	0.47112265458551134	0.10854460162327567	0.10595616622952052	0.05297242079795887	0.008631319421269155	0.938396259780772	0.10690621935237152	0.5031372891886265	0.38995649145900185	0.10690621935237152	0.938396259780772	0.0	partial	partial	partial	partial	persistent	0.09019538514079577	0.0	0.0	0.0	0.05297242079795887	0.008631319421269155	0.0
TCTGCGGAGAAGCATA-E15S	Tumor	E15S	1	114218.0	-0.16028199690440928	0.9085342790026985	0.31120027295467634	0.11323981141808201	0.10973803803216522	0.007289288924640503	0.8829726730431943	0.009284180955352267	0.08961827788201503	0.9010975411626327	0.009284180955352267	0.0	0.9927107110753595	reverted	reverted	reverted	reverted	reverted	0.7906514276894134	0.0	0.0	0.0	0.0	0.0	0.007289288924640503
TGCTTAGAGGGTACGA-E15S	Tumor	E15S	1	110623.0	-0.12143355033632916	0.9022362310897982	0.3959094214630948	0.1052775710899629	0.15930801322268598	0.007194359837702685	0.8334976269396115	0.009659182190691106	0.09255113440822778	0.8977896834010811	0.009659182190691106	0.0	0.9928056401622972	reverted	reverted	reverted	reverted	reverted	0.9648344695650009	0.0	0.0	0.0	0.0	0.0	0.007194359837702683
CGCCAAGTCGATCCTT-E15S	Tumor	E15S	1	110065.0	0.23415729275618066	0.8247887369230238	0.16508184867174236	0.12481361055144444	0.06419989876381738	0.008210466875526335	0.9275896343606563	0.01598448608528353	0.137188245127858	0.8468272687868584	0.01598448608528353	0.0	0.9917895331244737	reverted	reverted	reverted	reverted	partial	0.6094025907477522	0.0	0.0	0.0	0.0	0.0	0.008210466875526335
GTACGTTGTAAGCATG-E15S	Tumor	E15S	1	113316.0	0.05649988172490568	0.8682378505812498	-0.14624113008448084	0.1672606851409157	0.03476513919037066	0.017084003348728543	0.9481508574609009	0.012050048944465637	0.11031966824899436	0.87763028280654	0.012050048944465637	0.0	0.9829159966512715	reverted	reverted	reverted	reverted	partial	0.4900419550063437	0.0	0.0	0.0	0.0	0.0	0.017084003348728543
ACATGCATCCGTTGCC-E15S	Tumor	E15S	1	114183.0	1.0254245845157866	0.5127835995691699	-0.1365749801246496	0.1337492531531338	0.03326961779325655	0.015981619662915756	0.9507487625438277	0.08861949263412905	0.4523892529117702	0.4589912544541009	0.08861949263412905	0.9507487625438277	0.0	reverted	partial	reverted	partial	persistent	0.27232384008816385	0.0	0.0	0.0	0.03326961779325655	0.015981619662915756	0.0
ACGTGGTTCTAGTCTC-E15S	Tumor	E15S	1	113315.0	-0.013310216678262423	0.8826355607864155	-0.5720639524059367	0.25963230541669186	0.03326849318239076	0.07668563144694963	0.8900458753706596	0.010964223232048058	0.10242194139925816	0.8866138353686936	0.010964223232048058	0.0	0.9233143685530504	reverted	reverted	reverted	reverted	reverted	0.8585474441274633	0.0	0.0	0.0	0.0	0.0	0.07668563144694963
CCTGATCCAAGCACCA-E15S	Tumor	E15S	1	117254.0	-0.3738290625865083	0.9370352236168246	0.015026040823690717	0.16013535026497752	0.044956197746775436	0.011151627754165281	0.9438921744990592	0.007911237560370538	0.07824751621373259	0.9138412462258969	0.007911237560370538	0.0	0.9888483722458348	reverted	reverted	reverted	reverted	reverted	0.933251430118016	0.0	0.0	0.0	0.0	0.0	0.011151627754165283
ACTCCCGCATCCTCGG-E15S	Tumor	E15S	1	110372.0	1.066777454329241	0.4932149854323907	0.19712105831097243	0.10324777911890677	0.0705128778052566	0.007725749629963931	0.9217613725647795	0.09689798625162838	0.4764116248892129	0.42669038885915866	0.09689798625162838	0.9217613725647795	0.0	partial	partial	partial	partial	persistent	0.06362533902740136	0.0	0.0	0.0	0.0705128778052566	0.007725749629963931	0.0
CTTCTGGTCCGTATGA-E15S	Tumor	E15S	1	112839.0	-0.2978166116157055	0.9279917591352081	-0.4787595083100824	0.2642390147077247	0.0333661662767032	0.053397843616664935	0.9132359901066318	0.00828087022793658	0.08145392506622064	0.9102652047058429	0.00828087022793658	0.0	0.9466021563833351	reverted	reverted	reverted	reverted	memory	0.7611623840805806	0.0	0.0	0.0	0.0	0.0	0.05339784361666494
AACACCTGTGGGTTAA-E15S	Tumor	E15S	1	113623.0	1.174018824717669	0.4427112043843532	-0.2394603747665369	0.1407026728984057	0.030719236451069516	0.02299013681160311	0.9462906267373274	0.12083691752466906	0.5363676366986945	0.34279544577663634	0.12083691752466906	0.9462906267373274	0.0	partial	partial	partial	partial	persistent	0.006462569939778978	0.0	0.0	0.0	0.030719236451069516	0.02299013681160311	0.0
CGCGAAGGTATGTAGG-E15S	Tumor	E15S	1	113682.0	-0.0898202604091343	0.8968286455477595	0.025275059500810146	0.1418765594284998	0.04467283408899469	0.010587696448728572	0.9447394694622768	0.009998795576384249	0.0951662510958763	0.8948349533277394	0.009998795576384249	0.0	0.9894123035512715	reverted	reverted	reverted	reverted	partial	0.6999400781139465	0.0	0.0	0.0	0.0	0.0	0.010587696448728572
GTATTCCTCGAGTCTA-E15S	Tumor	E15S	1	111564.0	-0.25408166769122864	0.9222591491197011	0.5072401804800593	0.09454418185733844	0.2711722665840989	0.007334418108979571	0.7214933153069216	0.008549815117355513	0.08370078998719593	0.9077493948954487	0.008549815117355513	0.0	0.9926655818910205	reverted	reverted	reverted	reverted	reverted	0.9682915681099891	0.0	0.0	0.0	0.0	0.0	0.007334418108979571
TGATTCCTCTAGCGCG-E15S	Tumor	E15S	1	114792.0	-0.01807765456472793	0.8835672869759991	-0.48209800280473003	0.23498529474906876	0.03253185649084552	0.05677007851641026	0.9106980649927442	0.01089762588241677	0.10192904108649903	0.8871733330310841	0.01089762588241677	0.0	0.9432299214835898	reverted	reverted	reverted	reverted	partial	0.5614161067005317	0.0	0.0	0.0	0.0	0.0	0.05677007851641026
TACGAGGAGCCATACA-E15S	Tumor	E15S	1	112578.0	0.22931375766959955	0.8261099052934177	0.12230163300760609	0.12303612236901834	0.056144332632100696	0.008661443757360597	0.9351942236105385	0.015849706703038507	0.13630570782371293	0.8478445854732487	0.015849706703038507	0.0	0.9913385562426394	reverted	reverted	reverted	reverted	persistent	0.21328758500166228	0.0	0.0	0.0	0.0	0.0	0.0086614437573606
GTCTACTTCTCACTTA-E15S	Tumor	E15S	1	114524.0	-0.06346229436776354	0.8921193052132687	0.033997308805977844	0.14327478734494392	0.045670634754975556	0.01042405126052414	0.9439053139845004	0.010307398464364986	0.09751256649881673	0.8921800350368183	0.010307398464364986	0.0	0.989575948739476	reverted	reverted	reverted	reverted	memory	0.7003544252365127	0.0	0.0	0.0	0.0	0.0	0.01042405126052414
TGTACGATCAGCAGTC-E15S	Tumor	E15S	1	113713.0	-0.24525066294391157	0.9210519901620079	-0.044401715127184216	0.1727914223403687	0.04088506159240655	0.01303716625658431	0.9460777721510092	0.008609484069669467	0.08419229936138481	0.9071982165689455	0.008609484069669467	0.0	0.9869628337434158	reverted	reverted	reverted	reverted	partial	0.5261595911058801	0.0	0.0	0.0	0.0	0.0	0.01303716625658431
GTGGAACGTAGCCATT-E15S	Tumor	E15S	1	115850.0	0.9158276825859181	0.5642992743485986	0.021773214414621433	0.11686389820705766	0.04274705338154873	0.010266528885205019	0.9469864177332463	0.06935111330229166	0.38913793875379327	0.541510947943915	0.06935111330229166	0.9469864177332463	0.0	reverted	partial	reverted	partial	persistent	0.10164689862239251	0.0	0.0	0.0	0.04274705338154873	0.010266528885205019	0.0
TCGCAACAGCAAGGAT-E15S	Tumor	E15S	1	114804.0	0.6758379650829799	0.6710562407420946	-0.2116470914369297	0.15440515568757054	0.03190333768368244	0.020919448639532212	0.9471772136767853	0.03984178457820696	0.26809806866466185	0.6920601467571312	0.03984178457820696	0.9471772136767853	0.0	reverted	partial	reverted	partial	persistent	0.2844751965768305	0.0	0.0	0.0	0.03190333768368244	0.020919448639532212	0.0
CGTAATGTCATCAGTG-E15S	Tumor	E15S	1	115741.0	-0.07543026394793621	0.8942805942502164	0.1612690591488647	0.12813702822950213	0.0636003606593547	0.008286934109301045	0.9281127052313441	0.01016430371296747	0.09642798852681995	0.8934077077602127	0.01016430371296747	0.0	0.991713065890699	reverted	reverted	reverted	reverted	reverted	0.9821488070774134	0.0	0.0	0.0	0.0	0.0	0.008286934109301047
ATGCATTAGGAGGCAC-E15S	Tumor	E15S	1	115954.0	-0.22489559236613904	0.9182040348062283	-0.09740173798544838	0.16770869315099451	0.03714561408640092	0.014839416681222755	0.9480149692323764	0.008754197618199951	0.08537539384469325	0.9058704085371068	0.008754197618199951	0.0	0.9851605833187773	reverted	reverted	reverted	reverted	reverted	0.7683203047590553	0.0	0.0	0.0	0.0	0.0	0.014839416681222755
CCATGCCTCACTTGGA-E15S	Tumor	E15S	1	114726.0	1.47238783553034	0.3110909737258699	-0.04927132657818595	0.11146744450712895	0.03666939135975465	0.012073133154828648	0.9512574754854168	0.20230510073421332	0.651369065376976	0.14632583388881074	0.20230510073421332	0.9512574754854166	0.0	partial	partial	partial	partial	persistent	0.0013016453902258088	0.0	0.0	0.0	0.036669391359754645	0.012073133154828644	0.0
CCACATAAGCTTAGAT-E15S	Tumor	E15S	1	112082.0	0.0827518870535807	0.8624474582124425	-0.17739524659592956	0.17351735800330734	0.03395116122216614	0.01894635629685985	0.9471024824809741	0.012516768973785291	0.11364079621927557	0.873842434806939	0.012516768973785291	0.0	0.9810536437031402	reverted	reverted	reverted	reverted	partial	0.6982933434263175	0.0	0.0	0.0	0.0	0.0	0.01894635629685985
AGTTTCCTCATATGGT-E15S	Tumor	E15S	1	113107.0	0.7973222675098879	0.618450816901422	0.07607491273472756	0.11599547070310086	0.048885411931859905	0.009229405026365966	0.9418851830417742	0.05276430480945298	0.3252702685702848	0.6219654266202621	0.05276430480945298	0.9418851830417742	0.0	reverted	partial	reverted	partial	partial	0.6493512654175321	0.0	0.0	0.0	0.048885411931859905	0.009229405026365966	0.0
GGAGAAGGTTAGCCAT-E15S	Tumor	E15S	1	112439.0	-0.1375587252646932	0.9048960647619702	0.040709824127609776	0.14271483315667227	0.04635413151426695	0.0102757951398729	0.9433700733458602	0.009498061140252579	0.09129722107773107	0.8992047177820163	0.009498061140252579	0.0	0.9897242048601271	reverted	reverted	reverted	reverted	partial	0.6924214916259953	0.0	0.0	0.0	0.0	0.0	0.0102757951398729
GGTATCTGTTATGACC-E15S	Tumor	E15S	1	116019.0	-0.33251450770083685	0.932259733323223	0.1850933211373602	0.12980932938030443	0.06881420428348363	0.00808478760926128	0.9231010081072551	0.008097384361505915	0.07988406273835161	0.9120185529001426	0.008097384361505915	0.0	0.9919152123907388	reverted	reverted	reverted	reverted	reverted	0.9551315801372265	0.0	0.0	0.0	0.0	0.0	0.00808478760926128
AACCTTAGTTCCGTTC-E15S	Tumor	E15S	1	111283.0	0.045647783436369646	0.870570450298725	0.18469822713515766	0.11592354464085175	0.06805266384399615	0.007939442597986273	0.9240078935580176	0.011866910643911434	0.10900495035961538	0.8791281389964732	0.011866910643911434	0.0	0.9920605574020137	reverted	reverted	reverted	reverted	memory	0.7754293389338367	0.0	0.0	0.0	0.0	0.0	0.007939442597986273
TGGTAGCTCGCGCTAG-E15S	Tumor	E15S	1	112110.0	-0.16187856423655717	0.9087851417276102	0.07047293873895513	0.14478953735754277	0.0500094921212435	0.009749343141875484	0.940241164736881	0.009269715654538197	0.08950409701459676	0.9012261873308649	0.009269715654538197	0.0	0.9902506568581245	reverted	reverted	reverted	reverted	partial	0.36486446380092896	0.0	0.0	0.0	0.0	0.0	0.009749343141875484
TAAACGAAGGGCTCTG-E15S	Tumor	E15S	1	110046.0	0.019842331301700822	0.8759762191453205	0.1915876615513541	0.12298618609923637	0.06999620386128327	0.00795645426515153	0.9220473418735652	0.011453223374182702	0.1060099690269361	0.8825368075988812	0.011453223374182702	0.0	0.9920435457348484	reverted	reverted	reverted	reverted	reverted	0.8566197264059965	0.0	0.0	0.0	0.0	0.0	0.00795645426515153
CGTTTAAGTAATGTGG-E15S	Tumor	E15S	1	117559.0	0.02620954626637288	0.8746606922781577	-0.20697802911420507	0.1776278420679595	0.03324193657692494	0.020931496452800877	0.9458265669702741	0.011552516782610912	0.10673209463972183	0.8817153885776674	0.011552516782610912	0.0	0.9790685035471991	reverted	reverted	reverted	reverted	reverted	0.9037776313833366	0.0	0.0	0.0	0.0	0.0	0.020931496452800877
GGCTGACCATGAGCCA-E15S	Tumor	E15S	1	113832.0	2.0647122134842064	0.1282653484271468	-0.49676756460835214	0.16164836127126866	0.03218861167095599	0.07066146597446661	0.8971499223545774	0.40375336567050346	0.5858732157376884	0.010373418591808249	0.40375336567050346	0.0	0.0	partial	persistent	partial	persistent	persistent	0.0021413539660578244	0.8971499223545774	0.03218861167095599	0.07066146597446661	0.0	0.0	0.0
CCGACCAAGTGCTGCG-E15S	Tumor	E15S	1	111625.0	0.1917623736727265	0.8360867210910714	0.05848714614482631	0.12930352172913154	0.047497223423973126	0.009719834996354948	0.942782941579672	0.01486348889776934	0.12977320281799953	0.8553633082842312	0.01486348889776934	0.0	0.9902801650036451	reverted	reverted	reverted	reverted	partial	0.3914627056024261	0.0	0.0	0.0	0.0	0.0	0.009719834996354948
TCATGTGAGCAACTGC-E15S	Tumor	E15S	1	112328.0	0.0833667829731087	0.8623093016260446	-0.4565193762745461	0.24385494884430595	0.032786662918768986	0.05069059032836001	0.916522746752871	0.012528116050560948	0.11372103116295564	0.8737508527864833	0.012528116050560948	0.0	0.94930940967164	reverted	reverted	reverted	reverted	reverted	0.7186546579365047	0.0	0.0	0.0	0.0	0.0	0.05069059032836001
AGTATTCAGTTGGACC-E15S	Tumor	E15S	1	111298.0	0.027037335687048074	0.8744887877803199	0.09953449636159023	0.1320311154220174	0.05313220001623107	0.009090517451334481	0.9377772825324345	0.011565557370238904	0.10682677829802995	0.8816076643317312	0.011565557370238904	0.0	0.9909094825486656	reverted	reverted	reverted	reverted	reverted	0.8080450033983944	0.0	0.0	0.0	0.0	0.0	0.009090517451334481
ATGTTAGCATGCGTCT-E15S	Tumor	E15S	1	118146.0	0.4491569523439185	0.7580664187306639	-0.7263614748942587	0.28293307144809265	0.03437548788842913	0.12974497337657567	0.8358795387349952	0.02418273235769635	0.18710779889770934	0.7887094687445942	0.02418273235769635	0.0	0.8702550266234244	reverted	reverted	reverted	reverted	reverted	0.7738270847210905	0.0	0.0	0.0	0.0	0.0	0.12974497337657567
CTAAACCGTGAACTAG-E15S	Tumor	E15S	1	109744.0	-0.0049749471758585555	0.880991021624779	-0.11171985371968565	0.1732236338656824	0.03675383956976702	0.015558970567152665	0.9476871898630802	0.011082862690588642	0.10329743609382702	0.8856197012155843	0.011082862690588642	0.0	0.9844410294328473	reverted	reverted	reverted	reverted	reverted	0.9861255368407948	0.0	0.0	0.0	0.0	0.0	0.015558970567152667
CAGCGGTCAAATGGCT-E15S	Tumor	E15S	1	109430.0	0.17947494109884693	0.839249803741224	0.14911462277775514	0.12297216969700733	0.0609228928538588	0.008350763378552988	0.930726343767588	0.014562287720692967	0.12775082150461334	0.8576868907746937	0.014562287720692967	0.0	0.991649236621447	reverted	reverted	reverted	reverted	reverted	0.7206515251851362	0.0	0.0	0.0	0.0	0.0	0.00835076337855299
CCTCACGCAGCCATTC-E15S	Tumor	E15S	1	110093.0	0.05255097438255291	0.8690907461787863	0.12406050441683772	0.12997862458366288	0.05685494510824653	0.00872954985881603	0.9344155050329375	0.011982761829832819	0.10983739998726594	0.8781798381829011	0.011982761829832819	0.0	0.991270450141184	reverted	reverted	reverted	reverted	partial	0.4263563570975191	0.0	0.0	0.0	0.0	0.0	0.00872954985881603
TCTCGCGCACTAGGTG-E15S	Tumor	E15S	1	113167.0	0.5060158934614394	0.7377806431373475	-0.09130675915077233	0.13867276368359172	0.03565641322352383	0.014030763204846385	0.9503128235716298	0.02727750871996881	0.2043861134404782	0.768336377839553	0.02727750871996881	0.0	0.9859692367951537	reverted	reverted	reverted	reverted	persistent	0.2841747808645306	0.0	0.0	0.0	0.0	0.0	0.014030763204846385
CGACTCCTCAATCCAG-E15S	Tumor	E15S	1	107484.0	1.319204440367717	0.37636064889151805	-0.40710608933554526	0.16599770755599366	0.030844576984458444	0.0458691603854125	0.9232862626301289	0.15822283660114725	0.6047855701495116	0.2369915932493411	0.15822283660114725	0.923286262630129	0.0	partial	partial	partial	partial	persistent	0.0699216487816178	0.0	0.0	0.0	0.030844576984458447	0.04586916038541251	0.0
CGTGGATTCCTCAATC-E15S	Tumor	E15S	1	115684.0	0.5126385343551403	0.7353478809767393	-0.2593602412872982	0.16474801923648896	0.03139845684257223	0.02498497298998405	0.9436165701674437	0.027669643864480294	0.20652440423758434	0.7658059518979353	0.027669643864480294	0.0	0.975015027010016	reverted	reverted	reverted	reverted	persistent	0.17676257801512948	0.0	0.0	0.0	0.0	0.0	0.02498497298998405
CGGATTCAGTTAGCGC-E15S	Tumor	E15S	1	111001.0	0.392321623494306	0.7772489108880432	-0.5586653455892827	0.24200039251955624	0.033010523371222546	0.0761735891396965	0.8908158874890809	0.021529573672766127	0.171675009587579	0.8067954167396547	0.021529573672766127	0.0	0.9238264108603035	reverted	reverted	reverted	reverted	partial	0.5544778330490144	0.0	0.0	0.0	0.0	0.0	0.0761735891396965
AACGCTATCACGCTAA-E15S	Tumor	E15S	1	108702.0	-0.22002583300899026	0.9175089486481672	0.09068917118394874	0.14003255736125522	0.052384892829135776	0.009341393530522926	0.9382737136403412	0.00879033621419606	0.08566899830812658	0.9055406654776773	0.00879033621419606	0.0	0.9906586064694771	reverted	reverted	reverted	reverted	partial	0.49600590632984404	0.0	0.0	0.0	0.0	0.0	0.009341393530522928
TCAACATAGGCTCTCC-E15S	Tumor	E15S	1	119065.0	-0.07825725909809264	0.8947855142472109	-0.14287333215943496	0.16935214974775628	0.035036384082529216	0.01695157583386346	0.9480120400836073	0.01013123117720793	0.09617649736059318	0.8936922714621989	0.01013123117720793	0.0	0.9830484241661366	reverted	reverted	reverted	reverted	reverted	0.9113711826761877	0.0	0.0	0.0	0.0	0.0	0.016951575833863464
CACGCCAAGGTACTTG-E15S	Tumor	E15S	1	110214.0	-0.04816839396976172	0.8893009313093206	-0.2850229751443577	0.2025312474958651	0.032748121013087675	0.027672847903691955	0.9395790310832204	0.010497696898012547	0.09894627809829713	0.8905560250036905	0.010497696898012547	0.0	0.972327152096308	reverted	reverted	reverted	reverted	reverted	0.839305890832767	0.0	0.0	0.0	0.0	0.0	0.027672847903691955
TGGGGTTTCCTCAACT-E15S	Tumor	E15S	1	114657.0	0.10242643635769413	0.8579688446879489	-0.01591784829276119	0.14126992222055634	0.04087681839408499	0.011584608846284887	0.94753857275963	0.012889643897289664	0.11626517752768256	0.8708451785750279	0.012889643897289664	0.0	0.9884153911537151	reverted	reverted	reverted	reverted	partial	0.3949833617311011	0.0	0.0	0.0	0.0	0.0	0.011584608846284889
ATGCTAGTCCATCTGT-E15S	Tumor	E15S	1	112412.0	0.06685029841832887	0.8659799554751211	0.04452699291027676	0.13829331945877077	0.04647505791666699	0.010125923597353686	0.9433990184859793	0.01222998595470429	0.11160499300763563	0.87616502103766	0.01222998595470429	0.0	0.9898740764026464	reverted	reverted	reverted	reverted	persistent	0.11824342151999585	0.0	0.0	0.0	0.0	0.0	0.010125923597353688
CGGGACTCATGCTGCT-E15S	Tumor	E15S	1	109727.0	0.4870733827742905	0.7446589465812811	-0.4059441315340604	0.19898659239088817	0.0315473809595011	0.043938452505588706	0.92451416653491	0.0261935256626062	0.1984170753067318	0.7753893990306621	0.0261935256626062	0.0	0.9560615474944113	reverted	reverted	reverted	reverted	persistent	0.12205044594076571	0.0	0.0	0.0	0.0	0.0	0.04393845250558871
CATAGCGCAGGATGCC-E15S	Tumor	E15S	1	113986.0	0.2439902366784805	0.8220823187486209	-0.39075872740302864	0.20644660148802063	0.03179090460019516	0.04103067347667359	0.9271784219231314	0.016263680140983953	0.1390088880021891	0.844727431856827	0.016263680140983953	0.0	0.9589693265233263	reverted	reverted	reverted	reverted	partial	0.34574781213694694	0.0	0.0	0.0	0.0	0.0	0.041030673476673586
CTTAGGATCACACATG-E15S	Tumor	E15S	1	107199.0	0.25609715288648083	0.8187051541269577	0.20215606346099108	0.11672016590957887	0.072316467353211	0.007812916115760304	0.9198706165310286	0.016617954637045806	0.1413048107452444	0.8420772346177098	0.016617954637045806	0.0	0.9921870838842397	reverted	reverted	reverted	reverted	memory	0.7695742619218096	0.0	0.0	0.0	0.0	0.0	0.007812916115760305
AGGAACTAGCAGGTGA-E15S	Tumor	E15S	1	108384.0	1.0210023201557268	0.514875000036513	-0.22623838600461485	0.14523238479619593	0.03115421478385848	0.021927869453018223	0.9469179157631231	0.08776672462210436	0.44981204800331653	0.4624212273745791	0.08776672462210436	0.9469179157631233	0.0	reverted	partial	reverted	partial	persistent	0.030320032880566082	0.0	0.0	0.0	0.031154214783858488	0.021927869453018226	0.0
TGCAAATTCAAGTCCA-E15S	Tumor	E15S	1	113690.0	1.4990700337340168	0.30036984931090865	-0.05319397583898	0.1166737199574433	0.03668477342944233	0.012279750370255197	0.9510354762003025	0.21035133628887012	0.6563813605038487	0.13326730320728122	0.21035133628887012	0.9510354762003025	0.0	partial	partial	partial	partial	persistent	0.20823314278677596	0.0	0.0	0.0	0.03668477342944233	0.012279750370255197	0.0
AACTGACCATAGATCA-E15S	Tumor	E15S	1	115083.0	0.349561022636841	0.7909494564799713	0.0527730311197583	0.12439458243392548	0.0465157468037378	0.009751705340598143	0.9437325478556642	0.019786941418450315	0.1611890540920601	0.8190240044894896	0.019786941418450315	0.0	0.9902482946594018	reverted	reverted	reverted	reverted	reverted	0.831052249409607	0.0	0.0	0.0	0.0	0.0	0.009751705340598141
TGGGACAAGTTAGATC-E15S	Tumor	E15S	1	108912.0	0.5520597832684611	0.720571272759355	-0.2739872011337582	0.16429052921444634	0.031154345540716923	0.026393621026579116	0.942452033432704	0.030152545501288278	0.21981627478996815	0.7500311797087437	0.030152545501288278	0.0	0.973606378973421	reverted	reverted	reverted	reverted	persistent	0.28409884852319783	0.0	0.0	0.0	0.0	0.0	0.026393621026579116
CATTTCGCATAGGCAT-E15S	Tumor	E15S	1	112470.0	0.16291094529134842	0.8434354489954403	-0.10648992980651831	0.15772468680648322	0.03601256185901301	0.015018266706313958	0.948969171434673	0.014172064935179461	0.12511076251529452	0.860717172549526	0.014172064935179461	0.0	0.984981733293686	reverted	reverted	reverted	reverted	persistent	0.19682339714502073	0.0	0.0	0.0	0.0	0.0	0.015018266706313958
CGAGTCACAACCAGTG-E15S	Tumor	E15S	1	106330.0	0.09211930963978407	0.8603300923577804	0.19493071150049787	0.11766095003607406	0.07056087112412851	0.007875860412502097	0.9215632684633693	0.012691757177147203	0.11487551910081871	0.8724327237220341	0.012691757177147203	0.0	0.9921241395874979	reverted	reverted	reverted	reverted	reverted	0.8447212232573121	0.0	0.0	0.0	0.0	0.0	0.007875860412502099
CGATGTCAGGGGTAAT-E15S	Tumor	E15S	1	109159.0	0.7595244311708917	0.6351870940508981	-0.08678284858721158	0.1392501980392508	0.03593700054296085	0.013862907365374277	0.950200092091665	0.048333078956283845	0.3064806304384856	0.6451862906052306	0.048333078956283845	0.9502000920916648	0.0	reverted	partial	reverted	partial	persistent	0.025843114892859845	0.0	0.0	0.0	0.03593700054296084	0.013862907365374273	0.0
AGCCTTGGTAACCCAT-E15S	Tumor	E15S	1	108464.0	0.775863857884898	0.6279896332875466	0.01163894903021416	0.12267857986467245	0.04211803299802802	0.010582133821469414	0.9472998331805025	0.05020063977605315	0.31449698407089255	0.6353023761530542	0.05020063977605315	0.9472998331805026	0.0	reverted	partial	reverted	partial	partial	0.5655346888008899	0.0	0.0	0.0	0.04211803299802803	0.010582133821469416	0.0
GCTTCCATCTTGACAG-E15S	Tumor	E15S	1	110996.0	0.3470087546247993	0.7917472689947693	-0.16878969639849176	0.16725644780879143	0.03388946051122495	0.018323003746061974	0.9477875357427132	0.01968921540865498	0.1605921478056426	0.8197186367857024	0.01968921540865498	0.0	0.981676996253938	reverted	reverted	reverted	reverted	reverted	0.9186630866700684	0.0	0.0	0.0	0.0	0.0	0.01832300374606197
CAGTACGCACAATGAC-E15S	Tumor	E15S	1	109080.0	-0.10283895159299324	0.8990868991821	-0.09636999372214919	0.16755587354757337	0.0371923005488695	0.01479423280263531	0.9480134666484952	0.009855030188279301	0.09406364494508666	0.896081324866634	0.009855030188279301	0.0	0.9852057671973646	reverted	reverted	reverted	reverted	partial	0.43744432199723166	0.0	0.0	0.0	0.0	0.0	0.01479423280263531
CTTAGCAAGGTGAAGT-E15S	Tumor	E15S	1	107809.0	0.7288837518466944	0.6485205440682382	0.2577861088332317	0.09801325984352645	0.0884287016182884	0.007358554418775391	0.9042127439629363	0.04502111367098554	0.2918994763977921	0.6630794099312224	0.04502111367098554	0.9042127439629363	0.0	reverted	partial	reverted	partial	persistent	0.1206736048491552	0.0	0.0	0.0	0.0884287016182884	0.007358554418775391	0.0
CAACCAGCATTCATGT-E15S	Tumor	E15S	1	109594.0	-0.12004861734413784	0.9020047207159753	0.006418642604776231	0.14720071871301418	0.043216973045553206	0.011117463755534296	0.9456655631989125	0.00967339298723258	0.09266130390996215	0.8976653031028053	0.00967339298723258	0.0	0.9888825362444656	reverted	reverted	reverted	reverted	partial	0.6717561498447516	0.0	0.0	0.0	0.0	0.0	0.011117463755534296
CGCCTTGCAACATACA-E15S	Tumor	E15S	1	102969.0	0.9432004594689284	0.5515185894674867	0.15782450386217536	0.10809619939583194	0.06186088458873971	0.008098105711257918	0.9300410097000024	0.07380037483987056	0.4047133401685185	0.521486284991611	0.07380037483987056	0.9300410097000024	0.0	reverted	partial	reverted	partial	persistent	0.10854704440183352	0.0	0.0	0.0	0.06186088458873971	0.008098105711257918	0.0
GGTCATATCAGGGCTT-E15S	Tumor	E15S	1	112273.0	0.5034247731724488	0.7387285331115082	-0.09973612410365115	0.14311270940714552	0.035470953639426074	0.01445494281414174	0.9500741035464322	0.02712596507402361	0.20355679584463973	0.7693172390813368	0.02712596507402361	0.0	0.9855450571858583	reverted	reverted	reverted	reverted	partial	0.3574058698041144	0.0	0.0	0.0	0.0	0.0	0.01445494281414174
GGGATTGAGGCACACT-E15S	Tumor	E15S	1	101825.0	0.3252380465117515	0.7984613036874916	0.10222644535446974	0.1278886255316931	0.05327053462466051	0.008993856215815709	0.9377356091595238	0.01888273550901015	0.15562846333956967	0.8254888011514202	0.01888273550901015	0.0	0.9910061437841843	reverted	reverted	reverted	reverted	partial	0.5370612271825219	0.0	0.0	0.0	0.0	0.0	0.008993856215815709
ACTCCTTAGGCATCGT-E15S	Tumor	E15S	1	109224.0	0.9829717689869178	0.5328314863220024	-0.07789020663276316	0.13008352880910265	0.035911216423736785	0.013362344342153856	0.9507264392341093	0.08069463869518785	0.4276708952432286	0.49163446606158356	0.08069463869518785	0.9507264392341094	0.0	reverted	partial	reverted	partial	persistent	0.20900714166834056	0.0	0.0	0.0	0.03591121642373679	0.013362344342153857	0.0
CTTGTGTTCCGTGCGA-E15S	Tumor	E15S	1	107514.0	0.6903336963021387	0.6649703761778237	-0.04342639344673416	0.13056006813661108	0.038124872367890236	0.012196288685815786	0.9496788389462941	0.04119019437595877	0.2744177522299519	0.6843920533940893	0.04119019437595877	0.9496788389462939	0.0	reverted	partial	reverted	partial	partial	0.4007109552039057	0.0	0.0	0.0	0.03812487236789023	0.012196288685815782	0.0
AACTTCCTCACAGCGT-E15S	Tumor	E15S	1	108964.0	-0.12353862101589533	0.9025871883081624	0.14021627896789557	0.13106346369222718	0.05973427485797484	0.008549266686520162	0.9317164584555051	0.009637696161451083	0.0923844350172997	0.8979778688212493	0.009637696161451083	0.0	0.9914507333134798	reverted	reverted	reverted	reverted	partial	0.3619884935600264	0.0	0.0	0.0	0.0	0.0	0.00854926668652016
GTATTCCTCCAGGGAA-E15S	Tumor	E15S	1	106971.0	0.16700023854000984	0.8424104272522103	0.3730389205712319	0.09864222254606357	0.1444581401999617	0.007173087299676027	0.8483687725003621	0.01426675198099796	0.12575347750564203	0.8599797705133602	0.01426675198099796	0.0	0.992826912700324	reverted	reverted	reverted	reverted	reverted	0.8822459288870148	0.0	0.0	0.0	0.0	0.0	0.007173087299676028
CACCGCTTCGTTGCCC-E15S	Tumor	E15S	1	110395.0	1.6936256695641445	0.22901865978354927	-0.27500478876263623	0.13822714475041303	0.030159840422018486	0.026407568847002072	0.9434325907309794	0.27173666720611467	0.6659947457448705	0.06226858704901487	0.27173666720611467	0.0	0.0	partial	persistent	partial	persistent	persistent	0.000736955306315565	0.9434325907309794	0.030159840422018486	0.026407568847002072	0.0	0.0	0.0
CCCAACCTCACTCAGA-E15S	Tumor	E15S	1	107024.0	0.4722293826333697	0.7499654736487656	-0.07956309175403195	0.14602347664732643	0.03675544451319979	0.013711980472003837	0.9495325750147965	0.025381770214111615	0.19388949547093057	0.7807287343149578	0.025381770214111615	0.0	0.9862880195279963	reverted	reverted	reverted	reverted	persistent	0.14733579868835833	0.0	0.0	0.0	0.0	0.0	0.013711980472003837
GGGTACGGTAGGCGAT-E15S	Tumor	E15S	1	108533.0	-0.028124578516096895	0.885509797230607	-0.20447765789659286	0.1880924584116946	0.033922470891179786	0.02093316567365354	0.9451443634351665	0.010760222728847222	0.10090873031726241	0.8883310469538903	0.010760222728847222	0.0	0.9790668343263464	reverted	reverted	reverted	reverted	reverted	0.7243165206905717	0.0	0.0	0.0	0.0	0.0	0.020933165673653543
GCTCAATGTGGGTACG-E15S	Tumor	E15S	1	109236.0	0.5321392891350903	0.7281010980466928	0.056949264479424194	0.12194703179402906	0.04685545198511067	0.009639361451905307	0.943505186562984	0.028865375126824255	0.21297790365942806	0.7581567212137477	0.028865375126824255	0.0	0.9903606385480946	reverted	reverted	reverted	reverted	partial	0.6644193848287708	0.0	0.0	0.0	0.0	0.0	0.009639361451905307
ACACCAGCACATGAGT-E15S	Tumor	E15S	1	109335.0	-0.10554980957650614	0.8995515769963072	0.10029753036712014	0.13690232609021166	0.05356090217753097	0.009149679835697526	0.9372894179867713	0.009825791126094123	0.09383861600847669	0.8963355928654291	0.009825791126094123	0.0	0.9908503201643025	reverted	reverted	reverted	reverted	reverted	0.7509670075924437	0.0	0.0	0.0	0.0	0.0	0.009149679835697528
GCGTAGCCAAGCCGAC-E15S	Tumor	E15S	1	102777.0	-0.5047848609407735	0.9501719382796072	0.041102791629805485	0.16954639982507677	0.04836948183902053	0.010752667637125742	0.9408778505238536	0.0075333104972627705	0.0746051809176513	0.9178615085850859	0.0075333104972627705	0.0	0.9892473323628742	reverted	reverted	reverted	reverted	reverted	0.9894642024724014	0.0	0.0	0.0	0.0	0.0	0.010752667637125742
AAGCATCCACATGAGT-E15S	Tumor	E15S	1	107309.0	-0.26932998923851204	0.9243037952794491	-0.47917553681674074	0.27554483328133467	0.03376938212854666	0.05257760014926537	0.9136530177221879	0.008451100987397642	0.08288244092387091	0.9086664580887313	0.008451100987397642	0.0	0.9474223998507346	reverted	reverted	reverted	reverted	reverted	0.908876713652062	0.0	0.0	0.0	0.0	0.0	0.05257760014926538
ATAATCGCATCCAGCT-E15S	Tumor	E15S	1	108790.0	0.9618448100584371	0.5427731298943397	0.2688299845879619	0.09393547296897262	0.09239644848768397	0.007294967482544821	0.9003085840297711	0.07696862810719415	0.4154369753530928	0.507594396539713	0.07696862810719415	0.9003085840297712	0.0	reverted	partial	reverted	partial	persistent	0.007469151943918206	0.0	0.0	0.0	0.09239644848768398	0.007294967482544822	0.0
AATGGCTCAACTCGCT-E15S	Tumor	E15S	1	111721.0	0.20507989228933335	0.8326021709716812	0.07706082527588487	0.12848048155505917	0.049774748526681185	0.009386963414253758	0.9408382880590651	0.015201654438686535	0.13202827987292332	0.8527700656883903	0.015201654438686535	0.0	0.9906130365857463	reverted	reverted	reverted	reverted	partial	0.6769099827948915	0.0	0.0	0.0	0.0	0.0	0.009386963414253758
TGGGACAAGGAATTGA-E15S	Tumor	E15S	1	111206.0	0.060080153807645	0.8674605042434488	-0.40941416295553856	0.22608922991837424	0.03237774573768103	0.04331003959476143	0.9243122146675574	0.012111701480345124	0.1107607715286664	0.8771275269909885	0.012111701480345124	0.0	0.9566899604052386	reverted	reverted	reverted	reverted	partial	0.35531749585321293	0.0	0.0	0.0	0.0	0.0	0.043310039594761436
GCTAAATTCGATCCAA-E15S	Tumor	E15S	1	105942.0	-0.03290217323581974	0.8864235776844386	-0.15748160804647707	0.17488243185986338	0.034778031110713536	0.01783046305797598	0.9473915058313105	0.010696262390693982	0.1004322076683606	0.8888715299409453	0.010696262390693982	0.0	0.982169536942024	reverted	reverted	reverted	reverted	persistent	0.23087510654659932	0.0	0.0	0.0	0.0	0.0	0.01783046305797598
GCTTCCTGTTCCTGCT-E15S	Tumor	E15S	1	108503.0	-0.12319693236424714	0.9025302985109155	-0.014298276845169378	0.15606042977288412	0.04202026663751434	0.011815349089034822	0.946164384273451	0.009641174372698161	0.09241143126040385	0.8979473943668981	0.009641174372698161	0.0	0.9881846509109651	reverted	reverted	reverted	reverted	reverted	0.9897414753667318	0.0	0.0	0.0	0.0	0.0	0.011815349089034819
CTTACGAAGCTGAGAG-E15S	Tumor	E15S	1	109881.0	0.718556762718307	0.6529638875144123	-0.02601315816343866	0.12648913322269564	0.03915618960007064	0.011610462243720447	0.949233348156209	0.04395902946278253	0.28712093244964243	0.668920038087575	0.04395902946278253	0.949233348156209	0.0	reverted	partial	reverted	partial	partial	0.31330906422823435	0.0	0.0	0.0	0.03915618960007064	0.011610462243720447	0.0
ACTCCCTGTAACTCGT-E15S	Tumor	E15S	1	107085.0	1.8969341180693804	0.1681557645478997	-0.0790124404909652	0.11270592297523248	0.03492967945856801	0.013121891053215887	0.9519484294882161	0.341281849503145	0.6341643314469825	0.024553819049872652	0.341281849503145	0.0	0.0	partial	persistent	partial	persistent	persistent	0.006223386405509233	0.9519484294882161	0.03492967945856801	0.013121891053215887	0.0	0.0	0.0
GCGTAAAGTTGCATCG-E15S	Tumor	E15S	1	106217.0	-0.057449733106614366	0.8910189073908971	-0.3549214576651216	0.2329738305951518	0.033155049368020745	0.03530127087419609	0.9315436797577833	0.010381201581128045	0.09806975004456829	0.8915490483743036	0.010381201581128045	0.0	0.964698729125804	reverted	reverted	reverted	reverted	memory	0.931064038905331	0.0	0.0	0.0	0.0	0.0	0.03530127087419609
GCCCTCACAATTGGCG-E15S	Tumor	E15S	1	113616.0	0.009758311974518536	0.8780354132426621	-0.07925036785558714	0.1567800187933642	0.037459060859229405	0.013908056040279046	0.9486328831004915	0.011299581949051675	0.10488839162342932	0.883812026427519	0.011299581949051675	0.0	0.986091943959721	reverted	reverted	reverted	reverted	partial	0.4933830502617991	0.0	0.0	0.0	0.0	0.0	0.013908056040279046
AACGATGGTAGCCAGG-E15S	Tumor	E15S	1	109393.0	0.21656831174649502	0.8295488747676416	-0.5587716297006358	0.24665657667500332	0.03305152713196787	0.0752714407221797	0.8916770321458523	0.015503495014344752	0.13402764905510392	0.8504688559305513	0.015503495014344752	0.0	0.9247285592778203	reverted	reverted	reverted	reverted	reverted	0.8044737816832892	0.0	0.0	0.0	0.0	0.0	0.07527144072217971
CTTACTATCACTTGCT-E15S	Tumor	E15S	1	108023.0	-0.19048230138405506	0.9131757277128227	0.17110388218796888	0.1343305564382583	0.06598012063205973	0.0082651710867598	0.9257547082811806	0.009022599922477134	0.08754017489297573	0.9034372251845472	0.009022599922477134	0.0	0.9917348289132403	reverted	reverted	reverted	reverted	reverted	0.7425331829620829	0.0	0.0	0.0	0.0	0.0	0.0082651710867598
ACAACATTCCAGATTG-E15S	Tumor	E15S	1	103299.0	-0.19096552701153074	0.9132482325203592	-0.002021493062831614	0.15911764118158633	0.04329836489861106	0.011550772795275374	0.9451508623061136	0.00901861692398345	0.08750830396778632	0.9034730791082304	0.00901861692398345	0.0	0.9884492272047246	reverted	reverted	reverted	reverted	reverted	0.9170811787945781	0.0	0.0	0.0	0.0	0.0	0.011550772795275374
GCAACATCAATAGGGA-E15S	Tumor	E15S	1	104566.0	-0.14841853234311408	0.906650710125743	-0.09506414960721316	0.1686497453479243	0.037338799154392956	0.014763987454104127	0.947897213391503	0.009393960670236724	0.09048217626506772	0.9001238630646955	0.009393960670236724	0.0	0.9852360125458958	reverted	reverted	reverted	reverted	partial	0.585643224393153	0.0	0.0	0.0	0.0	0.0	0.014763987454104123
GCCATCCTCCGCTAGG-E15S	Tumor	E15S	1	98443.0	0.309156704897875	0.8033159596235109	0.2870976131952972	0.10960453039895426	0.0994926067812258	0.0073310823191212755	0.893176310899653	0.01831708801116388	0.1521056825940052	0.8295772293948309	0.01831708801116388	0.0	0.9926689176808786	reverted	reverted	reverted	reverted	reverted	0.713808320239933	0.0	0.0	0.0	0.0	0.0	0.007331082319121274
AAGTCCATCCTGACGG-E15S	Tumor	E15S	1	104205.0	0.6311075111983683	0.6894710781406241	0.12333397053595956	0.11666327173193969	0.055950119789356254	0.008569756437606414	0.9354801237730374	0.035978871111011584	0.24948012563469785	0.7145410032542907	0.035978871111011584	0.9354801237730374	0.0	reverted	partial	reverted	partial	persistent	0.02373910183727625	0.0	0.0	0.0	0.055950119789356254	0.008569756437606414	0.0
CGGACTTAGCTTACAG-E15S	Tumor	E15S	1	107632.0	0.9513665380987967	0.5476917431103132	0.04234519255155522	0.11649694322117321	0.04486409017291776	0.00983629629483178	0.9452996135322506	0.07517424430331665	0.4094003331560217	0.5154254225406617	0.07517424430331665	0.9452996135322506	0.0	reverted	partial	reverted	partial	persistent	0.2981921780565161	0.0	0.0	0.0	0.04486409017291776	0.00983629629483178	0.0
CATTCGTTCACCATCT-E15S	Tumor	E15S	1	109675.0	-0.19059019255077417	0.9131919208217754	-0.07892136581443171	0.16209151775333777	0.037831795623387295	0.014002292580381335	0.9481659117962314	0.00902171008567545	0.08753305527359292	0.9034452346407316	0.00902171008567545	0.0	0.9859977074196186	reverted	reverted	reverted	reverted	reverted	0.8243894725710795	0.0	0.0	0.0	0.0	0.0	0.014002292580381331
CTGTTCCGTTGACGGG-E15S	Tumor	E15S	1	109423.0	-0.33477925879435066	0.9325299953245322	-0.10246780007312892	0.1937446450962488	0.03871082123245633	0.015611438582157506	0.9456777401853862	0.008086287049588785	0.07978790281320412	0.912125810137207	0.008086287049588785	0.0	0.9843885614178425	reverted	reverted	reverted	reverted	reverted	0.7546977359466032	0.0	0.0	0.0	0.0	0.0	0.015611438582157506
TATCGCTTCACGGAAG-E15S	Tumor	E15S	1	110535.0	-0.11228733841823482	0.9006982557486769	0.009465081011913373	0.15457560342491078	0.044020108937615425	0.011179171405927597	0.9448007196564571	0.009754143371374212	0.09328605659969205	0.8969598000289335	0.009754143371374212	0.0	0.9888208285940725	reverted	reverted	reverted	reverted	reverted	0.8915011402897585	0.0	0.0	0.0	0.0	0.0	0.011179171405927597
CCATCATTCCCAATCT-E15S	Tumor	E15S	1	103799.0	0.42721290101478243	0.7656036639697007	0.18395194092780454	0.11593393373690704	0.06788077726795887	0.007945671224431572	0.9241735515076097	0.023109635949953668	0.18093907449148583	0.7959512895585605	0.023109635949953668	0.0	0.9920543287755685	reverted	reverted	reverted	reverted	partial	0.6482448631341781	0.0	0.0	0.0	0.0	0.0	0.007945671224431572
TGCGATGCAGTTAGGT-E15S	Tumor	E15S	1	105584.0	0.14607785999591466	0.847597724749688	0.22714393017831702	0.11449854675358162	0.07901269909605546	0.007629599047222005	0.9133577018567224	0.013793358437999191	0.12252633866858194	0.8636803028934189	0.013793358437999191	0.0	0.992370400952778	reverted	reverted	reverted	reverted	reverted	0.9611437412429764	0.0	0.0	0.0	0.0	0.0	0.007629599047222006
CCTGGCTTCGATGCGT-E15S	Tumor	E15S	1	108017.0	-0.10185798720250956	0.8989182788953394	0.07537065453329295	0.14020233613288588	0.05032348763416785	0.009592074453520325	0.9400844379123118	0.00986566942207731	0.09414545993940943	0.8959888706385132	0.00986566942207731	0.0	0.9904079255464797	reverted	reverted	reverted	reverted	reverted	0.8504445306623707	0.0	0.0	0.0	0.0	0.0	0.009592074453520326
CACCGTTCAAGCGATT-E15S	Tumor	E15S	1	105706.0	0.03089346116826312	0.8736853349114015	0.17428272547452942	0.12162586690530343	0.0659885624605719	0.008088904618608348	0.9259225329208197	0.011626707843976344	0.10727029467736478	0.881102997478659	0.011626707843976344	0.0	0.9919110953813917	reverted	reverted	reverted	reverted	reverted	0.9274820877979175	0.0	0.0	0.0	0.0	0.0	0.008088904618608348
CGGCCTAAGTCATCAG-E15S	Tumor	E15S	1	103291.0	-0.12581887267147185	0.9029660831798522	0.10967989511204915	0.1391778093507963	0.0551291239986816	0.009048703472343746	0.9358221725289748	0.009614576723073979	0.09220488876618878	0.8981805345107373	0.009614576723073979	0.0	0.9909512965276562	reverted	reverted	reverted	reverted	reverted	0.8419333021221732	0.0	0.0	0.0	0.0	0.0	0.009048703472343744
CGTCAGTAGATTGATC-E15S	Tumor	E15S	1	111708.0	-0.06498547995566682	0.8923965184044134	0.3365604986159611	0.1043614507799048	0.12253470029632342	0.0072058693536405745	0.870259430350036	0.010288906548354907	0.09737272777583623	0.8923383656758088	0.010288906548354907	0.0	0.9927941306463595	reverted	reverted	reverted	reverted	reverted	0.9728843748015987	0.0	0.0	0.0	0.0	0.0	0.007205869353640575
AACCTAGTCAAGTGAA-E15S	Tumor	E15S	1	103101.0	0.05619489873960276	0.8683038892251437	0.2214716340606529	0.11496928159058073	0.07740841664643228	0.007667723993006345	0.9149238593605615	0.012044825634898577	0.11028226303644054	0.8776729113286609	0.012044825634898577	0.0	0.9923322760069936	reverted	reverted	reverted	reverted	reverted	0.955722079969274	0.0	0.0	0.0	0.0	0.0	0.007667723993006343
CTGGGGTCAAGTGGTT-E15S	Tumor	E15S	1	108834.0	0.009860633153072316	0.8780146675181725	-0.05780800680126258	0.16638504041598542	0.03947763314634487	0.01334108092569085	0.9471812859279642	0.01130111898548597	0.10489963756097871	0.8837992434535353	0.01130111898548597	0.0	0.9866589190743091	reverted	reverted	reverted	reverted	reverted	0.7937238961385111	0.0	0.0	0.0	0.0	0.0	0.01334108092569085
AACGATGGTGGCCATC-E15S	Tumor	E15S	1	106954.0	-0.02748357429492714	0.8853867104988588	0.07694343853840507	0.13774824663587545	0.050363546065281845	0.009527558848227756	0.9401088950864904	0.01076887130369093	0.10097308719680659	0.8882580414995024	0.01076887130369093	0.0	0.9904724411517722	reverted	reverted	reverted	reverted	reverted	0.8854436919913055	0.0	0.0	0.0	0.0	0.0	0.009527558848227756
CGCTCCACAGGCAACC-E15S	Tumor	E15S	1	104535.0	-0.12679374088555842	0.9031276690604229	-0.040102789540174405	0.16474352651187188	0.0406131180294593	0.012735764189236113	0.9466511177813045	0.009604741420758046	0.09212845242856799	0.8982668061506739	0.009604741420758046	0.0	0.9872642358107638	reverted	reverted	reverted	reverted	memory	0.8874316426622139	0.0	0.0	0.0	0.0	0.0	0.012735764189236113
GGCATAGAGGCGTTAC-E15S	Tumor	E15S	1	108195.0	0.535960658722281	0.7266665370107542	-0.2183101234793671	0.153699924520243	0.031709978704727464	0.02140893610771988	0.9468810851875525	0.029107051026265623	0.21427030584169476	0.7566226431320396	0.029107051026265623	0.0	0.9785910638922801	reverted	reverted	reverted	reverted	partial	0.40900676888109233	0.0	0.0	0.0	0.0	0.0	0.021408936107719885
TCCTGACCATGACTCC-E15S	Tumor	E15S	1	101076.0	-0.15663366661694766	0.9079587002430141	0.14182412697869576	0.13483415312970162	0.06025474296579053	0.008579891853752766	0.9311653651804567	0.009317508972717358	0.08988103821834316	0.9008014528089394	0.009317508972717358	0.0	0.9914201081462473	reverted	reverted	reverted	reverted	partial	0.6081553476829054	0.0	0.0	0.0	0.0	0.0	0.008579891853752766
CTGAAAGGTTTGATTG-E15S	Tumor	E15S	1	107794.0	0.0374787531846469	0.8723030687389836	0.02910672130793951	0.1457406797011541	0.04533008677641687	0.010570897336115635	0.9440990158874676	0.01173268632060302	0.10803709364794264	0.8802302200314545	0.01173268632060302	0.0	0.9894291026638844	reverted	reverted	reverted	reverted	memory	0.9559967499199082	0.0	0.0	0.0	0.0	0.0	0.010570897336115635
CAAATGAAGGGTGAAT-E15S	Tumor	E15S	1	104071.0	1.1016121285872986	0.4767445265283165	0.026445831717857193	0.11623204382119753	0.043175819828321645	0.010156598261377625	0.9466675819103006	0.10429185604736782	0.49639295529271393	0.3993151886599183	0.10429185604736782	0.9466675819103008	0.0	partial	partial	partial	partial	persistent	0.1259827584854068	0.0	0.0	0.0	0.04317581982832165	0.010156598261377627	0.0
CTCAACGGTTTACTCT-E15S	Tumor	E15S	1	106421.0	1.5516381673740696	0.2798800330175955	0.2261105560409547	0.09514287838661807	0.07815676225019648	0.007483225327177394	0.9143600124226262	0.2264753190530536	0.6635474837802743	0.10997719716667206	0.2264753190530536	0.0	0.0	partial	persistent	partial	persistent	persistent	0.06634045238530806	0.914360012422626	0.07815676225019647	0.007483225327177392	0.0	0.0	0.0
TGCCACCTCTGGCTGG-E15S	Tumor	E15S	1	108418.0	0.20626448490030627	0.8322893716905427	-0.5456010472361663	0.2581965856586595	0.033147711648517	0.06941349097320343	0.8974387973782796	0.015232338682660081	0.13223210416181574	0.8525355571555242	0.015232338682660081	0.0	0.9305865090267966	reverted	reverted	reverted	reverted	reverted	0.9563539929533892	0.0	0.0	0.0	0.0	0.0	0.06941349097320343
ACGAGTGAGGTGACAG-E15S	Tumor	E15S	1	109651.0	0.694763256467357	0.6630995636145539	-0.1901615277976124	0.15467033598177524	0.032498303124005055	0.019429233229000125	0.9480724636469949	0.041612065572134815	0.27637673096566123	0.6820112034622039	0.041612065572134815	0.9480724636469949	0.0	reverted	partial	reverted	partial	partial	0.5440747945284566	0.0	0.0	0.0	0.032498303124005055	0.019429233229000125	0.0
CCGACTAGTAAGTAAC-E15S	Tumor	E15S	1	104708.0	0.06908851100838029	0.8654874197030726	0.25236353229372577	0.11386498946857011	0.08682266845620003	0.0074925600058432015	0.9056847715379568	0.012269585956996901	0.11188702642219006	0.8758433876208129	0.012269585956996901	0.0	0.9925074399941568	reverted	reverted	reverted	reverted	reverted	0.7390376624404394	0.0	0.0	0.0	0.0	0.0	0.0074925600058432015
TAGGGTGAGAATCACT-E15S	Tumor	E15S	1	111098.0	0.5657082177127202	0.7153391942308658	-0.10177928451153367	0.1396696751211466	0.03516672954565868	0.014477749873568833	0.9503555205807724	0.031074424110360613	0.22464734346525117	0.7442782324243884	0.031074424110360613	0.0	0.9855222501264311	reverted	reverted	reverted	reverted	memory	0.7150109618771611	0.0	0.0	0.0	0.0	0.0	0.014477749873568833
GCTACTGGTGCATCCA-E15S	Tumor	E15S	1	100558.0	0.11603529543712682	0.8548002842361233	0.17582771378872217	0.12531096762149246	0.06651346434721098	0.008115841825814754	0.9253706938269742	0.013159752080588052	0.11815093357922701	0.868689314340185	0.013159752080588052	0.0	0.9918841581741853	reverted	reverted	reverted	reverted	partial	0.46867766973948327	0.0	0.0	0.0	0.0	0.0	0.008115841825814755
CATAGCGCAGGTTCAG-E15S	Tumor	E15S	1	103970.0	0.39483898406827905	0.7764227126553355	0.08282146165430328	0.12710976353374834	0.05045736551890522	0.009274437514922095	0.9402681969661728	0.021638627495559507	0.1723216148756784	0.8060397576287621	0.021638627495559507	0.0	0.9907255624850778	reverted	reverted	reverted	reverted	reverted	0.8079807494697011	0.0	0.0	0.0	0.0	0.0	0.009274437514922093
ACCTACTTCCGCACTC-E15S	Tumor	E15S	1	101081.0	0.8703228424061179	0.5853503767827137	-0.039683646460037886	0.12782377561527117	0.038226879455092594	0.012034667934781734	0.9497384526101257	0.06247826651298371	0.3638337896946503	0.573687943792366	0.06247826651298371	0.9497384526101257	0.0	reverted	partial	reverted	partial	partial	0.6150051203062724	0.0	0.0	0.0	0.038226879455092594	0.012034667934781734	0.0
GCAAAGGTCCGCTGAG-E15S	Tumor	E15S	1	103417.0	0.3066715131936028	0.8040582618786075	-0.18134075004921038	0.16567939900868361	0.03336577519216208	0.019048280008635277	0.9475859447992026	0.018231872202904335	0.1515719246863183	0.8301962031107774	0.018231872202904335	0.0	0.9809517199913648	reverted	reverted	reverted	reverted	partial	0.6709166024998456	0.0	0.0	0.0	0.0	0.0	0.01904828000863528
AGGATTGGTGATTCGT-E15S	Tumor	E15S	1	101006.0	0.3489022253168428	0.7911556047638058	0.11411453223102697	0.12998102728117583	0.055234196887056435	0.008858611005762247	0.9359071921071812	0.019761650922469287	0.1610346740292111	0.8192036750483196	0.019761650922469287	0.0	0.9911413889942378	reverted	reverted	reverted	reverted	partial	0.5858525112130648	0.0	0.0	0.0	0.0	0.0	0.008858611005762249
CGGACATTCGATGTCA-E15S	Tumor	E15S	1	106374.0	-0.013828094330511614	0.8827370845433413	-0.4956027450180466	0.24441653969695404	0.03276705768996251	0.05884205255461388	0.9083908897554237	0.010956944836503321	0.10236812363949711	0.8866749315239996	0.010956944836503321	0.0	0.9411579474453862	reverted	reverted	reverted	reverted	reverted	0.7582725195910699	0.0	0.0	0.0	0.0	0.0	0.05884205255461388
GTAACCTGTGAGTTGA-E15S	Tumor	E15S	1	106889.0	0.09014025538985479	0.8607796907241447	-0.0943242454530687	0.1637829422456883	0.03705375468323066	0.014634150827330713	0.9483120944894387	0.012654406215648357	0.11461243637953221	0.8727331574048196	0.012654406215648357	0.0	0.9853658491726693	reverted	reverted	reverted	reverted	reverted	0.7398208759848379	0.0	0.0	0.0	0.0	0.0	0.014634150827330713
GGCATCACATCATCTG-E15S	Tumor	E15S	1	108923.0	0.24708642460241698	0.8212233711827138	-0.25873437605439364	0.17603144563954326	0.03192747695360439	0.025019481336275386	0.9430530417101203	0.016353164144564794	0.1395902992366007	0.8440565366188345	0.016353164144564794	0.0	0.9749805186637247	reverted	reverted	reverted	reverted	reverted	0.7454181681995214	0.0	0.0	0.0	0.0	0.0	0.025019481336275386
TCTATTGTCAGTAGGG-E15S	Tumor	E15S	1	104346.0	0.02520174506880251	0.8748697069609314	-0.1103190108075372	0.17534669249312793	0.03697033707107124	0.015542541656356098	0.9474871212725725	0.011536681451511228	0.10661707077979495	0.8818462477686938	0.011536681451511228	0.0	0.984457458343644	reverted	reverted	reverted	reverted	memory	0.922728725844897	0.0	0.0	0.0	0.0	0.0	0.015542541656356101
TCATTAGGTCAACTGT-E15S	Tumor	E15S	1	111371.0	-0.16494393331882137	0.9092650572631766	-0.33502480144392055	0.2107235955758087	0.03238097335264814	0.03310329486790459	0.9345157317794474	0.009242145476829548	0.0892862437890405	0.90147161073413	0.009242145476829548	0.0	0.9668967051320955	reverted	reverted	reverted	reverted	reverted	0.9614069083978973	0.0	0.0	0.0	0.0	0.0	0.03310329486790459
GGTGCGAGTTTCCTGC-E15S	Tumor	E15S	1	111081.0	0.10069261336120891	0.8583683614466582	-0.23049239523178275	0.18040172223132755	0.03276129174955207	0.02270023125111095	0.9445384769993371	0.012855958270225652	0.11602911099531747	0.8711149307344568	0.012855958270225652	0.0	0.977299768748889	reverted	reverted	reverted	reverted	partial	0.33463753090680415	0.0	0.0	0.0	0.0	0.0	0.022700231251110946
AGGATCAGTTTCGAGT-E15S	Tumor	E15S	1	107069.0	0.5946169815330897	0.7040647877044323	-0.0030756986323111357	0.13180687532761384	0.041352183133491094	0.01108498074954286	0.9475628361169661	0.0331397599245537	0.2352778217339054	0.7315824183415409	0.0331397599245537	0.0	0.9889150192504572	reverted	reverted	reverted	reverted	partial	0.6390517417903927	0.0	0.0	0.0	0.0	0.0	0.01108498074954286
ACCTCCATCAATGGTT-E15S	Tumor	E15S	1	102455.0	0.25825996185964745	0.8180966225389068	0.21523409028668394	0.11791784186583995	0.07579115874180861	0.007734081117106383	0.9164747601410851	0.0166824913942905	0.1417213545189827	0.8415961540867268	0.0166824913942905	0.0	0.9922659188828937	reverted	reverted	reverted	reverted	memory	0.7130492946215226	0.0	0.0	0.0	0.0	0.0	0.007734081117106383
ATCTGAGTCGTGATTG-E15S	Tumor	E15S	1	112958.0	-0.05652649673961827	0.8908490700148421	-0.4187091133901317	0.23068019922494137	0.032493618906799644	0.04465578499199544	0.9228505961012049	0.010392649234216024	0.09815604353453079	0.8914513072312531	0.010392649234216024	0.0	0.9553442150080046	reverted	reverted	reverted	reverted	partial	0.6291621448930509	0.0	0.0	0.0	0.0	0.0	0.04465578499199544
GCTGTTAAGGAATGGT-E15S	Tumor	E15S	1	107803.0	0.029015369427955667	0.8740771976919202	0.1555110207321449	0.12330222888654742	0.0621830317671595	0.008287992150255356	0.9295289760825851	0.01159684196790179	0.1070537796407318	0.8813493783913664	0.01159684196790179	0.0	0.9917120078497447	reverted	reverted	reverted	reverted	partial	0.6676473770066842	0.0	0.0	0.0	0.0	0.0	0.008287992150255358
CCTAGCTCAACTGGCA-E15S	Tumor	E15S	1	107311.0	0.40015732267416093	0.7746700671013269	0.027494047506233646	0.13319704789380946	0.04432224502768207	0.010394692082014533	0.9452830628903034	0.021871491130932848	0.1736986648192503	0.804429844049817	0.021871491130932848	0.0	0.9896053079179855	reverted	reverted	reverted	reverted	partial	0.5504721969948592	0.0	0.0	0.0	0.0	0.0	0.010394692082014533
TGGACTATCCAGAGGA-E15S	Tumor	E15S	1	103119.0	-0.024322353349838507	0.8847780013410075	0.4944413870239529	0.09620458092831703	0.25470098376387357	0.007313383866630211	0.7379856323694962	0.010811757030082499	0.1012919435903001	0.8878962993796173	0.010811757030082499	0.0	0.9926866161333698	reverted	reverted	reverted	reverted	reverted	0.9864607448397901	0.0	0.0	0.0	0.0	0.0	0.007313383866630211
CTTATAGGTCCATTAA-E15S	Tumor	E15S	1	106253.0	1.9704473422104616	0.14957653790764464	-0.013545000456105627	0.1058267246794398	0.03899013613074347	0.010954635217796636	0.9500552286514597	0.3680449477843846	0.6149520564972335	0.01700299571838194	0.3680449477843846	0.0	0.0	partial	persistent	partial	persistent	persistent	0.0018587443579879523	0.95005522865146	0.03899013613074348	0.010954635217796637	0.0	0.0	0.0
CCTCAAGGTAATGCTC-E15S	Tumor	E15S	1	105687.0	-0.09438953456887568	0.8976262918583053	0.24653373264258804	0.1226884768776174	0.08512315295503561	0.007592835858497321	0.9072840111864671	0.009947700602773753	0.09477510009558775	0.8952771993016386	0.009947700602773753	0.0	0.9924071641415027	reverted	reverted	reverted	reverted	partial	0.5283693506455566	0.0	0.0	0.0	0.0	0.0	0.007592835858497321
CGTAAACCATCACTAT-E15S	Tumor	E15S	1	106615.0	2.8500003444433712	0.03220016412954822	-0.4093603819759336	0.1389674202955081	0.03054659730028499	0.0479484025299655	0.9215050001697493	0.7332860557942186	0.26665125990730004	6.26842984814908e-05	0.7332860557942186	0.0	0.0	persistent	persistent	persistent	persistent	persistent	6.919218120204027e-05	0.9215050001697496	0.030546597300284997	0.04794840252996552	0.0	0.0	0.0
CCCAATCCATGACGGC-E15S	Tumor	E15S	1	104113.0	-0.0716481645338444	0.8936017457359352	-0.09163673992490948	0.17320892218873404	0.037846117666160736	0.014722399828908807	0.9474314825049304	0.010208982324615697	0.09676724170980765	0.8930237759655765	0.010208982324615697	0.0	0.9852776001710912	reverted	reverted	reverted	reverted	partial	0.30289451148884744	0.0	0.0	0.0	0.0	0.0	0.014722399828908809
GTGTAAGGTGATCCTG-E15S	Tumor	E15S	1	107694.0	1.094728713561738	0.4799962561321476	-0.21492840926698317	0.14350605283674853	0.031320216262287315	0.0210221237462203	0.9476576599914922	0.10280084464783591	0.4924723607904206	0.4047267945617435	0.10280084464783591	0.9476576599914924	0.0	partial	partial	partial	partial	persistent	0.048753541467177676	0.0	0.0	0.0	0.03132021626228732	0.021022123746220304	0.0
GGCATGAAGTGCGCCA-E15S	Tumor	E15S	1	106319.0	-0.13266813715814946	0.9040962824714205	-0.04485813490562682	0.17164912033110086	0.04076733947649278	0.013027562164630697	0.9462050983588766	0.009546090937384805	0.09167195169330981	0.8987819573693053	0.009546090937384805	0.0	0.9869724378353694	reverted	reverted	reverted	reverted	reverted	0.9644574498974847	0.0	0.0	0.0	0.0	0.0	0.013027562164630697
GTGTGGCCAATTAGCA-E15S	Tumor	E15S	1	104286.0	1.0404751909932393	0.5056628724801012	-0.4265216558531666	0.19298516604976867	0.03145602665198316	0.04823995966826646	0.9203040136797505	0.09156904860848411	0.46115363904859014	0.4472773123429257	0.09156904860848411	0.9203040136797505	0.0	partial	partial	reverted	partial	persistent	0.1902266134266809	0.0	0.0	0.0	0.03145602665198316	0.04823995966826646	0.0
TGAGGCAAGGAACCCT-E15S	Tumor	E15S	1	101478.0	-0.10759802708439871	0.8999014076659116	-0.11150918290355319	0.1713504329734937	0.03663906546520007	0.015510788908096308	0.9478501456267037	0.009803856389405029	0.09366962552112927	0.8965265180894656	0.009803856389405029	0.0	0.9844892110919037	reverted	reverted	reverted	reverted	reverted	0.8957799639454697	0.0	0.0	0.0	0.0	0.0	0.015510788908096308
AGGAATGCATAAGCCG-E15S	Tumor	E15S	1	101398.0	0.6618195071098736	0.6768876542110321	-0.09612222902695455	0.13772871882408974	0.035346714722675594	0.014208247649443576	0.9504450376278808	0.03858364892691451	0.26211956974306266	0.6992967813300228	0.03858364892691451	0.9504450376278808	0.0	reverted	partial	reverted	partial	persistent	0.18062317362426225	0.0	0.0	0.0	0.035346714722675594	0.014208247649443576	0.0
CCTACCGCATGGTGCA-E15S	Tumor	E15S	1	101738.0	-0.12724643527518564	0.9032026221353118	0.4616282032337746	0.10344260805445535	0.216043017108581	0.007257331468081926	0.7766996514233371	0.0096001841787273	0.09209302402519805	0.8983067917960745	0.0096001841787273	0.0	0.9927426685319181	reverted	reverted	reverted	reverted	reverted	0.8805520617651796	0.0	0.0	0.0	0.0	0.0	0.007257331468081926
AATCGTTAGGTACCGT-E15S	Tumor	E15S	1	100503.0	-0.27989254963338883	0.9256910618244597	0.09511384791044236	0.14393512054827892	0.053279044627300695	0.009333093131060429	0.937387862241639	0.008385858412365084	0.08233770745307566	0.9092764341345592	0.008385858412365084	0.0	0.9906669068689397	reverted	reverted	reverted	reverted	reverted	0.7529977625270622	0.0	0.0	0.0	0.0	0.0	0.009333093131060429
GCACTTGGTCAGTCCA-E15S	Tumor	E15S	1	92425.0	-0.5666205159501801	0.9554312103445367	-0.24130523504456095	0.23517188566122774	0.03576655273445507	0.02431713943859937	0.9399163078269455	0.007458748286912959	0.07364544845594743	0.9188958032571396	0.007458748286912959	0.0	0.9756828605614006	reverted	reverted	reverted	reverted	reverted	0.9780264805601382	0.0	0.0	0.0	0.0	0.0	0.024317139438599374
TAAACCACACAGGGTC-E15S	Tumor	E15S	1	104456.0	-0.055402855379791636	0.8906420530936815	-0.3781009675031547	0.24495310060528103	0.03342385335444209	0.038073482968550704	0.9285026636770072	0.01040662341146345	0.0982613346841241	0.8913320419044126	0.01040662341146345	0.0	0.9619265170314493	reverted	reverted	reverted	reverted	memory	0.8613441414807377	0.0	0.0	0.0	0.0	0.0	0.038073482968550704
TGAGCTATCAATGTCG-E15S	Tumor	E15S	1	104355.0	0.9379518740834906	0.5539750315208155	0.137312087343656	0.11011784233492401	0.05803315969777384	0.008331282695880874	0.9336355576063452	0.07292867184362585	0.40170988287139225	0.5253614452849819	0.07292867184362585	0.9336355576063453	0.0	reverted	partial	reverted	partial	persistent	0.04820062250206614	0.0	0.0	0.0	0.058033159697773846	0.008331282695880876	0.0
TGCGATGCAAATTCGA-E15S	Tumor	E15S	1	106507.0	0.38545542738155797	0.7794913115925435	-0.21172910882453302	0.17334217858550455	0.03287139486549555	0.02119935609548767	0.9459292490390168	0.021235894460561944	0.16992823375763288	0.808835871781805	0.021235894460561944	0.0	0.9788006439045124	reverted	reverted	reverted	reverted	partial	0.6831977133550717	0.0	0.0	0.0	0.0	0.0	0.021199356095487672
GTCAACATCAATGTGT-E15S	Tumor	E15S	1	102733.0	0.17791945706970988	0.8396466843157284	-0.2887771957989764	0.20022130754258424	0.03256428689340952	0.028031209641884377	0.939404503464706	0.014524880103405989	0.12749872583450447	0.8579763940620896	0.014524880103405989	0.0	0.9719687903581157	reverted	reverted	reverted	reverted	partial	0.6565192057466855	0.0	0.0	0.0	0.0	0.0	0.02803120964188438
TGGGTCCGTTTGACCG-E15S	Tumor	E15S	1	102628.0	0.8255263153484258	0.6057741732885766	0.3672507493193924	0.093271551545652	0.14125760040574153	0.00715943451947928	0.8515829650747793	0.05633168410935541	0.3398351549935482	0.6038331608970964	0.05633168410935541	0.8515829650747793	0.0	reverted	partial	reverted	partial	persistent	0.004428354292057454	0.0	0.0	0.0	0.14125760040574153	0.00715943451947928	0.0
GTTAGCCAGATTAGGA-E15S	Tumor	E15S	1	103525.0	0.22228952364942933	0.8280119095141149	-0.11445812373754077	0.1557833550331081	0.03549346593651377	0.01532882443358533	0.9491777096299009	0.015657404564672902	0.13504235056868016	0.8493002448666469	0.015657404564672902	0.0	0.9846711755664147	reverted	reverted	reverted	reverted	reverted	0.9551912982461477	0.0	0.0	0.0	0.0	0.0	0.01532882443358533
ACTAAGGGTGCGGTTC-E15S	Tumor	E15S	1	105078.0	0.7323421836453151	0.6470266859397559	0.09406028764167923	0.11798941336049674	0.05147331826748267	0.00897910550945808	0.9395475762230592	0.045382807581143346	0.29351522269683955	0.6611019697220172	0.045382807581143346	0.9395475762230593	0.0	reverted	partial	reverted	partial	partial	0.3091546299650368	0.0	0.0	0.0	0.05147331826748268	0.008979105509458081	0.0
CTCGACTCAGGCTATG-E15S	Tumor	E15S	1	100786.0	-0.20827838638322932	0.915810003213761	0.22005752417829483	0.12917973297244723	0.07753214035196873	0.007810697458618831	0.9146571621894124	0.008879984421166325	0.08639437642686437	0.9047256391519692	0.008879984421166325	0.0	0.9921893025413812	reverted	reverted	reverted	reverted	reverted	0.9700877811791633	0.0	0.0	0.0	0.0	0.0	0.007810697458618831
CCGAATATCTAGTAAC-E15S	Tumor	E15S	1	103471.0	-0.25103428919553494	0.9218445081544028	-0.36892283355303435	0.2589709967783238	0.03425413228245938	0.03664859902148753	0.929097268696053	0.008570196028633044	0.08386892942998095	0.907560874541386	0.008570196028633044	0.0	0.9633514009785125	reverted	reverted	reverted	reverted	reverted	0.7529901631854891	0.0	0.0	0.0	0.0	0.0	0.03664859902148753
ATGGCAAGTCCATATA-E15S	Tumor	E15S	1	102622.0	-0.24109634475360497	0.9204782055835001	-0.14275138203862273	0.18570141040199972	0.03610211324608207	0.017277664378178906	0.9466202223757392	0.00863819898128982	0.08442803684104105	0.9069337641776691	0.00863819898128982	0.0	0.982722335621821	reverted	reverted	reverted	reverted	reverted	0.9934630904741785	0.0	0.0	0.0	0.0	0.0	0.017277664378178903
TGGCTCTCAACCAGTG-E15S	Tumor	E15S	1	102352.0	0.2535816276835183	0.8194109313984191	-0.25607197739838106	0.1964680578156302	0.03302160031932424	0.02498263261474814	0.9419957670659276	0.016543373168344123	0.14082278849109484	0.842633838340561	0.016543373168344123	0.0	0.9750173673852519	reverted	reverted	reverted	reverted	memory	0.8913068271485547	0.0	0.0	0.0	0.0	0.0	0.024982632614748142
GCAACCACATCGCGTT-E15S	Tumor	E15S	1	100716.0	0.5348380412301464	0.7270884626647596	-0.18749697359916043	0.16268924996902615	0.0330031839633261	0.019385899773609872	0.9476109162630639	0.029035798337746936	0.21388968130804697	0.7570745203542061	0.029035798337746936	0.0	0.9806141002263902	reverted	reverted	reverted	reverted	persistent	0.11021239787579304	0.0	0.0	0.0	0.0	0.0	0.019385899773609876
CTAAGCCAGGTAGACG-E15S	Tumor	E15S	1	103453.0	0.11968710739763704	0.8539401045741403	0.1765895430943352	0.12419843536123833	0.06662369336886934	0.008096595073719086	0.9252797115574116	0.013233985338951931	0.11866699926841356	0.8680990153926345	0.013233985338951931	0.0	0.9919034049262809	reverted	reverted	reverted	reverted	partial	0.5162316939274928	0.0	0.0	0.0	0.0	0.0	0.008096595073719086
AACATTGCAACATTGA-E15S	Tumor	E15S	1	103169.0	-0.08980533069104643	0.8968260303136598	-0.15530204839775588	0.18385101400139928	0.035437654936127924	0.017890890036455134	0.9466714550274169	0.009998963664673002	0.09516753658176266	0.8948334997535643	0.009998963664673002	0.0	0.9821091099635448	reverted	reverted	reverted	reverted	persistent	0.24326518021095553	0.0	0.0	0.0	0.0	0.0	0.017890890036455134
GGAACCTTCGACCCGA-E15S	Tumor	E15S	1	105328.0	-0.23451630141315166	0.9195615861707356	0.049067341487223456	0.14369263946877914	0.04735536065564014	0.010125993541007898	0.942518645803352	0.008684535955776874	0.0848073992290798	0.9065080648151431	0.008684535955776874	0.0	0.9898740064589922	reverted	reverted	reverted	reverted	reverted	0.9654716550209819	0.0	0.0	0.0	0.0	0.0	0.010125993541007898
CAGGTCCGTAACGACA-E15S	Tumor	E15S	1	101404.0	0.19078199951544603	0.8363409189360527	0.18901432563303994	0.12034146462657919	0.06926412932660941	0.007949592897776197	0.9227862777756143	0.01483908110884365	0.12960980892562282	0.8555511099655334	0.01483908110884365	0.0	0.9920504071022238	reverted	reverted	reverted	reverted	partial	0.4391868425689973	0.0	0.0	0.0	0.0	0.0	0.007949592897776199
CACCCAAGTCAGCCGT-E15S	Tumor	E15S	1	102632.0	-0.2529633797756482	0.9221072239830885	0.11327754642318415	0.14406665340247715	0.05601647506520532	0.009070719271445165	0.9349128056633496	0.00855726872552247	0.0837623125069327	0.9076804187675449	0.00855726872552247	0.0	0.9909292807285549	reverted	reverted	reverted	reverted	partial	0.3023894790288889	0.0	0.0	0.0	0.0	0.0	0.009070719271445165
TAACTCCTCCGTGATA-E15S	Tumor	E15S	1	101284.0	0.5289619105101894	0.7292903032709092	0.22916429388789367	0.10528195872798879	0.0793337861134431	0.007542565125370691	0.913123648761186	0.028666287979937415	0.2119102684576788	0.7594234435623838	0.028666287979937415	0.0	0.9924574348746293	reverted	reverted	reverted	reverted	partial	0.45554134788369177	0.0	0.0	0.0	0.0	0.0	0.007542565125370692
TCGCCAAGTCAAGTAG-E15S	Tumor	E15S	1	106434.0	0.857901860145331	0.5910460869513268	-0.1569391196072146	0.1452822104239288	0.033095607839157166	0.017259464516527004	0.9496449276443159	0.06071351899993555	0.3570804885358407	0.5822059924642239	0.06071351899993555	0.9496449276443159	0.0	reverted	partial	reverted	partial	reverted	0.7174953591870608	0.0	0.0	0.0	0.033095607839157166	0.017259464516527004	0.0
AACGTAGGTCAGCTAT-E15S	Tumor	E15S	1	100836.0	-0.0021986848087664898	0.8804388593574475	-0.028437089184499775	0.1575116844950868	0.040983065447128576	0.012241074176462512	0.946775860376409	0.011123008734640729	0.10359295469348243	0.8852840365718768	0.011123008734640729	0.0	0.9877589258235374	reverted	reverted	reverted	reverted	memory	0.8140259758991373	0.0	0.0	0.0	0.0	0.0	0.012241074176462509
GGACGTAAGAACGATA-E15S	Tumor	E15S	1	101145.0	0.04407780878287911	0.8709049818613622	0.11642845522494519	0.13416900985555	0.05586724831833787	0.00888535968348619	0.9352473919981757	0.011840874797720048	0.10881749888217734	0.8793416263201026	0.011840874797720048	0.0	0.9911146403165139	reverted	reverted	reverted	reverted	reverted	0.8574062838616344	0.0	0.0	0.0	0.0	0.0	0.008885359683486192
TCCCATTAGTCATACG-E15S	Tumor	E15S	1	104731.0	0.4409752806007306	0.760895789027964	0.13698010760355667	0.1193019024116218	0.058468888518169185	0.008440399301898884	0.9330907121799318	0.023775168537374398	0.18477621943278502	0.7914486120298406	0.023775168537374398	0.0	0.9915596006981011	reverted	reverted	reverted	reverted	partial	0.33622577821155036	0.0	0.0	0.0	0.0	0.0	0.008440399301898886
ACCCGTAGTTCGCTCT-E15S	Tumor	E15S	1	99438.0	0.0273220176434764	0.8744296221015052	0.009178229133600876	0.15411198175132915	0.04395991104975612	0.011177435186493742	0.9448626537637502	0.01157004915420352	0.10685938342010119	0.8815705674256953	0.01157004915420352	0.0	0.9888225648135062	reverted	reverted	reverted	reverted	reverted	0.7923493461574019	0.0	0.0	0.0	0.0	0.0	0.01117743518649374
CTGCATCCATGGTCCT-E15S	Tumor	E15S	1	104090.0	-0.23378120790747642	0.9194585888392026	-0.09666971530343851	0.1785140481505949	0.037931726793690196	0.015037537545182814	0.9470307356611269	0.008689778111630823	0.08485023761610236	0.9064599842722668	0.008689778111630823	0.0	0.9849624624548172	reverted	reverted	reverted	reverted	reverted	0.8563960277846779	0.0	0.0	0.0	0.0	0.0	0.015037537545182816
TAAGGCTCAACTAGCG-E15S	Tumor	E15S	1	101603.0	-0.009811837311395745	0.8819477472372979	-0.08394338838777107	0.16604595169841693	0.03780044232166785	0.014273030188552806	0.9479265274897792	0.011013673602918597	0.10278725681117303	0.8861990695859084	0.011013673602918597	0.0	0.9857269698114471	reverted	reverted	reverted	reverted	reverted	0.9706071893615532	0.0	0.0	0.0	0.0	0.0	0.014273030188552808
CTATAGGTCACTCGGG-E15S	Tumor	E15S	1	106730.0	1.0574053307285682	0.49765029988063014	-0.11466428493709788	0.1290773899719455	0.03396646229559842	0.014855245424252036	0.9511782922801497	0.09497386121865654	0.4709868276096124	0.43403931117173106	0.09497386121865654	0.9511782922801495	0.0	partial	partial	partial	partial	persistent	0.2162222529966723	0.0	0.0	0.0	0.03396646229559841	0.014855245424252032	0.0
GTTAGCTGTAGGTATG-E15S	Tumor	E15S	1	105208.0	0.02932218903047023	0.8740132511408527	0.3386434897384447	0.10557453870737543	0.12357411861244103	0.0072085357489190295	0.86921734563864	0.011601710286133998	0.10708908567185109	0.8813092040420151	0.011601710286133998	0.0	0.992791464251081	reverted	reverted	reverted	reverted	memory	0.8175968162396845	0.0	0.0	0.0	0.0	0.0	0.0072085357489190295
TCTGGGACATGACCGA-E15S	Tumor	E15S	1	98824.0	0.13289944650904087	0.8507926264443073	-0.25181653934742143	0.1984241361821753	0.03322657455085381	0.024644847114048452	0.9421285783350978	0.013508925430244892	0.12057032435675578	0.8659207502129994	0.013508925430244892	0.0	0.9753551528859515	reverted	reverted	reverted	reverted	reverted	0.8805575999735222	0.0	0.0	0.0	0.0	0.0	0.024644847114048452
GCCACCTTCAGCCAGT-E15S	Tumor	E15S	1	98731.0	0.5798502739950019	0.7098561375778081	0.050371559896031204	0.12751042677268587	0.0464333145489744	0.00984326974018663	0.9437234157108391	0.032065238093790485	0.2297797797568199	0.7381549821493897	0.032065238093790485	0.0	0.9901567302598134	reverted	reverted	reverted	reverted	reverted	0.8287031637638975	0.0	0.0	0.0	0.0	0.0	0.00984326974018663
CCAGCTAGTTCCGTGA-E15S	Tumor	E15S	1	100166.0	-0.08270218279421593	0.895575103726235	-0.3935021562432576	0.2395861128216892	0.033015053329641726	0.04035329068280201	0.9266316559875561	0.010079785155777557	0.09578466500929571	0.8941355498349267	0.010079785155777557	0.0	0.959646709317198	reverted	reverted	reverted	reverted	reverted	0.9878632853024488	0.0	0.0	0.0	0.0	0.0	0.040353290682802016
CTCTGTTAGTATCTGG-E15S	Tumor	E15S	1	103458.0	-0.09410524372326227	0.8975768237499419	0.01708641695293714	0.15608522686230833	0.0448593033725188	0.01102705459363252	0.9441136420338485	0.009950859407941817	0.09479930474680692	0.8952498358452512	0.009950859407941817	0.0	0.9889729454063675	reverted	reverted	reverted	reverted	reverted	0.7097215377410774	0.0	0.0	0.0	0.0	0.0	0.011027054593632521
TGTGCGCGTTAGCTTA-E15S	Tumor	E15S	1	104987.0	0.43695365144827547	0.7622781963252946	-0.17228361058777084	0.16356720043117112	0.033553522550467806	0.01846176612314856	0.9479847113263837	0.023578116232028424	0.18364399425995492	0.7927778895080165	0.023578116232028424	0.0	0.9815382338768514	reverted	reverted	reverted	reverted	persistent	0.0665906719331683	0.0	0.0	0.0	0.0	0.0	0.018461766123148555
AGCAACCTCACCCTAT-E15S	Tumor	E15S	1	96522.0	-0.3220315389137731	0.9309956347904754	0.287450762289556	0.12433992873513572	0.09957206007227261	0.007427742163419877	0.8930001977643075	0.008150136146871198	0.08033912225378223	0.9115107415993464	0.008150136146871198	0.0	0.9925722578365801	reverted	reverted	reverted	reverted	reverted	0.8116660594997082	0.0	0.0	0.0	0.0	0.0	0.007427742163419877
GTTGGTTGTGAGGTTA-E15S	Tumor	E15S	1	103648.0	2.9022166326010743	0.029258016493009898	0.03223415361656767	0.09956048541237435	0.0428615522152678	0.009811253295615198	0.947327194489117	0.7533710185156103	0.2465871362713734	4.18452130163637e-05	0.7533710185156103	0.0	0.0	persistent	persistent	persistent	persistent	persistent	0.0008238924913620998	0.9473271944891171	0.04286155221526781	0.0098112532956152	0.0	0.0	0.0
AGTTTCCTCCGTGATA-E15S	Tumor	E15S	1	103415.0	0.10429440717773608	0.8575373649723479	0.011161380740299265	0.14592073658781124	0.043570845505307126	0.010980638356171279	0.9454485161385214	0.012926117857932948	0.11652055967741894	0.870553322464648	0.012926117857932948	0.0	0.9890193616438288	reverted	reverted	reverted	reverted	reverted	0.8291544187206824	0.0	0.0	0.0	0.0	0.0	0.01098063835617128
AGTGCTCAGCTTAGTG-E15S	Tumor	E15S	1	100417.0	-0.10128514410330038	0.8988196959258693	-0.15683758794512173	0.19015657228679927	0.03578962816935514	0.018101965820693816	0.9461084060099512	0.009871896760065745	0.09419333139418383	0.8959347718457504	0.009871896760065745	0.0	0.9818980341793061	reverted	reverted	reverted	reverted	reverted	0.9728024308555787	0.0	0.0	0.0	0.0	0.0	0.018101965820693813
TGGCTGACAAGCGTAT-E15S	Tumor	E15S	1	100483.0	-0.24844470121491538	0.9214905666039556	0.10805710839250846	0.142046890499556	0.055070476346417215	0.00911380934042025	0.9358157143131626	0.008587688384139104	0.08401302514035533	0.9073992864755055	0.008587688384139104	0.0	0.9908861906595798	reverted	reverted	reverted	reverted	reverted	0.8807752953693735	0.0	0.0	0.0	0.0	0.0	0.00911380934042025
CCATCCGCACAGCGGT-E15S	Tumor	E15S	1	98602.0	-0.5823943967657358	0.9566856672896407	0.04327212742299616	0.17254038620627005	0.04884487965620764	0.010765315887463343	0.940389804456329	0.0074499486576496445	0.07347506574572653	0.9190749855966236	0.0074499486576496445	0.0	0.9892346841125367	reverted	reverted	reverted	reverted	reverted	0.8332993335592935	0.0	0.0	0.0	0.0	0.0	0.010765315887463343
GTCGCAACAACTAGAC-E15S	Tumor	E15S	1	102611.0	1.159243760675957	0.4496228875034798	-0.0901523648014069	0.1284694100998676	0.03514452532892884	0.01380624174417917	0.9510492329268918	0.11733652276699973	0.5284372570445257	0.3542262201884746	0.11733652276699973	0.951049232926892	0.0	partial	partial	partial	partial	persistent	0.17730622416946734	0.0	0.0	0.0	0.035144525328928845	0.013806241744179173	0.0
TGCTTAGAGTAGGTCC-E15S	Tumor	E15S	1	104587.0	-0.0953604310745709	0.8977950734240652	0.1606854483524334	0.13346348936958127	0.06378350267563077	0.008357722558630902	0.9278587747657383	0.009936932942387584	0.09469256910291576	0.8953704979546967	0.009936932942387584	0.0	0.9916422774413691	reverted	reverted	reverted	reverted	persistent	0.29566907213948546	0.0	0.0	0.0	0.0	0.0	0.008357722558630902
CCCGTTGCATTCCTGA-E15S	Tumor	E15S	1	102754.0	0.03758237148226933	0.8722812162193136	-0.006671827811475767	0.14930248362718404	0.042194508998230545	0.011485129561184304	0.9463203614405851	0.011734369624466919	0.10804925431110858	0.8802163760644245	0.011734369624466919	0.0	0.9885148704388157	reverted	reverted	reverted	reverted	partial	0.4749532261130509	0.0	0.0	0.0	0.0	0.0	0.011485129561184306
GCGGATGGTGCGGTAG-E15S	Tumor	E15S	1	99473.0	-0.1573795458435751	0.9080766379436903	0.4557370766053924	0.1029870532383551	0.21034599794598882	0.007250060566949031	0.7824039414870623	0.009310664246913168	0.08982710922123202	0.9008622265318548	0.009310664246913168	0.0	0.9927499394330509	reverted	reverted	reverted	reverted	memory	0.9583673539313383	0.0	0.0	0.0	0.0	0.0	0.007250060566949029
AATGGGGTCAGGAGAT-E15S	Tumor	E15S	1	104152.0	-0.40574413217794103	0.9405072827777753	-0.055524016159377326	0.18557672820570215	0.04105549393155413	0.013675891645312835	0.9452686144231331	0.007790278428202838	0.07714896713850304	0.9150607544332942	0.007790278428202838	0.0	0.9863241083546871	reverted	reverted	reverted	reverted	reverted	0.9698963810367427	0.0	0.0	0.0	0.0	0.0	0.013675891645312832
GGCTTCTCACCTTGGT-E15S	Tumor	E15S	1	101852.0	1.609127524155895	0.2584782671764634	0.08532317153705993	0.10297990170395858	0.04940739888876447	0.008922669552944264	0.9416699315582914	0.24450209609843288	0.667392516562847	0.08810538733872007	0.24450209609843288	0.0	0.0	partial	persistent	partial	persistent	persistent	0.04540329794222572	0.9416699315582914	0.04940739888876447	0.008922669552944264	0.0	0.0	0.0
AGCGAATAGGTTAGGG-E15S	Tumor	E15S	1	102143.0	1.4581439235703253	0.3168993614352008	0.12340493393480931	0.10247455886034353	0.055206338903322646	0.008407406344261537	0.936386254752416	0.19804972919817618	0.6483105866665473	0.1536396841352766	0.19804972919817618	0.9363862547524158	0.0	partial	partial	partial	partial	persistent	0.008767468611909506	0.0	0.0	0.0	0.05520633890332263	0.008407406344261535	0.0
CTATGCTTCACTAGAT-E15S	Tumor	E15S	1	101050.0	1.1009422900742438	0.47706087653476764	0.005437558874571993	0.1215185791604221	0.04147933322024072	0.010710294833239003	0.9478103719465203	0.1041461211648941	0.4960121360247284	0.3998417428103774	0.1041461211648941	0.9478103719465203	0.0	partial	partial	partial	partial	persistent	0.07711377281242286	0.0	0.0	0.0	0.04147933322024072	0.010710294833239003	0.0
GGATGGGCATTACCGC-E15S	Tumor	E15S	1	95927.0	1.436669187509202	0.32576487860470654	-0.017125501495522916	0.12010750216704875	0.03947937047643759	0.01126199149247214	0.9492586380310902	0.19168904686451788	0.6431957669670492	0.16511518616843288	0.19168904686451788	0.9492586380310902	0.0	partial	partial	partial	partial	persistent	0.19645269070823865	0.0	0.0	0.0	0.03947937047643759	0.01126199149247214	0.0
AGCTATGTCAGCTACA-E15S	Tumor	E15S	1	98717.0	0.5972779226795244	0.7030140948321248	0.2525620685169312	0.10663081022782325	0.0867600016184372	0.0074380686089168925	0.905801929772646	0.0333378311441612	0.23628374844242586	0.7303784204134129	0.0333378311441612	0.0	0.9925619313910832	reverted	reverted	reverted	reverted	partial	0.3908034572228999	0.0	0.0	0.0	0.0	0.0	0.0074380686089168925
CAATGCATCACGGACT-E15S	Tumor	E15S	1	103952.0	0.9123116977000202	0.5659351218844525	-0.10532703696141038	0.1316742081074863	0.0345453006213406	0.014487916253022074	0.9509667831256373	0.06879691568158404	0.3871545199731564	0.5440485643452595	0.06879691568158404	0.9509667831256373	0.0	reverted	partial	reverted	partial	persistent	0.1475117030618201	0.0	0.0	0.0	0.0345453006213406	0.014487916253022074	0.0
TCGTTAAGTTTACGAC-E15S	Tumor	E15S	1	106652.0	0.49119606125644943	0.7431720837884337	-0.19911354529928224	0.16329430045403107	0.0326879237774307	0.0201635589419251	0.9471485172806441	0.026424781493095077	0.19969778274419747	0.7738774357627073	0.026424781493095077	0.0	0.9798364410580749	reverted	reverted	reverted	reverted	partial	0.5434045057807447	0.0	0.0	0.0	0.0	0.0	0.020163558941925102
CGCACAACAACCAGCA-E15S	Tumor	E15S	1	98904.0	-0.34576489433548835	0.9338268146322621	-0.09615320869574712	0.1835297664236218	0.03831967170844382	0.015125587239284316	0.9465547410522719	0.008033947823261035	0.07933219799162218	0.9126338541851167	0.008033947823261035	0.0	0.9848744127607157	reverted	reverted	reverted	reverted	reverted	0.9179440698705136	0.0	0.0	0.0	0.0	0.0	0.015125587239284316
CATTTCGCAATTACCT-E15S	Tumor	E15S	1	101634.0	0.7525113489295298	0.638258103226565	-0.4523771605506923	0.20366836278878897	0.03179054111870547	0.053002853745709434	0.915206605135585	0.04755341148221721	0.30309074279557324	0.6493558457222095	0.04755341148221721	0.915206605135585	0.0	reverted	partial	reverted	partial	persistent	0.1089877595183094	0.0	0.0	0.0	0.03179054111870547	0.053002853745709434	0.0
TAAGGCTCAAAGGGTA-E15S	Tumor	E15S	1	102369.0	1.0624596723914472	0.4952582654639692	-0.09823350398990316	0.12908022162495952	0.03475804981069472	0.014144360055005882	0.9510975901342994	0.09600806800959351	0.4739143736076151	0.4300775583827914	0.09600806800959351	0.9510975901342994	0.0	partial	partial	partial	partial	persistent	0.14171048585956497	0.0	0.0	0.0	0.03475804981069472	0.014144360055005882	0.0
TAATTCCCACCATTGC-E15S	Tumor	E15S	1	100853.0	0.30084357902738507	0.8057906919340191	0.06931836338122178	0.12983296059304883	0.04886264403107056	0.009536616123151122	0.9416007398457782	0.018034294341500626	0.15033125312474724	0.831634452533752	0.018034294341500626	0.0	0.9904633838768488	reverted	reverted	reverted	reverted	partial	0.5111087100259231	0.0	0.0	0.0	0.0	0.0	0.009536616123151124
AGTTATCAGTTGGGCT-E15S	Tumor	E15S	1	100807.0	0.518583405251084	0.7331518250454339	0.011857661221721313	0.1359520656813233	0.04296852726208689	0.010791447156700608	0.9462400255812126	0.028027603842350923	0.20846680409740936	0.7635055920602397	0.028027603842350923	0.0	0.9892085528432994	reverted	reverted	reverted	reverted	partial	0.36709934190635235	0.0	0.0	0.0	0.0	0.0	0.010791447156700608
AAGGTTGGTGGCGTAG-E15S	Tumor	E15S	1	101939.0	-0.015650394035291035	0.8830937194577638	-0.15120666256433543	0.17673282835399523	0.035149733752614896	0.017530216040432114	0.9473200502069529	0.010931419268048427	0.10217928413168852	0.886889296600263	0.010931419268048427	0.0	0.9824697839595679	reverted	reverted	reverted	reverted	memory	0.9708744606985479	0.0	0.0	0.0	0.0	0.0	0.017530216040432117
TGAGCTTGTGCACGTC-E15S	Tumor	E15S	1	108751.0	0.1991918394386013	0.8341500353101122	-0.6100561951575001	0.28896709610677934	0.03380651431170256	0.08171892114774729	0.8844745645405501	0.015050612457275207	0.1310230442135896	0.8539263433291353	0.015050612457275207	0.0	0.9182810788522527	reverted	reverted	reverted	reverted	memory	0.9730340928167416	0.0	0.0	0.0	0.0	0.0	0.0817189211477473
ACAATAGAGTCAGGAG-E15S	Tumor	E15S	1	100992.0	0.5811414732163259	0.7093524223283253	0.1130140144831528	0.11790641218451493	0.05433582874929578	0.008715728210418308	0.936948443040286	0.032157546976680294	0.2302548475918868	0.737587605431433	0.032157546976680294	0.0	0.9912842717895818	reverted	reverted	reverted	reverted	persistent	0.10680083014670047	0.0	0.0	0.0	0.0	0.0	0.008715728210418308
TCGTGGACAAGTGCGC-E15S	Tumor	E15S	1	108540.0	0.24149895978260055	0.8227711008998535	0.18447135707529377	0.1133830014888852	0.06788464726769503	0.00791584419470492	0.9241995085376	0.016192228992547342	0.13854390805471953	0.845263862952733	0.016192228992547342	0.0	0.9920841558052951	reverted	reverted	reverted	reverted	partial	0.5313679097677724	0.0	0.0	0.0	0.0	0.0	0.00791584419470492
TAAGGCGAGGTGGAAT-E15S	Tumor	E15S	1	101952.0	0.6121824191483195	0.6970893639398554	-0.6854514476707964	0.2666364213088531	0.03416455372195014	0.11789987517093845	0.8479355711071113	0.034472969229503166	0.24200437909825748	0.7235226516722393	0.034472969229503166	0.8479355711071115	0.0	reverted	partial	reverted	partial	partial	0.46866413577558436	0.0	0.0	0.0	0.034164553721950146	0.11789987517093847	0.0
CTTCGTTAGCCGACTG-E15S	Tumor	E15S	1	108611.0	-0.19525265489145965	0.9138890915928018	-0.07092914771211231	0.16735253189999186	0.038686504698688645	0.01381762906140701	0.9474958662399043	0.008983552687957837	0.08722741571204352	0.9037890315999988	0.008983552687957837	0.0	0.986182370938593	reverted	reverted	reverted	reverted	reverted	0.8746705100460449	0.0	0.0	0.0	0.0	0.0	0.01381762906140701
CTATTCGCAAACTATG-E15S	Tumor	E15S	1	103484.0	1.6393868948729222	0.24765125591664638	-0.4057639164421589	0.16681141601359836	0.030847612236597707	0.04554893583515607	0.9236034519282461	0.25415279183803524	0.6678183825646312	0.07802882559733355	0.25415279183803524	0.0	0.0	partial	persistent	partial	persistent	persistent	0.0384599348738215	0.9236034519282462	0.03084761223659771	0.045548935835156075	0.0	0.0	0.0
TCTATGCTCATCACGA-E15S	Tumor	E15S	1	98807.0	0.19423310047564324	0.8354446869126767	-0.09605286650947192	0.16627583850307853	0.03712395881019667	0.014754995164698637	0.9481210460251047	0.014925294108139546	0.13018656568504341	0.8548881402068171	0.014925294108139546	0.0	0.9852450048353014	reverted	reverted	reverted	reverted	partial	0.33645600137441906	0.0	0.0	0.0	0.0	0.0	0.014754995164698637
CTAAGGTCATTAGTAG-E15S	Tumor	E15S	1	103770.0	1.4777270999656087	0.3089288326919023	-0.06748308580429693	0.12610315017919282	0.036301971457019834	0.012917676709163202	0.9507803518338169	0.2039074782548926	0.6524468126397606	0.14364570910534682	0.2039074782548926	0.9507803518338169	0.0	partial	partial	partial	partial	persistent	0.14540523048663906	0.0	0.0	0.0	0.036301971457019834	0.012917676709163202	0.0
CGAAACCTCTAATGCG-E15S	Tumor	E15S	1	98139.0	2.0860112054015754	0.1238239593978027	0.030997676248438633	0.10385336529581404	0.04295575638763008	0.009891280783512917	0.947152962828857	0.41204070282617483	0.5787143488255503	0.00924494834827493	0.41204070282617483	0.0	0.0	partial	persistent	partial	persistent	persistent	0.007710103531778048	0.9471529628288571	0.042955756387630085	0.009891280783512918	0.0	0.0	0.0
GTAATGAAGCCAGATC-E15S	Tumor	E15S	1	103812.0	0.9340566743102868	0.5557963663587376	-0.0204644655512434	0.12446526425894251	0.03946734869584242	0.01142239147651491	0.9491102598276429	0.07228745911930003	0.399485766526781	0.5282267743539188	0.07228745911930003	0.9491102598276426	0.0	reverted	partial	reverted	partial	persistent	0.2972000991975755	0.0	0.0	0.0	0.03946734869584241	0.011422391476514908	0.0
CGACTGGTCCTGAGCG-E15S	Tumor	E15S	1	101334.0	0.3689054223708258	0.7848295609151948	-0.00571142835333574	0.14517397932240939	0.04199533033719006	0.011384743695736489	0.9466199259670735	0.020550184750236174	0.16581796789726275	0.8136318473525012	0.020550184750236174	0.0	0.9886152563042635	reverted	reverted	reverted	reverted	partial	0.6943502726944558	0.0	0.0	0.0	0.0	0.0	0.011384743695736489
AGGCGAATCACAGATT-E15S	Tumor	E15S	1	103064.0	0.26564543058224344	0.8160066640023762	-0.3078423172139697	0.19092622331631445	0.03184258683334474	0.030033430886743324	0.938123982279912	0.016905777023160144	0.1431585537398048	0.8399356692370351	0.016905777023160144	0.0	0.9699665691132567	reverted	reverted	reverted	reverted	partial	0.3171211354452388	0.0	0.0	0.0	0.0	0.0	0.030033430886743324
CAAAGGCGTTTCGCTC-E15S	Tumor	E15S	1	98840.0	0.47005306592732954	0.7507372672641411	-0.44677689774190465	0.22437928496146833	0.032237026261176596	0.05018984867913055	0.9175731250596929	0.025265457993552065	0.19323661425701638	0.7814979277494315	0.025265457993552065	0.0	0.9498101513208695	reverted	reverted	reverted	reverted	persistent	0.1265496071037494	0.0	0.0	0.0	0.0	0.0	0.05018984867913055
TCAACATAGTCGATTG-E15S	Tumor	E15S	1	101241.0	-0.2609683147442323	0.9231887684400717	0.09376170511422038	0.14758134234658535	0.05333857629572865	0.009410924184845936	0.9372504995194255	0.008504562343802556	0.08332647674412322	0.9081689609120743	0.008504562343802556	0.0	0.990589075815154	reverted	reverted	reverted	reverted	reverted	0.9458400282778073	0.0	0.0	0.0	0.0	0.0	0.009410924184845935
CATTGTGAGTGAAGCG-E15S	Tumor	E15S	1	102608.0	0.31982728495656315	0.8001046409100367	0.042680387274584425	0.13270746687807564	0.04590131186081221	0.010072775385758891	0.9440259127534287	0.01868963290709352	0.15442975645015078	0.8268806106427559	0.01868963290709352	0.0	0.9899272246142411	reverted	reverted	reverted	reverted	partial	0.39262237123983806	0.0	0.0	0.0	0.0	0.0	0.010072775385758893
TCAAAGCCATGGTTGG-E15S	Tumor	E15S	1	98407.0	1.6055354937092592	0.2597837934459641	0.05229894420126806	0.10693074697636624	0.04544513449307232	0.009518918501990586	0.9450359470049371	0.24336392623116856	0.6672703741161817	0.08936569965264976	0.24336392623116856	0.0	0.0	partial	persistent	partial	persistent	persistent	0.014422461255197626	0.9450359470049371	0.04544513449307232	0.009518918501990586	0.0	0.0	0.0
ATGATCCGTAGCTGCC-E15S	Tumor	E15S	1	100183.0	0.8444758406142044	0.5971752515396667	-0.46792767764212595	0.2024372557653966	0.03187337433944067	0.05677014409944537	0.9113564815611139	0.05885849167172467	0.3498640991177382	0.5912774092105372	0.05885849167172467	0.9113564815611139	0.0	reverted	partial	reverted	partial	persistent	0.0486650541899713	0.0	0.0	0.0	0.03187337433944067	0.05677014409944537	0.0
CTCGATCCAATTGAGC-E15S	Tumor	E15S	1	102149.0	0.09076582458003904	0.8606377062047879	-0.11352735473129769	0.15763543017668155	0.035653430406433526	0.015323406251920128	0.9490231633416465	0.01266619043875853	0.11469546613591833	0.8726383434253231	0.01266619043875853	0.0	0.9846765937480798	reverted	reverted	reverted	reverted	reverted	0.8316422331036671	0.0	0.0	0.0	0.0	0.0	0.015323406251920125
GGCTTATGTAACTCGT-E15S	Tumor	E15S	1	103351.0	0.0068708900338271045	0.8786195895159022	-0.1621575074910884	0.1786894031928101	0.03483096441496543	0.018162145768550082	0.9470068898164845	0.01125639145528292	0.10457216829479006	0.884171440249927	0.01125639145528292	0.0	0.98183785423145	reverted	reverted	reverted	reverted	partial	0.4022154708073422	0.0	0.0	0.0	0.0	0.0	0.018162145768550082
TGGTTCCCATGATTGA-E15S	Tumor	E15S	1	99060.0	1.3528073886525784	0.3615507266306995	0.11961180813189487	0.10558135100621022	0.0547306966691228	0.00848694033601403	0.9367823629948633	0.16754593410814406	0.6175168156154212	0.21493725027643468	0.16754593410814406	0.9367823629948633	0.0	partial	partial	partial	partial	persistent	0.06002238307697864	0.0	0.0	0.0	0.0547306966691228	0.00848694033601403	0.0
TACACCTTCTGGCTAA-E15S	Tumor	E15S	1	98983.0	0.7752445403723565	0.6282635011989919	-0.25708282732103493	0.16646446575850304	0.031513980857858274	0.024788877849559837	0.9436971412925818	0.05012853515588871	0.3141901523407723	0.6356813125033389	0.05012853515588871	0.9436971412925819	0.0	reverted	partial	reverted	partial	persistent	0.2580485672778077	0.0	0.0	0.0	0.03151398085785828	0.02478887784955984	0.0
AATTGTCAGCAATCCA-E15S	Tumor	E15S	1	98586.0	1.1446822666752678	0.45645376042410113	0.026217937897319868	0.1184464486686531	0.04328187730905245	0.010193775482211573	0.9465243472087359	0.11394782621227138	0.5204948081662082	0.36555736562152047	0.11394782621227138	0.946524347208736	0.0	partial	partial	partial	partial	persistent	0.09466048378233892	0.0	0.0	0.0	0.043281877309052454	0.010193775482211575	0.0
CGTGCTAGTTGGAGTA-E15S	Tumor	E15S	1	104709.0	1.3331817629267135	0.37017046714572416	0.07379047475454253	0.10939097537597157	0.04821187802119684	0.009180628051100823	0.9426074939277024	0.1620741428394155	0.6102428674009991	0.22768298975958542	0.1620741428394155	0.9426074939277024	0.0	partial	partial	partial	partial	persistent	0.08578812143015709	0.0	0.0	0.0	0.04821187802119684	0.009180628051100823	0.0
AAGCAATGTGGCTTCA-E15S	Tumor	E15S	1	100901.0	0.7778246089312748	0.6271220296919312	-0.007916236902770407	0.13405057954592756	0.04107808283423253	0.011246555159404745	0.9476753620063627	0.05042961324338434	0.31546994471264056	0.6341004420439751	0.05042961324338434	0.9476753620063627	0.0	reverted	partial	reverted	partial	persistent	0.10080444582124792	0.0	0.0	0.0	0.04107808283423253	0.011246555159404745	0.0
ACCCTAGGTGCATCCA-E15S	Tumor	E15S	1	96334.0	1.719368150353748	0.22052748084291	0.06638812416798187	0.10914964092338439	0.047257929192974654	0.00930001703699322	0.9434420537700323	0.2802146183850938	0.6640336559170502	0.055751725697856074	0.2802146183850938	0.0	0.0	partial	persistent	partial	persistent	persistent	0.02135321468692412	0.9434420537700321	0.04725792919297464	0.009300017036993218	0.0	0.0	0.0
ACATTGGTCGCGCCAA-E15S	Tumor	E15S	1	100613.0	-0.16637611264631072	0.9094884998986063	-0.06895335781280101	0.17267263252485945	0.039189769340584955	0.013858668433706294	0.9469515622257088	0.009229355366444052	0.08918507592074652	0.9015855687128094	0.009229355366444052	0.0	0.9861413315662937	reverted	reverted	reverted	reverted	partial	0.5193768449601769	0.0	0.0	0.0	0.0	0.0	0.013858668433706294
TCAGGTCAGTCGAGTC-E15S	Tumor	E15S	1	98925.0	0.14240672930767825	0.8484933305884773	0.09920592136599056	0.1311691239010729	0.05302878609962442	0.009083079944618641	0.9378881339557569	0.013713079267564036	0.12197558684837988	0.864311333884056	0.013713079267564036	0.0	0.9909169200553813	reverted	reverted	reverted	reverted	reverted	0.9244999310203204	0.0	0.0	0.0	0.0	0.0	0.009083079944618641
GCTAAACCATAGGTCG-E15S	Tumor	E15S	1	96891.0	0.29575702340455895	0.8072932153947974	0.033866589491862636	0.14191922234831653	0.04556393117078697	0.010403760371796147	0.9440323084574169	0.017864407981117998	0.14926094484965824	0.8328746471692238	0.017864407981117998	0.0	0.9895962396282039	reverted	reverted	reverted	reverted	partial	0.5229323656953804	0.0	0.0	0.0	0.0	0.0	0.010403760371796147
CGCAGGTCACTACCAC-E15S	Tumor	E15S	1	101437.0	-0.44166314347117497	0.944200078857618	0.01260162155205928	0.15519273163654537	0.04436160434654988	0.011115696472429418	0.9445226991810207	0.007676874735908011	0.0760784439191593	0.9162446813449329	0.007676874735908011	0.0	0.9888843035275706	reverted	reverted	reverted	reverted	reverted	0.9359875023141424	0.0	0.0	0.0	0.0	0.0	0.011115696472429418
ACCTTCACAATCGAGT-E15S	Tumor	E15S	1	102668.0	0.05075335247076287	0.869477445785337	-1.291870728674947	0.5825417670038253	0.037254402379075006	0.16493886434667968	0.7978067332742454	0.011952377247297943	0.1096193304697564	0.8784282922829457	0.011952377247297943	0.0	0.8350611356533204	reverted	reverted	reverted	reverted	partial	0.37012409481629616	0.0	0.0	0.0	0.0	0.0	0.16493886434667968
GTTACCTTCTTGAACG-E15S	Tumor	E15S	1	99652.0	1.2155588867332885	0.4234058185008	-0.14316729801237096	0.13515583435811526	0.03308290059470633	0.016344311952918023	0.9505727874523757	0.13100018091852084	0.5578567365257854	0.3111430825556937	0.13100018091852084	0.9505727874523757	0.0	partial	partial	partial	partial	persistent	0.1240702762220659	0.0	0.0	0.0	0.03308290059470633	0.016344311952918023	0.0
TCTGCCATCGAATCTG-E15S	Tumor	E15S	1	99456.0	0.05699394849053972	0.8681308095972098	0.27613048671080664	0.11656932250495158	0.09523425212038805	0.007413652876277696	0.8973520950033343	0.012058520085168832	0.11038032047993693	0.8775611594348943	0.012058520085168832	0.0	0.9925863471237224	reverted	reverted	reverted	reverted	partial	0.5554415631546292	0.0	0.0	0.0	0.0	0.0	0.007413652876277696
AGGTATGGTTCATCCC-E15S	Tumor	E15S	1	94936.0	0.9191856826018348	0.5627356225303483	0.07761931974736999	0.11845874397988765	0.0492334455811161	0.009237515554527112	0.9415290388643568	0.06988407030982692	0.3910361591614831	0.5390797705286899	0.06988407030982692	0.9415290388643568	0.0	reverted	partial	reverted	partial	persistent	0.01708715815201158	0.0	0.0	0.0	0.0492334455811161	0.009237515554527112	0.0
GTTAACTAGGATAGCG-E15S	Tumor	E15S	1	102319.0	0.38461881677134013	0.7797634272586033	-0.30245152936958064	0.18668756537650952	0.03172702832618877	0.029439477895976073	0.9388334937778351	0.021200484797364968	0.16971707611076256	0.8090824390918725	0.021200484797364968	0.0	0.9705605221040239	reverted	reverted	reverted	reverted	partial	0.4626799109897736	0.0	0.0	0.0	0.0	0.0	0.029439477895976073
CGTTGAATCCCGCGTT-E15S	Tumor	E15S	1	100150.0	-0.08716539067637792	0.8963626696507927	0.14946828698164086	0.13175274475285897	0.061492654318371746	0.00845459125699768	0.9300527544246306	0.01002880317013937	0.09539560646021142	0.8945755903696493	0.01002880317013937	0.0	0.9915454087430023	reverted	reverted	reverted	reverted	reverted	0.9683040868543897	0.0	0.0	0.0	0.0	0.0	0.00845459125699768
CTCGATCCATCGGTTC-E15S	Tumor	E15S	1	101849.0	0.7035653783754349	0.6593668466453196	-0.31910217586075806	0.17938955788493102	0.031249463323050796	0.03140102460774173	0.9373495120692075	0.04246427542868656	0.28030799981242593	0.6772277247588874	0.04246427542868656	0.9373495120692075	0.0	reverted	partial	reverted	partial	persistent	0.018961905317528175	0.0	0.0	0.0	0.031249463323050796	0.03140102460774173	0.0
ATGCCCAGTCTAGCTG-E15S	Tumor	E15S	1	90705.0	2.0361607677062263	0.1344315048643427	0.012434029156493193	0.11556188725613542	0.04177655563615532	0.010456531861994437	0.9477669125018501	0.3927705859740021	0.5951487665476249	0.012080647478372977	0.3927705859740021	0.0	0.0	partial	persistent	partial	persistent	persistent	0.0006259418952384719	0.9477669125018502	0.04177655563615533	0.01045653186199444	0.0	0.0	0.0
CCAGGTTAGGAACTAA-E15S	Tumor	E15S	1	101110.0	0.03167119057585717	0.8735227569153857	-0.2736994735700724	0.2005837828775072	0.032865691106572184	0.026587518317177705	0.9405467905762502	0.01163912186278395	0.10736023611701832	0.8810006420201978	0.01163912186278395	0.0	0.9734124816828222	reverted	reverted	reverted	reverted	reverted	0.8034491120388108	0.0	0.0	0.0	0.0	0.0	0.026587518317177698
CTCCTTGAGTGATCTG-E15S	Tumor	E15S	1	104264.0	0.8752790920542853	0.5830711864759619	-0.19561147354545086	0.15585224273988418	0.032401151412584456	0.01981059747779785	0.9477882511096177	0.06319560478090717	0.36654826349302644	0.5702561317260663	0.06319560478090717	0.9477882511096177	0.0	reverted	partial	reverted	partial	persistent	0.2955696774016486	0.0	0.0	0.0	0.032401151412584456	0.01981059747779785	0.0
CATCTCACAGTACCTC-E15S	Tumor	E15S	1	88825.0	1.6307593057272964	0.25070701220127445	0.3865363718657472	0.08902935944412181	0.15479578430327964	0.0071625051778868975	0.8380417105188335	0.2513897103819309	0.6678055972221272	0.08080469239594198	0.2513897103819309	0.0	0.0	partial	persistent	partial	persistent	persistent	0.03156574966408579	0.8380417105188335	0.15479578430327964	0.0071625051778868975	0.0	0.0	0.0
GGACAGGCATAAGCTA-E15S	Tumor	E15S	1	96513.0	0.9710216694564863	0.5384585196925469	-0.03588550817381703	0.12800262123183526	0.03851009612897516	0.011923044372169163	0.9495668594988557	0.0785693145091504	0.420741944504081	0.5006887409867686	0.0785693145091504	0.9495668594988557	0.0	reverted	partial	reverted	partial	persistent	0.24859335217056308	0.0	0.0	0.0	0.03851009612897516	0.011923044372169163	0.0
AATGGATGTCTCACCT-E15S	Tumor	E15S	1	94404.0	-0.12847885155162223	0.9034064122607566	0.2385695676033068	0.1296453089666423	0.08285656353785015	0.007699159612589127	0.9094442768495608	0.009587809363874484	0.09199678521069461	0.8984154054254309	0.009587809363874484	0.0	0.992300840387411	reverted	reverted	reverted	reverted	reverted	0.8823249866604027	0.0	0.0	0.0	0.0	0.0	0.007699159612589127
AAATTCGCATAGGGCC-E15S	Tumor	E15S	1	97328.0	0.8292831454753573	0.6040744122122689	0.1758892507743519	0.11000150981159446	0.06578298633409192	0.007953741878042873	0.926263271787865	0.05682422436869334	0.3418084025203843	0.6013673731109224	0.05682422436869334	0.9262632717878652	0.0	reverted	partial	reverted	partial	persistent	0.18844850763701496	0.0	0.0	0.0	0.06578298633409194	0.007953741878042875	0.0
GTAAGGTAGTATGATC-E15S	Tumor	E15S	1	101089.0	0.178198956358302	0.8395754287545445	-0.3204737139103222	0.21191778078659493	0.032628933554487365	0.03139531154618954	0.935975754899323	0.014531589930786615	0.12754395960906853	0.8579244504601449	0.014531589930786615	0.0	0.9686046884538104	reverted	reverted	reverted	reverted	reverted	0.8012946301838441	0.0	0.0	0.0	0.0	0.0	0.03139531154618954
CAAGGCAAGGATGCCT-E15S	Tumor	E15S	1	99603.0	0.19418068197223004	0.835458329139289	0.15288277891168023	0.12949041860837107	0.06201613832217783	0.00838968387343241	0.9295941778043898	0.01492397849045735	0.13017777231803163	0.854898249191511	0.01492397849045735	0.0	0.9916103161265676	reverted	reverted	reverted	reverted	memory	0.8221476118441221	0.0	0.0	0.0	0.0	0.0	0.00838968387343241
GCACTAATCTTGAGGC-E15S	Tumor	E15S	1	99302.0	0.2044109060723041	0.8327786150380252	0.12867293683303746	0.13284037601882842	0.05781080944281709	0.008710191372625698	0.9334789991845571	0.015184369959735588	0.13191340762316955	0.8529022224170948	0.015184369959735588	0.0	0.9912898086273743	reverted	reverted	reverted	reverted	persistent	0.08428744692631263	0.0	0.0	0.0	0.0	0.0	0.008710191372625698
CCCTTAACACATGACG-E15S	Tumor	E15S	1	97420.0	1.1212027381425982	0.46750161531675577	-0.02808814684072064	0.13020946488206797	0.03922062112056622	0.011731792983017554	0.9490475858964164	0.10861477555863842	0.5074563092175659	0.38392891522379563	0.10861477555863842	0.9490475858964161	0.0	partial	partial	partial	partial	persistent	0.01034867726241816	0.0	0.0	0.0	0.039220621120566214	0.01173179298301755	0.0
CTCCTTGAGGTTAGTT-E15S	Tumor	E15S	1	99394.0	0.1435135057312974	0.8482237785322648	0.12737711528284285	0.13064796982496363	0.057454925473539246	0.008697002654420671	0.9338480718720401	0.013737196203125765	0.12214114820561565	0.8641216555912586	0.013737196203125765	0.0	0.9913029973455794	reverted	reverted	reverted	reverted	memory	0.9351138810806601	0.0	0.0	0.0	0.0	0.0	0.008697002654420671
TCTACTATCGTCTCCA-E15S	Tumor	E15S	1	98642.0	0.37071602682326243	0.7842501444599618	0.20622236281718231	0.11522207936173484	0.07329853295518059	0.007769873214529946	0.9189315938302894	0.02062370536156627	0.16626082400646044	0.8131154706319733	0.02062370536156627	0.0	0.9922301267854701	reverted	reverted	reverted	reverted	partial	0.40696903346560515	0.0	0.0	0.0	0.0	0.0	0.007769873214529946
AGTCTTAGTAACGCAA-E15S	Tumor	E15S	1	97744.0	0.11268437320860519	0.8555858859155122	0.004421731184343497	0.15356893989762024	0.04348031756225502	0.011283354223521688	0.9452363282142233	0.01309229344043995	0.11768115118830533	0.8692265553712547	0.01309229344043995	0.0	0.9887166457764783	reverted	reverted	reverted	reverted	partial	0.6629458474003549	0.0	0.0	0.0	0.0	0.0	0.011283354223521688
CGAATCTGTCAGGGCA-E15S	Tumor	E15S	1	89506.0	0.3680974328255776	0.7850877631089548	0.3544170830049964	0.10833864590514783	0.13214037413149912	0.007205601650600214	0.8606540242179008	0.020517492791503566	0.16562087697280944	0.813861630235687	0.020517492791503566	0.0	0.9927943983493998	reverted	reverted	reverted	reverted	partial	0.350132760344296	0.0	0.0	0.0	0.0	0.0	0.0072056016506002124
CTGTCGCTCCTCATCG-E15S	Tumor	E15S	1	98783.0	0.12135570020675317	0.8535456656825515	0.07305762519374902	0.13484887307383148	0.04966564250814123	0.00954839060599767	0.9407859668858611	0.013268155059040186	0.11890423220631023	0.8678276127346496	0.013268155059040186	0.0	0.9904516093940023	reverted	reverted	reverted	reverted	partial	0.5959253151095937	0.0	0.0	0.0	0.0	0.0	0.00954839060599767
CACACCCTCTATCAGG-E15S	Tumor	E15S	1	95170.0	0.7985029725567088	0.6179232258447559	-0.046540966372264514	0.1358348085297522	0.038226675260259406	0.01238580776966003	0.9493875169700805	0.052909093661823746	0.3258709358036391	0.6212199705345373	0.052909093661823746	0.9493875169700806	0.0	reverted	partial	reverted	partial	persistent	0.10178840961482831	0.0	0.0	0.0	0.03822667526025941	0.012385807769660032	0.0
GGGTGAATCTGTGGAC-E15S	Tumor	E15S	1	99335.0	-0.013239615216041103	0.8826217143076486	-0.6692061790419659	0.3160252579306138	0.034287903627814593	0.0930569189179556	0.8726551774542297	0.010965216319494606	0.10242928349775912	0.8866055001827462	0.010965216319494606	0.0	0.9069430810820444	reverted	reverted	reverted	reverted	partial	0.6040956738605291	0.0	0.0	0.0	0.0	0.0	0.0930569189179556
GTCTCCATCTGGATAT-E15S	Tumor	E15S	1	99230.0	0.8003649663479593	0.6170906400602986	0.18928821887064107	0.10643614544688956	0.06871988259181763	0.007811694711710018	0.9234684226964723	0.053138227690100494	0.3268198419187912	0.6200419303911082	0.053138227690100494	0.9234684226964723	0.0	reverted	partial	reverted	partial	persistent	0.03576820964988319	0.0	0.0	0.0	0.06871988259181763	0.007811694711710018	0.0
AAACCCGCAGCTAGAT-E15S	Tumor	E15S	1	98049.0	-0.2778360708371957	0.9254228137214752	-0.059791323615613345	0.18286022817639908	0.040551623771740326	0.013759875536506873	0.9456885006917528	0.008398362398369774	0.08244236021776366	0.9091592773838666	0.008398362398369774	0.0	0.9862401244634932	reverted	reverted	reverted	reverted	reverted	0.7969590673844658	0.0	0.0	0.0	0.0	0.0	0.013759875536506873
AACACATTCGTTCACT-E15S	Tumor	E15S	1	97438.0	-0.3751166743749565	0.9371788920568098	-0.1751654275435682	0.2125468265020368	0.036570965110885235	0.019581864976998042	0.9438471699121168	0.007905979524943485	0.07820044623039785	0.9138935742446586	0.007905979524943485	0.0	0.980418135023002	reverted	reverted	reverted	reverted	reverted	0.9326879950078736	0.0	0.0	0.0	0.0	0.0	0.019581864976998042
CCGTCTATCGTGCCAG-E15S	Tumor	E15S	1	97463.0	0.5228136497873612	0.7315821185197879	-0.415133000217191	0.20818914347177112	0.031799449885234796	0.045148008005610106	0.9230525421091552	0.02828579940318936	0.2098622706902031	0.7618519299066076	0.02828579940318936	0.0	0.95485199199439	reverted	reverted	reverted	reverted	persistent	0.038988317987405346	0.0	0.0	0.0	0.0	0.0	0.045148008005610106
TGCAATTAGTAAGGGT-E15S	Tumor	E15S	1	97958.0	0.11005788742179552	0.8561991756669298	0.2380130160308107	0.11903272536121014	0.08237898050567072	0.0076070364323378515	0.9100139830619914	0.013039855340502091	0.11731543285112518	0.8696447118083727	0.013039855340502091	0.0	0.9923929635676622	reverted	reverted	reverted	reverted	reverted	0.8132244229468957	0.0	0.0	0.0	0.0	0.0	0.0076070364323378515
ATGGCGAAGCGGAGAC-E15S	Tumor	E15S	1	96749.0	0.5459989817992684	0.7228756896500742	-0.3201492057896823	0.18575295297159133	0.03148816253827237	0.0314876792909856	0.9370241581707419	0.029753707950425843	0.21770912207000945	0.7525371699795647	0.029753707950425843	0.0	0.9685123207090144	reverted	reverted	reverted	reverted	partial	0.3015350915076409	0.0	0.0	0.0	0.0	0.0	0.03148767929098561
TGTGCGCGTAGCGGCA-E15S	Tumor	E15S	1	99893.0	0.09519191080520961	0.8596296544364999	-0.42902763927050436	0.23554206358128138	0.032614420170265	0.046183105493944006	0.921202474335791	0.012750155896393172	0.11528634943665571	0.8719634946669511	0.012750155896393172	0.0	0.9538168945060559	reverted	reverted	reverted	reverted	memory	0.7022897166770696	0.0	0.0	0.0	0.0	0.0	0.046183105493944
CAAGGGGCAGGCATTG-E15S	Tumor	E15S	1	94351.0	0.6458231683526763	0.6834751902544419	0.3539639061922234	0.0975483717639231	0.13271837212033405	0.007170776965334645	0.8601108509143314	0.03720150581189016	0.2554577791100104	0.7073407150780995	0.03720150581189016	0.8601108509143314	0.0	reverted	partial	reverted	partial	partial	0.3599261746779189	0.0	0.0	0.0	0.13271837212033405	0.007170776965334645	0.0
ACTCCAAAGTCGAACC-E15S	Tumor	E15S	1	98636.0	0.4890655625419412	0.7439411647226735	0.013039965636659448	0.1358480127238678	0.043073419153118915	0.010762095615269808	0.9461644852316111	0.02630495470255871	0.1990346744745911	0.7746603708228502	0.02630495470255871	0.0	0.9892379043847301	reverted	reverted	reverted	reverted	persistent	0.20673750138793276	0.0	0.0	0.0	0.0	0.0	0.01076209561526981
ATCAGGGAGCTGGGTT-E15S	Tumor	E15S	1	98532.0	-0.11486429425030517	0.9011337472233237	-0.10514161778436298	0.18774948561641058	0.03812067431576642	0.015589248562021084	0.9462900771222125	0.009727121738532924	0.0930772323813477	0.8971956458801195	0.009727121738532924	0.0	0.984410751437979	reverted	reverted	reverted	reverted	reverted	0.9619440484112404	0.0	0.0	0.0	0.0	0.0	0.015589248562021086
ATGTCAACACAAGGTT-E15S	Tumor	E15S	1	95187.0	0.3823589743144229	0.7804972578294246	0.007384109260321958	0.1396114974558107	0.042792222393135335	0.01096003035381374	0.946247747253051	0.021105238821432788	0.1691485123359683	0.8097462488425988	0.021105238821432788	0.0	0.9890399696461863	reverted	reverted	reverted	reverted	persistent	0.12441601020989619	0.0	0.0	0.0	0.0	0.0	0.01096003035381374
ACCCCTTGTTTGAGTC-E15S	Tumor	E15S	1	99441.0	-0.28864301805075443	0.9268225816411362	0.0917380837815656	0.15000259289597254	0.053222641393520016	0.009481189394841607	0.9372961692116383	0.008333713599003948	0.0818999233840654	0.9097663630169306	0.008333713599003948	0.0	0.9905188106051583	reverted	reverted	reverted	reverted	partial	0.4461627727210358	0.0	0.0	0.0	0.0	0.0	0.009481189394841607
CGCCCATTCGAATCAT-E15S	Tumor	E15S	1	93476.0	-0.32393191010420525	0.93122640236078	0.3777411942715868	0.11498451862396904	0.1456627126209952	0.007215883473393643	0.8471214039056111	0.00814040320301123	0.08025540699896648	0.9116041897980225	0.00814040320301123	0.0	0.9927841165266064	reverted	reverted	reverted	reverted	reverted	0.8948828094221248	0.0	0.0	0.0	0.0	0.0	0.007215883473393644
CTGCCTGCAGCCAAGC-E15S	Tumor	E15S	1	95008.0	0.3113968152736875	0.8026450426587802	-0.6037360823289545	0.2847876775392527	0.03372790970361377	0.0807795067863388	0.8854925835100473	0.018394398285525183	0.15258922656827897	0.8290163751461959	0.018394398285525183	0.0	0.9192204932136612	reverted	reverted	reverted	reverted	partial	0.37150314461663286	0.0	0.0	0.0	0.0	0.0	0.08077950678633881
ACAACAGGTGCGGTAG-E15S	Tumor	E15S	1	95911.0	0.026140423500679515	0.8746750376629974	-0.10876820204259416	0.17721804386679926	0.03718004636688946	0.015515185331613036	0.9473047683014975	0.011551429234154779	0.10672419666173139	0.8817243741041138	0.011551429234154779	0.0	0.984484814668387	reverted	reverted	reverted	reverted	reverted	0.8651939011519886	0.0	0.0	0.0	0.0	0.0	0.015515185331613038
ACAGTTACACAAGCCA-E15S	Tumor	E15S	1	95893.0	0.25128450207468844	0.8200535598045162	0.019831579286559334	0.14267957688515007	0.04418434155170602	0.010722877808972983	0.9450927806393209	0.016475715101755942	0.14038490992026614	0.843139374977978	0.016475715101755942	0.0	0.989277122191027	reverted	reverted	reverted	reverted	partial	0.6778867602243832	0.0	0.0	0.0	0.0	0.0	0.010722877808972985
CTCAAAGTCACCATTC-E15S	Tumor	E15S	1	96148.0	-0.36570540874745344	0.936121719014917	0.6985008348055708	0.090089388623	0.6004235792940363	0.006816708552973823	0.3927597121529899	0.007945156611058147	0.07854989604487676	0.9135049473440652	0.007945156611058147	0.0	0.9931832914470262	reverted	reverted	reverted	reverted	reverted	0.9866207058253611	0.0	0.0	0.0	0.0	0.0	0.006816708552973823
GTGTCAATCCGCATCC-E15S	Tumor	E15S	1	98403.0	-0.07554714237218225	0.8943015117834403	-0.33337738029911523	0.2339840861047145	0.03352569988392155	0.03274562493281685	0.9337286751832617	0.010162930908692008	0.09641755561317	0.893419513478138	0.010162930908692008	0.0	0.9672543750671833	reverted	reverted	reverted	reverted	persistent	0.24206064749483486	0.0	0.0	0.0	0.0	0.0	0.03274562493281685
CCCTTGATCCTTGAGA-E15S	Tumor	E15S	1	98398.0	-0.07295022229815458	0.8938358842575655	-0.5120387103621625	0.2744188452699548	0.033558346544891635	0.05918717891336973	0.9072544745417387	0.010193544781108711	0.09665008523600951	0.8931563699828816	0.010193544781108711	0.0	0.9408128210866303	reverted	reverted	reverted	reverted	partial	0.5275480511508422	0.0	0.0	0.0	0.0	0.0	0.05918717891336973
GGTATCTGTGCAGGCA-E15S	Tumor	E15S	1	96694.0	0.025533176135176493	0.8748010022222396	0.10407993671178573	0.13697731889339268	0.05412978561283607	0.009095948420249727	0.9367742659669144	0.011541884175027483	0.10665486792151055	0.881803247903462	0.011541884175027483	0.0	0.9909040515797503	reverted	reverted	reverted	reverted	reverted	0.7528636808864038	0.0	0.0	0.0	0.0	0.0	0.009095948420249725
GGACATTCAATATACG-E15S	Tumor	E15S	1	96441.0	0.28433272549738	0.8106355480814063	-0.07023051673728872	0.15584562050577017	0.03794749944206494	0.013559457644639984	0.9484930429132951	0.01749136372307316	0.14689909629959216	0.8356095399773347	0.01749136372307316	0.0	0.98644054235536	reverted	reverted	reverted	reverted	reverted	0.8365416823822192	0.0	0.0	0.0	0.0	0.0	0.013559457644639984
ATCTAACAGGATCCGT-E15S	Tumor	E15S	1	95531.0	-0.05152956088561101	0.8899258051115111	0.009621964247967713	0.15767858758181755	0.044259507872704065	0.01123377933048315	0.944506712796813	0.010455145471064442	0.09862653041903219	0.8909183241099035	0.010455145471064442	0.0	0.9887662206695168	reverted	reverted	reverted	reverted	reverted	0.823515728535249	0.0	0.0	0.0	0.0	0.0	0.011233779330483149
TGGTGAGAGGCATCGT-E15S	Tumor	E15S	1	100781.0	-0.7313157775691623	0.9669754570508232	-0.21237622482544347	0.25122800355302627	0.03792125243705121	0.02261782817467802	0.9394609193882708	0.007570733978459095	0.07332392171467925	0.9191053443068616	0.007570733978459095	0.0	0.977382171825322	reverted	reverted	reverted	reverted	reverted	0.9908948285644873	0.0	0.0	0.0	0.0	0.0	0.02261782817467802
TAACAGCCATGGTTCC-E15S	Tumor	E15S	1	96725.0	0.11792014823589528	0.8543568358570269	0.08873737200872078	0.13698712863068271	0.05190800010234521	0.009325760536855375	0.9387662393607995	0.013197973119645963	0.11841676089665067	0.8683852659837032	0.013197973119645963	0.0	0.9906742394631447	reverted	reverted	reverted	reverted	reverted	0.7408518888769526	0.0	0.0	0.0	0.0	0.0	0.009325760536855375
TGCATTTCATGATCCC-E15S	Tumor	E15S	1	97568.0	1.0257937068540697	0.5126090110408053	-0.06841476285402379	0.13614594439072783	0.03682280259056695	0.013124367311578006	0.9500528300978551	0.08869095809989665	0.4526043458840938	0.45870469601600955	0.08869095809989665	0.9500528300978551	0.0	reverted	partial	reverted	partial	persistent	0.0031258359484205938	0.0	0.0	0.0	0.03682280259056695	0.013124367311578006	0.0
TCACAATAGGAGGTGC-E15S	Tumor	E15S	1	97617.0	0.18457838091720277	0.8379420870156625	-0.08323001690521176	0.15906801144980076	0.0373745900537286	0.014104013426407956	0.9485213965198634	0.014686151603994889	0.12858409028509463	0.8567297581109105	0.014686151603994889	0.0	0.985895986573592	reverted	reverted	reverted	reverted	memory	0.8503530466106993	0.0	0.0	0.0	0.0	0.0	0.014104013426407956
TCATGCAAGCATTACG-E15S	Tumor	E15S	1	94305.0	0.9165813409978201	0.5639484436523615	0.16401521170615005	0.10674355163983397	0.0630704059807316	0.008026362984082108	0.9289032310351863	0.06947041681452443	0.38956363934712274	0.5409659438383528	0.06947041681452443	0.9289032310351863	0.0	reverted	partial	reverted	partial	persistent	0.14021893130672186	0.0	0.0	0.0	0.0630704059807316	0.008026362984082108	0.0
GTGGATTCACCATGCT-E15S	Tumor	E15S	1	96216.0	1.450002234536896	0.32024535296165574	0.31254664587731584	0.09304722018731557	0.11092322873883827	0.007189299654318722	0.8818874716068431	0.19563031598417643	0.6464426327287358	0.1579270512870878	0.19563031598417643	0.8818874716068431	0.0	partial	partial	partial	partial	persistent	0.11981306196778499	0.0	0.0	0.0	0.11092322873883827	0.007189299654318722	0.0
AAGCCGCCAATCAATG-E15S	Tumor	E15S	1	95741.0	0.6291657376741966	0.6902575791759693	0.22482620624615562	0.10680011665630525	0.07810547692689469	0.007578803856841908	0.9143157192162634	0.035820958547710516	0.24870213343840583	0.7154769080138836	0.035820958547710516	0.9143157192162634	0.0	reverted	partial	reverted	partial	partial	0.5264794427764183	0.0	0.0	0.0	0.07810547692689469	0.007578803856841908	0.0
GCGGCTTGTGGCCAAG-E15S	Tumor	E15S	1	94065.0	0.16030439458483828	0.8440859690518091	0.3506810255121259	0.10474200024148429	0.13027240468193169	0.007195435989156513	0.8625321593289118	0.014112265706257747	0.12470415236076367	0.8611835819329785	0.014112265706257747	0.0	0.9928045640108435	reverted	reverted	reverted	reverted	partial	0.6004742656373517	0.0	0.0	0.0	0.0	0.0	0.007195435989156513
ACGGGTAAGCTTACAG-E15S	Tumor	E15S	1	93671.0	0.774378122878504	0.6286465007619867	-0.3512095098342439	0.19149019859331468	0.03146143965480265	0.03546226673420902	0.9330762936109883	0.05002783726699404	0.3137612900718384	0.6362108726611676	0.05002783726699404	0.9330762936109883	0.0	reverted	partial	reverted	partial	persistent	0.19585660732667598	0.0	0.0	0.0	0.03146143965480265	0.03546226673420902	0.0
CTGCACCTCGACCCGA-E15S	Tumor	E15S	1	94274.0	-0.0736297309013739	0.8939578944038225	-0.1962608887552729	0.19975205751369274	0.034913550347736376	0.020601129374734267	0.9444853202775294	0.01018551177373964	0.09658909568158296	0.8932253925446773	0.01018551177373964	0.0	0.9793988706252658	reverted	reverted	reverted	reverted	persistent	0.2597351649379336	0.0	0.0	0.0	0.0	0.0	0.020601129374734267
GGTATAGGTGATCAGA-E15S	Tumor	E15S	1	93924.0	1.7370611568317318	0.21482368638484747	-0.640260478996898	0.21695203852834766	0.03439831413182337	0.11818100991866005	0.8474206759495165	0.2860928536096352	0.6622998787056557	0.05160726768470911	0.2860928536096352	0.0	0.0	partial	persistent	partial	persistent	persistent	0.034854001614082676	0.8474206759495165	0.03439831413182337	0.11818100991866005	0.0	0.0	0.0
CAACTAACATGCTCCG-E15S	Tumor	E15S	1	93294.0	0.5698604757972124	0.7137357898782414	0.38698206509343736	0.09697427382366529	0.1541036203076921	0.007175247201491152	0.8387211324908168	0.03136152917130182	0.22614085700167244	0.7424976138270258	0.03136152917130182	0.0	0.9928247527985089	reverted	reverted	reverted	reverted	partial	0.6089941687927627	0.0	0.0	0.0	0.0	0.0	0.007175247201491152
GCTGGATTCGTTAGGC-E15S	Tumor	E15S	1	96957.0	0.6138206164319456	0.6964340945782576	-0.03186258733229788	0.14002048439829745	0.03954588243212983	0.01201256829102232	0.9484415492768478	0.034600433696435	0.2426421017378146	0.7227574645657504	0.034600433696435	0.9484415492768479	0.0	reverted	partial	reverted	partial	partial	0.630841229931197	0.0	0.0	0.0	0.039545882432129836	0.012012568291022322	0.0
ACTCCTTAGCCTATCT-E15S	Tumor	E15S	1	96247.0	-0.05503381376625498	0.8905739866748705	-0.08257842126148335	0.16563981487591425	0.0378535737580077	0.014212613328789567	0.9479338129132027	0.01041122298564372	0.0982959796694808	0.8912927973448753	0.01041122298564372	0.0	0.9857873866712105	reverted	reverted	reverted	reverted	reverted	0.8904439299059512	0.0	0.0	0.0	0.0	0.0	0.01421261332878957
AACTCGATCCCGTTCA-E15S	Tumor	E15S	1	90184.0	1.0254624684905178	0.5127656812424908	-0.12815969623750037	0.1450766199958244	0.03423091581549038	0.015763308601234788	0.9500057755832748	0.08862682529238676	0.4524113286630845	0.4589618460445288	0.08862682529238676	0.9500057755832748	0.0	reverted	partial	reverted	partial	persistent	0.15197832247492607	0.0	0.0	0.0	0.03423091581549038	0.015763308601234788	0.0
ATTGATGCAAGGTCAT-E15S	Tumor	E15S	1	91935.0	-0.30129718823978047	0.9284308338117506	-0.08312424016024439	0.17761374262668667	0.03865951517076274	0.01448586882604521	0.9468546160031921	0.008261303128827351	0.0812881431388915	0.910450553732281	0.008261303128827351	0.0	0.9855141311739548	reverted	reverted	reverted	reverted	reverted	0.9105195255243294	0.0	0.0	0.0	0.0	0.0	0.01448586882604521
ATCCCAGGTCAGGAGT-E15S	Tumor	E15S	1	95170.0	1.198501648132038	0.431308217681397	-0.23941551368203587	0.15001080194787017	0.031105862786194892	0.02307428436467425	0.945819852849131	0.12677077617259241	0.5491879118827869	0.32404131194462077	0.12677077617259241	0.945819852849131	0.0	partial	partial	partial	partial	persistent	0.0496768304178522	0.0	0.0	0.0	0.031105862786194892	0.02307428436467425	0.0
GGGAACATCGTTCATC-E15S	Tumor	E15S	1	94243.0	0.3096377670977921	0.8031720260219315	0.11946703880894316	0.13168454922858375	0.056202109545157045	0.008811258180098473	0.9349866322747445	0.01833365041019382	0.15220932926600228	0.829457020323804	0.01833365041019382	0.0	0.9911887418199016	reverted	reverted	reverted	reverted	reverted	0.8374565552798616	0.0	0.0	0.0	0.0	0.0	0.008811258180098473
GCCTGTGAGTAGGAAC-E15S	Tumor	E15S	1	94583.0	-0.14103343814568436	0.9054606699246237	-0.016390699206833198	0.17122946124127544	0.04295926109403405	0.012175328090033695	0.9448654108159321	0.00946437254055468	0.09103389093680395	0.8995017365226414	0.00946437254055468	0.0	0.9878246719099663	reverted	reverted	reverted	reverted	reverted	0.893954883443435	0.0	0.0	0.0	0.0	0.0	0.012175328090033697
GTAGTGAGTTCGCTAG-E15S	Tumor	E15S	1	93448.0	0.640646698582	0.6855914357151643	-0.06025093006518406	0.13617822653197822	0.03733563903025671	0.012841638759717335	0.949822722210026	0.03676616469543614	0.2533385799179655	0.7098952553865985	0.03676616469543614	0.949822722210026	0.0	reverted	partial	reverted	partial	persistent	0.22678161745040704	0.0	0.0	0.0	0.03733563903025671	0.012841638759717335	0.0
ACAATGGGTTGCTGGC-E15S	Tumor	E15S	1	96389.0	-0.09993042822848279	0.8985862176515378	-0.1099004322875563	0.18276659620364402	0.03750680630927238	0.015682989154124714	0.9468102045366029	0.009886666301757762	0.09430682125963674	0.8958065124386055	0.009886666301757762	0.0	0.9843170108458753	reverted	reverted	reverted	reverted	partial	0.596021166523361	0.0	0.0	0.0	0.0	0.0	0.015682989154124714
ATATGTCAGATACTGT-E15S	Tumor	E15S	1	97262.0	0.14215308332279775	0.8485550498876667	0.03760617211954635	0.14352763819990594	0.046073221663089844	0.010353120030898902	0.9435736583060111	0.01370756264302654	0.12193770245025214	0.8643547349067213	0.01370756264302654	0.0	0.9896468799691011	reverted	reverted	reverted	reverted	partial	0.6288049953892916	0.0	0.0	0.0	0.0	0.0	0.010353120030898904
GCATCAATCTTGAGCA-E15S	Tumor	E15S	1	93844.0	-0.3625976635101134	0.9357689982973357	0.009422432962400987	0.1809604155864974	0.046027851733290624	0.011703672665138536	0.942268475601571	0.007958474886943236	0.07866805561543184	0.9133734694976249	0.007958474886943236	0.0	0.9882963273348614	reverted	reverted	reverted	reverted	memory	0.9786265172876786	0.0	0.0	0.0	0.0	0.0	0.011703672665138535
TGCTCGCTCGTAATCG-E15S	Tumor	E15S	1	91312.0	0.2791144831407295	0.8121473664375156	-0.1029065047926033	0.16115006430755194	0.03641707910332274	0.014934137594342367	0.9486487833023348	0.017324815044229797	0.14583939289277997	0.8368357920629903	0.017324815044229797	0.0	0.9850658624056576	reverted	reverted	reverted	reverted	reverted	0.8797253102336621	0.0	0.0	0.0	0.0	0.0	0.014934137594342369
CTTAGTAGTATGTGTC-E15S	Tumor	E15S	1	98999.0	-0.13597793434509967	0.9046382051364927	-0.08688978107687217	0.1754439741320695	0.03827954587263323	0.014583852260015191	0.9471366018673515	0.009513507082073975	0.09141782000745882	0.8990686729104671	0.009513507082073975	0.0	0.9854161477399848	reverted	reverted	reverted	reverted	reverted	0.9420376838276033	0.0	0.0	0.0	0.0	0.0	0.014583852260015191
GTTGCAATCGCGTTAA-E15S	Tumor	E15S	1	94003.0	0.08312831303268203	0.8623628955760589	-0.25628915946694364	0.20645848244178136	0.03357075484774581	0.025110765250510165	0.941318479901744	0.01252371310028497	0.11368990080547953	0.8737863860942355	0.01252371310028497	0.0	0.9748892347494899	reverted	reverted	reverted	reverted	reverted	0.8684209972472606	0.0	0.0	0.0	0.0	0.0	0.025110765250510165
TGCACCCTCGATGGGA-E15S	Tumor	E15S	1	91913.0	0.28422750566730093	0.8106661240561207	-0.05933039273824689	0.16011370260437272	0.03893800431922597	0.013264739280149103	0.9477972564006248	0.017487981884236014	0.14687761101727417	0.83563440709849	0.017487981884236014	0.0	0.9867352607198508	reverted	reverted	reverted	reverted	partial	0.6332646522852422	0.0	0.0	0.0	0.0	0.0	0.013264739280149103
CCCATGGAGCGGTACT-E15S	Tumor	E15S	1	95564.0	-0.06941177035511732	0.8931985313356884	-0.17491615105668526	0.20705415137655225	0.036197124014645345	0.01945346814134541	0.9443494078440092	0.010235635754846657	0.09696935890161622	0.8927950053435372	0.010235635754846657	0.0	0.9805465318586546	reverted	reverted	reverted	reverted	reverted	0.9835028126165923	0.0	0.0	0.0	0.0	0.0	0.01945346814134541
CACTTAGAGCTACTGA-E15S	Tumor	E15S	1	102586.0	1.2009563358974944	0.4301687368116531	-0.4846133396024509	0.18779562383479184	0.03191690717761131	0.06291583811588787	0.9051672547065007	0.12737468528092225	0.5504493755121421	0.32217593920693566	0.12737468528092225	0.9051672547065008	0.0	partial	partial	partial	partial	persistent	0.01876998464216391	0.0	0.0	0.0	0.031916907177611316	0.06291583811588788	0.0
TGGAGCGGTTGTGAGA-E15S	Tumor	E15S	1	97371.0	0.08480658630019877	0.8619853462630607	-0.26272416523059705	0.20289565631936352	0.033222397741685616	0.02562304234264335	0.9411545599156711	0.01255476187165936	0.11390935021696014	0.8735358879113805	0.01255476187165936	0.0	0.9743769576573567	reverted	reverted	reverted	reverted	persistent	0.11221675718844178	0.0	0.0	0.0	0.0	0.0	0.02562304234264335
GCTTTGGGTAACGATG-E15S	Tumor	E15S	1	93334.0	0.40423821874465504	0.7733186261091065	0.3084930124451165	0.10562787109911731	0.10870179187036147	0.007254798108333189	0.8840434100213055	0.02205247009874557	0.1747654865500944	0.80318204335116	0.02205247009874557	0.0	0.9927452018916667	reverted	reverted	reverted	reverted	memory	0.8138909734946433	0.0	0.0	0.0	0.0	0.0	0.007254798108333187
CGATCAATCTAGTGCA-E15S	Tumor	E15S	1	100053.0	0.659104123988073	0.6780109420616048	-0.22246992361803689	0.1596028513025999	0.03189525684464545	0.02180428248081296	0.9463004606745417	0.03834505614795092	0.26097669051467554	0.7006782533373735	0.03834505614795092	0.9463004606745417	0.0	reverted	partial	reverted	partial	persistent	0.12772481450021886	0.0	0.0	0.0	0.03189525684464545	0.02180428248081296	0.0
CCATTAAGTTAGTGTC-E15S	Tumor	E15S	1	98715.0	-0.26697900912858924	0.9239918032519013	-0.06720817734636036	0.18429527118101502	0.04016043158055045	0.014048756140336101	0.9457908122791135	0.008465969079343976	0.08300613578998949	0.9085278951306667	0.008465969079343976	0.0	0.9859512438596638	reverted	reverted	reverted	reverted	reverted	0.9104733192886448	0.0	0.0	0.0	0.0	0.0	0.014048756140336098
CTATGGATCCCGCTGT-E15S	Tumor	E15S	1	93908.0	0.09560258931374498	0.8595358127837762	-0.06671318138974994	0.16950873616977974	0.03910882964220978	0.013712728913974015	0.9471784414438161	0.012757999250730664	0.11534148027658464	0.8719005204726847	0.012757999250730664	0.0	0.986287271086026	reverted	reverted	reverted	reverted	partial	0.6233775325693924	0.0	0.0	0.0	0.0	0.0	0.013712728913974017
ATGTGTTAGCGAATGG-E15S	Tumor	E15S	1	92816.0	0.021970673661841387	0.8755378074932083	-0.014714050996072064	0.14692855220589215	0.041352688464889674	0.011654632888157223	0.9469926786469531	0.011486215217271988	0.1062501407648039	0.882263644017924	0.011486215217271988	0.0	0.9883453671118428	reverted	reverted	reverted	reverted	partial	0.6468669537940009	0.0	0.0	0.0	0.0	0.0	0.011654632888157223
GTCGGCTGTTAATCGC-E15S	Tumor	E15S	1	99119.0	0.5537211109719252	0.7199375638380553	0.19616952120285752	0.10672125683884238	0.07041014564400028	0.007763183145730284	0.9218266712102695	0.030262991996419738	0.2203979518045121	0.7493390561990682	0.030262991996419738	0.0	0.9922368168542698	reverted	reverted	reverted	reverted	persistent	0.13543570811318822	0.0	0.0	0.0	0.0	0.0	0.007763183145730284
TCCCATTAGCTTACCT-E15S	Tumor	E15S	1	96819.0	0.5146460120168772	0.7346076069235835	0.2427102361888055	0.1064119369993022	0.08353085251904803	0.007481731542802806	0.9089874159381492	0.0277898860084697	0.20717788351663802	0.7650322304748923	0.0277898860084697	0.0	0.9925182684571973	reverted	reverted	reverted	reverted	persistent	0.11354738226520114	0.0	0.0	0.0	0.0	0.0	0.007481731542802806
ACTTGCTTCACTTCAC-E15S	Tumor	E15S	1	94963.0	1.266178016862019	0.40019869003275377	-0.13609650620609906	0.13899531563726425	0.03356314294899372	0.016046461457345226	0.950390395593661	0.14398489908365636	0.5821112123026899	0.2739038886136537	0.14398489908365636	0.950390395593661	0.0	partial	partial	partial	partial	persistent	0.14792421146317028	0.0	0.0	0.0	0.03356314294899372	0.016046461457345226	0.0
ACAATAGAGCATGTGC-E15S	Tumor	E15S	1	91395.0	1.034010659935454	0.5087218148445257	-0.11842048256123897	0.14023544168777152	0.03439589694019572	0.015219051832877068	0.9503850512269272	0.09029321730271644	0.45739092721944075	0.4523158554778429	0.09029321730271644	0.9503850512269272	0.0	partial	partial	reverted	partial	partial	0.3004261064049308	0.0	0.0	0.0	0.03439589694019572	0.015219051832877068	0.0
AGTATGGGTTCCAGGC-E15S	Tumor	E15S	1	95177.0	-0.1766164846713816	0.9110717686254708	0.19827316581059623	0.1287402748660367	0.0718771375291013	0.007964548138428278	0.9201583143324704	0.009139575000497896	0.08847304108228805	0.9023873839172142	0.009139575000497896	0.0	0.9920354518615717	reverted	reverted	reverted	reverted	reverted	0.9515916802580936	0.0	0.0	0.0	0.0	0.0	0.007964548138428278
GTTCCCGCATTGGAAC-E15S	Tumor	E15S	1	92207.0	-0.017043893955413836	0.8833658004042241	0.025272537514029886	0.14832281978464	0.045118357511672556	0.01070016751703024	0.9441814749712971	0.010911989647569955	0.1020354392585284	0.8870525710939017	0.010911989647569955	0.0	0.9892998324829697	reverted	reverted	reverted	reverted	partial	0.6375723136059396	0.0	0.0	0.0	0.0	0.0	0.01070016751703024
TCATGGGCACATGACG-E15S	Tumor	E15S	1	93545.0	-0.4360203864932079	0.9436345744080495	0.17524388813732997	0.14151071339275287	0.06726671204906089	0.008314332506577734	0.9244189554443615	0.007693133620078635	0.07623523666675107	0.9160716297131704	0.007693133620078635	0.0	0.9916856674934224	reverted	reverted	reverted	reverted	reverted	0.9774394559983515	0.0	0.0	0.0	0.0	0.0	0.008314332506577734
ACCACAATCGATGCAC-E15S	Tumor	E15S	1	94079.0	0.5086410798829227	0.7368180333477025	-0.08859564522169674	0.15537720035164046	0.03682631248525767	0.0142383806323413	0.948935306882401	0.02743211953007142	0.2052305112080018	0.767337369261927	0.02743211953007142	0.0	0.9857616193676587	reverted	reverted	reverted	reverted	partial	0.6220989948865058	0.0	0.0	0.0	0.0	0.0	0.0142383806323413
GCGAATTCAAACCGGC-E15S	Tumor	E15S	1	85471.0	-0.13813419008649688	0.9049897799289289	0.31485377459059644	0.12137208705243673	0.11117066719244269	0.007326975980735215	0.8815023568268222	0.009492456871280796	0.09125344301089697	0.8992541001178224	0.009492456871280796	0.0	0.9926730240192647	reverted	reverted	reverted	reverted	memory	0.8163900046504152	0.0	0.0	0.0	0.0	0.0	0.007326975980735213
AGCTAATTCCGCACTC-E15S	Tumor	E15S	1	95753.0	1.093072677228756	0.48077883217979817	-0.5017534833074142	0.2152443181003184	0.03230507000054935	0.06400578543027068	0.9036891445691799	0.10244431748980071	0.491526826245777	0.40602885626442237	0.10244431748980071	0.9036891445691799	0.0	partial	partial	partial	partial	persistent	0.044650884726342016	0.0	0.0	0.0	0.03230507000054935	0.06400578543027068	0.0
TGCGTAATCTAGTCGA-E15S	Tumor	E15S	1	91982.0	0.26071445300108564	0.8174040999463486	-0.06443190171399582	0.15787566794292518	0.03845126952581428	0.013395160510078719	0.9481535699641072	0.016756197065022006	0.14219644646151905	0.841047356473459	0.016756197065022006	0.0	0.9866048394899214	reverted	reverted	reverted	reverted	partial	0.30683936971553366	0.0	0.0	0.0	0.0	0.0	0.013395160510078719
CATACTGAGGTATCTG-E15S	Tumor	E15S	1	94806.0	0.005735071893069276	0.8788487238524545	-0.06984598104629272	0.16902659307948303	0.038872952389655956	0.013813711426375616	0.9473133361839684	0.011239498487299684	0.10444837187515378	0.8843121296375466	0.011239498487299684	0.0	0.9861862885736243	reverted	reverted	reverted	reverted	persistent	0.21159935819943218	0.0	0.0	0.0	0.0	0.0	0.013813711426375616
TGTGCATGTTCCTGAG-E15S	Tumor	E15S	1	96241.0	0.9989106088705615	0.5253134725441704	-1.1424974940700525	0.414991139497044	0.03362727394467834	0.25845089527204906	0.7079218307832725	0.08360148329494581	0.43693966176699806	0.47945885493805623	0.08360148329494581	0.7079218307832725	0.0	reverted	partial	reverted	partial	persistent	0.10705945562918989	0.0	0.0	0.0	0.03362727394467834	0.25845089527204906	0.0
TCCAAGGCAGGTAGTT-E15S	Tumor	E15S	1	91673.0	2.285979117322984	0.08824326737254183	-0.004733035760681986	0.11083910898766229	0.039983714001448616	0.010799789581068973	0.9492164964174824	0.49351303807198105	0.5035420259813879	0.0029449359466311082	0.49351303807198105	0.0	0.0	partial	persistent	partial	persistent	persistent	0.005114606937634134	0.9492164964174824	0.039983714001448616	0.010799789581068973	0.0	0.0	0.0
TGCACTAAGTTACCCT-E15S	Tumor	E15S	1	95128.0	-0.14241142219804545	0.9056837457033899	-0.22594876133795325	0.2169877893152078	0.035048366451305706	0.022910714827523142	0.9420409187211712	0.009451112085617374	0.09093012699439505	0.8996187609199876	0.009451112085617374	0.0	0.977089285172477	reverted	reverted	reverted	reverted	reverted	0.7771276486948594	0.0	0.0	0.0	0.0	0.0	0.022910714827523142
CTCGCGAAGCTACAGC-E15S	Tumor	E15S	1	88577.0	0.3761173231761115	0.7825149467099289	-0.22523539788863253	0.18068356557120688	0.032909450929615905	0.02230107555490175	0.9447894735154823	0.02084519575728982	0.16759182733531786	0.8115629769073923	0.02084519575728982	0.0	0.9776989244450982	reverted	reverted	reverted	reverted	partial	0.4960695064240203	0.0	0.0	0.0	0.0	0.0	0.02230107555490175
CTGTCATTCCGTGCAG-E15S	Tumor	E15S	1	94544.0	0.57596002675844	0.7113706531861214	0.1543426840367185	0.11446425130579838	0.06148291384833013	0.008199759267047135	0.9303173268846228	0.03178900255715211	0.22835500564365588	0.739855991799192	0.03178900255715211	0.0	0.9918002407329529	reverted	reverted	reverted	reverted	partial	0.31998401685140193	0.0	0.0	0.0	0.0	0.0	0.008199759267047135
GTCCAAATCTCACTAC-E15S	Tumor	E15S	1	97514.0	-0.09150154201536065	0.8971227800613814	-0.7760592335863211	0.35687611353874377	0.034808057490026606	0.11528154655933298	0.8499103959506403	0.009979914234647792	0.09502179881863784	0.8949982869467143	0.009979914234647792	0.0	0.884718453440667	reverted	reverted	reverted	reverted	reverted	0.8060705983631287	0.0	0.0	0.0	0.0	0.0	0.115281546559333
GGTACTATCGAGTCTA-E15S	Tumor	E15S	1	94850.0	0.6724549955119822	0.672468411283695	-0.14294875420846645	0.15797954018401644	0.034344867634559705	0.016736883061797846	0.9489182493036425	0.03953408684520569	0.2666433256131724	0.6938225875416218	0.03953408684520569	0.9489182493036425	0.0	reverted	partial	reverted	partial	persistent	0.16002963042281754	0.0	0.0	0.0	0.034344867634559705	0.016736883061797846	0.0
TCACACAAGAATCGTT-E15S	Tumor	E15S	1	93615.0	0.6120196966885265	0.6971544082927761	-0.17659952498286965	0.15589778574258872	0.03298459370761532	0.018589218070537077	0.9484261882218478	0.034460337650327515	0.24194113097783074	0.7235985313718418	0.034460337650327515	0.9484261882218475	0.0	reverted	partial	reverted	partial	partial	0.4611736041675344	0.0	0.0	0.0	0.03298459370761531	0.018589218070537074	0.0
ACGGGCTCAGCTCGAA-E15S	Tumor	E15S	1	90263.0	0.4510433752713519	0.7574108353309329	0.3092294322087218	0.1070003535316953	0.10900279149984164	0.007260322647148771	0.8837368858530097	0.024277988638788394	0.1876507750924126	0.788071236268799	0.024277988638788394	0.0	0.9927396773528513	reverted	reverted	reverted	reverted	partial	0.47164391003289347	0.0	0.0	0.0	0.0	0.0	0.007260322647148771
TATCGAACATAGGCAT-E15S	Tumor	E15S	1	92143.0	0.11349284777507757	0.8553966683520632	0.2661619791639761	0.1169235154412265	0.09160386200025888	0.007455241398198099	0.9009408966015431	0.013108511795759814	0.11779416698300853	0.8690973212212316	0.013108511795759814	0.0	0.9925447586018019	reverted	reverted	reverted	reverted	reverted	0.9047440637032959	0.0	0.0	0.0	0.0	0.0	0.007455241398198099
AACCGAAGTTGCACAT-E15S	Tumor	E15S	1	90564.0	0.7913165674834657	0.6211300818052483	0.13963408111754527	0.11771590625979028	0.058861956413247846	0.008391887960024757	0.9327461556267274	0.052033894843270534	0.3222275522767259	0.6257385528800036	0.052033894843270534	0.9327461556267274	0.0	reverted	partial	reverted	partial	partial	0.6343042954170007	0.0	0.0	0.0	0.058861956413247846	0.008391887960024757	0.0
ATATCACAGTAGCTGC-E15S	Tumor	E15S	1	94215.0	0.12379257988441729	0.8529680263941175	0.3096198550265702	0.11119806977993188	0.10907494278007081	0.007281678216095302	0.8836433790038338	0.013318342597556272	0.119252317579733	0.8674293398227108	0.013318342597556272	0.0	0.9927183217839047	reverted	reverted	reverted	reverted	partial	0.5193431730833293	0.0	0.0	0.0	0.0	0.0	0.007281678216095303
GGTTCAGCAACCAGCA-E15S	Tumor	E15S	1	94507.0	0.5580234679795065	0.7182923668139276	-0.11297491852373487	0.1575355447682984	0.035674456553940546	0.015296971450108544	0.9490285719959508	0.030551279709428007	0.2219125233753255	0.7475361969152465	0.030551279709428007	0.0	0.9847030285498914	reverted	reverted	reverted	reverted	partial	0.30580592175482896	0.0	0.0	0.0	0.0	0.0	0.015296971450108545
CATCCCGCAACTACTT-E15S	Tumor	E15S	1	92101.0	0.7538718326535762	0.6376632245164633	-0.2554983975726973	0.1721913440196484	0.031806225342833325	0.024694565130907425	0.9434992095262593	0.04770364384535949	0.30374594219320605	0.6485504139614345	0.04770364384535949	0.9434992095262593	0.0	reverted	partial	reverted	partial	partial	0.3659006597552645	0.0	0.0	0.0	0.031806225342833325	0.024694565130907425	0.0
GCTTGTCCAAGGTACT-E15S	Tumor	E15S	1	93839.0	1.1544764517391009	0.4518572936381536	-0.050887097033441575	0.12922059037488123	0.03753633967960619	0.012410021574866429	0.9500536387455273	0.1162203482971487	0.52585017932976	0.35792947237309125	0.1162203482971487	0.9500536387455274	0.0	partial	partial	partial	partial	persistent	0.06299005190735914	0.0	0.0	0.0	0.0375363396796062	0.01241002157486643	0.0
TCCATTGCAAGCATGT-E15S	Tumor	E15S	1	90997.0	2.348677882536205	0.07914841585005268	-0.04620924776893917	0.10668884726799316	0.03663138129000954	0.01190567605114708	0.9514629426588435	0.5202053353551365	0.477784931999218	0.0020097326456454388	0.5202053353551365	0.0	0.0	persistent	persistent	persistent	persistent	persistent	0.004818824469629715	0.9514629426588435	0.03663138129000954	0.01190567605114708	0.0	0.0	0.0
GCTTGTCCAATTACAG-E15S	Tumor	E15S	1	94136.0	-0.13091756440565802	0.9038085443630377	0.04986325641193007	0.15531878506304897	0.04827619995185405	0.010311042597502814	0.9414127574506432	0.009563458806465783	0.09180725707881815	0.898629284114716	0.009563458806465783	0.0	0.9896889574024973	reverted	reverted	reverted	reverted	partial	0.3483056910128797	0.0	0.0	0.0	0.0	0.0	0.010311042597502814
TCTCGATTCATCGAGC-E15S	Tumor	E15S	1	98161.0	0.7474286470690795	0.6404767825719214	-0.2531442583776007	0.16771953784026947	0.03164177354980553	0.02444393327131783	0.9439142931788767	0.04699645380570562	0.3006532788012262	0.6523502673930681	0.04699645380570562	0.9439142931788767	0.0	reverted	partial	reverted	partial	partial	0.5140853776270524	0.0	0.0	0.0	0.03164177354980553	0.02444393327131783	0.0
GTGGCAAAGGAATGCG-E15S	Tumor	E15S	1	97021.0	0.5719456034562976	0.7129285758935431	-0.5366163216760084	0.2387193117093374	0.03282303803218331	0.07017237982129987	0.8970045821465169	0.031506890765255056	0.22689505179734268	0.7415980574374024	0.031506890765255056	0.0	0.9298276201787002	reverted	reverted	reverted	reverted	partial	0.6613158603830055	0.0	0.0	0.0	0.0	0.0	0.07017237982129987
GGCTGACCATGATAGC-E15S	Tumor	E15S	1	91163.0	1.0737520109798417	0.4899149628842927	0.3989951762062134	0.09122243825562365	0.1637024395570168	0.007177159550037509	0.8291204008929456	0.09834793943429564	0.48043742508155274	0.42121463548415167	0.09834793943429564	0.8291204008929457	0.0	partial	partial	reverted	partial	persistent	0.047677581914397055	0.0	0.0	0.0	0.16370243955701683	0.00717715955003751	0.0
AAGTAACGTCAGTAGA-E15S	Tumor	E15S	1	96120.0	0.06477969170637395	0.8664342500410661	-0.03459730757414059	0.16316698845782343	0.040912055986903895	0.012535899799218788	0.9465520442138775	0.012193571323317793	0.11134538124886284	0.8764610474278194	0.012193571323317793	0.0	0.9874641002007811	reverted	reverted	reverted	reverted	partial	0.4509503236536645	0.0	0.0	0.0	0.0	0.0	0.012535899799218785
TCGTACTTCGATTGCA-E15S	Tumor	E15S	1	95722.0	-0.1002750705030051	0.8986456602554882	0.15701517953670863	0.14070917966096091	0.06348398980767737	0.008488827597622053	0.9280271825947007	0.009882903227387482	0.09427791203150994	0.8958391847411026	0.009882903227387482	0.0	0.9915111724023778	reverted	reverted	reverted	reverted	partial	0.6179604554562718	0.0	0.0	0.0	0.0	0.0	0.008488827597622052
GTACGAAGTTTGGGCC-E15S	Tumor	E15S	1	93789.0	0.7238466288992497	0.650691113997594	0.04969850506068317	0.12616062189344182	0.04627157851215072	0.009835713866420195	0.943892707621429	0.044499726055035084	0.289560024496125	0.66594024944884	0.044499726055035084	0.9438927076214291	0.0	reverted	partial	reverted	partial	partial	0.3210739462823075	0.0	0.0	0.0	0.046271578512150725	0.009835713866420197	0.0
CGTAGTTGTGATCAAG-E15S	Tumor	E15S	1	97469.0	0.10445538675436446	0.857500129435844	-0.13543109176769577	0.17333564009256344	0.03561599229652957	0.016659118426837507	0.9477248892766329	0.012929270008365605	0.11654261935612739	0.8705281106355071	0.012929270008365605	0.0	0.9833408815731625	reverted	reverted	reverted	reverted	memory	0.9280904531724492	0.0	0.0	0.0	0.0	0.0	0.016659118426837507
ACCCGATAGCTAGAGG-E15S	Tumor	E15S	1	97706.0	0.16375020610768687	0.8432255237469535	-0.06613740607117385	0.16452616084925942	0.03879617158889084	0.013589207794904242	0.9476146206162049	0.014191410887857449	0.1252421897277202	0.8605663993844224	0.014191410887857449	0.0	0.9864107922050958	reverted	reverted	reverted	reverted	partial	0.5480919472524456	0.0	0.0	0.0	0.0	0.0	0.013589207794904242
TCAGGTTGTAGTGCCC-E15S	Tumor	E15S	1	98065.0	-0.15926800964074253	0.9083746329232243	-0.20612252521857424	0.20435080784120419	0.03487413632451941	0.021327319435594218	0.9437985442398862	0.009293405659945471	0.08969104947326398	0.9010155448667906	0.009293405659945471	0.0	0.9786726805644058	reverted	reverted	reverted	reverted	inducing	0.9639229917124023	0.0	0.0	0.0	0.0	0.0	0.02132731943559422
AATCCATAGGCATCCG-E15S	Tumor	E15S	1	94367.0	0.5599012575521451	0.7175724721234994	0.09872278844084349	0.12481884365104712	0.05256115624029718	0.009002137733469992	0.9384367060262327	0.030678134601503197	0.22257728240385377	0.7467445829946431	0.030678134601503197	0.0	0.99099786226653	reverted	reverted	reverted	reverted	persistent	0.0469391622504636	0.0	0.0	0.0	0.0	0.0	0.009002137733469992
AGCAAGGTCCGCGTAG-E15S	Tumor	E15S	1	93731.0	0.9214340974487203	0.5616879494801644	-0.17517904831412925	0.15122364349308562	0.03278305886957382	0.018424454491810245	0.9487924866386159	0.07024292516766902	0.3923092387722399	0.537447836060091	0.07024292516766902	0.9487924866386159	0.0	reverted	partial	reverted	partial	partial	0.3670461297502287	0.0	0.0	0.0	0.03278305886957382	0.018424454491810245	0.0
CCGTTGCTCCAGGTTA-E15S	Tumor	E15S	1	96369.0	-0.027536951686648763	0.8853969645127121	-0.4432778210042323	0.25341823494037224	0.033176270585339965	0.04766058353770466	0.9191631458769554	0.010768150515232089	0.10096772427485222	0.8882641252099156	0.010768150515232089	0.0	0.9523394164622954	reverted	reverted	reverted	reverted	reverted	0.7477375097638361	0.0	0.0	0.0	0.0	0.0	0.04766058353770466
GTCATAACACCTCGTG-E15S	Tumor	E15S	1	93081.0	-0.07094496067707973	0.8934751051809504	0.2635850273330207	0.12193133331667326	0.09076318110591156	0.007504532952829782	0.9017322859412588	0.010217344283382099	0.09683067317522925	0.8929519825413885	0.010217344283382099	0.0	0.9924954670471703	reverted	reverted	reverted	reverted	memory	0.9269280368218317	0.0	0.0	0.0	0.0	0.0	0.007504532952829782
ACCCTTTAGCATATCG-E15S	Tumor	E15S	1	90905.0	1.688233908165203	0.23082595891790667	0.08377206991927276	0.10826412487639843	0.04947803507765277	0.009009593907419247	0.941512371014928	0.26997194125723767	0.6663186576295502	0.06370940111321212	0.26997194125723767	0.0	0.0	partial	persistent	partial	persistent	persistent	0.08284310195942118	0.941512371014928	0.04947803507765277	0.009009593907419247	0.0	0.0	0.0
AAGGCCCCATAGATCA-E15S	Tumor	E15S	1	95290.0	1.169791994225904	0.4446863447496272	-0.1095401093820704	0.13537705869347963	0.034543416309811704	0.014734977107845567	0.9507216065823428	0.11982923411518527	0.5341129256572255	0.3460578402275894	0.11982923411518527	0.9507216065823428	0.0	partial	partial	partial	partial	persistent	0.16328391581679125	0.0	0.0	0.0	0.034543416309811704	0.014734977107845567	0.0
AGTATGTTCGTGCATA-E15S	Tumor	E15S	1	94078.0	0.21886318561501594	0.8289336869615956	-0.2504220632613582	0.19574569403443878	0.0331119387847002	0.02449766911645718	0.9423903920988426	0.015564940174806563	0.13443313094994153	0.8500019288752518	0.015564940174806563	0.0	0.9755023308835428	reverted	reverted	reverted	reverted	reverted	0.9452379207902833	0.0	0.0	0.0	0.0	0.0	0.02449766911645718
GCATCCTCATTCGTCA-E15S	Tumor	E15S	1	91720.0	1.4040444576228932	0.33947393152635535	0.12783085694363533	0.10889299018723955	0.05629238237803966	0.008425523342130965	0.9352820942798293	0.18215891049788965	0.634273054180819	0.1835680353212913	0.18215891049788965	0.9352820942798293	0.0	partial	partial	partial	partial	persistent	0.041346692142485576	0.0	0.0	0.0	0.05629238237803966	0.008425523342130965	0.0
AATCAGCCATAGGCCA-E15S	Tumor	E15S	1	93967.0	0.4644391143741166	0.7527208010757537	0.09910664534104921	0.13122687941142197	0.05301785671372173	0.009085343549018444	0.9378967997372598	0.024968552263678372	0.19156523618683952	0.7834662115494821	0.024968552263678372	0.0	0.9909146564509815	reverted	reverted	reverted	reverted	partial	0.4712287430658042	0.0	0.0	0.0	0.0	0.0	0.009085343549018444
CTCAGTAAGATTGCAT-E15S	Tumor	E15S	1	92822.0	0.1784269028516365	0.8395172971045092	0.006939913746050672	0.15214186080957673	0.04361085038692126	0.011195083913713308	0.9451940656993655	0.014537065978297455	0.12758087101921858	0.8578820630024839	0.014537065978297455	0.0	0.9888049160862867	reverted	reverted	reverted	reverted	persistent	0.20485417413398985	0.0	0.0	0.0	0.0	0.0	0.011195083913713308
GTCTACAAGTAGTCGC-E15S	Tumor	E15S	1	93358.0	-0.3992828526742299	0.9398191519643199	-0.26741607842068227	0.24442574307888118	0.03560601552658502	0.026470431984998658	0.9379235524884164	0.007813206796330045	0.0773600087684889	0.9148267844351812	0.007813206796330045	0.0	0.9735295680150012	reverted	reverted	reverted	reverted	reverted	0.895247801924017	0.0	0.0	0.0	0.0	0.0	0.02647043198499865
ATAAGTGAGGGTATCC-E15S	Tumor	E15S	1	93889.0	0.9576254239951377	0.5447548128265649	-0.5581827257282986	0.2246926862370489	0.03293944846996643	0.07971947942926115	0.8873410721007725	0.07624180081096003	0.41300330014847547	0.5107548990405645	0.07624180081096003	0.8873410721007725	0.0	reverted	partial	reverted	partial	persistent	0.16803584131442373	0.0	0.0	0.0	0.03293944846996643	0.07971947942926115	0.0
CCTGCAAGTGAGGTGT-E15S	Tumor	E15S	1	83337.0	0.4938304672734112	0.7422190112947714	0.2834794893077339	0.11032871729553193	0.09804997349897894	0.0073467735449285415	0.8946032529560926	0.026573899968097805	0.2005214964089413	0.772904603622961	0.026573899968097805	0.0	0.9926532264550715	reverted	reverted	reverted	reverted	partial	0.5629932478658382	0.0	0.0	0.0	0.0	0.0	0.0073467735449285415
CTTAATCCACTCAACC-E15S	Tumor	E15S	1	90266.0	1.5598540123138764	0.2767559583376136	0.006592035664040374	0.11367264963676509	0.04113255609233625	0.010564987914259145	0.9483024559934047	0.22902671978309702	0.6643479789892792	0.10662530122762366	0.22902671978309702	0.0	0.0	partial	persistent	partial	persistent	persistent	0.036105815315361035	0.9483024559934047	0.04113255609233625	0.010564987914259145	0.0	0.0	0.0
GGTGACTTCGTACCAA-E15S	Tumor	E15S	1	90175.0	0.17493691375066134	0.8404054602243755	0.03865081670530997	0.14682576901827726	0.046415598664064917	0.010388090843458698	0.9431963104924763	0.014453600308882535	0.12701778657126503	0.8585286131198524	0.014453600308882535	0.0	0.9896119091565413	reverted	reverted	reverted	reverted	reverted	0.9315267088964267	0.0	0.0	0.0	0.0	0.0	0.0103880908434587
GGCTTATGTGGACACG-E15S	Tumor	E15S	1	90606.0	0.17640493407076183	0.8400323516509293	-0.12222402607004049	0.1780756861923661	0.03655212808896347	0.016130899972865972	0.9473169719381705	0.014488611300379357	0.1272541071110274	0.8582572815885934	0.014488611300379357	0.0	0.983869100027134	reverted	reverted	reverted	reverted	partial	0.48895411125469906	0.0	0.0	0.0	0.0	0.0	0.016130899972865972
AGCTTAGTCTATGAAC-E15S	Tumor	E15S	1	96108.0	-0.1470976543305565	0.9064388540870639	0.08176848151277949	0.1465081992559547	0.051604699059379144	0.009585561479452331	0.9388097394611685	0.00940643639808918	0.09058006353037382	0.9000135000715369	0.00940643639808918	0.0	0.9904144385205477	reverted	reverted	reverted	reverted	reverted	0.8414084026880799	0.0	0.0	0.0	0.0	0.0	0.009585561479452331
CGCCTGAAGCTACTCT-E15S	Tumor	E15S	1	89676.0	-0.13541868082520797	0.9045468296688979	0.050287035319981896	0.15730381647131605	0.04847132013381754	0.010338154069585319	0.941190525796597	0.009518989546218957	0.09146060566176774	0.8990204047920133	0.009518989546218957	0.0	0.9896618459304147	reverted	reverted	reverted	reverted	memory	0.9047411855722695	0.0	0.0	0.0	0.0	0.0	0.01033815406958532
CCTTGCATCACCCTGC-E15S	Tumor	E15S	1	90730.0	0.07845178764882482	0.8634103629425822	0.0743332836413415	0.15131139144157568	0.05096624356216385	0.009789905571425466	0.9392438508664106	0.012437957723999101	0.11308286750967475	0.8744791747663262	0.012437957723999101	0.0	0.9902100944285745	reverted	reverted	reverted	reverted	persistent	0.12197307488533707	0.0	0.0	0.0	0.0	0.0	0.009789905571425467
GGGTTGAAGGCAACTC-E15S	Tumor	E15S	1	91143.0	1.2008289177552938	0.4302278669898038	0.26482912427126837	0.10130164322104405	0.0909717542539688	0.007353033264318157	0.9016752124817129	0.12734329793651686	0.5503840078709945	0.3222726941924886	0.12734329793651686	0.901675212481713	0.0	partial	partial	partial	partial	persistent	0.14909536423279146	0.0	0.0	0.0	0.09097175425396882	0.007353033264318158	0.0
GCTAAATTCCCCTGTA-E15S	Tumor	E15S	1	90539.0	0.6052758919377393	0.6998431126193493	0.14364114706764355	0.11920062972674882	0.059682200975374175	0.008365177846688353	0.9319526211779374	0.03394149766948531	0.2393352993597017	0.726723202970813	0.03394149766948531	0.9319526211779374	0.0	reverted	partial	reverted	partial	partial	0.3850312088134811	0.0	0.0	0.0	0.059682200975374175	0.008365177846688353	0.0
CAGGCCATCTGGCTCC-E15S	Tumor	E15S	1	91270.0	-0.3702439743892682	0.9366335924887387	0.03524588797913042	0.17429482528941348	0.048106457207496685	0.01097023688948528	0.9409233059030179	0.00792604749511447	0.07837980706080877	0.9136941454440767	0.00792604749511447	0.0	0.9890297631105147	reverted	reverted	reverted	reverted	reverted	0.9909796279476137	0.0	0.0	0.0	0.0	0.0	0.010970236889485282
TAATCACAGCCTCTAT-E15S	Tumor	E15S	1	93374.0	0.567872723563103	0.7145040399108079	-0.4811685350478302	0.22816382445191635	0.03238328104502188	0.057258398302022	0.9103583206529561	0.031223695994551916	0.22542449971386963	0.7433518042915785	0.031223695994551916	0.0	0.942741601697978	reverted	reverted	reverted	reverted	persistent	0.02010243306541159	0.0	0.0	0.0	0.0	0.0	0.05725839830202201
TCTGGTAAGCGCTCCT-E15S	Tumor	E15S	1	96537.0	0.5879843401060691	0.7066743290887192	-0.3362892988529347	0.18980467849560326	0.0315032136985224	0.03347653143970262	0.9350202548617749	0.03265199193406672	0.23279067424235775	0.7345573338235755	0.03265199193406672	0.0	0.9665234685602974	reverted	reverted	reverted	reverted	persistent	0.20274519131333749	0.0	0.0	0.0	0.0	0.0	0.033476531439702625
ACTCACCCAAGTTCGG-E15S	Tumor	E15S	1	87428.0	-0.053649738872235224	0.8903183753444857	0.05616364446320829	0.15067059904415808	0.04867227646428076	0.010108010905810268	0.941219712629909	0.010428517574327438	0.09842619587265151	0.8911452865530209	0.010428517574327438	0.0	0.9898919890941897	reverted	reverted	reverted	reverted	reverted	0.931411550981448	0.0	0.0	0.0	0.0	0.0	0.010108010905810268
AGCGGTAAGCCGAGTT-E15S	Tumor	E15S	1	91352.0	0.15157022375273285	0.8462497101618446	-0.17252729334154124	0.17885375647609483	0.034447117365883274	0.018756521020109527	0.9467963616140072	0.013914994691617739	0.12335886984529522	0.8627261354630871	0.013914994691617739	0.0	0.9812434789798905	reverted	reverted	reverted	reverted	reverted	0.8049846385215882	0.0	0.0	0.0	0.0	0.0	0.01875652102010953
CAAGTAGGTTGCCTAG-E15S	Tumor	E15S	1	93018.0	1.1347035766938887	0.4611444510727684	0.3505409638270408	0.09027320804141067	0.13123400861217738	0.007150675508195581	0.8616153158796271	0.1116613255076261	0.5149861272117995	0.3733525472805744	0.1116613255076261	0.8616153158796271	0.0	partial	partial	partial	partial	persistent	0.2111816059808825	0.0	0.0	0.0	0.13123400861217738	0.007150675508195581	0.0
AGAGATTGTAGTTGGA-E15S	Tumor	E15S	1	90136.0	0.6704714096378143	0.6732949817469074	-0.0022153080061847186	0.1313351827065832	0.04139752798330208	0.011055467691676956	0.947547004325021	0.03935488434854837	0.26579389263462416	0.6948512230168274	0.03935488434854837	0.947547004325021	0.0	reverted	partial	reverted	partial	partial	0.6548824969930013	0.0	0.0	0.0	0.04139752798330208	0.011055467691676956	0.0
TGCCTCGCACCTATAT-E15S	Tumor	E15S	1	92353.0	-0.14998487718085798	0.906901378875777	-0.5850446193688283	0.2891478541077196	0.033802794476951	0.07458102690666536	0.8916161786163836	0.009379232658030628	0.0903665422804906	0.9002542250614788	0.009379232658030628	0.0	0.9254189730933347	reverted	reverted	reverted	reverted	reverted	0.801309981649308	0.0	0.0	0.0	0.0	0.0	0.07458102690666536
CGCAATATCCTCTCGA-E15S	Tumor	E15S	1	91128.0	0.5589661650311594	0.7179311012109362	0.2307027403890391	0.10896156582822637	0.07989398765817511	0.007563342543441601	0.9125426697983834	0.03061488546158023	0.22224596634336755	0.7471391481950523	0.03061488546158023	0.0	0.9924366574565583	reverted	reverted	reverted	reverted	partial	0.6062709387350583	0.0	0.0	0.0	0.0	0.0	0.0075633425434416
CGACCTAGTTTACCGG-E15S	Tumor	E15S	1	92980.0	0.39288690173226465	0.777063576270598	-0.5151799339113378	0.2615624138945856	0.033188129330089945	0.06135753021484471	0.9054543404550653	0.021553996946599565	0.17181991613687064	0.8066260869165299	0.021553996946599565	0.0	0.9386424697851553	reverted	reverted	reverted	reverted	partial	0.608145550228846	0.0	0.0	0.0	0.0	0.0	0.06135753021484471
AGCACGCCAATCATAG-E15S	Tumor	E15S	1	92210.0	0.26147074155870476	0.817190304629812	-0.0045455577336112885	0.15093658237859428	0.0424925929547151	0.011460404907846035	0.9460470021374389	0.01677900776143749	0.1423433437451066	0.8408776484934558	0.01677900776143749	0.0	0.9885395950921539	reverted	reverted	reverted	reverted	reverted	0.9593203143862499	0.0	0.0	0.0	0.0	0.0	0.011460404907846035
TGCACTAAGGGTCTAC-E15S	Tumor	E15S	1	90198.0	-0.042834497177542126	0.8883029331707847	0.17092790742422717	0.13132959418775023	0.06577736875682615	0.008230773450564216	0.9259918577926095	0.010566079863742172	0.09945914671705161	0.8899747734192063	0.010566079863742172	0.0	0.9917692265494358	reverted	reverted	reverted	reverted	partial	0.6783065187045998	0.0	0.0	0.0	0.0	0.0	0.008230773450564218
CTCGCTTGTTTGAGCT-E15S	Tumor	E15S	1	91257.0	0.21061486908344162	0.8311366200676726	0.11127962247488785	0.13258591985702614	0.0549510527583282	0.008932703205390793	0.936116244036281	0.015345887361495949	0.13298523159827802	0.8516688810402261	0.015345887361495949	0.0	0.9910672967946093	reverted	reverted	reverted	reverted	partial	0.6941279007431352	0.0	0.0	0.0	0.0	0.0	0.008932703205390793
CGAGGAATCACAGGGA-E15S	Tumor	E15S	1	89956.0	0.5875901257159329	0.7068290041682807	-0.4742948389909959	0.21278782708692556	0.032072059869498175	0.057241930355934945	0.9106860097745668	0.03262326632968624	0.23264375631444686	0.734732977355867	0.03262326632968624	0.0	0.942758069644065	reverted	reverted	reverted	reverted	partial	0.5758640020402354	0.0	0.0	0.0	0.0	0.0	0.05724193035593495
CTTGGCGAGCGCTACG-E15S	Tumor	E15S	1	93190.0	0.8711614371393324	0.5849649928924404	0.030450200429583324	0.12495724320248572	0.0441052781393766	0.010201905491153766	0.9456928163694694	0.0625991097715839	0.3642923018237458	0.5731085884046704	0.0625991097715839	0.9456928163694697	0.0	reverted	partial	reverted	partial	partial	0.3475189525978077	0.0	0.0	0.0	0.044105278139376605	0.010201905491153768	0.0
CTGAATGTCACACTGA-E15S	Tumor	E15S	1	90530.0	-0.12026914238840672	0.9020416171575396	-0.1368385788460292	0.20091395961371147	0.0374411419918074	0.017314026167221563	0.945244831840971	0.009671126182044446	0.0926437349715739	0.8976851388463817	0.009671126182044446	0.0	0.9826859738327784	reverted	reverted	reverted	reverted	partial	0.6484172343595351	0.0	0.0	0.0	0.0	0.0	0.017314026167221566
TAGCCTGGTAGTCATC-E15S	Tumor	E15S	1	90790.0	0.08550485583913918	0.8618280054198633	0.5131100351732819	0.09722589831614001	0.2773739651339179	0.007334625712683671	0.7152914091533985	0.012567722986772377	0.11400090570658843	0.8734313713066392	0.012567722986772377	0.0	0.9926653742873164	reverted	reverted	reverted	reverted	partial	0.5753169700259009	0.0	0.0	0.0	0.0	0.0	0.007334625712683671
CTACGTCCATGAATTG-E15S	Tumor	E15S	1	87238.0	-0.2806758491624803	0.9257930022246715	0.24094911827499182	0.13095920162874286	0.08361480791763315	0.007697683182934561	0.9086875088994323	0.008381120787797111	0.08229802347490454	0.9093208557372984	0.008381120787797111	0.0	0.9923023168170655	reverted	reverted	reverted	reverted	reverted	0.975167233252221	0.0	0.0	0.0	0.0	0.0	0.007697683182934561
CCTTGCATCGATCATG-E15S	Tumor	E15S	1	84804.0	0.9635966066410494	0.5419499770934564	0.2841865610233613	0.10319897583485273	0.09835412953040218	0.007301398390318926	0.8943444720792789	0.07727208227651682	0.4164484398621802	0.506279477861303	0.07727208227651682	0.8943444720792789	0.0	reverted	partial	reverted	partial	partial	0.5048163593575752	0.0	0.0	0.0	0.09835412953040218	0.007301398390318926	0.0
GCCTACTCAATCGAGT-E15S	Tumor	E15S	1	88311.0	0.19427569492935878	0.8354336007844099	0.015510492697438802	0.14826668193703763	0.044148584682312184	0.010920528358792635	0.9449308869588952	0.014926363298238713	0.1301937117896593	0.8548799249121019	0.014926363298238713	0.0	0.9890794716412074	reverted	reverted	reverted	reverted	memory	0.9461823190793207	0.0	0.0	0.0	0.0	0.0	0.010920528358792635
AGGGCTAAGTCATCGA-E15S	Tumor	E15S	1	91160.0	-0.3447652767469498	0.9337097773239572	0.3057005198827144	0.12458855227143584	0.10705114928330349	0.0073710058583239335	0.8855778448583727	0.008038608747015891	0.07937293141758292	0.9125884598354012	0.008038608747015891	0.0	0.9926289941416762	reverted	reverted	reverted	reverted	reverted	0.924547150267117	0.0	0.0	0.0	0.0	0.0	0.0073710058583239335
TACCACGGTTAAGGAT-E15S	Tumor	E15S	1	90578.0	1.0556628397814554	0.49847498737476587	0.07366674245835655	0.11931267271733224	0.048767573508746005	0.00931341868500506	0.9419190078062489	0.09461920158264478	0.4699765694507657	0.4354042289665895	0.09461920158264478	0.9419190078062489	0.0	partial	partial	partial	partial	partial	0.316422356857371	0.0	0.0	0.0	0.048767573508746005	0.00931341868500506	0.0
TGTGCGCGTTTGCCTC-E15S	Tumor	E15S	1	94838.0	1.8104824225607985	0.192307108358567	-0.6018215795697396	0.1988179690994651	0.03401735177140147	0.1056642193680671	0.8603184288605316	0.310955885698124	0.6519900938998456	0.037054020402030347	0.310955885698124	0.0	0.0	partial	persistent	partial	persistent	persistent	0.009586887610572201	0.8603184288605316	0.03401735177140147	0.1056642193680671	0.0	0.0	0.0
ATGGCTGCATCCATTG-E15S	Tumor	E15S	1	86079.0	0.2742224643844246	0.8135562300215408	0.159121981564182	0.13555247168408216	0.0635922488453134	0.008400023596813204	0.9280077275578734	0.017170826497614776	0.14485668432608875	0.8379724891762965	0.017170826497614776	0.0	0.9915999764031869	reverted	reverted	reverted	reverted	persistent	0.27152652065031085	0.0	0.0	0.0	0.0	0.0	0.008400023596813204
ACCTCTTAGGCAACGA-E15S	Tumor	E15S	1	88061.0	0.7685722315850704	0.6312088031576775	-0.27946916877761874	0.17885300462464096	0.031704876684536434	0.02700959275470411	0.9412855305607595	0.049358321971309065	0.3108993017626786	0.6397423762660123	0.049358321971309065	0.9412855305607595	0.0	reverted	partial	reverted	partial	partial	0.42973384948808335	0.0	0.0	0.0	0.031704876684536434	0.02700959275470411	0.0
ACGCTATGTTGGCTTG-E15S	Tumor	E15S	1	93056.0	0.2141683451206006	0.8301903531283076	-0.43359038355689317	0.24367805733354522	0.032876983942112054	0.046535096880926184	0.9205879191769616	0.015439649304837747	0.13360578241578752	0.8509545682793749	0.015439649304837747	0.0	0.9534649031190738	reverted	reverted	reverted	reverted	reverted	0.7313848805749938	0.0	0.0	0.0	0.0	0.0	0.04653509688092619
TAAACGGGTTGAAGTG-E15S	Tumor	E15S	1	92081.0	0.13665990581091084	0.8498866341979571	-0.14158604848717513	0.17065504211116503	0.03517328975475752	0.016911932504968037	0.9479147777402743	0.01358903415794185	0.12112254641115269	0.8652884194309054	0.01358903415794185	0.0	0.983088067495032	reverted	reverted	reverted	reverted	partial	0.4242826380368935	0.0	0.0	0.0	0.0	0.0	0.01691193250496804
GGTAGTGAGTTGCCGG-E15S	Tumor	E15S	1	94616.0	0.11706524135800922	0.8545581084333909	-0.4225302234588557	0.22792023703247902	0.032384725807334466	0.04544961678957807	0.9221656574030874	0.01318061256626685	0.11829604901214014	0.8685233384215929	0.01318061256626685	0.0	0.954550383210422	reverted	reverted	reverted	reverted	partial	0.5665259018177233	0.0	0.0	0.0	0.0	0.0	0.045449616789578075
AGTATTGCAGGCAGCT-E15S	Tumor	E15S	1	89058.0	0.005811952994989765	0.8788332260131121	0.10209202143886942	0.14131794961403346	0.05412083671732276	0.009188872846135092	0.9366902904365422	0.011240640217833858	0.10445674080571968	0.8843026189764466	0.011240640217833858	0.0	0.9908111271538649	reverted	reverted	reverted	reverted	reverted	0.8728981705340223	0.0	0.0	0.0	0.0	0.0	0.009188872846135092
AATTCAGCAACATACA-E15S	Tumor	E15S	1	88317.0	-0.08975676494630505	0.89681752266136	0.272556676827558	0.1229741186224162	0.09395763970444759	0.007474428893727085	0.8985679314018253	0.009999510500343117	0.09517171854909424	0.8948287709505626	0.009999510500343117	0.0	0.9925255711062729	reverted	reverted	reverted	reverted	reverted	0.9382566117683002	0.0	0.0	0.0	0.0	0.0	0.007474428893727085
TCACATTCAGCTCTAC-E15S	Tumor	E15S	1	90373.0	0.9009110366318605	0.5712293467263043	-0.0489628489973408	0.1340252709691925	0.03795089102420115	0.012431088540820453	0.9496180204349783	0.06702678895316581	0.38075355908485614	0.5522196519619782	0.06702678895316581	0.9496180204349784	0.0	reverted	partial	reverted	partial	persistent	0.2086577569624745	0.0	0.0	0.0	0.037950891024201155	0.012431088540820454	0.0
ACTACCAAGGAACTAA-E15S	Tumor	E15S	1	85123.0	-0.2646710314049953	0.9236843704071009	0.22240926633281077	0.13953834837847606	0.07858756684680851	0.00790214164022704	0.9135102915129644	0.00848068910398706	0.08312844226391862	0.9083908686320943	0.00848068910398706	0.0	0.9920978583597729	reverted	reverted	reverted	reverted	reverted	0.9535428753608197	0.0	0.0	0.0	0.0	0.0	0.007902141640227041
GCATGTTGTCCATCGA-E15S	Tumor	E15S	1	87412.0	-0.28674422011688794	0.9265784048889633	-0.03418043178165475	0.17238064270382011	0.041619804782715035	0.01271295474910194	0.9456672404681831	0.008344883551661865	0.08199388949069832	0.9096612269576398	0.008344883551661865	0.0	0.987287045250898	reverted	reverted	reverted	reverted	reverted	0.970661607736635	0.0	0.0	0.0	0.0	0.0	0.01271295474910194
GTGGGTAAGCGATAGG-E15S	Tumor	E15S	1	88327.0	1.4816317102950851	0.30735292975782946	-0.06880839968834973	0.12857902358213694	0.036360684430793225	0.013006406889569284	0.9506329086796376	0.20508177046615056	0.6532112665356749	0.14170696299817448	0.20508177046615056	0.9506329086796376	0.0	partial	partial	partial	partial	persistent	0.03217730847498338	0.0	0.0	0.0	0.036360684430793225	0.013006406889569284	0.0
ATTCCGCCACTATCGC-E15S	Tumor	E15S	1	92518.0	1.2080055447136504	0.4269006016841744	-0.3857298619093399	0.17723512272137878	0.030965344516220072	0.04126973779511317	0.9277649176886668	0.12911785273925167	0.5540462290314081	0.3168359182293404	0.12911785273925167	0.9277649176886668	0.0	partial	partial	partial	partial	persistent	0.0750091805933703	0.0	0.0	0.0	0.030965344516220072	0.04126973779511317	0.0
AGCAAATGTAAGTGCA-E15S	Tumor	E15S	1	89383.0	-0.09275957445510673	0.8973423827553109	0.04131236149883066	0.15761612180693502	0.047484947158827756	0.010524752651911854	0.9419903001892602	0.009965847695956482	0.09491411281923785	0.8951200394848058	0.009965847695956482	0.0	0.9894752473480881	reverted	reverted	reverted	reverted	partial	0.6301723864729734	0.0	0.0	0.0	0.0	0.0	0.010524752651911856
TCCCCTAAGGTTCGTA-E15S	Tumor	E15S	1	91755.0	0.9399296088271847	0.5530497153289207	0.27483211166620913	0.09777289283081879	0.09468732105154572	0.007297988404276488	0.8980146905441779	0.07325610188081227	0.4028407577938369	0.5239031403253508	0.07325610188081227	0.8980146905441777	0.0	reverted	partial	reverted	partial	persistent	0.20255672050351708	0.0	0.0	0.0	0.09468732105154569	0.0072979884042764865	0.0
GCCAATTGTTCTGTAA-E15S	Tumor	E15S	1	89494.0	-0.014995145033537475	0.8829655918033814	0.15205448533923724	0.14524887722028706	0.06280778992290852	0.008604111408055316	0.9285880986690361	0.010940582245803722	0.10224709006032826	0.8868123276938681	0.010940582245803722	0.0	0.9913958885919447	reverted	reverted	reverted	reverted	partial	0.5427344900206725	0.0	0.0	0.0	0.0	0.0	0.008604111408055318
CCTTCGATCAGCTGGT-E15S	Tumor	E15S	1	85716.0	0.18177635742938053	0.8386611428936864	0.18986823113194967	0.12813733283631287	0.0698356710243063	0.00802579405606009	0.9221385349196336	0.014617929085485109	0.1281254156781096	0.8572566552364054	0.014617929085485109	0.0	0.9919742059439399	reverted	reverted	reverted	reverted	partial	0.5881817533870234	0.0	0.0	0.0	0.0	0.0	0.00802579405606009
TCAATCTCAGGTAGTT-E15S	Tumor	E15S	1	93301.0	-0.12694735501259233	0.9031531089152434	0.028356079921663196	0.16293493116162666	0.04650031456539939	0.010900588746171865	0.9425990966884289	0.009603194293329561	0.09211642571932428	0.8982803799873463	0.009603194293329561	0.0	0.989099411253828	reverted	reverted	reverted	reverted	reverted	0.9790160685452737	0.0	0.0	0.0	0.0	0.0	0.010900588746171863
GGATGTGAGAAGCACG-E15S	Tumor	E15S	1	89055.0	0.7286270582295191	0.6486313066039215	0.046186513757254105	0.12325294831270674	0.045694272973349694	0.009859573364193889	0.9444461536624565	0.044994388742795544	0.2917798596497329	0.6632257516074715	0.044994388742795544	0.9444461536624563	0.0	reverted	partial	reverted	partial	persistent	0.11416216084539202	0.0	0.0	0.0	0.04569427297334969	0.009859573364193887	0.0
ATTCCGCCAAGGGTCC-E15S	Tumor	E15S	1	87924.0	-0.27283665837380244	0.9247669711494788	0.49807883890592186	0.10449097675103251	0.2554066655651057	0.007300965051947812	0.7372923693829464	0.008429159577448391	0.08269960366069005	0.9088712367618615	0.008429159577448391	0.0	0.9926990349480522	reverted	reverted	reverted	reverted	memory	0.9551987952781082	0.0	0.0	0.0	0.0	0.0	0.007300965051947813
GCCCTAAGTAGGTTAG-E15S	Tumor	E15S	1	90440.0	0.43835405745959694	0.7617974413304415	-0.5959056357987226	0.28932066285837355	0.033803835206091516	0.07753574701453864	0.88866041777937	0.02364649028046599	0.18403722584066068	0.7923162838788733	0.02364649028046599	0.0	0.9224642529854613	reverted	reverted	reverted	reverted	persistent	0.15968993590259048	0.0	0.0	0.0	0.0	0.0	0.07753574701453862
CTTGGCCTCCACCATT-E15S	Tumor	E15S	1	86087.0	-0.11421515468442615	0.9010242066560439	-0.07051492149802371	0.17625191956313196	0.03934789719424504	0.013990857976026502	0.9466612448297286	0.009733908746782712	0.09312970497247176	0.8971363862807454	0.009733908746782712	0.0	0.9860091420239736	reverted	reverted	reverted	reverted	reverted	0.911929749884416	0.0	0.0	0.0	0.0	0.0	0.013990857976026502
CATAAGGGTTGCATTA-E15S	Tumor	E15S	1	89770.0	0.18575689337595772	0.8376388855429183	-0.0029307916169230563	0.14497822414229503	0.04222428460491587	0.011309947444177819	0.9464657679509063	0.014715003223209285	0.12877786148918013	0.8565071352876106	0.014715003223209285	0.0	0.9886900525558222	reverted	reverted	reverted	reverted	reverted	0.8688315008492922	0.0	0.0	0.0	0.0	0.0	0.011309947444177819
AGCACTTGTAATCCAC-E15S	Tumor	E15S	1	89848.0	-0.06910940425442037	0.8931439126102229	-0.3113043055813689	0.24020606363538122	0.034275563376342126	0.030398589361550876	0.935325847262107	0.010239252807088777	0.09699677229071284	0.8927639749021984	0.010239252807088777	0.0	0.9696014106384491	reverted	reverted	reverted	reverted	reverted	0.9652289814532099	0.0	0.0	0.0	0.0	0.0	0.030398589361550876
TCCACATTCACAGGCT-E15S	Tumor	E15S	1	88816.0	0.02671862162281852	0.8745549980493713	0.20475534820032165	0.12998480229216347	0.07354478368150645	0.007927996460643202	0.9185272198578504	0.01156053289847417	0.10679030142928247	0.8816491656722435	0.01156053289847417	0.0	0.9920720035393568	reverted	reverted	reverted	reverted	memory	0.9208877278617544	0.0	0.0	0.0	0.0	0.0	0.007927996460643202
ACCCTATTCTGTCAAG-E15S	Tumor	E15S	1	87201.0	0.1706119630574286	0.8415005818513309	0.3158278732036577	0.11286045685004557	0.11187469108274153	0.00727731374046696	0.8808479951767915	0.014351273799823493	0.1263260443965382	0.8593226818036382	0.014351273799823493	0.0	0.9927226862595331	reverted	reverted	reverted	reverted	partial	0.5014500735137578	0.0	0.0	0.0	0.0	0.0	0.007277313740466961
ACAGCAAGTGGACCGA-E15S	Tumor	E15S	1	90205.0	0.0513321220867575	0.8693530484988358	0.30090207064316926	0.1166940303356183	0.10513598705203595	0.007334902030892924	0.8875291109170711	0.011962143274951993	0.1096894410470506	0.8783484156779974	0.011962143274951993	0.0	0.9926650979691071	reverted	reverted	reverted	reverted	reverted	0.8628297359035804	0.0	0.0	0.0	0.0	0.0	0.007334902030892924
CAGTCAATCACCATTC-E15S	Tumor	E15S	1	92214.0	1.4334972318037176	0.327085205772695	0.11013769151557971	0.10268559766591158	0.053051796973326945	0.008573827229949595	0.9383743757967236	0.1907552917126883	0.6423890504961053	0.16685565779120629	0.1907552917126883	0.9383743757967236	0.0	partial	partial	partial	partial	persistent	0.0032432488366970448	0.0	0.0	0.0	0.053051796973326945	0.008573827229949595	0.0
CGGTGCATCCTTCGCA-E15S	Tumor	E15S	1	87414.0	0.27461872775895263	0.8134424130509393	0.19746743247108023	0.12345247314708799	0.0714379228148128	0.007915079862371697	0.9206469973228155	0.017183223176788363	0.14493590084628627	0.8378808759769254	0.017183223176788363	0.0	0.9920849201376283	reverted	reverted	reverted	reverted	memory	0.886247827255058	0.0	0.0	0.0	0.0	0.0	0.007915079862371697
TGAGGTTCATTCGTGC-E15S	Tumor	E15S	1	85979.0	1.0967277289229427	0.47905173311477683	0.3012305591962242	0.10216954021276937	0.1055262552778017	0.007252474551570593	0.8872212701706277	0.10323234254998324	0.49361255842611207	0.4031550990239046	0.10323234254998324	0.8872212701706277	0.0	partial	partial	partial	partial	persistent	0.06359358415271738	0.0	0.0	0.0	0.1055262552778017	0.007252474551570593	0.0
ACAAGGTAGGGTCTAC-E15S	Tumor	E15S	1	92414.0	-0.20545420815515342	0.9153968520189231	0.03952808036761882	0.17324295142508706	0.048487075856920824	0.01085769665712965	0.9406552274859494	0.00890206407483117	0.08657240699022803	0.9045255289349408	0.00890206407483117	0.0	0.9891423033428703	reverted	reverted	reverted	reverted	reverted	0.9700849757378336	0.0	0.0	0.0	0.0	0.0	0.010857696657129651
CTAATCCTCAGCTCGG-E15S	Tumor	E15S	1	91827.0	0.09528556212077428	0.8596082593611865	-0.05608381940249221	0.1649345495152961	0.03949216793717363	0.01325337362734294	0.9472544584354833	0.012751943710071358	0.11529891692393271	0.8719491393659958	0.012751943710071358	0.0	0.9867466263726571	reverted	reverted	reverted	reverted	partial	0.6582405369436168	0.0	0.0	0.0	0.0	0.0	0.013253373627342944
TCTGGGCGTAAGGGTC-E15S	Tumor	E15S	1	90897.0	-0.09038407196430445	0.8969273653119358	-0.8829983164393179	0.4565274306883737	0.036995373341147955	0.10998701384114154	0.8530176128177104	0.009992453277248228	0.09511774104033646	0.8948898056824153	0.009992453277248228	0.0	0.8900129861588585	reverted	reverted	reverted	reverted	reverted	0.9501991546902706	0.0	0.0	0.0	0.0	0.0	0.10998701384114155
AGGAGTTAGCTAGATT-E15S	Tumor	E15S	1	92681.0	-0.10171167387879199	0.8988931073318134	0.2222556076549544	0.12850477478493358	0.07811100185297185	0.007789370373103916	0.9140996277739243	0.009867258969422602	0.09415768042326587	0.8959750606073116	0.009867258969422602	0.0	0.9922106296268961	reverted	reverted	reverted	reverted	reverted	0.9063923104703634	0.0	0.0	0.0	0.0	0.0	0.007789370373103916
AATGGGGTCGCGATTA-E15S	Tumor	E15S	1	94402.0	0.043253200127600214	0.8710803950136262	-0.02318083400855636	0.1569614328329141	0.041358653094797075	0.012079256755893027	0.94656209014931	0.011827245737250261	0.10871931843858727	0.8794534358241626	0.011827245737250261	0.0	0.9879207432441071	reverted	reverted	reverted	reverted	memory	0.8305601700716695	0.0	0.0	0.0	0.0	0.0	0.012079256755893027
TGTCATGAGAAGCACG-E15S	Tumor	E15S	1	86785.0	-0.16158765735589195	0.9087394787675818	-0.08887128228729882	0.18129914693963126	0.038581759487260545	0.014787426908379154	0.9466308136043603	0.009272345939756132	0.08952486513643727	0.9012027889238066	0.009272345939756132	0.0	0.9852125730916208	reverted	reverted	reverted	reverted	reverted	0.8912837749768744	0.0	0.0	0.0	0.0	0.0	0.014787426908379154
GTGCATTGTCTCCAGA-E15S	Tumor	E15S	1	87728.0	2.3634118774883297	0.07713913102363132	-0.17354926412513197	0.13075158089906044	0.031828027662235955	0.018003920339257056	0.950168051998507	0.5265359805817532	0.4716298713736674	0.0018341480445794528	0.5265359805817532	0.0	0.0	persistent	persistent	persistent	persistent	persistent	0.0051433998107081194	0.9501680519985071	0.03182802766223596	0.01800392033925706	0.0	0.0	0.0
GTTAGTTAGGGGATTG-E15S	Tumor	E15S	1	92463.0	0.10831641395910156	0.8566046173775845	-0.1793821437872465	0.17940391815185464	0.03423344578054676	0.019174246468194905	0.9465923077512582	0.013005296745999345	0.11707415197674079	0.8699205512772599	0.013005296745999345	0.0	0.9808257535318051	reverted	reverted	reverted	reverted	partial	0.6400362858580918	0.0	0.0	0.0	0.0	0.0	0.01917424646819491
CCCGATTCATCCCTGG-E15S	Tumor	E15S	1	87440.0	-0.028733020219388977	0.8856265247616769	0.03684349494263332	0.1529752420973115	0.04665891305352566	0.010533881625085461	0.9428072053213888	0.010752028229611361	0.10084773540770875	0.8884002363626798	0.010752028229611361	0.0	0.9894661183749145	reverted	reverted	reverted	reverted	reverted	0.9433468648322895	0.0	0.0	0.0	0.0	0.0	0.010533881625085461
CCTGATCCATTCGTGC-E15S	Tumor	E15S	1	89913.0	-0.23992766756858447	0.9203161053012484	0.2602369837289027	0.1264663014551322	0.0896882719580378	0.007556612560876789	0.9027551154810853	0.008646352021691887	0.08449487856104228	0.9068587694172658	0.008646352021691887	0.0	0.9924433874391232	reverted	reverted	reverted	reverted	reverted	0.7371896192105769	0.0	0.0	0.0	0.0	0.0	0.007556612560876789
GCCAATTGTTGTGCGC-E15S	Tumor	E15S	1	85975.0	0.43522955436708727	0.7628691558091651	0.4114540837021158	0.10023210755399586	0.17189877244833524	0.007198480366678231	0.8209027471849866	0.023494293332176217	0.18316137874046642	0.7933443279273573	0.023494293332176217	0.0	0.9928015196333217	reverted	reverted	reverted	reverted	partial	0.5974778631157023	0.0	0.0	0.0	0.0	0.0	0.007198480366678231
ACTGGTCAGCCTCTGC-E15S	Tumor	E15S	1	88724.0	0.7350241232044533	0.6458662479738092	-0.022478789621137668	0.13934361713022422	0.04022474599753275	0.011731129167865697	0.9480441248346015	0.04566538913712272	0.29477350800954316	0.6595611028533341	0.04566538913712272	0.9480441248346015	0.0	reverted	partial	reverted	partial	persistent	0.26383694527064055	0.0	0.0	0.0	0.04022474599753275	0.011731129167865697	0.0
GCCACTTCAACCAACG-E15S	Tumor	E15S	1	82589.0	-0.18817236022201164	0.912828378245313	0.28470094217291525	0.12284301326191087	0.09850577467495722	0.007426856333927448	0.8940673689911154	0.009041726062706415	0.08769311739098323	0.9032651565463103	0.009041726062706415	0.0	0.9925731436660726	reverted	reverted	reverted	reverted	partial	0.32080898321213863	0.0	0.0	0.0	0.0	0.0	0.007426856333927448
AATCTCCTCACCTGAA-E15S	Tumor	E15S	1	85637.0	0.561752403351519	0.716861701070696	0.3241262069455375	0.10512890074221992	0.11613281235657899	0.007224844611092675	0.8766423430323285	0.03080380605645434	0.22323482371311856	0.745961370230427	0.03080380605645434	0.0	0.9927751553889073	reverted	reverted	reverted	reverted	persistent	0.19551080215697977	0.0	0.0	0.0	0.0	0.0	0.007224844611092673
CATAGCGCAAACCGCA-E15S	Tumor	E15S	1	86139.0	1.2631686780042424	0.4015670031199898	0.1091134782619298	0.11529058470446084	0.05357256071759231	0.008734744591700469	0.9376926946907072	0.1431956449646834	0.5807362845941245	0.27606807044119197	0.1431956449646834	0.9376926946907073	0.0	partial	partial	partial	partial	persistent	0.13193668636598838	0.0	0.0	0.0	0.05357256071759232	0.00873474459170047	0.0
AATATGCTCAGGGCTT-E15S	Tumor	E15S	1	87453.0	1.086106976896042	0.48407152944954907	-0.6923753506997237	0.2797550562261529	0.03412706128818432	0.11510453513009682	0.8507684035817188	0.10095400170473545	0.4875405494769617	0.41150544881830287	0.10095400170473545	0.8507684035817189	0.0	partial	partial	partial	partial	persistent	0.07302778610453904	0.0	0.0	0.0	0.034127061288184324	0.11510453513009683	0.0
CACCGTTCATTAATCC-E15S	Tumor	E15S	1	86860.0	0.18835523130937554	0.8369687834076143	0.2690617689323262	0.11513061618292929	0.09262445273343006	0.007430454470092733	0.8999450927964773	0.014778945945749949	0.12920687812700013	0.8560141759272499	0.014778945945749949	0.0	0.9925695455299073	reverted	reverted	reverted	reverted	memory	0.7079505852024641	0.0	0.0	0.0	0.0	0.0	0.007430454470092733
GCTTATAGTAACGTAG-E15S	Tumor	E15S	1	92993.0	0.9150024026239655	0.564683371289755	-0.6082209548622752	0.24306736814928742	0.03349004562474387	0.09333631584469018	0.873173638530566	0.06922067885012094	0.3886720044749106	0.5421073166749685	0.06922067885012094	0.873173638530566	0.0	reverted	partial	reverted	partial	persistent	0.013788913128818634	0.0	0.0	0.0	0.03349004562474387	0.09333631584469018	0.0
CGGATCACATCCGCTG-E15S	Tumor	E15S	1	85009.0	0.7992366262128174	0.6175952568418145	-0.08291672425456806	0.14283242551955153	0.03636720911563431	0.013779380900309859	0.9498534099840558	0.05299925903303563	0.3262445794609523	0.6207561615060121	0.05299925903303563	0.9498534099840559	0.0	reverted	partial	reverted	partial	persistent	0.2880509733980699	0.0	0.0	0.0	0.03636720911563432	0.01377938090030986	0.0
GGGTTGAAGTAAGGAC-E15S	Tumor	E15S	1	89341.0	-0.5066987178430632	0.9503432010171963	-0.00894122350320864	0.19354809895247954	0.045374262885720204	0.012450620440706743	0.942175116673573	0.007530035310953392	0.0745684069678205	0.9179015577212262	0.007530035310953392	0.0	0.9875493795592932	reverted	reverted	reverted	reverted	reverted	0.9867844635833468	0.0	0.0	0.0	0.0	0.0	0.012450620440706743
TGAATGGGTTCCAGTG-E15S	Tumor	E15S	1	89610.0	-0.06691063388250276	0.8927459917068362	-0.06511614918465475	0.1764981344663045	0.0397181990272781	0.013805137713619414	0.9464766632591025	0.010265652241800524	0.09719674167186886	0.8925376060863307	0.010265652241800524	0.0	0.9861948622863806	reverted	reverted	reverted	reverted	reverted	0.9700981445030867	0.0	0.0	0.0	0.0	0.0	0.013805137713619414
TCTACGGGTGCGTGCT-E15S	Tumor	E15S	1	88531.0	-0.144197631880252	0.9059722054750966	0.28316903018316375	0.12306658528660472	0.09791599474328297	0.0074340174755284354	0.8946499877811884	0.009434007012996846	0.09079618407894917	0.8997698089080539	0.009434007012996846	0.0	0.9925659825244716	reverted	reverted	reverted	reverted	partial	0.6075374204648988	0.0	0.0	0.0	0.0	0.0	0.007434017475528437
TCTGGGTAGCGGGTAA-E15S	Tumor	E15S	1	89523.0	0.07866811416511574	0.8633620576309804	-0.3084139279326097	0.21540957219338466	0.03298994677704469	0.03007661097616204	0.9369334422467933	0.012441899973862006	0.11311080324248204	0.8744472967836558	0.012441899973862006	0.0	0.969923389023838	reverted	reverted	reverted	reverted	reverted	0.8426668381192353	0.0	0.0	0.0	0.0	0.0	0.03007661097616204
GCAATCGCATTCGGGA-E15S	Tumor	E15S	1	89637.0	0.7809252449490527	0.6257483736397469	-0.2191585354887158	0.16194093508771892	0.03208828636110752	0.021582126274726422	0.946329587364166	0.05079385096412036	0.31701328410956364	0.632192864926316	0.05079385096412036	0.9463295873641661	0.0	reverted	partial	reverted	partial	partial	0.5002256681756992	0.0	0.0	0.0	0.032088286361107526	0.021582126274726426	0.0
CATCACTTCCAATGCA-E15S	Tumor	E15S	1	84946.0	-0.1456503760389419	0.9062062297151429	0.06656349602167627	0.16473926240823208	0.0509791669743399	0.010162674056170436	0.9388581589694898	0.009420164772865853	0.0906877125769601	0.899892122650174	0.009420164772865853	0.0	0.9898373259438297	reverted	reverted	reverted	reverted	persistent	0.29385180597156785	0.0	0.0	0.0	0.0	0.0	0.010162674056170436
AGTTAGAAGAATCCGC-E15S	Tumor	E15S	1	87457.0	1.2063843901136129	0.42765164285367846	0.43653784306295285	0.0878712613653942	0.19600282177265327	0.007228842555344741	0.7967683356720019	0.12871580127308108	0.5532224611489458	0.31806173757797307	0.12871580127308108	0.796768335672002	0.0	partial	partial	partial	partial	persistent	0.022444875681371865	0.0	0.0	0.0	0.1960028217726533	0.007228842555344742	0.0
GGGTACGGTGAAGGTC-E15S	Tumor	E15S	1	88989.0	-0.17307686003976952	0.910527352130562	0.2757398605516188	0.12510263575336597	0.09513532852618936	0.007477739840533855	0.8973869316332767	0.009170278179251872	0.08871691956271394	0.9021128022580341	0.009170278179251872	0.0	0.9925222601594661	reverted	reverted	reverted	reverted	reverted	0.9618941839025781	0.0	0.0	0.0	0.0	0.0	0.007477739840533856
TGACTCCCAGCTACTC-E15S	Tumor	E15S	1	88383.0	0.7090666832313746	0.6570237903669102	0.2244145028037182	0.10870375202026479	0.0780442061793457	0.0075966936527070055	0.9143591001679473	0.043006402801762565	0.28279097458871616	0.6742026226095214	0.043006402801762565	0.9143591001679473	0.0	reverted	partial	reverted	partial	partial	0.32807395091956715	0.0	0.0	0.0	0.0780442061793457	0.0075966936527070055	0.0
GGATAGGTCTATGCGA-E15S	Tumor	E15S	1	89078.0	0.9668070816902011	0.5404408135440647	0.05511813827717785	0.12716663836744502	0.04696248556997331	0.009749404602351486	0.9432881098276751	0.07783079327485963	0.41830365334537667	0.5038655533797637	0.07783079327485963	0.9432881098276752	0.0	reverted	partial	reverted	partial	partial	0.4568491637034538	0.0	0.0	0.0	0.04696248556997332	0.009749404602351488	0.0
AGTAATGAGCCGATGT-E15S	Tumor	E15S	1	88351.0	0.8790119335090497	0.581352242420442	-0.22150036939753923	0.15704070433653428	0.03179463934290449	0.021696538809784695	0.9465088218473109	0.0637408641184261	0.36859987975226266	0.5676592561293111	0.0637408641184261	0.9465088218473109	0.0	reverted	partial	reverted	partial	persistent	0.24826896710170998	0.0	0.0	0.0	0.03179463934290449	0.021696538809784695	0.0
GTAGTCATCAGCCCAG-E15S	Tumor	E15S	1	86574.0	-0.024843782600483384	0.8848785984815631	0.3087195507225934	0.1153209690956373	0.10857079597579847	0.0073066954764004375	0.8841225085478013	0.010804656373369219	0.10123918102399937	0.8879561626026314	0.010804656373369219	0.0	0.9926933045235995	reverted	reverted	reverted	reverted	memory	0.8806316875084166	0.0	0.0	0.0	0.0	0.0	0.007306695476400436
AAATGCAAGGAATGCG-E15S	Tumor	E15S	1	88497.0	0.9156286905367277	0.5643918951347516	-0.10499187996143741	0.1432670896454728	0.03521251990537426	0.014679373780460256	0.9501081063141654	0.06931964309655078	0.3890255711403912	0.541654785763058	0.06931964309655078	0.9501081063141655	0.0	reverted	partial	reverted	partial	persistent	0.2196101250323203	0.0	0.0	0.0	0.035212519905374266	0.014679373780460258	0.0
GGGCTCTGTTTCACGG-E15S	Tumor	E15S	1	90287.0	-0.4129420231320986	0.9412651810368864	0.03927108106335847	0.17511572877478923	0.04860773729925721	0.01090002922332169	0.9404922334774211	0.00776565396086095	0.07692056288925625	0.9153137831498829	0.00776565396086095	0.0	0.9890999707766783	reverted	reverted	reverted	reverted	reverted	0.8042463181119975	0.0	0.0	0.0	0.0	0.0	0.010900029223321691
TAATGTCAGATTCAAC-E15S	Tumor	E15S	1	89108.0	-0.07479961342288671	0.89416766480211	0.12682945812484905	0.14449321750454033	0.058246782307141205	0.00889608316487324	0.9328571345279855	0.010171719219439783	0.09648433496344501	0.893343945817115	0.010171719219439783	0.0	0.9911039168351268	reverted	reverted	reverted	reverted	memory	0.8634765241702412	0.0	0.0	0.0	0.0	0.0	0.008896083164873241
ATGCCTAAGCTATCAG-E15S	Tumor	E15S	1	85806.0	0.6170615709178563	0.6951353796866542	0.12421642625404343	0.1298794211773241	0.056874930765038224	0.008726268669877425	0.9343988005650842	0.03485420233691841	0.24390898805608358	0.7212368096069981	0.03485420233691841	0.9343988005650844	0.0	reverted	partial	reverted	partial	persistent	0.222156963266692	0.0	0.0	0.0	0.05687493076503824	0.008726268669877427	0.0
ATGCGGTTCAGGTCAC-E15S	Tumor	E15S	1	84693.0	0.01911598408521224	0.8761255338251639	0.25131100957770774	0.12087933774420716	0.08661708156136291	0.007553430770019863	0.9058294876686172	0.011442009486636632	0.10592828162924542	0.8826297088841178	0.011442009486636632	0.0	0.9924465692299801	reverted	reverted	reverted	reverted	memory	0.7798251391424456	0.0	0.0	0.0	0.0	0.0	0.007553430770019863
CGCACCTTCCCAATGA-E15S	Tumor	E15S	1	86991.0	1.6831289005878587	0.2325463176804504	0.2982199416740764	0.09740986764941917	0.10428607566153975	0.007234977644630211	0.8884789466938301	0.26830452715156183	0.6665970260555925	0.06509844679284574	0.26830452715156183	0.0	0.0	partial	persistent	partial	persistent	persistent	0.08658000146426469	0.8884789466938301	0.10428607566153975	0.007234977644630211	0.0	0.0	0.0
GCGTGCATCACCACGG-E15S	Tumor	E15S	1	84195.0	-0.26021166817665553	0.9230871302159385	0.040461864703814576	0.17050721535984872	0.04837406967562594	0.010784674406687546	0.9408412559176865	0.008509480051702382	0.08336722124590773	0.9081232987023901	0.008509480051702382	0.0	0.9892153255933125	reverted	reverted	reverted	reverted	reverted	0.9729740995285432	0.0	0.0	0.0	0.0	0.0	0.010784674406687546
CGAACATCAATCAGCG-E15S	Tumor	E15S	1	87938.0	0.5981140413028796	0.7026835025209642	-0.3000725264777404	0.17962280640589698	0.031456158065488654	0.02918095633702339	0.939362885597488	0.033400352947320563	0.23660079062475178	0.7299988564279275	0.033400352947320563	0.0	0.9708190436629767	reverted	reverted	reverted	reverted	memory	0.7994370343060941	0.0	0.0	0.0	0.0	0.0	0.02918095633702339
CGAACGAAGGAATCAA-E15S	Tumor	E15S	1	86499.0	-0.14367913155402207	0.9058885530158516	-0.24107908965536198	0.22439567727343157	0.03506572887001409	0.02413702230506929	0.9407972488249166	0.009438962544045346	0.09083499984530909	0.8997260376106457	0.009438962544045346	0.0	0.9758629776949307	reverted	reverted	reverted	reverted	reverted	0.8235513213174025	0.0	0.0	0.0	0.0	0.0	0.02413702230506929
CCTGGTGAGTTGGCTA-E15S	Tumor	E15S	1	88606.0	0.16479393309019513	0.842964135536805	0.31256380820169005	0.1112011234200862	0.11041542771829901	0.007275330088789475	0.8823092421929115	0.01421553260452517	0.12540598115034424	0.8603784862451306	0.01421553260452517	0.0	0.9927246699112106	reverted	reverted	reverted	reverted	reverted	0.8025000203425181	0.0	0.0	0.0	0.0	0.0	0.007275330088789475
TCTGCCATCTCACTCG-E15S	Tumor	E15S	1	84278.0	1.0939856936194297	0.4803473655088683	0.2717260674517717	0.10300397051383653	0.09352411781482549	0.007339434758096203	0.8991364474270783	0.1026407751932377	0.4920482311619201	0.4053109936448422	0.1026407751932377	0.8991364474270783	0.0	partial	partial	partial	partial	persistent	0.1939856473177675	0.0	0.0	0.0	0.09352411781482549	0.007339434758096203	0.0
AACTCAACAATCGAAC-E15S	Tumor	E15S	1	85868.0	0.6127995444174597	0.6968426113265146	0.41145521968455867	0.0970412298371253	0.17247345726637806	0.007195695608167167	0.8203308471254548	0.03452092291659264	0.24224440699744468	0.7232346700859626	0.03452092291659264	0.8203308471254548	0.0	reverted	partial	reverted	partial	partial	0.6408778702923394	0.0	0.0	0.0	0.17247345726637806	0.007195695608167167	0.0
AGCGGTTTCCCTGTGC-E15S	Tumor	E15S	1	89432.0	1.0944979340524241	0.4801053074311403	-0.41241183414081073	0.19469648527154143	0.03144648926306015	0.045350858431531436	0.9232026523054082	0.10275110930458903	0.4923406462853355	0.4049082444100754	0.10275110930458903	0.9232026523054084	0.0	partial	partial	partial	partial	persistent	0.015786727860634137	0.0	0.0	0.0	0.03144648926306016	0.04535085843153144	0.0
GCCCATTCAGGACTAT-E15S	Tumor	E15S	1	87451.0	0.09789187882027656	0.8590117390839191	-0.027519000381053482	0.16127109133386594	0.041322043917416444	0.012288671936408488	0.9463892841461752	0.012801885823846499	0.11564975604475898	0.8715483581313945	0.012801885823846499	0.0	0.9877113280635914	reverted	reverted	reverted	reverted	reverted	0.7691828831379962	0.0	0.0	0.0	0.0	0.0	0.012288671936408485
AGCCCAACAACTAATG-E15S	Tumor	E15S	1	92328.0	0.08381326088842524	0.862208912623895	-0.4096453571222691	0.23402087694954019	0.03266412645778318	0.04301458011668496	0.9243212934255318	0.012536367393195535	0.11377936136859561	0.873684271238209	0.012536367393195535	0.0	0.9569854198833151	reverted	reverted	reverted	reverted	persistent	0.1772699890492911	0.0	0.0	0.0	0.0	0.0	0.043014580116684964
CCTAGCGAGGTCGTAC-E15S	Tumor	E15S	1	87101.0	1.857004261678993	0.1789964884783493	0.20570754584560644	0.09896144633742009	0.07256657423073917	0.007631841775692285	0.9198015839935685	0.32712672161492906	0.6430958028592584	0.029777475525812447	0.32712672161492906	0.0	0.0	partial	persistent	partial	persistent	persistent	0.012421350932986876	0.9198015839935685	0.07256657423073917	0.007631841775692285	0.0	0.0	0.0
CCTATTATCACCAGCG-E15S	Tumor	E15S	1	86549.0	0.5497071381491717	0.7214671793791374	0.18353084550281593	0.113530928805642	0.0676738988443409	0.007924974173178355	0.9244011269824807	0.029996967235472953	0.21899555833837367	0.7510074744261533	0.029996967235472953	0.0	0.9920750258268216	reverted	reverted	reverted	reverted	persistent	0.12136327861228413	0.0	0.0	0.0	0.0	0.0	0.007924974173178355
CCAGCCTTCATACTGG-E15S	Tumor	E15S	1	86640.0	0.21245731456934835	0.8306465146578543	0.24468271234897832	0.11667388743410237	0.08439184739082549	0.007552092259294201	0.9080560603498804	0.015394387727463784	0.1333063752103018	0.8512992370622344	0.015394387727463784	0.0	0.9924479077407059	reverted	reverted	reverted	reverted	partial	0.6978085157227277	0.0	0.0	0.0	0.0	0.0	0.007552092259294201
GCATGGTTCATGCACA-E15S	Tumor	E15S	1	87299.0	0.9923199734533338	0.5284237235829932	-0.0036421487097805794	0.13057678139162138	0.041226218050392005	0.011078824765596256	0.9476949571840118	0.08238951757322435	0.43310410393229487	0.4845063784944807	0.08238951757322435	0.9476949571840118	0.0	reverted	partial	reverted	partial	persistent	0.09165981161593878	0.0	0.0	0.0	0.041226218050392005	0.011078824765596256	0.0
CTAGCTGGTATTGAGG-E15S	Tumor	E15S	1	84785.0	0.5631010506704999	0.7163431898322875	0.09658559703315112	0.12829001764744835	0.052463605305452	0.009080979417454439	0.9384554152770936	0.03089575059412836	0.22371525990043403	0.7453889895054376	0.03089575059412836	0.0	0.9909190205825457	reverted	reverted	reverted	reverted	partial	0.4581480608623442	0.0	0.0	0.0	0.0	0.0	0.009080979417454439
CTATATGGTTGCGTCA-E15S	Tumor	E15S	1	87835.0	1.041913312251355	0.5049823041758197	0.30524852632885024	0.10187914017450693	0.1073204949750767	0.0072425161974536065	0.8854369888274697	0.09185470076926554	0.4619902184652563	0.4461550807654782	0.09185470076926554	0.8854369888274697	0.0	partial	partial	reverted	partial	persistent	0.07504121096956046	0.0	0.0	0.0	0.1073204949750767	0.0072425161974536065	0.0
CCCGAACGTATGGATG-E15S	Tumor	E15S	1	79260.0	-0.1554189546436936	0.9077663401077869	0.5490214014175832	0.10170215419720226	0.3240521452306912	0.007344797403765218	0.6686030573655436	0.009328690282919015	0.08996909583346249	0.9007022138836186	0.009328690282919015	0.0	0.9926552025962347	reverted	reverted	reverted	reverted	partial	0.3890592237614156	0.0	0.0	0.0	0.0	0.0	0.007344797403765218
GGTCGAGGTTCACGAT-E15S	Tumor	E15S	1	81990.0	0.9636319276346108	0.5419333777187142	0.27128698057786665	0.10549813623998547	0.09337249306884733	0.007356717674463149	0.8992707892566896	0.07727821095140941	0.4164688399055844	0.5062529491430062	0.07727821095140941	0.8992707892566896	0.0	reverted	partial	reverted	partial	persistent	0.13965266479171637	0.0	0.0	0.0	0.09337249306884733	0.007356717674463149	0.0
CATTCGCCACCTATCA-E15S	Tumor	E15S	1	85896.0	-0.19935714062700263	0.914498627417992	-0.06609593038994746	0.18676544272135243	0.04042212909100611	0.01406450013617467	0.9455133707728193	0.00895043844578169	0.08696162373282705	0.9040879378213913	0.00895043844578169	0.0	0.9859354998638253	reverted	reverted	reverted	reverted	reverted	0.9732559132111005	0.0	0.0	0.0	0.0	0.0	0.01406450013617467
CATGCTGGTATTGGTC-E15S	Tumor	E15S	1	85931.0	1.9610516552562327	0.1518532950463509	0.0931943681078502	0.10900740821257152	0.05083894612459846	0.008878711919546055	0.9402823419558555	0.3645722019306155	0.6175914468792656	0.01783635119011892	0.3645722019306155	0.0	0.0	partial	persistent	partial	persistent	persistent	0.029461837138713403	0.9402823419558555	0.05083894612459846	0.008878711919546055	0.0	0.0	0.0
CAACCAGCACCAGCTT-E15S	Tumor	E15S	1	80366.0	2.299912337684031	0.08614393541188341	0.09674307598725186	0.10413238088944318	0.05109175079190854	0.008770424600104928	0.9401378246079866	0.49940660556032285	0.49788556227066316	0.0027078321690138887	0.49940660556032285	0.0	0.0	persistent	persistent	persistent	persistent	persistent	0.0021599710420476784	0.9401378246079866	0.05109175079190854	0.008770424600104928	0.0	0.0	0.0
TGCAATTAGGGGATTG-E15S	Tumor	E15S	1	84811.0	-0.12421653699619796	0.9026999709363429	0.4237003650611735	0.1071069772623135	0.18045300228883399	0.007215242368797135	0.8123317553423688	0.009630806019371788	0.09233094490862345	0.8980382490720048	0.009630806019371788	0.0	0.9927847576312029	reverted	reverted	reverted	reverted	reverted	0.7956795518036467	0.0	0.0	0.0	0.0	0.0	0.007215242368797136
AGTCTTGAGGGGCATA-E15S	Tumor	E15S	1	88940.0	-0.868033309916372	0.9743130399440642	0.5080967897139559	0.12708857486246655	0.2561534620809584	0.0072677772311446846	0.7365787606878968	0.008023396522201822	0.07552699752032513	0.916449605957473	0.008023396522201822	0.0	0.9927322227688553	reverted	reverted	reverted	reverted	inducing	0.9923039759236747	0.0	0.0	0.0	0.0	0.0	0.0072677772311446846
CCTATAGAGAAGGATC-E15S	Tumor	E15S	1	87371.0	-0.31975642912216407	0.9307184187612852	0.09170649843970138	0.16314749797775535	0.05418069919543384	0.009700986154107884	0.9361183146504581	0.008161888036352094	0.08044006080449288	0.911398051159155	0.008161888036352094	0.0	0.9902990138458921	reverted	reverted	reverted	reverted	reverted	0.8390910942505069	0.0	0.0	0.0	0.0	0.0	0.009700986154107886
TCACCGCTCAGCTCAA-E15S	Tumor	E15S	1	79712.0	-0.2970318131229145	0.9278924141065814	0.16496093320054667	0.14984893083783585	0.06562589427667251	0.008527316503040493	0.9258467892202871	0.008285318692057566	0.08149156557094893	0.9102231157369935	0.008285318692057566	0.0	0.9914726834969596	reverted	reverted	reverted	reverted	reverted	0.8830355486747613	0.0	0.0	0.0	0.0	0.0	0.008527316503040493
TGCTCCATCGCATGGT-E15S	Tumor	E15S	1	81588.0	0.07937755890979843	0.8632035390156133	0.17178743381432032	0.13792756360837313	0.06632682482473792	0.00830278644142348	0.9253703887338386	0.012454845320994988	0.11320251677867221	0.8743426379003327	0.012454845320994988	0.0	0.9916972135585765	reverted	reverted	reverted	reverted	partial	0.6410193643169578	0.0	0.0	0.0	0.0	0.0	0.00830278644142348
TGTATGACAGCACCTT-E15S	Tumor	E15S	1	84483.0	-0.04887404103907949	0.8894323750401136	-0.10525496481529373	0.18000147057256707	0.037561605647109274	0.015424989879332327	0.9470134044735582	0.010488729134334579	0.09887893032670589	0.8906323405389595	0.010488729134334579	0.0	0.9845750101206677	reverted	reverted	reverted	reverted	reverted	0.8187660103872535	0.0	0.0	0.0	0.0	0.0	0.015424989879332331
CAGTTCCCATTCAGGG-E15S	Tumor	E15S	1	86836.0	0.05692200082468353	0.8681464018522588	0.009256439417734866	0.15387183107387023	0.04395004437934193	0.011171075988373021	0.9448788796322851	0.01205728575967455	0.11037148375071917	0.8775712304896063	0.01205728575967455	0.0	0.988828924011627	reverted	reverted	reverted	reverted	partial	0.477850840211942	0.0	0.0	0.0	0.0	0.0	0.011171075988373021
ACACAAGGTTGTGATC-E15S	Tumor	E15S	1	89154.0	0.6189999780350968	0.6943571325685118	-0.13194991767393413	0.15628003247348385	0.03471310762672312	0.016154153524876886	0.9491327388484	0.035006999849915746	0.24467003763259593	0.7203229625174884	0.035006999849915746	0.9491327388484	0.0	reverted	partial	reverted	partial	persistent	0.11042064311605591	0.0	0.0	0.0	0.03471310762672312	0.016154153524876886	0.0
AACATCCGTCCCGTAA-E15S	Tumor	E15S	1	84047.0	0.678899220513312	0.6697756948139147	0.01729761055226396	0.14243698859487736	0.043920098924110286	0.010776340984958197	0.9453035600909314	0.040122483824747555	0.2694210391737187	0.6904564770015337	0.040122483824747555	0.9453035600909315	0.0	reverted	partial	reverted	partial	partial	0.573416197003247	0.0	0.0	0.0	0.04392009892411029	0.010776340984958199	0.0
CATTTCGCATCATCAT-E15S	Tumor	E15S	1	88205.0	0.19055151357933459	0.8364006347881088	0.1544603374773234	0.13133791343016762	0.06242916659242673	0.00839590319646117	0.9291749302111121	0.014833352397011383	0.1295714466088382	0.8555952009941504	0.014833352397011383	0.0	0.9916040968035388	reverted	reverted	reverted	reverted	reverted	0.8189999533438815	0.0	0.0	0.0	0.0	0.0	0.00839590319646117
CAGCCATAGCGATCCG-E15S	Tumor	E15S	1	83904.0	1.3128538841857977	0.379186672427097	0.1389554611834813	0.10912979731517011	0.05828121400256221	0.008302395537127187	0.9334163904603107	0.156486015270856	0.6022318847545519	0.24128209997459207	0.156486015270856	0.9334163904603107	0.0	partial	partial	partial	partial	persistent	0.0007134727083302726	0.0	0.0	0.0	0.05828121400256221	0.008302395537127187	0.0
ATACGAAAGCAGGTAG-E15S	Tumor	E15S	1	88689.0	0.03471619628488576	0.8728845005524327	-0.03592421166562798	0.1743077277413921	0.04163110392078135	0.012806305525095658	0.9455625905541231	0.011687988477419257	0.10771396998943117	0.8805980415331497	0.011687988477419257	0.0	0.9871936944749042	reverted	reverted	reverted	reverted	partial	0.6711586021986299	0.0	0.0	0.0	0.0	0.0	0.012806305525095655
GGGTTGGGTTAAGTCC-E15S	Tumor	E15S	1	87825.0	0.08020980257283217	0.8630173849326722	-0.5586039090324518	0.28493867507060017	0.03373325187250708	0.0684915482848825	0.8977751998426104	0.012470064079807226	0.11331029691833532	0.8742196390018574	0.012470064079807226	0.0	0.9315084517151175	reverted	reverted	reverted	reverted	partial	0.5021623437696351	0.0	0.0	0.0	0.0	0.0	0.0684915482848825
TGCTCACCAATCAGTA-E15S	Tumor	E15S	1	85089.0	-0.3982015321157739	0.9397032652668497	0.29303843979765226	0.13326596368749027	0.10172986088086197	0.007473191528082041	0.890796947591056	0.007817120535223099	0.07739588587242101	0.9147869935923558	0.007817120535223099	0.0	0.992526808471918	reverted	reverted	reverted	reverted	persistent	0.21236889996204736	0.0	0.0	0.0	0.0	0.0	0.007473191528082041
TGTCTCACAATTACAG-E15S	Tumor	E15S	1	87681.0	0.4753931716084041	0.7488406520364412	-0.5005004161503521	0.24036589935041155	0.032687286412663476	0.06045451468417913	0.9068581989031576	0.025552077470891152	0.194843568528872	0.779604354000237	0.025552077470891152	0.0	0.9395454853158208	reverted	reverted	reverted	reverted	partial	0.39363960323240527	0.0	0.0	0.0	0.0	0.0	0.06045451468417912
GTGAAGGTCGACTAAT-E15S	Tumor	E15S	1	86561.0	0.27962359546077725	0.8120002768704875	0.24073091320467932	0.11756850156644812	0.08317526037599629	0.007579989536557291	0.9092447500874464	0.017340959556239096	0.14594225915559794	0.836716781288163	0.017340959556239096	0.0	0.9924200104634427	reverted	reverted	reverted	reverted	partial	0.529657296447872	0.0	0.0	0.0	0.0	0.0	0.007579989536557291
GTTAACTAGTTAGATC-E15S	Tumor	E15S	1	83665.0	0.8318009281329705	0.6029338409893176	0.18237442100754947	0.1160569982813612	0.06752436612039744	0.007959978086677456	0.9245156557929249	0.05715663554850369	0.3431350695436213	0.599708294907875	0.05715663554850369	0.9245156557929252	0.0	reverted	partial	reverted	partial	persistent	0.05253279539899306	0.0	0.0	0.0	0.06752436612039746	0.007959978086677458	0.0
CGCCCTTAGAAGGTAC-E15S	Tumor	E15S	1	83398.0	0.41480537194808104	0.7697926092248198	-0.28300890238223153	0.18527130460638552	0.03194259291427843	0.027392207634111758	0.9406651994516098	0.022530532053316826	0.1775694127643573	0.7999000551823259	0.022530532053316826	0.0	0.9726077923658882	reverted	reverted	reverted	reverted	reverted	0.7835766057754735	0.0	0.0	0.0	0.0	0.0	0.027392207634111758
CCCTGTTGTGGGAACT-E15S	Tumor	E15S	1	86156.0	1.2912226598777408	0.3888733240352195	0.05614436059855124	0.11947708016054394	0.04661120380570594	0.00961873579149471	0.9437700604027995	0.15063332915290986	0.593196170126651	0.2561705007204391	0.15063332915290986	0.9437700604027993	0.0	partial	partial	partial	partial	persistent	0.003955787568356069	0.0	0.0	0.0	0.046611203805705936	0.009618735791494708	0.0
CAGTTTGAGGATCTCA-E15S	Tumor	E15S	1	84289.0	-0.009328887799250871	0.8818525211342095	0.18001538983285878	0.13249628119959098	0.06781079130349629	0.00816040968563845	0.9240287990108652	0.011020539099640883	0.1028379305570055	0.8861415303433536	0.011020539099640883	0.0	0.9918395903143615	reverted	reverted	reverted	reverted	reverted	0.9115360839773743	0.0	0.0	0.0	0.0	0.0	0.00816040968563845
CGTAAACCAATACCTT-E15S	Tumor	E15S	1	81397.0	0.30971651873727907	0.8031484559928759	-0.0340625700547624	0.15239674543381718	0.04019821963421735	0.01230778089750759	0.9474939994682751	0.01833636381260769	0.15222630670590662	0.8294373294814856	0.01833636381260769	0.0	0.9876922191024924	reverted	reverted	reverted	reverted	partial	0.5118325344451479	0.0	0.0	0.0	0.0	0.0	0.01230778089750759
AAGCCATCAGTACCTC-E15S	Tumor	E15S	1	80955.0	-0.06586389355358262	0.8925561009268612	0.1575767336113745	0.14279336340485238	0.06372116244126157	0.00851043595926581	0.9277684015994726	0.01027827976068024	0.0972923238775107	0.8924293963618091	0.01027827976068024	0.0	0.9914895640407342	reverted	reverted	reverted	reverted	reverted	0.80502819503323	0.0	0.0	0.0	0.0	0.0	0.00851043595926581
CTCCTTGAGTCGAATT-E15S	Tumor	E15S	1	88402.0	0.05625984582796912	0.8682898284411279	-0.12175593202348106	0.1892993738992624	0.03735350304874104	0.016350317978127582	0.9462961789731316	0.012045937581166332	0.11029022636501565	0.877663836053818	0.012045937581166332	0.0	0.9836496820218724	reverted	reverted	reverted	reverted	reverted	0.9861711949969111	0.0	0.0	0.0	0.0	0.0	0.01635031797812758
TGCATTGAGCGCAATC-E15S	Tumor	E15S	1	83142.0	-0.23584177882617421	0.9197470011933048	0.26390852686727906	0.13123976854463118	0.09101589107356702	0.007579456796552955	0.9014046521298802	0.008675117036593134	0.08473038866345374	0.906594494299953	0.008675117036593134	0.0	0.992420543203447	reverted	reverted	reverted	reverted	partial	0.6711444890788671	0.0	0.0	0.0	0.0	0.0	0.007579456796552953
AGCTTAACATTCGCAC-E15S	Tumor	E15S	1	82595.0	1.0607777495979305	0.4960542390992022	-1.2609303377864303	0.4990166386402743	0.03431447798341483	0.2228236505824872	0.742861871434098	0.09566301553243396	0.4729406709107195	0.43139631355684666	0.09566301553243396	0.742861871434098	0.0	partial	partial	partial	partial	persistent	0.00854570219453249	0.0	0.0	0.0	0.03431447798341483	0.2228236505824872	0.0
AAAGCTAAGCAGGTGA-E15S	Tumor	E15S	1	85566.0	0.8734313584271446	0.5839213093796999	-0.20794844600888848	0.16900049534585415	0.032742269662234987	0.020864497097947826	0.9463932332398172	0.06292729257282705	0.3655349988523231	0.57153770857485	0.06292729257282705	0.9463932332398172	0.0	reverted	partial	reverted	partial	partial	0.3628520643371919	0.0	0.0	0.0	0.032742269662234987	0.020864497097947826	0.0
CTGTCACCAGGTAGCC-E15S	Tumor	E15S	1	88023.0	-0.32500184848386726	0.9313560133876904	0.21376726535312246	0.1457914026698977	0.07656932489866648	0.008035076960192303	0.9153955981411411	0.00813495666132058	0.08020851275962286	0.9116565305790565	0.00813495666132058	0.0	0.9919649230398077	reverted	reverted	reverted	reverted	inducing	0.8931418712306819	0.0	0.0	0.0	0.0	0.0	0.008035076960192303
CGTTTAAGTTTAGCAC-E15S	Tumor	E15S	1	88638.0	-0.11994207239678943	0.9019868900514755	-0.3717076109637657	0.26252321610250723	0.034397297004323944	0.036931776769207565	0.9286709262264684	0.009674488719557554	0.09266979580114305	0.8976557154792993	0.009674488719557554	0.0	0.9630682232307924	reverted	reverted	reverted	reverted	partial	0.6848337670379643	0.0	0.0	0.0	0.0	0.0	0.03693177676920757
AAATTGCTCATGCAGC-E15S	Tumor	E15S	1	86239.0	0.6566810418682193	0.679011578200676	-0.29391853663908696	0.19228729061970268	0.03209846914585004	0.028529518905577908	0.939372011948572	0.03813352902320165	0.2599609942201578	0.7019054767566405	0.03813352902320165	0.939372011948572	0.0	reverted	partial	reverted	partial	persistent	0.14457376926492813	0.0	0.0	0.0	0.03209846914585004	0.028529518905577908	0.0
ACCTGATGTAGGCCAG-E15S	Tumor	E15S	1	83909.0	0.5862389016370523	0.7073588118788612	0.12810323949170194	0.12728404368701454	0.057374767135884	0.008644068391566903	0.9339811644725492	0.0325250296845405	0.2321409458326143	0.7353340244828451	0.0325250296845405	0.0	0.9913559316084332	reverted	reverted	reverted	reverted	partial	0.4484325419268534	0.0	0.0	0.0	0.0	0.0	0.008644068391566903
TGGTTCCCAGTACCGA-E15S	Tumor	E15S	1	82817.0	2.4869144562428236	0.06205460827304189	-0.03881806782929312	0.10831760826538857	0.03721871883486888	0.011702028646577552	0.9510792525185536	0.5801483612752648	0.4190200086617134	0.0008316300630218797	0.5801483612752648	0.0	0.0	persistent	persistent	persistent	persistent	persistent	0.001975524253031339	0.9510792525185534	0.03721871883486887	0.01170202864657755	0.0	0.0	0.0
GCGCTCAAGTCAATCG-E15S	Tumor	E15S	1	89429.0	0.23344978216819615	0.8249822160945364	0.1779305539741876	0.12120872412139164	0.06677018817130069	0.008052015651413334	0.9251777961772859	0.015964686432282535	0.13705874607079246	0.846976567496925	0.015964686432282535	0.0	0.9919479843485867	reverted	reverted	reverted	reverted	partial	0.6697573759799634	0.0	0.0	0.0	0.0	0.0	0.008052015651413336
TCAGGTCAGTAGGATA-E15S	Tumor	E15S	1	83851.0	-0.04862369061583487	0.8893857569055955	0.15689995758089154	0.1331293504809898	0.06301114732863983	0.008392661072802515	0.9285961915985576	0.010491908627983076	0.09890281067903883	0.8906052806929781	0.010491908627983076	0.0	0.9916073389271974	reverted	reverted	reverted	reverted	reverted	0.9577860313775519	0.0	0.0	0.0	0.0	0.0	0.008392661072802517
ACCTAAGTCAAGTGAA-E15S	Tumor	E15S	1	83702.0	1.5294727801382844	0.2884150302949309	-0.07708877867867767	0.12760181160132983	0.03581878748884959	0.013290223612922753	0.9508909888982279	0.219633833014977	0.6609600219851525	0.11940614499987065	0.219633833014977	0.0	0.0	partial	persistent	partial	persistent	persistent	0.013414581588994213	0.9508909888982277	0.035818787488849584	0.01329022361292275	0.0	0.0	0.0
CTCACGAGTTCGCTAG-E15S	Tumor	E15S	1	85685.0	-0.18173000014629542	0.9118529809875509	0.24406998962518042	0.13522964366560888	0.08469213468313341	0.007720203939203469	0.907587661377663	0.009095828216363488	0.08812486407112838	0.902779307712508	0.009095828216363488	0.0	0.9922797960607965	reverted	reverted	reverted	reverted	reverted	0.9666063391696927	0.0	0.0	0.0	0.0	0.0	0.0077202039392034695
TGGGTCACAGGCAGGA-E15S	Tumor	E15S	1	84157.0	2.063187286906945	0.12858849093851402	0.1916214234240483	0.0987367297220611	0.06897992244356396	0.007726574660923716	0.9232935028955123	0.4031631082635935	0.5863781014184783	0.010458790317928181	0.4031631082635935	0.0	0.0	partial	persistent	partial	persistent	persistent	0.00035298736926833165	0.9232935028955123	0.06897992244356396	0.007726574660923716	0.0	0.0	0.0
AGTTTCAGTGAGTAGC-E15S	Tumor	E15S	1	84968.0	0.5122783914304861	0.7354805467515213	-0.34997647386735353	0.2151611262413069	0.03240577003070477	0.034920912527141364	0.9326733174421539	0.027648140446598666	0.2064074316694625	0.7659444278839389	0.027648140446598666	0.0	0.9650790874728586	reverted	reverted	reverted	reverted	partial	0.6808743340873934	0.0	0.0	0.0	0.0	0.0	0.034920912527141364
TGCAATTAGGCAAGGC-E15S	Tumor	E15S	1	84948.0	1.2785097714014835	0.3946080304793875	-0.20129370153746876	0.14823910678240554	0.03186969938453167	0.020089048701128456	0.94804125191434	0.14724089238800764	0.5876503657892119	0.2651087418227804	0.14724089238800764	0.94804125191434	0.0	partial	partial	partial	partial	persistent	0.03450027322432919	0.0	0.0	0.0	0.03186969938453167	0.020089048701128456	0.0
TGCATTGAGGCAACTC-E15S	Tumor	E15S	1	83687.0	1.6003530224998188	0.26167489258174564	-1.166850980607947	0.40618655617997695	0.03326966196889225	0.2897610710429637	0.6769692669881441	0.24172458446302764	0.6670669238315838	0.09120849170538858	0.24172458446302764	0.0	0.0	partial	persistent	partial	persistent	persistent	0.03380782288949617	0.6769692669881441	0.03326966196889225	0.2897610710429637	0.0	0.0	0.0
TGGTTCCCATGACGTG-E15S	Tumor	E15S	1	88095.0	-0.3504616457295544	0.9343741538272151	-0.11469188233279626	0.20710699246718295	0.03904330531744378	0.016437447993562584	0.9445192466889938	0.008012318413008314	0.07914276067412714	0.9128449209128644	0.008012318413008314	0.0	0.9835625520064374	reverted	reverted	reverted	reverted	reverted	0.9328263875461771	0.0	0.0	0.0	0.0	0.0	0.01643744799356258
ATAGCGAGTCCATAGT-E15S	Tumor	E15S	1	87715.0	1.665496464101045	0.23855685770167365	-0.8936193052983518	0.2760241927221169	0.036001345821065414	0.25910592057269743	0.704892733606237	0.26257097788275424	0.6673432246627217	0.07008579745452419	0.26257097788275424	0.0	0.0	partial	persistent	partial	persistent	persistent	0.01639474794924855	0.7048927336062372	0.03600134582106542	0.2591059205726975	0.0	0.0	0.0
GGATAATGTCATGCCA-E15S	Tumor	E15S	1	85380.0	0.295413271367222	0.807394436767036	0.0016949600284032473	0.15563779669919686	0.04338015802319181	0.011390089748694281	0.945229752228114	0.017853012097941153	0.14918903161809682	0.8329579562839619	0.017853012097941153	0.0	0.9886099102513056	reverted	reverted	reverted	reverted	partial	0.41225931197919347	0.0	0.0	0.0	0.0	0.0	0.01139008974869428
AGTGATGGTCTCCACT-E15S	Tumor	E15S	1	80072.0	0.06670596964390108	0.8660116637475045	-0.12785359632259066	0.18593289969525978	0.036814346781702686	0.01655888118203967	0.9466267720362576	0.012227440882737578	0.11158685662136511	0.8761857024958972	0.012227440882737578	0.0	0.9834411188179604	reverted	reverted	reverted	reverted	inducing	0.5980692468947046	0.0	0.0	0.0	0.0	0.0	0.016558881182039673
GCTTACCCATCCAGAG-E15S	Tumor	E15S	1	85963.0	0.27040936822562817	0.8146487135675939	0.1501863799454985	0.12950362027334844	0.06149822872737582	0.008418632642867498	0.9300831386297566	0.017052223518130617	0.14409786247002745	0.838849914011842	0.017052223518130617	0.0	0.9915813673571325	reverted	reverted	reverted	reverted	persistent	0.07729023164962703	0.0	0.0	0.0	0.0	0.0	0.0084186326428675
TCGCAATGTTTGGAGA-E15S	Tumor	E15S	1	88940.0	0.16910238659478113	0.8418813834424107	-0.7014163436617424	0.3535403579622262	0.03504019664013417	0.09216548781253447	0.8727943155473312	0.014315844164076328	0.1260861686031539	0.8595979872327698	0.014315844164076328	0.0	0.9078345121874656	reverted	reverted	reverted	reverted	reverted	0.7089107898966808	0.0	0.0	0.0	0.0	0.0	0.09216548781253449
CATAGGTCAAATCACA-E15S	Tumor	E15S	1	87856.0	-0.0724051930829672	0.8937379313606145	-0.40997258780602186	0.24209920392551487	0.032975273374275894	0.042742362441807194	0.924282364183917	0.010199999606773745	0.09669907946616432	0.893100920927062	0.010199999606773745	0.0	0.9572576375581928	reverted	reverted	reverted	reverted	persistent	0.14805263083428397	0.0	0.0	0.0	0.0	0.0	0.042742362441807194
CCAGTATGTGCACCGT-E15S	Tumor	E15S	1	84182.0	0.9558025339287236	0.545610519469652	-0.010227836791837808	0.13397593728400503	0.04087850598983943	0.011305538955894912	0.9478159550542656	0.07592957137766695	0.4119530450109335	0.5121173836113995	0.07592957137766695	0.9478159550542656	0.0	reverted	partial	reverted	partial	persistent	0.07424070739702748	0.0	0.0	0.0	0.04087850598983943	0.011305538955894912	0.0
TCGCATAAGGCGAAGC-E15S	Tumor	E15S	1	85075.0	0.2833619826539116	0.8109174939963313	0.3579678812390949	0.10535662347615439	0.13445768716196202	0.007193537963201933	0.8583487748748361	0.017460200331603188	0.14670106031184107	0.8358387393565556	0.017460200331603188	0.0	0.9928064620367981	reverted	reverted	reverted	reverted	partial	0.5984374154841349	0.0	0.0	0.0	0.0	0.0	0.007193537963201933
TCTGCCTGTCAATTCA-E15S	Tumor	E15S	1	74646.0	0.514943424656888	0.7344978211256401	0.2642402620503518	0.11681913769599817	0.09092409014986179	0.0074624808647540605	0.9016134289853842	0.027807755045020807	0.20727490893474115	0.7649173360202381	0.027807755045020807	0.0	0.992537519135246	reverted	reverted	reverted	reverted	persistent	0.2396995108793177	0.0	0.0	0.0	0.0	0.0	0.0074624808647540605
GTACGGGGTGGCTGTC-E15S	Tumor	E15S	1	84703.0	0.1383518141751339	0.84947753436395	-0.26165850809177793	0.2057957445744221	0.03340703431927171	0.025560023085375964	0.9410329425953524	0.01362534944477812	0.12137253864571017	0.8650021119095116	0.01362534944477812	0.0	0.9744399769146241	reverted	reverted	reverted	reverted	memory	0.7853783551029071	0.0	0.0	0.0	0.0	0.0	0.025560023085375964
GTCCATTTCGTACCAA-E15S	Tumor	E15S	1	83309.0	0.29214502555953176	0.808354783762009	0.006370605932626311	0.15627158152052845	0.0438537024141246	0.011286215845939583	0.9448600817399357	0.017745199109895103	0.14850794646404478	0.8337468544260601	0.017745199109895103	0.0	0.9887137841540604	reverted	reverted	reverted	reverted	memory	0.886073107441057	0.0	0.0	0.0	0.0	0.0	0.011286215845939584
GTGGCAAAGGTAACGG-E15S	Tumor	E15S	1	79753.0	0.8678423878411018	0.5864896794555665	0.331995162938611	0.09825735201908725	0.12044697587085469	0.007186681152756313	0.8723663429763888	0.062122088533870364	0.36247944148793093	0.5753984699781988	0.062122088533870364	0.872366342976389	0.0	reverted	partial	reverted	partial	persistent	0.10567380705317429	0.0	0.0	0.0	0.12044697587085472	0.007186681152756315	0.0
AATTCCTCAAATCGGT-E15S	Tumor	E15S	1	83378.0	0.6265251155934871	0.691325378986114	0.12016371934499809	0.12865650574048831	0.0561287844994148	0.008761574515110771	0.9351096409854744	0.03560747412462457	0.2476481661649727	0.7167443597104027	0.03560747412462457	0.9351096409854744	0.0	reverted	partial	reverted	partial	partial	0.667966737255253	0.0	0.0	0.0	0.0561287844994148	0.008761574515110771	0.0
GCCAAATCAAACTATG-E15S	Tumor	E15S	1	82017.0	1.122951905917582	0.4666773420115139	0.1035288557474393	0.113988427710756	0.052640847035246	0.008794161512561483	0.9385649914521925	0.1090064100786332	0.5084365315316459	0.38255705838972087	0.1090064100786332	0.9385649914521925	0.0	partial	partial	partial	partial	persistent	0.024778575244856115	0.0	0.0	0.0	0.052640847035246	0.008794161512561483	0.0
AGTGGAACAACCTGAG-E15S	Tumor	E15S	1	83950.0	-0.24145135389123967	0.9205273871063286	-0.03060310703502575	0.17252108776609057	0.04190741565397837	0.01260904052376193	0.9454835438222597	0.008635728874976751	0.08440777806102148	0.9069564930640017	0.008635728874976751	0.0	0.9873909594762381	reverted	reverted	reverted	reverted	partial	0.4721397911576273	0.0	0.0	0.0	0.0	0.0	0.01260904052376193
AAGGCCCCACTATCGC-E15S	Tumor	E15S	1	85510.0	0.8950585444614313	0.5739408794243394	-0.24319224297722639	0.17564422314006212	0.032221263945501635	0.023664702450487657	0.9441140336040107	0.0661339815342637	0.3774865785021547	0.5563794399635815	0.0661339815342637	0.9441140336040107	0.0	reverted	partial	reverted	partial	persistent	0.17266073883362543	0.0	0.0	0.0	0.032221263945501635	0.023664702450487657	0.0
TGGCTAATCGTAGTCA-E15S	Tumor	E15S	1	74640.0	1.6815779407538722	0.23307074891853807	-0.22361823821443735	0.15338407476000587	0.031575080520575685	0.021815434817324404	0.9466094846621	0.2677986107723651	0.6666761046457527	0.06552528458188228	0.2677986107723651	0.0	0.0	partial	persistent	partial	persistent	persistent	0.022177159588895393	0.9466094846620998	0.03157508052057568	0.0218154348173244	0.0	0.0	0.0
CCATGTCCAACTAGCG-E15S	Tumor	E15S	1	85963.0	0.5174860509616904	0.7335580625815048	-0.5852818549260176	0.25785696372991923	0.03332174908975105	0.08119511901603359	0.8854831318942155	0.02796110051110999	0.20810661941670155	0.7639322800721886	0.02796110051110999	0.0	0.9188048809839665	reverted	reverted	reverted	reverted	partial	0.4530200591261154	0.0	0.0	0.0	0.0	0.0	0.08119511901603359
CGATAGTCAGGATGGG-E15S	Tumor	E15S	1	85950.0	0.08544309609611007	0.8618419277915886	0.25958377761396234	0.12062705246076091	0.0893682718569845	0.007512192043833013	0.9031195360991825	0.012566575600279488	0.11399280197053828	0.8734406224291822	0.012566575600279488	0.0	0.992487807956167	reverted	reverted	reverted	reverted	partial	0.5935139797207096	0.0	0.0	0.0	0.0	0.0	0.007512192043833013
AGTGGCGGTTCCCATC-E15S	Tumor	E15S	1	86813.0	-0.3875210825089303	0.9385473578169933	-0.6329003307087772	0.3789826060206429	0.03660672029593043	0.07055197511818563	0.8928413045858838	0.007856965855199318	0.07775891057849059	0.9143841235663102	0.007856965855199318	0.0	0.9294480248818143	reverted	reverted	reverted	reverted	reverted	0.9689605104484418	0.0	0.0	0.0	0.0	0.0	0.07055197511818564
GTCAATTAGGATTAAG-E15S	Tumor	E15S	1	83422.0	1.2400977984430002	0.4121066246731056	-0.04138594357151129	0.1333566446683868	0.03843620387155615	0.012181362837015573	0.9493824332914282	0.1372162225621513	0.5699056089058611	0.29287816853198767	0.1372162225621513	0.9493824332914282	0.0	partial	partial	partial	partial	persistent	0.05720850274172996	0.0	0.0	0.0	0.03843620387155615	0.012181362837015573	0.0
TAGGGTAGTATGGTGA-E15S	Tumor	E15S	1	88056.0	0.871627568124406	0.5847507331378601	0.23829707626621874	0.104654655372379	0.08209865958171625	0.007490230363800533	0.9104111100544834	0.06266637346449638	0.36454730214030545	0.5727863243951983	0.06266637346449638	0.9104111100544832	0.0	reverted	partial	reverted	partial	persistent	0.12325925019900064	0.0	0.0	0.0	0.08209865958171624	0.007490230363800531	0.0
TCTATGCTCCGTAGAC-E15S	Tumor	E15S	1	72830.0	0.3384988412540784	0.7943911509684749	0.19717126389615516	0.1390481586552167	0.07210895663235532	0.008088757485317117	0.9198022858823275	0.019368249622573712	0.15862481344003088	0.8220069369373953	0.019368249622573712	0.0	0.9919112425146829	reverted	reverted	reverted	reverted	inducing	0.8889753438975762	0.0	0.0	0.0	0.0	0.0	0.008088757485317118
CTATGCAAGCATGGGA-E15S	Tumor	E15S	1	82048.0	1.3593826122897466	0.35868233639957703	0.1335589885259891	0.10800725906968367	0.05724974042553591	0.008349948462111416	0.9344003111123528	0.16939533050296182	0.619849959592822	0.21075470990421621	0.16939533050296182	0.9344003111123528	0.0	partial	partial	partial	partial	persistent	0.018859589251306208	0.0	0.0	0.0	0.05724974042553591	0.008349948462111416	0.0
CGACTCCTCCTTGGAA-E15S	Tumor	E15S	1	80472.0	-0.3440764753809597	0.9336290191482141	0.3247374511001412	0.12958297867240515	0.11545004746186452	0.007351942154853644	0.8771980103832819	0.008041832206568534	0.07940108440856505	0.9125570833848664	0.008041832206568534	0.0	0.9926480578451464	reverted	reverted	reverted	reverted	reverted	0.8044344435308929	0.0	0.0	0.0	0.0	0.0	0.007351942154853644
GGCATGGGTGCGTGAG-E15S	Tumor	E15S	1	83661.0	0.7198900267407953	0.6523917071361495	-0.26163900645592697	0.18901591091938588	0.03251113081491418	0.025395484176623517	0.9420933850084623	0.04409464905832384	0.2877339662517115	0.6681713846899647	0.04409464905832384	0.9420933850084623	0.0	reverted	partial	reverted	partial	partial	0.3435962058488136	0.0	0.0	0.0	0.03251113081491418	0.025395484176623517	0.0
ACTATTCCAAGCGTAT-E15S	Tumor	E15S	1	85786.0	0.7044706109014159	0.6589818311733739	-0.15765614366576444	0.16212312065128115	0.03400351006740738	0.017598017731899066	0.9483984722006936	0.04255297656372434	0.2807152009260704	0.6767318225102054	0.04255297656372434	0.9483984722006936	0.0	reverted	partial	reverted	partial	persistent	0.04531140094371301	0.0	0.0	0.0	0.03400351006740738	0.017598017731899066	0.0
ACGAATCCAAACTGCG-E15S	Tumor	E15S	1	85134.0	0.08066440786389789	0.8629156100404574	-0.19559256842325032	0.20257854686478935	0.0351193178230767	0.020611358934438787	0.9442693232424846	0.012478392110691168	0.11336925835284195	0.8741523495364668	0.012478392110691168	0.0	0.9793886410655612	reverted	reverted	reverted	reverted	partial	0.3963351159596166	0.0	0.0	0.0	0.0	0.0	0.020611358934438787
CTGAATGTCCGCGTGA-E15S	Tumor	E15S	1	79965.0	0.15035706570496052	0.8465482978738709	-0.24515943289899791	0.19259378376628597	0.03306384710847974	0.02402600012380486	0.9429101527677153	0.01388796854292309	0.12317409289738188	0.8629379385596949	0.01388796854292309	0.0	0.9759739998761952	reverted	reverted	reverted	reverted	partial	0.34606639045293847	0.0	0.0	0.0	0.0	0.0	0.024026000123804864
ACAGGAACAACCGCAA-E15S	Tumor	E15S	1	78007.0	-0.2094654977351603	0.9159831191257356	0.15222724302696092	0.14737505493784175	0.06297563293261077	0.008631560682971825	0.9283928063844175	0.008870764961294119	0.08631996731350698	0.9048092677251989	0.008870764961294119	0.0	0.9913684393170282	reverted	reverted	reverted	reverted	reverted	0.867546016516772	0.0	0.0	0.0	0.0	0.0	0.008631560682971825
GCATAAGGTTTCCGCT-E15S	Tumor	E15S	1	78566.0	-0.1638051999803204	0.9090870426026824	0.059386756713208255	0.16962735055968234	0.05048036974364124	0.010387608277511154	0.9391320219788476	0.009252356275598268	0.0893669625301696	0.9013806811942321	0.009252356275598268	0.0	0.9896123917224888	reverted	reverted	reverted	reverted	partial	0.5958149407181641	0.0	0.0	0.0	0.0	0.0	0.010387608277511154
AACGAACAGGTTAATC-E15S	Tumor	E15S	1	84358.0	0.486994740465313	0.744687254242025	0.22245967413337378	0.11603316753821064	0.0777226589960674	0.007671077800612552	0.9146062632033198	0.026189139159990268	0.1983927439234073	0.7754181169166025	0.026189139159990268	0.0	0.9923289221993874	reverted	reverted	reverted	reverted	persistent	0.061288591694140054	0.0	0.0	0.0	0.0	0.0	0.007671077800612554
CTGCATGGTTAAGGGC-E15S	Tumor	E15S	1	83359.0	0.9082571901598167	0.5678197385210839	-0.9623573030692961	0.38494098529592996	0.03454079010882599	0.18156818850311493	0.783891021388059	0.0681626927123222	0.38487268367845534	0.5469646236092225	0.0681626927123222	0.7838910213880591	0.0	reverted	partial	reverted	partial	persistent	0.15250509122330538	0.0	0.0	0.0	0.034540790108826	0.18156818850311496	0.0
ATTCCAAGTTAACTGC-E15S	Tumor	E15S	1	83632.0	0.8301865505163853	0.603665293623929	0.06724337341351462	0.12711039983236536	0.048428911535512785	0.009532163950401995	0.9420389245140852	0.05694328249565167	0.34228403595880547	0.6007726815455429	0.05694328249565167	0.9420389245140852	0.0	reverted	partial	reverted	partial	partial	0.5779410495093472	0.0	0.0	0.0	0.048428911535512785	0.009532163950401995	0.0
AGCACCACAGGTAGTT-E15S	Tumor	E15S	1	81757.0	0.5086364907828623	0.7368197180706696	-0.27450859965731444	0.19549609916737248	0.0325875581632631	0.02662578483251966	0.9407866570042173	0.027431848306296577	0.20522903143735283	0.7673391202563506	0.027431848306296577	0.0	0.9733742151674803	reverted	reverted	reverted	reverted	persistent	0.19702744178312195	0.0	0.0	0.0	0.0	0.0	0.02662578483251966
CAGCACTAGGCGTACT-E15S	Tumor	E15S	1	81422.0	0.1835018255305586	0.8382186582087725	-0.0595282512940398	0.15927250777866453	0.03886723843241143	0.013254572218998817	0.9478781893485898	0.014659877763089538	0.12840752619968493	0.8569325960372255	0.014659877763089538	0.0	0.9867454277810013	reverted	reverted	reverted	reverted	partial	0.6790622520857512	0.0	0.0	0.0	0.0	0.0	0.013254572218998817
ATCGCGCGTGATTCGT-E15S	Tumor	E15S	1	85153.0	1.0901530681005829	0.48215874918112245	0.09480785059742045	0.11198826926446726	0.05123695965496947	0.008892005536782608	0.9398710348082479	0.10181782844687716	0.48985777130542535	0.40832440024769745	0.10181782844687716	0.939871034808248	0.0	partial	partial	partial	partial	persistent	0.07122867017458033	0.0	0.0	0.0	0.05123695965496948	0.00889200553678261	0.0
TACCATTCACCTGTGT-E15S	Tumor	E15S	1	83665.0	1.7866003879262204	0.1994275594222378	0.13113239532868803	0.10571091873201417	0.056702730568134005	0.008352441180501503	0.9349448282513644	0.302782933044369	0.6558697397232763	0.04134732723235462	0.302782933044369	0.0	0.0	partial	persistent	partial	persistent	persistent	0.007769424162739878	0.9349448282513645	0.05670273056813401	0.008352441180501505	0.0	0.0	0.0
ACTCCAAAGATTGAGA-E15S	Tumor	E15S	1	77014.0	0.6483261148646011	0.6824491970359845	0.12470131788274073	0.12672110420479002	0.056764536305944004	0.008678760218573257	0.9345567034754826	0.037414075612564913	0.2564888757473654	0.7060970486400697	0.037414075612564913	0.9345567034754827	0.0	reverted	partial	reverted	partial	partial	0.4304658897657742	0.0	0.0	0.0	0.05676453630594401	0.008678760218573259	0.0
CGAATCTGTTGCTATA-E15S	Tumor	E15S	1	82351.0	0.9763912490632531	0.5359312310620944	-0.5705506876022598	0.2479066514077834	0.033143949949106445	0.0786922974524562	0.8881637525984374	0.0795185638256165	0.42385273445034266	0.49662870172404083	0.0795185638256165	0.8881637525984374	0.0	reverted	partial	reverted	partial	persistent	0.06676306816833907	0.0	0.0	0.0	0.033143949949106445	0.0786922974524562	0.0
AAGCTAGGTTTCACGG-E15S	Tumor	E15S	1	84229.0	-0.05181233790355627	0.8899782349185906	-0.09308895119654387	0.1831930503661772	0.03847188422015304	0.014995254670734367	0.9465328611091128	0.010451584503824619	0.09859975038752332	0.8909486651086521	0.010451584503824619	0.0	0.9850047453292656	reverted	reverted	reverted	reverted	reverted	0.8601854331726771	0.0	0.0	0.0	0.0	0.0	0.014995254670734363
ACGACAAGTAGTGTGA-E15S	Tumor	E15S	1	81461.0	-0.3107306759404138	0.929608471074925	0.3728610047611454	0.12141631603862549	0.1418782076067519	0.007239298816198762	0.8508824935770494	0.008209587690074316	0.08084822665894206	0.9109421856509837	0.008209587690074316	0.0	0.9927607011838013	reverted	reverted	reverted	reverted	reverted	0.9593666095262855	0.0	0.0	0.0	0.0	0.0	0.007239298816198762
TAGTTTCCAATCCAGG-E15S	Tumor	E15S	1	85113.0	0.30016180556915584	0.8059925966346158	-0.24903403087438977	0.2113345352108506	0.034036366391486036	0.02457457787366829	0.9413890557348458	0.018011386194969475	0.15018711945187974	0.8318014943531509	0.018011386194969475	0.0	0.9754254221263318	reverted	reverted	reverted	reverted	reverted	0.7255309243200819	0.0	0.0	0.0	0.0	0.0	0.02457457787366829
CGTGAGAAGGATGTGG-E15S	Tumor	E15S	1	86483.0	2.2949316243994504	0.08688913806398862	-0.24749252511666817	0.13788829570307282	0.03048186801369682	0.023684483856739807	0.9458336481295633	0.4972971413563503	0.499912367778354	0.0027904908652957683	0.4972971413563503	0.0	0.0	partial	persistent	partial	persistent	persistent	0.003861821323469288	0.9458336481295634	0.030481868013696824	0.02368448385673981	0.0	0.0	0.0
CTTACGAAGGCGTACT-E15S	Tumor	E15S	1	84457.0	0.720577081409886	0.6520966803993016	-0.5713412222037196	0.2452704356896049	0.033132275622537816	0.07952827750348801	0.8873394468739741	0.04416470910836635	0.28805032587757956	0.6677849650140542	0.04416470910836635	0.8873394468739741	0.0	reverted	partial	reverted	partial	persistent	0.014362017737324347	0.0	0.0	0.0	0.033132275622537816	0.07952827750348801	0.0
AGGGCTAAGGCAACTC-E15S	Tumor	E15S	1	80544.0	0.2529857297331824	0.819577807475544	0.333110429908865	0.11047770275618767	0.12041380786384218	0.007235948910013303	0.8723502432261445	0.016525780988070917	0.14070898831835468	0.8427652306935743	0.016525780988070917	0.0	0.9927640510899867	reverted	reverted	reverted	reverted	reverted	0.7071178703595639	0.0	0.0	0.0	0.0	0.0	0.007235948910013303
TGCAAACCAACCCTTA-E15S	Tumor	E15S	1	67008.0	0.35762665838658375	0.7884134558001126	0.5100708420746595	0.09981108446186591	0.27222969481986825	0.007324736013199848	0.7204455691669318	0.020100286910253288	0.16309644329598275	0.8168032697937639	0.020100286910253288	0.0	0.9926752639868002	reverted	reverted	reverted	reverted	partial	0.6337709840541166	0.0	0.0	0.0	0.0	0.0	0.007324736013199849
GCAGGCTCATCAATCT-E15S	Tumor	E15S	1	81981.0	0.365978694872486	0.7857637607304089	-0.17217119211326667	0.18049610988770345	0.0345614757991753	0.018766926776582097	0.9466715974242425	0.02043210802599185	0.1651056235850096	0.8144622683889986	0.02043210802599185	0.0	0.9812330732234179	reverted	reverted	reverted	reverted	partial	0.48397660797364445	0.0	0.0	0.0	0.0	0.0	0.0187669267765821
ATGAAACGTTGCCCAA-E15S	Tumor	E15S	1	83534.0	0.028133537291592767	0.8742608322218929	0.2945170485661981	0.1189201516771295	0.10243658925145649	0.00736744918630216	0.8901959615622412	0.011582873336052417	0.10695244860889652	0.881464678055051	0.011582873336052417	0.0	0.9926325508136978	reverted	reverted	reverted	reverted	reverted	0.8139460365612098	0.0	0.0	0.0	0.0	0.0	0.007367449186302161
ATGAACGGTATTAGGG-E15S	Tumor	E15S	1	84035.0	0.022913110236863772	0.8753432531443275	-0.70997874913249	0.3484261677528769	0.034866001942653935	0.0961908896337162	0.8689431084236298	0.011500887620677662	0.10635687694563135	0.882142235433691	0.011500887620677662	0.0	0.9038091103662838	reverted	reverted	reverted	reverted	memory	0.9370846178745634	0.0	0.0	0.0	0.0	0.0	0.0961908896337162
TCTGGCTCACTTGCGT-E15S	Tumor	E15S	1	79375.0	0.686187192880583	0.6667169572322212	0.22000571044445213	0.11107598597193881	0.07686644253186999	0.0076428234419837655	0.9154907340261461	0.040799478186620275	0.27259574655617363	0.6866047752572062	0.040799478186620275	0.9154907340261462	0.0	reverted	partial	reverted	partial	partial	0.45638783687815665	0.0	0.0	0.0	0.07686644253187	0.007642823441983766	0.0
GTCCAGTAGGTGATCC-E15S	Tumor	E15S	1	82879.0	1.0740563391187887	0.48977098746530423	-0.3805623359238933	0.19863672487513653	0.03157131990278784	0.03965864459575732	0.9287700355014549	0.09841155625418514	0.48061284312898495	0.42097560061682987	0.09841155625418514	0.9287700355014549	0.0	partial	partial	partial	partial	persistent	0.2328215786208933	0.0	0.0	0.0	0.03157131990278784	0.03965864459575732	0.0
GTCTACCCACTTCAAT-E15S	Tumor	E15S	1	83054.0	0.25457872924068137	0.8191314326302263	-0.07491615571185029	0.17185436967328405	0.038752749402085875	0.014056505260881084	0.947190745337033	0.016572874140617023	0.14101353721122525	0.8424135886481577	0.016572874140617023	0.0	0.9859434947391189	reverted	reverted	reverted	reverted	reverted	0.92338150815304	0.0	0.0	0.0	0.0	0.0	0.014056505260881086
TGAGCGAAGGATGTGG-E15S	Tumor	E15S	1	84237.0	0.5481109466992851	0.7220740170684512	-0.5463052003831645	0.2505671629400528	0.03302881050183877	0.07089310768718547	0.8960780818109757	0.029891962519278104	0.21844073545089818	0.7516673020298236	0.029891962519278104	0.0	0.9291068923128145	reverted	reverted	reverted	reverted	reverted	0.7388561619077452	0.0	0.0	0.0	0.0	0.0	0.07089310768718547
CTAGAACCATCGGTGA-E15S	Tumor	E15S	1	78908.0	0.39219041787276354	0.7772919128212341	0.19051069364152712	0.12010015282450633	0.06960688290699724	0.007935084738113087	0.9224580323548899	0.02152391020303702	0.17164139959110383	0.8068346902058591	0.02152391020303702	0.0	0.9920649152618869	reverted	reverted	reverted	reverted	partial	0.5853817665416621	0.0	0.0	0.0	0.0	0.0	0.007935084738113085
CAGCTTGGTGCAACCC-E15S	Tumor	E15S	1	81626.0	1.484767558437769	0.3060905437033955	0.20584566438340074	0.09988310513526462	0.07263450002329662	0.007638390024896617	0.9197271099518067	0.2060263614520106	0.6538107200038229	0.14016291854416654	0.2060263614520106	0.9197271099518067	0.0	partial	partial	partial	partial	persistent	0.045300435929625106	0.0	0.0	0.0	0.07263450002329662	0.007638390024896617	0.0
CGAGTCCGTTCGATAC-E15S	Tumor	E15S	1	79471.0	-0.24669367552227453	0.9212504083175291	-0.30821610289532253	0.26583067924852205	0.035910576848294046	0.03018560223810239	0.9339038209136036	0.008599606926439565	0.08411109459943421	0.9072892984741264	0.008599606926439565	0.0	0.9698143977618976	reverted	reverted	reverted	reverted	reverted	0.9882451284185786	0.0	0.0	0.0	0.0	0.0	0.03018560223810239
AATGTTGCACCTCAGT-E15S	Tumor	E15S	1	76831.0	0.04655088810924106	0.8703776817946894	0.47057812035734736	0.10522431409732029	0.22459881978783533	0.007266962815965633	0.768134217396199	0.011881939473817488	0.10911309187496607	0.8790049686512166	0.011881939473817488	0.0	0.9927330371840344	reverted	reverted	reverted	reverted	partial	0.5229571754188812	0.0	0.0	0.0	0.0	0.0	0.007266962815965633
TGACGGTTCACTTGAG-E15S	Tumor	E15S	1	75780.0	-0.1425958902308512	0.9057135726086147	0.29089174320874994	0.1269600200503813	0.10091522788913375	0.00743439438216345	0.891650377728703	0.009449341211437945	0.09091626494955081	0.8996343938390113	0.009449341211437945	0.0	0.9925656056178366	reverted	reverted	reverted	reverted	reverted	0.8550875269159229	0.0	0.0	0.0	0.0	0.0	0.007434394382163448
CATTGCTTCGAACGGA-E15S	Tumor	E15S	1	82476.0	0.12908680280675883	0.8517065830844269	-0.22240650242721874	0.19650718330175954	0.03388575769740273	0.02232700676954266	0.9437872355330545	0.013428551638180764	0.12001521879596867	0.8665562295658504	0.013428551638180764	0.0	0.9776729932304573	reverted	reverted	reverted	reverted	partial	0.3101374344868497	0.0	0.0	0.0	0.0	0.0	0.02232700676954266
CAGTTTGAGTACCAAT-E15S	Tumor	E15S	1	82922.0	0.11341551613904571	0.8554147761626757	0.2604734966764282	0.11915567600140463	0.08964900473142103	0.007496630364007348	0.9028543649045716	0.013106958915480704	0.1177833478619863	0.869109693222533	0.013106958915480704	0.0	0.9925033696359926	reverted	reverted	reverted	reverted	reverted	0.7297178077228976	0.0	0.0	0.0	0.0	0.0	0.007496630364007348
CGTCCATCAGGCAATT-E15S	Tumor	E15S	1	79461.0	2.115902286592884	0.11781413429496963	0.13420708270519519	0.09957283559437143	0.056945176476450705	0.008253864875427942	0.9348009586481213	0.42380566477683485	0.5683462042821065	0.007848130941058754	0.42380566477683485	0.0	0.0	partial	persistent	partial	persistent	persistent	0.002021662706665319	0.9348009586481214	0.05694517647645071	0.008253864875427943	0.0	0.0	0.0
CGTTTAAGTAATGAAC-E15S	Tumor	E15S	1	82349.0	1.056171795895751	0.49823410716465005	-0.058442119750691496	0.13705230638083932	0.037504848916801295	0.01279606325407937	0.9496990878291193	0.09472269245318428	0.4702717004591285	0.4350056070876872	0.09472269245318428	0.9496990878291194	0.0	partial	partial	partial	partial	persistent	0.08305180845717254	0.0	0.0	0.0	0.0375048489168013	0.012796063254079372	0.0
GCGGGTTCAACATGCG-E15S	Tumor	E15S	1	83898.0	0.4195342919408271	0.7682022772804048	-0.2146949407396719	0.18248102875195574	0.033293801217438315	0.02155208239676974	0.9451541163857918	0.022748952414630267	0.17884376936569635	0.7984072782196735	0.022748952414630267	0.0	0.9784479176032302	reverted	reverted	reverted	reverted	partial	0.6481727128171418	0.0	0.0	0.0	0.0	0.0	0.021552082396769742
CTCATGGGTGAGGAGA-E15S	Tumor	E15S	1	80526.0	0.16353071492118998	0.8432804474405676	0.1552750511181399	0.13332791586675405	0.06270385985818838	0.008412217788317484	0.9288839223534942	0.014186347030319034	0.12520779381269995	0.860605859156981	0.014186347030319034	0.0	0.9915877822116825	reverted	reverted	reverted	reverted	reverted	0.9149805296863405	0.0	0.0	0.0	0.0	0.0	0.008412217788317484
TCGTTAGAGTGACCAC-E15S	Tumor	E15S	1	81910.0	0.8603679384437962	0.5899171442061442	-0.05950501792365112	0.1405684952436446	0.03765117119574113	0.012895489052333082	0.9494533397519259	0.061060159561672475	0.3584155351994962	0.5805243052388314	0.061060159561672475	0.9494533397519257	0.0	reverted	partial	reverted	partial	persistent	0.21123875898866717	0.0	0.0	0.0	0.03765117119574112	0.012895489052333078	0.0
CTTGCATTCTGGAAGG-E15S	Tumor	E15S	1	84431.0	-0.12878391879022508	0.9034567984300993	0.18211509633441142	0.1384096929559333	0.06859465893315973	0.008211786747548924	0.9231935543192913	0.009584753331733765	0.09197301037610946	0.8984422362921567	0.009584753331733765	0.0	0.991788213252451	reverted	reverted	reverted	reverted	reverted	0.7358179099844996	0.0	0.0	0.0	0.0	0.0	0.008211786747548924
CGTCGTAGTGCAATTC-E15S	Tumor	E15S	1	85352.0	0.03000661195174696	0.8738705053286456	-0.1187753492384804	0.17725960189098883	0.03666809181619913	0.015956876946144224	0.9473750312376567	0.011612585240723693	0.10716793506596049	0.8812194796933159	0.011612585240723693	0.0	0.9840431230538558	reverted	reverted	reverted	reverted	memory	0.933348431655457	0.0	0.0	0.0	0.0	0.0	0.015956876946144224
AGCTAACCACCTTAGC-E15S	Tumor	E15S	1	82592.0	0.2925956088613707	0.8082226010067577	0.07875486223092788	0.14468993477230635	0.051076098258333466	0.009606384714687161	0.9393175170269795	0.01776000568152628	0.14860156280204365	0.8336384315164301	0.01776000568152628	0.0	0.9903936152853128	reverted	reverted	reverted	reverted	persistent	0.25336573639164667	0.0	0.0	0.0	0.0	0.0	0.00960638471468716
CTAGAACCAATGCGTG-E15S	Tumor	E15S	1	79406.0	2.6483862176174493	0.046469840492884495	0.17392602948325173	0.09477952382872555	0.06469062866365757	0.007829419975947414	0.927479951360395	0.6501973659077019	0.3495261876571351	0.0002764464351630081	0.6501973659077019	0.0	0.0	persistent	persistent	persistent	persistent	persistent	0.0006286753482549433	0.927479951360395	0.06469062866365757	0.007829419975947414	0.0	0.0	0.0
ATAGCCATCACTTGCT-E15S	Tumor	E15S	1	82424.0	1.9940519997825752	0.14398073200335737	-0.1790778175032496	0.12995413092904973	0.03162878162714787	0.018339155123498797	0.9500320632493535	0.37683818444653006	0.6081016968895067	0.015060118663963298	0.37683818444653006	0.0	0.0	partial	persistent	partial	persistent	persistent	0.040065872286475526	0.9500320632493533	0.03162878162714786	0.018339155123498794	0.0	0.0	0.0
TCGATTAGTTTCGATA-E15S	Tumor	E15S	1	84671.0	0.21582222524301334	0.829748499499529	-0.1335434379236999	0.17431640167345575	0.03576531962515097	0.016586993607659455	0.9476476867671895	0.015483601923434082	0.13389626307152186	0.8506201350050441	0.015483601923434082	0.0	0.9834130063923405	reverted	reverted	reverted	reverted	persistent	0.22974148865286487	0.0	0.0	0.0	0.0	0.0	0.01658699360765946
TGGCGCATCCATAGTG-E15S	Tumor	E15S	1	76017.0	0.02799792479548698	0.8742890520959885	0.014993419544166026	0.16115342858428977	0.04502858979531204	0.01117185127760861	0.9437995589270791	0.011580728251931323	0.10693688413264346	0.8814823876154251	0.011580728251931323	0.0	0.9888281487223914	reverted	reverted	reverted	reverted	partial	0.5711527317353955	0.0	0.0	0.0	0.0	0.0	0.011171851277608613
TGGTTCCCAGCACTGA-E15S	Tumor	E15S	1	78183.0	1.157393301509194	0.4504899491530733	-0.11487793451987591	0.14620411870572042	0.03490080205890991	0.015166528213272119	0.949932669727818	0.1169024982814669	0.527434642896939	0.35566285882159415	0.1169024982814669	0.949932669727818	0.0	partial	partial	partial	partial	persistent	0.008704056281644511	0.0	0.0	0.0	0.03490080205890991	0.015166528213272119	0.0
GTGCTAATCACTAACG-E15S	Tumor	E15S	1	75970.0	0.7281478068314913	0.6488380593351412	0.03087026554179162	0.13210969839642214	0.04459929402004866	0.010305164063135886	0.9450955419168156	0.04494453745416909	0.29155664720709323	0.6634988153387377	0.04494453745416909	0.9450955419168156	0.0	reverted	partial	reverted	partial	partial	0.4860497014677259	0.0	0.0	0.0	0.04459929402004866	0.010305164063135886	0.0
TGGATGCTCACCATGA-E15S	Tumor	E15S	1	78849.0	0.6160743469050224	0.6955313103466011	-0.03118547690798973	0.14297484055441456	0.039787358082084515	0.01204617523146725	0.9481664666864482	0.0347766767491361	0.2435223457886558	0.7217009774622081	0.0347766767491361	0.9481664666864482	0.0	reverted	partial	reverted	partial	partial	0.6700411835680362	0.0	0.0	0.0	0.039787358082084515	0.01204617523146725	0.0
TGGGTCCGTATGGACA-E15S	Tumor	E15S	1	78640.0	0.609428823561743	0.6981889815023947	-0.3039575921999621	0.20669340735469977	0.03262897200274701	0.029602602975743637	0.9377684250215094	0.03425993283918093	0.24093645197462085	0.7248036151861981	0.03425993283918093	0.9377684250215094	0.0	reverted	partial	reverted	partial	persistent	0.09923831181342724	0.0	0.0	0.0	0.03262897200274701	0.029602602975743637	0.0
TAGCTCCCATGGTGCA-E15S	Tumor	E15S	1	82627.0	0.6212896159178315	0.6934364396364681	-0.06880575782053414	0.15178218085025622	0.03777026202536092	0.013429191325978411	0.9488005466486606	0.0351884715646156	0.2455721976901997	0.7192393307451846	0.0351884715646156	0.9488005466486606	0.0	reverted	partial	reverted	partial	reverted	0.9155053434000464	0.0	0.0	0.0	0.03777026202536092	0.013429191325978411	0.0
CTGCCATCATCCACGT-E15S	Tumor	E15S	1	78554.0	0.04990392959947182	0.8696598333691608	0.2913093911765773	0.12167049240480417	0.1011126220782582	0.0073959374296527335	0.8914914404920891	0.011938072957972353	0.10951660531606172	0.8785453217259659	0.011938072957972353	0.0	0.9926040625703473	reverted	reverted	reverted	reverted	partial	0.6998659036589763	0.0	0.0	0.0	0.0	0.0	0.0073959374296527335
CCCGTAAGTCTTGACG-E15S	Tumor	E15S	1	78910.0	-0.03700728958601696	0.8872036519907811	0.48866611605506616	0.10423884250938488	0.2446302234225985	0.0072905290941309995	0.7480792474832706	0.01064200379404021	0.10002716722465603	0.8893308289813038	0.01064200379404021	0.0	0.992709470905869	reverted	reverted	reverted	reverted	reverted	0.8632905628000757	0.0	0.0	0.0	0.0	0.0	0.0072905290941309995
CGCCATAGTTCGGTTG-E15S	Tumor	E15S	1	79802.0	0.35515322323617543	0.7891935394385009	-0.07537980399150843	0.17071006400852626	0.03864289291651192	0.014049363429431194	0.9473077436540568	0.02000346108185182	0.16250810099729365	0.8174884379208545	0.02000346108185182	0.0	0.9859506365705688	reverted	reverted	reverted	reverted	partial	0.5509876741053982	0.0	0.0	0.0	0.0	0.0	0.014049363429431196
AGAGAGGGTTGGAGTA-E15S	Tumor	E15S	1	80599.0	1.3280244595184725	0.3724496562719371	0.19050499539400995	0.10787833296069863	0.06907175201224142	0.007815721660408802	0.9231125263273499	0.16064857859689322	0.6082556569827243	0.23109576442038238	0.16064857859689322	0.9231125263273499	0.0	partial	partial	partial	partial	persistent	0.22357668262481378	0.0	0.0	0.0	0.06907175201224142	0.007815721660408802	0.0
GCGGGAACAGGTTCGA-E15S	Tumor	E15S	1	80589.0	1.4549739524548428	0.3181998993635272	-0.23231504317593413	0.1608574058887302	0.031735616526848295	0.022598869180299772	0.9456655142928518	0.19710659845418135	0.6475936489656677	0.1552997525801509	0.19710659845418135	0.945665514292852	0.0	partial	partial	partial	partial	persistent	0.001625787181829512	0.0	0.0	0.0	0.0317356165268483	0.022598869180299776	0.0
GGGCAATGTCTGTGCA-E15S	Tumor	E15S	1	76164.0	0.2514623193778004	0.8200038786390591	0.16152120515747767	0.13436630192187018	0.06400359141570941	0.008360433190084643	0.927635975394206	0.016480937204491695	0.1404187275076319	0.8431003352878762	0.016480937204491695	0.0	0.9916395668099154	reverted	reverted	reverted	reverted	partial	0.6862668671841096	0.0	0.0	0.0	0.0	0.0	0.008360433190084643
ATACGCGCATCACACC-E15S	Tumor	E15S	1	77169.0	0.4336269857169711	0.7634175510547955	0.05614751867341204	0.14872593113750462	0.04853129623014804	0.010075063722079319	0.9413936400477726	0.023416729042279052	0.1827142709981588	0.7938689999595621	0.023416729042279052	0.0	0.9899249362779207	reverted	reverted	reverted	reverted	partial	0.5641217520149541	0.0	0.0	0.0	0.0	0.0	0.010075063722079319
CACCAACAGATAGCTT-E15S	Tumor	E15S	1	79297.0	0.4368911893614887	0.7622996238015528	0.10751714304752079	0.13492251174504413	0.054518106890657204	0.009017638153323272	0.9364642549560195	0.023575072588488965	0.18362648061183395	0.7927984467996771	0.023575072588488965	0.0	0.9909823618466768	reverted	reverted	reverted	reverted	partial	0.49097479030779523	0.0	0.0	0.0	0.0	0.0	0.009017638153323274
CAGTAAGGTCTTGGTG-E15S	Tumor	E15S	1	77014.0	2.3324794364020462	0.08141252662138239	-0.25086694857282854	0.13326370235040558	0.030262816788665874	0.023964623423364792	0.9457725597879693	0.5132689960986941	0.4845103725341594	0.0022206313671463787	0.5132689960986941	0.0	0.0	persistent	persistent	persistent	persistent	reverting	7.910096535004233e-05	0.9457725597879694	0.030262816788665877	0.023964623423364795	0.0	0.0	0.0
GTCCTGCTCAGCCCGA-E15S	Tumor	E15S	1	69544.0	-0.29741681453527724	0.9279411659393383	0.2792434882638225	0.1325438450391338	0.09646928388495031	0.0075217424813557665	0.8960089736336939	0.008283134711721693	0.08147308815274042	0.910243777135538	0.008283134711721693	0.0	0.9924782575186443	reverted	reverted	reverted	reverted	reverted	0.9750412379075061	0.0	0.0	0.0	0.0	0.0	0.0075217424813557665
CGGCTCAAGGATGGCA-E15S	Tumor	E15S	1	75991.0	1.3997336116083223	0.3413062936460151	0.1458870734736397	0.11069335141335586	0.05965240758562679	0.00824529805324946	0.9321022943611237	0.1809122424840783	0.6329910875846858	0.18609666993123583	0.1809122424840783	0.9321022943611238	0.0	partial	partial	partial	partial	persistent	0.07539070049735216	0.0	0.0	0.0	0.059652407585626795	0.008245298053249462	0.0
CTGACCCTCACGTACA-E15S	Tumor	E15S	1	72482.0	1.1118993906377044	0.4718885741911334	0.17698875286945043	0.11480111179315586	0.06625084221190386	0.007992699392524977	0.9257564583955711	0.10654730566632584	0.5022211361796882	0.3912315581539859	0.10654730566632584	0.9257564583955712	0.0	partial	partial	partial	partial	persistent	0.1941912355903648	0.0	0.0	0.0	0.06625084221190387	0.007992699392524978	0.0
CGTTCCATCGCATGAC-E15S	Tumor	E15S	1	79583.0	-0.0682601048692994	0.8929903655425078	0.019961131832903198	0.1615512144890176	0.045545441127179336	0.011063708041799732	0.943390850831021	0.01024942971794795	0.09707388286019208	0.8926766874218599	0.01024942971794795	0.0	0.9889362919582003	reverted	reverted	reverted	reverted	reverted	0.7488522338263119	0.0	0.0	0.0	0.0	0.0	0.011063708041799732
CTTCTGGTCATATCCC-E15S	Tumor	E15S	1	69217.0	0.8869844067038107	0.5776744094434814	0.5667750859870614	0.08773405650951918	0.360833335080833	0.00739215184768213	0.6317745130714848	0.06491983643556078	0.3730017319378864	0.5620784316265528	0.06491983643556078	0.6317745130714849	0.0	reverted	partial	reverted	partial	persistent	0.023798123553564823	0.0	0.0	0.0	0.36083333508083304	0.007392151847682131	0.0
CCTTAGAAGTTGCAGC-E15S	Tumor	E15S	1	76508.0	1.442230647632658	0.3234565907098518	-0.280491002467833	0.16543289434844533	0.031113950052210633	0.02706113299948695	0.9418249169483025	0.1933298414647425	0.6445784198829069	0.1620917386523507	0.1933298414647425	0.9418249169483025	0.0	partial	partial	partial	partial	persistent	0.16730866410891743	0.0	0.0	0.0	0.031113950052210633	0.02706113299948695	0.0
TGATGAGGTTCGTAGT-E15S	Tumor	E15S	1	82623.0	1.2113579466768438	0.42534858852150115	-0.9573952799456568	0.3379402646281277	0.034609097079707635	0.2283053045050178	0.7370855984152745	0.12995144860827018	0.5557431057736774	0.3143054456180524	0.12995144860827018	0.7370855984152745	0.0	partial	partial	partial	partial	persistent	0.05854059152592248	0.0	0.0	0.0	0.034609097079707635	0.2283053045050178	0.0
AAGTTCCGTTCTGTGG-E15S	Tumor	E15S	1	76498.0	1.109874280475934	0.47284410664789184	0.29125304086960724	0.10672793054095198	0.10120762976923403	0.007301987157176395	0.8914903830735895	0.10610074967662518	0.5010769541869908	0.39282229613638386	0.10610074967662518	0.8914903830735895	0.0	partial	partial	partial	partial	persistent	0.03573811713794025	0.0	0.0	0.0	0.10120762976923403	0.007301987157176395	0.0
ACACCAGCATGATTAG-E15S	Tumor	E15S	1	78488.0	-0.30218715164199583	0.928542705365517	-0.6776904406421487	0.3617195817199732	0.03544999760368237	0.0837260332153966	0.8808239691809209	0.008256342206542911	0.08124605514894194	0.9104976026445152	0.008256342206542911	0.0	0.9162739667846034	reverted	reverted	reverted	reverted	reverted	0.9327889171974183	0.0	0.0	0.0	0.0	0.0	0.08372603321539661
AGTATGGGTGCGCCAT-E15S	Tumor	E15S	1	81732.0	2.748391444628738	0.0387653166152808	-0.18549824868586925	0.12812856988726318	0.03136897452296797	0.018730152316897626	0.9499008731601344	0.6923396621991945	0.30752589428828997	0.0001344435125155872	0.6923396621991945	0.0	0.0	persistent	persistent	persistent	persistent	persistent	0.0001215257791180745	0.9499008731601344	0.03136897452296797	0.018730152316897626	0.0	0.0	0.0
CAGGAACGTTTACGAC-E15S	Tumor	E15S	1	76186.0	1.5435628130611294	0.2829716045166731	-0.11826945174284009	0.1408051812280894	0.03443459646050497	0.015222291682691637	0.9503431118568034	0.22397569972168951	0.6626774072285648	0.1133468930497458	0.22397569972168951	0.0	0.0	partial	persistent	partial	persistent	persistent	0.018246288434586116	0.9503431118568034	0.03443459646050497	0.015222291682691637	0.0	0.0	0.0
CCTTGGTCATGGAACT-E15S	Tumor	E15S	1	79216.0	0.07260613440026706	0.8647102511625169	0.36095357525394844	0.11462939580961129	0.13541256119173486	0.007223536573685329	0.8573639022345798	0.012332324766232724	0.11233324552854373	0.8753344297052235	0.012332324766232724	0.0	0.9927764634263146	reverted	reverted	reverted	reverted	reverted	0.8763533379099965	0.0	0.0	0.0	0.0	0.0	0.007223536573685329
GCTAGGGGTTATCCGG-E15S	Tumor	E15S	1	74993.0	1.423492153972785	0.33126773175603547	0.01038615786397279	0.124294575096709	0.0420985678991293	0.010636436943402007	0.9472649951574688	0.18781998874739753	0.6397584134435648	0.17242159780903765	0.18781998874739753	0.9472649951574688	0.0	partial	partial	partial	partial	persistent	0.038740573378585046	0.0	0.0	0.0	0.0420985678991293	0.010636436943402007	0.0
CTGCATTTCCGGTTGG-E15S	Tumor	E15S	1	74924.0	0.2733485041689411	0.8138070645125234	0.15865203339330083	0.1337199616124518	0.0633921117096064	0.008381833193468018	0.9282260550969255	0.017143533129542754	0.144682211018318	0.8381742558521393	0.017143533129542754	0.0	0.991618166806532	reverted	reverted	reverted	reverted	memory	0.932167389106956	0.0	0.0	0.0	0.0	0.0	0.00838183319346802
CTTACGTTCTGTCAAG-E15S	Tumor	E15S	1	81922.0	-0.3587043435687712	0.9353245573001515	-0.03930037913317891	0.19556659652918806	0.04303978322110112	0.013377844093131835	0.943582372685767	0.00797542899070273	0.07881803390432993	0.9132065371049675	0.00797542899070273	0.0	0.9866221559068682	reverted	reverted	reverted	reverted	memory	0.8702976044644885	0.0	0.0	0.0	0.0	0.0	0.013377844093131837
CCGCCATTCATGTGGC-E15S	Tumor	E15S	1	80296.0	0.3800248472541751	0.7812533637573837	-0.0444403087717635	0.1558845467891842	0.0396755090856611	0.012693870386477069	0.9476306205278618	0.021007475321701986	0.16856402893924635	0.8104284957390516	0.021007475321701986	0.0	0.9873061296135229	reverted	reverted	reverted	reverted	persistent	0.21199447946357974	0.0	0.0	0.0	0.0	0.0	0.012693870386477069
CGTGGCTGTATAGCAG-E15S	Tumor	E15S	1	81162.0	-0.2950286292685306	0.9276382643694975	0.21033859530351842	0.14213478997654005	0.07551851892126399	0.008019346308219379	0.9164621347705167	0.00829673440256942	0.08158807745844322	0.9101151881389874	0.00829673440256942	0.0	0.9919806536917806	reverted	reverted	reverted	reverted	reverted	0.923743720301463	0.0	0.0	0.0	0.0	0.0	0.008019346308219377
GGGCGTAGTTATGGAG-E15S	Tumor	E15S	1	84165.0	0.49210321287628855	0.7428441559511552	0.052616028981076146	0.14410579548860816	0.04779253895397557	0.010064403682827808	0.9421430573631965	0.026476011194227347	0.19998095594122464	0.7735430328645482	0.026476011194227347	0.0	0.9899355963171722	reverted	reverted	reverted	reverted	partial	0.4763640917836767	0.0	0.0	0.0	0.0	0.0	0.01006440368282781
GTAAACGGTGAGGCAT-E15S	Tumor	E15S	1	81692.0	1.3617056109488623	0.35767134580349486	-0.18224596915235922	0.14638180517209715	0.03231428694435564	0.018787135077483138	0.9488985779781611	0.1700506052433061	0.6206616059400952	0.20928778881659857	0.1700506052433061	0.9488985779781612	0.0	partial	partial	partial	partial	persistent	0.0727500750152093	0.0	0.0	0.0	0.03231428694435565	0.01878713507748314	0.0
CCGCTTGCACCAGGGT-E15S	Tumor	E15S	1	79100.0	0.6082322393378371	0.6986661169907963	0.17816910054904314	0.11917451035716208	0.06672351045179814	0.008028165542322984	0.925248324005879	0.034167830010168036	0.24047394341186548	0.7253582265779664	0.034167830010168036	0.925248324005879	0.0	reverted	partial	reverted	partial	partial	0.5122726054606176	0.0	0.0	0.0	0.06672351045179814	0.008028165542322984	0.0
TGGTTCAAGGGGTTAG-E15S	Tumor	E15S	1	80641.0	1.237953643527446	0.4130904187159645	-0.10433158985188437	0.13985672176726216	0.03504901448861198	0.014589222922076771	0.9503617625893112	0.13666705738852306	0.5688738387151576	0.29445910389631935	0.13666705738852306	0.9503617625893113	0.0	partial	partial	partial	partial	persistent	0.007854677756262626	0.0	0.0	0.0	0.03504901448861199	0.014589222922076773	0.0
CTCATCCGTGAGTGCG-E15S	Tumor	E15S	1	80734.0	0.5033698860272263	0.7387485880906817	-0.5622801761589517	0.28556010740086313	0.03374287564667645	0.06930489543169605	0.8969522289216274	0.0271227663070956	0.2035392728023746	0.76933796089053	0.0271227663070956	0.0	0.930695104568304	reverted	reverted	reverted	reverted	reverted	0.8398930829091235	0.0	0.0	0.0	0.0	0.0	0.06930489543169606
GCCTAATGTGATGAAT-E15S	Tumor	E15S	1	75997.0	1.0430436166807828	0.5044473922675012	0.20374646934789636	0.11257098587293153	0.07255513301645242	0.007762512578465488	0.9196823544050822	0.09207967762895972	0.4626475938684294	0.4452727285026108	0.09207967762895972	0.9196823544050822	0.0	partial	partial	reverted	partial	persistent	0.10375181775802271	0.0	0.0	0.0	0.07255513301645242	0.007762512578465488	0.0
TGTAGCGCACTATGGG-E15S	Tumor	E15S	1	82882.0	0.08192202119522411	0.8626337301081536	0.00807360989359876	0.15828667642992442	0.04415860612110545	0.011282860724874957	0.9445585331540196	0.01250148571594265	0.11353269114930303	0.8739658231347543	0.01250148571594265	0.0	0.9887171392751251	reverted	reverted	reverted	reverted	reverted	0.9193591756504096	0.0	0.0	0.0	0.0	0.0	0.011282860724874957
TCCCAAGGTCAAGTGA-E15S	Tumor	E15S	1	81443.0	1.2507090863599821	0.40724836163259104	-0.19010472679594417	0.15126770376600335	0.03232674052345295	0.019372423840628688	0.9483008356359185	0.1399505540254359	0.574949666703335	0.28509977927122904	0.1399505540254359	0.9483008356359183	0.0	partial	partial	partial	partial	partial	0.423263874508084	0.0	0.0	0.0	0.03232674052345294	0.019372423840628684	0.0
AGGAGATTCACCATTC-E15S	Tumor	E15S	1	82668.0	0.6523709076431565	0.6807874291786183	-0.26881622226110347	0.18646074311443908	0.03224386656780849	0.02602844729021004	0.9417276861419814	0.0377604691730987	0.2581639803531356	0.7040755504737657	0.0377604691730987	0.9417276861419814	0.0	reverted	partial	reverted	partial	partial	0.5911524407746942	0.0	0.0	0.0	0.03224386656780849	0.02602844729021004	0.0
CGGGTTACACCATGCT-E15S	Tumor	E15S	1	78609.0	0.5305111859200934	0.7287108609355664	0.26808698681122245	0.11336993103536679	0.09225652250191961	0.007421731581781424	0.900321745916299	0.028763151838518165	0.21243005367634718	0.7588067944851348	0.028763151838518165	0.0	0.9925782684182186	reverted	reverted	reverted	reverted	partial	0.5506980137092178	0.0	0.0	0.0	0.0	0.0	0.007421731581781424
CATTTGAGTTGTGACT-E15S	Tumor	E15S	1	82445.0	0.16022804182192385	0.8441049912422783	0.170233740844721	0.12841832544705584	0.06547246339827643	0.008203051625269736	0.926324484976454	0.014110520504810597	0.12469227745827492	0.8611972020369144	0.014110520504810597	0.0	0.9917969483747302	reverted	reverted	reverted	reverted	reverted	0.8278832711216942	0.0	0.0	0.0	0.0	0.0	0.008203051625269735
AGAGGGTCATCGCTAC-E15S	Tumor	E15S	1	80272.0	0.24673797067887326	0.8213202013889683	0.3267242716802254	0.11088794208155787	0.11717763658704267	0.007247431592361515	0.8755749318205958	0.016343055339651785	0.13952466961703128	0.844132275043317	0.016343055339651785	0.0	0.9927525684076385	reverted	reverted	reverted	reverted	reverted	0.8923359332023789	0.0	0.0	0.0	0.0	0.0	0.007247431592361516
GGTGAATAGATACTCG-E15S	Tumor	E15S	1	77201.0	0.20917607352054515	0.8315185649205665	0.13804233858816153	0.13625914294244162	0.05965997486220346	0.00864288736412588	0.9316971377736707	0.01530818313714074	0.13273535069614206	0.8519564661667172	0.01530818313714074	0.0	0.9913571126358741	reverted	reverted	reverted	reverted	reverted	0.7421632757306127	0.0	0.0	0.0	0.0	0.0	0.00864288736412588
AGCGTAAGTAGGTCCC-E15S	Tumor	E15S	1	74856.0	0.30051567469433105	0.8058878194953444	0.02887727540383761	0.15211481538561675	0.0457569087362981	0.010688803683317158	0.9435542875803848	0.018023271150711593	0.1502619047212087	0.8317148241280798	0.018023271150711593	0.0	0.9893111963166827	reverted	reverted	reverted	reverted	memory	0.8671221822553029	0.0	0.0	0.0	0.0	0.0	0.010688803683317157
GCAATATTCTCACCAT-E15S	Tumor	E15S	1	75308.0	0.6888897134631994	0.6655791233344945	0.5161605818895446	0.09212631600792998	0.2838887613060736	0.007351755907900017	0.7087594827860264	0.041053672120673367	0.27378196009191347	0.6851643677874132	0.041053672120673367	0.7087594827860264	0.0	reverted	partial	reverted	partial	persistent	0.02526920237229507	0.0	0.0	0.0	0.2838887613060736	0.007351755907900017	0.0
GCCCTGAAGCTAGAGG-E15S	Tumor	E15S	1	81391.0	0.19191415986359373	0.8360473366074148	-0.5570551480966315	0.2732415482548205	0.03345909851865973	0.06997130222899822	0.896569599252342	0.014867273720645054	0.12979853202661562	0.8553341942527394	0.014867273720645054	0.0	0.9300286977710017	reverted	reverted	reverted	reverted	persistent	0.09950725976302466	0.0	0.0	0.0	0.0	0.0	0.06997130222899822
CCTTGGGAGGGCTCCA-E15S	Tumor	E15S	1	80045.0	0.05784420655576955	0.8679464260823728	0.03766189177870205	0.15664038225747537	0.047014756454655214	0.010582907155492951	0.9424023363898519	0.012073125865489297	0.11048486288858701	0.8774420112459238	0.012073125865489297	0.0	0.989417092844507	reverted	reverted	reverted	reverted	reverted	0.9069265188004819	0.0	0.0	0.0	0.0	0.0	0.01058290715549295
TCGTCCATCCTGAAGC-E15S	Tumor	E15S	1	75234.0	1.1132329935531708	0.47125943607528376	0.2680319688297364	0.1063306288506445	0.09217756246257908	0.007373821490343062	0.9004486160470777	0.10684205947352965	0.502973743085369	0.39018419744110133	0.10684205947352965	0.9004486160470778	0.0	partial	partial	partial	partial	persistent	0.080113726442376	0.0	0.0	0.0	0.09217756246257909	0.007373821490343063	0.0
AGCAAGGTCTATGCAG-E15S	Tumor	E15S	1	76429.0	0.36115147412730325	0.7872981370361753	-0.06188679755891352	0.16915221010476875	0.03940072225899615	0.013537403059508787	0.9470618746814949	0.020239404291197877	0.16394012587024964	0.8158204698385525	0.020239404291197877	0.0	0.9864625969404912	reverted	reverted	reverted	reverted	persistent	0.2844313054962833	0.0	0.0	0.0	0.0	0.0	0.013537403059508788
CGGTGCATCGACATAT-E15S	Tumor	E15S	1	78824.0	0.6725107873117729	0.6724451470446711	0.23775156063352562	0.11124451813520463	0.08209117999934788	0.007543928107048404	0.9103648918936037	0.03953914017873476	0.2666672553200974	0.6937936045011679	0.03953914017873476	0.9103648918936037	0.0	reverted	partial	reverted	partial	persistent	0.20525512636896873	0.0	0.0	0.0	0.08209117999934788	0.007543928107048404	0.0
GGCTGTTAGGTACGCT-E15S	Tumor	E15S	1	73603.0	1.483707874673722	0.30651681228073685	0.28884132172110094	0.09835821666859103	0.10028153953955415	0.007261794380174983	0.8924566660802707	0.2057070109077643	0.6536095927192218	0.14068339637301389	0.2057070109077643	0.8924566660802709	0.0	partial	partial	partial	partial	persistent	0.026828557530187102	0.0	0.0	0.0	0.10028153953955417	0.007261794380174984	0.0
AACACCGCACTTACGC-E15S	Tumor	E15S	1	77869.0	1.260257242461518	0.402892262254531	-0.3461348955791338	0.18218514350975734	0.031165219112877077	0.03491307925358005	0.9339217016335429	0.14243407981925604	0.5793975916549442	0.27816832852579965	0.14243407981925604	0.9339217016335429	0.0	partial	partial	partial	partial	persistent	0.03360437795902077	0.0	0.0	0.0	0.031165219112877077	0.03491307925358005	0.0
CCTTTCAGTCTGGTGC-E15S	Tumor	E15S	1	78776.0	0.00138337984537307	0.8797231637055067	0.13131684682310005	0.14540851697624	0.05906941154040515	0.008852273602651468	0.9320783148569433	0.011175278149056582	0.10397716318674333	0.8848475586642	0.011175278149056582	0.0	0.9911477263973485	reverted	reverted	reverted	reverted	partial	0.5922242128367019	0.0	0.0	0.0	0.0	0.0	0.00885227360265147
CTTGCCTGTGCGGAAT-E15S	Tumor	E15S	1	78499.0	1.2933494455393002	0.38791689281216984	0.19395929363888698	0.10528224872915107	0.06980689738874984	0.007766380898858593	0.9224267217123916	0.15120433361554428	0.5941072153292977	0.254688451055158	0.15120433361554428	0.9224267217123916	0.0	partial	partial	partial	partial	persistent	0.03744188146694835	0.0	0.0	0.0	0.06980689738874984	0.007766380898858593	0.0
CCCGACAAGCGGTACT-E15S	Tumor	E15S	1	76918.0	-0.14645953704393766	0.906336351864666	0.2831209237069837	0.13364885309698768	0.09791469792724096	0.007514591792701669	0.8945707102800574	0.009412481766837472	0.09062747600236128	0.8999600422308013	0.009412481766837472	0.0	0.9924854082072984	reverted	reverted	reverted	reverted	reverted	0.974182060523855	0.0	0.0	0.0	0.0	0.0	0.007514591792701669
GTGGGTTTCAATGTAC-E15S	Tumor	E15S	1	81943.0	0.2963392700114374	0.8071216744296816	-0.7002789350586989	0.33421205536258936	0.03458244589568224	0.09754494983314542	0.8678726042711724	0.017883734795896652	0.14938287198880468	0.8327333932152986	0.017883734795896652	0.0	0.9024550501668547	reverted	reverted	reverted	reverted	partial	0.5063125913813473	0.0	0.0	0.0	0.0	0.0	0.09754494983314542
GTCCGTAGTTGGCATT-E15S	Tumor	E15S	1	77301.0	-0.39012298339234375	0.9388308460024015	0.12463237424951504	0.16603515099961777	0.05939361462046953	0.00925862999652492	0.9313477553830056	0.007847059388368707	0.07766901926248423	0.9144839213491469	0.007847059388368707	0.0	0.9907413700034752	reverted	reverted	reverted	reverted	reverted	0.9626424579279044	0.0	0.0	0.0	0.0	0.0	0.00925862999652492
ACACTCCCAGCACTGA-E15S	Tumor	E15S	1	78981.0	1.1383095276575306	0.45944856066671846	-0.1837878003116847	0.14950486947379613	0.03242474722962691	0.0189345634524911	0.9486406893178821	0.11248420442628479	0.5169826158257751	0.37053317974794014	0.11248420442628479	0.9486406893178819	0.0	partial	partial	partial	partial	persistent	0.03307467350928649	0.0	0.0	0.0	0.032424747229626905	0.018934563452491098	0.0
CCTTTCCTCTGGTACA-E15S	Tumor	E15S	1	81272.0	0.5271085529167474	0.7299824517414157	0.16205094631883066	0.12623489365989046	0.06365440450999726	0.008256627357229561	0.9280889681327731	0.028550935524273274	0.211290432117181	0.7601586323585459	0.028550935524273274	0.0	0.9917433726427705	reverted	reverted	reverted	reverted	persistent	0.1448830870419081	0.0	0.0	0.0	0.0	0.0	0.008256627357229563
CCTCAGTCAAGCATAC-E15S	Tumor	E15S	1	78093.0	0.8412897495928184	0.5986253777936185	0.12286654402699934	0.11607316807549448	0.05583867789525113	0.008568384025001041	0.9355929380797479	0.05842620994373139	0.3481648227462059	0.5934089673100627	0.05842620994373139	0.9355929380797479	0.0	reverted	partial	reverted	partial	persistent	0.26032750839369373	0.0	0.0	0.0	0.05583867789525113	0.008568384025001041	0.0
GCAATCTGTTGGGTCC-E15S	Tumor	E15S	1	73001.0	0.4842043390939656	0.7456903365434249	0.3388670106622117	0.11074766890255384	0.12339386826321115	0.0072296164677511585	0.8693765152690376	0.02603409451624607	0.19753180057130723	0.7764341049124467	0.02603409451624607	0.0	0.9927703835322489	reverted	reverted	reverted	reverted	partial	0.3411704548323791	0.0	0.0	0.0	0.0	0.0	0.007229616467751159
TCTAGCTTCCAGGTGT-E15S	Tumor	E15S	1	78034.0	0.7600156847270129	0.6349715591375105	-0.01572767774354969	0.1390097940838158	0.04074522002317127	0.011539334192884445	0.9477154457839443	0.04838818240313413	0.3067192390956021	0.6448925785012637	0.04838818240313413	0.9477154457839443	0.0	reverted	partial	reverted	partial	persistent	0.22837964278522774	0.0	0.0	0.0	0.04074522002317127	0.011539334192884445	0.0
ATGGCGAAGCAGTCTA-E15S	Tumor	E15S	1	79458.0	0.24894810522642918	0.820705342008212	-0.0543558404429664	0.17594120120248244	0.040408258346891074	0.013426757842457861	0.9461649838106511	0.016407336438649785	0.1399417823126807	0.8436508812486695	0.016407336438649785	0.0	0.9865732421575422	reverted	reverted	reverted	reverted	partial	0.4235270420077775	0.0	0.0	0.0	0.0	0.0	0.013426757842457861
CACTTCACAAATGGAG-E15S	Tumor	E15S	1	78750.0	1.0786097109410104	0.48761703642632026	-0.20752732605366989	0.16415588318598545	0.03249874293030293	0.02076153860853592	0.9467397184611612	0.09936687383476624	0.48323483736319905	0.4173982888020348	0.09936687383476624	0.9467397184611612	0.0	partial	partial	partial	partial	persistent	0.23897189470547134	0.0	0.0	0.0	0.03249874293030293	0.02076153860853592	0.0
CAATATCAGGTAACGG-E15S	Tumor	E15S	1	79857.0	-0.1734057988536257	0.9105780713861384	0.20859709741568172	0.1353280151766823	0.07476103783921334	0.0079566142778061	0.9172823478829806	0.009167410309719005	0.08869415651787692	0.902138433172404	0.009167410309719005	0.0	0.992043385722194	reverted	reverted	reverted	reverted	reverted	0.8222797757043622	0.0	0.0	0.0	0.0	0.0	0.0079566142778061
GGCTTCCTCACATTGG-E15S	Tumor	E15S	1	78253.0	2.4303431348233255	0.06858833728500614	-0.0021325165196403595	0.11033959620533484	0.040179067258245854	0.010727796302743427	0.9490931364390106	0.555500641278313	0.44329804497329117	0.0012013137483957129	0.555500641278313	0.0	0.0	persistent	persistent	persistent	persistent	persistent	0.001395769566657417	0.9490931364390107	0.04017906725824586	0.010727796302743429	0.0	0.0	0.0
CCATTAGAGGGCCATT-E15S	Tumor	E15S	1	77074.0	-0.11374084052807315	0.9009440991126737	0.14952137708119945	0.1517887340256404	0.06275191044484581	0.008724798363662524	0.9285232911914918	0.009738876303206447	0.09316810127196705	0.8970930224248265	0.009738876303206447	0.0	0.9912752016363374	reverted	reverted	reverted	reverted	reverted	0.9854542122421815	0.0	0.0	0.0	0.0	0.0	0.008724798363662523
ACCATCCCAAGGTCGC-E15S	Tumor	E15S	1	74632.0	0.09420052128944457	0.8598559746808272	-0.20163706918706262	0.20463011314937865	0.035043138396815984	0.021037576444415913	0.9439192851587681	0.012731258695113393	0.1151534760606129	0.8721152652442737	0.012731258695113393	0.0	0.978962423555584	reverted	reverted	reverted	reverted	reverted	0.970943169096815	0.0	0.0	0.0	0.0	0.0	0.021037576444415913
AGAGTAATCCATTGAG-E15S	Tumor	E15S	1	78932.0	-0.3583460817595852	0.935283516484749	0.06395847772396801	0.16187689246329795	0.050439172863006934	0.01015903814386593	0.9394017889931271	0.007977004198253255	0.07883194416100316	0.9131910516407435	0.007977004198253255	0.0	0.989840961856134	reverted	reverted	reverted	reverted	reverted	0.9651339240742003	0.0	0.0	0.0	0.0	0.0	0.01015903814386593
TCTGGTAAGGGTACGA-E15S	Tumor	E15S	1	80594.0	2.0842452104182985	0.12418713540613634	0.029153624080040588	0.11212194482017591	0.0432164135211651	0.0100410571800663	0.9467425292987687	0.41135051407988016	0.5793153751186514	0.009334110801468452	0.41135051407988016	0.0	0.0	partial	persistent	partial	persistent	persistent	0.0031332611730683843	0.9467425292987687	0.0432164135211651	0.0100410571800663	0.0	0.0	0.0
GTATCTTCATTCAGGG-E15S	Tumor	E15S	1	82376.0	0.7075614823823548	0.6576656358054644	-0.20067765659121287	0.1628081814009865	0.03261774451433873	0.020262895633729787	0.9471193598519315	0.04285734065045508	0.28210963473134765	0.6750330246181973	0.04285734065045508	0.9471193598519315	0.0	reverted	partial	reverted	partial	persistent	0.16019553204920595	0.0	0.0	0.0	0.03261774451433873	0.020262895633729787	0.0
CAAGCAAGTAGTAAGT-E15S	Tumor	E15S	1	77534.0	1.1242733240010458	0.4660547607338734	-0.12199583507503695	0.15881203221437565	0.03531888181229653	0.01573014445094076	0.9489509737367627	0.10930288225423027	0.5091761560646114	0.38152096168115834	0.10930288225423027	0.9489509737367627	0.0	partial	partial	partial	partial	partial	0.4981272547745789	0.0	0.0	0.0	0.03531888181229653	0.01573014445094076	0.0
AATGGGCGTTAGCAGA-E15S	Tumor	E15S	1	76748.0	-0.48402199386515204	0.9482776514336865	-0.04304383967134298	0.19400446891254564	0.0426285104112374	0.013459635252471073	0.9439118543362915	0.007572875634930573	0.07503367346630839	0.9173934508987612	0.007572875634930573	0.0	0.9865403647475289	reverted	reverted	reverted	reverted	reverted	0.972208317183831	0.0	0.0	0.0	0.0	0.0	0.013459635252471073
TACAGGGAGATAGAGC-E15S	Tumor	E15S	1	79001.0	1.3207587148955382	0.3756702618132647	-0.2653517233883813	0.1777159790384884	0.0318866190163209	0.025640351193989303	0.9424730297896898	0.1586491686149784	0.6054035748453477	0.2359472565396739	0.1586491686149784	0.9424730297896898	0.0	partial	partial	partial	partial	persistent	0.05667596450721277	0.0	0.0	0.0	0.0318866190163209	0.025640351193989303	0.0
CACACCCTCTAATCGG-E15S	Tumor	E15S	1	80074.0	1.6694293050934357	0.23720704130882805	-0.8134431006903678	0.2766788969028391	0.035328914677637484	0.1885009701848723	0.7761701151374903	0.2638464011560137	0.6672060223915512	0.06894757645243513	0.2638464011560137	0.0	0.0	partial	persistent	partial	persistent	persistent	0.04285377737679162	0.7761701151374903	0.035328914677637484	0.1885009701848723	0.0	0.0	0.0
CCTTTAATCAAGTGAA-E15S	Tumor	E15S	1	77986.0	0.10514647773005761	0.857340183763661	0.4078831111796861	0.11012625544613501	0.16735925604175222	0.007207979664791795	0.825432764293456	0.012942818324275338	0.11663741468900032	0.8704197669867243	0.012942818324275338	0.0	0.9927920203352083	reverted	reverted	reverted	reverted	reverted	0.703782651134538	0.0	0.0	0.0	0.0	0.0	0.007207979664791795
CCACCTTGTGAAGTGC-E15S	Tumor	E15S	1	80449.0	1.271477811443874	0.3977927250606715	-0.020070552012108778	0.12845484551326125	0.03973597812264262	0.011477001275974818	0.9487870206013824	0.14537996185303703	0.5845106523950008	0.27010938575196225	0.14537996185303703	0.9487870206013825	0.0	partial	partial	partial	partial	persistent	0.2282214570674756	0.0	0.0	0.0	0.03973597812264263	0.01147700127597482	0.0
GGCTGCATCGTTACCT-E15S	Tumor	E15S	1	69949.0	-0.2712576111701672	0.9245587269338886	-0.03344774696637137	0.18717079796723754	0.04281821641753219	0.013009770862684303	0.9441720127197836	0.00843900494947408	0.08278168902367722	0.9087793060268489	0.00843900494947408	0.0	0.9869902291373157	reverted	reverted	reverted	reverted	reverted	0.944399191488165	0.0	0.0	0.0	0.0	0.0	0.013009770862684303
ACACGTTGTGATGGAC-E15S	Tumor	E15S	1	81153.0	0.35402464171238435	0.7895487758190732	-0.03234256792629869	0.15506339115038328	0.04051158563254996	0.012308070221602043	0.9471803441458481	0.019959497938304108	0.16224065792104153	0.8177998441406543	0.019959497938304108	0.0	0.987691929778398	reverted	reverted	reverted	reverted	partial	0.44054204743074266	0.0	0.0	0.0	0.0	0.0	0.012308070221602043
CTGATCAAGTAGCTCA-E15S	Tumor	E15S	1	78061.0	0.32557171652202865	0.7983596327438675	-0.04945038525876	0.16185156910092952	0.03973418538265242	0.012972582748176888	0.9472932318691708	0.018894737505673463	0.15570283486610548	0.8254024276282211	0.018894737505673463	0.0	0.9870274172518232	reverted	reverted	reverted	reverted	partial	0.32994771573073567	0.0	0.0	0.0	0.0	0.0	0.012972582748176888
TGCGACTAGGAATCGG-E15S	Tumor	E15S	1	74032.0	0.12249639424704686	0.8532755093286917	0.1705550348949125	0.13358836538305455	0.06582288732796344	0.008261443151785734	0.925915669520251	0.013291605472083506	0.11906692965732422	0.8676414648705921	0.013291605472083506	0.0	0.9917385568482142	reverted	reverted	reverted	reverted	reverted	0.8735762986447091	0.0	0.0	0.0	0.0	0.0	0.008261443151785732
GCATTACGTTGACGGG-E15S	Tumor	E15S	1	68988.0	-0.07364748394844131	0.8939610804205315	0.5844211585677069	0.10084853006822905	0.37942854921920555	0.007329380349991664	0.6132420704308028	0.0101853021159947	0.09658750363864863	0.8932271942453567	0.0101853021159947	0.0	0.9926706196500084	reverted	reverted	reverted	reverted	inducing	0.9828115281189885	0.0	0.0	0.0	0.0	0.0	0.007329380349991664
ATCGAGGAGGATGGGC-E15S	Tumor	E15S	1	81185.0	1.9793869862116098	0.14743647717998784	-0.34785884245616716	0.1548211501824161	0.030349714674356317	0.035677314986524766	0.9339729703391189	0.37136356234054907	0.6123940375818978	0.01624240007755311	0.37136356234054907	0.0	0.0	partial	persistent	partial	persistent	persistent	0.004016924674513835	0.9339729703391189	0.030349714674356317	0.035677314986524766	0.0	0.0	0.0
TGCAGGTTCCTGATAG-E15S	Tumor	E15S	1	80527.0	0.17994100567646792	0.8391307331982719	-0.2313552815203311	0.21001969489790315	0.03444501315418403	0.02319288182014311	0.9423621050256729	0.014573527295739457	0.1278265263781439	0.8575999463261167	0.014573527295739457	0.0	0.9768071181798569	reverted	reverted	reverted	reverted	reverted	0.9567320714430232	0.0	0.0	0.0	0.0	0.0	0.02319288182014311
ACGATATTCAATTCGG-E15S	Tumor	E15S	1	79823.0	1.0903035739617726	0.48208760762087827	0.15801817353320083	0.11597827233820443	0.06229377973198015	0.008179874158000948	0.9295263461100189	0.10185005923243567	0.48994387429425856	0.4082060664733057	0.10185005923243567	0.9295263461100189	0.0	partial	partial	partial	partial	persistent	0.22022285565478583	0.0	0.0	0.0	0.06229377973198015	0.008179874158000948	0.0
CGTCCGTTCTAGCTTC-E15S	Tumor	E15S	1	81349.0	0.729237251289068	0.6483679839356093	-0.05092875015024853	0.13977648086297126	0.03816983190211755	0.012596933598200676	0.9492332344996819	0.04505794456375814	0.292064273472639	0.6628777819636028	0.04505794456375814	0.9492332344996819	0.0	reverted	partial	reverted	partial	persistent	0.17418616227312206	0.0	0.0	0.0	0.03816983190211755	0.012596933598200676	0.0
TCCATCACATGATATG-E15S	Tumor	E15S	1	75776.0	0.9834775946127607	0.5325931098532788	-0.10853560575970522	0.15254834961540129	0.035588140344736244	0.015005972530726054	0.9494058871245377	0.08078562170259872	0.42796462596042034	0.49124975233698087	0.08078562170259872	0.9494058871245377	0.0	reverted	partial	reverted	partial	persistent	0.007957239067142704	0.0	0.0	0.0	0.035588140344736244	0.015005972530726054	0.0
TGCGAGGGTCAGGACG-E15S	Tumor	E15S	1	76188.0	1.5903797008702434	0.265339105505052	0.32219151502159527	0.09512671408490121	0.11556373329343782	0.007185053533444127	0.8772512131731179	0.23857899856304374	0.6665842057240169	0.09483679571293921	0.23857899856304374	0.0	0.0	partial	persistent	partial	persistent	persistent	0.02174628210267904	0.877251213173118	0.11556373329343783	0.007185053533444128	0.0	0.0	0.0
GGTTGGGGTGCACGAG-E15S	Tumor	E15S	1	74317.0	1.6012235960600962	0.26135659744569417	0.2574455969351791	0.10209636459031314	0.08836095476416055	0.007386395098329692	0.9042526501375097	0.24199973908742334	0.6671033551548442	0.09089690575773253	0.24199973908742334	0.0	0.0	partial	persistent	partial	persistent	persistent	0.0071994426320655495	0.9042526501375098	0.08836095476416056	0.007386395098329693	0.0	0.0	0.0
TGTCACTTCCTTAGCT-E15S	Tumor	E15S	1	79405.0	-0.20230954667430825	0.9149346526185206	-0.25856229232069083	0.21594746555055755	0.03406557296595345	0.02540912221846368	0.9405253048155828	0.008926892775431683	0.08677231796320292	0.9043007892613655	0.008926892775431683	0.0	0.9745908777815363	reverted	reverted	reverted	reverted	reverted	0.9719106571506696	0.0	0.0	0.0	0.0	0.0	0.02540912221846368
GCATTTAGTGAAGGCT-E15S	Tumor	E15S	1	78389.0	0.8067398030787466	0.6142349678272903	-0.054188937784540675	0.14548057089874733	0.03831030393991903	0.01280858480032684	0.948881111259754	0.053930144909853296	0.3300836883203466	0.6159861667698001	0.053930144909853296	0.9488811112597542	0.0	reverted	partial	reverted	partial	partial	0.5149790274719231	0.0	0.0	0.0	0.038310303939919035	0.012808584800326843	0.0
GGTTAAGGTTCACCAG-E15S	Tumor	E15S	1	77374.0	2.384531781910015	0.07434047100032301	0.06868603558083398	0.10460638168330916	0.047298595839628255	0.009204539679258227	0.9434968644811136	0.5356423973148748	0.4627504772225109	0.00160712546261429	0.5356423973148748	0.0	0.0	persistent	persistent	persistent	persistent	persistent	0.00045832479529104474	0.9434968644811136	0.047298595839628255	0.009204539679258227	0.0	0.0	0.0
AAACTCCGTCAGGCAG-E15S	Tumor	E15S	1	75670.0	-0.3380730403391994	0.9329212708376899	0.05864607374765021	0.17605297902846515	0.05090061513476103	0.010524280474644638	0.9385751043905942	0.008070335678638449	0.07964940595545687	0.9122802583659048	0.008070335678638449	0.0	0.9894757195253554	reverted	reverted	reverted	reverted	reverted	0.9125018370648743	0.0	0.0	0.0	0.0	0.0	0.01052428047464464
ACATGGTCATCCCGTG-E15S	Tumor	E15S	1	75541.0	0.04701786986132311	0.8702779083126413	-0.23562979595638198	0.22560051194683087	0.035308150094866535	0.02374996846273339	0.9409418814424002	0.011889725615200863	0.10916909999701685	0.8789411743877824	0.011889725615200863	0.0	0.9762500315372665	reverted	reverted	reverted	reverted	partial	0.6486926959652128	0.0	0.0	0.0	0.0	0.0	0.023749968462733383
TATAGTCAGTGGCTGT-E15S	Tumor	E15S	1	78272.0	1.0294087448314246	0.5108990041218948	0.1460422840962215	0.1172541980224418	0.060026536336969125	0.008316793942515785	0.9316566697205152	0.08939318729777895	0.454710607007158	0.4558962056950632	0.08939318729777895	0.9316566697205152	0.0	reverted	partial	reverted	partial	persistent	0.036177260031605867	0.0	0.0	0.0	0.060026536336969125	0.008316793942515785	0.0
TGGCCTGAGGGTATCC-E15S	Tumor	E15S	1	80027.0	1.7776625422227494	0.20214279896273685	0.34662580004715526	0.09107717311648728	0.12889812350226068	0.007153661917429328	0.8639482145803099	0.29974583442704117	0.6571949312973597	0.04305923427559907	0.29974583442704117	0.0	0.0	partial	persistent	partial	persistent	persistent	0.00216161617204232	0.86394821458031	0.1288981235022607	0.007153661917429329	0.0	0.0	0.0
CGCTGTTCAACTATGA-E15S	Tumor	E15S	1	78506.0	0.6032731873890286	0.7006389455812647	0.02758211132642792	0.14007537249891946	0.04478559101702372	0.010506705700299178	0.9447077032826771	0.033789158472395275	0.23856723048923825	0.7276436110383666	0.033789158472395275	0.0	0.9894932942997008	reverted	reverted	reverted	reverted	persistent	0.1289688847249967	0.0	0.0	0.0	0.0	0.0	0.010506705700299178
ACAGCAAGTGGGTTGG-E15S	Tumor	E15S	1	76910.0	0.45841949376023894	0.7548358598780698	-0.2702910035020134	0.19971071427719975	0.03288901108820286	0.026268098733511724	0.9408428901782853	0.02465514466876128	0.18979341495120527	0.7855514403800335	0.02465514466876128	0.0	0.9737319012664882	reverted	reverted	reverted	reverted	partial	0.5184937184654532	0.0	0.0	0.0	0.0	0.0	0.026268098733511727
ATGGTAAAGGATACCC-E15S	Tumor	E15S	1	74463.0	0.1535941679766326	0.84575051021036	0.07522030093240324	0.15311804812069107	0.05121177880549477	0.009804952236076397	0.9389832689584288	0.013960285187668701	0.12366826265190906	0.8623714521604222	0.013960285187668701	0.0	0.9901950477639236	reverted	reverted	reverted	reverted	memory	0.8789484394348633	0.0	0.0	0.0	0.0	0.0	0.009804952236076398
GCACTAGCACCATCAC-E15S	Tumor	E15S	1	73583.0	1.161128055869841	0.4487402859146602	0.2557703671419471	0.10511158395817737	0.08782471994012324	0.007413685147296728	0.9047615949125799	0.11777949025820178	0.529456117544793	0.35276439219700517	0.11777949025820178	0.90476159491258	0.0	partial	partial	partial	partial	persistent	0.027740838885048476	0.0	0.0	0.0	0.08782471994012325	0.007413685147296729	0.0
CATATCTCATAGACAC-E15S	Tumor	E15S	1	74402.0	0.9942137887498047	0.5275302099996769	0.2496780346512028	0.10608232607622323	0.08578834511644656	0.00744690584095379	0.9067647490425997	0.08273633167362411	0.4342058815991278	0.483057786727248	0.08273633167362411	0.9067647490425997	0.0	reverted	partial	reverted	partial	partial	0.36225168505912586	0.0	0.0	0.0	0.08578834511644656	0.00744690584095379	0.0
TCGATAGTCACACATG-E15S	Tumor	E15S	1	75961.0	-0.07012687003238388	0.8933276075180379	0.10635407372483807	0.15399019152359641	0.0556400502670573	0.009322870245703429	0.9350370794872391	0.010227094136053914	0.0969046080814903	0.8928682977824558	0.010227094136053914	0.0	0.9906771297542966	reverted	reverted	reverted	reverted	reverted	0.8317246000828656	0.0	0.0	0.0	0.0	0.0	0.00932287024570343
AACCTTGAGTTGGTTG-E15S	Tumor	E15S	1	79964.0	0.37208495502453304	0.783811319742662	-0.08146851287032644	0.16313157369780235	0.03774948496404454	0.014119161421569767	0.9481313536143856	0.02067953281356684	0.16659675417554645	0.8127237130108866	0.02067953281356684	0.0	0.9858808385784302	reverted	reverted	reverted	reverted	partial	0.36135024041524116	0.0	0.0	0.0	0.0	0.0	0.014119161421569769
CCTCCTGGTAATGGAT-E15S	Tumor	E15S	1	76553.0	0.5153756624605805	0.7343382147789062	-0.20610657343863373	0.1962080927184723	0.034363021769205526	0.021182527513295385	0.9444544507174991	0.027833749899673785	0.20741601570766632	0.7647502343926599	0.027833749899673785	0.0	0.9788174724867047	reverted	reverted	reverted	reverted	persistent	0.15876525007399744	0.0	0.0	0.0	0.0	0.0	0.021182527513295385
GGGATCAAGCTACAGC-E15S	Tumor	E15S	1	74464.0	0.5536911163078129	0.7199490130017248	-0.14196672474158786	0.17297796524609743	0.03530370573522841	0.01697748942059804	0.9477188048441736	0.030260993623680257	0.22038743422528093	0.7493515721510389	0.030260993623680257	0.0	0.983022510579402	reverted	reverted	reverted	reverted	partial	0.5464207596185265	0.0	0.0	0.0	0.0	0.0	0.01697748942059804
GTCATAGTCTGGCACG-E15S	Tumor	E15S	1	72498.0	0.5229939565840787	0.7315150827747302	0.26149593239992697	0.11478021908034056	0.0899384771355362	0.007458910394044245	0.9026026124704195	0.02829686935266154	0.2099219965328935	0.7617811341144451	0.02829686935266154	0.0	0.9925410896059558	reverted	reverted	reverted	reverted	persistent	0.07851843667144837	0.0	0.0	0.0	0.0	0.0	0.007458910394044246
CTGGTTGGTCCATTAA-E15S	Tumor	E15S	1	74853.0	1.2401389378549135	0.41208775567865413	0.23521640159202284	0.10837662447419195	0.08123946908528937	0.007534476148112938	0.9112260547665976	0.13722677034590663	0.5699253645448628	0.2928478651092305	0.13722677034590663	0.9112260547665977	0.0	partial	partial	partial	partial	persistent	0.11260131901822845	0.0	0.0	0.0	0.08123946908528938	0.007534476148112939	0.0
ATCGAGGAGTAAGCCC-E15S	Tumor	E15S	1	80215.0	1.669431706474469	0.23720621872475248	0.2008035586814834	0.10340813892680357	0.07145107657544407	0.007701450075142042	0.920847473349414	0.26384718052306627	0.6672059334501005	0.06894688602683315	0.26384718052306627	0.0	0.0	partial	persistent	partial	persistent	persistent	0.030509381600118898	0.920847473349414	0.07145107657544407	0.007701450075142042	0.0	0.0	0.0
AACCAGGAGGAACTAA-E15S	Tumor	E15S	1	77896.0	-0.10372766178903933	0.8992394460379326	-0.5738008315506459	0.341537922879015	0.03560935889436676	0.06401833169287123	0.900372309412762	0.009845418458394737	0.09398970098625056	0.8961648805553548	0.009845418458394737	0.0	0.9359816683071288	reverted	reverted	reverted	reverted	reverted	0.9825095012774158	0.0	0.0	0.0	0.0	0.0	0.06401833169287123
GCTTATAGTTGACGCC-E15S	Tumor	E15S	1	77170.0	0.12886574074681875	0.8517594334081123	-0.041712204040847245	0.1643346216933902	0.04046533652547979	0.012777378801598419	0.9467572846729216	0.013423917426921686	0.11998317993317519	0.8665929026399032	0.013423917426921686	0.0	0.9872226211984015	reverted	reverted	reverted	reverted	partial	0.5182452327426896	0.0	0.0	0.0	0.0	0.0	0.01277737880159842
GCAATCTGTCTTGCTC-E15S	Tumor	E15S	1	73274.0	0.8535374711006386	0.5930416966676277	0.20526530811339855	0.11557549515678234	0.073064988923805	0.007779878263292959	0.9191551328129021	0.060104555410965425	0.35472493605802863	0.585170508531006	0.060104555410965425	0.9191551328129021	0.0	reverted	partial	reverted	partial	persistent	0.028019857183950465	0.0	0.0	0.0	0.073064988923805	0.007779878263292959	0.0
GTGACGTTCGTTCCGC-E15S	Tumor	E15S	1	72101.0	0.19885267183724864	0.8342388461994017	0.29616161502476623	0.11682878668513602	0.10313832281809981	0.007349154137335897	0.8895125230445642	0.015041986345636279	0.13096553771063074	0.8539924759437328	0.015041986345636279	0.0	0.992650845862664	reverted	reverted	reverted	reverted	reverted	0.7706702874035014	0.0	0.0	0.0	0.0	0.0	0.007349154137335898
TCCAACCCATTACCAT-E15S	Tumor	E15S	1	77037.0	0.5474552016596994	0.7223230814370354	-0.6637635229663184	0.29068250176071053	0.03396996415935344	0.09915811122811506	0.8668719246125315	0.029848953014484446	0.2182132732645317	0.7519377737209838	0.029848953014484446	0.0	0.900841888771885	reverted	reverted	reverted	reverted	partial	0.5181492211597388	0.0	0.0	0.0	0.0	0.0	0.09915811122811506
ATCCACTTCCCCTGAC-E15S	Tumor	E15S	1	71702.0	0.11956431987755237	0.8539690955196736	0.43359604691001297	0.10595005235479929	0.1891060558962821	0.007223860723669313	0.8036700833800485	0.013231477112123692	0.11864957743833963	0.8681189454495367	0.013231477112123692	0.0	0.9927761392763307	reverted	reverted	reverted	reverted	reverted	0.9100098006613295	0.0	0.0	0.0	0.0	0.0	0.007223860723669314
GGCCTAACAGGAGCAG-E15S	Tumor	E15S	1	76385.0	0.29266249325570365	0.8082029739286205	-0.26888454866069156	0.20742692419042386	0.03333482181016851	0.026208186106072708	0.9404569920837587	0.01776220512050664	0.14861546686973104	0.8336223280097623	0.01776220512050664	0.0	0.9737918138939273	reverted	reverted	reverted	reverted	persistent	0.26868222823818744	0.0	0.0	0.0	0.0	0.0	0.02620818610607271
ACGGGTTTCGTGCGAT-E15S	Tumor	E15S	1	73050.0	-0.2867741313916246	0.9265822571517848	-0.08814529030892995	0.2097478572911494	0.04080441841218153	0.015408870098173022	0.9437867114896454	0.008344706973077473	0.08199240485406148	0.909662888172861	0.008344706973077473	0.0	0.984591129901827	reverted	reverted	reverted	reverted	reverted	0.9767144879562374	0.0	0.0	0.0	0.0	0.0	0.015408870098173022
AGACAGACAATATACG-E15S	Tumor	E15S	1	75154.0	0.9755489926348753	0.5363277795128911	-0.14059285686414255	0.15373189646803365	0.034195197549215225	0.016537250504772578	0.9492675519460122	0.07936904920733527	0.4233644860132412	0.4972664647794235	0.07936904920733527	0.9492675519460122	0.0	reverted	partial	reverted	partial	persistent	0.18837928740515691	0.0	0.0	0.0	0.034195197549215225	0.016537250504772578	0.0
CAACCCAGTATTAGCC-E15S	Tumor	E15S	1	76126.0	1.037486266760442	0.5070772639121387	-0.10971305393338199	0.14857873569369998	0.035290487290747935	0.014981944798401873	0.9497275679108501	0.09097748796005796	0.4594143346261834	0.44960817741375864	0.09097748796005796	0.9497275679108502	0.0	partial	partial	reverted	partial	partial	0.5602674074644931	0.0	0.0	0.0	0.03529048729074794	0.014981944798401875	0.0
ACGCGATTCCCCAGTC-E15S	Tumor	E15S	1	73821.0	0.1367024698489969	0.8498763535398149	0.27070714656387673	0.12738018580504215	0.09333454656478275	0.0075166143999344445	0.8991488390352828	0.013589945674237096	0.12112882385080337	0.8652812304749596	0.013589945674237096	0.0	0.9924833856000655	reverted	reverted	reverted	reverted	reverted	0.9447658955319427	0.0	0.0	0.0	0.0	0.0	0.0075166143999344445
AACGATTTCCGCCACT-E15S	Tumor	E15S	1	73963.0	0.04320169336451913	0.8710913449409589	-0.6144894801976944	0.3488838638771145	0.035508885608520994	0.07135804157823789	0.8931330728132411	0.011826395485319455	0.10871319218246091	0.8794604123322197	0.011826395485319455	0.0	0.9286419584217621	reverted	reverted	reverted	reverted	partial	0.5469086052367852	0.0	0.0	0.0	0.0	0.0	0.0713580415782379
AGCCCATAGGCGATGA-E15S	Tumor	E15S	1	79045.0	-0.676563331531276	0.9635002522556843	-0.6854698816958928	0.40984245892113697	0.0373872732694407	0.07602912381212203	0.8865836029184372	0.0074831362475466226	0.07307444222112913	0.9194424215313242	0.0074831362475466226	0.0	0.923970876187878	reverted	reverted	reverted	reverted	reverted	0.9810388323810995	0.0	0.0	0.0	0.0	0.0	0.07602912381212204
TGCTAACGTGGGTCTC-E15S	Tumor	E15S	1	78056.0	-0.3373337876077413	0.932833637089523	-0.5108319772389432	0.2976565874152979	0.03438527744513518	0.05661271972042735	0.9090020028344373	0.008073896422069468	0.0796803505582192	0.9122457530197112	0.008073896422069468	0.0	0.9433872802795726	reverted	reverted	reverted	reverted	partial	0.36692232069371805	0.0	0.0	0.0	0.0	0.0	0.056612719720427356
CACATATAGGATGTCC-E15S	Tumor	E15S	1	72699.0	0.7994480421555997	0.617500726575719	0.21557289241176064	0.11660413685040649	0.07583472359657381	0.007719754159248506	0.9164455222441779	0.0530252700634479	0.32635230971778983	0.6206224202187623	0.0530252700634479	0.9164455222441776	0.0	reverted	partial	reverted	partial	persistent	0.06223923112485163	0.0	0.0	0.0	0.0758347235965738	0.007719754159248505	0.0
TGTCGCCTCACAGCAC-E15S	Tumor	E15S	1	75161.0	0.1982639106806783	0.8343929225551843	-0.0037053133122403603	0.15355954852676992	0.0427505297400626	0.011487901215969877	0.9457615690439676	0.015027031380166764	0.13086581460413788	0.8541071540156954	0.015027031380166764	0.0	0.9885120987840301	reverted	reverted	reverted	reverted	partial	0.36557968371472543	0.0	0.0	0.0	0.0	0.0	0.011487901215969877
CACCGCAAGCCCGTGA-E15S	Tumor	E15S	1	76133.0	0.5563275899950388	0.7189415620435295	0.09941994319546939	0.12953293540045355	0.05295666037659471	0.009056959166636333	0.937986380456769	0.030437252919556575	0.22131410464963958	0.748248642430804	0.030437252919556575	0.0	0.9909430408333637	reverted	reverted	reverted	reverted	partial	0.3312195372890393	0.0	0.0	0.0	0.0	0.0	0.009056959166636333
AAAGTGATCCTTCGGC-E15S	Tumor	E15S	1	72350.0	0.7480249963638467	0.6402167753759773	0.07166167143561336	0.13284329947964513	0.04935502995564594	0.009541670093504373	0.9411032999508496	0.04706145075793472	0.3009384184875792	0.6520001307544859	0.04706145075793472	0.9411032999508497	0.0	reverted	partial	reverted	partial	partial	0.41352048519356593	0.0	0.0	0.0	0.049355029955645946	0.009541670093504375	0.0
TATCAGGTCGATCATG-E15S	Tumor	E15S	1	77762.0	-0.1706252457002617	0.9101485185850102	-0.16275123758964874	0.21855938688241303	0.037534566676323614	0.019025365604915807	0.9434400677187607	0.009191747405779637	0.08888721802065698	0.9019210345735634	0.009191747405779637	0.0	0.9809746343950843	reverted	reverted	reverted	reverted	reverted	0.9631048750454279	0.0	0.0	0.0	0.0	0.0	0.019025365604915807
CCACGCAAGTGATTCG-E15S	Tumor	E15S	1	74124.0	0.4787002948236482	0.7476612813050287	-0.03830997582385354	0.15277477369219614	0.039908002586569076	0.012443312455291147	0.9476486849581397	0.02573165706265987	0.19584716594535764	0.7784211769919824	0.02573165706265987	0.0	0.9875566875447088	reverted	reverted	reverted	reverted	partial	0.44582576436040905	0.0	0.0	0.0	0.0	0.0	0.012443312455291147
GTAATGAAGTGCCGAT-E15S	Tumor	E15S	1	78821.0	0.07977430889567984	0.8631148215848687	-1.1376718615456263	0.5811701797769949	0.03940499644722646	0.12540497856333122	0.8351900249894423	0.012462096053471705	0.11325387224613946	0.8742840317003888	0.012462096053471705	0.0	0.8745950214366688	reverted	reverted	reverted	reverted	inducing	0.8550312321703276	0.0	0.0	0.0	0.0	0.0	0.12540497856333122
TGCGACCGTTGGACGG-E15S	Tumor	E15S	1	74572.0	-0.1152782933070966	0.901203552078098	0.0009211735050829728	0.18161375535795982	0.045286223042273546	0.011931274902843634	0.9427825020548828	0.009722800159858838	0.0930438130014129	0.8972333868387283	0.009722800159858838	0.0	0.9880687250971564	reverted	reverted	reverted	reverted	memory	0.8931031510282794	0.0	0.0	0.0	0.0	0.0	0.011931274902843634
CGAGTCCGTAAGGTAT-E15S	Tumor	E15S	1	70575.0	0.9592334100529377	0.5439997674656363	0.03462176596702449	0.1377552834928018	0.04536277518135328	0.010318327391121786	0.944318897427525	0.07651811217024806	0.4139303271153376	0.5095515607144143	0.07651811217024806	0.944318897427525	0.0	reverted	partial	reverted	partial	persistent	0.13600325864716314	0.0	0.0	0.0	0.04536277518135328	0.010318327391121786	0.0
TGGCACTAGGATGATA-E15S	Tumor	E15S	1	76539.0	0.3520430296132252	0.7901714524309851	0.08346590947397012	0.14612265055899937	0.05180657339557933	0.00955152889015625	0.9386418977142644	0.01988263238852523	0.16177259094367583	0.8183447766677989	0.01988263238852523	0.0	0.9904484711098438	reverted	reverted	reverted	reverted	partial	0.45944043371269266	0.0	0.0	0.0	0.0	0.0	0.00955152889015625
GCCGTAGTCGCTAATG-E15S	Tumor	E15S	1	77049.0	0.022833375492923243	0.8753597234880865	0.0146355061470642	0.16197878597649046	0.04505543906827219	0.011196145064972986	0.9437484158667547	0.01149964475012269	0.10634783731738046	0.8821525179324967	0.01149964475012269	0.0	0.988803854935027	reverted	reverted	reverted	reverted	reverted	0.9108518216346276	0.0	0.0	0.0	0.0	0.0	0.011196145064972988
TGGTCACAGTGGGTAG-E15S	Tumor	E15S	1	71450.0	-0.2100457385958829	0.9160676176981893	0.021092992896037388	0.18659762432487265	0.04763154320265137	0.011541574480368588	0.94082688231698	0.008866271835787004	0.08628368843167125	0.9048500397325416	0.008866271835787004	0.0	0.9884584255196314	reverted	reverted	reverted	reverted	reverted	0.9887228652629663	0.0	0.0	0.0	0.0	0.0	0.011541574480368588
TCTGGGACATTGGCCT-E15S	Tumor	E15S	1	75084.0	0.03575453295059046	0.8726662289288369	0.16921863824930727	0.14613238209161317	0.06626875801242442	0.008433426632553894	0.9252978153550219	0.011704747881284637	0.10783517318885402	0.8804600789298614	0.011704747881284637	0.0	0.991566573367446	reverted	reverted	reverted	reverted	reverted	0.800242913390842	0.0	0.0	0.0	0.0	0.0	0.008433426632553892
GTAAGCTCATTAGTCT-E15S	Tumor	E15S	1	77784.0	0.9365899820980566	0.5546119983858181	0.04594867036692267	0.12763667888829283	0.045940028438566524	0.009929930201872172	0.9441300413595614	0.07270392934659733	0.4009317734030211	0.5263642972503816	0.07270392934659733	0.9441300413595614	0.0	reverted	partial	reverted	partial	persistent	0.09907605703931979	0.0	0.0	0.0	0.045940028438566524	0.009929930201872172	0.0
CACTATGAGGCGTACT-E15S	Tumor	E15S	1	73214.0	0.5163933707193671	0.7339621782851299	0.1970878053590822	0.12020256723478334	0.0712001902783849	0.007884821081493722	0.9209149886401214	0.027895073600259005	0.20774870769968604	0.7643562187000551	0.027895073600259005	0.0	0.9921151789185063	reverted	reverted	reverted	reverted	partial	0.4607528500399538	0.0	0.0	0.0	0.0	0.0	0.007884821081493722
CTTGCCATCAATTCCC-E15S	Tumor	E15S	1	72550.0	-0.4684277270836108	0.946810354044685	0.19134166161969002	0.16382305031548933	0.07211683573881948	0.008456265690453473	0.919426898570727	0.007607492901176143	0.0753914125039696	0.9170010945948542	0.007607492901176143	0.0	0.9915437343095466	reverted	reverted	reverted	reverted	reverted	0.9774278859709701	0.0	0.0	0.0	0.0	0.0	0.008456265690453475
TGAGTAGGTTCACTAA-E15S	Tumor	E15S	1	75898.0	1.618212091609775	0.2551956006861919	0.15590420761466345	0.10271905854009476	0.06121808299573207	0.008062518164765504	0.9307193988395024	0.24738766481334631	0.6676329898624893	0.0849793453241643	0.24738766481334631	0.0	0.0	partial	persistent	partial	persistent	persistent	0.005042736955502969	0.9307193988395024	0.06121808299573207	0.008062518164765504	0.0	0.0	0.0
ATACGCGCAAGTGAGA-E15S	Tumor	E15S	1	74005.0	-0.10255525683620156	0.8990381599025954	0.10542302330368605	0.16618630448908447	0.05639726106371746	0.009538492835272685	0.9340642461010098	0.009858103842605104	0.0940872847674975	0.8960546113898975	0.009858103842605104	0.0	0.9904615071647274	reverted	reverted	reverted	reverted	reverted	0.7270815521978329	0.0	0.0	0.0	0.0	0.0	0.009538492835272687
AATGCGGAGTGTCCTT-E15S	Tumor	E15S	1	76564.0	1.573868567746828	0.2714768985865076	-0.26012818542730476	0.1583231441348188	0.031108809823937506	0.025009830788364662	0.9438813593876978	0.233398071155686	0.6655180057029807	0.10108392314133327	0.233398071155686	0.0	0.0	partial	persistent	partial	persistent	persistent	0.0891180940305767	0.9438813593876978	0.031108809823937506	0.025009830788364662	0.0	0.0	0.0
GTATCGATCACAGCGT-E15S	Tumor	E15S	1	76492.0	0.6133570783039367	0.696619588243526	-0.16294640297335375	0.1686002080638961	0.034184147904128465	0.01801346858894251	0.9478023835069291	0.03456431198155926	0.24246147389104059	0.7229742141274001	0.03456431198155926	0.9478023835069291	0.0	reverted	partial	reverted	partial	persistent	0.002574847040273138	0.0	0.0	0.0	0.034184147904128465	0.01801346858894251	0.0
ATCGCATGTCTGGTAT-E15S	Tumor	E15S	1	75131.0	0.7519122667167605	0.6385199208770259	0.04410261069203311	0.13360414568015652	0.04611714428838434	0.010058832142064225	0.9438240235695513	0.047487412042254255	0.3028025985722001	0.6497099893855456	0.047487412042254255	0.9438240235695514	0.0	reverted	partial	reverted	partial	persistent	0.09498054340470384	0.0	0.0	0.0	0.04611714428838435	0.010058832142064227	0.0
TCACCAAAGTAGCACC-E15S	Tumor	E15S	1	73802.0	0.5322999062570042	0.7280408966471417	-0.24439055479427166	0.18923326628031023	0.0328997515797101	0.023922340912535273	0.9431779075077545	0.028875483749879107	0.21303204060197348	0.7580924756481475	0.028875483749879107	0.0	0.9760776590874647	reverted	reverted	reverted	reverted	persistent	0.23015230241102524	0.0	0.0	0.0	0.0	0.0	0.023922340912535273
CAGTTATAGCGACTGT-E15S	Tumor	E15S	1	77207.0	0.4813186017547178	0.7467249545915301	0.10768945299675577	0.1343993301314724	0.054510786441112805	0.009007786159371737	0.9364814273995155	0.025874970487615893	0.19664631607661	0.7774787134357741	0.025874970487615893	0.0	0.9909922138406283	reverted	reverted	reverted	reverted	reverted	0.7610658709449625	0.0	0.0	0.0	0.0	0.0	0.009007786159371737
GGCTGAGGTAATGGTG-E15S	Tumor	E15S	1	75526.0	0.8055199401819454	0.6147820331105697	-0.5042635465606019	0.23896121026178485	0.03267012842716428	0.06153821341184165	0.9057916581609939	0.05377771304831473	0.32945733218177875	0.6167649547699067	0.05377771304831473	0.905791658160994	0.0	reverted	partial	reverted	partial	reverted	0.7537152535856746	0.0	0.0	0.0	0.03267012842716429	0.06153821341184166	0.0
ACCACAGCATAGGTTA-E15S	Tumor	E15S	1	69964.0	0.7489302210396881	0.6398219417826371	0.48355797677467294	0.09650801136090205	0.2419124967367717	0.007297072783527969	0.7507904304797002	0.0471602901700487	0.30137167494476275	0.6514680348851887	0.0471602901700487	0.7507904304797003	0.0	reverted	partial	reverted	partial	reverted	0.7496865869820747	0.0	0.0	0.0	0.24191249673677173	0.00729707278352797	0.0
GCCTTCATCGACCCGA-E15S	Tumor	E15S	1	69466.0	0.4328482520709456	0.7636837157128614	0.4696956124731867	0.10346923740132555	0.22428911555826272	0.007267746925424264	0.7684431375163131	0.02337915969514675	0.18249752562195887	0.7941233146828944	0.02337915969514675	0.0	0.9927322530745758	reverted	reverted	reverted	reverted	reverted	0.7976382683224993	0.0	0.0	0.0	0.0	0.0	0.007267746925424264
GTAATCACAGTTGGTG-E15S	Tumor	E15S	1	76456.0	0.27550995693210456	0.8131862336265803	-0.19352348584332416	0.1898782955145661	0.03438590562313576	0.020245176558399493	0.9453689178184649	0.017211153579854577	0.14511431271578354	0.8376745337043618	0.017211153579854577	0.0	0.9797548234416005	reverted	reverted	reverted	reverted	reverted	0.8658309452591827	0.0	0.0	0.0	0.0	0.0	0.02024517655839949
GTGCCATAGGGGCATA-E15S	Tumor	E15S	1	76454.0	0.09584035466997448	0.8594814584803969	-0.1897375770164668	0.19734278329599372	0.03498749666306165	0.020145139222150558	0.9448673641147878	0.012762544314970859	0.11537342244834028	0.8718640332366888	0.012762544314970859	0.0	0.9798548607778494	reverted	reverted	reverted	reverted	partial	0.6631503694389259	0.0	0.0	0.0	0.0	0.0	0.020145139222150558
ACACTCCCATAGAGCT-E15S	Tumor	E15S	1	77434.0	0.3788122812416552	0.7816454157507476	0.20529068631425001	0.12953597649538032	0.07366012204492484	0.00791921893329086	0.9184206590217843	0.020956932474525642	0.16826150066246487	0.8107815668630094	0.020956932474525642	0.0	0.9920807810667092	reverted	reverted	reverted	reverted	reverted	0.7337455224019517	0.0	0.0	0.0	0.0	0.0	0.00791921893329086
ACGGGCAGTTCCAGAT-E15S	Tumor	E15S	1	73235.0	-0.09958846726328878	0.8985272069442094	-0.18729018218424	0.21318647672288135	0.036135739566025234	0.020304947731516965	0.943559312702458	0.009890403932173974	0.0943355306848513	0.8957740653829749	0.009890403932173974	0.0	0.979695052268483	reverted	reverted	reverted	reverted	reverted	0.9786635757487119	0.0	0.0	0.0	0.0	0.0	0.020304947731516962
AGGACCCCATAGGGTT-E15S	Tumor	E15S	1	76626.0	-0.30234805194645015	0.9285629138672131	-0.03470482488293186	0.1944853048776052	0.04330826405436195	0.013211845175991175	0.9434798907696468	0.008255447133056872	0.08123845895940182	0.9105060939075411	0.008255447133056872	0.0	0.9867881548240088	reverted	reverted	reverted	reverted	reverted	0.9909837934018993	0.0	0.0	0.0	0.0	0.0	0.013211845175991176
ACTATCTCAGTTGCTC-E15S	Tumor	E15S	1	80180.0	0.27180068099116206	0.814250664996763	-0.25565397175759763	0.2227319298612691	0.034550669184535254	0.0252523851031934	0.9401969457122713	0.017095355489966563	0.14437401652785856	0.8385306279821749	0.017095355489966563	0.0	0.9747476148968066	reverted	reverted	reverted	reverted	memory	0.8404908460721479	0.0	0.0	0.0	0.0	0.0	0.0252523851031934
GGCGATGGTTAGAGTG-E15S	Tumor	E15S	1	80654.0	-0.11175908267706196	0.9006087728705053	-0.0799527838890281	0.18456425805428264	0.03936232266539627	0.014518037278169646	0.9461196400564339	0.009759708579487242	0.09332903534423523	0.8969112560762775	0.009759708579487242	0.0	0.9854819627218303	reverted	reverted	reverted	reverted	reverted	0.9463833189700077	0.0	0.0	0.0	0.0	0.0	0.014518037278169648
TCCTCAACAATGTAGC-E15S	Tumor	E15S	1	70946.0	0.5913668196574551	0.7053452105445649	0.059303032004392936	0.14399358723603062	0.04857455492891025	0.00993684332706275	0.941488601744027	0.03289968607441349	0.2340554547093622	0.7330448592162242	0.03289968607441349	0.0	0.9900631566729373	reverted	reverted	reverted	reverted	partial	0.44344166754408276	0.0	0.0	0.0	0.0	0.0	0.00993684332706275
CAGTACGCAGGGCATC-E15S	Tumor	E15S	1	69875.0	0.0339243347163672	0.8730507450431539	0.09692909340577442	0.1576398288352347	0.05451359674716819	0.009524921470319442	0.9359614817825123	0.011675240231552702	0.10762173631946298	0.8807030234489842	0.011675240231552702	0.0	0.9904750785296805	reverted	reverted	reverted	reverted	partial	0.6620446102084815	0.0	0.0	0.0	0.0	0.0	0.009524921470319444
CATCCCGCAATGAAGG-E15S	Tumor	E15S	1	74493.0	0.01891541756474142	0.8761667369389133	0.18551986445038307	0.13877915364589485	0.069378960145993	0.008185607253105782	0.9224354326009011	0.011438917048240424	0.10590575003667822	0.8826553329150815	0.011438917048240424	0.0	0.9918143927468942	reverted	reverted	reverted	reverted	reverted	0.7876700827727745	0.0	0.0	0.0	0.0	0.0	0.008185607253105784
CTGTAATAGGGTGAGC-E15S	Tumor	E15S	1	76444.0	1.1842123175252572	0.4379554873864675	-0.5775712729626578	0.2441358865195146	0.03317887081440086	0.0818581135439859	0.8849630156416132	0.1232875378293173	0.5417564562033222	0.3349560059673604	0.1232875378293173	0.8849630156416133	0.0	partial	partial	partial	partial	persistent	0.018911451180987512	0.0	0.0	0.0	0.033178870814400865	0.08185811354398591	0.0
CCTGTCGCAGGATCTG-E15S	Tumor	E15S	1	67848.0	-0.17844201885957847	0.9113513773515215	0.4193275995739796	0.12275330710551596	0.173659182238505	0.007231840273434294	0.8191089774880608	0.009123875083108069	0.08834818108854774	0.9025279438283442	0.009123875083108069	0.0	0.9927681597265657	reverted	reverted	reverted	reverted	reverted	0.9652938275299603	0.0	0.0	0.0	0.0	0.0	0.007231840273434294
ACCCTTTAGGTGGACA-E15S	Tumor	E15S	1	73302.0	0.6467112254355459	0.6831113667404805	-0.07764720658349977	0.15632290628801554	0.037524928326815504	0.013839247399008438	0.948635824274176	0.03727677132469163	0.25582313840149956	0.7069000902738087	0.03727677132469163	0.948635824274176	0.0	reverted	partial	reverted	partial	persistent	0.1425538814416796	0.0	0.0	0.0	0.037524928326815504	0.013839247399008438	0.0
GCCAACTAGCGGATGA-E15S	Tumor	E15S	1	70751.0	0.9814961475600527	0.5335268048037948	0.0915591993210259	0.1366223183998185	0.052279825532365265	0.009276620227115749	0.9384435542405191	0.08042969264003397	0.4268141951089196	0.4927561122510463	0.08042969264003397	0.9384435542405191	0.0	reverted	partial	reverted	partial	persistent	0.20638832113706818	0.0	0.0	0.0	0.052279825532365265	0.009276620227115749	0.0
ATAGTCACACCTTGGT-E15S	Tumor	E15S	1	71300.0	-0.017438922416495153	0.8834428296872724	0.017623377985763022	0.17638905346998243	0.046458082918916656	0.011411238634760143	0.9421306784463231	0.010906495836362808	0.10199475020218605	0.8870987539614512	0.010906495836362808	0.0	0.9885887613652399	reverted	reverted	reverted	reverted	reverted	0.9638087621541557	0.0	0.0	0.0	0.0	0.0	0.011411238634760144
GGTACGGGTATGTGCT-E15S	Tumor	E15S	1	74934.0	0.2645189273904676	0.816326642625007	0.2672810159415113	0.12015640723272011	0.0920372505680676	0.007474852024494125	0.9004878974074383	0.016871426352406543	0.14293785060572659	0.8401907230418667	0.016871426352406543	0.0	0.9925251479755058	reverted	reverted	reverted	reverted	partial	0.3574782090206899	0.0	0.0	0.0	0.0	0.0	0.007474852024494125
ATCACATAGTCGCGTG-E15S	Tumor	E15S	1	73843.0	1.3481908412213983	0.3635705876252382	0.21110337062862092	0.10862811713111026	0.07433923971598089	0.007677674414947476	0.9179830858690716	0.1662522334288245	0.615847289811633	0.21790047675954252	0.1662522334288245	0.9179830858690716	0.0	partial	partial	partial	partial	persistent	0.06864481576171995	0.0	0.0	0.0	0.07433923971598089	0.007677674414947476	0.0
CACGACTAGCAGGGTA-E15S	Tumor	E15S	1	70399.0	0.5754358088331615	0.7115743774040881	0.21173163642027093	0.12424374920547544	0.07510019082029046	0.007818474523932535	0.917081334655777	0.031751994371420254	0.22816376636680635	0.7400842392617735	0.031751994371420254	0.0	0.9921815254760675	reverted	reverted	reverted	reverted	partial	0.3883002179801505	0.0	0.0	0.0	0.0	0.0	0.007818474523932535
CTCGTGAGTCATCATA-E15S	Tumor	E15S	1	73677.0	0.17304943695064567	0.8408841405788471	0.1383613632358043	0.14969710889295076	0.06058305213053308	0.008827173434787018	0.9305897744346798	0.014408793324587364	0.12671507764699344	0.8588761290284194	0.014408793324587364	0.0	0.991172826565213	reverted	reverted	reverted	reverted	memory	0.9687949280940652	0.0	0.0	0.0	0.0	0.0	0.00882717343478702
TCCCTAACATCCTATG-E15S	Tumor	E15S	1	70419.0	-0.058922917890884635	0.8912894322335865	0.6713339365323042	0.0935199295453391	0.5439656973334761	0.007023044924865019	0.4490112577416588	0.010362998536294523	0.09793246131418394	0.8917045401495216	0.010362998536294523	0.0	0.992976955075135	reverted	reverted	reverted	reverted	inducing	0.8427782194128342	0.0	0.0	0.0	0.0	0.0	0.00702304492486502
TGCCATGGTGAGGTAC-E15S	Tumor	E15S	1	76751.0	-0.11407920176425669	0.9010012512856378	0.2046954195399306	0.14656636239790435	0.07431710981295997	0.00811577118817017	0.9175671189988699	0.009735331873149044	0.09314070572600332	0.8971239624008477	0.009735331873149044	0.0	0.9918842288118299	reverted	reverted	reverted	reverted	reverted	0.7866963093166889	0.0	0.0	0.0	0.0	0.0	0.00811577118817017
ACTGAAGGTTGCAGTT-E15S	Tumor	E15S	1	74215.0	0.7532753536627035	0.6379240901524336	-0.03900705498986476	0.14131455929233128	0.03910177506652986	0.012249940011790594	0.9486482849216796	0.0476377171669534	0.30345853873167034	0.6489037441013763	0.0476377171669534	0.9486482849216796	0.0	reverted	partial	reverted	partial	persistent	0.2273824185266728	0.0	0.0	0.0	0.03910177506652986	0.012249940011790594	0.0
ACTATGGTCTATCTCA-E15S	Tumor	E15S	1	72458.0	1.2089204527027375	0.4264768957606858	-0.019697637574350974	0.13482647239964862	0.04015803807085985	0.011574702576980981	0.9482672593521592	0.1293450579974364	0.5545102122087096	0.3161447297938541	0.1293450579974364	0.9482672593521592	0.0	partial	partial	partial	partial	partial	0.33056995726130856	0.0	0.0	0.0	0.04015803807085985	0.011574702576980981	0.0
AACGTTGTCCAGCGAT-E15S	Tumor	E15S	1	69856.0	0.02755250690761077	0.8743817018368936	0.09810125374407516	0.15433806316349805	0.0544429231091442	0.009452478211842127	0.9361045986790135	0.011573688516325566	0.10688579782669959	0.8815405136569749	0.011573688516325566	0.0	0.9905475217881579	reverted	reverted	reverted	reverted	reverted	0.9365191989368584	0.0	0.0	0.0	0.0	0.0	0.00945247821184213
ACGAAATGTCATGCTG-E15S	Tumor	E15S	1	73238.0	-0.01634926313444662	0.8832302424608948	0.3822069719751888	0.1217748761881208	0.14769349443385738	0.007234880879128678	0.845071624687014	0.010921665223850817	0.10210708244191283	0.8869712523342363	0.010921665223850817	0.0	0.9927651191208714	reverted	reverted	reverted	reverted	inducing	0.8708981619535298	0.0	0.0	0.0	0.0	0.0	0.007234880879128678
ATGAGTAAGGTACGTC-E15S	Tumor	E15S	1	72774.0	0.16697432466832	0.8424169399617425	-0.6793652117096846	0.3577222293094703	0.03530336271645025	0.08507038662396718	0.8796262506595826	0.014266148579672577	0.12574938606643957	0.8599844653538877	0.014266148579672577	0.0	0.9149296133760328	reverted	reverted	reverted	reverted	reverted	0.8631628008125565	0.0	0.0	0.0	0.0	0.0	0.08507038662396718
AACCCAGCAACGTTAA-E15S	Tumor	E15S	1	67191.0	0.9014287601952727	0.5709892704368049	0.21635314536553835	0.11451973331573534	0.07597242557884853	0.0076958273291171525	0.9163317470920344	0.06710628595080241	0.3810431969325261	0.5518505171166715	0.06710628595080241	0.9163317470920344	0.0	reverted	partial	reverted	partial	persistent	0.11213110790151697	0.0	0.0	0.0	0.07597242557884853	0.0076958273291171525	0.0
GCGTTTCCATTACGGG-E15S	Tumor	E15S	1	75871.0	-0.41538614723677225	0.9415204686653414	0.23006455406073678	0.143451761373482	0.08086255026825345	0.007891714027768915	0.9112457357039777	0.0077575110691948165	0.07684460191461445	0.9153978870161907	0.0077575110691948165	0.0	0.992108285972231	reverted	reverted	reverted	reverted	memory	0.9810711533511541	0.0	0.0	0.0	0.0	0.0	0.007891714027768913
CGCAGCTGTAAGTAAC-E15S	Tumor	E15S	1	72525.0	0.27640312204893175	0.8129292259587845	0.10481846960480944	0.1472043220760772	0.054930799861110255	0.00923864788784658	0.9358305522510431	0.017239213185809493	0.14529345613855135	0.837467330675639	0.017239213185809493	0.0	0.9907613521121534	reverted	reverted	reverted	reverted	memory	0.8978482734578915	0.0	0.0	0.0	0.0	0.0	0.009238647887846582
TGCCATAAGAAGGTAC-E15S	Tumor	E15S	1	69998.0	0.21645316025558695	0.8295796971145345	0.22726963072919582	0.12463570048806577	0.07938173341264201	0.007720056462257441	0.9128982101251004	0.015500422038166723	0.13400735677762812	0.8504922211842052	0.015500422038166723	0.0	0.9922799435377425	reverted	reverted	reverted	reverted	reverted	0.9005125557889185	0.0	0.0	0.0	0.0	0.0	0.007720056462257442
TCCATCCGTAATGTCC-E15S	Tumor	E15S	1	68440.0	2.5449992522181617	0.0559542465246903	-0.06358774398178857	0.12042689130607831	0.03622888438296133	0.012688396288744713	0.9510827193282939	0.6054805108602597	0.3939549307585702	0.0005645583811701495	0.6054805108602597	0.0	0.0	persistent	persistent	persistent	persistent	persistent	0.0006489431337780404	0.9510827193282939	0.03622888438296133	0.012688396288744713	0.0	0.0	0.0
ATGCCCAGTCAAGTGA-E15S	Tumor	E15S	1	72531.0	0.4396861025765864	0.7613395346949121	0.35428010890871764	0.10977529448679031	0.13194793645123898	0.007210829541907207	0.8608412340068539	0.023711767549994458	0.1844122827550327	0.7918759496949729	0.023711767549994458	0.0	0.9927891704580929	reverted	reverted	reverted	reverted	partial	0.6981262994183521	0.0	0.0	0.0	0.0	0.0	0.007210829541907207
GCCCATAGTAAGCGTA-E15S	Tumor	E15S	1	74705.0	0.6554533176769136	0.6795179528947612	-0.2892572014789486	0.20353225789541354	0.03272184623947384	0.028092770300483096	0.9391853834600431	0.03802684810079064	0.2594478587855092	0.7025252931137003	0.03802684810079064	0.9391853834600431	0.0	reverted	partial	reverted	partial	partial	0.31819818223623675	0.0	0.0	0.0	0.03272184623947384	0.028092770300483096	0.0
CATCTCACATGGAACT-E15S	Tumor	E15S	1	68434.0	0.024128027307213036	0.8750920638093064	-0.2387038800629576	0.22787613573646914	0.03536298369577681	0.024012100279214525	0.9406249160250086	0.011519859890405344	0.10649482485611142	0.8819853152534832	0.011519859890405344	0.0	0.9759878997207855	reverted	reverted	reverted	reverted	reverted	0.91790871078735	0.0	0.0	0.0	0.0	0.0	0.024012100279214525
CCACTAGGTTAGCAGA-E15S	Tumor	E15S	1	73022.0	-0.07318065023968671	0.8938772729348223	-0.07624783384225223	0.1853869298666971	0.03965650947109854	0.014398728153558098	0.9459447623753434	0.010190818912318678	0.09662939147654394	0.8931797896111375	0.010190818912318678	0.0	0.985601271846442	reverted	reverted	reverted	reverted	reverted	0.9510401278210513	0.0	0.0	0.0	0.0	0.0	0.014398728153558098
CTTCGAGGTTGCGACC-E15S	Tumor	E15S	1	74904.0	-0.09861909212774274	0.8983597605369934	-0.002572409670518	0.1724443982434732	0.04424852178687388	0.011830324446285321	0.9439211537668409	0.00990101997103845	0.09441705091872275	0.8956819291102388	0.00990101997103845	0.0	0.9881696755537146	reverted	reverted	reverted	reverted	reverted	0.9745895667528351	0.0	0.0	0.0	0.0	0.0	0.011830324446285317
CTCATGTTCGCGCACA-E15S	Tumor	E15S	1	75511.0	0.08310668114410023	0.8623677562788916	0.13836299264050617	0.15132512813685034	0.06069248753365152	0.008851000225262178	0.9304565122410862	0.012523313848225227	0.11368707778118446	0.8737896083705903	0.012523313848225227	0.0	0.9911489997747378	reverted	reverted	reverted	reverted	reverted	0.7130444438170939	0.0	0.0	0.0	0.0	0.0	0.00885100022526218
ACAAGGCGTAGCGCGA-E15S	Tumor	E15S	1	74044.0	0.018165155271832305	0.8763207617325399	-0.10244878724179812	0.20503614590592817	0.039571892114210444	0.01586972040841299	0.9445583874773766	0.011427364659438204	0.10582156073805324	0.8827510746025085	0.011427364659438204	0.0	0.984130279591587	reverted	reverted	reverted	reverted	reverted	0.8738319755740186	0.0	0.0	0.0	0.0	0.0	0.01586972040841299
GTGACTATCACTATCC-E15S	Tumor	E15S	1	71006.0	1.2339977067685943	0.4149073223161243	0.2776557306502257	0.10400147484252267	0.09578316213362836	0.0073260348746713175	0.8968908029917004	0.1356568416015363	0.5669593990858055	0.29738375931265815	0.1356568416015363	0.8968908029917004	0.0	partial	partial	partial	partial	partial	0.5373206049834989	0.0	0.0	0.0	0.09578316213362836	0.0073260348746713175	0.0
ACCATCAAGCTACAGC-E15S	Tumor	E15S	1	73683.0	0.4677507343197673	0.7515520158816344	0.08674601059123321	0.14105880236274507	0.05190553125297631	0.009419088063138814	0.9386753806838848	0.025143150816918935	0.19254894479273166	0.7823079043903493	0.025143150816918935	0.0	0.9905809119368612	reverted	reverted	reverted	reverted	memory	0.794841106736369	0.0	0.0	0.0	0.0	0.0	0.009419088063138814
GGGTACGGTAACGACA-E15S	Tumor	E15S	1	67859.0	-0.12548509882021175	0.9029107044001554	0.6645744445206591	0.0940189820902933	0.5304221092110927	0.0070659463153611565	0.4625119444735461	0.009617950835652794	0.09223110352914207	0.8981509456352051	0.009617950835652794	0.0	0.9929340536846388	reverted	reverted	reverted	reverted	memory	0.9443752994534483	0.0	0.0	0.0	0.0	0.0	0.007065946315361157
TGCCAGGTCCATCGGG-E15S	Tumor	E15S	1	73537.0	-0.13962600003704198	0.9052323382871394	-0.0406537412804423	0.18027971958832398	0.04172764210450058	0.013079733817374794	0.9451926240781247	0.009477974736600468	0.09114026290690261	0.8993817623564968	0.009477974736600468	0.0	0.9869202661826252	reverted	reverted	reverted	reverted	memory	0.9582399576682484	0.0	0.0	0.0	0.0	0.0	0.013079733817374794
TATGGCGCACATAGTA-E15S	Tumor	E15S	1	65332.0	0.8392661494340233	0.5995455108574478	0.07734799280683174	0.13793589161945274	0.05042927840053822	0.009523717111340826	0.9400470044881208	0.05815322122115221	0.34708824810180605	0.5947585306770418	0.05815322122115221	0.940047004488121	0.0	reverted	partial	reverted	partial	persistent	0.12889395364330833	0.0	0.0	0.0	0.05042927840053823	0.009523717111340828	0.0
CGTTATGAGTGCGGTT-E15S	Tumor	E15S	1	75483.0	0.26902270708179565	0.8150447753936344	0.21538255728897554	0.12515320574327196	0.0761080321341531	0.007802309957122128	0.9160896579087247	0.01700939913238827	0.143823455597961	0.8391671452696507	0.01700939913238827	0.0	0.9921976900428778	reverted	reverted	reverted	reverted	partial	0.6644189142203071	0.0	0.0	0.0	0.0	0.0	0.007802309957122129
CCCAATCCAAGCGCAC-E15S	Tumor	E15S	1	71757.0	0.14277513727809568	0.8484036496294629	0.1916279888645879	0.13287180263153128	0.07048255452186156	0.008063944367251163	0.9214535011108873	0.013721098778342903	0.12203065065619811	0.864248250565459	0.013721098778342903	0.0	0.9919360556327489	reverted	reverted	reverted	reverted	partial	0.594509216455269	0.0	0.0	0.0	0.0	0.0	0.008063944367251163
TGTATCAGTGCGGAAT-E15S	Tumor	E15S	1	73575.0	1.8115570895986437	0.1919912960294266	0.06257492061555611	0.11268032683266324	0.04698615399201205	0.009411386312843528	0.9436024596951442	0.3113256676769683	0.6518042015983889	0.03687013072464287	0.3113256676769683	0.0	0.0	partial	persistent	partial	persistent	persistent	0.0019716357715650395	0.9436024596951444	0.046986153992012065	0.00941138631284353	0.0	0.0	0.0
AGACGGGCAAACTCAA-E15S	Tumor	E15S	1	74927.0	1.0895030369970085	0.482466016097215	-0.566681622116494	0.2371384857927693	0.03305267277561202	0.07980944323379355	0.8871378839905943	0.1016787053821438	0.4894858170246784	0.4088354775931779	0.1016787053821438	0.8871378839905945	0.0	partial	partial	partial	partial	persistent	0.02431484524477148	0.0	0.0	0.0	0.033052672775612024	0.07980944323379356	0.0
GCACGAAAGAAGCCTC-E15S	Tumor	E15S	1	72683.0	-0.3120920683118385	0.9297769355875359	0.09909760362379683	0.17350821044641607	0.056029973334419836	0.009764661827327714	0.9342053648382523	0.008202282095902657	0.08078586750915989	0.9110118503949375	0.008202282095902657	0.0	0.9902353381726723	reverted	reverted	reverted	reverted	reverted	0.9861067788177931	0.0	0.0	0.0	0.0	0.0	0.009764661827327716
ACTGTTAGTATGTACC-E15S	Tumor	E15S	1	73819.0	-0.2619640888375164	0.9233223403366728	0.03613890593501656	0.1686196467500558	0.04775689271581214	0.010840002840910119	0.9414031044432778	0.008498110787755793	0.0832729986238919	0.9082288905883523	0.008498110787755793	0.0	0.98915999715909	reverted	reverted	reverted	reverted	reverted	0.9284745633664357	0.0	0.0	0.0	0.0	0.0	0.010840002840910119
AGGGTCAAGCCGACCA-E15S	Tumor	E15S	1	72715.0	1.0245698364366553	0.5131878686889894	-0.12815204428968743	0.1647632000913868	0.03540233465656715	0.016135790415392034	0.9484618749280407	0.08845417450821097	0.45189116213244174	0.45965466335934735	0.08845417450821097	0.9484618749280408	0.0	reverted	partial	reverted	partial	persistent	0.024795495580787908	0.0	0.0	0.0	0.035402334656567155	0.016135790415392037	0.0
ACAGCAAGTGATTCCG-E15S	Tumor	E15S	1	73009.0	0.2696278624339052	0.8148720098345367	-0.023016923156450514	0.1675074410830204	0.04213544492946883	0.012284965235723887	0.9455795898348073	0.01702806818208827	0.14394310898580798	0.8390288228321038	0.01702806818208827	0.0	0.9877150347642761	reverted	reverted	reverted	reverted	reverted	0.7598164430892184	0.0	0.0	0.0	0.0	0.0	0.012284965235723887
TGCGATTGTGAGCAGT-E15S	Tumor	E15S	1	76994.0	-0.0023022859135919224	0.8804595039692891	-0.030384818299033778	0.17069775902759105	0.04178786685094694	0.012564546978748991	0.9456475861703041	0.011121504904952312	0.1035818915241412	0.8852966035709064	0.011121504904952312	0.0	0.987435453021251	reverted	reverted	reverted	reverted	partial	0.4432856397867984	0.0	0.0	0.0	0.0	0.0	0.012564546978748991
CATCCCGCAGCCAGGT-E15S	Tumor	E15S	1	72606.0	0.5452420224871575	0.7231626735335474	0.13807399413535384	0.12813249520578016	0.0591730774305106	0.008536471371121531	0.9322904511983681	0.02970434339530832	0.2174475901232895	0.7528480664814022	0.02970434339530832	0.0	0.9914635286288784	reverted	reverted	reverted	reverted	persistent	0.022842771280078524	0.0	0.0	0.0	0.0	0.0	0.00853647137112153
CATAGCCAGAATCGAA-E15S	Tumor	E15S	1	74475.0	0.17067659764325596	0.8414842607034707	0.07988128777312609	0.15019081433991507	0.05161325890123731	0.009676880541028233	0.9387098605577344	0.014352794063172079	0.12633633308667902	0.8593108728501488	0.014352794063172079	0.0	0.9903231194589718	reverted	reverted	reverted	reverted	reverted	0.8862491161700208	0.0	0.0	0.0	0.0	0.0	0.009676880541028233
GTGCGGTCATTGACGG-E15S	Tumor	E15S	1	72259.0	1.3806093544188884	0.3494919330716246	-0.5194680044472404	0.21210624112237456	0.03245751564293105	0.06960406924585692	0.897938415111212	0.17541880579260166	0.6270179990468966	0.19756319516050186	0.17541880579260166	0.897938415111212	0.0	partial	partial	partial	partial	persistent	0.023754006191376954	0.0	0.0	0.0	0.03245751564293105	0.06960406924585692	0.0
CGAGTGAAGCAATCGC-E15S	Tumor	E15S	1	72884.0	-0.06616787248774875	0.8926112766645318	-0.20495054170971663	0.21104346194158657	0.035348791488644164	0.021371636043821775	0.9432795724675342	0.010274608673320983	0.09726454064177927	0.8924608506848998	0.010274608673320983	0.0	0.9786283639561781	reverted	reverted	reverted	reverted	reverted	0.8920921287227191	0.0	0.0	0.0	0.0	0.0	0.021371636043821772
CTAATTGGTGCAAGGT-E15S	Tumor	E15S	1	76846.0	1.5965807918370023	0.2630569667854595	-0.44710752595561687	0.19398549623327205	0.031593659532600564	0.05262999154209042	0.915776348925309	0.2405333963529203	0.6668985070294164	0.09256809661766324	0.2405333963529203	0.0	0.0	partial	persistent	partial	persistent	persistent	0.017614255010841413	0.915776348925309	0.031593659532600564	0.05262999154209042	0.0	0.0	0.0
CCGTACCTCAAGTGAA-E15S	Tumor	E15S	1	70483.0	1.186893095411718	0.4367066400767153	-0.18344112891664535	0.16746332541928116	0.033397057646795035	0.019209914888045302	0.9473930274651597	0.12393678552135387	0.5431618271627662	0.33290138731588	0.12393678552135387	0.9473930274651597	0.0	partial	partial	partial	partial	persistent	0.14946240267324715	0.0	0.0	0.0	0.033397057646795035	0.019209914888045302	0.0
GCCACCTTCACAGGAG-E15S	Tumor	E15S	1	67319.0	-0.14694603374974247	0.9064145080456456	-0.4545933812520948	0.3408385229941308	0.03738391284680099	0.04521218268383146	0.9174039044693675	0.009407871731772351	0.09059132175749289	0.9000008065107348	0.009407871731772351	0.0	0.9547878173161686	reverted	reverted	reverted	reverted	reverted	0.9397869927706985	0.0	0.0	0.0	0.0	0.0	0.04521218268383147
AGTTGCATCCCGCAAG-E15S	Tumor	E15S	1	71262.0	1.093374026294092	0.48063641962056747	0.20593453916958054	0.11339919393379179	0.07315249493894034	0.007754931787639332	0.9190925732734205	0.10250913150969938	0.4916989493651964	0.4057919191251042	0.10250913150969938	0.9190925732734203	0.0	partial	partial	partial	partial	persistent	0.29983635303773515	0.0	0.0	0.0	0.07315249493894033	0.00775493178763933	0.0
GTAGGAACAAATGGCT-E15S	Tumor	E15S	1	72413.0	0.9804288482091192	0.5340296393453176	-0.21925915952526168	0.17176407061190815	0.03258709631213772	0.021725778652751163	0.9456871250351112	0.08023850066198848	0.42619473235440414	0.4935667669836072	0.08023850066198848	0.9456871250351112	0.0	reverted	partial	reverted	partial	persistent	0.24054502329471003	0.0	0.0	0.0	0.03258709631213772	0.021725778652751163	0.0
CTCTAATCACAATGAC-E15S	Tumor	E15S	1	75419.0	0.6571137867297941	0.6788329921112347	-0.1771735306725478	0.17421100623079977	0.033999979200479244	0.018945659202405544	0.9470543615971152	0.038171210931342354	0.26014210267242943	0.7016866863962281	0.038171210931342354	0.9470543615971152	0.0	reverted	partial	reverted	partial	persistent	0.21814277423811987	0.0	0.0	0.0	0.033999979200479244	0.018945659202405544	0.0
ATGAAACGTGGCAGCA-E15S	Tumor	E15S	1	71299.0	-0.23073015874070635	0.9190298050149809	-0.04188008267838525	0.18598043353464885	0.04207797988998707	0.01324295451214639	0.9446790655978665	0.008711677840595044	0.08502902935698503	0.90625929280242	0.008711677840595044	0.0	0.9867570454878536	reverted	reverted	reverted	reverted	partial	0.4728073628757669	0.0	0.0	0.0	0.0	0.0	0.01324295451214639
TGCATTTCAAGTAGAG-E15S	Tumor	E15S	1	72741.0	-0.19673637202444488	0.9141098836128797	-0.3045868378427121	0.25251314836683075	0.035157720793958666	0.0297877913590383	0.9350544878470031	0.00897153103302864	0.08713098320916346	0.9038974857578079	0.00897153103302864	0.0	0.9702122086409617	reverted	reverted	reverted	reverted	persistent	0.2857916377612443	0.0	0.0	0.0	0.0	0.0	0.0297877913590383
GGCAATGAGGCGTATC-E15S	Tumor	E15S	1	77170.0	1.1330477202919258	0.4619235095412916	-1.6843993665832486	0.7434935483423686	0.04009898762169204	0.16708869695201564	0.7928123154262922	0.11128474783307432	0.5140671939863092	0.3746480581806165	0.11128474783307432	0.7928123154262924	0.0	partial	partial	partial	partial	persistent	0.01394929882191571	0.0	0.0	0.0	0.04009898762169205	0.16708869695201567	0.0
ACAATCACAAGGGATA-E15S	Tumor	E15S	1	72285.0	-0.10937058585878166	0.9002032820157109	0.30299617490518793	0.12989502357976934	0.10581234368324251	0.007414663890401246	0.8867729924263562	0.009784982370953224	0.09352409317965854	0.8966909244493881	0.009784982370953224	0.0	0.9925853361095988	reverted	reverted	reverted	reverted	memory	0.8817978056353342	0.0	0.0	0.0	0.0	0.0	0.007414663890401246
CTACTCACAAATGCCG-E15S	Tumor	E15S	1	69617.0	-0.0585047535175324	0.8912127035820737	0.4010471768639403	0.11655890649566698	0.1612279734205457	0.0072175512355367195	0.8315544753439176	0.010368157535712073	0.09797137992797782	0.8916604625363101	0.010368157535712073	0.0	0.9927824487644633	reverted	reverted	reverted	reverted	reverted	0.8117382882747867	0.0	0.0	0.0	0.0	0.0	0.0072175512355367195
CAGGGGACAACCTGCT-E15S	Tumor	E15S	1	71718.0	1.7539939357993612	0.20946603962158167	0.186292605772169	0.10441906354919135	0.06792399261676656	0.00781627742660083	0.9242597299566326	0.2917586560396307	0.660357240851924	0.04788410310844532	0.2917586560396307	0.0	0.0	partial	persistent	partial	persistent	persistent	0.00010726077043105952	0.9242597299566326	0.06792399261676656	0.00781627742660083	0.0	0.0	0.0
GGGTACGGTAGGCCAG-E15S	Tumor	E15S	1	71585.0	0.1086663516441574	0.856523223005457	-0.3927182675902887	0.26866926330996777	0.034391030756463284	0.03945607857462243	0.9261528906689142	0.013012227664962312	0.11712255877110887	0.8698652135639288	0.013012227664962312	0.0	0.9605439214253776	reverted	reverted	reverted	reverted	partial	0.6636264931285049	0.0	0.0	0.0	0.0	0.0	0.03945607857462244
TACTGTGAGCATCTCT-E15S	Tumor	E15S	1	69260.0	0.1348531346337045	0.8503224963262465	0.017244630995330107	0.1613981768979324	0.045266124612464015	0.011123736666291633	0.9436101387212443	0.013550440643528065	0.12085663625149246	0.8655929231049796	0.013550440643528065	0.0	0.9888762633337084	reverted	reverted	reverted	reverted	reverted	0.7782733177611294	0.0	0.0	0.0	0.0	0.0	0.011123736666291633
ATTCTCATCGAGTGTC-E15S	Tumor	E15S	1	77068.0	-0.5677381076561574	0.9555212182138878	-0.45231366669300854	0.2923432709505321	0.03475492232510689	0.04701817221967199	0.918226905455221	0.007457988980245765	0.07363239073308615	0.918909620286668	0.007457988980245765	0.0	0.952981827780328	reverted	reverted	reverted	reverted	reverted	0.9832449096776793	0.0	0.0	0.0	0.0	0.0	0.047018172219672
ACGGACAAGGCTCTGG-E15S	Tumor	E15S	1	71700.0	0.1332030651920106	0.8507196444798515	0.018855509372900855	0.16262271159280497	0.0455161964609104	0.011109751662776177	0.9433740518763133	0.013515362505029997	0.12061473644756068	0.8658699010474094	0.013515362505029997	0.0	0.9888902483372238	reverted	reverted	reverted	reverted	reverted	0.9244538468691138	0.0	0.0	0.0	0.0	0.0	0.011109751662776179
ATTCATCCAGGCAACC-E15S	Tumor	E15S	1	73492.0	0.5820045636359777	0.70901543075765	-0.18770812232688924	0.17985510481291464	0.03397389340620784	0.019695792501220527	0.9463303140925715	0.03221942435804856	0.23057300783712356	0.7372075678048279	0.03221942435804856	0.0	0.9803042074987794	reverted	reverted	reverted	reverted	persistent	0.18449070586098756	0.0	0.0	0.0	0.0	0.0	0.01969579250122053
CCCAAATGTTTAGGTC-E15S	Tumor	E15S	1	70856.0	-0.11964934206927946	0.9019378857332708	0.3755627347619539	0.12132305644974196	0.1435545306933729	0.007237162555959541	0.8492083067506676	0.0096775010470452	0.09269313918580059	0.8976293597671542	0.0096775010470452	0.0	0.9927628374440405	reverted	reverted	reverted	reverted	memory	0.9605984329381757	0.0	0.0	0.0	0.0	0.0	0.007237162555959541
CATGATTAGGTGGATG-E15S	Tumor	E15S	1	72379.0	1.1587019216763472	0.44987674320973453	0.24228878969347922	0.10854672647543634	0.08344440535373314	0.007499880877805069	0.9090557137684617	0.11720933307422461	0.5281438873625739	0.35464677956320145	0.11720933307422461	0.9090557137684618	0.0	partial	partial	partial	partial	persistent	0.05909279122014398	0.0	0.0	0.0	0.08344440535373315	0.0074998808778050695	0.0
TGTCGTTTCTCACCAT-E15S	Tumor	E15S	1	76059.0	-0.6035494727938645	0.9583152350582723	-0.4500752847644861	0.2989592998459725	0.035110980265803594	0.046359948918960996	0.9185290708152354	0.007444613795890667	0.07329337383195281	0.9192620123721565	0.007444613795890667	0.0	0.953640051081039	reverted	reverted	reverted	reverted	reverted	0.7663856181788695	0.0	0.0	0.0	0.0	0.0	0.046359948918960996
ACAAGCCTCACCAAGC-E15S	Tumor	E15S	1	68618.0	2.067948073428108	0.12758194109012166	0.19731335123402624	0.10204852465630893	0.0705158117359971	0.007714076423094435	0.9217701118409085	0.40500724673425165	0.5847984139037572	0.0101943393619913	0.40500724673425165	0.0	0.0	partial	persistent	partial	persistent	persistent	0.014571862884867953	0.9217701118409085	0.0705158117359971	0.007714076423094435	0.0	0.0	0.0
ACAACCGCATGAGCCA-E15S	Tumor	E15S	1	70010.0	0.12773429476643344	0.8520296898538229	-0.07547216335438214	0.175998750772522	0.03901455079724754	0.014165181339448623	0.9468202678633039	0.01340024283667928	0.1198194489799222	0.8667803081833986	0.01340024283667928	0.0	0.9858348186605514	reverted	reverted	reverted	reverted	partial	0.3779758856619115	0.0	0.0	0.0	0.0	0.0	0.014165181339448623
GGTGTCCGTCAAGTGA-E15S	Tumor	E15S	1	71151.0	0.4805296897587399	0.747007317099324	0.0008870151606097942	0.15898775435711499	0.04354955607393974	0.01147436323533578	0.9449760806907246	0.02583168303413797	0.19640509985746926	0.7777632171083928	0.02583168303413797	0.0	0.9885256367646643	reverted	reverted	reverted	reverted	partial	0.6462914302466144	0.0	0.0	0.0	0.0	0.0	0.01147436323533578
CCATGCCTCAATGTGT-E15S	Tumor	E15S	1	72577.0	0.6197525565112246	0.6940546818284223	-0.032245395394481347	0.15209463831979278	0.040314879528643544	0.012247946727415457	0.947437173743941	0.03506652929884631	0.2449661837152062	0.7199672869859474	0.03506652929884631	0.947437173743941	0.0	reverted	partial	reverted	partial	partial	0.5467447147151558	0.0	0.0	0.0	0.040314879528643544	0.012247946727415457	0.0
TCACCCTGTCCATAGT-E15S	Tumor	E15S	1	69670.0	0.06532340689837915	0.8663150842840556	-0.3537598189470559	0.26280647863519263	0.03472717162512225	0.034828344198263465	0.9304444841766142	0.012203112943813349	0.11141343116498238	0.8763834558912045	0.012203112943813349	0.0	0.9651716558017366	reverted	reverted	reverted	reverted	reverted	0.8458916205969053	0.0	0.0	0.0	0.0	0.0	0.03482834419826347
TAAGCGGAGTAGTGAA-E15S	Tumor	E15S	1	75332.0	1.3538667887010722	0.3610878978139159	0.0018491557086179333	0.1254920605963485	0.041395578628414	0.010859538956286016	0.9477448824153	0.16784337056726117	0.6178962926272004	0.21426033680553846	0.16784337056726117	0.9477448824153	0.0	partial	partial	partial	partial	persistent	0.0662365872822435	0.0	0.0	0.0	0.041395578628414	0.010859538956286016	0.0
AACCGATCATGGTTAA-E15S	Tumor	E15S	1	68856.0	0.5133259712285174	0.7350945317922293	0.1487753939631288	0.1309518841735159	0.0613141774293353	0.008452034251879244	0.9302337883187853	0.027710746813446624	0.20674790143766963	0.7655413517488838	0.027710746813446624	0.0	0.9915479657481208	reverted	reverted	reverted	reverted	partial	0.3130354990928366	0.0	0.0	0.0	0.0	0.0	0.008452034251879246
ACTGCCTCATTAGTGA-E15S	Tumor	E15S	1	70997.0	0.948317354143036	0.5491213580294694	0.06918971151623464	0.13123873502424857	0.04893678312713117	0.009559802070127995	0.9415034148027407	0.07465873374528667	0.40764831388244066	0.5176929523722726	0.07465873374528667	0.9415034148027408	0.0	reverted	partial	reverted	partial	reverted	0.7613011507571085	0.0	0.0	0.0	0.04893678312713118	0.009559802070127996	0.0
ATGGGCAAGGTGACTC-E15S	Tumor	E15S	1	73468.0	0.6167807006816254	0.6952480533872095	0.10154140316587894	0.13658463831551593	0.05372432029665828	0.009126887216272694	0.9371487924870691	0.03483212577543298	0.24379892060803787	0.7213689536165292	0.03483212577543298	0.9371487924870691	0.0	reverted	partial	reverted	partial	persistent	0.1445269572503308	0.0	0.0	0.0	0.05372432029665828	0.009126887216272694	0.0
GTGTCCCTCAATCTGG-E15S	Tumor	E15S	1	74981.0	1.0619844810107422	0.49548314856140374	-0.11830424885115956	0.1484641734452801	0.03487095416718076	0.015363532626408534	0.9497655132064108	0.09591048973288101	0.4736393261203346	0.4304501841467844	0.09591048973288101	0.9497655132064108	0.0	partial	partial	partial	partial	persistent	0.11321420821993493	0.0	0.0	0.0	0.03487095416718076	0.015363532626408534	0.0
ACTCACTTCACTCTCG-E15S	Tumor	E15S	1	71803.0	0.9245921257951777	0.5602155049702118	0.04740244568826982	0.14049210521792682	0.0469464991798748	0.010105376983886518	0.9429481238362387	0.07074967501759719	0.394100111105995	0.5351502138764079	0.07074967501759719	0.9429481238362387	0.0	reverted	partial	reverted	partial	persistent	0.09939254505043997	0.0	0.0	0.0	0.0469464991798748	0.010105376983886518	0.0
CGAATCATCTCATCCG-E15S	Tumor	E15S	1	63582.0	0.03533317742568356	0.872754841807383	0.5197933501542794	0.10914710017505354	0.27970951795366794	0.007310055931460582	0.7129804261148714	0.01169794103142054	0.10778595338942482	0.8805161055791546	0.01169794103142054	0.0	0.9926899440685394	reverted	reverted	reverted	reverted	inducing	0.8762261763282992	0.0	0.0	0.0	0.0	0.0	0.007310055931460582
AGTCTTGAGGCACAGA-E15S	Tumor	E15S	1	76714.0	0.2419000164542159	0.8226603591896212	-0.3260149223558868	0.2200320083491147	0.03293897587116629	0.031986815052889216	0.9350742090759445	0.01620369853644408	0.13861859211180502	0.8451777093517508	0.01620369853644408	0.0	0.9680131849471107	reverted	reverted	reverted	reverted	reverted	0.7581318529975687	0.0	0.0	0.0	0.0	0.0	0.031986815052889216
GTTCACAAGGCGATGA-E15S	Tumor	E15S	1	72317.0	0.8562641038446884	0.5917953038323369	-0.10142556227393817	0.1563874374348229	0.03619132338318886	0.014777691646053394	0.9490309849707578	0.06048432804757073	0.35619547649594924	0.5833201954564801	0.06048432804757073	0.9490309849707578	0.0	reverted	partial	reverted	partial	persistent	0.05817911771163754	0.0	0.0	0.0	0.03619132338318886	0.014777691646053394	0.0
CTGTATAGTGAGCGTG-E15S	Tumor	E15S	1	75232.0	0.7101156261295337	0.656576161869903	-0.22795875100835297	0.1842981377348877	0.03303643597935487	0.022558876554424245	0.944404687466221	0.043110608338221404	0.28326666596170874	0.6736227257000698	0.043110608338221404	0.944404687466221	0.0	reverted	partial	reverted	partial	persistent	0.1910361482865977	0.0	0.0	0.0	0.03303643597935487	0.022558876554424245	0.0
CAATGGTCATGCGTTC-E15S	Tumor	E15S	1	72807.0	0.6930786060542803	0.6638116773772232	-0.1932502763255521	0.1788699531753513	0.03373363590501839	0.020032049998431445	0.9462343140965503	0.041451071401884844	0.27563016031016857	0.6829187682879466	0.041451071401884844	0.9462343140965501	0.0	reverted	partial	reverted	partial	partial	0.5766612278329117	0.0	0.0	0.0	0.033733635905018385	0.02003204999843144	0.0
AAATGTGAGTGACGAG-E15S	Tumor	E15S	1	72000.0	0.9334211634237647	0.5560933804728783	-0.30740473542568014	0.18309706263606076	0.03151486997185956	0.030000780852460936	0.9384843491756795	0.07218330515610492	0.3991233053692773	0.5286933894746177	0.07218330515610492	0.9384843491756795	0.0	reverted	partial	reverted	partial	persistent	0.0829937979596414	0.0	0.0	0.0	0.03151486997185956	0.030000780852460936	0.0
ATATCAGCAAGGGTCC-E15S	Tumor	E15S	1	65962.0	0.17830359494292977	0.839548745600327	0.4098136912938547	0.11218265407346309	0.16845114390450341	0.0072120049999374715	0.8243368510955591	0.014534103277229137	0.12756090142257173	0.8579049953001991	0.014534103277229137	0.0	0.9927879950000625	reverted	reverted	reverted	reverted	reverted	0.9319411542138556	0.0	0.0	0.0	0.0	0.0	0.0072120049999374715
ACGGATTCACTCAGGA-E15S	Tumor	E15S	1	73491.0	0.09417417009577746	0.859861986117626	0.1256828681759629	0.14426064479766731	0.05803927851020774	0.00890749570743169	0.9330532257823606	0.012730757116983488	0.11514994840390841	0.8721192944791083	0.012730757116983488	0.0	0.9910925042925683	reverted	reverted	reverted	reverted	persistent	0.15228445104255084	0.0	0.0	0.0	0.0	0.0	0.00890749570743169
CTGTTAGAGGATCTGC-E15S	Tumor	E15S	1	72071.0	1.069074382090991	0.49212811104257903	-0.009201008025512575	0.1416243606547411	0.04145927839772024	0.011411838886231132	0.9471288827160487	0.09737380158688057	0.47773858557872345	0.4248876128343961	0.09737380158688057	0.9471288827160487	0.0	partial	partial	partial	partial	partial	0.4164829099958714	0.0	0.0	0.0	0.04145927839772024	0.011411838886231132	0.0
ACCGCTAGTTTACCGG-E15S	Tumor	E15S	1	71056.0	-0.06087211780525212	0.8916464626952568	0.1540596024870214	0.14785281993949267	0.06335578368872326	0.008617721283348296	0.9280264950279283	0.010339033645407137	0.09775158002420836	0.8919093863303845	0.010339033645407137	0.0	0.9913822787166517	reverted	reverted	reverted	reverted	reverted	0.8252690296139773	0.0	0.0	0.0	0.0	0.0	0.008617721283348298
AAGGTTAAGGCGTATC-E15S	Tumor	E15S	1	70182.0	0.7291998016387952	0.6483841475566009	0.02834815019384776	0.14662545091129173	0.04531354308105096	0.010602798160570507	0.9440836587583785	0.045054041208862264	0.29204681108170416	0.6628991477094335	0.045054041208862264	0.9440836587583785	0.0	reverted	partial	reverted	partial	partial	0.3875863697927992	0.0	0.0	0.0	0.04531354308105096	0.010602798160570507	0.0
AGCGATAGTGCAGGCA-E15S	Tumor	E15S	1	72544.0	1.8326937269288706	0.1858601481058767	-0.24279576299922825	0.15678824231242727	0.03133907047794349	0.02343194235075926	0.9452289871712972	0.31863442447710777	0.6479565779062098	0.03340899761668247	0.31863442447710777	0.0	0.0	partial	persistent	partial	persistent	persistent	0.031116319460075592	0.9452289871712972	0.03133907047794349	0.02343194235075926	0.0	0.0	0.0
CAGTCCTCATCCGTGT-E15S	Tumor	E15S	1	69430.0	1.0112467321679128	0.5194867182579604	0.2686893574860991	0.10977221577692266	0.0924442115898149	0.007394423649089372	0.9001613647610958	0.08590787564804189	0.44412612286566977	0.4699660014862883	0.08590787564804189	0.9001613647610958	0.0	reverted	partial	reverted	partial	persistent	0.06799813862681774	0.0	0.0	0.0	0.0924442115898149	0.007394423649089372	0.0
GGTTAGCTCGCTCGCT-E15S	Tumor	E15S	1	72621.0	-0.2293334226235985	0.9188328187932243	-0.26877473513650485	0.23371786069586695	0.03488389912725879	0.026461271971825333	0.9386548289009158	0.008721779832696576	0.08511141122926642	0.906166808938037	0.008721779832696576	0.0	0.9735387280281746	reverted	reverted	reverted	reverted	inducing	0.9531488046282286	0.0	0.0	0.0	0.0	0.0	0.026461271971825337
CAAGTCGCAAACCAGT-E15S	Tumor	E15S	1	69135.0	0.19166646842828872	0.8361116020324183	0.4066649360023762	0.11198769279943548	0.16611507221915792	0.007210382642171835	0.8266745451386702	0.01486109829412455	0.12975720309781327	0.8553816986080623	0.01486109829412455	0.0	0.9927896173578281	reverted	reverted	reverted	reverted	partial	0.5742494843111063	0.0	0.0	0.0	0.0	0.0	0.007210382642171835
GGCATGTTCCATCAAG-E15S	Tumor	E15S	1	65512.0	0.1556074197852678	0.8452526335689715	-0.2129126751982273	0.21183284949937745	0.035132402606759976	0.02191604741245349	0.9429515499807866	0.014005588240648171	0.12397742056291894	0.862016991196433	0.014005588240648171	0.0	0.9780839525875465	reverted	reverted	reverted	reverted	inducing	0.8157433329555461	0.0	0.0	0.0	0.0	0.0	0.02191604741245349
TCGCAGACAAGCGGAG-E15S	Tumor	E15S	1	70075.0	0.011303540781838067	0.8777217928445381	0.10759255918993893	0.15548412137247195	0.05593481794184978	0.009328671836904185	0.9347365102212459	0.011322841445252325	0.10505851711859343	0.8836186414361541	0.011322841445252325	0.0	0.9906713281630958	reverted	reverted	reverted	reverted	reverted	0.9130290042796995	0.0	0.0	0.0	0.0	0.0	0.009328671836904187
AACGCTCAGCGAGGTA-E15S	Tumor	E15S	1	72733.0	1.0084768007816105	0.5207955655317223	-0.003787240616677401	0.13766026360303282	0.041664046945938685	0.011202504404294093	0.9471334486497672	0.08538570609457474	0.44251193735385747	0.47210235655156774	0.08538570609457474	0.9471334486497672	0.0	reverted	partial	reverted	partial	persistent	0.04520253562928898	0.0	0.0	0.0	0.041664046945938685	0.011202504404294093	0.0
ATACCCTTCAGTATCG-E15S	Tumor	E15S	1	72749.0	-0.05501126598701189	0.8905698267346892	0.081189052784571	0.1608951153650955	0.05257194343833059	0.009836077006313892	0.9375919795553554	0.010411504171587656	0.09829809743986774	0.8912903983885444	0.010411504171587656	0.0	0.990163922993686	reverted	reverted	reverted	reverted	partial	0.44085622857032913	0.0	0.0	0.0	0.0	0.0	0.009836077006313892
TCATAACAGGTTCATG-E15S	Tumor	E15S	1	70849.0	0.7629285539821999	0.6336924437549382	0.1141383771072838	0.1270132303343983	0.05505495482293817	0.008818373929865099	0.9361266712471967	0.048716239181591806	0.308137146502529	0.6431466143158792	0.048716239181591806	0.9361266712471967	0.0	reverted	partial	reverted	partial	persistent	0.1393973648866633	0.0	0.0	0.0	0.05505495482293817	0.008818373929865099	0.0
CGGTGAGGTTGTGGAA-E15S	Tumor	E15S	1	68184.0	-0.4041341421795542	0.9403365103338824	0.18179404978334962	0.16482203365970258	0.07007430360369482	0.008563700220708416	0.9213619961755968	0.007795918438820352	0.07720101978588693	0.9150030617752926	0.007795918438820352	0.0	0.9914362997792916	reverted	reverted	reverted	reverted	inducing	0.7835917391773854	0.0	0.0	0.0	0.0	0.0	0.008563700220708416
CGTCCATCAACGGTAT-E15S	Tumor	E15S	1	62840.0	0.6923312332026113	0.6641273592171382	0.23044755929345528	0.12453153551765778	0.08029391803246506	0.007699651704647294	0.9120064302628876	0.041379864184597596	0.27529955606266654	0.683320579752736	0.041379864184597596	0.9120064302628876	0.0	reverted	partial	reverted	partial	reverted	0.7572400515718555	0.0	0.0	0.0	0.08029391803246506	0.007699651704647294	0.0
TGCTACAAGTCATTCC-E15S	Tumor	E15S	1	67944.0	0.5397746934128758	0.7252300305765206	0.23360636127684578	0.11958442867638373	0.08106734027411903	0.007636463582508051	0.911296196143373	0.029350720843029764	0.21556938142440701	0.7550798977325631	0.029350720843029764	0.0	0.992363536417492	reverted	reverted	reverted	reverted	persistent	0.17397072756319748	0.0	0.0	0.0	0.0	0.0	0.007636463582508051
AGGTAATGTTAGACCT-E15S	Tumor	E15S	1	68874.0	0.1288191252284359	0.8517705760081828	0.23116035914186372	0.12997057855372657	0.08068306143762158	0.00774681964482575	0.9115701189175527	0.013422940569447286	0.1199764259247841	0.8666006335057687	0.013422940569447286	0.0	0.9922531803551743	reverted	reverted	reverted	reverted	reverted	0.8785850673110425	0.0	0.0	0.0	0.0	0.0	0.00774681964482575
GTGTTACGTCAGGCTC-E15S	Tumor	E15S	1	70238.0	2.0229749219913677	0.13736276673836986	0.18835811891189946	0.10272141132170474	0.06834596442211273	0.007785239847406499	0.9238687957304809	0.38774753019231684	0.5993013566215984	0.012951113186084653	0.38774753019231684	0.0	0.0	partial	persistent	partial	persistent	persistent	0.015028409701707842	0.9238687957304809	0.06834596442211273	0.007785239847406499	0.0	0.0	0.0
ATGGTGAGTTGTAAGG-E15S	Tumor	E15S	1	71647.0	0.7079311959718372	0.6575080364416412	0.06469925201113845	0.13658812858144312	0.048727307174880885	0.009720177550253105	0.941552515274866	0.042893902695926314	0.2822768502730703	0.6748292470310034	0.042893902695926314	0.941552515274866	0.0	reverted	partial	reverted	partial	partial	0.31846672470010634	0.0	0.0	0.0	0.048727307174880885	0.009720177550253105	0.0
GGGTTGGGTGGCGTTC-E15S	Tumor	E15S	1	72228.0	1.2142998856098404	0.4239878115129313	0.203750621978731	0.10776251055017635	0.07237114115295429	0.007719084969463624	0.919909773877582	0.13068539949601116	0.5572247946392133	0.31208980586477564	0.13068539949601116	0.9199097738775821	0.0	partial	partial	partial	partial	persistent	0.018425287767466148	0.0	0.0	0.0	0.0723711411529543	0.007719084969463625	0.0
TCGGGCATCCTGAGAC-E15S	Tumor	E15S	1	69396.0	-0.09775538385842264	0.898210360254634	-0.19041801073472528	0.22218004143142356	0.036645424007491295	0.020675100031750476	0.9426794759607584	0.009910504728372713	0.09448985473870954	0.8955996405329177	0.009910504728372713	0.0	0.9793248999682495	reverted	reverted	reverted	reverted	reverted	0.9445914019424149	0.0	0.0	0.0	0.0	0.0	0.020675100031750472
CTACTTGCAAGCACCA-E15S	Tumor	E15S	1	68370.0	1.7494371662670376	0.21089810834516498	-0.05288179981149482	0.135693197771124	0.03778785584577103	0.012587346462230713	0.9496247976919984	0.2902300228559776	0.660906746532646	0.04886323061137629	0.2902300228559776	0.0	0.0	partial	persistent	partial	persistent	persistent	0.013785005207726547	0.9496247976919981	0.037787855845771025	0.01258734646223071	0.0	0.0	0.0
TAACGAAAGTGACCGT-E15S	Tumor	E15S	1	69350.0	0.5309805937752196	0.7285351447608757	0.2533997666236415	0.11861040384895177	0.0872567022438659	0.0075248989629633865	0.9052183987931707	0.028792579042060232	0.21258783726190497	0.7586195836960349	0.028792579042060232	0.0	0.9924751010370366	reverted	reverted	reverted	reverted	persistent	0.25384831385863427	0.0	0.0	0.0	0.0	0.0	0.0075248989629633865
TGGAACCTCCGTCCGT-E15S	Tumor	E15S	1	68986.0	0.7743640919760884	0.6286527017891186	-0.00599904165419804	0.1447349686113517	0.0419408292220313	0.011384242602009405	0.9466749281759592	0.050026208233096045	0.3137543487686232	0.6362194429982808	0.050026208233096045	0.9466749281759593	0.0	reverted	partial	reverted	partial	persistent	0.24381931382084543	0.0	0.0	0.0	0.04194082922203131	0.011384242602009407	0.0
GGATTCATCTCATCAC-E15S	Tumor	E15S	1	70081.0	0.5500294966846025	0.7213445269068729	-0.07813773055577947	0.1672090148788733	0.0382285368245585	0.014078090917074276	0.9476933722583673	0.030018227318758393	0.2191078041969147	0.7508739684843269	0.030018227318758393	0.0	0.9859219090829258	reverted	reverted	reverted	reverted	persistent	0.03475621470024657	0.0	0.0	0.0	0.0	0.0	0.014078090917074276
GCCAATATCCGTGCGA-E15S	Tumor	E15S	1	63815.0	0.11259035328281515	0.8556078772283595	0.3179010463118563	0.12175306810488074	0.11255247693651306	0.007321954009840101	0.8801255690536469	0.013090409719314638	0.11766802176454143	0.869241568516144	0.013090409719314638	0.0	0.99267804599016	reverted	reverted	reverted	reverted	reverted	0.828032964961524	0.0	0.0	0.0	0.0	0.0	0.007321954009840101
GCACCTAGTCTTGCAG-E15S	Tumor	E15S	1	71606.0	1.2456172210790188	0.40957741591443786	-0.1850034902909792	0.15905621429776098	0.03288507657578986	0.019166363770891346	0.9479485596533188	0.13863505862689054	0.5725422776647625	0.28882266370834686	0.13863505862689054	0.9479485596533188	0.0	partial	partial	partial	partial	persistent	0.2122965771710196	0.0	0.0	0.0	0.03288507657578986	0.019166363770891346	0.0
TGGATGCTCCGGTAAC-E15S	Tumor	E15S	1	67379.0	-0.5746060078755189	0.9560705465522391	-0.23297113251371407	0.2754186442547124	0.03898261890460218	0.02441421926638914	0.9366031618290087	0.0074537779292727325	0.07355545230836426	0.9189907697623629	0.0074537779292727325	0.0	0.9755857807336109	reverted	reverted	reverted	reverted	inducing	0.9985158240505936	0.0	0.0	0.0	0.0	0.0	0.02441421926638914
GCAAGGATCTGGTGTA-E15S	Tumor	E15S	1	70927.0	0.07629208122377491	0.8638918335628318	0.005546815715043868	0.16626397487361252	0.04451638020836327	0.011499917735508755	0.9439837020561279	0.012398730235284653	0.11280473432321825	0.874796535441497	0.012398730235284653	0.0	0.9885000822644913	reverted	reverted	reverted	reverted	memory	0.8856232744113267	0.0	0.0	0.0	0.0	0.0	0.011499917735508756
CTACTTGCAAGCATTA-E15S	Tumor	E15S	1	70610.0	0.03586217301561372	0.8726435833100887	-1.5240492185541004	0.8343061279205664	0.04828684944761661	0.10819066360807289	0.8435224869443105	0.011706488063838014	0.10784775477535549	0.8804457571608064	0.011706488063838014	0.0	0.8918093363919272	reverted	reverted	reverted	reverted	reverted	0.9325724396117682	0.0	0.0	0.0	0.0	0.0	0.10819066360807289
CGGACAGGTTGTGGTT-E15S	Tumor	E15S	1	67585.0	0.9876459298983339	0.5306281745823561	-0.11301692842070002	0.15642655485210988	0.035603673722634996	0.015277225659157645	0.9491191006182075	0.08153854311657142	0.4303863333057269	0.4880751235777017	0.08153854311657142	0.9491191006182073	0.0	reverted	partial	reverted	partial	partial	0.41845669700341304	0.0	0.0	0.0	0.03560367372263499	0.015277225659157642	0.0
GCCATAGCAAGTGTGT-E15S	Tumor	E15S	1	68073.0	-0.015200195703504562	0.8830057005840777	0.4396922189043657	0.11870828670618785	0.19118914786587282	0.0072348136515605725	0.8015760384825666	0.01093771297794679	0.10222585965030308	0.8868364273717501	0.01093771297794679	0.0	0.9927651863484395	reverted	reverted	reverted	reverted	persistent	0.2337392203118237	0.0	0.0	0.0	0.0	0.0	0.0072348136515605725
TAGCTAGTCCGCGCAA-E15S	Tumor	E15S	1	70045.0	1.7238573371220935	0.21907006399649967	-0.35794694671590455	0.17432364422288602	0.030878589594390105	0.03679833056311356	0.9323230798424963	0.2817020782173548	0.6636229564522019	0.05467496533044337	0.2817020782173548	0.0	0.0	partial	persistent	partial	persistent	persistent	0.029905849695323554	0.9323230798424964	0.030878589594390108	0.03679833056311357	0.0	0.0	0.0
TGGTTAGTCCTGATTC-E15S	Tumor	E15S	1	66775.0	0.7727078357400007	0.6293843942102609	0.38254061927193883	0.10351056655689576	0.15020882427852061	0.007186167461298158	0.8426050082601811	0.04983428800492282	0.31293581668511583	0.6372298953099613	0.04983428800492282	0.8426050082601813	0.0	reverted	partial	reverted	partial	persistent	0.26215428276193736	0.0	0.0	0.0	0.15020882427852064	0.007186167461298159	0.0
ATGGTTACAAGCCTAG-E15S	Tumor	E15S	1	68194.0	0.26408413533261266	0.8164500281280818	0.16470762255949312	0.14057011333821545	0.06501128408804283	0.008406647796965164	0.9265820681149919	0.016858196513570272	0.1428528104004525	0.8402889930859772	0.016858196513570272	0.0	0.9915933522030348	reverted	reverted	reverted	reverted	persistent	0.10340107541377908	0.0	0.0	0.0	0.0	0.0	0.008406647796965165
TGGGATTCAAAGGGAC-E15S	Tumor	E15S	1	68821.0	0.7767883327077274	0.6275806691018565	-1.0575914911259963	0.4487529518385566	0.035003121399910665	0.1748450195376253	0.790151859062464	0.05030846751886266	0.3149554349351516	0.6347360975459857	0.05030846751886266	0.790151859062464	0.0	reverted	partial	reverted	partial	partial	0.45979987775200853	0.0	0.0	0.0	0.035003121399910665	0.1748450195376253	0.0
CCACCTATCGTTAGAT-E15S	Tumor	E15S	1	73022.0	0.7125430252886376	0.6555392208089184	-0.24483531086181928	0.1876017118515315	0.03280202582352186	0.023939339801026336	0.9432586343754517	0.04335278823241948	0.2843702501598639	0.6722769616077165	0.04335278823241948	0.9432586343754518	0.0	reverted	partial	reverted	partial	persistent	0.07052335279129639	0.0	0.0	0.0	0.03280202582352187	0.02393933980102634	0.0
GTTAACTAGCGAGACA-E15S	Tumor	E15S	1	66862.0	0.1944277260508228	0.8353940265045994	0.26686167376408976	0.13363767610633506	0.09206668139599841	0.007586012604357018	0.9003473059996445	0.014930180549167081	0.1302192236717467	0.8548505957790862	0.014930180549167081	0.0	0.992413987395643	reverted	reverted	reverted	reverted	reverted	0.8785027342980968	0.0	0.0	0.0	0.0	0.0	0.007586012604357019
TGTAGGTCAACTACCC-E15S	Tumor	E15S	1	71846.0	1.3945891240103818	0.34349921842597364	0.045738149777403134	0.12004233947134023	0.04544956035486469	0.009821286440115259	0.94472915320502	0.17942847609141865	0.6314300561066765	0.18914146780190488	0.17942847609141865	0.94472915320502	0.0	partial	partial	partial	partial	persistent	0.020919407711635158	0.0	0.0	0.0	0.04544956035486469	0.009821286440115259	0.0
GGTTAGGAGCATGACC-E15S	Tumor	E15S	1	65337.0	2.03640335133513	0.13437807592359133	0.20998672106210153	0.10440495778253829	0.07389161940795183	0.007648931843822393	0.9184594487482257	0.39286328734461506	0.5950715750692239	0.012065137586160972	0.39286328734461506	0.0	0.0	partial	persistent	partial	persistent	persistent	0.008488081409258741	0.9184594487482257	0.07389161940795183	0.007648931843822393	0.0	0.0	0.0
TACGAGGAGTCAAGCC-E15S	Tumor	E15S	1	71667.0	1.046945012026189	0.5026010024827572	-0.2808198375523495	0.18391509883461646	0.0319147480768672	0.027167608199906046	0.9409176437232266	0.09285936272877032	0.46491556776505955	0.44222506950617013	0.09285936272877032	0.9409176437232267	0.0	partial	partial	partial	partial	persistent	0.02601754503527867	0.0	0.0	0.0	0.03191474807686721	0.02716760819990605	0.0
CGATAACCAAATGCCG-E15S	Tumor	E15S	1	68756.0	1.0432737374353083	0.5043384872825101	0.15258409567707706	0.12858903497335009	0.06190666688125784	0.008381760157932005	0.9297115729608101	0.09212553130744446	0.46278141425594627	0.4450930544366092	0.09212553130744446	0.9297115729608102	0.0	partial	partial	reverted	partial	persistent	0.12640606319479675	0.0	0.0	0.0	0.061906666881257844	0.008381760157932006	0.0
GTATAGAAGGAGGTAT-E15S	Tumor	E15S	1	70831.0	1.0732584484911265	0.49014846723812433	-0.20311275158307565	0.16521318266497295	0.032675824095138604	0.020468045218677403	0.946856130686184	0.09824482706128904	0.48015288515062493	0.42160228778808595	0.09824482706128904	0.946856130686184	0.0	partial	partial	partial	partial	persistent	0.013031865888437662	0.0	0.0	0.0	0.032675824095138604	0.020468045218677403	0.0
CTGGAAAGTCAGGAAC-E15S	Tumor	E15S	1	67887.0	-0.10757373785467042	0.8998972654749343	0.12566985208145248	0.15738600692343133	0.05893881488585596	0.009105809723456619	0.9319553753906873	0.009804115717563306	0.09367162433868619	0.8965242599437505	0.009804115717563306	0.0	0.9908941902765434	reverted	reverted	reverted	reverted	memory	0.7364688769147041	0.0	0.0	0.0	0.0	0.0	0.00910580972345662
CAATTGGTCATGCCTT-E15S	Tumor	E15S	1	67908.0	0.3187271800819834	0.8004375284689855	-0.06147162506404172	0.1732795575362655	0.0397258383717577	0.013610124901169605	0.9466640367270727	0.018650719976353546	0.15418771237929402	0.8271615676443523	0.018650719976353546	0.0	0.9863898750988304	reverted	reverted	reverted	reverted	reverted	0.7495366804354169	0.0	0.0	0.0	0.0	0.0	0.013610124901169605
CGAGGATGTCAATGGA-E15S	Tumor	E15S	1	69501.0	1.788321155672878	0.19890796062981542	-0.1283267055376914	0.1341219013387451	0.0336287755087008	0.015579559178891082	0.9507916653124081	0.3033689922750837	0.6556065550536555	0.041024452671260904	0.3033689922750837	0.0	0.0	partial	persistent	partial	persistent	persistent	0.01956946589236587	0.9507916653124081	0.0336287755087008	0.015579559178891082	0.0	0.0	0.0
CTGCTCGCATTACCCA-E15S	Tumor	E15S	1	67280.0	-0.08365806361688269	0.8957442196131309	0.10466764607165892	0.16858615577771177	0.056466853631975726	0.00959123675044108	0.9339419096175833	0.01006880966193975	0.09570097211795323	0.8942302182201071	0.01006880966193975	0.0	0.990408763249559	reverted	reverted	reverted	reverted	reverted	0.9295539241093338	0.0	0.0	0.0	0.0	0.0	0.00959123675044108
GGGAATTAGGTACGTC-E15S	Tumor	E15S	1	68878.0	2.287952467245653	0.08794315624332676	-0.24174584667052332	0.14265149035785962	0.03075904027264678	0.023207877018776434	0.9460330827085768	0.49434630375452576	0.5027434650393982	0.002910231206076119	0.49434630375452576	0.0	0.0	partial	persistent	partial	persistent	persistent	0.004118086676873735	0.9460330827085768	0.03075904027264678	0.023207877018776434	0.0	0.0	0.0
GTGTGAGAGGTATATC-E15S	Tumor	E15S	1	67588.0	-0.02733678333544333	0.885358507240503	0.4066460680491045	0.12177623095335464	0.16437304248135778	0.00722895247062348	0.8283980050480187	0.010770854084684669	0.10098783913385088	0.8882413067814645	0.010770854084684669	0.0	0.9927710475293765	reverted	reverted	reverted	reverted	memory	0.7625989910552953	0.0	0.0	0.0	0.0	0.0	0.00722895247062348
ACCAAACCAACATAGC-E15S	Tumor	E15S	1	63633.0	0.05647950056773097	0.8682422646342314	0.09527421745685843	0.15560404978985748	0.054127277388618736	0.009517022021254403	0.936355700590127	0.012049699746170204	0.11031716773397925	0.8776331325198506	0.012049699746170204	0.0	0.9904829779787455	reverted	reverted	reverted	reverted	reverted	0.9240503059021482	0.0	0.0	0.0	0.0	0.0	0.009517022021254401
TGGCTAATCCATAGGC-E15S	Tumor	E15S	1	64884.0	-0.026034221055158072	0.8851079784406144	0.2720204378388644	0.13213524321736156	0.09385305747179053	0.007549606790928374	0.8985973357372812	0.010788485159505153	0.10111897240396858	0.8880925424365264	0.010788485159505153	0.0	0.9924503932090717	reverted	reverted	reverted	reverted	partial	0.5748306779182235	0.0	0.0	0.0	0.0	0.0	0.007549606790928374
CCTATAGAGCCACATA-E15S	Tumor	E15S	1	65468.0	-0.07269525408031044	0.893790071162896	0.008282448665900957	0.18549997148984135	0.046287438500659306	0.011827863009287455	0.9418846984900533	0.010196563103666583	0.0966729967489038	0.8931304401474296	0.010196563103666583	0.0	0.9881721369907126	reverted	reverted	reverted	reverted	reverted	0.9624360189920409	0.0	0.0	0.0	0.0	0.0	0.011827863009287455
TCTGTTGCACTTCAGC-E15S	Tumor	E15S	1	67664.0	-0.06452091761179184	0.8923120365263906	0.25714836555536225	0.13642244176439153	0.08885836298929255	0.007659269864054345	0.9034823671466531	0.010294537740094381	0.09741532164706412	0.8922901406128416	0.010294537740094381	0.0	0.9923407301359457	reverted	reverted	reverted	reverted	reverted	0.8794571940971121	0.0	0.0	0.0	0.0	0.0	0.007659269864054346
GTAGCGCCAGCTACTC-E15S	Tumor	E15S	1	67565.0	-0.08307434158238415	0.8956409754140388	0.37698669264930207	0.11880375813681178	0.14473606004857192	0.007228002210816801	0.8480359377406113	0.010075508313351177	0.09575205641285338	0.8941724352737954	0.010075508313351177	0.0	0.9927719977891832	reverted	reverted	reverted	reverted	reverted	0.9211328324408052	0.0	0.0	0.0	0.0	0.0	0.007228002210816802
AGTATGTTCACTTGCT-E15S	Tumor	E15S	1	62955.0	-0.1810075686063815	0.9117429894509705	0.41522504354171375	0.12073564958550081	0.17093266792092987	0.007227683080042879	0.8218396489990273	0.009101965326897485	0.08817375847869878	0.9027242761944038	0.009101965326897485	0.0	0.9927723169199572	reverted	reverted	reverted	reverted	reverted	0.9738593847121413	0.0	0.0	0.0	0.0	0.0	0.007227683080042879
CGTTCACCAGTTAGCG-E15S	Tumor	E15S	1	64201.0	0.08966483189789008	0.8608875157824496	0.29073996934515817	0.13224410203183207	0.10083188399923536	0.007473966984312399	0.891694149016452	0.012645464090609602	0.11454941483126557	0.8728051210781248	0.012645464090609602	0.0	0.9925260330156876	reverted	reverted	reverted	reverted	partial	0.6530728922052795	0.0	0.0	0.0	0.0	0.0	0.007473966984312401
GTCCTCATCACCCTTG-E15S	Tumor	E15S	1	67463.0	1.3454532993702415	0.3647706158113011	-0.33026144557912807	0.18375985721292817	0.03132242110189249	0.03276406914628156	0.935913509751826	0.16548697616241156	0.6148451396442193	0.21966788419336905	0.16548697616241156	0.935913509751826	0.0	partial	partial	partial	partial	persistent	0.052520301431706384	0.0	0.0	0.0	0.03132242110189249	0.03276406914628156	0.0
CAATCCCCAATACTCT-E15S	Tumor	E15S	1	73034.0	0.4888617244694948	0.7440146682637687	-0.44397966044468284	0.22823341278059703	0.03234456666856521	0.049371740634134006	0.9182836926973008	0.02629352599643836	0.19897137327907657	0.7747351007244851	0.02629352599643836	0.0	0.950628259365866	reverted	reverted	reverted	reverted	partial	0.565621104258465	0.0	0.0	0.0	0.0	0.0	0.049371740634134006
TGTACCGGTGAAGTTG-E15S	Tumor	E15S	1	66610.0	1.082800824369629	0.4856348545134965	-0.26521684190498374	0.20171807856597423	0.03310333102931247	0.025830503809887037	0.9410661651608003	0.10025194036421105	0.48564365812679283	0.41410440150899613	0.10025194036421105	0.9410661651608005	0.0	partial	partial	partial	partial	persistent	0.19962376123304656	0.0	0.0	0.0	0.033103331029312476	0.025830503809887044	0.0
GTAAGGTAGCATTGAT-E15S	Tumor	E15S	1	69141.0	0.9968246220138487	0.526298114924703	-0.07121195241520342	0.14331884727898844	0.03708619265242332	0.013354711204168175	0.9495590961434085	0.08321636188589593	0.435725304772635	0.48105833334146914	0.08321636188589593	0.9495590961434085	0.0	reverted	partial	reverted	partial	persistent	0.21335758972700802	0.0	0.0	0.0	0.03708619265242332	0.013354711204168175	0.0
TGCAGTCAGCATCACA-E15S	Tumor	E15S	1	66787.0	2.722131701283887	0.04066084974968688	0.11372302748635806	0.1041768670641506	0.05369852297293066	0.0085445811389627	0.9377568958881067	0.6814218637072147	0.31841520615277313	0.00016293014001208056	0.6814218637072147	0.0	0.0	persistent	persistent	persistent	persistent	persistent	0.006478194927099235	0.9377568958881067	0.05369852297293066	0.0085445811389627	0.0	0.0	0.0
AGTACAGGTGCGAGTG-E15S	Tumor	E15S	1	63486.0	0.247165418379924	0.821201414269909	0.18228376641638105	0.1378974386633162	0.0686044310172356	0.00820406353371384	0.9231915054490506	0.0163554571340815	0.1396051842571444	0.8440393586087741	0.0163554571340815	0.0	0.9917959364662862	reverted	reverted	reverted	reverted	persistent	0.17037927778864279	0.0	0.0	0.0	0.0	0.0	0.00820406353371384
TGTCTCACAGGACTAT-E15S	Tumor	E15S	1	69361.0	0.4654501148294092	0.7523643759350505	-0.2143298714276983	0.1891021537948499	0.03368435937236613	0.0216306970940617	0.944684943533572	0.02502169009002045	0.19186487474169717	0.7831134351682824	0.02502169009002045	0.0	0.9783693029059383	reverted	reverted	reverted	reverted	reverted	0.8263504964086765	0.0	0.0	0.0	0.0	0.0	0.021630697094061704
TGGGATAGTGATTAGG-E15S	Tumor	E15S	1	66608.0	0.3077363672583801	0.8037404601931408	0.35400506145848354	0.11335391623114723	0.13150826749183836	0.007224370185586438	0.8612673623225752	0.018268314495571106	0.1518002835380497	0.8299314019663792	0.018268314495571106	0.0	0.9927756298144136	reverted	reverted	reverted	reverted	partial	0.3820314005213151	0.0	0.0	0.0	0.0	0.0	0.0072243701855864385
GGAAACTAGAAGGGTT-E15S	Tumor	E15S	1	67070.0	3.5727686525072473	0.008397702046300349	-0.20192530437719416	0.1269765876093078	0.03090907889781668	0.01985181205817968	0.9492391090440038	0.9318224151518467	0.0681774699843379	1.1486381532868145e-07	0.9318224151518467	0.0	0.0	persistent	persistent	persistent	persistent	persistent	0.00022919391860862386	0.9492391090440035	0.030909078897816675	0.019851812058179676	0.0	0.0	0.0
AAGTCAAAGGCTTCCC-E15S	Tumor	E15S	1	70204.0	0.36900717205019234	0.7847970296972113	0.1268257809864542	0.13915239869471774	0.05789658949357888	0.008819916194877906	0.9332834943115433	0.020554306737745588	0.16584281085153346	0.813602882410721	0.020554306737745588	0.0	0.991180083805122	reverted	reverted	reverted	reverted	reverted	0.7871169288646062	0.0	0.0	0.0	0.0	0.0	0.008819916194877904
TGAGCAAGTATGGTAG-E15S	Tumor	E15S	1	68171.0	-0.020587721605425928	0.8840552577103601	0.06755847654545924	0.15946955862011458	0.05070402926212293	0.01005016767879592	0.9392458030590811	0.010862925843024392	0.10167180046028984	0.8874652736966858	0.010862925843024392	0.0	0.989949832321204	reverted	reverted	reverted	reverted	reverted	0.9683700739963256	0.0	0.0	0.0	0.0	0.0	0.01005016767879592
AACGATCCATAACGCG-E15S	Tumor	E15S	1	66887.0	-0.16959419278934748	0.9099887646219724	0.21743553811031008	0.1469721094086607	0.07757883239569338	0.00802093433603709	0.9144002332682695	0.009200826542263413	0.08895917839530994	0.9018399950624267	0.009200826542263413	0.0	0.9919790656639629	reverted	reverted	reverted	reverted	reverted	0.9559178630555407	0.0	0.0	0.0	0.0	0.0	0.00802093433603709
TCGACACAGGTAGGAT-E15S	Tumor	E15S	1	66927.0	0.09254526761570267	0.8602331649961923	-0.1879874455009217	0.20111486440749585	0.03529584526787634	0.020109321846718126	0.9445948328854055	0.012699823278268142	0.11493229992806496	0.8723678767936669	0.012699823278268142	0.0	0.9798906781532819	reverted	reverted	reverted	reverted	reverted	0.9259302271397769	0.0	0.0	0.0	0.0	0.0	0.02010932184671813
TATCGAACAAGCCGTA-E15S	Tumor	E15S	1	66118.0	2.680893555890804	0.043817778041095205	-0.4936570857547309	0.18258046821747942	0.03203978216223093	0.06634669541592944	0.9016135224218398	0.6640527930366316	0.3357277925631999	0.0002194144001685621	0.6640527930366316	0.0	0.0	persistent	persistent	persistent	persistent	persistent	0.0007872532439998663	0.9016135224218396	0.032039782162230926	0.06634669541592943	0.0	0.0	0.0
ATCGTCAAGTATGAGA-E15S	Tumor	E15S	1	68091.0	0.11505143840285946	0.8550313102444118	-0.30754562561255694	0.23088245587994924	0.033826559215892636	0.030004781696875874	0.9361686590872316	0.013139880638637592	0.11801262950285862	0.8688474898585039	0.013139880638637592	0.0	0.9699952183031242	reverted	reverted	reverted	reverted	reverted	0.8943908925400329	0.0	0.0	0.0	0.0	0.0	0.030004781696875874
CAACCCAGTGGACACG-E15S	Tumor	E15S	1	67639.0	1.5560539092806775	0.27819826925352475	-0.08012126923192045	0.13986500449987369	0.03634931507028473	0.013618998616810504	0.9500316863129048	0.2278455748524146	0.6639883071332143	0.10816611801437112	0.2278455748524146	0.0	0.0	partial	persistent	partial	persistent	persistent	0.01943714542000632	0.9500316863129048	0.03634931507028473	0.013618998616810504	0.0	0.0	0.0
CTTCATATCACAGGCT-E15S	Tumor	E15S	1	68909.0	0.734758809020957	0.6459811225810537	0.1465002634172825	0.12982513177401855	0.06081945123415003	0.008462799243259019	0.9307177495225908	0.04563735254026382	0.2946488242905339	0.6597138231692022	0.04563735254026382	0.930717749522591	0.0	reverted	partial	reverted	partial	persistent	0.005805199622162764	0.0	0.0	0.0	0.06081945123415004	0.00846279924325902	0.0
AGACGCGGTAGTTAGG-E15S	Tumor	E15S	1	67070.0	-0.2796920120053564	0.9256649426963124	-0.007330417786254456	0.2025606953146282	0.046277184138098025	0.012610468011499811	0.9411123478504022	0.008387073543163441	0.08234788294476544	0.9092650435120712	0.008387073543163441	0.0	0.9873895319885002	reverted	reverted	reverted	reverted	partial	0.46017461723282616	0.0	0.0	0.0	0.0	0.0	0.012610468011499811
TACGCTAAGAATCGCC-E15S	Tumor	E15S	1	67043.0	-0.7386272956893459	0.9674146347436899	-0.15760592073870114	0.264919403931215	0.041485709781819285	0.019834206721332532	0.9386800834968483	0.007586328695562555	0.0733841814628804	0.9190294898415571	0.007586328695562555	0.0	0.9801657932786674	reverted	reverted	reverted	reverted	reverted	0.8982529871658863	0.0	0.0	0.0	0.0	0.0	0.01983420672133253
ACAGTCATCGCTCAGG-E15S	Tumor	E15S	1	66765.0	-0.17295821390426147	0.9105090516531806	-0.0918971285959361	0.1915965913398723	0.039162306053265906	0.01513486645173487	0.9457028274949993	0.00917131333806786	0.08872513505196652	0.9021035516099655	0.00917131333806786	0.0	0.9848651335482652	reverted	reverted	reverted	reverted	reverted	0.9586586566125315	0.0	0.0	0.0	0.0	0.0	0.01513486645173487
GCAATCGCAAGCCTCT-E15S	Tumor	E15S	1	59430.0	-0.4171991869010422	0.9417091671276299	-0.0469963539499825	0.20435384252790856	0.04317914222827285	0.013825039913388125	0.9429958178583392	0.0077515420001194055	0.07678877516419398	0.9154596828356867	0.0077515420001194055	0.0	0.9861749600866119	reverted	reverted	reverted	reverted	reverted	0.9948833406407339	0.0	0.0	0.0	0.0	0.0	0.013825039913388121
TAGGTAGGTTAGTGGA-E15S	Tumor	E15S	1	69148.0	-0.004454971257792051	0.8808877733499538	-0.3326545841920411	0.23617489501050748	0.03365199810360873	0.03265340513835353	0.9336945967580377	0.011090357635365759	0.10335263512811306	0.8855570072365213	0.011090357635365759	0.0	0.9673465948616464	reverted	reverted	reverted	reverted	partial	0.5512141568934158	0.0	0.0	0.0	0.0	0.0	0.03265340513835353
AACGTAAAGGGGACAC-E15S	Tumor	E15S	1	60337.0	0.76196880450638	0.6341141035329181	0.033348037930837945	0.1420647394654973	0.045519155150271676	0.01041714230872019	0.944063702541008	0.0486078986619907	0.3076693831725893	0.6437227181654199	0.0486078986619907	0.9440637025410081	0.0	reverted	partial	reverted	partial	persistent	0.25860997015099135	0.0	0.0	0.0	0.04551915515027168	0.010417142308720193	0.0
AACGCGAAGTATGGCC-E15S	Tumor	E15S	1	65618.0	-0.23224555887637982	0.9192430336474503	0.15274079067296475	0.15568636285858758	0.06361458554495514	0.008744169685941303	0.9276412447691034	0.008700772029024586	0.08494002741542149	0.906359200555554	0.008700772029024586	0.0	0.9912558303140587	reverted	reverted	reverted	reverted	reverted	0.875987277475989	0.0	0.0	0.0	0.0	0.0	0.008744169685941305
AGGACTGAGCGACTGT-E15S	Tumor	E15S	1	64361.0	-0.5459216110650855	0.9537324691381988	0.3672291805680913	0.14576267190211545	0.13608064202563325	0.007353806323574188	0.8565655516507926	0.007476568068690652	0.07391461775245464	0.9186088141788548	0.007476568068690652	0.0	0.9926461936764257	reverted	reverted	reverted	reverted	reverted	0.9171707960430943	0.0	0.0	0.0	0.0	0.0	0.007353806323574187
TCGTGATGTTAAGGTG-E15S	Tumor	E15S	1	73197.0	0.47895734458168576	0.7475694599266355	-0.21481192288026632	0.18784267438534794	0.03359703462807547	0.021644737910224667	0.9447582274616998	0.025745682100204583	0.19592544212134094	0.7783288757784546	0.025745682100204583	0.0	0.9783552620897753	reverted	reverted	reverted	reverted	partial	0.32894045728678395	0.0	0.0	0.0	0.0	0.0	0.021644737910224667
CGTAGTCAGCTATCAG-E15S	Tumor	E15S	1	69507.0	0.6562287857935476	0.67919816025043	-0.14691239862184938	0.17054906944245543	0.03494009327759145	0.01718300992383346	0.9478768967985751	0.03809419234611359	0.2597718537274477	0.7021339539264386	0.03809419234611359	0.9478768967985751	0.0	reverted	partial	reverted	partial	partial	0.690181648683329	0.0	0.0	0.0	0.03494009327759145	0.01718300992383346	0.0
ACTCTAAGTTATATCG-E15S	Tumor	E15S	1	71670.0	1.3738764586425822	0.35239532254209316	-0.44272895559125736	0.20246920680434413	0.031719750565585396	0.0509784594342127	0.9173017900002017	0.1734996102432097	0.6248051149165745	0.20169527484021574	0.1734996102432097	0.917301790000202	0.0	partial	partial	partial	partial	persistent	0.007973703904924676	0.0	0.0	0.0	0.0317197505655854	0.05097845943421271	0.0
GCAACATCAGGTTAGT-E15S	Tumor	E15S	1	68491.0	2.889374871400786	0.029956467636905574	-0.30179826104306395	0.1438322667356105	0.03014304854095443	0.029467937812837703	0.940389013646208	0.7484987198701429	0.2514550272617794	4.625286807762262e-05	0.7484987198701429	0.0	0.0	persistent	persistent	persistent	persistent	persistent	0.0006532307958836098	0.940389013646208	0.03014304854095443	0.029467937812837703	0.0	0.0	0.0
CACCAGACACTAGCAG-E15S	Tumor	E15S	1	63234.0	0.927555488648484	0.5588328591157388	0.30344048169528814	0.11470159453332268	0.10626229587584914	0.0073162302504652735	0.8864214738736855	0.07122807964345175	0.3957834496637732	0.532988470692775	0.07122807964345175	0.8864214738736855	0.0	reverted	partial	reverted	partial	persistent	0.04425624179939443	0.0	0.0	0.0	0.10626229587584914	0.0073162302504652735	0.0
CATGTTGAGTCATGTG-E15S	Tumor	E15S	1	67239.0	0.33059308452618086	0.7968249668706999	-0.09588261229097259	0.1832416616173826	0.038314339003225784	0.01510834635118652	0.9465773146455877	0.019076682651458347	0.15682839426077833	0.8240949230877632	0.019076682651458347	0.0	0.9848916536488135	reverted	reverted	reverted	reverted	reverted	0.7986134178315731	0.0	0.0	0.0	0.0	0.0	0.01510834635118652
TGCGGTTAGCATTGAT-E15S	Tumor	E15S	1	67079.0	0.5278873111990661	0.7296917552587523	0.10907623451150991	0.13474426772807047	0.05474654904138489	0.00899335957447146	0.9362600913841437	0.028599335932357264	0.21155061871443584	0.7598500453532068	0.028599335932357264	0.0	0.9910066404255286	reverted	reverted	reverted	reverted	persistent	0.29474369383750865	0.0	0.0	0.0	0.0	0.0	0.00899335957447146
TAGTGTTAGGAGTATA-E15S	Tumor	E15S	1	64829.0	-0.48911132557684045	0.9487481788473143	0.20496165110864506	0.16458229793904328	0.07533324805308592	0.008341999612440774	0.9163247523344734	0.007562491460593139	0.07492361634801359	0.9175138921913932	0.007562491460593139	0.0	0.9916580003875591	reverted	reverted	reverted	reverted	reverted	0.9947349173178947	0.0	0.0	0.0	0.0	0.0	0.008341999612440773
GTACACGCATGGTCCT-E15S	Tumor	E15S	1	67995.0	1.5925447097564576	0.2645408990354311	-0.44984077737298267	0.21460352528282892	0.03200151185572659	0.05155307791660278	0.9164454102276707	0.2392608115145104	0.6666992454948614	0.09403994299062825	0.2392608115145104	0.0	0.0	partial	persistent	partial	persistent	persistent	0.005523602316581706	0.9164454102276707	0.03200151185572659	0.05155307791660278	0.0	0.0	0.0
GCGCCAATCCTTCAGT-E15S	Tumor	E15S	1	66131.0	-0.06905713982173128	0.8931344691896135	0.5601344570856072	0.10542877759083236	0.33785355821623375	0.0073311916052696685	0.6548152501784965	0.01023987834519464	0.09700151283117998	0.8927586088236253	0.01023987834519464	0.0	0.9926688083947304	reverted	reverted	reverted	reverted	partial	0.42019384156697737	0.0	0.0	0.0	0.0	0.0	0.007331191605269669
CCTAGCGAGCATATAC-E15S	Tumor	E15S	1	65369.0	0.664655370287177	0.6757123440486931	0.31658548438152656	0.11252773348925087	0.11223846383886348	0.007274019026092239	0.8804875171350443	0.038834584722052035	0.2633184120641853	0.6978470032137626	0.038834584722052035	0.8804875171350443	0.0	reverted	partial	reverted	partial	reverted	0.9035231351990415	0.0	0.0	0.0	0.11223846383886348	0.007274019026092239	0.0
GCTTATGAGCGCTTAA-E15S	Tumor	E15S	1	66218.0	0.5063833160097951	0.7376460524170418	-0.09543718509291824	0.1825527018938755	0.038290144030890816	0.015075312522638535	0.9466345434464705	0.02729908286798232	0.20450404251728224	0.7681968746147354	0.02729908286798232	0.0	0.9849246874773615	reverted	reverted	reverted	reverted	partial	0.6617917024458881	0.0	0.0	0.0	0.0	0.0	0.015075312522638539
CTTGCAGGTGGCTAGG-E15S	Tumor	E15S	1	64593.0	2.4576094153364108	0.06536323295263133	0.17210983588231218	0.10145755928390807	0.06456761663933915	0.007904159392891106	0.9275282239677699	0.567369381435888	0.4316232784730022	0.0010073400911098963	0.567369381435888	0.0	0.0	persistent	persistent	persistent	persistent	persistent	0.00042966864095797975	0.9275282239677697	0.06456761663933913	0.007904159392891104	0.0	0.0	0.0
CATTCTATCTGTGAAT-E15S	Tumor	E15S	1	66636.0	-0.12201376252920015	0.9023330764131375	-0.6265456851985952	0.3466250853928884	0.03531751667868748	0.07442407498735913	0.8902584083339534	0.009653246362282186	0.09250509677707472	0.8978416568606431	0.009653246362282186	0.0	0.9255759250126409	reverted	reverted	reverted	reverted	reverted	0.9092981076987665	0.0	0.0	0.0	0.0	0.0	0.07442407498735913
CATTCAAGTATTGGAG-E15S	Tumor	E15S	1	67489.0	1.0026985991891486	0.5235249402907646	-0.08709177026941134	0.1516420435825797	0.036673828097057874	0.014106862698112939	0.9492193092048292	0.08430444410243937	0.43914558207372895	0.4765499738238316	0.08430444410243937	0.9492193092048292	0.0	reverted	partial	reverted	partial	persistent	0.041208543656275985	0.0	0.0	0.0	0.036673828097057874	0.014106862698112939	0.0
GGGACAATCGTGCCTC-E15S	Tumor	E15S	1	64104.0	-0.05200873288720306	0.8900146357163393	-0.11194432849816541	0.2126127316939633	0.03962373224653415	0.016447385208850814	0.943928882544615	0.01044911305387604	0.09858116203716251	0.8909697249089613	0.01044911305387604	0.0	0.9835526147911492	reverted	reverted	reverted	reverted	reverted	0.9146085977963267	0.0	0.0	0.0	0.0	0.0	0.016447385208850814
CAGCAAAGTTGTAGCT-E15S	Tumor	E15S	1	67026.0	0.06684181429166881	0.8659818195685545	-0.10747196340353302	0.19880128288692903	0.038809289975747036	0.015935980764429158	0.9452547292598237	0.012229836318479011	0.11160392672222352	0.8761662369592974	0.012229836318479011	0.0	0.9840640192355709	reverted	reverted	reverted	reverted	reverted	0.8567986739031781	0.0	0.0	0.0	0.0	0.0	0.01593598076442916
AGGGATTAGTCGCAAC-E15S	Tumor	E15S	1	64106.0	0.22773502718851615	0.8265388316619202	0.4496655214351416	0.11025700105981803	0.20242581485473524	0.0072404501353397184	0.7903337350099252	0.01580616198586704	0.13602006484533563	0.8481737731687973	0.01580616198586704	0.0	0.9927595498646602	reverted	reverted	reverted	reverted	partial	0.6916159401412686	0.0	0.0	0.0	0.0	0.0	0.007240450135339717
TATCGAACACCTTGGT-E15S	Tumor	E15S	1	65060.0	-0.22068614786070004	0.9176035129102186	-0.10132490009126141	0.21856223045003517	0.040714381045381304	0.016144405160814546	0.9431412137938042	0.008785401119055193	0.08562894500574265	0.9055856538752022	0.008785401119055193	0.0	0.9838555948391855	reverted	reverted	reverted	reverted	partial	0.5548670938388776	0.0	0.0	0.0	0.0	0.0	0.016144405160814546
CCGCGAATCACTGGGT-E15S	Tumor	E15S	1	63297.0	0.7828579539305427	0.6248911092964624	0.21867026225148753	0.12201063612355967	0.07687999859936719	0.00774998000476457	0.9153700213958682	0.05102222751275265	0.3179782184515165	0.6309995540357309	0.05102222751275265	0.9153700213958682	0.0	reverted	partial	reverted	partial	persistent	0.24241334577607576	0.0	0.0	0.0	0.07687999859936719	0.00774998000476457	0.0
GTCCATGGTATGGCTT-E15S	Tumor	E15S	1	55839.0	2.1556796150516564	0.11020988204715289	0.5005391682867617	0.089954039501148	0.26480955629148945	0.007336210585379431	0.7278542331231311	0.4397002564214534	0.5540134560913986	0.006286287487148025	0.4397002564214534	0.0	0.0	partial	persistent	partial	persistent	persistent	0.003006398137630025	0.7278542331231311	0.26480955629148945	0.007336210585379431	0.0	0.0	0.0
AGGAGTTAGATTCCAG-E15S	Tumor	E15S	1	68953.0	1.9335612205824009	0.15867830880190956	-0.13034526684049316	0.13287575039337376	0.033479093152811945	0.01565684599622939	0.9508640608509586	0.3544999744844263	0.6250136579225384	0.02048636759303531	0.3544999744844263	0.0	0.0	partial	persistent	partial	persistent	persistent	0.008727703938272529	0.9508640608509586	0.033479093152811945	0.01565684599622939	0.0	0.0	0.0
CTAATTGGTCTGTGCA-E15S	Tumor	E15S	1	64253.0	1.1548724359221412	0.4516716232821833	0.2540444830592925	0.11392719578889213	0.08738378234279849	0.0074853161716895	0.905130901485512	0.11631281166452681	0.5260655704182335	0.35762161791723956	0.11631281166452681	0.905130901485512	0.0	partial	partial	partial	partial	persistent	0.008409744961403492	0.0	0.0	0.0	0.08738378234279849	0.0074853161716895	0.0
GTGGATAGTTCCAGCA-E15S	Tumor	E15S	1	63065.0	0.22908678199543886	0.8261716239716852	-0.3043524871693053	0.2492763426439678	0.034964684479270786	0.029751484050204446	0.9352838314705247	0.01584343460541513	0.13626457981490503	0.8478919855796799	0.01584343460541513	0.0	0.9702485159497956	reverted	reverted	reverted	reverted	reverted	0.9904518780017518	0.0	0.0	0.0	0.0	0.0	0.029751484050204446
AATCTCCTCTAAGCAT-E15S	Tumor	E15S	1	66474.0	1.0128333655656108	0.5187368809934414	-0.09059404951955796	0.14737641750661043	0.03621384354547209	0.014163046449881516	0.9496231100046465	0.08620809750624188	0.4450508209339319	0.4687410815598262	0.08620809750624188	0.9496231100046465	0.0	reverted	partial	reverted	partial	persistent	0.21200888869183696	0.0	0.0	0.0	0.03621384354547209	0.014163046449881516	0.0
CAATCGATCCGTGGAT-E15S	Tumor	E15S	1	64983.0	0.3449619661159159	0.7923854509328316	-0.07506386918468347	0.16759821482123666	0.038444530801367886	0.01397270882860661	0.9475827603700255	0.019611334685275518	0.16011575785620952	0.8202729074585149	0.019611334685275518	0.0	0.9860272911713934	reverted	reverted	reverted	reverted	partial	0.3883599190293177	0.0	0.0	0.0	0.0	0.0	0.01397270882860661
CTTCATCAGGGCTTAC-E15S	Tumor	E15S	1	65166.0	-0.1017492368594053	0.8988995701513462	0.5301243359109798	0.10751537375634578	0.29407783816093386	0.007320549419968187	0.698601612419098	0.009866850818957362	0.09415454262625611	0.8959786065547864	0.009866850818957362	0.0	0.9926794505800318	reverted	reverted	reverted	reverted	partial	0.5683032845679418	0.0	0.0	0.0	0.0	0.0	0.007320549419968187
TAGGCGAAGCCCTTGC-E15S	Tumor	E15S	1	63179.0	1.1832506252015098	0.4384036867783513	-0.029868362619340255	0.14053672389502328	0.0397295431563107	0.011963506710767133	0.9483069501329223	0.12305510979995735	0.5412510760929373	0.3356938141071054	0.12305510979995735	0.9483069501329221	0.0	partial	partial	partial	partial	partial	0.6101882749805779	0.0	0.0	0.0	0.03972954315631069	0.01196350671076713	0.0
TCTAACCTCCTTCGAT-E15S	Tumor	E15S	1	59591.0	0.6423211931269267	0.6849077064011453	0.10333147646898794	0.1443026199603921	0.054508149308898544	0.009215860693323011	0.9362759899977785	0.03690636018633183	0.2540221464402357	0.7090714933734324	0.03690636018633183	0.9362759899977785	0.0	reverted	partial	reverted	partial	partial	0.36398044299061577	0.0	0.0	0.0	0.054508149308898544	0.009215860693323011	0.0
ATCCCTTAGTTACACG-E15S	Tumor	E15S	1	65913.0	0.037865192770615355	0.872221554543928	-0.005553553803787498	0.1775399903806765	0.0443797149082069	0.012013893909726191	0.943606391182067	0.011738966622359208	0.10808246135452032	0.8801785720231204	0.011738966622359208	0.0	0.9879861060902737	reverted	reverted	reverted	reverted	reverted	0.8326196540858387	0.0	0.0	0.0	0.0	0.0	0.012013893909726188
CCCTGAGAGGTGACTC-E15S	Tumor	E15S	1	66496.0	1.813730964903476	0.19135366870396384	0.21772058958920398	0.10275475053473826	0.07595754629202187	0.007587718353130424	0.9164547353548478	0.3120742109580504	0.6514252514835774	0.03650053755837222	0.3120742109580504	0.0	0.0	partial	persistent	partial	persistent	persistent	0.021967227916984192	0.9164547353548478	0.07595754629202187	0.007587718353130424	0.0	0.0	0.0
AATGAACGTAGCAGTA-E15S	Tumor	E15S	1	66961.0	0.2589151768816627	0.8179119569241137	-0.09720898793633784	0.1831030567481136	0.038228683479289635	0.015159019618843693	0.9466122969018667	0.01670211825476476	0.141847930948781	0.8414499507964542	0.01670211825476476	0.0	0.9848409803811563	reverted	reverted	reverted	reverted	reverted	0.8979303192672369	0.0	0.0	0.0	0.0	0.0	0.015159019618843693
CCGTGATAGATTGACT-E15S	Tumor	E15S	1	67156.0	0.2702383303299949	0.814697601262977	-0.1245827543065435	0.18820883381781237	0.03713433528087848	0.016455962577233012	0.9464097021418885	0.017046932532658963	0.14406397129027662	0.8388890961770644	0.017046932532658963	0.0	0.983544037422767	reverted	reverted	reverted	reverted	persistent	0.21531208951166358	0.0	0.0	0.0	0.0	0.0	0.016455962577233012
TAGCATTAGTTAGTCG-E15S	Tumor	E15S	1	64517.0	-0.05015426477384244	0.8896704985904484	0.33396343637678305	0.12645330500941446	0.1200311611383029	0.007313635870810524	0.8726552029908865	0.010472506143732921	0.09875704247859063	0.8907704513776765	0.010472506143732921	0.0	0.9926863641291894	reverted	reverted	reverted	reverted	memory	0.9764545984346646	0.0	0.0	0.0	0.0	0.0	0.007313635870810524
AGTCACGCAACGTGCA-E15S	Tumor	E15S	1	63693.0	-0.24994243449700135	0.9216954532699388	-0.0667652550885279	0.20863353591055186	0.04211483157641698	0.014592839292088293	0.9432923291314947	0.008577551927805686	0.08392954849234577	0.9074928995798486	0.008577551927805686	0.0	0.9854071607079117	reverted	reverted	reverted	reverted	reverted	0.9095193584516726	0.0	0.0	0.0	0.0	0.0	0.014592839292088293
TGAGTTGTCGACATCA-E15S	Tumor	E15S	1	65609.0	0.3184842589008153	0.8005109793788702	-0.20837928018549948	0.20221543168283967	0.03466445178516748	0.02144042399717826	0.9438951242176542	0.018642143132446058	0.15413434106359428	0.8272235158039597	0.018642143132446058	0.0	0.9785595760028217	reverted	reverted	reverted	reverted	persistent	0.26631645531409953	0.0	0.0	0.0	0.0	0.0	0.02144042399717826
TGATAGCCACTTGACC-E15S	Tumor	E15S	1	62860.0	0.5669954527660322	0.714842703905953	0.09272375227927025	0.13885951265979785	0.05259364609852496	0.009292241152528219	0.9381141127489467	0.03116309383425682	0.22510915533261025	0.7437277508331329	0.03116309383425682	0.0	0.9907077588474718	reverted	reverted	reverted	reverted	persistent	0.18173102763079174	0.0	0.0	0.0	0.0	0.0	0.009292241152528219
ATCTTCATCATAGATC-E15S	Tumor	E15S	1	63241.0	0.4139428456866265	0.7700818499458428	0.351627925013433	0.11162137973274049	0.13029721132293345	0.007219819007789296	0.8624829696692772	0.02249099487432958	0.1773382887223689	0.8001707164033017	0.02249099487432958	0.0	0.9927801809922107	reverted	reverted	reverted	reverted	partial	0.3638630367446651	0.0	0.0	0.0	0.0	0.0	0.007219819007789296
GGATAACAGCATAGGG-E15S	Tumor	E15S	1	64001.0	0.8099127984806043	0.6128106426970421	0.054874434940448524	0.13963783265053584	0.04774961128699642	0.009948182283447179	0.9423022064295565	0.054328626220673984	0.3317168661897321	0.6139545075895939	0.054328626220673984	0.9423022064295563	0.0	reverted	partial	reverted	partial	memory	0.7985199943181485	0.0	0.0	0.0	0.0477496112869964	0.009948182283447177	0.0
TACATGACAATTGCTT-E15S	Tumor	E15S	1	59718.0	-0.3045244308209554	0.9288357414366972	0.2462224807287828	0.14454349865375193	0.08562883945962868	0.007799851256117589	0.9065713092842538	0.008243395183425175	0.08113610383604518	0.9106205009805298	0.008243395183425175	0.0	0.9922001487438825	reverted	reverted	reverted	reverted	reverted	0.9618388778219922	0.0	0.0	0.0	0.0	0.0	0.007799851256117589
CATCGTCCAGGTTCAG-E15S	Tumor	E15S	1	63648.0	2.1450209698904645	0.1122042722891606	0.21283739566454168	0.10127330413803223	0.07455860320597014	0.007605408269147409	0.9178359885248824	0.4354149457208055	0.5579107087741166	0.006674345505077893	0.4354149457208055	0.0	0.0	partial	persistent	partial	persistent	persistent	0.0016595976129947343	0.9178359885248824	0.07455860320597014	0.007605408269147409	0.0	0.0	0.0
ATCCTAAGTTTACCAA-E15S	Tumor	E15S	1	65429.0	0.32940595771595355	0.7971885687134918	-0.07380801607341536	0.18233451408117904	0.0395840427157149	0.014242018075557127	0.946173939208728	0.019033442410681795	0.15656121779373744	0.8244053397955807	0.019033442410681795	0.0	0.985757981924443	reverted	reverted	reverted	reverted	partial	0.522712354371683	0.0	0.0	0.0	0.0	0.0	0.014242018075557127
CCGCCATTCGACCGAT-E15S	Tumor	E15S	1	58929.0	0.2222323273982018	0.8280273290956025	0.1370261649382467	0.14468917359762765	0.06001629555189892	0.008771411471239098	0.931212292976862	0.015655853889489535	0.13503214312247033	0.8493120029880402	0.015655853889489535	0.0	0.991228588528761	reverted	reverted	reverted	reverted	reverted	0.8818077553575538	0.0	0.0	0.0	0.0	0.0	0.008771411471239098
AAACTCACAACTTCAT-E15S	Tumor	E15S	1	68946.0	0.6704990223084842	0.6732834827748466	-0.6403363052512431	0.33152578528635285	0.03472891407211214	0.08074671609473227	0.8845243698331555	0.039357372811782386	0.2658056992304273	0.6948369279577903	0.039357372811782386	0.8845243698331555	0.0	reverted	partial	reverted	partial	partial	0.34247894869010337	0.0	0.0	0.0	0.03472891407211214	0.08074671609473227	0.0
TGAATGGGTAATGCCT-E15S	Tumor	E15S	1	66294.0	1.0486022665022463	0.5018166592875595	0.344236013945345	0.10416945776668268	0.1266959121737804	0.007198023358461105	0.8661060644677585	0.0931920368793264	0.4658784374305092	0.4409295256901644	0.0931920368793264	0.8661060644677585	0.0	partial	partial	reverted	partial	persistent	0.13826093053836921	0.0	0.0	0.0	0.1266959121737804	0.007198023358461105	0.0
TGCCTCTGTAAGCATG-E15S	Tumor	E15S	1	58652.0	0.026062498836367513	0.8746912080620913	0.4272962682308913	0.11820110967182586	0.1809485477386759	0.007227930919391504	0.8118235213419325	0.011550203454744218	0.10671529452460526	0.8817345020206506	0.011550203454744218	0.0	0.9927720690806084	reverted	reverted	reverted	reverted	partial	0.48184534497457593	0.0	0.0	0.0	0.0	0.0	0.007227930919391505
ATGCTCAAGGTAGCCT-E15S	Tumor	E15S	1	56446.0	0.665908617092853	0.6751922339896154	0.3835791430426483	0.10825992356017176	0.15031197008096722	0.007197187901233905	0.8424908420177988	0.03894605472572899	0.2638499238963991	0.697204021377872	0.03894605472572899	0.8424908420177989	0.0	reverted	partial	reverted	partial	partial	0.42409115389706314	0.0	0.0	0.0	0.15031197008096725	0.007197187901233906	0.0
GTTGATTAGGAACTAA-E15S	Tumor	E15S	1	65977.0	2.0181736099309213	0.1384433881071312	-0.4228970102451155	0.18939764725953478	0.03136677599521701	0.04772593942795898	0.9209072845768239	0.38592621372978086	0.6007920108733896	0.013281775396829457	0.38592621372978086	0.0	0.0	partial	persistent	partial	persistent	persistent	0.007868691807037432	0.920907284576824	0.03136677599521702	0.04772593942795899	0.0	0.0	0.0
TACGAGTCATGATATG-E15S	Tumor	E15S	1	63378.0	0.3381934575114221	0.7944855643775333	0.036109981956087056	0.16353343337078594	0.047363233782814956	0.010743539902723767	0.9418932263144613	0.01935686964115524	0.1585548652466242	0.8220882651122204	0.01935686964115524	0.0	0.9892564600972762	reverted	reverted	reverted	reverted	partial	0.6931818147076594	0.0	0.0	0.0	0.0	0.0	0.010743539902723767
CCACCTTGTTCGGGTC-E15S	Tumor	E15S	1	65560.0	-0.038680184552188156	0.8875202002391056	0.11680603434298391	0.15616245843033796	0.057414363829489445	0.009207686023194045	0.9333779501473165	0.01062007629452528	0.0998632683007797	0.8895166554046949	0.01062007629452528	0.0	0.990792313976806	reverted	reverted	reverted	reverted	reverted	0.8601465189389306	0.0	0.0	0.0	0.0	0.0	0.009207686023194045
ATGGTTTAGAATCCAT-E15S	Tumor	E15S	1	64543.0	0.9424228016224682	0.5518827103874672	0.04672765947203075	0.13943907844377554	0.046798881485497816	0.010101299973366612	0.9430998185411354	0.07367066019270974	0.4042678709306862	0.5220614688766041	0.07367066019270974	0.9430998185411356	0.0	reverted	partial	reverted	partial	partial	0.6930853319182209	0.0	0.0	0.0	0.04679888148549782	0.010101299973366614	0.0
GCTGTATGTTCACGCA-E15S	Tumor	E15S	1	61609.0	0.07376864735292815	0.8644525790950661	-0.066044957206885	0.18735055688268445	0.040470294485220576	0.014075779190582971	0.9454539263241963	0.012353194711021797	0.1124815145584503	0.875165290730528	0.012353194711021797	0.0	0.985924220809417	reverted	reverted	reverted	reverted	reverted	0.7411130648973714	0.0	0.0	0.0	0.0	0.0	0.014075779190582973
CCTCAATTCATGGACC-E15S	Tumor	E15S	1	62903.0	0.07835089315428555	0.8634328875805132	0.24011075729730397	0.13972603244677298	0.08363622833474399	0.007788101161897466	0.9085756705033584	0.012436119875427263	0.11306984308377198	0.8744940370408008	0.012436119875427263	0.0	0.9922118988381026	reverted	reverted	reverted	reverted	reverted	0.9564871162234735	0.0	0.0	0.0	0.0	0.0	0.007788101161897468
CGCATGGTCAGGTGAG-E15S	Tumor	E15S	1	64662.0	0.8734661000130742	0.5839053297274555	0.3193048786403266	0.1103597105111194	0.11359446296661005	0.00725767767428065	0.8791478593591092	0.0629323277681983	0.3655540365116953	0.5715136357201064	0.0629323277681983	0.8791478593591093	0.0	reverted	partial	reverted	partial	partial	0.537895982151621	0.0	0.0	0.0	0.11359446296661006	0.007257677674280651	0.0
TGACCCAGTCTAGTGT-E15S	Tumor	E15S	1	65791.0	0.6316711120769888	0.6892425903363779	-0.381908263398107	0.2513364232199787	0.0336789807336062	0.0384380530437344	0.9278829662226594	0.03602485303684724	0.24970640832210306	0.7142687386410497	0.03602485303684724	0.9278829662226594	0.0	reverted	partial	reverted	partial	memory	0.7559393601570439	0.0	0.0	0.0	0.0336789807336062	0.0384380530437344	0.0
CATTCGCCATCACTAT-E15S	Tumor	E15S	1	64461.0	1.4638079051980974	0.31458272761785394	-0.13983291417142277	0.15145338370111688	0.034096097803166935	0.01645671409333649	0.9494471881034965	0.199738433636716	0.6495587056153024	0.1507028607479815	0.199738433636716	0.9494471881034966	0.0	partial	partial	partial	partial	persistent	0.004523024031434543	0.0	0.0	0.0	0.03409609780316694	0.016456714093336492	0.0
TCACATGAGTAAGGGT-E15S	Tumor	E15S	1	66179.0	0.5729161118033128	0.7125524003435766	-1.3817985149205534	0.6476542959113596	0.039264665186679044	0.15139314365477025	0.8093421911585509	0.03157482044795549	0.22724704619191802	0.7411781333601265	0.03157482044795549	0.0	0.8486068563452297	reverted	reverted	reverted	reverted	partial	0.35698917958910553	0.0	0.0	0.0	0.0	0.0	0.15139314365477022
TACCGGACAAAGGATG-E15S	Tumor	E15S	1	60474.0	-0.1922720611375527	0.9134439950224348	0.6070503692036527	0.1022577267380416	0.416191750532016	0.007282928302507399	0.5765253211654765	0.009007879009507277	0.08742234596108413	0.9035697750294086	0.009007879009507277	0.0	0.9927170716974926	reverted	reverted	reverted	reverted	reverted	0.9223929391924852	0.0	0.0	0.0	0.0	0.0	0.0072829283025073995
ACAAGCCTCATGGTTG-E15S	Tumor	E15S	1	64972.0	0.22164841823601117	0.8281846829516515	0.10360077818366387	0.1589315407307157	0.0555852398687743	0.009444181055356654	0.9349705790758691	0.015640037183570616	0.13492800993031742	0.849431952886112	0.015640037183570616	0.0	0.9905558189446434	reverted	reverted	reverted	reverted	reverted	0.9610149988528318	0.0	0.0	0.0	0.0	0.0	0.009444181055356654
CGAAGCAAGTGATCCA-E15S	Tumor	E15S	1	64089.0	1.271207272624956	0.39791542395171475	-0.20355798923706367	0.1610889920289506	0.032448062537327266	0.020436053895279034	0.9471158835673936	0.14530859161842627	0.5843888525517087	0.2703025558298651	0.14530859161842627	0.9471158835673937	0.0	partial	partial	partial	partial	persistent	0.003059999617255821	0.0	0.0	0.0	0.03244806253732727	0.020436053895279038	0.0
TCAGCTGGTGCGTGGA-E15S	Tumor	E15S	1	65664.0	1.7137804186946584	0.2223512351642367	-0.21903820007483912	0.15609748678631433	0.03180679358087121	0.021495545362298633	0.9466976610568302	0.27836693042558197	0.6645167037426104	0.05711636583180756	0.27836693042558197	0.0	0.0	partial	persistent	partial	persistent	persistent	0.02860955030960734	0.9466976610568302	0.03180679358087121	0.021495545362298633	0.0	0.0	0.0
CAGCGGTCAAGTAGGA-E15S	Tumor	E15S	1	65716.0	0.11125288812035299	0.8559204096984566	0.30064034222920355	0.12380401356621139	0.10491700254839784	0.00738079589773088	0.8877022015538713	0.013063666294099472	0.1174815559286909	0.8694547777772097	0.013063666294099472	0.0	0.9926192041022691	reverted	reverted	reverted	reverted	reverted	0.8454846285183196	0.0	0.0	0.0	0.0	0.0	0.00738079589773088
AATCAGCCACCTTCCC-E15S	Tumor	E15S	1	61687.0	0.7747689530328336	0.6284737544053904	0.18793785277766256	0.1261308278435923	0.06928708065489719	0.008019902346713008	0.9226930169983898	0.05007323549361433	0.31395468793966247	0.6359720765667232	0.05007323549361433	0.9226930169983898	0.0	reverted	partial	reverted	partial	persistent	0.025510130816602042	0.0	0.0	0.0	0.06928708065489719	0.008019902346713008	0.0
GGAATGGTCGCATGAC-E15S	Tumor	E15S	1	64656.0	2.26642931427404	0.09126674976178194	-0.13204571383090627	0.14345567342635662	0.033973390351994565	0.01592317229515307	0.9501034373528523	0.4852845488629541	0.5114055112856495	0.0033099398513964243	0.4852845488629541	0.0	0.0	partial	persistent	partial	persistent	persistent	0.0018052934845409756	0.9501034373528524	0.03397339035199457	0.015923172295153075	0.0	0.0	0.0
TGCCCAAGTTGGCGAG-E15S	Tumor	E15S	1	64990.0	0.5629566983223294	0.7163987160400926	-0.2607796707286094	0.20470159641975283	0.03336625176941406	0.025473045366958873	0.9411607028636271	0.030885893694101364	0.22366378056837252	0.745450325737526	0.030885893694101364	0.0	0.9745269546330412	reverted	reverted	reverted	reverted	reverted	0.7493298125019192	0.0	0.0	0.0	0.0	0.0	0.025473045366958873
CGACACTAGTTACAGT-E15S	Tumor	E15S	1	60221.0	1.0820811714359846	0.48597518307828924	0.2679445183912684	0.11019325684585357	0.09217694334066266	0.00740012580426976	0.9004229308550676	0.10009957495887033	0.4852303671047841	0.4146700579363455	0.10009957495887033	0.9004229308550676	0.0	partial	partial	partial	partial	persistent	0.09283586240096246	0.0	0.0	0.0	0.09217694334066266	0.00740012580426976	0.0
AATCAGCCATAGACCG-E15S	Tumor	E15S	1	60594.0	1.143984561331847	0.45678149007840047	0.22331137804923135	0.11550882822688077	0.07794611047460234	0.007661239922886248	0.9143926496025114	0.11378700435133102	0.5201113163119355	0.36610167933673343	0.11378700435133102	0.9143926496025114	0.0	partial	partial	partial	partial	persistent	0.1587365458530518	0.0	0.0	0.0	0.07794611047460234	0.007661239922886248	0.0
TGGTGGTTCCCAGGCA-E15S	Tumor	E15S	1	53441.0	0.9543184414775289	0.546306988022888	-0.05795529933613208	0.15913103289145739	0.038962445710033954	0.013198545032031633	0.9478390092579343	0.07567616460897392	0.4110985241667844	0.5132253112242416	0.07567616460897392	0.9478390092579344	0.0	reverted	partial	reverted	partial	partial	0.6307596227461606	0.0	0.0	0.0	0.03896244571003396	0.013198545032031635	0.0
CCCAATCCAAATCGGT-E15S	Tumor	E15S	1	64148.0	0.6822304819216083	0.6683793379311525	0.05036770611721053	0.14527363399221196	0.04761420439688834	0.010127264284866024	0.9422585313182457	0.04043039948079869	0.27086778451499327	0.688701816004208	0.04043039948079869	0.9422585313182457	0.0	reverted	partial	reverted	partial	persistent	0.032600684742314645	0.0	0.0	0.0	0.04761420439688834	0.010127264284866024	0.0
CGGTTCTCAAGGTCAT-E15S	Tumor	E15S	1	63923.0	0.5451056179131983	0.7232143687122127	-0.5685115404175693	0.2962177974782801	0.034012459301426115	0.06914880499871102	0.896838735699863	0.029695458389160274	0.2174005005236909	0.7529040410871489	0.029695458389160274	0.0	0.930851195001289	reverted	reverted	reverted	reverted	partial	0.525198370526505	0.0	0.0	0.0	0.0	0.0	0.06914880499871101
GCTAGGGGTTGAAGCA-E15S	Tumor	E15S	1	61792.0	1.227592429150476	0.41785406516701334	0.303655260558508	0.10452580545265379	0.10655330044193488	0.007259360569191751	0.8861873389888733	0.1340294325813541	0.5638303116626652	0.30214025575598075	0.1340294325813541	0.8861873389888734	0.0	partial	partial	partial	partial	persistent	0.16850692620487795	0.0	0.0	0.0	0.1065533004419349	0.007259360569191752	0.0
CAGCGCATCCCGTTCA-E15S	Tumor	E15S	1	53822.0	-0.6423643630696256	0.9611537767108214	0.2819438206477512	0.16240596543732116	0.09769295354308649	0.007780490625355069	0.8945265558315585	0.007454072121906521	0.07309846515145743	0.919447462726636	0.007454072121906521	0.0	0.992219509374645	reverted	reverted	reverted	reverted	reverted	0.9464153028767635	0.0	0.0	0.0	0.0	0.0	0.007780490625355069
TGTATCAGTGCAAGTA-E15S	Tumor	E15S	1	61184.0	1.4846180253221544	0.3061506748419513	0.053493711268870384	0.12573117983322404	0.046682516897899845	0.009758076597848752	0.9435594065042515	0.2059812883558905	0.6537824279922049	0.1402362836519046	0.2059812883558905	0.9435594065042513	0.0	partial	partial	partial	partial	persistent	0.005232600210918863	0.0	0.0	0.0	0.04668251689789984	0.00975807659784875	0.0
GGGATTAGTATTGGGA-E15S	Tumor	E15S	1	61411.0	-0.07961215350823057	0.8950267521946369	0.39779950799063923	0.1309700839153176	0.15664644037143535	0.007255315963949114	0.8360982436646154	0.010115477914015897	0.09605659574714585	0.8938279263388383	0.010115477914015897	0.0	0.9927446840360509	reverted	reverted	reverted	reverted	reverted	0.9926803606240208	0.0	0.0	0.0	0.0	0.0	0.007255315963949115
AGGCGTTTCACGGATC-E15S	Tumor	E15S	1	64587.0	-0.11358080405216252	0.9009170573235925	0.4518678592986092	0.11411954615187986	0.20334164714454706	0.007242170385635114	0.7894161824698179	0.0097405539918848	0.09318106700894634	0.897078378999169	0.0097405539918848	0.0	0.992757829614365	reverted	reverted	reverted	reverted	partial	0.6941047496744547	0.0	0.0	0.0	0.0	0.0	0.007242170385635114
AAGGTCAGTGACTTCG-E15S	Tumor	E15S	1	61333.0	-0.05033647000143138	0.8897043524970014	0.11495070016636273	0.16939317284807012	0.058096139898079206	0.009451676554121262	0.9324521835477994	0.010470202138278586	0.09873972625045656	0.8907900716112648	0.010470202138278586	0.0	0.9905483234458787	reverted	reverted	reverted	reverted	partial	0.5043770823226491	0.0	0.0	0.0	0.0	0.0	0.009451676554121264
CACATAGTCTGGGAAG-E15S	Tumor	E15S	1	62273.0	-0.3077808855853358	0.9292421691932	0.19931394084217374	0.16062891635125134	0.07376863898913523	0.008339385165996423	0.9178919758448683	0.008225553039231207	0.08098431570283567	0.9107901312579331	0.008225553039231207	0.0	0.9916606148340036	reverted	reverted	reverted	reverted	memory	0.9141815091139109	0.0	0.0	0.0	0.0	0.0	0.008339385165996424
GGGCTTGTCGCTTCCA-E15S	Tumor	E15S	1	64056.0	-0.06922585117200296	0.8931649502277906	-0.2524886581715514	0.23522396587022987	0.03543222185303607	0.025165651676558345	0.9394021264704056	0.010237859431873218	0.09698621242781867	0.8927759281403083	0.010237859431873218	0.0	0.9748343483234416	reverted	reverted	reverted	reverted	reverted	0.9085735227448708	0.0	0.0	0.0	0.0	0.0	0.025165651676558345
GCCTGTGAGATAGGCG-E15S	Tumor	E15S	1	64830.0	-0.052358145777957305	0.8900793715003326	-1.2026058196384355	0.6805766894605859	0.04416498416655225	0.10530027313276279	0.8505347427006849	0.010444719501301642	0.09854811312572545	0.8910071673729729	0.010444719501301642	0.0	0.8946997268672372	reverted	reverted	reverted	reverted	reverted	0.9656870283878011	0.0	0.0	0.0	0.0	0.0	0.1053002731327628
AATGACTTCCCGTGAG-E15S	Tumor	E15S	1	63996.0	0.5353191111471577	0.7269077067003084	-0.654428205459224	0.30130385485624245	0.03405326304377591	0.09253093956055922	0.8734157973956648	0.029066305901390616	0.21405269156085693	0.7568810025377525	0.029066305901390616	0.0	0.9074690604394408	reverted	reverted	reverted	reverted	persistent	0.11493271970726857	0.0	0.0	0.0	0.0	0.0	0.09253093956055923
AACCATTAGGATCTCA-E15S	Tumor	E15S	1	61223.0	1.0676944896738298	0.4927810487481319	-0.23005914059128416	0.18700758127676154	0.03313159776805163	0.02275741106672963	0.9441109911652187	0.09708775265714098	0.476941535977647	0.42597071136521203	0.09708775265714098	0.9441109911652187	0.0	partial	partial	partial	partial	persistent	0.25738293487623676	0.0	0.0	0.0	0.03313159776805163	0.02275741106672963	0.0
CTCGAATGTTCCAGAT-E15S	Tumor	E15S	1	64856.0	-0.013389538401740633	0.8826511158082353	-0.11347460249581337	0.20519971135481868	0.038963702165829506	0.01634033777765895	0.9446959600565116	0.010963107723596726	0.10241369394020583	0.8866231983361974	0.010963107723596726	0.0	0.983659662222341	reverted	reverted	reverted	reverted	reverted	0.9171397290160939	0.0	0.0	0.0	0.0	0.0	0.01634033777765895
AAGGGCCAGATTCCTC-E15S	Tumor	E15S	1	60315.0	0.5638139675938563	0.7160688647450376	0.30309883719851005	0.12312838116000777	0.10596556099374935	0.007369098592994359	0.8866653404132562	0.03094448615539108	0.22396969887491694	0.7450858149696918	0.03094448615539108	0.0	0.9926309014070056	reverted	reverted	reverted	reverted	partial	0.30104826511502075	0.0	0.0	0.0	0.0	0.0	0.0073690985929943595
ACTCGTCCAACCTGTC-E15S	Tumor	E15S	1	64857.0	1.3328168045544542	0.3703315660360422	-0.06999673459983424	0.14238464253849276	0.03710284804379594	0.013293863350748936	0.9496032886054551	0.16197309047172567	0.6101032658720887	0.22792364365618561	0.16197309047172567	0.9496032886054551	0.0	partial	partial	partial	partial	persistent	0.04717542748177949	0.0	0.0	0.0	0.03710284804379594	0.013293863350748936	0.0
GCGGCTATCTGGGAAG-E15S	Tumor	E15S	1	64024.0	-0.2172179244260836	0.9171057217298821	0.2995428305667597	0.1406613796556281	0.10426109498585238	0.007505955152868062	0.8882329498612795	0.008811444943649405	0.08584017145132547	0.9053483836050251	0.008811444943649405	0.0	0.9924940448471319	reverted	reverted	reverted	reverted	partial	0.48567931967144135	0.0	0.0	0.0	0.0	0.0	0.007505955152868062
GGAGGTTGTAGTCATC-E15S	Tumor	E15S	1	62994.0	0.0877140737095464	0.8613292108132947	-0.5193673475811426	0.3305556082219942	0.03574711739263194	0.05527457852581862	0.9089783040815493	0.01260889641804165	0.11429154542972253	0.8730995581522357	0.01260889641804165	0.0	0.9447254214741814	reverted	reverted	reverted	reverted	reverted	0.9317103966484072	0.0	0.0	0.0	0.0	0.0	0.05527457852581863
CTTAGCTTCGCTGAGT-E15S	Tumor	E15S	1	63183.0	-0.04165514653110679	0.8880812116741693	-0.03344268226605576	0.1940661969004438	0.04337330898707645	0.013164032851904855	0.9434626581610188	0.010581342805347853	0.09957345349208216	0.88984520370257	0.010581342805347853	0.0	0.9868359671480951	reverted	reverted	reverted	reverted	reverted	0.9644683774465804	0.0	0.0	0.0	0.0	0.0	0.013164032851904851
GCAGTGAAGGTCACTA-E15S	Tumor	E15S	1	63939.0	0.40254800782440237	0.7738790552024238	-0.16943767433910814	0.19438511006061276	0.0355570860891301	0.018882637885726673	0.9455602760251431	0.02197726929073947	0.1743225579633111	0.8037001727459495	0.02197726929073947	0.0	0.9811173621142734	reverted	reverted	reverted	reverted	persistent	0.24871315052189336	0.0	0.0	0.0	0.0	0.0	0.018882637885726677
TGCATAGTCGCTCTCA-E15S	Tumor	E15S	1	62519.0	-0.04682120272709717	0.8890496046039882	-0.20336406241761937	0.23217738757731934	0.03686365934577776	0.021672953775356503	0.9414633868788658	0.010514868836827234	0.0990751806151719	0.8904099505480009	0.010514868836827234	0.0	0.9783270462246435	reverted	reverted	reverted	reverted	reverted	0.8924442268407023	0.0	0.0	0.0	0.0	0.0	0.021672953775356503
CCTAATTCAGTAAGTC-E15S	Tumor	E15S	1	64308.0	0.5576083629255977	0.7184513564655846	0.06387671210527289	0.14785529542646875	0.049401106120144464	0.009917233950194813	0.9406816599296608	0.030523321838126873	0.22176587644362278	0.7477108017182503	0.030523321838126873	0.0	0.9900827660498053	reverted	reverted	reverted	reverted	partial	0.48246652902851017	0.0	0.0	0.0	0.0	0.0	0.009917233950194813
ACATGAGGTTGCCTGA-E15S	Tumor	E15S	1	64199.0	1.0786316483809024	0.48760666007277237	0.19746466387839856	0.11642556232183372	0.07112964806810429	0.007844535363183962	0.9210258165687116	0.09937149217777115	0.4832474574978265	0.4173810503244024	0.09937149217777115	0.9210258165687117	0.0	partial	partial	partial	partial	persistent	0.07772991087631245	0.0	0.0	0.0	0.0711296480681043	0.007844535363183964	0.0
ACCAAATTCGTTACTC-E15S	Tumor	E15S	1	61808.0	1.4017188870607276	0.34046184234755134	-0.21700385263921543	0.16680273879418409	0.03238706865207736	0.021487800593789696	0.946125130754133	0.18148599502128887	0.6335844348387061	0.18492957014000508	0.18148599502128887	0.946125130754133	0.0	partial	partial	partial	partial	persistent	0.04536466152767978	0.0	0.0	0.0	0.03238706865207736	0.021487800593789696	0.0
CTGATAGTCATGACTG-E15S	Tumor	E15S	1	52065.0	0.043503581136245376	0.8710271547168529	0.5191427563609464	0.11057687293042354	0.2781064514199799	0.007306085191064397	0.7145874633889557	0.011831380674929186	0.1087491095033122	0.8794195098217585	0.011831380674929186	0.0	0.9926939148089357	reverted	reverted	reverted	reverted	partial	0.5719754428117705	0.0	0.0	0.0	0.0	0.0	0.007306085191064397
ATGCACGCAATTGGCG-E15S	Tumor	E15S	1	54341.0	-0.32827037295742717	0.9317505582708115	0.6559689732486291	0.10689173990813677	0.4990076354826802	0.007079706556663623	0.4939126579606562	0.008118466078965577	0.08006631924297945	0.911815214678055	0.008118466078965577	0.0	0.9929202934433363	reverted	reverted	reverted	reverted	reverted	0.97252149425191	0.0	0.0	0.0	0.0	0.0	0.007079706556663623
CTCCCTAAGGCTACAC-E15S	Tumor	E15S	1	61028.0	0.25307170449078126	0.8195537384125061	0.45730421976913316	0.11279713915671039	0.20885523977757017	0.007247246758361291	0.7838975134640684	0.016528317371340733	0.14072539804968554	0.8427462845789737	0.016528317371340733	0.0	0.9927527532416387	reverted	reverted	reverted	reverted	inducing	0.7424637922725417	0.0	0.0	0.0	0.0	0.0	0.007247246758361292
CAGGCACCAATGCCAG-E15S	Tumor	E15S	1	55933.0	0.010236068437588598	0.8779385215974849	0.27661598541887233	0.13573974138257616	0.09553376019483868	0.007559297832771673	0.8969069419723896	0.011306762478167741	0.1049409244688589	0.8837523130529732	0.011306762478167741	0.0	0.9924407021672284	reverted	reverted	reverted	reverted	reverted	0.9229151472084749	0.0	0.0	0.0	0.0	0.0	0.007559297832771673
CTTCTATGTCTAGGAA-E15S	Tumor	E15S	1	62701.0	1.4905212659905207	0.3037818550815174	0.06692686041955162	0.12349416767811998	0.04816433379295635	0.00948532175820502	0.9423503444488385	0.20776296178716855	0.6548770655733066	0.13735997263952474	0.20776296178716855	0.9423503444488386	0.0	partial	partial	partial	partial	persistent	0.04413488873926954	0.0	0.0	0.0	0.04816433379295636	0.009485321758205021	0.0
GGCATGAAGATAGGTA-E15S	Tumor	E15S	1	64950.0	1.80311498540034	0.19448283478131023	-0.8525630494365057	0.3015948092410957	0.03499174877144038	0.1922296190448676	0.772778632183692	0.30842551514223965	0.6532385675299589	0.03833591732780154	0.30842551514223965	0.0	0.0	partial	persistent	partial	persistent	persistent	0.011632838011189785	0.772778632183692	0.03499174877144038	0.1922296190448676	0.0	0.0	0.0
TCGACTAAGGATGTCC-E15S	Tumor	E15S	1	63437.0	-0.2601843033466971	0.9230834520656248	0.2280006410423722	0.14558567778813292	0.08037058057612657	0.007929079082106008	0.9117003403417676	0.008509658155356037	0.08336869656990394	0.9081216452747402	0.008509658155356037	0.0	0.992070920917894	reverted	reverted	reverted	reverted	reverted	0.9598042701994036	0.0	0.0	0.0	0.0	0.0	0.007929079082106006
ACCAATTAGCGGAGAC-E15S	Tumor	E15S	1	62560.0	-0.12220127744446381	0.9023643569114713	-0.28523062867129156	0.23902928603937704	0.034794821411747556	0.02793356284689456	0.9372716157413579	0.009651330236166817	0.09249023299144478	0.8978584367723884	0.009651330236166817	0.0	0.9720664371531055	reverted	reverted	reverted	reverted	reverted	0.8918141565873978	0.0	0.0	0.0	0.0	0.0	0.027933562846894563
CTGTCATTCCTTAGCT-E15S	Tumor	E15S	1	60531.0	1.1635174987058783	0.44762153856981485	-0.07910784318414654	0.14954466556210255	0.03700203819727143	0.01376174560594523	0.9492362161967832	0.11834266620929126	0.5307450458603175	0.3509122879303913	0.11834266620929126	0.9492362161967833	0.0	partial	partial	partial	partial	persistent	0.10482725824371975	0.0	0.0	0.0	0.037002038197271436	0.013761745605945232	0.0
CGACTATGTGATGCCC-E15S	Tumor	E15S	1	53195.0	0.07651232445551581	0.8638427995423524	0.4977623084731546	0.11561128498038606	0.2499814383377862	0.007280352095968527	0.7427382095662454	0.012402719774555315	0.11283303432142566	0.874764245904019	0.012402719774555315	0.0	0.9927196479040316	reverted	reverted	reverted	reverted	memory	0.7503037852605112	0.0	0.0	0.0	0.0	0.0	0.007280352095968527
TGGTTCCCATCCCGTG-E15S	Tumor	E15S	1	63723.0	0.6539603556970759	0.6801331556727997	-0.11929292707318256	0.17600057173071945	0.036557229725039386	0.015953830874841972	0.9474889394001186	0.03789756716844419	0.2588252214672998	0.703277211364256	0.03789756716844419	0.9474889394001187	0.0	reverted	partial	reverted	partial	partial	0.6813327502657422	0.0	0.0	0.0	0.03655722972503939	0.015953830874841975	0.0
ATAGGCCTCCTCAGCC-E15S	Tumor	E15S	1	58206.0	-0.28234486175770823	0.9260097824185476	0.289025466046274	0.143690975871431	0.10015369867044804	0.007572616518008888	0.8922736848115431	0.008371072106544223	0.08221379304258365	0.9094151348508723	0.008371072106544223	0.0	0.9924273834819912	reverted	reverted	reverted	reverted	partial	0.5240589938163346	0.0	0.0	0.0	0.0	0.0	0.007572616518008888
CATGTTGAGAACGGCA-E15S	Tumor	E15S	1	64523.0	1.1869685151024028	0.43667151714680236	-0.11410709991128462	0.1533113078302029	0.03535974538248039	0.015265606337242582	0.9493746482802771	0.12395507960045846	0.5432012921130327	0.33284362828650876	0.12395507960045846	0.9493746482802771	0.0	partial	partial	partial	partial	persistent	0.07278175360492213	0.0	0.0	0.0	0.03535974538248039	0.015265606337242582	0.0
TCAAAGGGTTGCGCGT-E15S	Tumor	E15S	1	66224.0	1.3968959090962911	0.34251507994069097	-0.6677055512176532	0.26694656996467037	0.0339870404607144	0.10961979751196659	0.8563931620273189	0.1800932564072261	0.6321342060860002	0.1877725375067737	0.1800932564072261	0.8563931620273191	0.0	partial	partial	partial	partial	persistent	0.13723146863485672	0.0	0.0	0.0	0.03398704046071441	0.10961979751196661	0.0
ACCCGAACACAACCTC-E15S	Tumor	E15S	1	62200.0	2.586638687208943	0.05193303279507704	-0.28446919294176054	0.14705739142439095	0.030374748003833014	0.027448910620725967	0.942176341375441	0.6235792826276109	0.37599564181001865	0.0004250755623705637	0.6235792826276109	0.0	0.0	persistent	persistent	persistent	persistent	persistent	0.005940341529505295	0.942176341375441	0.030374748003833014	0.027448910620725967	0.0	0.0	0.0
CTTCTATGTGAGGATC-E15S	Tumor	E15S	1	63294.0	0.11518251045951834	0.8550005499778855	0.23332252230130435	0.13173680956851785	0.08137076661303964	0.00775060059859597	0.9108786327883643	0.013142524835770029	0.11803103684389253	0.8688264383203373	0.013142524835770029	0.0	0.992249399401404	reverted	reverted	reverted	reverted	persistent	0.2549028403559198	0.0	0.0	0.0	0.0	0.0	0.00775060059859597
ACCTGCCTCGACCCAG-E15S	Tumor	E15S	1	60355.0	0.7392031582434331	0.6440546133149547	0.044511745095701535	0.14417584106902778	0.046874957023563334	0.010223907508207257	0.9429011354682294	0.0461093818675601	0.2967433964917566	0.6571472216406834	0.0461093818675601	0.9429011354682294	0.0	reverted	partial	reverted	partial	persistent	0.19564888059092747	0.0	0.0	0.0	0.046874957023563334	0.010223907508207257	0.0
GCATCCCTCACGGACT-E15S	Tumor	E15S	1	60461.0	-0.18005103026704877	0.9115971639980939	0.06875649889324198	0.17790974409724733	0.05228947716025239	0.01036805677343943	0.937342466066308	0.009110113103377546	0.08823864669905086	0.9026512401975716	0.009110113103377546	0.0	0.9896319432265606	reverted	reverted	reverted	reverted	partial	0.5811328911099006	0.0	0.0	0.0	0.0	0.0	0.010368056773439431
TACCCATTCCCGCTGT-E15S	Tumor	E15S	1	62011.0	0.265390319554189	0.8160791650421714	-0.07663795551807379	0.18299979311947243	0.03945376003207185	0.014360323097493459	0.9461859168704346	0.01689798857851922	0.1431085255945611	0.8399934858269198	0.01689798857851922	0.0	0.9856396769025065	reverted	reverted	reverted	reverted	partial	0.40943592551500735	0.0	0.0	0.0	0.0	0.0	0.01436032309749346
CATCTCACAAGTCGAT-E15S	Tumor	E15S	1	63573.0	0.3662325481267368	0.7856828487569533	0.11942539697822382	0.139603818988944	0.056701642946937844	0.00892226041586572	0.9343760966371965	0.020442312279229553	0.16516723853467405	0.8143904491860965	0.020442312279229553	0.0	0.9910777395841343	reverted	reverted	reverted	reverted	partial	0.48667383096643907	0.0	0.0	0.0	0.0	0.0	0.00892226041586572
CTAATCCTCTATCGAG-E15S	Tumor	E15S	1	59877.0	0.15816860748060543	0.8446173560682578	0.4987433658658871	0.11064644734331666	0.25338779286546737	0.0072897973345178654	0.7393224098000147	0.014063586312744457	0.1243727462453122	0.8615636674419432	0.014063586312744457	0.0	0.9927102026654822	reverted	reverted	reverted	reverted	partial	0.4429422667722159	0.0	0.0	0.0	0.0	0.0	0.0072897973345178654
TGGTACGCATGATAGC-E15S	Tumor	E15S	1	57111.0	-0.6052537342951342	0.9584439311532961	0.10245333046906283	0.1909028666650871	0.057919510207236236	0.0100329786825728	0.932047511110191	0.007444506072004009	0.07328106120653413	0.9192744327214619	0.007444506072004009	0.0	0.9899670213174272	reverted	reverted	reverted	reverted	reverted	0.9967953064193007	0.0	0.0	0.0	0.0	0.0	0.0100329786825728
AGCTTATAGTGATGCC-E15S	Tumor	E15S	1	61877.0	-0.3514853040583752	0.9344928866186545	-0.1174816789809554	0.22831794483784631	0.04057413946502809	0.017063264687707542	0.9423625958472643	0.00800766321348167	0.07910189850681026	0.912890438279708	0.00800766321348167	0.0	0.9829367353122924	reverted	reverted	reverted	reverted	partial	0.30997209360830846	0.0	0.0	0.0	0.0	0.0	0.017063264687707542
CCTGTCGCAAATCGAC-E15S	Tumor	E15S	1	60085.0	2.001454031924004	0.14226220638613843	-0.22786469091968367	0.1511176140594282	0.03138062893208058	0.02212594233208579	0.9464934287358338	0.3796159459019276	0.6058910134232419	0.014493040674830475	0.3796159459019276	0.0	0.0	partial	persistent	partial	persistent	persistent	0.0011227806194698767	0.9464934287358335	0.03138062893208057	0.022125942332085785	0.0	0.0	0.0
CTCGGATAGTTACGGC-E15S	Tumor	E15S	1	61117.0	1.0232656852877509	0.5138046579866611	0.02583476877794133	0.1441681602115722	0.044886290973787005	0.010614892794661995	0.944498816231551	0.08820239143395561	0.45113114886498124	0.46066645970106324	0.08820239143395561	0.944498816231551	0.0	reverted	partial	reverted	partial	persistent	0.11553019958589415	0.0	0.0	0.0	0.044886290973787005	0.010614892794661995	0.0
GGGATTAGTGGAGCAT-E15S	Tumor	E15S	1	61109.0	0.1208486292732982	0.8536656254987302	-0.15866881743610414	0.20615987876310402	0.03681514353734929	0.018537274855791788	0.9446475816068589	0.013257754458711388	0.11883204392208342	0.8679102016192053	0.013257754458711388	0.0	0.9814627251442082	reverted	reverted	reverted	reverted	reverted	0.8685944580070167	0.0	0.0	0.0	0.0	0.0	0.018537274855791788
ACATCATAGCCACTAA-E15S	Tumor	E15S	1	59990.0	1.1553407971073952	0.45145203393141614	0.08582575554277891	0.13417188636309796	0.05131969355546116	0.00932948197627923	0.9393508244682596	0.1164222335504044	0.5263202138140631	0.35725755263553244	0.1164222335504044	0.9393508244682596	0.0	partial	partial	partial	partial	persistent	0.05946018929801441	0.0	0.0	0.0	0.05131969355546116	0.00932948197627923	0.0
ATCGATTAGGCGTAAG-E15S	Tumor	E15S	1	56286.0	0.29675414960489677	0.8069993720939128	0.22511251701072066	0.13831416690047915	0.07928023167539407	0.007870484518941751	0.9128492838056642	0.017897524921695225	0.14946984375543332	0.8326326313228715	0.017897524921695225	0.0	0.9921295154810583	reverted	reverted	reverted	reverted	reverted	0.8548905958308627	0.0	0.0	0.0	0.0	0.0	0.007870484518941751
GCGGTTTAGCGCTACG-E15S	Tumor	E15S	1	62230.0	-0.2907103166759785	0.9270875762112083	-0.7679561438251812	0.4926092669345872	0.04059520683979659	0.07715317224987962	0.8822516209103239	0.00832164332292139	0.08179826468999814	0.9098800919870804	0.00832164332292139	0.0	0.9228468277501203	reverted	reverted	reverted	reverted	reverted	0.9780473506027132	0.0	0.0	0.0	0.0	0.0	0.07715317224987961
TGTACTGAGCCGATGT-E15S	Tumor	E15S	1	63087.0	1.2135799279923112	0.42432071810461974	0.05430636099654347	0.13947943017418601	0.04767226015175932	0.009956305561575321	0.9423714342866655	0.13050557722515146	0.5568628396544559	0.31263158312039263	0.13050557722515146	0.9423714342866653	0.0	partial	partial	partial	partial	partial	0.3868439459169887	0.0	0.0	0.0	0.04767226015175931	0.00995630556157532	0.0
GTAAATGAGCCCGTTC-E15S	Tumor	E15S	1	54197.0	-0.06064492009666098	0.8916049005095291	0.6265410045078535	0.1004575949364757	0.4523782285788367	0.007231474502542437	0.5403902969186208	0.010341819965441729	0.09777261848928148	0.8918855615452769	0.010341819965441729	0.0	0.9927685254974575	reverted	reverted	reverted	reverted	inducing	0.8685322013458225	0.0	0.0	0.0	0.0	0.0	0.007231474502542437
AGCACGTTCCTCTCTC-E15S	Tumor	E15S	1	62372.0	-0.3124880156739541	0.9298258617981126	0.182719554323991	0.16098743277112293	0.07003627656456989	0.008500349892105614	0.9214633735433246	0.008200164758376146	0.0807677840798172	0.9110320511618067	0.008200164758376146	0.0	0.9914996501078943	reverted	reverted	reverted	reverted	inducing	0.9922125224998039	0.0	0.0	0.0	0.0	0.0	0.008500349892105612
CTACTTGCAGGGCACT-E15S	Tumor	E15S	1	58649.0	0.17650665987215264	0.8400064711177138	0.2796847575891155	0.12857042477600164	0.0966128176209256	0.0074885557710392845	0.8958986266080353	0.014491042623394202	0.1272705115227225	0.8582384458538833	0.014491042623394202	0.0	0.9925114442289606	reverted	reverted	reverted	reverted	partial	0.577649175618974	0.0	0.0	0.0	0.0	0.0	0.007488555771039283
AGTACGGAGTGAATCT-E15S	Tumor	E15S	1	61664.0	1.057511956273291	0.4975998364279585	0.10361007429665889	0.1346081722264136	0.05390470473417272	0.009068471337066328	0.937026823928761	0.09499559475849602	0.47104863108033046	0.4339557741611735	0.09499559475849602	0.937026823928761	0.0	partial	partial	partial	partial	partial	0.30941510209567435	0.0	0.0	0.0	0.05390470473417272	0.009068471337066328	0.0
AAGCCGCCACAGCCTT-E15S	Tumor	E15S	1	58374.0	0.4510962382171699	0.7573924466342337	-0.20781101365085433	0.1996462942351985	0.03452164552773909	0.021357182733704294	0.9441211717385567	0.02428066499018587	0.18766602006362887	0.7880533149461854	0.02428066499018587	0.0	0.9786428172662958	reverted	reverted	reverted	reverted	partial	0.4951088421698191	0.0	0.0	0.0	0.0	0.0	0.021357182733704294
CGCATCTCATAAGTGC-E15S	Tumor	E15S	1	61354.0	1.4696196438584253	0.3122152164878949	-0.5649479711973139	0.24089256454872585	0.03305406219546442	0.07840938904824168	0.8885365487562938	0.20147588186397716	0.6507955517722989	0.147728566363724	0.20147588186397716	0.8885365487562938	0.0	partial	partial	partial	partial	persistent	0.03877742310880696	0.0	0.0	0.0	0.03305406219546442	0.07840938904824168	0.0
GCCCTCACAGCTCTGT-E15S	Tumor	E15S	1	57317.0	1.0293394865624224	0.5109317676078396	0.528290761838078	0.09158889509972645	0.3006344094840796	0.007366103061830985	0.6919994874540895	0.08937969410318494	0.45467025976508024	0.4559500461317348	0.08937969410318494	0.6919994874540895	0.0	reverted	partial	reverted	partial	persistent	0.23288728111536963	0.0	0.0	0.0	0.3006344094840796	0.007366103061830985	0.0
ACGCCATAGGTTAGGG-E15S	Tumor	E15S	1	64496.0	-0.3085162427146929	0.9293336495192343	0.012636647930266157	0.20823709896617484	0.04863939485267737	0.012222602718150797	0.9391380024291718	0.008221555569184098	0.0809502651373703	0.9108281792934457	0.008221555569184098	0.0	0.9877773972818492	reverted	reverted	reverted	reverted	reverted	0.9213412712006595	0.0	0.0	0.0	0.0	0.0	0.012222602718150798
CACTCACCAATGAAGG-E15S	Tumor	E15S	1	57695.0	0.21742705576915117	0.8293188769525859	0.2820118768122759	0.13102617752259987	0.09749117869629594	0.007498345251025491	0.8950104760526785	0.01552644248254306	0.13417914122942226	0.8502944162880346	0.01552644248254306	0.0	0.9925016547489746	reverted	reverted	reverted	reverted	partial	0.6558212719732512	0.0	0.0	0.0	0.0	0.0	0.007498345251025492
CATCAATAGCCAATGC-E15S	Tumor	E15S	1	58060.0	0.3482288089948945	0.7913661728871619	0.22070951135297617	0.1321009323343655	0.07782463170775102	0.007835849720038464	0.9143395185722106	0.019735846184930683	0.16087708787338698	0.8193870659416823	0.019735846184930683	0.0	0.9921641502799616	reverted	reverted	reverted	reverted	reverted	0.7596426153237643	0.0	0.0	0.0	0.0	0.0	0.007835849720038464
GTTAGGGAGTGCTCGG-E15S	Tumor	E15S	1	61836.0	1.6742813467852284	0.23554900465503373	-0.9428200646476964	0.38507448153808854	0.034625929319891224	0.1711832119082343	0.7941908587718746	0.2654226205199135	0.6670135119497165	0.06756386753037001	0.2654226205199135	0.0	0.0	partial	persistent	partial	persistent	persistent	0.057007375464183926	0.7941908587718743	0.03462592931989122	0.17118321190823427	0.0	0.0	0.0
CCATCTTAGCGAAGGC-E15S	Tumor	E15S	1	57669.0	1.3379469182010164	0.3680697090903358	-0.03485876480322922	0.1428479348226854	0.03950416361775	0.0121526258546059	0.9483432105276441	0.16339593462374663	0.6120512027737701	0.22455286260248322	0.16339593462374663	0.9483432105276441	0.0	partial	partial	partial	partial	persistent	0.15904383446172043	0.0	0.0	0.0	0.03950416361775	0.0121526258546059	0.0
TGAACATTCCGCCAAG-E15S	Tumor	E15S	1	57751.0	1.0496508070655919	0.5013204025415612	-0.19097531916010604	0.18266204852994344	0.034032475305542625	0.01995278886152225	0.9460147358329352	0.09340297289568852	0.46648746604445546	0.44010956105985594	0.09340297289568852	0.9460147358329352	0.0	partial	partial	partial	partial	persistent	0.025401272156454196	0.0	0.0	0.0	0.034032475305542625	0.01995278886152225	0.0
TCCAGTAAGTCATCGA-E15S	Tumor	E15S	1	59614.0	1.1109206095613537	0.47235037913383204	0.07186313638556593	0.13449645118737727	0.04948908426088547	0.009563303218575667	0.9409476125205389	0.10633131916036773	0.5016683258450477	0.3920003549945845	0.10633131916036773	0.9409476125205389	0.0	partial	partial	partial	partial	persistent	0.029021784815682076	0.0	0.0	0.0	0.04948908426088547	0.009563303218575667	0.0
AGAATAGTCTAATGCG-E15S	Tumor	E15S	1	54749.0	-0.07921643302769614	0.8949563449757588	0.3676159492843837	0.12786402129436153	0.13806254697962572	0.007268766854918913	0.8546686861654553	0.010120072422126624	0.09609157295197754	0.8937883546258959	0.010120072422126624	0.0	0.992731233145081	reverted	reverted	reverted	reverted	memory	0.8770921399651699	0.0	0.0	0.0	0.0	0.0	0.007268766854918913
CTTAGCGGTGCAACGG-E15S	Tumor	E15S	1	60122.0	0.16719454469076872	0.8423615869942236	0.32920375103419075	0.12150558946398525	0.11792711276068205	0.007296409923817488	0.8747764773155005	0.014271277750216665	0.1257841632980369	0.8599445589517464	0.014271277750216665	0.0	0.9927035900761825	reverted	reverted	reverted	reverted	partial	0.3992449591276381	0.0	0.0	0.0	0.0	0.0	0.007296409923817488
TATACCCTCACGGACT-E15S	Tumor	E15S	1	56539.0	0.12282752004310737	0.8531970098866801	0.12428150675393415	0.1595652605961538	0.058865284183403525	0.009158872410625707	0.9319758434059707	0.013298426655378405	0.11911423725782613	0.8675873360867955	0.013298426655378405	0.0	0.9908411275893743	reverted	reverted	reverted	reverted	partial	0.5165175054998441	0.0	0.0	0.0	0.0	0.0	0.009158872410625707
TCACATTCATAGAGTC-E15S	Tumor	E15S	1	59164.0	1.228954218339542	0.4172270765354539	0.1890678842502353	0.11791846381739376	0.06916555238675565	0.007924318692564686	0.9229101289206796	0.13437456346325105	0.5644985652199853	0.30112687131676363	0.13437456346325105	0.9229101289206797	0.0	partial	partial	partial	partial	persistent	0.266764194874858	0.0	0.0	0.0	0.06916555238675566	0.007924318692564688	0.0
GGGACCTCATAACGGT-E15S	Tumor	E15S	1	59623.0	0.8957344743371258	0.5736279364608763	-0.08848913852599585	0.1652588211722665	0.03748227866276819	0.014432704990320561	0.9480850163469113	0.06623654758055297	0.37786321522370314	0.5559002371957439	0.06623654758055297	0.9480850163469113	0.0	reverted	partial	reverted	partial	partial	0.42137344937247784	0.0	0.0	0.0	0.03748227866276819	0.014432704990320561	0.0
ACGGGTAAGCGCAACT-E15S	Tumor	E15S	1	61083.0	1.5722674800345142	0.27207679659064665	0.3612973460360449	0.09774257028982748	0.13711747415917996	0.007170066156410087	0.85571245968441	0.23289744836909837	0.665396725196099	0.10170582643480269	0.23289744836909837	0.0	0.0	partial	persistent	partial	persistent	persistent	0.14121200650773266	0.85571245968441	0.13711747415917996	0.007170066156410087	0.0	0.0	0.0
TAACTGACATCATACT-E15S	Tumor	E15S	1	59073.0	-0.15884264461119102	0.9083075872406446	0.11121449267714115	0.17153917543349412	0.057681792153786264	0.00954353689665644	0.9327746709495573	0.009297284144396215	0.08972163600102813	0.9009810798545757	0.009297284144396215	0.0	0.9904564631033436	reverted	reverted	reverted	reverted	reverted	0.7594721467950036	0.0	0.0	0.0	0.0	0.0	0.00954353689665644
CACGCCAAGGCGCTTG-E15S	Tumor	E15S	1	63203.0	2.606929953205943	0.05007388783101824	-0.25574263563365596	0.14567117148141825	0.03066096922294181	0.024508282774660776	0.9448307480023973	0.6323619987185264	0.3672685106334066	0.0003694906480670672	0.6323619987185264	0.0	0.0	persistent	persistent	persistent	persistent	persistent	0.0019725160837334547	0.9448307480023974	0.030660969222941814	0.02450828277466078	0.0	0.0	0.0
TCGATCAAGGATCCAC-E15S	Tumor	E15S	1	60124.0	0.6374852023891628	0.6868801435266931	0.18067874722150282	0.13613560906457464	0.06815239063756139	0.00819746019247375	0.9236501491699648	0.03650310315223487	0.25205308402290405	0.711443812824861	0.03650310315223487	0.9236501491699649	0.0	reverted	partial	reverted	partial	persistent	0.21239753426033972	0.0	0.0	0.0	0.0681523906375614	0.008197460192473752	0.0
TGCTAACGTGCGCCAT-E15S	Tumor	E15S	1	60441.0	1.2454296415642507	0.4096632942859568	-0.20426503410442878	0.17532228325329963	0.03319219160987788	0.020707125129886067	0.946100683260236	0.13858671692626032	0.5724531298809854	0.2889601531927543	0.13858671692626032	0.946100683260236	0.0	partial	partial	partial	partial	partial	0.36492297320868367	0.0	0.0	0.0	0.03319219160987788	0.020707125129886067	0.0
CGGATAAGTTTCGTCC-E15S	Tumor	E15S	1	58535.0	1.5951011144655791	0.2636003726429474	0.11633965278332627	0.12006224409378859	0.05499326217172611	0.008699575715202273	0.9363071621130717	0.24006662042098476	0.66682774829743	0.09310563128158518	0.24006662042098476	0.0	0.0	partial	persistent	partial	persistent	persistent	0.10050765514822452	0.9363071621130717	0.05499326217172611	0.008699575715202273	0.0	0.0	0.0
TAGTTCCTCAGGAGAT-E15S	Tumor	E15S	1	61034.0	-0.10698036898656914	0.8997960273226054	0.2504686152981371	0.14124364509251663	0.08684289250920628	0.007741767484399623	0.9054153400063941	0.009810456803456366	0.09372049273129851	0.8964690504652449	0.009810456803456366	0.0	0.9922582325156004	reverted	reverted	reverted	reverted	reverted	0.9842402317491022	0.0	0.0	0.0	0.0	0.0	0.007741767484399623
GCGCTTAGTGATTACC-E15S	Tumor	E15S	1	57073.0	0.03364263011274726	0.8731098416670763	-0.03316160974608642	0.1865209393262324	0.04278903613081563	0.012986770216573087	0.9442241936526113	0.011670711897721127	0.10758896566504196	0.880740322437237	0.011670711897721127	0.0	0.987013229783427	reverted	reverted	reverted	reverted	partial	0.4449837112207501	0.0	0.0	0.0	0.0	0.0	0.012986770216573087
GCCATAATCCTGCCTA-E15S	Tumor	E15S	1	62226.0	1.779077066496015	0.20171124728715017	-0.3604508391985819	0.1904373187581309	0.03137698531212975	0.036807188650137324	0.9318158260377327	0.30022571918924895	0.6569899050806056	0.042784375730145555	0.30022571918924895	0.0	0.0	partial	persistent	partial	persistent	persistent	0.05827921994949344	0.9318158260377329	0.031376985312129756	0.03680718865013733	0.0	0.0	0.0
AGCACGTTCTCATCTA-E15S	Tumor	E15S	1	62166.0	0.15777730943134344	0.8447145512651508	-1.0545732832572563	0.5082328365565618	0.03706791677339414	0.13637733171118152	0.8265547515154243	0.014054698811786224	0.12431220120855016	0.8616330999796638	0.014054698811786224	0.0	0.8636226682888185	reverted	reverted	reverted	reverted	reverted	0.7881915062888603	0.0	0.0	0.0	0.0	0.0	0.13637733171118152
ACGAATCCATTACATC-E15S	Tumor	E15S	1	58282.0	1.9643103004121165	0.15106045673752072	0.321213539107052	0.0956765506050541	0.11505544089737982	0.0071884494540991615	0.877756109648521	0.3657748758566043	0.6166818177952406	0.017543306348155163	0.3657748758566043	0.0	0.0	partial	persistent	partial	persistent	persistent	0.006723752446211387	0.877756109648521	0.11505544089737982	0.0071884494540991615	0.0	0.0	0.0
GCGTGTTAGCCGAGTT-E15S	Tumor	E15S	1	62317.0	0.3335954645677575	0.7959032095629716	0.15193059623614957	0.14403721135086409	0.06270794032639912	0.00858891447615061	0.9287031451974503	0.019186670306429437	0.15750710480846747	0.8233062248851031	0.019186670306429437	0.0	0.9914110855238495	reverted	reverted	reverted	reverted	persistent	0.23731867712696114	0.0	0.0	0.0	0.0	0.0	0.00858891447615061
CGCATGGTCTAACCAG-E15S	Tumor	E15S	1	54283.0	-0.5911195968535737	0.9573650087692557	0.6182686344145103	0.11566867862710126	0.42194414630166793	0.007204208241401072	0.570851645456931	0.007446851532886073	0.0733936481651231	0.9191595003019909	0.007446851532886073	0.0	0.992795791758599	reverted	reverted	reverted	reverted	inducing	0.970071748337432	0.0	0.0	0.0	0.0	0.0	0.007204208241401072
AAAGTGATCCTCGTTG-E15S	Tumor	E15S	1	42575.0	0.4420575013361712	0.7605228431631331	0.44241744627034973	0.11652294886141991	0.1941382153463198	0.0072353492596525844	0.7986264353940277	0.02382856248010596	0.18508245421143774	0.7910889833084562	0.02382856248010596	0.0	0.9927646507403475	reverted	reverted	reverted	reverted	reverted	0.7114236622372714	0.0	0.0	0.0	0.0	0.0	0.0072353492596525844
CATCACTTCGCATCCC-E15S	Tumor	E15S	1	57013.0	-0.29490993839216884	0.9276231798254925	-0.014509841261585582	0.20902421809723729	0.046201324566330255	0.012957707227383462	0.9408409682062865	0.008297413555373157	0.08159381554641357	0.9101087708982133	0.008297413555373157	0.0	0.9870422927726166	reverted	reverted	reverted	reverted	reverted	0.8952211858503624	0.0	0.0	0.0	0.0	0.0	0.012957707227383458
CTAGCATGTCAACTTA-E15S	Tumor	E15S	1	56299.0	0.5753104108423206	0.7116230975288723	0.14774673174136208	0.13962872649050284	0.061643568806022994	0.008576179731030243	0.9297802514629466	0.031743149200027555	0.22811804651670245	0.7401388042832701	0.031743149200027555	0.0	0.9914238202689698	reverted	reverted	reverted	reverted	persistent	0.14298311014349693	0.0	0.0	0.0	0.0	0.0	0.008576179731030245
CCTGTGGAGCATGTCA-E15S	Tumor	E15S	1	58486.0	1.9783875669082769	0.14767446492051392	0.1265485968247807	0.11466961932082077	0.05638332520380526	0.008507058725881601	0.9351096160703132	0.37099185314953853	0.6126822451917596	0.0163259016587018	0.37099185314953853	0.0	0.0	partial	persistent	partial	persistent	persistent	0.06424989779532166	0.9351096160703132	0.05638332520380526	0.008507058725881601	0.0	0.0	0.0
ATAGCGAGTGCGAGCA-E15S	Tumor	E15S	1	59486.0	2.0231307006039856	0.13732782503260996	0.0908128070952372	0.11542830201883071	0.050860732182154526	0.00899380224727577	0.9401454655705698	0.3878066917466014	0.599252798732327	0.012940509521071543	0.3878066917466014	0.0	0.0	partial	persistent	partial	persistent	persistent	0.0019554287345440098	0.9401454655705698	0.050860732182154526	0.00899380224727577	0.0	0.0	0.0
GTTAGGGAGGCTATAT-E15S	Tumor	E15S	1	56707.0	0.44479744648174374	0.7595768455818248	-0.08708251177508974	0.1897911502231405	0.03931533009062028	0.014905956436852675	0.9457787134725271	0.023964445017528997	0.1858607282044519	0.790174826778019	0.023964445017528997	0.0	0.9850940435631473	reverted	reverted	reverted	reverted	inducing	0.7054446444142579	0.0	0.0	0.0	0.0	0.0	0.014905956436852675
CATGGTTGTGGCTTGC-E15S	Tumor	E15S	1	60910.0	0.43134320101415424	0.7641975433258291	-0.17190269048042692	0.19755256098038065	0.03567058948622537	0.01908687021126086	0.9452425403025138	0.02330677394696793	0.1820795804266043	0.7946136456264278	0.02330677394696793	0.0	0.9809131297887391	reverted	reverted	reverted	reverted	persistent	0.13107990122274252	0.0	0.0	0.0	0.0	0.0	0.01908687021126086
TGGAATGGTTTGGTCG-E15S	Tumor	E15S	1	60215.0	-0.25272685572268017	0.9220750561732111	-0.0032182197238199706	0.21105463855875278	0.047386285594882664	0.012696415947625684	0.9399172984574916	0.00855884899112343	0.0837753514456792	0.9076657995631974	0.00855884899112343	0.0	0.9873035840523743	reverted	reverted	reverted	reverted	reverted	0.9691838991569388	0.0	0.0	0.0	0.0	0.0	0.012696415947625684
TACCCTTAGCTGGTGT-E15S	Tumor	E15S	1	45030.0	0.3714970704294044	0.7839998516437143	0.6599128068227578	0.09546602797629308	0.519860052830872	0.0070904338881712685	0.47304951328095673	0.020655532261128363	0.16645237276521985	0.8128920949736519	0.020655532261128363	0.0	0.9929095661118288	reverted	reverted	reverted	reverted	partial	0.6217422541792946	0.0	0.0	0.0	0.0	0.0	0.0070904338881712685
ACGTAAGGTCAGGCGA-E15S	Tumor	E15S	1	57839.0	0.4794285264608883	0.7474010904329885	0.09691409329278139	0.15118735313308282	0.054045287832519696	0.009419758958480535	0.9365349532089997	0.025771415706576803	0.19606902676220603	0.7781595575312172	0.025771415706576803	0.0	0.9905802410415194	reverted	reverted	reverted	reverted	persistent	0.2546358017193905	0.0	0.0	0.0	0.0	0.0	0.009419758958480535
CAATCGATCGTCTCTG-E15S	Tumor	E15S	1	64108.0	0.3675516645081878	0.785262042172089	-0.012540415516568315	0.1600336183617435	0.042452721136711495	0.011844972027974209	0.9457023068353143	0.020495451242873233	0.16548793568342005	0.8140166130737068	0.020495451242873233	0.0	0.9881550279720258	reverted	reverted	reverted	reverted	partial	0.3828338211829506	0.0	0.0	0.0	0.0	0.0	0.011844972027974209
GCAAGTGAGTCGATCA-E15S	Tumor	E15S	1	58665.0	0.28703401395551137	0.8098492810589452	0.10809461371616291	0.1499551921422728	0.05561886483452889	0.009233786604957677	0.9351473485605133	0.01757851962932964	0.1474523485783698	0.8349691317923005	0.01757851962932964	0.0	0.9907662133950423	reverted	reverted	reverted	reverted	partial	0.6296937416632904	0.0	0.0	0.0	0.0	0.0	0.009233786604957678
ACAGATGGTTAATCTG-E15S	Tumor	E15S	1	55746.0	0.04671516948749073	0.87034258953109	0.41934433998642506	0.12564407018657417	0.17307094548630414	0.007236931737263645	0.8196921227764322	0.011884677427747547	0.10913278821331637	0.878982534358936	0.011884677427747547	0.0	0.9927630682627364	reverted	reverted	reverted	reverted	partial	0.6999114279228805	0.0	0.0	0.0	0.0	0.0	0.007236931737263645
CACCCTTGTAACGGGT-E15S	Tumor	E15S	1	58869.0	1.6379388663167531	0.24816237561071938	0.2608271150729118	0.10613049824194079	0.08959357828503449	0.007400064324551073	0.9030063573904143	0.25368840306015705	0.6678222073602986	0.07848938957954431	0.25368840306015705	0.0	0.0	partial	persistent	partial	persistent	persistent	0.019631930951241224	0.9030063573904145	0.0895935782850345	0.007400064324551074	0.0	0.0	0.0
TGGCTGACATGGTGAT-E15S	Tumor	E15S	1	55385.0	-0.4552209529495224	0.9455370608579607	0.34371918794441236	0.15647474247774573	0.1231604442232621	0.007477071631633737	0.8693624841451042	0.007640141282780207	0.07571879243452631	0.9166410662826933	0.007640141282780207	0.0	0.9925229283683663	reverted	reverted	reverted	reverted	inducing	0.8171601278370657	0.0	0.0	0.0	0.0	0.0	0.007477071631633737
ATGCCTGGTTGGTCAT-E15S	Tumor	E15S	1	55673.0	0.14779888344709047	0.8471763725605368	-0.8622436599777163	0.4127326083049474	0.03564490615696613	0.12108893731861886	0.8432661565244152	0.01383127458902583	0.12278610412284395	0.8633826212881303	0.01383127458902583	0.0	0.8789110626813811	reverted	reverted	reverted	reverted	partial	0.5256247048414202	0.0	0.0	0.0	0.0	0.0	0.12108893731861883
AACAGGCGTCAGCTAT-E15S	Tumor	E15S	1	61310.0	1.6341383869982673	0.24950721248610952	-0.30115129469008517	0.17737982669550112	0.03135099369921705	0.029303258481414733	0.9393457478193683	0.25247080517652243	0.6678208087808051	0.07970838604267244	0.25247080517652243	0.0	0.0	partial	persistent	partial	persistent	persistent	0.018558717638571857	0.9393457478193683	0.03135099369921705	0.029303258481414733	0.0	0.0	0.0
CTATCAAGTGATTACC-E15S	Tumor	E15S	1	56298.0	1.0456946554285105	0.5031927613276479	0.22879451196567174	0.11929832411355434	0.07964373992179759	0.007661931936977252	0.9126943281412251	0.09260895057743407	0.4641888905520799	0.44320215887048614	0.09260895057743407	0.9126943281412252	0.0	partial	partial	reverted	partial	persistent	0.2332983104868908	0.0	0.0	0.0	0.0796437399217976	0.007661931936977253	0.0
TCTATGCTCCGCGAAT-E15S	Tumor	E15S	1	51764.0	0.3998843087587188	0.7747602749394121	0.19813848824711966	0.14654713924523732	0.07272516014670756	0.008170046158800914	0.9191047936944915	0.021859455040973023	0.17362761009214653	0.8045129348668805	0.021859455040973023	0.0	0.9918299538411991	reverted	reverted	reverted	reverted	partial	0.6364480390416255	0.0	0.0	0.0	0.0	0.0	0.008170046158800914
GGTGGCAGTAACGGGT-E15S	Tumor	E15S	1	57670.0	0.35573391482586203	0.7890105877120926	-0.022526966544678673	0.16722603499102975	0.0421541753516445	0.012265282506113508	0.945580542142242	0.020026134344680913	0.16264595454527844	0.8173279111100407	0.020026134344680913	0.0	0.9877347174938865	reverted	reverted	reverted	reverted	reverted	0.8697284328112915	0.0	0.0	0.0	0.0	0.0	0.01226528250611351
GTTAATGCAAGCTCAG-E15S	Tumor	E15S	1	54650.0	0.8222024707230919	0.6072759025098684	0.2445481207608977	0.11871035618221773	0.08439818263344985	0.007569565326985319	0.9080322520395647	0.05589934841340296	0.33809567984974276	0.6060049717368543	0.05589934841340296	0.9080322520395648	0.0	reverted	partial	reverted	partial	persistent	0.2816787852045761	0.0	0.0	0.0	0.08439818263344986	0.00756956532698532	0.0
AGGCCAAAGCAACCTA-E15S	Tumor	E15S	1	58838.0	-0.1265248265469526	0.9030831201100434	0.3231251840519988	0.13523176401733145	0.1144925862070753	0.0073913673917379175	0.8781160464011869	0.009607451540853866	0.09214951777574767	0.8982430306833986	0.009607451540853866	0.0	0.9926086326082622	reverted	reverted	reverted	reverted	persistent	0.17460567245823597	0.0	0.0	0.0	0.0	0.0	0.0073913673917379175
CCTAGGTAGGTAATCT-E15S	Tumor	E15S	1	57174.0	0.39068379218851307	0.7777852766947598	0.26669309977164257	0.12787510849935954	0.09192616453746147	0.007538377770097772	0.9005354576924407	0.021459021628694508	0.17125610492239457	0.8072848734489109	0.021459021628694508	0.0	0.9924616222299022	reverted	reverted	reverted	reverted	persistent	0.11958627637813109	0.0	0.0	0.0	0.0	0.0	0.007538377770097772
CCCAGGATCAGGACGA-E15S	Tumor	E15S	1	55859.0	0.1278214317680764	0.8520088908452923	0.3182212501096009	0.12957579719099843	0.11244957136911117	0.007368358249119701	0.8801820703817691	0.013402063473007547	0.11983204360150494	0.8667658929254874	0.013402063473007547	0.0	0.9926316417508803	reverted	reverted	reverted	reverted	partial	0.6636010270006866	0.0	0.0	0.0	0.0	0.0	0.007368358249119701
AACCGATCACAGGCTA-E15S	Tumor	E15S	1	59858.0	0.9814834925779125	0.5335327673205551	-0.007635311159319369	0.1521954526859483	0.04231265065553519	0.01156419913556919	0.9461231502088958	0.08042742350898772	0.4268068492429748	0.4927657272480375	0.08042742350898772	0.9461231502088956	0.0	reverted	partial	reverted	partial	persistent	0.2695619750352253	0.0	0.0	0.0	0.04231265065553518	0.011564199135569189	0.0
GTCTACTTCCTTGGTT-E15S	Tumor	E15S	1	55504.0	0.7825183620102891	0.6250417941695225	-0.46559689718611064	0.23871541394244716	0.03261802702105142	0.052884896422784905	0.9144970765561636	0.05098202543325336	0.31780850956625684	0.6312094650004897	0.05098202543325336	0.9144970765561636	0.0	reverted	partial	reverted	partial	partial	0.6312044850490907	0.0	0.0	0.0	0.03261802702105142	0.052884896422784905	0.0
GTAAATGAGTCATTCC-E15S	Tumor	E15S	1	52233.0	-0.26730741065330144	0.9240354553096894	0.4322885202722997	0.12833322593032903	0.18260222403239676	0.007242320117106398	0.810155455850497	0.00846388455848298	0.08298880328874515	0.908547312152772	0.00846388455848298	0.0	0.9927576798828935	reverted	reverted	reverted	reverted	reverted	0.971508977877638	0.0	0.0	0.0	0.0	0.0	0.007242320117106397
CCATAACGTGAGGTTA-E15S	Tumor	E15S	1	59988.0	-0.11626476101221764	0.9013697046933321	-0.11416189049798914	0.22037809038910233	0.04011668847918078	0.01672755069949117	0.9431557608213281	0.00971252455923808	0.09296432578335771	0.897323149657404	0.00971252455923808	0.0	0.9832724493005087	reverted	reverted	reverted	reverted	reverted	0.8204270276834971	0.0	0.0	0.0	0.0	0.0	0.016727550699491167
GTTCAATAGGTAGTGG-E15S	Tumor	E15S	1	57020.0	1.4189641237274089	0.33316947631668314	0.18294847510502515	0.1214988260490822	0.06791343869387688	0.008011925444200638	0.9240746358619224	0.18649660013000524	0.6385250076847774	0.1749783921852173	0.18649660013000524	0.9240746358619225	0.0	partial	partial	partial	partial	persistent	0.017887366186024163	0.0	0.0	0.0	0.06791343869387689	0.00801192544420064	0.0
AGCGGTAAGGGGTCAA-E15S	Tumor	E15S	1	60101.0	1.193277407840524	0.4337357494794599	0.056010628438116106	0.13416869443968155	0.047518190202938404	0.009839980125965217	0.9426418296710962	0.1254908735972148	0.5464881519043497	0.32802097449843537	0.1254908735972148	0.9426418296710963	0.0	partial	partial	partial	partial	persistent	0.019410383106074906	0.0	0.0	0.0	0.04751819020293841	0.009839980125965219	0.0
TACCGCCTCTGGATCA-E15S	Tumor	E15S	1	58471.0	0.5868856833122535	0.7071052822955687	-0.01363684362326012	0.16562374965267185	0.04277003167558753	0.011985617224192124	0.9452443511002205	0.032572008684310365	0.23238147396766476	0.7350465173480248	0.032572008684310365	0.0	0.9880143827758079	reverted	reverted	reverted	reverted	persistent	0.23407499344380134	0.0	0.0	0.0	0.0	0.0	0.01198561722419212
TGATGAAAGTTAGCAT-E15S	Tumor	E15S	1	58357.0	0.8012808339357455	0.6166808596520851	0.12478097323474018	0.13746018351059178	0.057444729829383784	0.008822285049544392	0.9337329851210718	0.05325129250588147	0.32728732023490614	0.6194613872592125	0.05325129250588147	0.9337329851210718	0.0	reverted	partial	reverted	partial	partial	0.46413724297268244	0.0	0.0	0.0	0.057444729829383784	0.008822285049544392	0.0
TGCTACCCAACTACTT-E15S	Tumor	E15S	1	53139.0	0.9786134034475684	0.5348847867146839	0.16071044878205104	0.13167058867045436	0.06368604065809584	0.008335333601118516	0.9279786257407855	0.07991413773046338	0.4251414015083097	0.49494446076122695	0.07991413773046338	0.9279786257407856	0.0	reverted	partial	reverted	partial	partial	0.33884101508109027	0.0	0.0	0.0	0.06368604065809585	0.008335333601118518	0.0
CGTACTAAGAAGGTCG-E15S	Tumor	E15S	1	59181.0	1.6035282765759133	0.26051517933230683	-0.07904660357656476	0.14478560328294662	0.03670931473988197	0.013669423485410968	0.9496212617747072	0.242728605798913	0.667195400859723	0.09007599334136406	0.242728605798913	0.0	0.0	partial	persistent	partial	persistent	persistent	0.007158111789374421	0.9496212617747072	0.03670931473988197	0.013669423485410968	0.0	0.0	0.0
ACGTTCAAGTTAGTAC-E15S	Tumor	E15S	1	58683.0	-0.17893277431430382	0.9114264086554575	-0.00544863451085309	0.21726513314949186	0.0477334313351079	0.01290286479711156	0.9393637038677806	0.009119670104120198	0.08831472142628086	0.902565608469599	0.009119670104120198	0.0	0.9870971352028884	reverted	reverted	reverted	reverted	reverted	0.9920024643270262	0.0	0.0	0.0	0.0	0.0	0.01290286479711156
GGTACGGGTAGCCAGG-E15S	Tumor	E15S	1	57906.0	0.0038863445351912367	0.8792208794588954	-0.3057632319536414	0.2641399417299685	0.035863529760335626	0.029952499889229423	0.934183970350435	0.011212118726904767	0.10424758969973251	0.8845402915733629	0.011212118726904767	0.0	0.9700475001107706	reverted	reverted	reverted	reverted	partial	0.5831709748907659	0.0	0.0	0.0	0.0	0.0	0.029952499889229423
AGTAACGGTAGCGATA-E15S	Tumor	E15S	1	55124.0	-0.07320446111718541	0.893881548952335	-0.05055847436709118	0.21155048565609136	0.043517382972689984	0.014111614459558136	0.942371002567752	0.010190537344561039	0.09662725380172874	0.8931822088537104	0.010190537344561039	0.0	0.9858883855404418	reverted	reverted	reverted	reverted	reverted	0.8324019947252252	0.0	0.0	0.0	0.0	0.0	0.014111614459558133
ACCTAAGTCGTTACAG-E15S	Tumor	E15S	1	57755.0	1.162631142584586	0.44803647304399435	0.045344067267481025	0.13309104389611554	0.04622200532482362	0.010026305239093184	0.9437516894360832	0.11813356823176077	0.5302673258996347	0.3515991058686046	0.11813356823176077	0.9437516894360832	0.0	partial	partial	partial	partial	persistent	0.13680864551033922	0.0	0.0	0.0	0.04622200532482362	0.010026305239093184	0.0
TGGACGAAGTAAGTTC-E15S	Tumor	E15S	1	58702.0	1.8019331337828206	0.19483358771295534	-0.27829156409011147	0.1759753892125875	0.03159424641208858	0.02687870324289575	0.9415270503450157	0.3080203629117234	0.6534346017440312	0.038545035344245415	0.3080203629117234	0.0	0.0	partial	persistent	partial	persistent	persistent	0.027486178953676627	0.9415270503450157	0.03159424641208858	0.02687870324289575	0.0	0.0	0.0
ACGCTGACACCAGCAA-E15S	Tumor	E15S	1	43217.0	-0.19852237283538554	0.9143749780774821	0.7319979400986528	0.09849688964297194	0.652871996292089	0.006481167700666832	0.3406468360072441	0.008957137237798006	0.08701543333974121	0.904027429422461	0.008957137237798006	0.0	0.9935188322993331	reverted	reverted	reverted	reverted	reverted	0.992114158751002	0.0	0.0	0.0	0.0	0.0	0.006481167700666832
GGTAATTTCCCGTTGC-E15S	Tumor	E15S	1	57985.0	0.7246722368891706	0.6503357723607835	0.20564330608309928	0.12608724128307025	0.07359852493459677	0.007880671641674082	0.9185208034237291	0.04458474622248088	0.28994234413867515	0.665472909638844	0.04458474622248088	0.9185208034237291	0.0	reverted	partial	reverted	partial	partial	0.6573064054001423	0.0	0.0	0.0	0.07359852493459677	0.007880671641674082	0.0
AGGTGCTTCCAGCACG-E15S	Tumor	E15S	1	57556.0	0.3424447601844823	0.7931683269494135	-0.1587859114077221	0.20547472986162593	0.03676138454844977	0.01852876858769498	0.9447098468638553	0.019516149395209716	0.1595326723933452	0.820951178211445	0.019516149395209716	0.0	0.9814712314123051	reverted	reverted	reverted	reverted	persistent	0.2821546807308001	0.0	0.0	0.0	0.0	0.0	0.01852876858769498
CACCACCTCAGTACCA-E15S	Tumor	E15S	1	55024.0	0.5273164829456162	0.7299048544744609	0.04275251861665168	0.16017663612842317	0.04783486888466435	0.01054198663116266	0.9416231444841731	0.028563848716333776	0.2113598654523273	0.7600762858313388	0.028563848716333776	0.0	0.9894580133688374	reverted	reverted	reverted	reverted	persistent	0.260350267349737	0.0	0.0	0.0	0.0	0.0	0.01054198663116266
ACTTAACAGCGAGACA-E15S	Tumor	E15S	1	56813.0	1.3388929079885428	0.36765325371590235	0.29774466534115085	0.10386017967783696	0.10398091477669802	0.00726934517407487	0.8887497400492271	0.1636588630790366	0.6124070034299827	0.22393413349098074	0.1636588630790366	0.8887497400492271	0.0	partial	partial	partial	partial	persistent	0.02953475276959644	0.0	0.0	0.0	0.10398091477669802	0.00726934517407487	0.0
CACCATCCATGCTCAC-E15S	Tumor	E15S	1	57345.0	0.251473179202875	0.8200008441174883	0.20736409105370757	0.13500229238925662	0.07443208800771908	0.007962365468278368	0.9176055465240027	0.01648125621621263	0.14042079327051388	0.8430979505132734	0.01648125621621263	0.0	0.9920376345317216	reverted	reverted	reverted	reverted	partial	0.6671313570679608	0.0	0.0	0.0	0.0	0.0	0.007962365468278366
CTTAGCAAGTAGGGCA-E15S	Tumor	E15S	1	58245.0	0.042964698734756085	0.8711417178996035	-0.01908328310032051	0.17741652569286007	0.0432096143033496	0.012379758998776212	0.9444106266978741	0.011822484863345	0.10868501338432902	0.879492501752326	0.011822484863345	0.0	0.9876202410012238	reverted	reverted	reverted	reverted	reverted	0.8420177262185302	0.0	0.0	0.0	0.0	0.0	0.012379758998776214
AATCATCAGTAGCATT-E15S	Tumor	E15S	1	56967.0	-0.24054281445715747	0.9204014662664187	0.050134952680591136	0.18746287417333374	0.050835653224757055	0.01092138470364875	0.9382429620715942	0.008642056452376291	0.08445966683919007	0.9068982767084337	0.008642056452376291	0.0	0.9890786152963512	reverted	reverted	reverted	reverted	reverted	0.9766764105457965	0.0	0.0	0.0	0.0	0.0	0.01092138470364875
ACTCACTTCCGGTTAA-E15S	Tumor	E15S	1	49632.0	0.5882799547047954	0.7065583095918576	0.5775160644857852	0.10139443690488047	0.36782123011630863	0.007334963435560629	0.6248438064481309	0.03267355219652101	0.23290091215740263	0.7344255356460765	0.03267355219652101	0.0	0.9926650365644393	reverted	reverted	reverted	reverted	inducing	0.34460629259148406	0.0	0.0	0.0	0.0	0.0	0.007334963435560627
AACTGAAAGTAACGGG-E15S	Tumor	E15S	1	56729.0	-0.5199547512726426	0.9515141959310707	0.2672360655818854	0.15985328693015244	0.09267395891224021	0.007835264830161982	0.8994907762575978	0.007509060000485923	0.07432621155499887	0.9181647284445151	0.007509060000485923	0.0	0.992164735169838	reverted	reverted	reverted	reverted	partial	0.5999083548871621	0.0	0.0	0.0	0.0	0.0	0.007835264830161984
GGTTGGTTCTAGCTTC-E15S	Tumor	E15S	1	58746.0	0.04108433929473303	0.8715407920947514	-0.8552399560990773	0.42519849560451156	0.03610177915338649	0.11372646388453968	0.8501717569620738	0.011791549412423493	0.10846199203083869	0.8797464585567378	0.011791549412423493	0.0	0.8862735361154603	reverted	reverted	reverted	reverted	reverted	0.8794882853647177	0.0	0.0	0.0	0.0	0.0	0.11372646388453968
CACGTTGGTTCATCGG-E15S	Tumor	E15S	1	49129.0	-0.05496639856710127	0.8905615485319922	0.2641765955601437	0.1467041686598439	0.09138867604303384	0.007719117461534409	0.9008922064954318	0.0104120637533439	0.0983023119039356	0.8912856243427205	0.0104120637533439	0.0	0.9922808825384656	reverted	reverted	reverted	reverted	reverted	0.7745419215559187	0.0	0.0	0.0	0.0	0.0	0.007719117461534409
ACCGATGCACTAACGG-E15S	Tumor	E15S	1	48468.0	-0.1850388793408105	0.9123551829751404	0.4177019703166758	0.1364050295187952	0.1696308957767773	0.007260722649251368	0.8231083815739713	0.009067900391751078	0.08790215539610094	0.9030299442121479	0.009067900391751078	0.0	0.9927392773507486	reverted	reverted	reverted	reverted	reverted	0.9589543722012523	0.0	0.0	0.0	0.0	0.0	0.007260722649251368
GGAGATTAGGATCTAT-E15S	Tumor	E15S	1	60204.0	1.7810105369842333	0.2011224866664187	-0.3069521934048579	0.18161378690237145	0.0314588181993159	0.02995271504144528	0.9385884667592389	0.3008821285039628	0.6567067898144754	0.042411081681561776	0.3008821285039628	0.0	0.0	partial	persistent	partial	persistent	persistent	0.07590023804908996	0.9385884667592387	0.03145881819931589	0.029952715041445272	0.0	0.0	0.0
AACGATTTCACGCAAC-E15S	Tumor	E15S	1	53873.0	-0.048601837642946025	0.889381686813525	0.6575019345091662	0.1039035244405311	0.505433813285034	0.007080158178771272	0.48748602853619455	0.01049218627415875	0.09890489588211435	0.890602917843727	0.01049218627415875	0.0	0.9929198418212287	reverted	reverted	reverted	reverted	partial	0.6945706130296824	0.0	0.0	0.0	0.0	0.0	0.0070801581787712725
TGTAGGTCAAACCCAG-E15S	Tumor	E15S	1	55999.0	0.3822650343558387	0.7805277245366641	-0.05170379056374577	0.1736339839802196	0.040423504279178415	0.013290089250352511	0.9462864064704692	0.021101292190415732	0.16912493475086676	0.8097737730587174	0.021101292190415732	0.0	0.9867099107496474	reverted	reverted	reverted	reverted	reverted	0.9211634601634155	0.0	0.0	0.0	0.0	0.0	0.013290089250352508
AGTATGAAGCCTACCC-E15S	Tumor	E15S	1	53586.0	1.2163540463891305	0.4230383528502714	0.020766855137512627	0.1474747165449818	0.04460731277285151	0.010785878192533892	0.9446068090346146	0.13119920213105832	0.55825519033889	0.31054560753005156	0.13119920213105832	0.9446068090346146	0.0	partial	partial	partial	partial	persistent	0.25331019100574353	0.0	0.0	0.0	0.04460731277285151	0.010785878192533892	0.0
GCGAGGTAGGTACCCG-E15S	Tumor	E15S	1	53192.0	-0.555521522305309	0.954527853702199	0.5291031648476011	0.1443371143384054	0.27064512416244485	0.007241654789018462	0.7221132210485366	0.007467416016373709	0.07378332008496243	0.9187492638986637	0.007467416016373709	0.0	0.9927583452109815	reverted	reverted	reverted	reverted	reverted	0.9561378681612545	0.0	0.0	0.0	0.0	0.0	0.007241654789018463
CTCATGGGTTCCCAAG-E15S	Tumor	E15S	1	59508.0	0.8547514401179258	0.5924869165104162	-0.01051544306067298	0.15807753392736357	0.042483402086503703	0.011752557993466637	0.9457640399200297	0.060273363092776006	0.3553792132604	0.584347423646824	0.060273363092776006	0.9457640399200297	0.0	reverted	partial	reverted	partial	persistent	0.06909676192940216	0.0	0.0	0.0	0.042483402086503703	0.011752557993466637	0.0
CTACGAATCCCCAATT-E15S	Tumor	E15S	1	57954.0	0.5808875841358094	0.7094515088464999	-0.4576720381399966	0.27905581121835654	0.034089589539419964	0.04859433016722867	0.9173160802933513	0.03213937156609837	0.23016134905321223	0.7376992793806895	0.03213937156609837	0.0	0.9514056698327713	reverted	reverted	reverted	reverted	partial	0.41690327307977915	0.0	0.0	0.0	0.0	0.0	0.04859433016722867
TCCACTTAGTAATGAG-E15S	Tumor	E15S	1	53624.0	1.318590349923908	0.37663355793533965	0.23962994776049965	0.12024053880748779	0.08290679997479934	0.007608590201157702	0.9094846098240429	0.15805452872637063	0.6045406361285878	0.23740483514504154	0.15805452872637063	0.909484609824043	0.0	partial	partial	partial	partial	persistent	0.012781264479706206	0.0	0.0	0.0	0.08290679997479936	0.007608590201157703	0.0
GTGACGTTCGTTCGGG-E15S	Tumor	E15S	1	55871.0	0.21303261423804234	0.830493248461164	0.20997559274893648	0.137606740656017	0.07521716286930123	0.007971267259999585	0.9168115698706992	0.015409582269986134	0.13340691899467605	0.8511834987353378	0.015409582269986134	0.0	0.9920287327400005	reverted	reverted	reverted	reverted	partial	0.4507470948676804	0.0	0.0	0.0	0.0	0.0	0.007971267259999585
TATAGGTTCCTGCCAC-E15S	Tumor	E15S	1	52475.0	0.13241741361073933	0.8509084340644114	0.05393157320644394	0.17981660960456913	0.05064628403061955	0.010690685209418316	0.9386630307599622	0.013498716866305478	0.12049987725585942	0.8660014058778351	0.013498716866305478	0.0	0.9893093147905817	reverted	reverted	reverted	reverted	reverted	0.8012052854529976	0.0	0.0	0.0	0.0	0.0	0.010690685209418316
AACTCGATCCAACTCT-E15S	Tumor	E15S	1	54548.0	0.4161119705969211	0.7693539670389478	0.15648961276044443	0.14393673182309566	0.0635792722959986	0.00853747887920518	0.9278832488247961	0.022590601560765613	0.17792030028504394	0.7994890981541907	0.022590601560765613	0.0	0.9914625211207948	reverted	reverted	reverted	reverted	reverted	0.8616453628390467	0.0	0.0	0.0	0.0	0.0	0.008537478879205182
CCTGTAAAGTTACGGC-E15S	Tumor	E15S	1	56953.0	0.09389664947012312	0.8599252831499805	-0.009796645562674289	0.18345209337822566	0.04447576123184333	0.012252736407301366	0.9432715023608553	0.012725476921272984	0.11511280944426394	0.8721617136344632	0.012725476921272984	0.0	0.9877472635926987	reverted	reverted	reverted	reverted	reverted	0.7571220651383934	0.0	0.0	0.0	0.0	0.0	0.012252736407301366
TACAGCGCATCCGCAT-E15S	Tumor	E15S	1	50813.0	-0.3611517545282331	0.9356042739201027	0.424118367134686	0.14050274796961812	0.17348468527353028	0.007267991780839151	0.8192473229456304	0.007964736307206791	0.0787235011803857	0.9133117625124074	0.007964736307206791	0.0	0.9927320082191609	reverted	reverted	reverted	reverted	reverted	0.9408838961029362	0.0	0.0	0.0	0.0	0.0	0.007267991780839153
ACGATTGTCCCTCAGC-E15S	Tumor	E15S	1	51091.0	-0.03727358035025253	0.8872540920022518	0.442864396747948	0.1241839536845655	0.19245342664238313	0.007240285308301747	0.800306288049315	0.010638506291159958	0.10000103299072122	0.8893604607181188	0.010638506291159958	0.0	0.9927597146916982	reverted	reverted	reverted	reverted	reverted	0.9594943922031501	0.0	0.0	0.0	0.0	0.0	0.007240285308301747
CGTACCCTCTGGCCTC-E15S	Tumor	E15S	1	57005.0	0.8509175536122844	0.5942381809145448	0.2949308745651822	0.11426116583045384	0.102656065305485	0.007336726086083714	0.8900072086084314	0.059741757608699056	0.3533153720837027	0.5869428703075982	0.059741757608699056	0.8900072086084312	0.0	reverted	partial	reverted	partial	partial	0.6421410584546953	0.0	0.0	0.0	0.10265606530548498	0.007336726086083712	0.0
GTCCCTTGTGAACCTT-E15S	Tumor	E15S	1	55825.0	0.16863893514401052	0.8419981432488921	0.04736595885244571	0.1722359587901406	0.04928121266180282	0.010675065298928548	0.9400437220392687	0.014304996553866047	0.12601268717793715	0.8596823162681969	0.014304996553866047	0.0	0.9893249347010715	reverted	reverted	reverted	reverted	partial	0.6156853100875672	0.0	0.0	0.0	0.0	0.0	0.010675065298928548
TCATGCTTCGTTAAGT-E15S	Tumor	E15S	1	57119.0	2.001122910211378	0.1423387157556221	-0.11054540468730037	0.13936377455154744	0.03471673546514484	0.014849623137657142	0.9504336413971981	0.3794914776007911	0.605990527485049	0.014517994914159863	0.3794914776007911	0.0	0.0	partial	persistent	partial	persistent	reverting	0.0017225005138945739	0.9504336413971981	0.03471673546514484	0.014849623137657142	0.0	0.0	0.0
TGTCAGGCATTAACGA-E15S	Tumor	E15S	1	56837.0	0.5778183615883966	0.7106477693551398	-0.20154331862084532	0.1986856699826672	0.03466653719489908	0.02092340281782929	0.9444100599872717	0.03192060615057888	0.22903437986362246	0.7390450139857986	0.03192060615057888	0.0	0.9790765971821708	reverted	reverted	reverted	reverted	partial	0.4696387546902228	0.0	0.0	0.0	0.0	0.0	0.02092340281782929
GTTATCCTCACATAGT-E15S	Tumor	E15S	1	56499.0	2.1587193626725276	0.10964681923000169	-0.001231718131716214	0.12807181791769012	0.041281188638448714	0.010977180273682306	0.9477416310878689	0.44092585125823003	0.5528947023975593	0.006179446344210708	0.44092585125823003	0.0	0.0	partial	persistent	partial	persistent	persistent	0.004551198193009687	0.9477416310878689	0.041281188638448714	0.010977180273682306	0.0	0.0	0.0
CCTTGAAAGCAAGCGA-E15S	Tumor	E15S	1	50008.0	0.03460586863401612	0.8729076740360496	0.23181969179694015	0.14529943480795998	0.08142889707424367	0.007899846505971767	0.9106712564197845	0.011686210598255357	0.1077011090407826	0.8806126803609621	0.011686210598255357	0.0	0.9921001534940282	reverted	reverted	reverted	reverted	reverted	0.9204730969207903	0.0	0.0	0.0	0.0	0.0	0.007899846505971768
GTCCGTTCAACTACTT-E15S	Tumor	E15S	1	52329.0	-0.24373425192370204	0.9208429870625819	0.12453322870747363	0.1748564533310539	0.06003988035104281	0.009408069744883452	0.9305520499040738	0.008619917444308827	0.08427801146458273	0.9071020710911083	0.008619917444308827	0.0	0.9905919302551166	reverted	reverted	reverted	reverted	reverted	0.9583185567300799	0.0	0.0	0.0	0.0	0.0	0.009408069744883452
TCAGTTGAGAAGGGAA-E15S	Tumor	E15S	1	56076.0	0.08798370214420516	0.8612682310911666	-0.05700736048739313	0.19323624193910163	0.0415494371463062	0.013897860115263998	0.9445527027384298	0.012613938879848813	0.11432711850287187	0.8730589426172792	0.012613938879848813	0.0	0.986102139884736	reverted	reverted	reverted	reverted	memory	0.8720969472333469	0.0	0.0	0.0	0.0	0.0	0.013897860115263998
CCTTTAGCAGGCAATT-E15S	Tumor	E15S	1	54925.0	0.8358485342233105	0.6010979080050798	-0.5580471899957495	0.26273231469429215	0.03326064898914904	0.07204014652480899	0.894699204486042	0.0576949348133652	0.34527484951181786	0.597030215674817	0.0576949348133652	0.894699204486042	0.0	reverted	partial	reverted	partial	persistent	0.0817234062330809	0.0	0.0	0.0	0.03326064898914904	0.07204014652480899	0.0
TAGTCCCCACCTTGCG-E15S	Tumor	E15S	1	51816.0	-0.05067861935942357	0.8897678995885661	0.5667537620658698	0.11402995713184806	0.3412374924626763	0.007298668587962745	0.6514638389493609	0.010465878914792214	0.0987072304116763	0.8908268906735316	0.010465878914792214	0.0	0.9927013314120372	reverted	reverted	reverted	reverted	partial	0.6341506238961734	0.0	0.0	0.0	0.0	0.0	0.007298668587962745
CGCTACCTCGAACCCG-E15S	Tumor	E15S	1	52803.0	1.2829361977193994	0.3926079135988131	0.3057467771251302	0.1124747077515809	0.10731588522971212	0.007297674055565529	0.8853864407147223	0.1484180158808598	0.5896005894303711	0.2619813946887692	0.1484180158808598	0.8853864407147224	0.0	partial	partial	partial	partial	persistent	0.0236548558960761	0.0	0.0	0.0	0.10731588522971214	0.00729767405556553	0.0
CAGTAAGGTGAGGTCG-E15S	Tumor	E15S	1	54026.0	0.5604380061334188	0.717366492064866	-0.06808492339150071	0.18044874418080656	0.03981440909122682	0.013995205729769438	0.9461903851790038	0.030714510513904614	0.22276771318005745	0.7465177763060381	0.030714510513904614	0.0	0.9860047942702306	reverted	reverted	reverted	reverted	partial	0.3485005974957351	0.0	0.0	0.0	0.0	0.0	0.013995205729769438
AACCGATCAAGGTCTG-E15S	Tumor	E15S	1	54040.0	1.6219597996293105	0.25384939577634186	-1.1422830838708231	0.43826071155087515	0.0340083690392172	0.22817286503403736	0.7378187659267454	0.24858100692125418	0.6677038171896515	0.08371517588909434	0.24858100692125418	0.0	0.0	partial	persistent	partial	persistent	persistent	0.04634726894020822	0.7378187659267454	0.0340083690392172	0.22817286503403736	0.0	0.0	0.0
CCTTGGGAGCGAACCT-E15S	Tumor	E15S	1	54914.0	0.9529139191082397	0.5469659483489763	-0.16433718366947067	0.18092161415445995	0.03488612797412515	0.0183274386227959	0.946786433403079	0.07543699915724743	0.4102902726545701	0.5142727281881825	0.07543699915724743	0.946786433403079	0.0	reverted	partial	reverted	partial	persistent	0.0031149548402727278	0.0	0.0	0.0	0.03488612797412515	0.0183274386227959	0.0
ATCACGATCCGGGCTA-E15S	Tumor	E15S	1	55636.0	1.74906940826581	0.21101399696567655	0.0028399933404304883	0.13247297944442682	0.041916297285198155	0.0109490863121828	0.9471346164026191	0.290106779527051	0.6609502434809413	0.04894297699200771	0.290106779527051	0.0	0.0	partial	persistent	partial	persistent	persistent	0.02666503125140203	0.9471346164026191	0.041916297285198155	0.0109490863121828	0.0	0.0	0.0
CTCGAATGTCTGTGTG-E15S	Tumor	E15S	1	56967.0	1.20755040462194	0.42711142305310296	-0.6066841038123442	0.28123095549180727	0.03367936364729603	0.0824938122379531	0.8838268241147509	0.12900490669274395	0.553815164537533	0.31717992876972306	0.12900490669274395	0.8838268241147509	0.0	partial	partial	partial	partial	partial	0.4085894865909173	0.0	0.0	0.0	0.03367936364729603	0.0824938122379531	0.0
GTACGATCACAGCGGT-E15S	Tumor	E15S	1	55553.0	1.0691985272107363	0.492069369319319	0.22550055807955233	0.11233139590163373	0.0784696752194765	0.0076207005227109615	0.9139096242578126	0.09739956613984009	0.47781027450036545	0.4247901593597945	0.09739956613984009	0.9139096242578126	0.0	partial	partial	partial	partial	persistent	0.09007337567288043	0.0	0.0	0.0	0.0784696752194765	0.0076207005227109615	0.0
CTTGGGACAAGGTGCC-E15S	Tumor	E15S	1	54636.0	0.9392383620476191	0.5533731687805485	0.1267220721652023	0.13622326361684578	0.057691725647897776	0.008780505088188794	0.9335277692639135	0.07314151762526823	0.40244537978748235	0.5244131025872495	0.07314151762526823	0.9335277692639135	0.0	reverted	partial	reverted	partial	persistent	0.24447699754512345	0.0	0.0	0.0	0.057691725647897776	0.008780505088188794	0.0
AGAGACCGTCTTGCCT-E15S	Tumor	E15S	1	59217.0	-0.35825073823963866	0.9352725902888367	-0.22697835413324755	0.2612157033711113	0.03811881344989805	0.023756348150552276	0.9381248383995496	0.007977423834729018	0.0788356491797955	0.9131869269854754	0.007977423834729018	0.0	0.9762436518494477	reverted	reverted	reverted	reverted	reverted	0.9932506645575897	0.0	0.0	0.0	0.0	0.0	0.023756348150552276
ATAGGCTCATTGCGTC-E15S	Tumor	E15S	1	56875.0	0.9280654382637469	0.5585948341654322	-0.193770657921872	0.18459174153223726	0.03405583598501706	0.020166167780137648	0.9457779962348454	0.07131068846119719	0.39607340000238267	0.5326159115364202	0.07131068846119719	0.9457779962348454	0.0	reverted	partial	reverted	partial	partial	0.5707793788544957	0.0	0.0	0.0	0.03405583598501706	0.020166167780137648	0.0
GGTTAAGGTGATGACA-E15S	Tumor	E15S	1	54348.0	0.9709092459962425	0.5385114131397094	-0.2920067499549309	0.20524143949951396	0.032759207300418966	0.028372944372805575	0.9388678483267755	0.0785495398645175	0.4206768635482418	0.5007735965872407	0.0785495398645175	0.9388678483267755	0.0	reverted	partial	reverted	partial	persistent	0.008194823999655845	0.0	0.0	0.0	0.032759207300418966	0.028372944372805575	0.0
TCATGCTTCCAACTAG-E15S	Tumor	E15S	1	57490.0	0.41993610916591023	0.7680667934746884	-0.17897305474167388	0.2076843595073802	0.036079351721457806	0.01970087192875065	0.9442197763497917	0.02276764113180364	0.1789526136729944	0.798279745195202	0.02276764113180364	0.0	0.9802991280712493	reverted	reverted	reverted	reverted	partial	0.5588373961621225	0.0	0.0	0.0	0.0	0.0	0.019700871928750648
GTAGTAAAGTGGGTCT-E15S	Tumor	E15S	1	51288.0	-0.3594960238880913	0.9354151626286517	0.58674195851684	0.11645999285980797	0.3696831849678781	0.007269435449289974	0.6230473795828319	0.007971957162937315	0.0787873606924842	0.9132406821445785	0.007971957162937315	0.0	0.9927305645507101	reverted	reverted	reverted	reverted	memory	0.9434855520169896	0.0	0.0	0.0	0.0	0.0	0.0072694354492899745
CTTAGTAGTCTTGAGT-E15S	Tumor	E15S	1	58909.0	0.42482061151659317	0.7664154306087857	-0.6188719823725725	0.31441720811862567	0.03434543591586868	0.07866478598853754	0.8869897780955939	0.02299645777295869	0.18028280100873662	0.7967207412183047	0.02299645777295869	0.0	0.9213352140114626	reverted	reverted	reverted	reverted	reverted	0.74172312671444	0.0	0.0	0.0	0.0	0.0	0.07866478598853754
TGACATTAGTTAGACT-E15S	Tumor	E15S	1	51840.0	-0.3359035017186421	0.9326637840198487	0.6766824462652435	0.10719451627371868	0.5372837885246006	0.006954476800546663	0.4557617346748528	0.008080817452560429	0.07974045040885985	0.9121787321385796	0.008080817452560429	0.0	0.9930455231994534	reverted	reverted	reverted	reverted	inducing	0.9418568562638641	0.0	0.0	0.0	0.0	0.0	0.006954476800546663
TACAGGTCACTTGACC-E15S	Tumor	E15S	1	51663.0	0.11740344530246924	0.8544785119542881	-0.03463543477074968	0.195948233040495	0.04343315850935771	0.013243002595443943	0.9433238388951983	0.013187475538871297	0.1183437749377264	0.8684687495234024	0.013187475538871297	0.0	0.986756997404556	reverted	reverted	reverted	reverted	partial	0.3622419736343634	0.0	0.0	0.0	0.0	0.0	0.013243002595443943
CCGAATGCAAGGTCAT-E15S	Tumor	E15S	1	49554.0	0.13156523126913724	0.8511129880917764	0.23097511194259934	0.14932975066418952	0.08134965756677673	0.007950037898549176	0.9107003045346742	0.013480702508845794	0.12037552236253196	0.8661437751286222	0.013480702508845794	0.0	0.9920499621014509	reverted	reverted	reverted	reverted	inducing	0.9533578516362435	0.0	0.0	0.0	0.0	0.0	0.007950037898549176
ACATGTTAGCCCGTGA-E15S	Tumor	E15S	1	52289.0	-0.38170402653613233	0.9379091184421321	0.5477612333646156	0.12066581302458303	0.30939146169433973	0.00728586767975188	0.6833226706259083	0.007879582021259478	0.077963287681058	0.9141571302976824	0.007879582021259478	0.0	0.9927141323202481	reverted	reverted	reverted	reverted	partial	0.6514937152532205	0.0	0.0	0.0	0.0	0.0	0.00728586767975188
GCTTTGGGTTGGAGCG-E15S	Tumor	E15S	1	51904.0	-0.3049357410384101	0.9288871944501901	0.5547467767627996	0.11403135031876276	0.32377666427070767	0.007304196396397159	0.6689191393328952	0.008241129005250892	0.08111684201503283	0.9106420289797161	0.008241129005250892	0.0	0.9926958036036029	reverted	reverted	reverted	reverted	reverted	0.9853068475889885	0.0	0.0	0.0	0.0	0.0	0.007304196396397159
GCATAGTCATCGCTGT-E15S	Tumor	E15S	1	52698.0	-0.06563516370604297	0.892514567340347	0.1899748560833947	0.15688781928285275	0.07139946472442353	0.008374820621713727	0.9202257146538627	0.010281044236110596	0.09731324331219864	0.8924057124516909	0.010281044236110596	0.0	0.9916251793782863	reverted	reverted	reverted	reverted	partial	0.6589813756918819	0.0	0.0	0.0	0.0	0.0	0.008374820621713729
GGTTACATCAAGTCCA-E15S	Tumor	E15S	1	48548.0	-0.3149458931364889	0.9301288710609433	0.2676769665549871	0.15900493039153127	0.09280024389482515	0.007823813642823724	0.8993759424623511	0.008187095846483326	0.08065606396758279	0.9111568401859339	0.008187095846483326	0.0	0.9921761863571763	reverted	reverted	reverted	reverted	partial	0.608342350380329	0.0	0.0	0.0	0.0	0.0	0.007823813642823725
TCTGCCTGTCAGGAGT-E15S	Tumor	E15S	1	54299.0	0.7350126821305513	0.645871202028737	-0.13052049845860167	0.18661239566051194	0.03673236292409205	0.016699238339786683	0.9465683987361213	0.04566417975087887	0.2947681303725666	0.6595676898765545	0.04566417975087887	0.9465683987361213	0.0	reverted	partial	reverted	partial	partial	0.6486805447642358	0.0	0.0	0.0	0.03673236292409205	0.016699238339786683	0.0
CTCATCACAATGGGCC-E15S	Tumor	E15S	1	54145.0	-0.636327276540564	0.9607247889971433	0.4640049252159658	0.141857452312297	0.20552358440188648	0.00725761680201487	0.7872187987960987	0.0074509628922880345	0.07311705648400849	0.9194319806237036	0.0074509628922880345	0.0	0.9927423831979851	reverted	reverted	reverted	reverted	reverted	0.9945345605584474	0.0	0.0	0.0	0.0	0.0	0.00725761680201487
CGCTTAGGTGCAGCCT-E15S	Tumor	E15S	1	54365.0	-0.012903390661115831	0.8825557539418142	0.32453459428968856	0.14816518072550444	0.11467391063481111	0.007476348402659838	0.8778497409625291	0.010969948439883458	0.10246426584164375	0.8865657857184728	0.010969948439883458	0.0	0.9925236515973402	reverted	reverted	reverted	reverted	reverted	0.8030786257594213	0.0	0.0	0.0	0.0	0.0	0.007476348402659838
CGCTAATGTTTAGCCG-E15S	Tumor	E15S	1	54938.0	0.5829018651652914	0.7086648374139813	0.004331245924145272	0.1580683947953088	0.043796043457318135	0.011370608068677021	0.9448333484740048	0.03228390288786246	0.23090429398578344	0.7368118031263542	0.03228390288786246	0.0	0.9886293919313229	reverted	reverted	reverted	reverted	partial	0.5771329540381651	0.0	0.0	0.0	0.0	0.0	0.011370608068677021
GGAGATTAGTCATGTG-E15S	Tumor	E15S	1	55680.0	1.2625258575842724	0.40185948615270145	-0.19737318058559064	0.1778148153500119	0.03354185707184481	0.020283723677592035	0.9461744192505632	0.14302732709789556	0.5804414283709742	0.27653124453113026	0.14302732709789556	0.9461744192505632	0.0	partial	partial	partial	partial	persistent	0.01179562821088715	0.0	0.0	0.0	0.03354185707184481	0.020283723677592035	0.0
TGTAGCGCAAGGTGAA-E15S	Tumor	E15S	1	56038.0	0.6168914776505803	0.6952036169717956	-0.0816696829160507	0.169713185763745	0.03818836591262038	0.014262739323815193	0.9475488947635644	0.03484083099485304	0.24384232564803698	0.7213168433571101	0.03484083099485304	0.9475488947635644	0.0	reverted	partial	reverted	partial	persistent	0.21259110306569953	0.0	0.0	0.0	0.03818836591262038	0.014262739323815193	0.0
AACCACGCAGTTGAGT-E15S	Tumor	E15S	1	50492.0	-0.07868179555578128	0.8948611552297209	0.11417704410703068	0.18580821488035867	0.059259891711255466	0.00975369157021711	0.9309864167185274	0.010126288347935894	0.09613888406199866	0.8937348275900656	0.010126288347935894	0.0	0.9902463084297829	reverted	reverted	reverted	reverted	reverted	0.9791643572310892	0.0	0.0	0.0	0.0	0.0	0.00975369157021711
CACCCATCATCACTTG-E15S	Tumor	E15S	1	48036.0	2.916472764382239	0.02850113662182798	0.47083264519467194	0.08948427792892409	0.23022536194078086	0.007287765275099914	0.7624868727841192	0.7587262566845441	0.24123632260301034	3.742071244559958e-05	0.7587262566845441	0.0	0.0	persistent	persistent	persistent	persistent	persistent	5.6035913692500404e-05	0.7624868727841193	0.2302253619407809	0.007287765275099915	0.0	0.0	0.0
CCTATAGAGTAGCGGA-E15S	Tumor	E15S	1	74018.0	0.0415459775381321	0.8714429149613663	-0.4961804070179242	0.28257031420228834	0.033916912519911364	0.05518741080269361	0.910895676677395	0.011799129092877924	0.10851665384535018	0.8796842170617718	0.011799129092877924	0.0	0.9448125891973064	reverted	reverted	reverted	reverted	reverted	0.7677028997537106	0.0	0.0	0.0	0.0	0.0	0.05518741080269361
GCTTTGAAGTAACGGG-E15S	Tumor	E15S	1	55847.0	1.8350143186851378	0.18519629823263664	0.1681146682499687	0.11238983850733329	0.06420424824103466	0.008046274378311166	0.9277494773806542	0.31944105408400436	0.6475123438303917	0.03304660208560402	0.31944105408400436	0.0	0.0	partial	persistent	partial	persistent	persistent	0.13118180457489564	0.9277494773806542	0.06420424824103466	0.008046274378311166	0.0	0.0	0.0
CTTGCTTAGGTACAGG-E15S	Tumor	E15S	1	54056.0	0.19960782749911676	0.8340410569700301	0.12905454676661693	0.1610376470515239	0.059763540203305016	0.009118305604099859	0.9311181541925952	0.01506120335603871	0.13109363472816582	0.8538451619157953	0.01506120335603871	0.0	0.9908816943959002	reverted	reverted	reverted	reverted	reverted	0.8532268628819408	0.0	0.0	0.0	0.0	0.0	0.009118305604099859
ACTATCCTCCCGTGAG-E15S	Tumor	E15S	1	51393.0	-0.39020789508665077	0.9388400768628086	-0.3336900147902343	0.3078889974463306	0.03808488986390049	0.032644844874168695	0.9292702652619308	0.007846738269737735	0.07766610152949129	0.9144871602007709	0.007846738269737735	0.0	0.9673551551258313	reverted	reverted	reverted	reverted	reverted	0.9944687241161155	0.0	0.0	0.0	0.0	0.0	0.032644844874168695
TAACGAGGTTACACGT-E15S	Tumor	E15S	1	50785.0	0.03733692112823112	0.8723329751524741	-0.3304352725325528	0.28826086251411864	0.03681853014734197	0.032321621636722093	0.930859848215936	0.011730383020742552	0.10802045301349884	0.8802491639657586	0.011730383020742552	0.0	0.967678378363278	reverted	reverted	reverted	reverted	reverted	0.950523765738854	0.0	0.0	0.0	0.0	0.0	0.032321621636722093
TAGGGTTCAAGCTCCT-E15S	Tumor	E15S	1	50305.0	-0.23788432104028395	0.9200319594920245	0.16417135560131021	0.18205712216619288	0.06763524007311471	0.00901926002363414	0.9233454999032511	0.00866068658928254	0.08461230233170304	0.9067270110790142	0.00866068658928254	0.0	0.9909807399763658	reverted	reverted	reverted	reverted	reverted	0.8256524360384411	0.0	0.0	0.0	0.0	0.0	0.00901926002363414
ACCCTATTCCCATAGA-E15S	Tumor	E15S	1	46544.0	0.9215975137332961	0.5616117823446534	0.5068059062216632	0.09932342338950037	0.26837469966385163	0.007322251079788685	0.7243030492563598	0.07026906967373898	0.39240183128477446	0.5373290990414865	0.07026906967373898	0.7243030492563598	0.0	reverted	partial	reverted	partial	partial	0.3482372982444791	0.0	0.0	0.0	0.26837469966385163	0.007322251079788685	0.0
AGCTTACGTCAGTAGA-E15S	Tumor	E15S	1	50689.0	1.127653301860569	0.4644627822011849	0.2968170090727326	0.1152534700885954	0.10343074316058669	0.007337457567111368	0.8892317992723019	0.11006359309161502	0.5110644412111796	0.3788719656972055	0.11006359309161502	0.8892317992723019	0.0	partial	partial	partial	partial	persistent	0.04451418111478375	0.0	0.0	0.0	0.10343074316058669	0.007337457567111368	0.0
CATCCGGAGCTAAGTT-E15S	Tumor	E15S	1	52631.0	1.9491605751119632	0.15477543245200096	0.11768881179166174	0.11553553689489832	0.054953217639740336	0.00862642624805677	0.9364203561122029	0.3601992984894322	0.6208578360651186	0.018942865445449215	0.3601992984894322	0.0	0.0	partial	persistent	partial	persistent	persistent	0.00151090845244916	0.9364203561122029	0.054953217639740336	0.00862642624805677	0.0	0.0	0.0
GTGAGTGAGTGAAGGT-E15S	Tumor	E15S	1	53128.0	1.1442099875602993	0.45667559763401155	-0.1527745859196943	0.17133475149061206	0.03474737006916556	0.017507314521630898	0.9477453154092036	0.11383894978367179	0.5202352494430267	0.3659258007733015	0.11383894978367179	0.9477453154092036	0.0	partial	partial	partial	partial	persistent	0.03391995042957113	0.0	0.0	0.0	0.03474737006916556	0.017507314521630898	0.0
GGTCATCAGGAACCTC-E15S	Tumor	E15S	1	49587.0	0.6629288652159002	0.6764281509434721	0.37802753171674064	0.11751250404251291	0.14554661556715673	0.007223447761359128	0.8472299366714842	0.03868159792932998	0.26258790432726065	0.6987304977434093	0.03868159792932998	0.8472299366714842	0.0	reverted	partial	reverted	partial	partial	0.6927140517785514	0.0	0.0	0.0	0.14554661556715673	0.007223447761359128	0.0
GCGGAGTAGGCGTCAT-E15S	Tumor	E15S	1	56748.0	0.6628720554629832	0.6764516901897076	-0.5267740576864378	0.2717526028700645	0.033441506475467855	0.06276349590135438	0.9037949976231776	0.038676575320975355	0.26256390115799083	0.6987595235210338	0.038676575320975355	0.9037949976231777	0.0	reverted	partial	reverted	partial	persistent	0.15055518815139188	0.0	0.0	0.0	0.03344150647546786	0.0627634959013544	0.0
TCACGAATCAGGCTTA-E15S	Tumor	E15S	1	53193.0	0.5169695467812496	0.7337491346479643	-0.38653464216892863	0.2556789808073956	0.0338281429738062	0.03895169845322172	0.9272201585729721	0.027929865949151415	0.2079373446105922	0.7641327894402563	0.027929865949151415	0.0	0.9610483015467783	reverted	reverted	reverted	reverted	reverted	0.8759221014030552	0.0	0.0	0.0	0.0	0.0	0.03895169845322172
TCGATAGTCGTGAACC-E15S	Tumor	E15S	1	54068.0	-0.453370154766759	0.9453563425125442	0.44212303029890354	0.13715890614866572	0.18831416247615151	0.007255279026418533	0.80443055849743	0.007644962831918977	0.07576647542608073	0.9165885617420003	0.007644962831918977	0.0	0.9927447209735815	reverted	reverted	reverted	reverted	reverted	0.7400163076075308	0.0	0.0	0.0	0.0	0.0	0.007255279026418533
AATGAACGTTGCGGTC-E15S	Tumor	E15S	1	50597.0	0.49474255438059644	0.7418884999769615	0.2747742175601732	0.13101743820962192	0.09482839946657534	0.007528369159572585	0.897643231373852	0.02662577393846426	0.20080765621373178	0.7725665698478039	0.02662577393846426	0.0	0.9924716308404274	reverted	reverted	reverted	reverted	partial	0.6286266355988783	0.0	0.0	0.0	0.0	0.0	0.007528369159572586
ACCGTTGGTCAACCGC-E15S	Tumor	E15S	1	49154.0	0.35408479590148956	0.7895298525525455	0.3152233470762903	0.1283780537296177	0.11113610103335096	0.0073687779333071685	0.8814951210333419	0.019961837790364964	0.16225489694528186	0.8177832652643532	0.019961837790364964	0.0	0.9926312220666929	reverted	reverted	reverted	reverted	reverted	0.8290217379270218	0.0	0.0	0.0	0.0	0.0	0.0073687779333071685
TGGCCTGAGGTTGATT-E15S	Tumor	E15S	1	52258.0	-0.15696552469116043	0.9080111901016767	0.19644357894364167	0.15773865578054388	0.07293353486895607	0.008326890511501057	0.9187395746195428	0.009314461630671294	0.0898570307178033	0.9008285076515254	0.009314461630671294	0.0	0.991673109488499	reverted	reverted	reverted	reverted	reverted	0.8853795562364537	0.0	0.0	0.0	0.0	0.0	0.008326890511501059
GCATCAGCATTAACGA-E15S	Tumor	E15S	1	53164.0	0.4479742106404991	0.7584768380069159	-0.14479926734703144	0.19861406789175057	0.036901264808995714	0.01765619399688966	0.9454425411941146	0.02412325613596924	0.1867683995260133	0.7891083443380175	0.02412325613596924	0.0	0.9823438060031103	reverted	reverted	reverted	reverted	memory	0.7590198762372801	0.0	0.0	0.0	0.0	0.0	0.01765619399688966
TAAGGGGTCATATGGT-E15S	Tumor	E15S	1	49058.0	0.23413260047323392	0.8247954922267732	0.08129709623444115	0.1725763362354356	0.05348525359105382	0.010043069777874282	0.936471676631072	0.015983794424715578	0.13718372220593414	0.8468324833693504	0.015983794424715578	0.0	0.9899569302221256	reverted	reverted	reverted	reverted	memory	0.9160644169764709	0.0	0.0	0.0	0.0	0.0	0.01004306977787428
CAATTTCCAATCCCGT-E15S	Tumor	E15S	1	50982.0	-0.7120997538712305	0.9657937937282108	0.5372131538034758	0.13364342218457112	0.2870185043127546	0.007256435779223507	0.7057250599080218	0.007534161131324599	0.07319589196801643	0.9192699469006589	0.007534161131324599	0.0	0.9927435642207765	reverted	reverted	reverted	reverted	inducing	0.9960279834964962	0.0	0.0	0.0	0.0	0.0	0.007256435779223507
GGTGACTTCACTCGTT-E15S	Tumor	E15S	1	49761.0	0.11553516745072225	0.8549177607821415	0.3139754600884078	0.13794884566509732	0.11033078572346493	0.007436354258270899	0.882232860018264	0.013149643975747773	0.11808059017026606	0.8687697658539862	0.013149643975747773	0.0	0.9925636457417291	reverted	reverted	reverted	reverted	reverted	0.9263704443896406	0.0	0.0	0.0	0.0	0.0	0.0074363542582709
CAAGTAAAGGGGTTAG-E15S	Tumor	E15S	1	52235.0	1.7947628734399894	0.19697187460421575	-0.07686255759687904	0.14546022764658387	0.03687931373161521	0.013600785772071206	0.9495199004963136	0.3055667808139255	0.654598516332712	0.039834702853362346	0.3055667808139255	0.0	0.0	partial	persistent	partial	persistent	persistent	0.014191198100017524	0.9495199004963136	0.03687931373161521	0.013600785772071206	0.0	0.0	0.0
AGGCGCAGTAATCAGG-E15S	Tumor	E15S	1	54336.0	0.6250619572069289	0.691916164550221	-0.17648038539619734	0.19843447702576145	0.03555063157597226	0.01936869563222486	0.9450806727918029	0.035489806398289095	0.24706616377423823	0.7174440298274727	0.035489806398289095	0.9450806727918029	0.0	reverted	partial	reverted	partial	persistent	0.04563937549162245	0.0	0.0	0.0	0.03555063157597226	0.01936869563222486	0.0
AGGGAAGGTTCTGGCA-E15S	Tumor	E15S	1	50659.0	0.18812013479749526	0.8370295054775625	-0.01160293041070265	0.19447381952238624	0.045217814293049975	0.012543810261299646	0.9422383754456505	0.01477314159066081	0.12916795889256807	0.8560588995167713	0.01477314159066081	0.0	0.9874561897387004	reverted	reverted	reverted	reverted	persistent	0.03717496522716316	0.0	0.0	0.0	0.0	0.0	0.012543810261299646
CGTGGATTCATATCCC-E15S	Tumor	E15S	1	55261.0	0.8543323481307334	0.5926784670047504	0.014452142854861308	0.15617514156822676	0.04461027478647596	0.011090326766375783	0.9442993984471483	0.060215036283011024	0.3551532594864607	0.5846317042305282	0.060215036283011024	0.9442993984471483	0.0	reverted	partial	reverted	partial	reverted	0.7207167626624111	0.0	0.0	0.0	0.04461027478647596	0.011090326766375783	0.0
ACCATCCCATAGACAC-E15S	Tumor	E15S	1	48365.0	0.7136544476564687	0.6550639456939742	0.2417144310773834	0.1291746557980838	0.08379573291296541	0.007676695994604102	0.9085275710924305	0.04346415726230041	0.284876832353535	0.6716590103841646	0.04346415726230041	0.9085275710924305	0.0	reverted	partial	reverted	partial	persistent	0.21743650719783075	0.0	0.0	0.0	0.08379573291296541	0.007676695994604102	0.0
TGCATAACACATTACT-E15S	Tumor	E15S	1	54479.0	-0.314563654769867	0.9300818279721262	-0.4786369363365439	0.3317234510400476	0.03640994899028146	0.04886942329937095	0.9147206277103477	0.008189119834952718	0.08067337781971642	0.9111375023453309	0.008189119834952718	0.0	0.951130576700629	reverted	reverted	reverted	reverted	reverted	0.9584368295956442	0.0	0.0	0.0	0.0	0.0	0.04886942329937093
TACTACTCACTTCGAC-E15S	Tumor	E15S	1	34875.0	-0.27741061054044885	0.92536720543145	0.838466956028903	0.10204623548964867	0.8194731891474316	0.005090098122150681	0.17543671273041767	0.008400961240941219	0.08246409602970528	0.9091349427293536	0.008400961240941219	0.0	0.9949099018778493	reverted	reverted	reverted	reverted	reverted	0.8453724479792034	0.0	0.0	0.0	0.0	0.0	0.005090098122150681
CATATAGCATAGGTCG-E15S	Tumor	E15S	1	53881.0	0.14725483317326002	0.8473096736056431	-0.08721075105189474	0.19680632326818703	0.039841612075560265	0.015070241976671369	0.9450881459477684	0.013819269031890973	0.12270387811582446	0.8634768528522847	0.013819269031890973	0.0	0.9849297580233286	reverted	reverted	reverted	reverted	reverted	0.8790126295303975	0.0	0.0	0.0	0.0	0.0	0.015070241976671369
AACGTAAAGGTCATTG-E15S	Tumor	E15S	1	45211.0	0.5322870748617385	0.728045706328913	0.40524186996623457	0.11390874870156341	0.1647240388928842	0.007213209136130657	0.8280627519709851	0.028874676032656872	0.21302771511095608	0.758097608856387	0.028874676032656872	0.0	0.9927867908638693	reverted	reverted	reverted	reverted	partial	0.3285262661078213	0.0	0.0	0.0	0.0	0.0	0.007213209136130657
CGTATCCCATTCATAC-E15S	Tumor	E15S	1	52415.0	0.08739057039046995	0.8614023453110378	0.5308129986597373	0.1070053476372133	0.295297638385166	0.007322341606819601	0.6973800200080145	0.012602851408195875	0.11424889357988174	0.8731482550119223	0.012602851408195875	0.0	0.9926776583931805	reverted	reverted	reverted	reverted	partial	0.6663877285490583	0.0	0.0	0.0	0.0	0.0	0.007322341606819601
AGCGCATTCGTGCCAG-E15S	Tumor	E15S	1	49370.0	0.3321158929718972	0.7963578392687393	-0.05215254352478493	0.19301267576212697	0.041877735298456766	0.01373105422108067	0.9443912104804625	0.01913235565431166	0.15717210004464824	0.82369554430104	0.01913235565431166	0.0	0.9862689457789193	reverted	reverted	reverted	reverted	persistent	0.0061860540623761	0.0	0.0	0.0	0.0	0.0	0.013731054221080672
GCGCTAGTCCGCGATG-E15S	Tumor	E15S	1	51251.0	0.8395652794963515	0.599409540154347	0.11182710324969736	0.1384453342929485	0.0554148559182896	0.009008279681289519	0.9355768644004208	0.05819349799067473	0.34724725543925483	0.5945592465700704	0.05819349799067473	0.9355768644004209	0.0	reverted	partial	reverted	partial	partial	0.42048787230528356	0.0	0.0	0.0	0.05541485591828961	0.00900827968128952	0.0
CGGGTCATCCGTCATT-E15S	Tumor	E15S	1	53899.0	0.21764074918903084	0.8292616050595435	-0.16625620063095706	0.2251112259483162	0.03786707531410009	0.01935851876472399	0.9427744059211759	0.015532161247305026	0.13421688364923742	0.8502509551034576	0.015532161247305026	0.0	0.9806414812352761	reverted	reverted	reverted	reverted	reverted	0.8972571385530934	0.0	0.0	0.0	0.0	0.0	0.019358518764723994
CAAAGGGTCATCAAGT-E15S	Tumor	E15S	1	48091.0	0.9560315499666996	0.5455030287500079	0.13107258481070322	0.13746188994541336	0.058512311540128176	0.008743314629083032	0.9327443738307887	0.07596873889770978	0.4120849526572368	0.5119463084450534	0.07596873889770978	0.9327443738307888	0.0	reverted	partial	reverted	partial	partial	0.31327165845442	0.0	0.0	0.0	0.05851231154012818	0.008743314629083034	0.0
GTATTAGCATCGGTGA-E15S	Tumor	E15S	1	52346.0	2.033053284229452	0.1351175150579908	0.051673874147062204	0.12713786699813293	0.04655963851970626	0.009813092094207424	0.9436272693860862	0.3915840156888712	0.5961350662270433	0.01228091808408555	0.3915840156888712	0.0	0.0	partial	persistent	partial	persistent	persistent	0.0006397741391855494	0.9436272693860863	0.046559638519706265	0.009813092094207426	0.0	0.0	0.0
CTTGTAAGTAGCTGAA-E15S	Tumor	E15S	1	52533.0	0.8379374656826718	0.6001492835588118	-1.2754387654373385	0.5747803517494408	0.037116594254322	0.16492860110008553	0.7979548046455923	0.05797463968144727	0.34638252381471235	0.5956428365038404	0.05797463968144727	0.7979548046455925	0.0	reverted	partial	reverted	partial	persistent	0.02172657282977702	0.0	0.0	0.0	0.037116594254322004	0.16492860110008556	0.0
AGCATCTGTTAACGTC-E15S	Tumor	E15S	1	45783.0	-0.6378699065163357	0.96083483658118	0.7882810594686304	0.10745752895266043	0.7384551523593079	0.005815130092375239	0.25572971754831686	0.007451699883192649	0.07311189589794301	0.9194364042188643	0.007451699883192649	0.0	0.9941848699076248	reverted	reverted	reverted	reverted	reverted	0.998295424279336	0.0	0.0	0.0	0.0	0.0	0.005815130092375239
AGCACCACAACTGGGC-E15S	Tumor	E15S	1	36104.0	-0.48675035223667956	0.9485304038233661	0.4049256523532192	0.15832804948058665	0.15687041623859438	0.007350752557970879	0.8357788312034348	0.007567253104967007	0.07497426483873314	0.9174584820562998	0.007567253104967007	0.0	0.9926492474420292	reverted	reverted	reverted	reverted	reverted	0.9788183693283307	0.0	0.0	0.0	0.0	0.0	0.007350752557970879
ATCAGGGAGGATGCAG-E15S	Tumor	E15S	1	49826.0	-0.2489093323058409	0.9215541795456693	0.14207161542067784	0.18893153816006977	0.06408377201825675	0.009412821431221654	0.9265034065505218	0.00858453810756361	0.08398708870037452	0.9074283731920618	0.00858453810756361	0.0	0.9905871785687783	reverted	reverted	reverted	reverted	inducing	0.9948022801150781	0.0	0.0	0.0	0.0	0.0	0.009412821431221652
GGTTACATCGTTGCTT-E15S	Tumor	E15S	1	52915.0	1.582143401030452	0.2683897315424916	0.07215200273899633	0.12775264988748933	0.049091115225840774	0.009457894919077349	0.9414509898550818	0.23599041778429428	0.6660942509769452	0.09791533123876059	0.23599041778429428	0.0	0.0	partial	persistent	partial	persistent	persistent	0.003308323331309063	0.9414509898550819	0.04909111522584078	0.00945789491907735	0.0	0.0	0.0
CACGACTAGGCTTCCC-E15S	Tumor	E15S	1	51808.0	0.6747862536307343	0.6714955947894835	-0.18237129477462846	0.188244490597846	0.03467226244311769	0.019520623615890985	0.9458071139409914	0.039745845745679124	0.267644995281642	0.6926091589726788	0.039745845745679124	0.9458071139409914	0.0	reverted	partial	reverted	partial	partial	0.5418626297645573	0.0	0.0	0.0	0.03467226244311769	0.019520623615890985	0.0
CCACGGATCTGTGGAC-E15S	Tumor	E15S	1	50464.0	1.8107227626694211	0.1922364452831014	0.09393511152318931	0.1180259154713888	0.05145744837996884	0.008981411585754325	0.9395611400342767	0.311038569111385	0.6519486037813378	0.03701282710727732	0.311038569111385	0.0	0.0	partial	persistent	partial	persistent	persistent	0.0023593514547444847	0.9395611400342769	0.05145744837996885	0.008981411585754327	0.0	0.0	0.0
CCCTATGTCAGGGCAA-E15S	Tumor	E15S	1	49894.0	0.6739354215704415	0.6718508117180181	-0.10749911232768264	0.18871355921893587	0.0380613875012733	0.01571033417632369	0.9462282783224031	0.0396684168308845	0.26727899927475035	0.6930525838943651	0.0396684168308845	0.9462282783224031	0.0	reverted	partial	reverted	partial	persistent	0.1337529315184797	0.0	0.0	0.0	0.0380613875012733	0.01571033417632369	0.0
AAGCCTATCCAGAGCT-E15S	Tumor	E15S	1	49014.0	2.198016734383274	0.10259209228505765	0.39554686652550197	0.09348953479455763	0.1607771281397439	0.007176425084692667	0.8320464467755634	0.4569052582925728	0.5381552358370502	0.004939505870377129	0.4569052582925728	0.0	0.0	partial	persistent	partial	persistent	persistent	0.0011168008694476008	0.8320464467755635	0.16077712813974393	0.007176425084692668	0.0	0.0	0.0
TCAGTATAGCAGGGAC-E15S	Tumor	E15S	1	48834.0	-0.3322013596635687	0.9322222851786803	0.36046357901353365	0.1453522560403101	0.13243076468477707	0.0073647995320842005	0.8602044357831389	0.00809892711448732	0.07989741870738754	0.9120036541781252	0.00809892711448732	0.0	0.9926352004679158	reverted	reverted	reverted	reverted	memory	0.8792742567925413	0.0	0.0	0.0	0.0	0.0	0.007364799532084199
CACGTTGGTTAGAGTG-E15S	Tumor	E15S	1	51606.0	0.262768387962092	0.8168230201205687	0.1472772776832052	0.14742718690340653	0.06204979850942465	0.008688663527744793	0.9292615379628306	0.01681825695694299	0.14259595252487314	0.8405857905181839	0.01681825695694299	0.0	0.9913113364722552	reverted	reverted	reverted	reverted	reverted	0.8908540062817389	0.0	0.0	0.0	0.0	0.0	0.008688663527744793
CTAAGCATCCTCTAGT-E15S	Tumor	E15S	1	46950.0	-0.027775576777279834	0.8854427955968903	0.886506001094836	0.08600690025425041	0.8895287335495653	0.0042878800148042325	0.10618338643563044	0.010764929562951707	0.1009437576893509	0.8882913127476976	0.010764929562951707	0.0	0.9957121199851958	reverted	reverted	reverted	reverted	reverted	0.8479211192729913	0.0	0.0	0.0	0.0	0.0	0.004287880014804233
AAGCTAGGTAGTCATC-E15S	Tumor	E15S	1	51270.0	0.062396896766982256	0.8669554265739157	-0.4707018361160449	0.3551480270678868	0.03794351357774567	0.04668945737635011	0.9153670290459042	0.012151926530123206	0.11104816936887388	0.8767999041010028	0.012151926530123206	0.0	0.9533105426236499	reverted	reverted	reverted	reverted	reverted	0.8627945652748542	0.0	0.0	0.0	0.0	0.0	0.04668945737635011
TGTCATGAGTCTAGCA-E15S	Tumor	E15S	1	50481.0	0.2275770571055447	0.8265817046202325	-0.0722328034426288	0.1939849089707111	0.0405727974078582	0.0144460002948414	0.9449812022973003	0.015801815222620964	0.13599153733263117	0.8482066474447478	0.015801815222620964	0.0	0.9855539997051586	reverted	reverted	reverted	reverted	reverted	0.8523494108431094	0.0	0.0	0.0	0.0	0.0	0.0144460002948414
CGTTCCATCCACCTTG-E15S	Tumor	E15S	1	50516.0	1.4981178467970988	0.30074880528434317	0.32628919238163234	0.10623862655924511	0.11716146199602989	0.0072266503354871895	0.875611887668483	0.2100625563026419	0.6562185381101686	0.13371890558718957	0.2100625563026419	0.875611887668483	0.0	partial	partial	partial	partial	persistent	0.04982421295913831	0.0	0.0	0.0	0.11716146199602989	0.0072266503354871895	0.0
TCCATTGCAGCACGAC-E15S	Tumor	E15S	1	47763.0	1.4831831487610243	0.3067280111955771	0.2080411993306642	0.1207389202284313	0.07399163600482865	0.007809868917242349	0.918198495077929	0.20554893363733898	0.6535094546723761	0.14094161169028485	0.20554893363733898	0.918198495077929	0.0	partial	partial	partial	partial	persistent	0.06385268065200896	0.0	0.0	0.0	0.07399163600482865	0.007809868917242349	0.0
TACCGGACATAGAGCT-E15S	Tumor	E15S	1	53479.0	0.8029594573746913	0.6159293744273382	0.021630012327676126	0.15188798852600333	0.0450049353618416	0.010845651399301687	0.9441494132388567	0.05345913713477664	0.32814537991215775	0.6183954829530657	0.05345913713477664	0.9441494132388567	0.0	reverted	partial	reverted	partial	persistent	0.062037917458033234	0.0	0.0	0.0	0.0450049353618416	0.010845651399301687	0.0
TGCCGTAGTGACTCGC-E15S	Tumor	E15S	1	50798.0	0.3653668082281835	0.7859586992240376	0.11800917309041545	0.17036216832935872	0.058650488163999606	0.009423962342940798	0.9319255494930596	0.02040754075400824	0.16495724053885263	0.8146352187071392	0.02040754075400824	0.0	0.9905760376570593	reverted	reverted	reverted	reverted	reverted	0.8568671926727627	0.0	0.0	0.0	0.0	0.0	0.009423962342940798
GGATAACAGGAGCTAG-E15S	Tumor	E15S	1	46074.0	0.4407920701707337	0.7609588860388441	-0.04158267780220129	0.19531801955737974	0.0428452679180082	0.013443504979900744	0.9437112271020912	0.023766144874861436	0.18472444187895787	0.7915094132461807	0.023766144874861436	0.0	0.9865564950200992	reverted	reverted	reverted	reverted	reverted	0.9157277543092549	0.0	0.0	0.0	0.0	0.0	0.01344350497990074
ATACACTAGCTTCCCA-E15S	Tumor	E15S	1	49233.0	0.21071659844824098	0.8311095887377786	0.35543435420199637	0.13517269971427098	0.1305644294051626	0.007319827080174372	0.8621157435146629	0.015348558871890001	0.13300292933123978	0.8516485117968702	0.015348558871890001	0.0	0.9926801729198256	reverted	reverted	reverted	reverted	reverted	0.903876760815806	0.0	0.0	0.0	0.0	0.0	0.007319827080174372
GTCCGCAAGTATCTGG-E15S	Tumor	E15S	1	47768.0	0.1887198308320161	0.8368745765275755	0.32682295423378227	0.14111615364163335	0.11596826981208902	0.007419971502333879	0.8766117586855771	0.01478795506814439	0.12926727625047288	0.8559447686813828	0.01478795506814439	0.0	0.9925800284976661	reverted	reverted	reverted	reverted	inducing	0.9537105314991865	0.0	0.0	0.0	0.0	0.0	0.00741997150233388
GCCGATTAGATAGGGT-E15S	Tumor	E15S	1	49398.0	-0.3160891202555524	0.9302693963907417	0.07796071064365778	0.19540632624150528	0.05492093664361494	0.01054369948486777	0.9345353638715171	0.008181060847876207	0.08060441289250905	0.9112145262596147	0.008181060847876207	0.0	0.9894563005151322	reverted	reverted	reverted	reverted	inducing	0.9900251026975053	0.0	0.0	0.0	0.0	0.0	0.010543699484867771
CTATTCGCACATACTT-E15S	Tumor	E15S	1	50778.0	1.9445635403551431	0.15591736761064698	0.26700565119157305	0.10257972677288	0.09177405364125564	0.007353274575864383	0.90087267178288	0.3585153601729009	0.6220979749866029	0.01938666484049611	0.3585153601729009	0.0	0.0	partial	persistent	partial	persistent	persistent	0.015837526831399256	0.90087267178288	0.09177405364125564	0.007353274575864383	0.0	0.0	0.0
ACTAACTAGTAAGGGT-E15S	Tumor	E15S	1	51134.0	2.0796319700891943	0.1251401608776446	-0.24813917039625624	0.16464558948958483	0.03159366291809225	0.023972899310653044	0.9444334377712547	0.40955015586411875	0.5808791396090807	0.009570704526800625	0.40955015586411875	0.0	0.0	partial	persistent	partial	persistent	persistent	0.001696690617163849	0.9444334377712547	0.03159366291809225	0.023972899310653044	0.0	0.0	0.0
TCGCGGATCGTACAGC-E15S	Tumor	E15S	1	52904.0	0.3300251125551352	0.796998990024338	0.0057742620954018	0.1778132682246811	0.04543223690896919	0.011728611773991681	0.9428391513170392	0.0190559771758587	0.15670048223067182	0.8242435405934694	0.0190559771758587	0.0	0.9882713882260084	reverted	reverted	reverted	reverted	reverted	0.901624211315964	0.0	0.0	0.0	0.0	0.0	0.011728611773991681
AACCGATCACTATATC-E15S	Tumor	E15S	1	43588.0	-0.14560335720853285	0.9061986635807574	0.7780883419970518	0.09887777406498499	0.7334703140524087	0.005926681100563619	0.2606030048470277	0.009420611810224798	0.09069121678382724	0.8998881714059479	0.009420611810224798	0.0	0.9940733188994364	reverted	reverted	reverted	reverted	reverted	0.9624414756142011	0.0	0.0	0.0	0.0	0.0	0.005926681100563619
GTGTTATAGAACGGCA-E15S	Tumor	E15S	1	48707.0	0.3951920464443087	0.776306663208714	0.2292603902416918	0.15004545407821385	0.08090141832605849	0.007970075338194486	0.9111285063357469	0.02165398219937935	0.1724125685125848	0.805933449288036	0.02165398219937935	0.0	0.9920299246618055	reverted	reverted	reverted	reverted	persistent	0.16118468794143218	0.0	0.0	0.0	0.0	0.0	0.007970075338194488
CGTTATAGTGGGTAAC-E15S	Tumor	E15S	1	51279.0	2.5420791025998155	0.05624698715295666	0.0694078480147378	0.11997014022460437	0.04826205116431503	0.009393455139019949	0.9423444936966651	0.6042084671427836	0.3952157369142662	0.0005757959429501351	0.6042084671427836	0.0	0.0	persistent	persistent	persistent	persistent	persistent	0.0014209009318470773	0.9423444936966651	0.04826205116431503	0.009393455139019949	0.0	0.0	0.0
TAGTGCATCGAACGCT-E15S	Tumor	E15S	1	41944.0	-0.11539470689005747	0.9012231727994067	0.5408801805498038	0.12736646080486905	0.29575606489840595	0.007269603018570899	0.6969743320830231	0.00972158593598421	0.0930344221375715	0.8972439919264442	0.00972158593598421	0.0	0.9927303969814291	reverted	reverted	reverted	reverted	partial	0.6718227241659489	0.0	0.0	0.0	0.0	0.0	0.0072696030185708995
CGTTCACCAACATGAC-E15S	Tumor	E15S	1	50901.0	0.8212706280459526	0.6076965510533965	-0.5497850289746588	0.2723334761586667	0.03343702581875611	0.0682462986527857	0.8983166755284583	0.05577872013134261	0.3376090951626389	0.6066121847060185	0.05577872013134261	0.8983166755284583	0.0	reverted	partial	reverted	partial	partial	0.4755174950206344	0.0	0.0	0.0	0.03343702581875611	0.0682462986527857	0.0
TACATCAGTTGCAGGG-E15S	Tumor	E15S	1	45966.0	0.25080391782142614	0.8201877788138004	0.5590814314830368	0.1088844484317907	0.33377641354161675	0.007319759684123315	0.6589038267742601	0.0164616141428176	0.1402935769848348	0.8432448088723477	0.0164616141428176	0.0	0.9926802403158768	reverted	reverted	reverted	reverted	partial	0.5941894131929311	0.0	0.0	0.0	0.0	0.0	0.007319759684123315
AAGGGTTAGGATACCC-E15S	Tumor	E15S	1	51937.0	-0.228941485641712	0.9187774642000782	-1.5357044693627335	0.7728876805659671	0.04416259368361739	0.12737558488330986	0.8284618214330727	0.008724623209044106	0.0851345886392353	0.9061407881517205	0.008724623209044106	0.0	0.8726244151166901	reverted	reverted	reverted	reverted	partial	0.4788680034793244	0.0	0.0	0.0	0.0	0.0	0.12737558488330986
ATCCACTTCTATCAGG-E15S	Tumor	E15S	1	42736.0	0.6601215248958487	0.6775903082093182	0.4479215565307898	0.11404117495626116	0.19974300711787113	0.007238850015455329	0.7930181428666735	0.03843425999612951	0.2614043283626729	0.7001614116411976	0.03843425999612951	0.7930181428666735	0.0	reverted	partial	reverted	partial	persistent	0.22770001641248155	0.0	0.0	0.0	0.19974300711787113	0.007238850015455329	0.0
ACGTGGTTCCAGATTG-E15S	Tumor	E15S	1	49847.0	-0.15842511435124185	0.9082417335750779	0.25328532528080355	0.15838049992610959	0.08821259427790185	0.007903348971534005	0.9038840567505639	0.009301096224731856	0.08975169312707848	0.9009472106481896	0.009301096224731856	0.0	0.992096651028466	reverted	reverted	reverted	reverted	reverted	0.9644339886867643	0.0	0.0	0.0	0.0	0.0	0.007903348971534007
TGATGAGGTGATCCTG-E15S	Tumor	E15S	1	51036.0	0.47744392742142727	0.748109752937023	0.23912229324672418	0.1351902703865815	0.08319514127008149	0.007749012495032023	0.9090558462348866	0.025663247015630126	0.19546514175916624	0.7788716112252035	0.025663247015630126	0.0	0.9922509875049679	reverted	reverted	reverted	reverted	partial	0.40475876943006256	0.0	0.0	0.0	0.0	0.0	0.007749012495032021
CATAACTAGGGGTCAA-E15S	Tumor	E15S	1	46787.0	-0.36396095614435275	0.9359239511278775	0.16532202297807302	0.17539470978118973	0.06738758701798946	0.008899248173752454	0.9237131648082579	0.00795260904814698	0.07861605205749733	0.9134313388943559	0.00795260904814698	0.0	0.9911007518262476	reverted	reverted	reverted	reverted	memory	0.9939165130049329	0.0	0.0	0.0	0.0	0.0	0.008899248173752455
AGCCCCAAGGGGCTAA-E15S	Tumor	E15S	1	50471.0	0.10157296277304619	0.8581656240265182	0.4141480878815692	0.12426365734607099	0.16942950275882834	0.007234144428552775	0.823336352812619	0.012873041881890524	0.11614885672986869	0.8709781013882408	0.012873041881890524	0.0	0.9927658555714471	reverted	reverted	reverted	reverted	memory	0.8708136760281839	0.0	0.0	0.0	0.0	0.0	0.007234144428552774
TCGCAATGTCATTACA-E15S	Tumor	E15S	1	48036.0	0.966154894686917	0.5407474511953051	0.15561640147043543	0.13854753504805783	0.06308009455402715	0.008475468927274323	0.9284444365186987	0.07771702472079149	0.41792662295314104	0.5043563523260675	0.07771702472079149	0.9284444365186985	0.0	reverted	partial	reverted	partial	persistent	0.07721252619593645	0.0	0.0	0.0	0.06308009455402713	0.008475468927274321	0.0
ACCCATGGTAGCAGTA-E15S	Tumor	E15S	1	48816.0	-0.36303105165931354	0.9358182953092647	0.4401664342210114	0.14794838681044412	0.18389295094930894	0.007276744736260892	0.8088303043144301	0.007956606171918722	0.07865149497549757	0.9133918988525837	0.007956606171918722	0.0	0.9927232552637391	reverted	reverted	reverted	reverted	inducing	0.9650443870323493	0.0	0.0	0.0	0.0	0.0	0.007276744736260892
TATGTCAGTCAGCATT-E15S	Tumor	E15S	1	47842.0	1.3423555760984072	0.3661305623613583	-0.24748025303523372	0.18582926043927336	0.0326482697714258	0.024138423865885432	0.9432133063626889	0.16462274370732988	0.6137002895735246	0.22167696671914544	0.16462274370732988	0.9432133063626889	0.0	partial	partial	partial	partial	persistent	0.0015966856869992442	0.0	0.0	0.0	0.0326482697714258	0.024138423865885432	0.0
TGAGGATAGGATCACC-E15S	Tumor	E15S	1	46657.0	-0.6597309031608423	0.9623628893546244	0.7664627119185105	0.11404062184281917	0.6922956440128382	0.006104168118998341	0.3016001878681635	0.0074663927779728585	0.07306900374363866	0.9194646034783885	0.0074663927779728585	0.0	0.9938958318810016	reverted	reverted	reverted	reverted	inducing	0.9706828034958195	0.0	0.0	0.0	0.0	0.0	0.006104168118998341
GTCTGCCTCCTGACCC-E15S	Tumor	E15S	1	45696.0	0.5867587663118624	0.7071550421722925	0.59238873547706	0.10342198420320077	0.39033210688128284	0.0073082167940380595	0.6023596763246792	0.03256278379920349	0.23233425393243784	0.7351029622683587	0.03256278379920349	0.0	0.9926917832059619	reverted	reverted	reverted	reverted	reverted	0.8538842873114146	0.0	0.0	0.0	0.0	0.0	0.007308216794038058
CGTGAGGGTTCCGGTA-E15S	Tumor	E15S	1	46508.0	-0.26304460102322985	0.9234670379240464	0.06951153979413946	0.20110485474710438	0.05433114651663041	0.010819330966295984	0.9348495225170737	0.008491136303660185	0.08321515336756972	0.9082937103287702	0.008491136303660185	0.0	0.989180669033704	reverted	reverted	reverted	reverted	memory	0.9260597695072836	0.0	0.0	0.0	0.0	0.0	0.010819330966295984
GGCGAATGTGATAGTG-E15S	Tumor	E15S	1	50216.0	0.27648648230023815	0.8129052252188391	-0.06429493943460723	0.20314364150379155	0.04183578129223884	0.014376557072965859	0.9437876616347952	0.01724183553122934	0.1453101934150306	0.83744797105374	0.01724183553122934	0.0	0.9856234429270342	reverted	reverted	reverted	reverted	reverted	0.9089559526110548	0.0	0.0	0.0	0.0	0.0	0.01437655707296586
AACACTTAGGTTGCGT-E15S	Tumor	E15S	1	50439.0	-0.3297171898485174	0.9319245322377269	0.17728257968015482	0.18672678222357178	0.07058316634541957	0.008945150046105655	0.9204716836084749	0.008111237442355403	0.08000388690886842	0.9118848756487762	0.008111237442355403	0.0	0.9910548499538943	reverted	reverted	reverted	reverted	reverted	0.9520946667626504	0.0	0.0	0.0	0.0	0.0	0.008945150046105653
CCTTCGATCTGTCAAG-E15S	Tumor	E15S	1	45087.0	-0.016244128389164253	0.8832097133948795	0.6950884386811007	0.10259526134749426	0.5780600548433367	0.006827212668391658	0.4151127324882716	0.010923131332300558	0.10211793635785579	0.8869589323098437	0.010923131332300558	0.0	0.9931727873316083	reverted	reverted	reverted	reverted	reverted	0.7987852792593471	0.0	0.0	0.0	0.0	0.0	0.006827212668391658
CATCGCCTCACTCAAG-E15S	Tumor	E15S	1	44554.0	0.3035705068722892	0.804981527858673	-0.011531251615039512	0.20422101278372712	0.04604723669067327	0.012763295569615956	0.9411894677397108	0.018126350028670375	0.15090985321336778	0.8309637967579618	0.018126350028670375	0.0	0.987236704430384	reverted	reverted	reverted	reverted	persistent	0.14255157959200812	0.0	0.0	0.0	0.0	0.0	0.012763295569615956
CAAGCTATCTGGGAAG-E15S	Tumor	E15S	1	48721.0	1.7386373479280075	0.21432079524741016	-0.20944816880861353	0.1725335501921051	0.0328906786046367	0.02102467842388571	0.9460846429714775	0.2866185847020195	0.6621305997179853	0.0512508155799951	0.2866185847020195	0.0	0.0	partial	persistent	partial	persistent	persistent	0.007000548429258221	0.9460846429714777	0.03289067860463671	0.021024678423885713	0.0	0.0	0.0
AGGAGATTCGCGCTTC-E15S	Tumor	E15S	1	48615.0	0.27072563887123896	0.8145582878074986	-0.019950275926149535	0.1751256816228678	0.042960967638077226	0.012355840044218394	0.9446831923177045	0.017062013755381945	0.1441605645039051	0.838777421740713	0.017062013755381945	0.0	0.9876441599557817	reverted	reverted	reverted	reverted	partial	0.6714431735102914	0.0	0.0	0.0	0.0	0.0	0.012355840044218394
AAACGAATCCATCCTG-E15S	Tumor	E15S	1	49306.0	-0.05638030005293163	0.8908221545695021	0.21366413352355235	0.16070016190315986	0.0772699964877849	0.008217208240620971	0.914512795271594	0.010394464823552742	0.09816972639410168	0.8914358087823456	0.010394464823552742	0.0	0.991782791759379	reverted	reverted	reverted	reverted	reverted	0.8608608309982683	0.0	0.0	0.0	0.0	0.0	0.008217208240620973
GGTGCATTCGCTCTAT-E15S	Tumor	E15S	1	49320.0	1.015085857329242	0.5176722172831731	0.2986653425557151	0.11566094761244369	0.10420240414826051	0.007334764808279249	0.8884628310434604	0.08663571331115368	0.44636365199581685	0.4670006346930295	0.08663571331115368	0.8884628310434604	0.0	reverted	partial	reverted	partial	persistent	0.2809188335891637	0.0	0.0	0.0	0.10420240414826051	0.007334764808279249	0.0
GGTAATTTCCCCAGGA-E15S	Tumor	E15S	1	49531.0	-0.20449761211724546	0.9152564941656474	0.417157388671231	0.13523406564011095	0.16947079620755434	0.00725801244274202	0.8232711913497036	0.008909589665775479	0.0866330317998135	0.904457378534411	0.008909589665775479	0.0	0.992741987557258	reverted	reverted	reverted	reverted	reverted	0.8725678176198398	0.0	0.0	0.0	0.0	0.0	0.00725801244274202
CACCCTTGTTATCGCG-E15S	Tumor	E15S	1	45345.0	0.25242757426107315	0.8197340050009869	0.4026223993261232	0.1273559189839265	0.16054487357857095	0.007242946251841484	0.8322121801695875	0.01650932911410627	0.14060252943715446	0.8428881414487392	0.01650932911410627	0.0	0.9927570537481585	reverted	reverted	reverted	reverted	partial	0.6412288893157658	0.0	0.0	0.0	0.0	0.0	0.007242946251841484
AATTACGCATTAGGCG-E15S	Tumor	E15S	1	49618.0	2.5445333410285276	0.05600085713912893	-0.4432070345052527	0.1941002135188874	0.031569032358554724	0.0517390541763085	0.9166919134651368	0.6052775743072747	0.39415608821838266	0.000566337474342678	0.6052775743072747	0.0	0.0	persistent	persistent	persistent	persistent	persistent	3.609523190780432e-05	0.9166919134651368	0.031569032358554724	0.0517390541763085	0.0	0.0	0.0
CCGCATTCAAAGGTGA-E15S	Tumor	E15S	1	48295.0	0.014616553809121859	0.8770470422898433	-0.09194520493322433	0.20612826061476233	0.04028101088001902	0.015471622766719949	0.9442473663532611	0.011373055130509223	0.1054253862821957	0.8832015585872952	0.011373055130509223	0.0	0.9845283772332801	reverted	reverted	reverted	reverted	reverted	0.8863900259488129	0.0	0.0	0.0	0.0	0.0	0.015471622766719949
TGTCACCCATTGCCGT-E15S	Tumor	E15S	1	47368.0	-0.319941954379372	0.930741063062902	0.18705656597609951	0.17515615733125936	0.07187022786064899	0.00866131515990587	0.9194684569794451	0.00816092564455497	0.08043180046542919	0.9114072738900156	0.00816092564455497	0.0	0.9913386848400941	reverted	reverted	reverted	reverted	reverted	0.8713122478991056	0.0	0.0	0.0	0.0	0.0	0.00866131515990587
ACCCCTTGTGGGTATA-E15S	Tumor	E15S	1	49959.0	0.7377312532521558	0.6446931660252793	-0.17418206134062433	0.1893523354866892	0.0350446261631433	0.01905511044520548	0.9459002633916512	0.045952490817075975	0.29604830106121394	0.6579992081217101	0.045952490817075975	0.9459002633916512	0.0	reverted	partial	reverted	partial	partial	0.6639647676496567	0.0	0.0	0.0	0.0350446261631433	0.01905511044520548	0.0
AGAGTAATCAGCCTAA-E15S	Tumor	E15S	1	49331.0	-0.05395345491819919	0.8903745105050981	0.05035336167381349	0.1899117653172022	0.05106618705589513	0.01096722947646638	0.9379665834676385	0.010424716548688722	0.09839758361058616	0.891177699840725	0.010424716548688722	0.0	0.9890327705235337	reverted	reverted	reverted	reverted	persistent	0.18058011251006112	0.0	0.0	0.0	0.0	0.0	0.01096722947646638
CTGGGTTAGTCAAGTT-E15S	Tumor	E15S	1	50843.0	0.8826468576043155	0.57967648775492	-0.4857362221566538	0.3066341464309926	0.035024328873693736	0.051471337051445146	0.9135043340748611	0.06427595560673441	0.370603487806477	0.5651205565867885	0.06427595560673441	0.9135043340748611	0.0	reverted	partial	reverted	partial	reverted	0.9399841557777329	0.0	0.0	0.0	0.035024328873693736	0.051471337051445146	0.0
CTACGTTTCCTGTATC-E15S	Tumor	E15S	1	49428.0	1.639809221071465	0.24750231788521795	0.14349422061441114	0.12450977131430521	0.05995204568122946	0.008430188563368544	0.931617765755402	0.25428828243320595	0.6678168153712167	0.07789490219557728	0.25428828243320595	0.0	0.0	partial	persistent	partial	persistent	partial	0.3161124248180314	0.931617765755402	0.05995204568122946	0.008430188563368544	0.0	0.0	0.0
ATCCTGAAGTAATGTC-E15S	Tumor	E15S	1	47253.0	-0.12959556043581152	0.9035907382348388	0.3123877813670757	0.14856770524622334	0.10941053473558417	0.007520767034313015	0.8830686982301027	0.00957663650276119	0.09190984872632028	0.8985135147709187	0.00957663650276119	0.0	0.992479232965687	reverted	reverted	reverted	reverted	memory	0.9109286356014135	0.0	0.0	0.0	0.0	0.0	0.007520767034313016
TGCCCAAGTGCGGTCT-E15S	Tumor	E15S	1	48203.0	0.1363863932714382	0.8499526829183105	0.042653063789844334	0.1835983726413406	0.049668217472839414	0.010998497265451547	0.939333285261709	0.013583179399116269	0.1210822225818301	0.8653345980190537	0.013583179399116269	0.0	0.9890015027345485	reverted	reverted	reverted	reverted	reverted	0.866371937627622	0.0	0.0	0.0	0.0	0.0	0.010998497265451547
CTCCCTAAGCCTGGTG-E15S	Tumor	E15S	1	41696.0	-0.2985605323040834	0.9280858130064772	0.22829061001244352	0.17069239892760676	0.08155322939860657	0.008227910771628887	0.9102188598297646	0.00827666588540337	0.08141833361491463	0.9103050004996819	0.00827666588540337	0.0	0.9917720892283711	reverted	reverted	reverted	reverted	reverted	0.8376730196406194	0.0	0.0	0.0	0.0	0.0	0.008227910771628887
AGAGACTAGTAAGTTC-E15S	Tumor	E15S	1	48121.0	0.7479561479024562	0.6402467973848854	0.1894611461677435	0.13674093159841555	0.0701737626439826	0.008126888623878167	0.9216993487321392	0.047053942121589865	0.30090548763586045	0.6520405702425497	0.047053942121589865	0.9216993487321392	0.0	reverted	partial	reverted	partial	persistent	0.04304834840979641	0.0	0.0	0.0	0.0701737626439826	0.008126888623878167	0.0
GGCATCACAACCAACG-E15S	Tumor	E15S	1	43247.0	0.09615452297170862	0.8594096111143581	0.5670165045451789	0.11061654434370775	0.3442756206670827	0.0073101215404186536	0.6484142577924986	0.012768554490088502	0.1154156555845243	0.8718157899253871	0.012768554490088502	0.0	0.9926898784595813	reverted	reverted	reverted	reverted	reverted	0.8912307609820368	0.0	0.0	0.0	0.0	0.0	0.0073101215404186536
ACCATTAGTTGGCCTA-E15S	Tumor	E15S	1	49910.0	3.0975705505635576	0.02039735539040391	-0.32062425903344116	0.15830174941597533	0.03050265821966734	0.03175902672000565	0.9377383150603269	0.8213005299392951	0.1786908852404522	8.584820252537297e-06	0.8213005299392951	0.0	0.0	persistent	persistent	persistent	persistent	persistent	0.00041901678756872495	0.937738315060327	0.030502658219667342	0.031759026720005655	0.0	0.0	0.0
GTGTAGTCACAGCGTA-E15S	Tumor	E15S	1	54193.0	0.29679894705621285	0.8069861627264843	-0.04749835698673546	0.18896503557103755	0.04189570828977619	0.013488070777336514	0.9446162209328873	0.01789901487528676	0.1494792393190966	0.8326217458056165	0.01789901487528676	0.0	0.9865119292226635	reverted	reverted	reverted	reverted	persistent	0.1848199365430077	0.0	0.0	0.0	0.0	0.0	0.013488070777336514
GCCATCAGTAGTGCCC-E15S	Tumor	E15S	1	46114.0	0.6824042739768083	0.6683064082925175	0.3167342274191157	0.12424163621404682	0.11193979911003596	0.0073394022733963395	0.8807207986165676	0.04044653407784948	0.27094346390050755	0.688610002021643	0.04044653407784948	0.8807207986165677	0.0	reverted	partial	reverted	partial	partial	0.6087485986082815	0.0	0.0	0.0	0.11193979911003597	0.00733940227339634	0.0
GGCGATTTCGTTCAAG-E15S	Tumor	E15S	1	43114.0	-0.2882312741310652	0.9267696968409571	0.1553385498999167	0.19274188819078367	0.06675758080197554	0.00930714813088205	0.9239352710671423	0.008336128943683472	0.08192025111888637	0.9097436199374302	0.008336128943683472	0.0	0.9906928518691179	reverted	reverted	reverted	reverted	reverted	0.9610641546716171	0.0	0.0	0.0	0.0	0.0	0.00930714813088205
GCACGAAAGGCGTTAC-E15S	Tumor	E15S	1	47884.0	1.353268036734115	0.3613494478788943	0.3339394335897176	0.10392987199509857	0.1211786815661212	0.007206970836545095	0.8716143475973338	0.16767523981275936	0.6176819872905749	0.21464277289666572	0.16767523981275936	0.8716143475973338	0.0	partial	partial	partial	partial	persistent	0.03806384008530902	0.0	0.0	0.0	0.1211786815661212	0.007206970836545095	0.0
ACCTAAGTCTGGTACA-E15S	Tumor	E15S	1	46089.0	0.47820398155936655	0.7478385079734531	-0.017108097021155372	0.18843486641645607	0.044249333989594575	0.012562359662349745	0.9431883063480558	0.02570460484881494	0.195696140330339	0.778599254820846	0.02570460484881494	0.0	0.9874376403376504	reverted	reverted	reverted	reverted	persistent	0.24928562113013622	0.0	0.0	0.0	0.0	0.0	0.012562359662349745
TCAGTATAGGGTTGAG-E15S	Tumor	E15S	1	50492.0	-0.35884502696355114	0.9353406667134017	-0.47839606799949164	0.3901480144662761	0.04008974642643854	0.04624872660197624	0.9136615269715852	0.007974811130128476	0.07881257662526592	0.9132126122446057	0.007974811130128476	0.0	0.9537512733980238	reverted	reverted	reverted	reverted	reverted	0.767880952212568	0.0	0.0	0.0	0.0	0.0	0.04624872660197624
CTCCGTTGTGGAGAGA-E15S	Tumor	E15S	1	51107.0	0.7897943401542412	0.6218080133080535	-0.0242725739717623	0.16799994024359868	0.042070918950863304	0.012330923905949002	0.9455981571431877	0.05185036590442837	0.3214597007171912	0.6266899333783804	0.05185036590442837	0.9455981571431877	0.0	reverted	partial	reverted	partial	persistent	0.010691780222676237	0.0	0.0	0.0	0.042070918950863304	0.012330923905949002	0.0
ACAGTCATCACGGCCA-E15S	Tumor	E15S	1	45464.0	0.530528229819669	0.7287044820426772	0.4357315539470882	0.11805155615769812	0.18797697755150225	0.007232093256468216	0.8047909291920297	0.02876421967898516	0.21243578028601698	0.7588000000349978	0.02876421967898516	0.0	0.9927679067435319	reverted	reverted	reverted	reverted	persistent	0.10694165552965712	0.0	0.0	0.0	0.0	0.0	0.007232093256468216
TAATAGCTCCTTCACG-E15S	Tumor	E15S	1	52156.0	1.331199572826931	0.37104578685525946	-0.6349171754081505	0.2845634180585471	0.03380771180440412	0.09079974840036388	0.875392539795232	0.16152561344346641	0.6094827720523324	0.22899161450420133	0.16152561344346641	0.875392539795232	0.0	partial	partial	partial	partial	persistent	0.01739383525668134	0.0	0.0	0.0	0.03380771180440412	0.09079974840036388	0.0
CATAGAGGTTGAATGG-E15S	Tumor	E15S	1	47432.0	0.939243674757117	0.5533706829890503	0.34188089509595543	0.11071481976579768	0.12499992763274499	0.007225941521407368	0.8677741308458476	0.07314239769946358	0.40244841804770054	0.5244091842528359	0.07314239769946358	0.8677741308458476	0.0	reverted	partial	reverted	partial	persistent	0.024973683013039615	0.0	0.0	0.0	0.12499992763274499	0.007225941521407368	0.0
ACATTCAGTCTCAGGC-E15S	Tumor	E15S	1	46771.0	-0.3950447433841048	0.9393637518219454	0.663695039114987	0.11437226732054524	0.503976704215687	0.007016113784688304	0.48900718199962473	0.007828672413418638	0.07750154447746253	0.9146697831091187	0.007828672413418638	0.0	0.9929838862153118	reverted	reverted	reverted	reverted	reverted	0.9959343520292161	0.0	0.0	0.0	0.0	0.0	0.007016113784688304
ATGACGGAGCAACCTA-E15S	Tumor	E15S	1	45948.0	0.7822871307815313	0.6251443830090638	0.28672931147932773	0.12417699686880992	0.09929090602725392	0.007429140059150727	0.8932799539135953	0.05095466967254723	0.3176929928425763	0.6313523374848764	0.05095466967254723	0.8932799539135954	0.0	reverted	partial	reverted	partial	persistent	0.27766349106865823	0.0	0.0	0.0	0.09929090602725393	0.007429140059150728	0.0
GGGTAATAGCCTGCCT-E15S	Tumor	E15S	1	46721.0	1.0640375548835714	0.4945115509041434	-0.09908199997322187	0.1683208521354201	0.037094606085688396	0.014920958141402636	0.947984435772909	0.09633259274119682	0.4748273764705379	0.42884003078826527	0.09633259274119682	0.947984435772909	0.0	partial	partial	partial	partial	persistent	0.12000584626387155	0.0	0.0	0.0	0.037094606085688396	0.014920958141402636	0.0
TGCGATTGTTAACCAC-E15S	Tumor	E15S	1	48274.0	1.3818860696367672	0.34894263105241663	-0.1317695114355474	0.1588152597112914	0.034872983401598064	0.016193731626727496	0.9489332849716744	0.17578361500347078	0.6274311924092806	0.1967851925872486	0.17578361500347078	0.9489332849716744	0.0	partial	partial	partial	partial	persistent	0.08681564553999757	0.0	0.0	0.0	0.034872983401598064	0.016193731626727496	0.0
TCATAACAGGTGCTGT-E15S	Tumor	E15S	1	47636.0	0.20044584668345297	0.8338213430027592	0.24298467542251181	0.1412777038652102	0.08454668118914588	0.007786240606422173	0.907667078204432	0.015082575853114014	0.13123603865787042	0.8536813854890156	0.015082575853114014	0.0	0.9922137593935779	reverted	reverted	reverted	reverted	reverted	0.9602052633822866	0.0	0.0	0.0	0.0	0.0	0.007786240606422173
GTAGGCAAGCTAATGT-E15S	Tumor	E15S	1	42874.0	0.7144594503400877	0.6547195103867696	0.3007026580539167	0.12236755341645689	0.10496421035496306	0.007371207090178702	0.8876645825548583	0.04354501182581181	0.28524425470111475	0.6712107334730735	0.04354501182581181	0.8876645825548583	0.0	reverted	partial	reverted	partial	partial	0.3025846041771184	0.0	0.0	0.0	0.10496421035496306	0.007371207090178702	0.0
GCCGCTAAGGGGTAGC-E15S	Tumor	E15S	1	46640.0	0.9708913297698686	0.5385198423587457	0.07629476534626105	0.14943356114715156	0.05108665699318135	0.0097250179404022	0.9391883250664164	0.07854638888098905	0.42066649219856045	0.5007871189204506	0.07854638888098905	0.9391883250664165	0.0	reverted	partial	reverted	partial	partial	0.36313138414577883	0.0	0.0	0.0	0.05108665699318136	0.009725017940402201	0.0
GGTCTAATCAGGGACA-E15S	Tumor	E15S	1	46286.0	-0.3523197875651073	0.9345895294431961	0.2637563617456796	0.1724047450195818	0.09187148498933388	0.007995807448516534	0.9001327075621495	0.008003883863976968	0.07906870021172492	0.9129274159242982	0.008003883863976968	0.0	0.9920041925514834	reverted	reverted	reverted	reverted	memory	0.967121046654436	0.0	0.0	0.0	0.0	0.0	0.007995807448516535
ACGGACAAGCATATAC-E15S	Tumor	E15S	1	49580.0	0.9557336462576984	0.5456428516810979	-1.6490825145231771	0.760561158000048	0.04162097806876924	0.15130688616052693	0.8070721357707038	0.07591779316182731	0.41191336964012915	0.5121688371980435	0.07591779316182731	0.8070721357707038	0.0	reverted	partial	reverted	partial	persistent	0.025781308255679418	0.0	0.0	0.0	0.04162097806876924	0.15130688616052693	0.0
CCATCCTGTTCGGTAT-E15S	Tumor	E15S	1	47995.0	0.3127365692051697	0.8022429599818514	0.09715290969040158	0.16887897645504263	0.05539047463477214	0.009713516023479864	0.934896009341748	0.018440862570607446	0.1528795240303083	0.8286796133990842	0.018440862570607446	0.0	0.9902864839765201	reverted	reverted	reverted	reverted	partial	0.3486790095188182	0.0	0.0	0.0	0.0	0.0	0.009713516023479864
CCATAATAGGTGAGGC-E15S	Tumor	E15S	1	45891.0	1.415324408699462	0.3347020852697755	0.3994929272694221	0.10575339859013114	0.1618419239527768	0.007196898862604269	0.8309611771846189	0.18543515166529376	0.6375142746200838	0.17705057371462246	0.18543515166529376	0.8309611771846189	0.0	partial	partial	partial	partial	persistent	0.019985828218301447	0.0	0.0	0.0	0.1618419239527768	0.007196898862604269	0.0
GTGCAATCATGGCAAT-E15S	Tumor	E15S	1	46922.0	0.6302797629293332	0.6898064857117333	-0.2010088228186432	0.222387180082068	0.036258772629115005	0.021332941919081964	0.9424082854518029	0.03591145903745579	0.24914817258889593	0.7149403683736483	0.03591145903745579	0.942408285451803	0.0	reverted	partial	reverted	partial	persistent	0.1723157582765908	0.0	0.0	0.0	0.03625877262911501	0.021332941919081968	0.0
TCTGTGTTCCTCTCCT-E15S	Tumor	E15S	1	48313.0	0.9010118815043249	0.5711825860506153	0.06024307669660507	0.1513815247402962	0.04921079980661769	0.01004365282816818	0.9407455473652142	0.06704226718456557	0.38080996826840047	0.5521477645470338	0.06704226718456557	0.9407455473652142	0.0	reverted	partial	reverted	partial	partial	0.47322772548611053	0.0	0.0	0.0	0.04921079980661769	0.01004365282816818	0.0
CATAGGCTCCATCGAA-E15S	Tumor	E15S	1	48915.0	0.22345117313651516	0.8276985024574673	0.4890393331691718	0.11953208633291162	0.23859984330887546	0.007268508689927836	0.7541316480011968	0.01568895140446306	0.135249940253842	0.8490611083416951	0.01568895140446306	0.0	0.9927314913100722	reverted	reverted	reverted	reverted	reverted	0.857636853536627	0.0	0.0	0.0	0.0	0.0	0.007268508689927836
ACAAGCGAGGTCAAGG-E15S	Tumor	E15S	1	48239.0	0.6501430235404955	0.6817033078070044	0.035447769178637706	0.16770406754734846	0.04761175023691507	0.010837188522294176	0.9415510612407909	0.03756923335401483	0.2572399765062981	0.7051907901396871	0.03756923335401483	0.9415510612407907	0.0	reverted	partial	reverted	partial	partial	0.3994234677793096	0.0	0.0	0.0	0.04761175023691506	0.010837188522294174	0.0
CACTGGACATAAGCGT-E15S	Tumor	E15S	1	48239.0	-0.162025890292774	0.9088082593061333	0.24771681919195954	0.15466312489825237	0.08640275754158493	0.007897769785780556	0.9056994726726344	0.009268384497795885	0.08949358546621071	0.9012380300359935	0.009268384497795885	0.0	0.9921022302142194	reverted	reverted	reverted	reverted	reverted	0.9085943383630283	0.0	0.0	0.0	0.0	0.0	0.007897769785780558
AGAAGTTGTTGGCCTA-E15S	Tumor	E15S	1	48241.0	0.8611658291113121	0.5895516753169225	0.1544891372459462	0.13739859755790504	0.06279192536474569	0.008472619566222655	0.9287354550690318	0.06117270886995077	0.3588481044094336	0.5799791867206157	0.06117270886995077	0.9287354550690318	0.0	reverted	partial	reverted	partial	partial	0.5521444573214004	0.0	0.0	0.0	0.06279192536474569	0.008472619566222655	0.0
GCGATCCGTTGTCCCT-E15S	Tumor	E15S	1	47932.0	-0.3314167786406709	0.9321283758978939	0.28992016872966164	0.1779728500738512	0.10064680208784314	0.007901254009373217	0.8914519439027837	0.008102801321254346	0.07993094559869691	0.9119662530800486	0.008102801321254346	0.0	0.9920987459906269	reverted	reverted	reverted	reverted	inducing	0.9192919771022601	0.0	0.0	0.0	0.0	0.0	0.007901254009373217
ATGTGCATCTATGAGT-E15S	Tumor	E15S	1	46792.0	0.21942007841318154	0.8287841350498968	-0.030365290609097234	0.19495299048151	0.04369005522538771	0.013091620599944617	0.9432183241746677	0.015579909488093974	0.13453183734133153	0.8498882531705745	0.015579909488093974	0.0	0.9869083794000554	reverted	reverted	reverted	reverted	partial	0.6774942350674676	0.0	0.0	0.0	0.0	0.0	0.013091620599944617
GCCATAATCGCGACAT-E15S	Tumor	E15S	1	43664.0	0.08793269721901126	0.8612797681951039	0.4652640701281989	0.13301185125331325	0.209677549549239	0.00725192164890978	0.7830705288018511	0.012612984719802788	0.11432038754135118	0.873066627738846	0.012612984719802788	0.0	0.9927480783510902	reverted	reverted	reverted	reverted	reverted	0.9410283675454446	0.0	0.0	0.0	0.0	0.0	0.007251921648909781
CAAGCGCCATTACCGC-E15S	Tumor	E15S	1	38697.0	0.15241761886334135	0.8460408636962538	0.4842942337807573	0.11521207252357787	0.23530775977940516	0.007269986604998597	0.7574222536155963	0.013933926341129327	0.1234882366401574	0.8625778370187133	0.013933926341129327	0.0	0.9927300133950014	reverted	reverted	reverted	reverted	reverted	0.9296217658684639	0.0	0.0	0.0	0.0	0.0	0.007269986604998597
TGACGAAGTTCCGCTT-E15S	Tumor	E15S	1	46387.0	-0.06843060614646389	0.8930212064882757	0.020185354913792072	0.20897278950018916	0.049456006773819255	0.012054681195768201	0.9384893120304127	0.010247384616431711	0.09705838941451604	0.8926942259690522	0.010247384616431711	0.0	0.9879453188042318	reverted	reverted	reverted	reverted	reverted	0.9316253407036359	0.0	0.0	0.0	0.0	0.0	0.012054681195768198
GGAAGGCTCGTTAAGT-E15S	Tumor	E15S	1	47384.0	0.10073458650259878	0.8583587008642167	0.14175186501702683	0.16527164286009102	0.062260562164209436	0.009021613279366925	0.9287178245564236	0.012856771831170028	0.11603481473004275	0.8711084134387873	0.012856771831170028	0.0	0.9909783867206331	reverted	reverted	reverted	reverted	reverted	0.9387960826870605	0.0	0.0	0.0	0.0	0.0	0.009021613279366927
TGGATTTAGCAACCAC-E15S	Tumor	E15S	1	39067.0	0.00208452004806046	0.879582643986998	0.5601406303466943	0.12076098892632713	0.3264940041914245	0.007280925528808583	0.6662250702797669	0.011185571655971172	0.104052753004571	0.8847616753394579	0.011185571655971172	0.0	0.9927190744711915	reverted	reverted	reverted	reverted	inducing	0.8814153939730914	0.0	0.0	0.0	0.0	0.0	0.0072809255288085835
CTCAGTTTCCTTCCAG-E15S	Tumor	E15S	1	43946.0	2.304206642222241	0.08550608374342143	0.04251234404354386	0.12932447838450772	0.045665266263618706	0.010023167739165301	0.944311565997216	0.5012277045467819	0.4961339120886849	0.00263838336453311	0.5012277045467819	0.0	0.0	persistent	persistent	persistent	persistent	persistent	0.002090418405626251	0.944311565997216	0.045665266263618706	0.010023167739165301	0.0	0.0	0.0
CGGTTAATCATGTCAG-E15S	Tumor	E15S	1	42775.0	1.1051581489650588	0.47507013590004665	-0.033780666609125265	0.1726458121802791	0.04167039630721407	0.012706485078404954	0.9456231186143809	0.10506565063380542	0.49840632259903483	0.39652802676715987	0.10506565063380542	0.945623118614381	0.0	partial	partial	partial	partial	reverted	0.7643860298849559	0.0	0.0	0.0	0.04167039630721408	0.012706485078404956	0.0
TATGCAACAATCGTCC-E15S	Tumor	E15S	1	40972.0	0.04024873608183186	0.8717177961744994	0.1163458956598542	0.1825752755722924	0.05933739505782025	0.00966227869236295	0.9310003262498168	0.011777854562480747	0.10836320019024273	0.8798589452472766	0.011777854562480747	0.0	0.9903377213076371	reverted	reverted	reverted	reverted	reverted	0.9516314342457275	0.0	0.0	0.0	0.0	0.0	0.009662278692362952
TGTAACCGTCAAGTAG-E15S	Tumor	E15S	1	47877.0	-0.2773840396604725	0.925363731313759	-1.3542474790733192	0.7617880871234944	0.046622596385465294	0.10560329544646115	0.8477741081680735	0.00840112367985447	0.08246545443789652	0.9091334218822492	0.00840112367985447	0.0	0.8943967045535388	reverted	reverted	reverted	reverted	reverted	0.8543430770949147	0.0	0.0	0.0	0.0	0.0	0.10560329544646115
AACGGTAGTATGGCTT-E15S	Tumor	E15S	1	44572.0	-0.29512315954986773	0.9276502762452696	-0.6839438197501058	0.4401558091144304	0.03902462911277052	0.07107682960289778	0.8898985412843318	0.008296193718490854	0.08158350898397969	0.9101202972975294	0.008296193718490854	0.0	0.9289231703971023	reverted	reverted	reverted	reverted	reverted	0.9431218078564437	0.0	0.0	0.0	0.0	0.0	0.07107682960289778
GGCTAATCACTAGCTC-E15S	Tumor	E15S	1	39751.0	-0.2340269816044838	0.9194930387053726	0.5522759294764562	0.12647583164293782	0.31141373235905373	0.007268215280912122	0.6813180523600341	0.00868802395753969	0.08483590460880168	0.9064760714336587	0.00868802395753969	0.0	0.9927317847190879	reverted	reverted	reverted	reverted	reverted	0.9144602388740406	0.0	0.0	0.0	0.0	0.0	0.007268215280912123
CCCTTTAGTTTGAGAG-E15S	Tumor	E15S	1	47241.0	0.04566761504182429	0.8705662198467774	0.13001297462008793	0.17066378215633107	0.06062812198680745	0.009261792812335145	0.9301100852008574	0.011867240258346462	0.10900732262269981	0.8791254371189537	0.011867240258346462	0.0	0.9907382071876648	reverted	reverted	reverted	reverted	reverted	0.9201972298905325	0.0	0.0	0.0	0.0	0.0	0.009261792812335145
AGCCTGGTCTAGATAC-E15S	Tumor	E15S	1	46694.0	0.012496822165816797	0.877479129123138	-0.006365041032027535	0.18885205239161051	0.04521519697980028	0.012277751688069901	0.94250705133213	0.011340873122550213	0.10519032307461897	0.8834688038028309	0.011340873122550213	0.0	0.98772224831193	reverted	reverted	reverted	reverted	partial	0.679886151996812	0.0	0.0	0.0	0.0	0.0	0.012277751688069898
CAAGCTGCAACTCGTC-E15S	Tumor	E15S	1	40527.0	1.8224614290719268	0.18880919158589463	0.4697974828423389	0.09790462472873575	0.22629839684718525	0.007274459359958551	0.766427143792856	0.3150876720371722	0.6498643294869172	0.03504799847591062	0.3150876720371722	0.0	0.0	partial	persistent	partial	persistent	persistent	0.037956640549161876	0.7664271437928563	0.2262983968471853	0.007274459359958553	0.0	0.0	0.0
AAAGCAATCATAGGCC-E15S	Tumor	E15S	1	45021.0	0.1485855943468971	0.8469834471052543	0.09796900819708777	0.18775197051142511	0.05701172838436513	0.010045986359235159	0.9329422852563998	0.013848666884465753	0.12290518340770114	0.863246149707833	0.013848666884465753	0.0	0.9899540136407649	reverted	reverted	reverted	reverted	reverted	0.9710894892532992	0.0	0.0	0.0	0.0	0.0	0.010045986359235159
GGCGATGGTAAGCGGT-E15S	Tumor	E15S	1	46196.0	-0.1308756236527703	0.9038016411929385	0.4445654813470643	0.12573599264422794	0.19348812438239163	0.007242143804327005	0.7992697318132814	0.00956387605320403	0.09181050637171542	0.8986256175750806	0.00956387605320403	0.0	0.992757856195673	reverted	reverted	reverted	reverted	reverted	0.9667200447850147	0.0	0.0	0.0	0.0	0.0	0.007242143804327005
AGCCATTGTGAAGGTC-E15S	Tumor	E15S	1	39343.0	0.8455660391887655	0.5966786637906621	0.5643991925393014	0.10944862780425084	0.3412462714725282	0.00731562297325398	0.6514381055542179	0.05900710276119266	0.350446731170584	0.5905461660682234	0.05900710276119266	0.6514381055542179	0.0	reverted	partial	reverted	partial	persistent	0.2738961350460188	0.0	0.0	0.0	0.3412462714725282	0.00731562297325398	0.0
CAAGGTGAGGAATCAA-E15S	Tumor	E15S	1	46735.0	1.055836696042405	0.49839270409951103	0.2594582879885685	0.11923695312569026	0.08930303423066593	0.007501815183396558	0.9031951505859375	0.09465454413958926	0.47007738889738676	0.43526806696302406	0.09465454413958926	0.9031951505859375	0.0	partial	partial	reverted	partial	persistent	0.2745345535260995	0.0	0.0	0.0	0.08930303423066593	0.007501815183396558	0.0
AAGTACCCATTAGAGC-E15S	Tumor	E15S	1	47439.0	0.12439270619825173	0.8528254830823085	0.14300430978354464	0.16373010700874377	0.062374674664485916	0.008981824611501696	0.9286435007240125	0.01333075428290625	0.11933833616234776	0.8673309095547461	0.01333075428290625	0.0	0.9910181753884983	reverted	reverted	reverted	reverted	reverted	0.8343234620125195	0.0	0.0	0.0	0.0	0.0	0.008981824611501696
CTGTGCCTCACTTCCG-E15S	Tumor	E15S	1	46155.0	0.7628918819364529	0.6337085591516513	-0.15114578449311086	0.1953116825459904	0.036384652230058045	0.017909565656332303	0.9457057821136097	0.04871209495916997	0.3081192627478225	0.6431686422930076	0.04871209495916997	0.9457057821136097	0.0	reverted	partial	reverted	partial	persistent	0.04075083599504118	0.0	0.0	0.0	0.036384652230058045	0.017909565656332303	0.0
TAACACTAGTTAGACT-E15S	Tumor	E15S	1	46406.0	0.5944918603535377	0.7041141396856675	0.010005324656394018	0.17345689310519982	0.04548835075620922	0.011534516886341474	0.9429771323574494	0.03313048011003503	0.23523063612156916	0.7316388837683959	0.03313048011003503	0.0	0.9884654831136586	reverted	reverted	reverted	reverted	reverted	0.8479246038598606	0.0	0.0	0.0	0.0	0.0	0.011534516886341474
AATATCGCAGGATTAC-E15S	Tumor	E15S	1	41993.0	1.543260353498821	0.2830877991263942	0.4575476337059724	0.09959174104239724	0.21315507563580208	0.007254894114344182	0.7795900302498537	0.22388223505450172	0.6626432076946727	0.11347455725082572	0.22388223505450172	0.0	0.0	partial	persistent	partial	persistent	persistent	0.06175186313882782	0.7795900302498537	0.21315507563580208	0.007254894114344182	0.0	0.0	0.0
AGCTTACGTGGCTGCT-E15S	Tumor	E15S	1	30499.0	0.916901428254079	0.5637994224949998	0.916774852564531	0.08492969539116778	0.9158253232263804	0.00384095317721964	0.08033372359639988	0.0695211409034957	0.3897444973067495	0.5407343617897549	0.0695211409034957	0.08033372359639988	0.0	reverted	partial	reverted	transitioning_out	persistent	0.2009386737323805	0.0	0.0	0.0	0.9158253232263804	0.00384095317721964	0.0
AACAGGTAGGTTCGCG-E15S	Tumor	E15S	1	39396.0	-0.3860973010420714	0.9383917114510901	0.5333053864780075	0.13093998040432034	0.2838872139383439	0.007262913679967122	0.708849872381689	0.007862441463710094	0.07780849799693507	0.9143290605393548	0.007862441463710094	0.0	0.9927370863200329	reverted	reverted	reverted	reverted	partial	0.653505650903007	0.0	0.0	0.0	0.0	0.0	0.007262913679967122
ATACGCGCAGTTGCAG-E15S	Tumor	E15S	1	38369.0	1.141718320195036	0.45784625695599196	0.43709613478549825	0.1155131432370004	0.18977938329458777	0.00723119218685168	0.8029894245185607	0.11326561639275262	0.5188639147160352	0.3678704688912121	0.11326561639275262	0.8029894245185605	0.0	partial	partial	partial	partial	persistent	0.2278455989499273	0.0	0.0	0.0	0.1897793832945877	0.007231192186851678	0.0
AGCCTTGGTAATGCGA-E15S	Tumor	E15S	1	45033.0	0.42123857812995597	0.7676272501051753	0.2935801781223626	0.13680293416851372	0.10192397224929524	0.007498303048785509	0.8905777247019193	0.022828359815723773	0.17930603362906028	0.797865606555216	0.022828359815723773	0.0	0.9925016969512146	reverted	reverted	reverted	reverted	partial	0.6986099926467687	0.0	0.0	0.0	0.0	0.0	0.007498303048785509
GGGTTGGGTCTCCACT-E15S	Tumor	E15S	1	45283.0	0.4972113350431845	0.7409925073007124	0.2658693079291562	0.14262580551168053	0.09187632257886422	0.007671479302144834	0.9004521981189909	0.02676682109851133	0.20158473142901356	0.7716484474724752	0.02676682109851133	0.0	0.9923285206978552	reverted	reverted	reverted	reverted	partial	0.6169015998596425	0.0	0.0	0.0	0.0	0.0	0.007671479302144834
GCGACAGGTTTCGTCC-E15S	Tumor	E15S	1	47126.0	0.1703925132137575	0.8415559858664099	-0.0168626938966078	0.19372330670284113	0.044702768436147663	0.012672934261301498	0.9426242973025507	0.01434611416410497	0.12629112292446132	0.8593627629114337	0.01434611416410497	0.0	0.9873270657386986	reverted	reverted	reverted	reverted	reverted	0.9282602243674298	0.0	0.0	0.0	0.0	0.0	0.012672934261301502
GCAGTGAAGTCAGGAG-E15S	Tumor	E15S	1	44828.0	1.4051646922935206	0.33899854934199786	-0.0823122836743081	0.16755103795244616	0.03800029459329211	0.014242012810204385	0.9477576925965036	0.18248336884620378	0.6346022837618418	0.1829143473919545	0.18248336884620378	0.9477576925965036	0.0	partial	partial	partial	partial	persistent	0.1134893865601063	0.0	0.0	0.0	0.03800029459329211	0.014242012810204385	0.0
CCACATAAGGATCACC-E15S	Tumor	E15S	1	44065.0	0.8450635428292581	0.5969075766239618	0.17437504312551244	0.14068010363246905	0.0670333881338977	0.008312223325642198	0.9246543885404602	0.05893856055092042	0.350178108711648	0.5908833307374316	0.05893856055092042	0.92465438854046	0.0	reverted	partial	reverted	partial	persistent	0.2516573853390458	0.0	0.0	0.0	0.06703338813389768	0.008312223325642196	0.0
GCATCACAGTTACGGC-E15S	Tumor	E15S	1	42431.0	0.5994367138507399	0.7021600987621175	0.3759922528542213	0.120735765883067	0.14388905656556472	0.007234904975579011	0.8488760384588563	0.03349953579088882	0.2371032649092489	0.7293971992998624	0.03349953579088882	0.0	0.992765095024421	reverted	reverted	reverted	reverted	partial	0.5949802468338831	0.0	0.0	0.0	0.0	0.0	0.007234904975579011
CACGACCGTCTAGCAT-E15S	Tumor	E15S	1	43855.0	-0.6935059958421572	0.9646116337563229	0.6327813732378705	0.13044106569947544	0.43001113946482117	0.007107805929866774	0.562881054605312	0.007504794698384201	0.07311371288082967	0.9193814924207863	0.007504794698384201	0.0	0.9928921940701332	reverted	reverted	reverted	reverted	reverted	0.9900012095396032	0.0	0.0	0.0	0.0	0.0	0.007107805929866774
CGCGATTAGGTCAACC-E15S	Tumor	E15S	1	45497.0	2.784443572834486	0.036300612227814985	-0.03825376233857844	0.12642514203569385	0.038247046505866966	0.011967898305585397	0.9497850551885476	0.7071206953318624	0.29277638531927397	0.00010291934886364995	0.7071206953318624	0.0	0.0	persistent	persistent	persistent	persistent	persistent	0.00036458756449263	0.9497850551885476	0.038247046505866966	0.011967898305585397	0.0	0.0	0.0
ATGAGTTTCCCGCTTA-E15S	Tumor	E15S	1	42896.0	0.1849965079278693	0.8378345658094896	0.4258668191935705	0.13769660691982702	0.17541411667564116	0.007260514816144939	0.8173253685082139	0.01469637721545916	0.12865278068129576	0.8566508421032452	0.01469637721545916	0.0	0.9927394851838551	reverted	reverted	reverted	reverted	reverted	0.8844110861344001	0.0	0.0	0.0	0.0	0.0	0.007260514816144939
AGGGAGTCAGCCAAGC-E15S	Tumor	E15S	1	41877.0	-0.041239917953465884	0.8880030559317712	0.5302287505345613	0.1201011246101679	0.28669108327877696	0.00728739319657587	0.7060215235246473	0.010586729025243392	0.09961377758245932	0.8897994933922974	0.010586729025243392	0.0	0.9927126068034242	reverted	reverted	reverted	reverted	persistent	0.09060563762312931	0.0	0.0	0.0	0.0	0.0	0.00728739319657587
CCCATTTAGTTGGACC-E15S	Tumor	E15S	1	40646.0	2.639912525462093	0.0471858613539326	0.598502476757592	0.08495249274710909	0.41666190710593254	0.007366146270874388	0.5759719466231931	0.6465654795414485	0.35314106378145804	0.0002934566770935414	0.6465654795414485	0.0	0.0	persistent	persistent	persistent	persistent	persistent	0.001248232757120395	0.5759719466231931	0.41666190710593254	0.007366146270874388	0.0	0.0	0.0
GGTACGCCACAGGCGT-E15S	Tumor	E15S	1	46553.0	0.21288608670527337	0.830532295492078	0.4540857809653923	0.1162023791725206	0.2047746751435389	0.007243910635670289	0.7879814142207909	0.015405709972680324	0.133381298624543	0.8512129914027766	0.015405709972680324	0.0	0.9927560893643298	reverted	reverted	reverted	reverted	reverted	0.9713080568589211	0.0	0.0	0.0	0.0	0.0	0.007243910635670289
ACGTTAGTCCCCAAGG-E15S	Tumor	E15S	1	43292.0	0.5003439036629213	0.7398526982951945	0.22337562031939145	0.14112998268065755	0.07891640486020478	0.007912575044305203	0.9131710200954901	0.026947140302001026	0.20257604253789185	0.7704768171601072	0.026947140302001026	0.0	0.9920874249556949	reverted	reverted	reverted	reverted	partial	0.6759505530982115	0.0	0.0	0.0	0.0	0.0	0.007912575044305203
CTAAACCGTCTTGGGC-E15S	Tumor	E15S	1	43676.0	0.22125433838205588	0.8282908164434407	0.5935157552831148	0.10667616197711359	0.3892965950115779	0.007294232277899974	0.6034091727105222	0.015629376836349414	0.1348578059463375	0.849512817217313	0.015629376836349414	0.0	0.9927057677221001	reverted	reverted	reverted	reverted	partial	0.5255134278391045	0.0	0.0	0.0	0.0	0.0	0.007294232277899974
CGTTGGGTCTATGAGT-E15S	Tumor	E15S	1	44490.0	1.8588392986434543	0.17848652936930695	-0.02906173883778096	0.147232959502767	0.040229733342989814	0.012062691784056445	0.9477075748729538	0.3277715563885453	0.6427106517460488	0.029517791865405974	0.3277715563885453	0.0	0.0	partial	persistent	partial	persistent	persistent	0.007495420029301865	0.9477075748729538	0.040229733342989814	0.012062691784056445	0.0	0.0	0.0
CTCGACTCACAGCGTA-E15S	Tumor	E15S	1	40252.0	0.3144637418009865	0.8017236960928068	0.5536627256298741	0.11576608367770129	0.32099887620114875	0.00729904301820698	0.6717020807806443	0.01850101484617378	0.15325498797522966	0.8282439971785965	0.01850101484617378	0.0	0.9927009569817931	reverted	reverted	reverted	reverted	reverted	0.870197176600546	0.0	0.0	0.0	0.0	0.0	0.00729904301820698
CCTTTCAGTTGGTGAA-E15S	Tumor	E15S	1	44281.0	0.7687107287243239	0.6311477659267534	-0.06874559633847657	0.1828886128497083	0.03995320700774569	0.014072146603898618	0.9459746463883557	0.04937418666614816	0.3109673327002222	0.6396584806336296	0.04937418666614816	0.9459746463883557	0.0	reverted	partial	reverted	partial	partial	0.5158727633411967	0.0	0.0	0.0	0.03995320700774569	0.014072146603898618	0.0
TCGCTTGTCTCATCCG-E15S	Tumor	E15S	1	48044.0	1.3138985380706878	0.3787212277021002	0.12217913968179527	0.1399085468206477	0.057171716192827376	0.008890406156101122	0.9339378776510716	0.1567711509019356	0.6026551036013592	0.24057374549670515	0.1567711509019356	0.9339378776510716	0.0	partial	partial	partial	partial	partial	0.38876701243502715	0.0	0.0	0.0	0.057171716192827376	0.008890406156101122	0.0
TCATTCATCCGGATGT-E15S	Tumor	E15S	1	39336.0	3.6253295409760313	0.00760836315569893	0.39186750353461286	0.09128027458092093	0.15836890872958082	0.007170280936104643	0.8344608103343145	0.9395712553004892	0.06042867611545319	6.858405767275847e-08	0.9395712553004892	0.0	0.0	persistent	persistent	persistent	persistent	persistent	8.408918412207954e-05	0.8344608103343146	0.15836890872958084	0.007170280936104644	0.0	0.0	0.0
AGTTGAAAGCATAGGG-E15S	Tumor	E15S	1	48056.0	0.45898069236139144	0.7546391939627883	-0.2685663704424569	0.22656063308068555	0.034449135569113075	0.026367344853412484	0.9391835195774746	0.02468414847836421	0.18995771354130034	0.7853581379803354	0.02468414847836421	0.0	0.9736326551465875	reverted	reverted	reverted	reverted	reverted	0.7024652917811525	0.0	0.0	0.0	0.0	0.0	0.026367344853412477
ATAACGTTCATCTCAC-E15S	Tumor	E15S	1	43349.0	0.3185040586758684	0.8005049933759038	0.6123252242945459	0.10403661298615445	0.42359650516381586	0.007262903447086767	0.5691405913890973	0.018642841991930652	0.15413869017097268	0.8272184678370965	0.018642841991930652	0.0	0.9927370965529132	reverted	reverted	reverted	reverted	reverted	0.969617589233639	0.0	0.0	0.0	0.0	0.0	0.007262903447086767
GCTCCGTTCTGGTCAA-E15S	Tumor	E15S	1	45268.0	-0.5849297214824067	0.9568841251111957	0.6102424738673283	0.1280376356271087	0.3957761633106309	0.007183449923287692	0.5970403867660814	0.007448918863061018	0.07345046816120136	0.9191006129757375	0.007448918863061018	0.0	0.9928165500767123	reverted	reverted	reverted	reverted	reverted	0.9750001790417241	0.0	0.0	0.0	0.0	0.0	0.007183449923287692
AAGTCATTCCCCTGTA-E15S	Tumor	E15S	1	44775.0	0.63986053214391	0.6859121658110457	-0.10189369119564626	0.18826681333988157	0.03833882637325092	0.0154650372414711	0.946196136385278	0.03670055045263095	0.2530182941648602	0.7102811553825088	0.03670055045263095	0.946196136385278	0.0	reverted	partial	reverted	partial	partial	0.5560757584452924	0.0	0.0	0.0	0.03833882637325092	0.0154650372414711	0.0
GTTCATTCAATTCGTT-E15S	Tumor	E15S	1	44045.0	1.2277657573267127	0.41777424742341546	-0.33559760743650646	0.22719371621086867	0.03314739989238839	0.0330411041748856	0.9338114959327259	0.1340733347481031	0.5639154558926512	0.3020112093592457	0.1340733347481031	0.9338114959327259	0.0	partial	partial	partial	partial	persistent	0.02412464023040156	0.0	0.0	0.0	0.03314739989238839	0.0330411041748856	0.0
TCCTTCTCATGACGTG-E15S	Tumor	E15S	1	34587.0	-0.5134241572796672	0.9509406164348728	0.5346089596528818	0.13756997621843423	0.28132256584016163	0.007249735703388329	0.7114276984564499	0.007519020700273947	0.0744428013597032	0.9180381779400231	0.007519020700273947	0.0	0.9927502642966116	reverted	reverted	reverted	reverted	inducing	0.9996727774570927	0.0	0.0	0.0	0.0	0.0	0.0072497357033883296
GCGTTAATCTAGCTTC-E15S	Tumor	E15S	1	45639.0	1.211171772466997	0.4254347406286337	0.4215341322623908	0.10402679052942822	0.17931292818577632	0.007211058700164644	0.813476013114059	0.1299050780483771	0.5556491056314454	0.31444581632017754	0.1299050780483771	0.813476013114059	0.0	partial	partial	partial	partial	persistent	0.07432968693885483	0.0	0.0	0.0	0.17931292818577632	0.007211058700164644	0.0
GTAAACTTCGATCGGT-E15S	Tumor	E15S	1	47963.0	1.5717262355096944	0.2722797785656375	-0.07236711988789754	0.15250483424400813	0.03759652544145293	0.013570878140085629	0.9488325964184613	0.2327282848459334	0.6653550065835938	0.10191670857047277	0.2327282848459334	0.0	0.0	partial	persistent	partial	persistent	partial	0.31536095975412626	0.9488325964184614	0.037596525441452935	0.01357087814008563	0.0	0.0	0.0
AGCCGAAAGGAGGCAC-E15S	Tumor	E15S	1	38001.0	0.5483778879957751	0.7219725883694055	-0.13182198570711542	0.19984712517680203	0.03760852159601719	0.017050262661143088	0.9453412157428396	0.02990949225861403	0.2185334092214886	0.7515570985198974	0.02990949225861403	0.0	0.9829497373388569	reverted	reverted	reverted	reverted	persistent	0.1979104614846501	0.0	0.0	0.0	0.0	0.0	0.01705026266114309
TAGTTTGGTTTGGTTA-E15S	Tumor	E15S	1	43754.0	-0.5804664369375951	0.9565341687673744	-0.05653356327760878	0.25554558578297887	0.04700682700507762	0.015417225596664613	0.9375759473982579	0.007450802985634635	0.07349428660489697	0.9190549104094683	0.007450802985634635	0.0	0.9845827744033353	reverted	reverted	reverted	reverted	inducing	0.6567967937319755	0.0	0.0	0.0	0.0	0.0	0.01541722559666461
ACCATTTCATGATTGA-E15S	Tumor	E15S	1	39672.0	0.48821221394997816	0.744248787938756	0.333383750241977	0.1315853987149603	0.11949080535195306	0.007343715265679225	0.8731654793823679	0.026257151195373415	0.19876983587110017	0.7749730129335264	0.026257151195373415	0.0	0.9926562847343208	reverted	reverted	reverted	reverted	persistent	0.24044690599398738	0.0	0.0	0.0	0.0	0.0	0.007343715265679223
GTCGCTAGTAGGTGTA-E15S	Tumor	E15S	1	40731.0	-0.3086551740111388	0.9293509206535221	0.6788312528355595	0.12674301537026542	0.5150188697391547	0.0068959327820027816	0.4780851974788426	0.008220801628576803	0.08094384126533956	0.9108353571060837	0.008220801628576803	0.0	0.9931040672179973	reverted	reverted	reverted	reverted	inducing	0.7848612558389814	0.0	0.0	0.0	0.0	0.0	0.0068959327820027816
ACATGAAAGGATGGCA-E15S	Tumor	E15S	1	40236.0	-0.2675276736665918	0.9240647203986223	0.3618215539826115	0.16352709102424706	0.13162450612602908	0.0074739147584369225	0.8609015791155339	0.008462487835931367	0.08297718798367823	0.9085603241803905	0.008462487835931367	0.0	0.992526085241563	reverted	reverted	reverted	reverted	reverted	0.9946126200514417	0.0	0.0	0.0	0.0	0.0	0.007473914758436923
TCCCAGCTCCAGCCCT-E15S	Tumor	E15S	1	41424.0	0.13073039379348333	0.8513131541477993	0.3559149570465474	0.13920751562055841	0.1305018429151487	0.007340099354446892	0.8621580577304044	0.013463095958229252	0.12025393108496456	0.8662829729568061	0.013463095958229252	0.0	0.9926599006455532	reverted	reverted	reverted	reverted	inducing	0.9096753889405659	0.0	0.0	0.0	0.0	0.0	0.007340099354446892
GCTTCAGGTTGGGACG-E15S	Tumor	E15S	1	41439.0	0.09296659605490719	0.8601372356777018	0.2761590546564267	0.15103967494780382	0.09553456660419767	0.007698525291144496	0.8967669081046576	0.012707811123046699	0.11498851834154888	0.8723036705354045	0.012707811123046699	0.0	0.9923014747088555	reverted	reverted	reverted	reverted	reverted	0.8206325020919278	0.0	0.0	0.0	0.0	0.0	0.007698525291144498
ACGCAATCAATGTCAA-E15S	Tumor	E15S	1	42525.0	-0.00905568163992977	0.8817986219531057	0.19686184600632806	0.1701548413923296	0.07375152939913278	0.008492598080769492	0.9177558725200977	0.011024427128190253	0.10286662294981429	0.8861089499219954	0.011024427128190253	0.0	0.9915074019192305	reverted	reverted	reverted	reverted	reverted	0.8039290554907608	0.0	0.0	0.0	0.0	0.0	0.008492598080769492
GGCACCTGTAACGCGG-E15S	Tumor	E15S	1	41339.0	0.9346747136453063	0.5555074795450058	0.20320681898743986	0.13691296451230062	0.07347724443212231	0.008015652647539185	0.9185071029203383	0.07238887375109318	0.3998383740675116	0.5277727521813953	0.07238887375109318	0.9185071029203385	0.0	reverted	partial	reverted	partial	partial	0.3765429645534111	0.0	0.0	0.0	0.07347724443212232	0.008015652647539187	0.0
TGGACTATCAGGTAGG-E15S	Tumor	E15S	1	44466.0	2.1996528058625575	0.10230728116057429	-0.18597125823513186	0.15723119898124127	0.03275801866870028	0.0191982674965498	0.94804371383475	0.45757584796912265	0.5375309533360018	0.0048931986948756705	0.45757584796912265	0.0	0.0	partial	persistent	partial	persistent	persistent	0.0003517996758321037	0.94804371383475	0.03275801866870028	0.0191982674965498	0.0	0.0	0.0
GTATTGGTCGATCATG-E15S	Tumor	E15S	1	43073.0	1.6185395254114545	0.25507779710245004	0.30241325723023826	0.10846073594017692	0.10593045406259798	0.007283265510990271	0.8867862804264119	0.24749185743449695	0.6676398360506927	0.0848683065148103	0.24749185743449695	0.0	0.0	partial	persistent	partial	persistent	persistent	0.0643952072905901	0.8867862804264117	0.10593045406259795	0.007283265510990269	0.0	0.0	0.0
AAGTACCCAATGACGT-E15S	Tumor	E15S	1	42739.0	-0.39208877487841703	0.9390442161129958	0.5452523117565962	0.12615736516244427	0.3022690924226374	0.007271582146105974	0.6904593254312568	0.007839660330087305	0.07760172681435247	0.9145586128555604	0.007839660330087305	0.0	0.992728417853894	reverted	reverted	reverted	reverted	reverted	0.9219736316663307	0.0	0.0	0.0	0.0	0.0	0.007271582146105972
AGGTGCAAGGGCTATC-E15S	Tumor	E15S	1	41731.0	0.04041035175692914	0.8716835776966967	-0.23491016032430642	0.28038797861056236	0.03929752462598321	0.024632997347216492	0.9360694780268002	0.011780500801266061	0.10838229259931217	0.8798372065994217	0.011780500801266061	0.0	0.9753670026527835	reverted	reverted	reverted	reverted	reverted	0.8675214989408699	0.0	0.0	0.0	0.0	0.0	0.024632997347216495
CCCTAGCTCACTCCAT-E15S	Tumor	E15S	1	42731.0	-0.03685806647122776	0.8871753779777154	0.2029767222830465	0.16769007847267955	0.07503401268031035	0.008401810612226389	0.9165641767074633	0.010643964888581511	0.100041819673557	0.8893142154378616	0.010643964888581511	0.0	0.9915981893877737	reverted	reverted	reverted	reverted	partial	0.6527600187347616	0.0	0.0	0.0	0.0	0.0	0.008401810612226389
CCGCCATTCCATCCCA-E15S	Tumor	E15S	1	45365.0	0.9375189358544195	0.5541775392250555	-0.28078272111444624	0.2220526526618755	0.033892644220911275	0.027400555013117715	0.938706800765971	0.07285716288883007	0.40146247027747234	0.5256803668336975	0.07285716288883007	0.938706800765971	0.0	reverted	partial	reverted	partial	persistent	0.27553556195011586	0.0	0.0	0.0	0.033892644220911275	0.027400555013117715	0.0
TCCCCTAAGGATAGGT-E15S	Tumor	E15S	1	46165.0	-0.2912537250860963	0.9271570855774841	0.17986518377489497	0.18232069576707716	0.07081258493530983	0.008846521551985379	0.9203408935127048	0.008318486228763914	0.08177165431493491	0.9099098594563011	0.008318486228763914	0.0	0.9911534784480146	reverted	reverted	reverted	reverted	reverted	0.9694428767887063	0.0	0.0	0.0	0.0	0.0	0.008846521551985379
GGTATGAGTTAGACGA-E15S	Tumor	E15S	1	42697.0	-0.5243387382970885	0.9518956635866643	-0.15228210015554058	0.29311783207986286	0.04426701197178502	0.020269640065507598	0.9354633479627074	0.007502778197831513	0.07425090554912314	0.9182463162530453	0.007502778197831513	0.0	0.9797303599344924	reverted	reverted	reverted	reverted	inducing	0.8629661533737321	0.0	0.0	0.0	0.0	0.0	0.020269640065507598
TGGCCATAGTTGCTGA-E15S	Tumor	E15S	1	41746.0	-0.45652211010023996	0.9456637730143144	0.1438115804886252	0.20948529076958103	0.06603493315632318	0.009766292599959637	0.9241987742437173	0.007636787974626588	0.07568553649224956	0.9166776755331237	0.007636787974626588	0.0	0.9902337074000405	reverted	reverted	reverted	reverted	reverted	0.909555720081359	0.0	0.0	0.0	0.0	0.0	0.009766292599959637
GTAGACTCAGGAAGCG-E15S	Tumor	E15S	1	42635.0	-0.6138037168507244	0.9590838599620443	0.11007306368737438	0.20830676844913695	0.06051862407865747	0.01025159952693308	0.9292297763944095	0.007444690195515422	0.07322450663413137	0.9193308031703531	0.007444690195515422	0.0	0.989748400473067	reverted	reverted	reverted	reverted	reverted	0.9928609645402363	0.0	0.0	0.0	0.0	0.0	0.01025159952693308
AGAGGCATCTATCACC-E15S	Tumor	E15S	1	42661.0	0.6034944755668461	0.7005510696835672	0.0020603854637346597	0.18454023813163728	0.04562690306944123	0.011964346597683362	0.9424087503328753	0.033805952217987385	0.23865196800917737	0.7275420797728352	0.033805952217987385	0.0	0.9880356534023167	reverted	reverted	reverted	reverted	reverted	0.7495308591772182	0.0	0.0	0.0	0.0	0.0	0.011964346597683365
ACGGCCATCCTCATAC-E15S	Tumor	E15S	1	43521.0	0.48054554798062216	0.7470016432732925	-0.3906494344841873	0.2900713165794193	0.035596044535021874	0.03873531836135296	0.9256686371036251	0.025832552268007253	0.19640994500411654	0.7777575027278762	0.025832552268007253	0.0	0.9612646816386471	reverted	reverted	reverted	reverted	reverted	0.9545772607484656	0.0	0.0	0.0	0.0	0.0	0.038735318361352966
TGTGCAATCCATGCCC-E15S	Tumor	E15S	1	37885.0	-0.2990285062193668	0.928144920852824	0.08926392600999139	0.20729537921829108	0.057459061554042706	0.01058397331821767	0.9319569651277395	0.008274027267798653	0.08139598838467753	0.9103299843475239	0.008274027267798653	0.0	0.9894160266817823	reverted	reverted	reverted	reverted	reverted	0.9971295669988345	0.0	0.0	0.0	0.0	0.0	0.010583973318217671
TACCCCATCCTCATGT-E15S	Tumor	E15S	1	32630.0	-0.4875089645451637	0.9486004731023107	0.6903432394397776	0.13063168503148398	0.5302244154375948	0.0068137209114024246	0.46296186365100284	0.007565712634215858	0.07495791393214456	0.9174763734336396	0.007565712634215858	0.0	0.9931862790885975	reverted	reverted	reverted	reverted	reverted	0.943489147876142	0.0	0.0	0.0	0.0	0.0	0.006813720911402423
AACACACCAAACCGTG-E15S	Tumor	E15S	1	37834.0	3.6124578675135797	0.007794578527418718	0.22729107340331223	0.09857144496557158	0.07859624461888408	0.007501770921139352	0.9139019844599766	0.9377444573745479	0.062255464756	7.786945204186666e-08	0.9377444573745479	0.0	0.0	persistent	persistent	persistent	persistent	persistent	2.40170253741068e-05	0.9139019844599766	0.07859624461888408	0.007501770921139352	0.0	0.0	0.0
TGCCTAGGTAGGTATG-E15S	Tumor	E15S	1	44764.0	0.1142308347575669	0.8552237680836694	-0.05980829965561332	0.21746305480406813	0.04334459471483564	0.0145641506682611	0.9420912546169032	0.013123347926144127	0.11789751144291481	0.868979140630941	0.013123347926144127	0.0	0.9854358493317389	reverted	reverted	reverted	reverted	reverted	0.866492900973748	0.0	0.0	0.0	0.0	0.0	0.0145641506682611
CGGTTAGCAATCTCTG-E15S	Tumor	E15S	1	41504.0	1.9766422457398651	0.1480908328094246	-0.027664351116331892	0.14811960407535743	0.040396818276919676	0.012038752409442303	0.947564429313638	0.3703431473963131	0.613184212731572	0.01647263987211497	0.3703431473963131	0.0	0.0	partial	persistent	partial	persistent	persistent	0.002732165080719002	0.947564429313638	0.040396818276919676	0.012038752409442303	0.0	0.0	0.0
TCTACGTTCTAGGCGT-E15S	Tumor	E15S	1	35709.0	1.1891081417373812	0.43567535949665986	0.38873392456775013	0.12096402388279846	0.15206246045888247	0.007229760691448676	0.8407077788496689	0.12447472242594539	0.544319215615538	0.3312060619585166	0.12447472242594539	0.8407077788496689	0.0	partial	partial	partial	partial	persistent	0.0919387752768518	0.0	0.0	0.0	0.15206246045888247	0.007229760691448676	0.0
AGCGGATGTTCGTTAA-E15S	Tumor	E15S	1	41694.0	-0.14985538302132506	0.906880678305847	0.30057387116675505	0.15982858406587105	0.10451801654471556	0.007664530474429366	0.8878174529808551	0.009380447548100029	0.09037608381942452	0.9002434686324754	0.009380447548100029	0.0	0.9923354695255707	reverted	reverted	reverted	reverted	reverted	0.9672887185773905	0.0	0.0	0.0	0.0	0.0	0.007664530474429366
GGGCAATGTTTCAGCG-E15S	Tumor	E15S	1	37684.0	0.5693002191243742	0.7139524497947803	0.5964406151543994	0.10908275691406176	0.3919211483986587	0.007280146205261229	0.6007987053960802	0.031322607330205296	0.2259386902375562	0.7427387024322385	0.031322607330205296	0.0	0.9927198537947388	reverted	reverted	reverted	reverted	partial	0.6150910310948018	0.0	0.0	0.0	0.0	0.0	0.007280146205261229
CCGACTTCAACTGCCT-E15S	Tumor	E15S	1	36421.0	-0.49662925499347926	0.9494358356656319	0.647671609411801	0.13136743400223969	0.45407207773945646	0.0070466140365127855	0.5388813082240307	0.007547968767405175	0.07476702480687611	0.9176850064257187	0.007547968767405175	0.0	0.9929533859634873	reverted	reverted	reverted	reverted	inducing	0.9942634039494488	0.0	0.0	0.0	0.0	0.0	0.007046614036512786
GGTAAATGTATGGTGA-E15S	Tumor	E15S	1	41646.0	-0.0712372891646609	0.8935277669721295	0.15709839146611837	0.17824492324322821	0.06600608448660562	0.009041177283628478	0.9249527382297659	0.01021386604102323	0.09680429058968938	0.8929818433692874	0.01021386604102323	0.0	0.9909588227163715	reverted	reverted	reverted	reverted	reverted	0.9425791847202999	0.0	0.0	0.0	0.0	0.0	0.009041177283628478
TCTCACTAGTTAACCG-E15S	Tumor	E15S	1	37985.0	-0.2858303008046657	0.926460611781641	0.28307748797738186	0.17712832639545906	0.09827852840585219	0.007931255812894156	0.8937902157812535	0.008350288395153551	0.08203931976822028	0.9096103918366263	0.008350288395153551	0.0	0.9920687441871059	reverted	reverted	reverted	reverted	memory	0.9348982143452461	0.0	0.0	0.0	0.0	0.0	0.007931255812894158
TACTCCACAAAGGACA-E15S	Tumor	E15S	1	37913.0	0.5598965751572001	0.717574268616326	0.5563683265273205	0.11198662939986682	0.327572158349587	0.007310315699689589	0.6651175259507235	0.030677817498094086	0.2225756219700371	0.7467465605318687	0.030677817498094086	0.0	0.9926896843003105	reverted	reverted	reverted	reverted	reverted	0.7375457361220824	0.0	0.0	0.0	0.0	0.0	0.007310315699689589
CTTGATAGTCAATCAC-E15S	Tumor	E15S	1	41124.0	1.4976560227704852	0.3009327023398102	0.22488291578941155	0.12480584300153957	0.07870997113965492	0.007736595642057644	0.9135534332182874	0.2099225370514307	0.6561391402365686	0.13393832271200076	0.2099225370514307	0.9135534332182874	0.0	partial	partial	partial	partial	persistent	0.002237790373255299	0.0	0.0	0.0	0.07870997113965492	0.007736595642057644	0.0
AACATTCAGGTTCACA-E15S	Tumor	E15S	1	36026.0	1.1679134217914984	0.4455647411850103	0.39284169382302336	0.11831822223478788	0.15521018998247593	0.007221710749748782	0.8375680992677753	0.1193829912710833	0.5331071715790929	0.3475098371498238	0.1193829912710833	0.8375680992677753	0.0	partial	partial	partial	partial	persistent	0.0029265312380373117	0.0	0.0	0.0	0.15521018998247593	0.007221710749748782	0.0
AGGCCCATCACACACA-E15S	Tumor	E15S	1	34900.0	-0.5084853002777078	0.9505025709246002	0.9443975505138763	0.10149246874849811	0.923976608587222	0.003567473395551145	0.07245591801722687	0.00752703426778261	0.07453449099209414	0.9179384747401232	0.00752703426778261	0.0	0.9964325266044488	reverted	reverted	reverted	reverted	inducing	0.9991020055220089	0.0	0.0	0.0	0.0	0.0	0.003567473395551145
TGCCAGGTCGCGTGAT-E15S	Tumor	E15S	1	40845.0	-0.45675976460211665	0.9456868867788673	0.39948450725541973	0.15176200130273687	0.15447180325619744	0.007329962169403388	0.8381982345743993	0.007636178736632595	0.0756794860720174	0.9166843351913498	0.007636178736632595	0.0	0.9926700378305966	reverted	reverted	reverted	reverted	reverted	0.9961074366543057	0.0	0.0	0.0	0.0	0.0	0.007329962169403386
CGAAACCTCACGCCTC-E15S	Tumor	E15S	1	42324.0	-0.5306403762629351	0.9524390044339998	0.3201808300002936	0.16484204413791387	0.11230357852883655	0.007625664270019731	0.8800707572011438	0.0074943165780657385	0.0741468108449319	0.9183588725770022	0.0074943165780657385	0.0	0.9923743357299804	reverted	reverted	reverted	reverted	inducing	0.9995875332527144	0.0	0.0	0.0	0.0	0.0	0.007625664270019731
AACGACTCACAAGCCA-E15S	Tumor	E15S	1	39637.0	0.7669012654077213	0.6319448850861962	0.06611366295895463	0.16342622170169127	0.0508229526144527	0.01014717733198438	0.9390298700535631	0.04916732261353033	0.3100794400549261	0.6407532373315437	0.04916732261353033	0.9390298700535629	0.0	reverted	partial	reverted	partial	partial	0.4716567690033703	0.0	0.0	0.0	0.05082295261445269	0.010147177331984378	0.0
GTAGGTTCAACTGGAT-E15S	Tumor	E15S	1	41387.0	0.41728292197819294	0.7689603664355338	0.13750920446122297	0.18681492638943387	0.06313055139865566	0.009436935261285848	0.9274325133400584	0.0226446160978567	0.17823554818683646	0.7991198357153069	0.0226446160978567	0.0	0.9905630647387141	reverted	reverted	reverted	reverted	persistent	0.030253927464568783	0.0	0.0	0.0	0.0	0.0	0.00943693526128585
ATGTAGCCAGGTTGGC-E15S	Tumor	E15S	1	37153.0	-0.4660087852763052	0.946579259452946	0.7491295573710702	0.11274902191413341	0.6637814375870764	0.0063011709963477274	0.3299173914165758	0.007613243072819275	0.07544969208517896	0.9169370648420019	0.007613243072819275	0.0	0.9936988290036523	reverted	reverted	reverted	reverted	inducing	0.9905143624524906	0.0	0.0	0.0	0.0	0.0	0.006301170996347728
AGGTTCATCATGAACT-E15S	Tumor	E15S	1	39324.0	0.5832106506700208	0.7085441313331252	0.3239866003869609	0.12900943938181697	0.11512093935706487	0.0073503054783157435	0.8775287551646195	0.03230612673481433	0.2310184198294826	0.736675453435703	0.03230612673481433	0.0	0.9926496945216842	reverted	reverted	reverted	reverted	partial	0.6323364495874139	0.0	0.0	0.0	0.0	0.0	0.007350305478315742
ACCCCGAAGTGATCCA-E15S	Tumor	E15S	1	39276.0	2.425485803249683	0.06917812868679488	0.421304100059087	0.09445072182746923	0.18106588001963045	0.0072057767464928126	0.8117283432338768	0.5533894895566737	0.4453711926074547	0.001239317835871725	0.5533894895566737	0.0	0.0	persistent	persistent	persistent	persistent	persistent	0.0009253875745154632	0.8117283432338768	0.18106588001963045	0.0072057767464928126	0.0	0.0	0.0
TCCATAGAGATAGCTT-E15S	Tumor	E15S	1	40143.0	-0.36155043774188717	0.9356497329219489	0.22385609813779425	0.19475099097402115	0.08165500099164814	0.008601234729845093	0.9097437642785068	0.007963005706676051	0.07870818317502874	0.9133288111182952	0.007963005706676051	0.0	0.9913987652701549	reverted	reverted	reverted	reverted	inducing	0.8169186897859207	0.0	0.0	0.0	0.0	0.0	0.008601234729845093
CAGGTAAGTTGGCTTG-E15S	Tumor	E15S	1	44671.0	1.0568146518755044	0.49792985562758907	0.08688653376957792	0.14784925379434197	0.052394725030176253	0.00952376870994418	0.9380815062598797	0.09485352843092815	0.4706444187356912	0.43450205283338067	0.09485352843092815	0.9380815062598795	0.0	partial	partial	partial	partial	persistent	0.14967524930154902	0.0	0.0	0.0	0.05239472503017624	0.009523768709944178	0.0
ACTCTGTTCTATCCTA-E15S	Tumor	E15S	1	38755.0	0.17480723545062957	0.8404383850434124	0.5127213548703978	0.1228887329787653	0.26367386248251196	0.007276298503266256	0.7290498390142217	0.014450514400037189	0.12699694826103752	0.8585525373389253	0.014450514400037189	0.0	0.9927237014967337	reverted	reverted	reverted	reverted	inducing	0.9168968751670499	0.0	0.0	0.0	0.0	0.0	0.007276298503266257
AAGTAACGTAGCTCAT-E15S	Tumor	E15S	1	36387.0	0.817087462334386	0.6095829213116597	0.836914815218055	0.0890374125860446	0.8320182418158755	0.005050314044999122	0.16293144413912533	0.055240308338663065	0.3354306200957523	0.6093290715655847	0.055240308338663065	0.16293144413912536	0.0	reverted	partial	reverted	transitioning_out	partial	0.3410421602162687	0.0	0.0	0.0	0.8320182418158756	0.005050314044999123	0.0
ACTCCACCAACGGGCT-E15S	Tumor	E15S	1	41179.0	1.6447919343791042	0.2457496507970297	0.3179722587199345	0.10678365571847799	0.11308213903773848	0.007242517632476922	0.8796753433297846	0.2558885025450074	0.6677829770721402	0.07632852038285241	0.2558885025450074	0.0	0.0	partial	persistent	partial	persistent	persistent	0.0018809490573058127	0.8796753433297846	0.11308213903773848	0.007242517632476922	0.0	0.0	0.0
GTATCCGGTATTAGGG-E15S	Tumor	E15S	1	44496.0	-0.25105588863442957	0.9218474541876217	0.28130713882658664	0.15815833856490458	0.09742207748267574	0.00774133777380904	0.8948365847435154	0.008570050797298386	0.08386773224634371	0.907562216956358	0.008570050797298386	0.0	0.9922586622261909	reverted	reverted	reverted	reverted	reverted	0.9849573907258047	0.0	0.0	0.0	0.0	0.0	0.007741337773809039
ATGGTTTAGGGCTTCG-E15S	Tumor	E15S	1	45707.0	1.8294512968903898	0.18679078077978908	0.15466427309668673	0.11771469888294489	0.061715800850224135	0.008232548345007338	0.9300516508047686	0.31750876969226094	0.6485701516463664	0.0339210786613726	0.31750876969226094	0.0	0.0	partial	persistent	partial	persistent	persistent	0.04002482074341953	0.9300516508047686	0.061715800850224135	0.008232548345007338	0.0	0.0	0.0
CTGATTTCAAGGTCCA-E15S	Tumor	E15S	1	43626.0	-0.20093533953618692	0.9147319547097145	-0.00914045656294643	0.21181050811121044	0.04691759325047637	0.012874342884648025	0.9402080638648754	0.00893782379463073	0.08686023569536828	0.904201940510001	0.00893782379463073	0.0	0.9871256571153519	reverted	reverted	reverted	reverted	reverted	0.9752245551748887	0.0	0.0	0.0	0.0	0.0	0.012874342884648027
CGCCAAGTCCTTAGTC-E15S	Tumor	E15S	1	42962.0	0.5912960080500471	0.7053730713207867	0.13727375275070375	0.15157256111001235	0.060517000674986936	0.00886807036151203	0.9306149289635011	0.0328944781890005	0.23402889997046528	0.7330766218405341	0.0328944781890005	0.0	0.991131929638488	reverted	reverted	reverted	reverted	partial	0.5953318031367005	0.0	0.0	0.0	0.0	0.0	0.00886807036151203
TGAGGCGGTAGCTGGG-E15S	Tumor	E15S	1	41984.0	0.04616943710587154	0.8704591326441792	0.40371031812780256	0.13307342479883152	0.16033018881441102	0.007258385036347961	0.832411426149241	0.01187558698609719	0.10906738743497198	0.879057025578931	0.01187558698609719	0.0	0.9927416149636521	reverted	reverted	reverted	reverted	reverted	0.9601891625096015	0.0	0.0	0.0	0.0	0.0	0.007258385036347961
ACACGGTTCTAGTGCA-E15S	Tumor	E15S	1	42249.0	0.6662261705059785	0.6750603773977548	0.4361301680178813	0.1147189537781702	0.1891503901457468	0.007230050290433185	0.8036195595638199	0.03897435558939232	0.2639847672241835	0.6970408771864242	0.03897435558939232	0.80361955956382	0.0	reverted	partial	reverted	partial	partial	0.33588365745093446	0.0	0.0	0.0	0.18915039014574683	0.007230050290433186	0.0
GGGTTTGCATCGCTCG-E15S	Tumor	E15S	1	39216.0	-0.3878923273342355	0.9385878814891343	0.421607172164185	0.15911402544014702	0.16774251864414835	0.007329363395345659	0.8249281179605059	0.007855544480832378	0.077746027204573	0.9143984283145946	0.007855544480832378	0.0	0.9926706366046544	reverted	reverted	reverted	reverted	inducing	0.974109848150658	0.0	0.0	0.0	0.0	0.0	0.00732936339534566
ACACGATCACTTGCAC-E15S	Tumor	E15S	1	36230.0	0.03136752360998223	0.8735862573054544	0.5749052001824965	0.11736284114092764	0.3507458473099558	0.007280683819876017	0.641973468870168	0.011634271530350097	0.107325098561371	0.881040629908279	0.011634271530350097	0.0	0.992719316180124	reverted	reverted	reverted	reverted	memory	0.8958191877513711	0.0	0.0	0.0	0.0	0.0	0.007280683819876019
CCACCATCACTTCGTA-E15S	Tumor	E15S	1	43125.0	-0.03610573235146784	0.8870327354266402	0.12182691991742145	0.17971509734113286	0.05997828570363655	0.009531018792811746	0.9304906955035517	0.01065386495947643	0.1001157739241017	0.8892303611164217	0.01065386495947643	0.0	0.9904689812071883	reverted	reverted	reverted	reverted	memory	0.9626086376777473	0.0	0.0	0.0	0.0	0.0	0.009531018792811747
CAAGACTCAGCTATGG-E15S	Tumor	E15S	1	44070.0	0.11296165997311203	0.8555210121741229	0.4356232491603129	0.11877480619266656	0.1877045175682647	0.007232609386552874	0.8050628730451825	0.013097851837040922	0.11771988933231768	0.8691822588306413	0.013097851837040922	0.0	0.9927673906134472	reverted	reverted	reverted	reverted	reverted	0.7237456572179972	0.0	0.0	0.0	0.0	0.0	0.007232609386552874
AGGCTCACATAGAGAG-E15S	Tumor	E15S	1	42992.0	0.5351718869228704	0.7269630322850585	0.15734849385619154	0.16127253652977697	0.0648669497119532	0.0087738302099087	0.926359220078138	0.029056965379923153	0.2140027892829749	0.756940245337102	0.029056965379923153	0.0	0.9912261697900913	reverted	reverted	reverted	reverted	reverted	0.8074394702045254	0.0	0.0	0.0	0.0	0.0	0.008773830209908701
CAAGCGCCAGGATCTG-E15S	Tumor	E15S	1	43710.0	-0.06505005857854644	0.8924082575806932	0.399272673090611	0.13836130654404222	0.15645694446509972	0.007278282277009166	0.8362647732578912	0.010288124364505515	0.09736681071252348	0.892345064922971	0.010288124364505515	0.0	0.9927217177229909	reverted	reverted	reverted	reverted	reverted	0.8548383115712812	0.0	0.0	0.0	0.0	0.0	0.007278282277009166
AGTGGCTTCGCGCAAT-E15S	Tumor	E15S	1	40869.0	0.0900806736044728	0.8607932075878102	-0.011313852255451728	0.20979289309832438	0.046548189594136424	0.01288679690006175	0.9405650135058017	0.012653284907592861	0.11460453451352236	0.8727421805788846	0.012653284907592861	0.0	0.9871132030999382	reverted	reverted	reverted	reverted	memory	0.8678101073124439	0.0	0.0	0.0	0.0	0.0	0.012886796900061752
AATCGGCTCCAGATAT-E15S	Tumor	E15S	1	39773.0	-0.2499126491464459	0.9216913834709802	0.2815922168584546	0.17592484178876505	0.09775684977116117	0.007926507544575488	0.8943166426842634	0.008577752990681609	0.08393120493985846	0.9074910420694599	0.008577752990681609	0.0	0.9920734924554245	reverted	reverted	reverted	reverted	inducing	0.9968759579950943	0.0	0.0	0.0	0.0	0.0	0.007926507544575488
CCGGAAGGTCTTACCC-E15S	Tumor	E15S	1	43714.0	0.35760676730835245	0.7884197375576601	-0.019624376566937746	0.18627846630638867	0.04386405802305248	0.012585897674236506	0.9435500443027108	0.0200995056390352	0.16309169981051896	0.8168087945504459	0.0200995056390352	0.0	0.9874141023257635	reverted	reverted	reverted	reverted	reverted	0.7649990199481198	0.0	0.0	0.0	0.0	0.0	0.012585897674236509
CCATCATTCCAGATAT-E15S	Tumor	E15S	1	36906.0	2.2677074346175914	0.09106626714519891	0.5697409465959528	0.09163317325418778	0.362822412668493	0.007376615546730901	0.629800971784776	0.48582099893205927	0.5108941401313511	0.003284860936589651	0.48582099893205927	0.0	0.0	partial	persistent	partial	persistent	persistent	0.024338580482032843	0.6298009717847761	0.3628224126684931	0.007376615546730902	0.0	0.0	0.0
CTATCGAAGGTACGAG-E15S	Tumor	E15S	1	39204.0	0.2399439330951316	0.8231999693686308	-0.22273657809296757	0.24926797468491368	0.03738567248295051	0.02325407292491731	0.9393602545921322	0.016147877069753503	0.13825495072512095	0.8455971722051255	0.016147877069753503	0.0	0.9767459270750828	reverted	reverted	reverted	reverted	partial	0.6346404330526959	0.0	0.0	0.0	0.0	0.0	0.02325407292491731
TGGCCTGAGCGCTACG-E15S	Tumor	E15S	1	40079.0	0.07207455185259151	0.8648279391925523	-1.461399221166901	0.8334111511820707	0.04937230077897615	0.10163180961489114	0.8489958896061328	0.01232280410904706	0.11226557942245788	0.875411616468495	0.01232280410904706	0.0	0.898368190385109	reverted	reverted	reverted	reverted	reverted	0.9813832010308091	0.0	0.0	0.0	0.0	0.0	0.10163180961489114
ACTTCGTTCCTGACTT-E15S	Tumor	E15S	1	26956.0	1.158285513272704	0.45007185147166956	0.731885148942133	0.10314227496651933	0.6463248657876582	0.006482751634581482	0.34719238257776014	0.11711164371966934	0.527918312095315	0.3549700441850157	0.11711164371966934	0.3471923825777602	0.0	partial	partial	reverted	transitioning_out	persistent	0.006909107302165615	0.0	0.0	0.0	0.6463248657876584	0.006482751634581484	0.0
CACTACCCATCCTACA-E15S	Tumor	E15S	1	36133.0	0.38590328494634074	0.7793455425542292	0.19337147048864367	0.17351716958893607	0.0731634782910891	0.008574305108645392	0.9182622166002655	0.021254883261485023	0.17004142076434914	0.8087036959741659	0.021254883261485023	0.0	0.9914256948913547	reverted	reverted	reverted	reverted	memory	0.9596037816696142	0.0	0.0	0.0	0.0	0.0	0.008574305108645392
AACACCATCAGTTACG-E15S	Tumor	E15S	1	41834.0	0.252506071776303	0.8197120441687304	0.006847492101635322	0.21572182433311865	0.04874351686739614	0.012542350343123416	0.9387141327894806	0.01651164134005689	0.140617493734616	0.842870864925327	0.01651164134005689	0.0	0.9874576496568765	reverted	reverted	reverted	reverted	reverted	0.9308526626638216	0.0	0.0	0.0	0.0	0.0	0.012542350343123412
ACAGCCCGTGCAGCGA-E15S	Tumor	E15S	1	37747.0	-0.38990217280385603	0.9388068352993121	0.32262860053534903	0.17471171743347413	0.11307752955027132	0.007704310954698414	0.8792181594950303	0.007847895091352548	0.07767661142713711	0.9144754934815102	0.007847895091352548	0.0	0.9922956890453016	reverted	reverted	reverted	reverted	reverted	0.9860759636709526	0.0	0.0	0.0	0.0	0.0	0.007704310954698414
AGTTATCAGGGTGACA-E15S	Tumor	E15S	1	42128.0	-0.13241560878958292	0.904054822434219	0.2456776856999744	0.15957411371198918	0.08596273047347565	0.007965968282219616	0.9060713012443047	0.009548590594137062	0.09169143189671401	0.898759977509149	0.009548590594137062	0.0	0.9920340317177804	reverted	reverted	reverted	reverted	reverted	0.9253298547917276	0.0	0.0	0.0	0.0	0.0	0.007965968282219616
GGTGACTTCCGTGCGA-E15S	Tumor	E15S	1	36057.0	0.40748456929995985	0.7722394707547929	0.16894035438557325	0.17437279035147912	0.0680347506609743	0.008842436014190944	0.9231228133248348	0.022197878884870337	0.17562049343100908	0.8021816276841205	0.022197878884870337	0.0	0.9911575639858091	reverted	reverted	reverted	reverted	reverted	0.7743761288135103	0.0	0.0	0.0	0.0	0.0	0.008842436014190944
TCCTTCTCATAAGGAG-E15S	Tumor	E15S	1	40994.0	-0.4961100187148339	0.9493886238343537	0.5072963477299539	0.14573179288076557	0.2458344829151913	0.007249017454527874	0.7469164996302808	0.007548940571589867	0.0747776112652723	0.9176734481631379	0.007548940571589867	0.0	0.9927509825454721	reverted	reverted	reverted	reverted	inducing	0.9976067695249938	0.0	0.0	0.0	0.0	0.0	0.007249017454527874
AAACGAATCGAACGTC-E15S	Tumor	E15S	1	38666.0	1.201879572735485	0.4297403554017164	0.2979900079826189	0.12375525311056765	0.10381424648879144	0.0073886107100858975	0.8887971428011227	0.127602238544715	0.5509226412695298	0.32147512018575525	0.127602238544715	0.8887971428011227	0.0	partial	partial	partial	partial	persistent	0.10245544223603097	0.0	0.0	0.0	0.10381424648879144	0.0073886107100858975	0.0
GGACGAATCTATCCGT-E15S	Tumor	E15S	1	29302.0	0.03052534726647166	0.8737622237722329	0.40745699235378796	0.15158204605255463	0.15965704846297868	0.007318504688514378	0.833024446848507	0.011620841538675897	0.1072277811926143	0.88115137726871	0.011620841538675897	0.0	0.9926814953114856	reverted	reverted	reverted	reverted	reverted	0.9464309052540029	0.0	0.0	0.0	0.0	0.0	0.007318504688514378
TACCCAGGTCAGGAGT-E15S	Tumor	E15S	1	39429.0	0.5485169742429558	0.7219197312629814	0.24949675848158018	0.1424341895222496	0.08657314410653652	0.007759143812556334	0.905667712080907	0.029918630806980782	0.2185817136167784	0.7514996555762408	0.029918630806980782	0.0	0.9922408561874436	reverted	reverted	reverted	reverted	persistent	0.2853307447706689	0.0	0.0	0.0	0.0	0.0	0.007759143812556335
AGTACCGCATCATACT-E15S	Tumor	E15S	1	38255.0	-0.11381288907353196	0.9009562712026048	0.5843048116261434	0.12397919232911905	0.35926921644354975	0.007247235013128027	0.6334835485433221	0.009738121270903625	0.09316226583223991	0.8970996128968564	0.009738121270903625	0.0	0.9927527649868719	reverted	reverted	reverted	reverted	partial	0.4530211322979513	0.0	0.0	0.0	0.0	0.0	0.007247235013128027
CCTCTTGAGAATCAGA-E15S	Tumor	E15S	1	41319.0	0.030180469944309975	0.8738342228182729	0.2618440005353284	0.15496525399250777	0.09081011234119883	0.007815137336666422	0.9013747503221347	0.011615351055070021	0.10718798478054013	0.8811966641643898	0.011615351055070021	0.0	0.9921848626633336	reverted	reverted	reverted	reverted	reverted	0.9770108535648245	0.0	0.0	0.0	0.0	0.0	0.007815137336666424
AATGACAAGCCGCACA-E15S	Tumor	E15S	1	32496.0	-0.7711731697293842	0.9693019847428703	0.20505871798653608	0.21162788847999295	0.07825582878593236	0.009055240362221249	0.9126889308518463	0.0076671582521811	0.07373011252804944	0.9186027292197696	0.0076671582521811	0.0	0.9909447596377787	reverted	reverted	reverted	reverted	inducing	0.9105945725396691	0.0	0.0	0.0	0.0	0.0	0.009055240362221249
TCTCGAGGTTAAGCAG-E15S	Tumor	E15S	1	42080.0	1.0648646612894022	0.4941201419756919	-0.13045930445777762	0.18082029276267156	0.036339746400175295	0.016573429048897633	0.9470868245509271	0.09650302006532371	0.475305774384667	0.4281912055500093	0.09650302006532371	0.9470868245509271	0.0	partial	partial	partial	partial	persistent	0.17680374603947982	0.0	0.0	0.0	0.036339746400175295	0.016573429048897633	0.0
GCAATCATCGCTCACC-E15S	Tumor	E15S	1	37645.0	-0.39475080314775773	0.9393320476195948	0.6678136043168064	0.12368877656942248	0.49933669520957547	0.0069682545254216985	0.4936950502650028	0.007829757635139177	0.0775114525733851	0.9146587897914757	0.007829757635139177	0.0	0.9930317454745783	reverted	reverted	reverted	reverted	reverted	0.9924185298713092	0.0	0.0	0.0	0.0	0.0	0.0069682545254216985
ATATTCCCACCTAACC-E15S	Tumor	E15S	1	37005.0	-0.44351632733206775	0.9443846334630196	0.4633317227142728	0.15169313160582368	0.2016496243011977	0.007270154691752871	0.7910802210070496	0.007671659921516824	0.07602786468740359	0.9163004753910795	0.007671659921516824	0.0	0.992729845308247	reverted	reverted	reverted	reverted	memory	0.8382112361560803	0.0	0.0	0.0	0.0	0.0	0.007270154691752869
CAACCAGCAAACTGCG-E15S	Tumor	E15S	1	34622.0	-0.07616508649253524	0.8944120435470213	0.6570289118533239	0.11628376213064849	0.4894244154442263	0.007046624209352699	0.503528960346421	0.010155680644807045	0.09636244681912473	0.8934818725360683	0.010155680644807045	0.0	0.9929533757906474	reverted	reverted	reverted	reverted	inducing	0.6185006886382247	0.0	0.0	0.0	0.0	0.0	0.007046624209352699
TGGATTTAGGTTACGC-E15S	Tumor	E15S	1	36516.0	-0.2806815540476465	0.925793744199468	0.7368413913726776	0.11833021694982768	0.6332744194911956	0.006434017955309774	0.3602915625534946	0.00838108633361552	0.08229773480954584	0.9093211788568385	0.00838108633361552	0.0	0.9935659820446903	reverted	reverted	reverted	reverted	inducing	0.9292366081528592	0.0	0.0	0.0	0.0	0.0	0.006434017955309775
AATGCGAGTCATGCTG-E15S	Tumor	E15S	1	41785.0	-0.1349339340545861	0.9044675643778824	-0.17204928062119065	0.2516444237846627	0.0396732204028879	0.02026930665061756	0.9400574729464944	0.009523749227333653	0.09149774202829004	0.8989785087443763	0.009523749227333653	0.0	0.9797306933493825	reverted	reverted	reverted	reverted	inducing	0.9408838470217891	0.0	0.0	0.0	0.0	0.0	0.020269306650617564
TGTAGGTCAGGGATGG-E15S	Tumor	E15S	1	37398.0	-0.3478404832045306	0.9340692159304205	0.4398189952926026	0.16401694975657027	0.17951951966077906	0.007322850580433235	0.8131576297587876	0.008024334497561559	0.07924808567906844	0.91272757982337	0.008024334497561559	0.0	0.9926771494195668	reverted	reverted	reverted	reverted	reverted	0.9795802220529394	0.0	0.0	0.0	0.0	0.0	0.007322850580433236
AATGCGGAGGTATCGC-E15S	Tumor	E15S	1	36948.0	-0.21368303851132514	0.916595549088517	0.4931252064631596	0.13171448070098693	0.2376053431337014	0.007258492450607065	0.7551361644156915	0.00883830292437438	0.08605762924121592	0.9051040678344096	0.00883830292437438	0.0	0.9927415075493929	reverted	reverted	reverted	reverted	reverted	0.8399612180574472	0.0	0.0	0.0	0.0	0.0	0.007258492450607065
TCAGTATAGATTGGCC-E15S	Tumor	E15S	1	42469.0	0.670389693086618	0.6733290104233053	-0.04490453797993896	0.19991606905909767	0.04296946225417506	0.013654422166663757	0.9433761155791613	0.03934752103952218	0.26575895533902255	0.6948935236214554	0.03934752103952218	0.9433761155791611	0.0	reverted	partial	reverted	partial	partial	0.48256349389123465	0.0	0.0	0.0	0.042969462254175056	0.013654422166663753	0.0
AGCAATTTCCGTTAAG-E15S	Tumor	E15S	1	42506.0	-0.33571419961809806	0.9326412736783952	-1.3956308591699857	1.004289760551618	0.06238185059070019	0.07322549375526849	0.8643926556540313	0.008081736615031292	0.07974842743900544	0.9121698359459633	0.008081736615031292	0.0	0.9267745062447316	reverted	reverted	reverted	reverted	reverted	0.9974313250320336	0.0	0.0	0.0	0.0	0.0	0.07322549375526849
TGGTTCCCAACTTCGC-E15S	Tumor	E15S	1	37441.0	0.9197179921459442	0.5624876373841012	0.6253298890301238	0.09594548311273579	0.4547975216521029	0.00725171844683828	0.5379507599010588	0.06996888350750337	0.39133740954124935	0.5386937069512472	0.06996888350750337	0.5379507599010588	0.0	reverted	partial	reverted	partial	partial	0.5397174897338524	0.0	0.0	0.0	0.4547975216521029	0.00725171844683828	0.0
TGCCGTAGTAATGGAT-E15S	Tumor	E15S	1	35803.0	0.06948040938881508	0.8654010223611568	0.5475911610114753	0.1247325260943595	0.3063511038927585	0.007274671626604783	0.6863742244806367	0.012276545210401939	0.11193655974040254	0.8757868950491955	0.012276545210401939	0.0	0.9927253283733952	reverted	reverted	reverted	reverted	reverted	0.7052893115805032	0.0	0.0	0.0	0.0	0.0	0.007274671626604783
GTTAGCTGTCCCGATA-E15S	Tumor	E15S	1	35996.0	0.962090393615657	0.5426577464530565	0.07825649018077277	0.16186504886005487	0.052256355082483726	0.009903179889359542	0.9378404650281568	0.07701110937344068	0.4155787356701292	0.5074101549564302	0.07701110937344068	0.9378404650281568	0.0	reverted	partial	reverted	partial	persistent	0.1420892584253156	0.0	0.0	0.0	0.052256355082483726	0.009903179889359542	0.0
TATGGCTGTAGTTGCT-E15S	Tumor	E15S	1	43088.0	0.21754244402695813	0.8292879536842271	0.37593178820066825	0.13424002941422994	0.14230360590111643	0.0072858631700266465	0.850410530928857	0.015529530032678858	0.1341995188401235	0.8502709511271976	0.015529530032678858	0.0	0.9927141368299734	reverted	reverted	reverted	reverted	partial	0.3780384374709983	0.0	0.0	0.0	0.0	0.0	0.0072858631700266465
AGAGTATGTATGTCCG-E15S	Tumor	E15S	1	37550.0	-0.38435292946182326	0.9382005164211172	0.2617562966232155	0.18588075581729382	0.09166624897962806	0.008173607712070836	0.900160143308301	0.007869202884016095	0.07786963564187284	0.914261161474111	0.007869202884016095	0.0	0.9918263922879291	reverted	reverted	reverted	reverted	reverted	0.9786412742418831	0.0	0.0	0.0	0.0	0.0	0.008173607712070837
GTATTCCTCCTGAGCG-E15S	Tumor	E15S	1	36533.0	0.9293515152008761	0.5579944233415748	0.40143737218071296	0.12080290727561518	0.16080619548876415	0.007226946521429906	0.831966857989806	0.07151939423280303	0.396804996862617	0.5316756089045799	0.07151939423280303	0.831966857989806	0.0	reverted	partial	reverted	partial	partial	0.35935742830758416	0.0	0.0	0.0	0.16080619548876415	0.007226946521429906	0.0
CCTGATTTCGTTGCTT-E15S	Tumor	E15S	1	36246.0	1.5659634236825772	0.27444686255898115	0.1488877818155897	0.1393680251089058	0.061841589250650725	0.008559898667807006	0.9295985120815423	0.23092937154065304	0.6648881980361782	0.10418243042316883	0.23092937154065304	0.0	0.0	partial	persistent	partial	persistent	persistent	0.0008976839350847867	0.9295985120815423	0.061841589250650725	0.008559898667807006	0.0	0.0	0.0
TGGCTTGGTTCACTGG-E15S	Tumor	E15S	1	36677.0	0.2513045053885339	0.8200479715242506	0.5382515939607734	0.12093458444128596	0.2965333155483676	0.0072860812829132005	0.6961806031687193	0.016476302427860915	0.14038871353105242	0.8431349840410866	0.016476302427860915	0.0	0.9927139187170867	reverted	reverted	reverted	reverted	inducing	0.6658793851577508	0.0	0.0	0.0	0.0	0.0	0.007286081282913199
AACACACCAATTGCCC-E15S	Tumor	E15S	1	34672.0	-0.22129646333954373	0.9176908289618224	0.7066547080209926	0.11254854931985316	0.5862187176066538	0.006717228663265707	0.4070640537300804	0.00878084946720485	0.08559199220823258	0.9056271583245625	0.00878084946720485	0.0	0.9932827713367343	reverted	reverted	reverted	reverted	reverted	0.937445639629869	0.0	0.0	0.0	0.0	0.0	0.006717228663265707
AGTGCTCAGCTAGCAC-E15S	Tumor	E15S	1	29785.0	-0.237001952729337	0.9199089724132906	0.8558287303670911	0.1056469959024682	0.837155510629966	0.004855425692044833	0.1579890636779891	0.008666907996006497	0.0846632279811154	0.9066698640228782	0.008666907996006497	0.0	0.9951445743079552	reverted	reverted	reverted	reverted	inducing	0.821299024374902	0.0	0.0	0.0	0.0	0.0	0.004855425692044834
CGTGAAAGTTTGGTTA-E15S	Tumor	E15S	1	39299.0	0.6488165241059318	0.6822479631025901	0.30495829224712223	0.13619157281543182	0.10653205615525377	0.0074529773128215885	0.8860149665319247	0.03745588414059089	0.25669139129069524	0.7058527245687138	0.03745588414059089	0.8860149665319247	0.0	reverted	partial	reverted	partial	reverted	0.7455353214232407	0.0	0.0	0.0	0.10653205615525377	0.0074529773128215885	0.0
TGGTGTTGTGGCGACA-E15S	Tumor	E15S	1	38640.0	0.6800778797049895	0.6692819795764793	0.29243337847870177	0.1348814225936272	0.10148359971466095	0.007487764144390763	0.8910286361409482	0.04023113611491096	0.26993207914881695	0.6898367847362722	0.04023113611491096	0.8910286361409483	0.0	reverted	partial	reverted	partial	persistent	0.29037132952256967	0.0	0.0	0.0	0.10148359971466096	0.007487764144390764	0.0
GCCATAGCAAATGGAG-E15S	Tumor	E15S	1	40227.0	1.9755410786787384	0.1483540284749424	-0.21516623447264152	0.1808118456249063	0.033186912798600456	0.021560104713892157	0.9452529824875074	0.36993413930837193	0.6135000373893376	0.016565823302290523	0.36993413930837193	0.0	0.0	partial	persistent	partial	persistent	persistent	0.0027069695890246537	0.9452529824875074	0.033186912798600456	0.021560104713892157	0.0	0.0	0.0
CACCTCATCATGAACT-E15S	Tumor	E15S	1	31596.0	1.4862471410640339	0.3054959212270194	0.722351411635328	0.09095217757054051	0.6447391618149655	0.006584543293657329	0.3486762948913773	0.2064725080501753	0.6540890795859795	0.13943841236384535	0.2064725080501753	0.3486762948913773	0.0	partial	partial	transitioning_out	transitioning_out	persistent	0.05917568501003819	0.0	0.0	0.0	0.6447391618149655	0.006584543293657329	0.0
ATGTCAACAACTAATG-E15S	Tumor	E15S	1	37248.0	1.1787284648583005	0.4405125883781784	0.33400737683161136	0.12301079528628718	0.12022805228271208	0.007295201247408171	0.8724767464698797	0.12196558384046144	0.5388661116358048	0.33916830452373387	0.12196558384046144	0.8724767464698797	0.0	partial	partial	partial	partial	persistent	0.013376148326054835	0.0	0.0	0.0	0.12022805228271208	0.007295201247408171	0.0
CTTGTCCGTAATGGCA-E15S	Tumor	E15S	1	32731.0	2.385422063859591	0.07422457243040063	0.4706381844778391	0.09951785444177343	0.22664024764161636	0.007273662915694251	0.7660860894426895	0.5360270266890378	0.46237481954376536	0.0015981537671968817	0.5360270266890378	0.0	0.0	persistent	persistent	persistent	persistent	persistent	0.002425874089013963	0.7660860894426893	0.2266402476416163	0.007273662915694249	0.0	0.0	0.0
CACAACATCGATAGCC-E15S	Tumor	E15S	1	34389.0	0.7434449151374596	0.6422115609565427	0.2743029204670312	0.1535446528342948	0.09492725820202803	0.007732263788296487	0.8973404780096756	0.046564639344964145	0.29875428008154414	0.6546810805734918	0.046564639344964145	0.8973404780096754	0.0	reverted	partial	reverted	partial	inducing	0.9148622003369384	0.0	0.0	0.0	0.094927258202028	0.007732263788296485	0.0
ACATCCGGTTTGATGC-E15S	Tumor	E15S	1	38143.0	2.4648362938346224	0.06453236692474092	0.16383087738533691	0.1180566534886062	0.06358695347812691	0.008146455414706944	0.928266591107166	0.5705192089431856	0.4285197368922764	0.0009610541645378444	0.5705192089431856	0.0	0.0	persistent	persistent	persistent	persistent	persistent	0.0010486650993373724	0.9282665911071661	0.06358695347812693	0.008146455414706946	0.0	0.0	0.0
CCGAATATCAGTGCGT-E15S	Tumor	E15S	1	41024.0	-0.06184447158966138	0.8918241811255138	0.3547895253264156	0.15144802415315	0.12897014862787207	0.007413562945311318	0.8636162884268166	0.010327129703200827	0.09766167405367608	0.8920111962431232	0.010327129703200827	0.0	0.9925864370546886	reverted	reverted	reverted	reverted	reverted	0.9611112545314027	0.0	0.0	0.0	0.0	0.0	0.007413562945311318
CCCTTAACAACTGGGC-E15S	Tumor	E15S	1	39353.0	0.10018263422394384	0.8584856948340566	0.1547717620768273	0.1688301557965802	0.0648962028713582	0.008918937969770495	0.9261848591588713	0.012846080976121025	0.1159598536790901	0.8711940653447888	0.012846080976121025	0.0	0.9910810620302295	reverted	reverted	reverted	reverted	partial	0.5422055911954743	0.0	0.0	0.0	0.0	0.0	0.008918937969770495
ATCCACTTCCCTGGTC-E15S	Tumor	E15S	1	34188.0	-0.44461643577326765	0.9444939190243591	0.6107635517778334	0.12932894333619283	0.3952715500308665	0.00717790696661289	0.5975505430025205	0.007668593371634025	0.07599805254063961	0.9163333540877263	0.007668593371634025	0.0	0.9928220930333871	reverted	reverted	reverted	reverted	reverted	0.9839454175614603	0.0	0.0	0.0	0.0	0.0	0.00717790696661289
CCTAACTTCTATCGGA-E15S	Tumor	E15S	1	39371.0	0.9221867004682103	0.561337142632809	0.06459217140982128	0.15504364536919685	0.050007686655396004	0.010026673346453834	0.9399656399981501	0.0703634025589175	0.3927357391818136	0.5369008582592689	0.0703634025589175	0.9399656399981502	0.0	reverted	partial	reverted	partial	reverted	0.8556858288350442	0.0	0.0	0.0	0.05000768665539601	0.010026673346453836	0.0
CATTTAGGTTATCGCG-E15S	Tumor	E15S	1	39788.0	0.2784003559256691	0.8123535385390005	0.009607879726122023	0.1905358685351481	0.0468292008289018	0.01190323012583044	0.9412675690452676	0.01730220720640963	0.14569529306430248	0.8370024997292878	0.01730220720640963	0.0	0.9880967698741696	reverted	reverted	reverted	reverted	reverted	0.8920167129084662	0.0	0.0	0.0	0.0	0.0	0.011903230125830442
CACCCAAGTTTACTCT-E15S	Tumor	E15S	1	36226.0	-0.5901776318291531	0.9572921606676069	0.5111953183561477	0.1516291690823974	0.24692147217513255	0.00724511266766368	0.7458334151572038	0.007447125246633711	0.0734019992093729	0.9191508755439934	0.007447125246633711	0.0	0.9927548873323364	reverted	reverted	reverted	reverted	inducing	0.9876355079844189	0.0	0.0	0.0	0.0	0.0	0.00724511266766368
ACACGTTGTTAAGTGG-E15S	Tumor	E15S	1	38803.0	0.682676664182927	0.6681920869361606	0.050118951345006726	0.17189823832400886	0.04956917300928676	0.010612788240593097	0.9398180387501202	0.040471836506210376	0.27106211918917605	0.6884660443046134	0.040471836506210376	0.9398180387501202	0.0	reverted	partial	reverted	partial	partial	0.3225361414267626	0.0	0.0	0.0	0.04956917300928676	0.010612788240593097	0.0
CGCCATGAGGCTTACA-E15S	Tumor	E15S	1	31971.0	-0.13781547808758773	0.9049378874969364	0.5202101059488504	0.13570832548384948	0.2654053428765296	0.007256117686826706	0.7273385394366437	0.009495559480520426	0.09127768060625188	0.8992267599132275	0.009495559480520426	0.0	0.9927438823131733	reverted	reverted	reverted	reverted	inducing	0.9945900983814553	0.0	0.0	0.0	0.0	0.0	0.007256117686826706
CTAATGGTCCTCTAAC-E15S	Tumor	E15S	1	38072.0	-0.008420929774697964	0.8816733134108748	-0.155462512142417	0.2742455063995299	0.04240460306969732	0.019955195549704353	0.9376402013805984	0.011033472069491878	0.10293335807958116	0.8860331698509271	0.011033472069491878	0.0	0.9800448044502957	reverted	reverted	reverted	reverted	reverted	0.9751440486564649	0.0	0.0	0.0	0.0	0.0	0.019955195549704353
CGGGTTACAATCGAGT-E15S	Tumor	E15S	1	39710.0	0.48032334131422844	0.7470811377033445	-0.7196566393747229	0.38231261028015356	0.035827573456696064	0.089507839963981	0.874664586579323	0.025820375871453017	0.196342068006104	0.777837556122443	0.025820375871453017	0.0	0.9104921600360191	reverted	reverted	reverted	reverted	partial	0.6052587368286333	0.0	0.0	0.0	0.0	0.0	0.089507839963981
AGGCATGAGGCGAGGT-E15S	Tumor	E15S	1	34023.0	-0.08877920534080738	0.8966461436231352	0.2665421128079317	0.17285576543613365	0.09276206420468236	0.007983296213152758	0.8992546395821649	0.010010534306209731	0.09525600493521554	0.8947334607585747	0.010010534306209731	0.0	0.9920167037868473	reverted	reverted	reverted	reverted	reverted	0.9749410699612326	0.0	0.0	0.0	0.0	0.0	0.007983296213152758
CATGGGTTCGACCATA-E15S	Tumor	E15S	1	32471.0	0.5945381488490035	0.7040958825098123	0.07045960785688773	0.18148235320252007	0.05279407534758959	0.010405430996027362	0.9368004936563832	0.03313391281832407	0.23524809120915138	0.7316179959725245	0.03313391281832407	0.0	0.9895945690039726	reverted	reverted	reverted	reverted	partial	0.6558193653845463	0.0	0.0	0.0	0.0	0.0	0.01040543099602736
AACACCGCACAATCCC-E15S	Tumor	E15S	1	30348.0	0.011630206317538219	0.8776554038339626	0.5634937671054427	0.1278321679430982	0.32580160669213976	0.007257582923334533	0.6669408103845258	0.011327771627582488	0.10509456232327445	0.8835776660491432	0.011327771627582488	0.0	0.9927424170766656	reverted	reverted	reverted	reverted	reverted	0.982446223060025	0.0	0.0	0.0	0.0	0.0	0.007257582923334533
AATTGTCAGGTGCTCG-E15S	Tumor	E15S	1	31594.0	2.249044147018663	0.0940334088416994	0.3526450147233139	0.11717308445539447	0.13044490719786386	0.007240845802040294	0.8623142470000958	0.47800945398833844	0.5183215329059712	0.003669013105690353	0.47800945398833844	0.0	0.0	partial	persistent	partial	persistent	persistent	0.0013376212308514217	0.8623142470000958	0.13044490719786386	0.007240845802040294	0.0	0.0	0.0
AACGAACAGTCAGGTC-E15S	Tumor	E15S	1	37300.0	0.5040250078828277	0.7385091509885565	-0.1905109579138662	0.24923615749164016	0.03865773088967875	0.02124756586988327	0.940094703240438	0.027160976821506397	0.20374854391537942	0.7690904792631141	0.027160976821506397	0.0	0.9787524341301167	reverted	reverted	reverted	reverted	partial	0.6559822128015997	0.0	0.0	0.0	0.0	0.0	0.02124756586988327
CTAAGGTCAACGTGAT-E15S	Tumor	E15S	1	33730.0	0.81726041388937	0.6095049944588885	0.17330883044884954	0.1482463807884437	0.06724952495549774	0.008420337048278834	0.9243301379962234	0.05526246836195025	0.3355204972798225	0.6092170343582272	0.05526246836195025	0.9243301379962234	0.0	reverted	partial	reverted	partial	persistent	0.20928787912284327	0.0	0.0	0.0	0.06724952495549774	0.008420337048278834	0.0
GGTATGTCAAGGTCTG-E15S	Tumor	E15S	1	24088.0	0.05151404036956072	0.86931392726516	0.6963363543685318	0.12131525660930795	0.5545834923382902	0.006787120367390266	0.4386293872943195	0.011965216199006989	0.1097114977301901	0.8783232860708028	0.011965216199006989	0.0	0.9932128796326097	reverted	reverted	reverted	reverted	inducing	0.9641387470602695	0.0	0.0	0.0	0.0	0.0	0.006787120367390267
GCGTATTGTCTTGCCT-E15S	Tumor	E15S	1	30149.0	-0.3284080269258493	0.9317671283325102	0.5028696988423645	0.13971993462379279	0.24413304877619402	0.007253432424646674	0.7486135187991594	0.008117776456796866	0.08006036581911853	0.9118218577240845	0.008117776456796866	0.0	0.9927465675753534	reverted	reverted	reverted	reverted	reverted	0.9815412794303183	0.0	0.0	0.0	0.0	0.0	0.007253432424646674
CAAGCAAGTAAGTTCC-E15S	Tumor	E15S	1	36907.0	2.0944182156118547	0.1221075472142808	0.2115105836331387	0.1212039818678608	0.07492017357517171	0.007790243814751147	0.9172895826100772	0.4153338659799182	0.5758351764050335	0.008830957615048285	0.4153338659799182	0.0	0.0	partial	persistent	partial	persistent	persistent	0.003987080891037126	0.9172895826100772	0.07492017357517171	0.007790243814751147	0.0	0.0	0.0
CTTGGCTCATGCTCAC-E15S	Tumor	E15S	1	34714.0	0.4023228169819188	0.7739536484278181	0.24238663662623516	0.15459371873389924	0.0848176482189695	0.007931617204059334	0.907250734576971	0.021967276158070644	0.17426366052988343	0.8037690633120459	0.021967276158070644	0.0	0.9920683827959407	reverted	reverted	reverted	reverted	persistent	0.22174114791266022	0.0	0.0	0.0	0.0	0.0	0.007931617204059336
TCCTGCATCAGGCATC-E15S	Tumor	E15S	1	36748.0	1.514625322444165	0.2942179168779784	0.03709956237156896	0.15407086146734145	0.046765971051489705	0.010548177185327044	0.9426858517631831	0.21508575455169512	0.6588738589296728	0.12604038651863203	0.21508575455169512	0.0	0.0	partial	persistent	partial	persistent	persistent	0.06698712268196862	0.9426858517631832	0.04676597105148971	0.010548177185327046	0.0	0.0	0.0
ACCTCACCAGTTAGGT-E15S	Tumor	E15S	1	36347.0	-0.396316505337756	0.9395007447221885	0.733874319460402	0.11689591475557803	0.6300579032961905	0.006463477157949247	0.36347861954586036	0.007823995921230252	0.07745881329055564	0.914717190788214	0.007823995921230252	0.0	0.9935365228420509	reverted	reverted	reverted	reverted	reverted	0.978435369239007	0.0	0.0	0.0	0.0	0.0	0.006463477157949247
CAAACCGCATGCAGTG-E15S	Tumor	E15S	1	31855.0	-0.5153894949451318	0.9511139048773226	0.5379426367409091	0.14777122766941214	0.2788120349106491	0.007231953267035499	0.7139560118223155	0.007515947065324782	0.0744071582387881	0.9180768946958872	0.007515947065324782	0.0	0.9927680467329646	reverted	reverted	reverted	reverted	reverted	0.8745350297059925	0.0	0.0	0.0	0.0	0.0	0.007231953267035499
ACGATTTAGGTGCGAA-E15S	Tumor	E15S	1	38695.0	0.6751320835469434	0.6713511568902533	-0.030174894531772967	0.1922278813095561	0.043483058578777746	0.013024420357297926	0.9434925210639242	0.03977736493722421	0.2677938962042547	0.6924287388585212	0.03977736493722421	0.9434925210639243	0.0	reverted	partial	reverted	partial	partial	0.4852384060230677	0.0	0.0	0.0	0.04348305857877775	0.013024420357297927	0.0
AGGCCCATCGATCAGC-E15S	Tumor	E15S	1	32665.0	0.5667172362091566	0.7149500569306643	0.3442682268325773	0.14280075754520655	0.12423772127100809	0.007385496166476425	0.8683767825625157	0.031143903744302735	0.22500925111334424	0.7438468451423531	0.031143903744302735	0.0	0.9926145038335236	reverted	reverted	reverted	reverted	partial	0.5349561737303449	0.0	0.0	0.0	0.0	0.0	0.007385496166476423
AGTCGAAGTTGCTGAT-E15S	Tumor	E15S	1	41522.0	0.26622114108922607	0.8158429691566983	-0.6850301622647549	0.4237435368468676	0.03810256210894566	0.07368197873343339	0.8882154591576208	0.01692337328428559	0.14327155399191263	0.8398050727238018	0.01692337328428559	0.0	0.9263180212665666	reverted	reverted	reverted	reverted	partial	0.39699081192275887	0.0	0.0	0.0	0.0	0.0	0.0736819787334334
AACCAATTCATCGTCT-E15S	Tumor	E15S	1	35042.0	0.2709594432989176	0.8144914182760759	0.158655624649006	0.1773992060057944	0.0662401642418345	0.009008864127768627	0.9247509716303968	0.017069256689171503	0.14420694477265225	0.8387237985381762	0.017069256689171503	0.0	0.9909911358722314	reverted	reverted	reverted	reverted	partial	0.4978796635489907	0.0	0.0	0.0	0.0	0.0	0.009008864127768629
ATGTGGGAGCTTACTC-E15S	Tumor	E15S	1	29991.0	-0.4282900376589644	0.9428511046252217	0.5762522997813381	0.14475006327086568	0.32967031466226726	0.007198727692924625	0.6631309576448081	0.007716341923392833	0.07645687368555631	0.9158267843910507	0.007716341923392833	0.0	0.9928012723070754	reverted	reverted	reverted	reverted	inducing	0.9519712260246891	0.0	0.0	0.0	0.0	0.0	0.007198727692924625
CGAACTTGTCTTACCC-E15S	Tumor	E15S	1	33774.0	0.14162459390288587	0.8486835800754314	0.38678122899183676	0.14157338684213255	0.14799510249366565	0.007303525825480344	0.844701371680854	0.01369608078335889	0.12185883725077812	0.864445081965863	0.01369608078335889	0.0	0.9926964741745197	reverted	reverted	reverted	reverted	inducing	0.9360746843795094	0.0	0.0	0.0	0.0	0.0	0.007303525825480344
CGCAAATCAAATGGAG-E15S	Tumor	E15S	1	35592.0	-0.04285629928071514	0.8883070284147901	0.3933878862560216	0.14129818024828564	0.15217976677506187	0.007294729367368677	0.8405255038575695	0.010565798194965956	0.09945703669041456	0.8899771651146196	0.010565798194965956	0.0	0.9927052706326314	reverted	reverted	reverted	reverted	partial	0.6941299475846884	0.0	0.0	0.0	0.0	0.0	0.007294729367368677
GCATTACGTTGACCAT-E15S	Tumor	E15S	1	36301.0	0.23046703734010776	0.8257960409672336	-0.11195108015350358	0.23884552526277134	0.04177331678404758	0.017084570764213505	0.9411421124517388	0.01588163616613014	0.1365149983111369	0.847603365522733	0.01588163616613014	0.0	0.9829154292357865	reverted	reverted	reverted	reverted	reverted	0.9639381272412942	0.0	0.0	0.0	0.0	0.0	0.017084570764213505
GGCATGTTCCCGCTAC-E15S	Tumor	E15S	1	36123.0	-0.020342508553224344	0.88400766537993	-0.019844384685455768	0.2133030474494077	0.04611495306106977	0.01321002186328591	0.9406750250756443	0.010866304762490743	0.10169686197959422	0.8874368332579149	0.010866304762490743	0.0	0.9867899781367141	reverted	reverted	reverted	reverted	reverted	0.9617133090861677	0.0	0.0	0.0	0.0	0.0	0.013210021863285912
CCCAATCCATGGTGCA-E15S	Tumor	E15S	1	28844.0	1.4771600608991264	0.30915806125576367	0.5784290166131341	0.1032540980466109	0.36777942962774923	0.007327239271865911	0.6248933311003847	0.2037371171744786	0.6523341315110821	0.14392875131443933	0.2037371171744786	0.6248933311003848	0.0	partial	partial	partial	partial	persistent	0.037136756914830496	0.0	0.0	0.0	0.3677794296277493	0.007327239271865913	0.0
CGTAAAGGTTGTGCCA-E15S	Tumor	E15S	1	37786.0	0.011432108791243283	0.8776956673644599	0.220283497750088	0.1781713130467017	0.07985288293298656	0.008394050633592474	0.9117530664334208	0.011324781306319136	0.10507270033394193	0.8836025183597388	0.011324781306319136	0.0	0.9916059493664076	reverted	reverted	reverted	reverted	reverted	0.9845840612919454	0.0	0.0	0.0	0.0	0.0	0.008394050633592475
GCGATGTTCTATGCGA-E15S	Tumor	E15S	1	34989.0	1.2438328369115357	0.4103945721105212	-0.3516875759755179	0.23161571152866345	0.033133571139609616	0.034918824202033905	0.9319476046583565	0.13817554620242084	0.5716929256144563	0.290131528183123	0.13817554620242084	0.9319476046583565	0.0	partial	partial	partial	partial	persistent	0.013883377007762661	0.0	0.0	0.0	0.033133571139609616	0.034918824202033905	0.0
CGAATCTGTTTCAGTA-E15S	Tumor	E15S	1	36388.0	0.7242601444744624	0.650513157813785	0.306294309732125	0.13187293276155262	0.10716764639164865	0.0074179470045845075	0.8854144066037668	0.04454228802307282	0.2897514585035873	0.6657062534733398	0.04454228802307282	0.8854144066037668	0.0	reverted	partial	reverted	partial	partial	0.446521757549826	0.0	0.0	0.0	0.10716764639164865	0.0074179470045845075	0.0
TCCAACTTCCGTATAG-E15S	Tumor	E15S	1	35523.0	1.3431745840174358	0.3657707971525529	0.4093174379407202	0.11362801374087733	0.16781245087654756	0.007214083354589628	0.8249734657688628	0.1648510609646578	0.6140040935413085	0.22114484549403368	0.1648510609646578	0.8249734657688628	0.0	partial	partial	partial	partial	persistent	0.07192119025223295	0.0	0.0	0.0	0.16781245087654756	0.007214083354589628	0.0
TCAGTAGTCATGCCTT-E15S	Tumor	E15S	1	24992.0	0.9754448231998258	0.5363768210477527	0.6648576919440236	0.10500773852455658	0.5178493046138272	0.007034870793605906	0.47511582459256696	0.07935057337430307	0.42330410741513247	0.49734531921056446	0.07935057337430307	0.47511582459256696	0.0	reverted	partial	reverted	transitioning_out	partial	0.4163472757296593	0.0	0.0	0.0	0.5178493046138272	0.007034870793605906	0.0
CAATGGCTCGCGACAT-E15S	Tumor	E15S	1	32242.0	-0.04429475590331159	0.8885769340391444	0.6296897901233103	0.1204714569289153	0.43619629889636147	0.00715098184264888	0.5566527192609896	0.010547253510515157	0.09931807058256335	0.8901346759069215	0.010547253510515157	0.0	0.9928490181573512	reverted	reverted	reverted	reverted	inducing	0.978278043883142	0.0	0.0	0.0	0.0	0.0	0.007150981842648881
ACGGAGGCAAATGCGT-E15S	Tumor	E15S	1	36458.0	-0.5194136384913047	0.9514669130381912	0.23546701269931547	0.2050376098018442	0.08516254394568196	0.008651850361732933	0.9061856056925851	0.007509857881870117	0.07433567122221962	0.9181544708959102	0.007509857881870117	0.0	0.9913481496382671	reverted	reverted	reverted	reverted	inducing	0.9227768416051291	0.0	0.0	0.0	0.0	0.0	0.008651850361732934
CGCAGATTCATATCCC-E15S	Tumor	E15S	1	33687.0	2.7210592205510222	0.04074012336791068	0.4945842305673762	0.09203736999998201	0.2566146216617273	0.007322465634221067	0.7360629127040516	0.6809734690879797	0.31886232412772975	0.00016420678429045202	0.6809734690879797	0.0	0.0	persistent	persistent	persistent	persistent	persistent	1.5288354592760807e-05	0.7360629127040516	0.2566146216617273	0.007322465634221067	0.0	0.0	0.0
AGCACTTGTTTCAGCG-E15S	Tumor	E15S	1	26295.0	-0.06197718256921596	0.8918484170184356	0.5931421127220389	0.13599910789621006	0.3615268197057393	0.007195053414695691	0.631278126879565	0.010325507623161116	0.09764942011485134	0.8920250722619875	0.010325507623161116	0.0	0.9928049465853043	reverted	reverted	reverted	reverted	reverted	0.9018764107584475	0.0	0.0	0.0	0.0	0.0	0.007195053414695691
AAAGTAGTCATCAGGC-E15S	Tumor	E15S	1	32348.0	0.2060046222993989	0.8323580300157994	0.2421296768689769	0.16889091913500082	0.08528505384884423	0.008100816371882357	0.9066141297792735	0.015225598955190612	0.13218734582405722	0.8525870552207522	0.015225598955190612	0.0	0.9918991836281177	reverted	reverted	reverted	reverted	reverted	0.9844737008112872	0.0	0.0	0.0	0.0	0.0	0.008100816371882357
GTGGATAGTAGTTAGG-E15S	Tumor	E15S	1	35085.0	-0.07389633339639613	0.8940057308325488	0.14899394513584022	0.19299970855480778	0.06562417366083471	0.009393242694921798	0.9249825836442436	0.010182364436112345	0.09656519496362839	0.8932524406002591	0.010182364436112345	0.0	0.9906067573050783	reverted	reverted	reverted	reverted	reverted	0.9803151164631267	0.0	0.0	0.0	0.0	0.0	0.009393242694921798
CCTGCATCAGGAACCC-E15S	Tumor	E15S	1	34849.0	-0.3918069116512891	0.9390136650294021	0.30967308094291796	0.1872120915099067	0.10781374499843814	0.007893374774008586	0.8842928802275533	0.007840716726578031	0.0776113426353094	0.9145479406381125	0.007840716726578031	0.0	0.9921066252259915	reverted	reverted	reverted	reverted	reverted	0.9637273630775602	0.0	0.0	0.0	0.0	0.0	0.007893374774008588
TGAACCATCGCTCAGG-E15S	Tumor	E15S	1	31158.0	0.3111041696950534	0.802732788430715	0.5954768090877683	0.11807818851443311	0.38200053399408546	0.007249458438099888	0.6107500075678146	0.01838427162733317	0.1525259260941472	0.8290898022785196	0.01838427162733317	0.0	0.9927505415619001	reverted	reverted	reverted	reverted	reverted	0.987868814099028	0.0	0.0	0.0	0.0	0.0	0.007249458438099889
CTTATCGCATCGAAGT-E15S	Tumor	E15S	1	33408.0	0.12123119815970908	0.8535751271775008	0.7085811896007175	0.1074005329392286	0.5970319960587805	0.0067062956367861925	0.3962617083044333	0.01326560002694438	0.11888649997573751	0.8678478999973183	0.01326560002694438	0.0	0.9932937043632138	reverted	reverted	reverted	reverted	memory	0.8950754450630133	0.0	0.0	0.0	0.0	0.0	0.0067062956367861925
GCTCACCTCCGGTACG-E15S	Tumor	E15S	1	30187.0	0.9466408506938646	0.549907045578758	0.34266247355650725	0.12854964010042189	0.12430349049860506	0.007308225504612237	0.8683882839967828	0.07437657197805403	0.4066859751440573	0.5189374528778887	0.07437657197805403	0.8683882839967828	0.0	reverted	partial	reverted	partial	persistent	0.2277037310330798	0.0	0.0	0.0	0.12430349049860506	0.007308225504612237	0.0
CTGACCCTCCATCGTT-E15S	Tumor	E15S	1	28856.0	0.9026040602223306	0.5704441420972991	0.4978781080460216	0.12249362277585603	0.24692972291022314	0.007270117970030578	0.7458001591197463	0.06728706723743821	0.3817010886732011	0.5510118440893605	0.06728706723743821	0.7458001591197463	0.0	reverted	partial	reverted	partial	partial	0.485983018511559	0.0	0.0	0.0	0.24692972291022314	0.007270117970030578	0.0
ATCGCATGTTATGGTC-E15S	Tumor	E15S	1	35166.0	-0.192844491088843	0.9135296381231088	0.41383661940620087	0.15841851060263934	0.1626412547148477	0.007337508826579943	0.8300212364585724	0.009003188760535193	0.08738478353994991	0.903612027699515	0.009003188760535193	0.0	0.9926624911734201	reverted	reverted	reverted	reverted	memory	0.9711599319609454	0.0	0.0	0.0	0.0	0.0	0.007337508826579943
CCGGTCAAGGGTGATG-E15S	Tumor	E15S	1	33250.0	-0.23868236951638425	0.9201430452883962	0.5505842105847878	0.13689967529946015	0.3017363696059409	0.007243189073651329	0.6910204413204079	0.008655076019702638	0.0845663570778246	0.9067785669024727	0.008655076019702638	0.0	0.9927568109263487	reverted	reverted	reverted	reverted	inducing	0.9185957656369881	0.0	0.0	0.0	0.0	0.0	0.007243189073651329
ATCCTCCGTGATGAAT-E15S	Tumor	E15S	1	34081.0	0.1951121156107462	0.8352157826660562	0.11406310029537572	0.19135745414259525	0.059693500635032856	0.009858498971030224	0.9304480003939369	0.014947384238161256	0.1303341755249182	0.8547184402369205	0.014947384238161256	0.0	0.9901415010289698	reverted	reverted	reverted	reverted	memory	0.9757855326503598	0.0	0.0	0.0	0.0	0.0	0.009858498971030224
ACGGGCAGTCATGCTG-E15S	Tumor	E15S	1	31033.0	0.11607742611473963	0.8547903844309759	0.425828450631891	0.15036639810119626	0.17256995059481076	0.007294276776034185	0.820135772629155	0.013160604225613463	0.11815686295445589	0.8686825328199307	0.013160604225613463	0.0	0.9927057232239658	reverted	reverted	reverted	reverted	reverted	0.9657294274253303	0.0	0.0	0.0	0.0	0.0	0.007294276776034185
GGTATGTCAGGTATGT-E15S	Tumor	E15S	1	35852.0	0.32749028895229454	0.7977742901150218	-0.32464863408254185	0.29877034052602097	0.03769532732625844	0.031807408074331696	0.93049726459941	0.018963960757948213	0.1561314829785296	0.8249045562635221	0.018963960757948213	0.0	0.9681925919256682	reverted	reverted	reverted	reverted	persistent	0.03584308660652253	0.0	0.0	0.0	0.0	0.0	0.03180740807433169
TCCACTTAGTGGGTCT-E15S	Tumor	E15S	1	28124.0	-0.1728063919076352	0.9104856290690705	0.6976017493137681	0.12232771219438071	0.5554500137269279	0.006776058771046225	0.4377739275020259	0.009172638518014743	0.08873565162890933	0.9020917098530759	0.009172638518014743	0.0	0.9932239412289539	reverted	reverted	reverted	reverted	reverted	0.9664741197514387	0.0	0.0	0.0	0.0	0.0	0.006776058771046225
AGAAGTTGTTTGGAGA-E15S	Tumor	E15S	1	35674.0	0.05835750596605501	0.8678350082745094	0.13872140163877186	0.19038537289826754	0.06361820953933717	0.009483797329010724	0.9268979931316522	0.01208196020271358	0.11054807533138877	0.8773699644658975	0.01208196020271358	0.0	0.9905162026709894	reverted	reverted	reverted	reverted	inducing	0.9949960574832238	0.0	0.0	0.0	0.0	0.0	0.009483797329010724
ACGGACAAGGTGCAGA-E15S	Tumor	E15S	1	34144.0	3.456031592912999	0.010452950648353184	0.22363231695300761	0.12252454943539583	0.07827699516636312	0.00772298509978866	0.9140000197338483	0.9117060994955194	0.0882935489891033	3.5151537717990024e-07	0.9117060994955194	0.0	0.0	persistent	persistent	persistent	persistent	persistent	4.717693369999988e-06	0.9140000197338483	0.07827699516636312	0.00772298509978866	0.0	0.0	0.0
ATAGCGGAGTGATAGA-E15S	Tumor	E15S	1	34889.0	-0.2076269078670173	0.9157148607950627	-0.5829836970551002	0.3577226553800036	0.03623679859497478	0.06382298570662978	0.8999402156983954	0.008885059437390987	0.08643531816924796	0.9046796223933612	0.008885059437390987	0.0	0.9361770142933702	reverted	reverted	reverted	reverted	reverted	0.9875576347400585	0.0	0.0	0.0	0.0	0.0	0.06382298570662978
GTTCTCACAGGTAGCC-E15S	Tumor	E15S	1	33170.0	1.5747106772059185	0.2711617089312516	0.2121749519216209	0.13889042682004576	0.07584192501118515	0.00796897098942648	0.9161891039993884	0.2336615051077602	0.6655805182653088	0.10075797662693095	0.2336615051077602	0.0	0.0	partial	persistent	partial	persistent	persistent	0.011021616063218465	0.9161891039993884	0.07584192501118515	0.00796897098942648	0.0	0.0	0.0
CTCTCGATCGCATCCC-E15S	Tumor	E15S	1	31169.0	1.3063876853034069	0.3820726036750094	0.2074819405564128	0.14856327756089915	0.07510775072863923	0.008117145596394726	0.9167751036749661	0.1547261155419306	0.5995849658019914	0.2456889186560781	0.1547261155419306	0.9167751036749661	0.0	partial	partial	partial	partial	persistent	0.25615045025235667	0.0	0.0	0.0	0.07510775072863923	0.008117145596394726	0.0
AGCTAAGGTTCGCACA-E15S	Tumor	E15S	1	32900.0	-0.34594994592405937	0.9338484597863823	0.40999064587819345	0.15288597136589713	0.16110234029578932	0.00732042240741617	0.8315772372967947	0.008033087200588306	0.07932467333633111	0.9126422394630805	0.008033087200588306	0.0	0.9926795775925837	reverted	reverted	reverted	reverted	reverted	0.9941429574886327	0.0	0.0	0.0	0.0	0.0	0.0073204224074161686
ACAAGGCGTAGCTGCC-E15S	Tumor	E15S	1	32141.0	0.7015826106893558	0.6602094265757388	0.135010603639494	0.16637537808378233	0.06116095884437965	0.00912533625366168	0.9297137049019585	0.04227068187532385	0.27941797773916743	0.6783113403855087	0.04227068187532385	0.9297137049019587	0.0	reverted	partial	reverted	partial	persistent	0.06123317257997991	0.0	0.0	0.0	0.061160958844379665	0.009125336253661681	0.0
CTGAACATCCAACTCT-E15S	Tumor	E15S	1	30837.0	0.14281095545032008	0.8483949281443675	0.38259258400661256	0.1488250674481212	0.14453601438715707	0.0073423545935056116	0.8481216310193372	0.013721878904621683	0.12203600663307627	0.864242114462302	0.013721878904621683	0.0	0.9926576454064944	reverted	reverted	reverted	reverted	reverted	0.8073713807303202	0.0	0.0	0.0	0.0	0.0	0.0073423545935056116
CCGTTGGAGCTAACGC-E15S	Tumor	E15S	1	32474.0	0.31264630867567167	0.8022700680646109	0.43312724849332374	0.1406610045479847	0.18026904534162838	0.00726422179617108	0.8124667328622005	0.018437726873149995	0.15285994044381526	0.828702332683035	0.018437726873149995	0.0	0.992735778203829	reverted	reverted	reverted	reverted	reverted	0.9251899766865566	0.0	0.0	0.0	0.0	0.0	0.007264221796171081
CTCAGTTTCACTGGGT-E15S	Tumor	E15S	1	34464.0	-0.07185431419001037	0.8936388462477443	-0.010253131600941157	0.21041394519844986	0.04669625325540329	0.012872102303785023	0.9404316444408116	0.010206534223088584	0.09674866738739464	0.8930447983895167	0.010206534223088584	0.0	0.987127897696215	reverted	reverted	reverted	reverted	reverted	0.9836079991677414	0.0	0.0	0.0	0.0	0.0	0.012872102303785025
CCACGTAGTCTGTGGC-E15S	Tumor	E15S	1	32503.0	-0.09817678642911548	0.8982832768423809	0.49235723331461634	0.13779466285695943	0.2341039114513027	0.007254865733184353	0.7586412228155129	0.009905874067972248	0.09445431381743853	0.8956398121145892	0.009905874067972248	0.0	0.9927451342668157	reverted	reverted	reverted	reverted	reverted	0.9609536849906697	0.0	0.0	0.0	0.0	0.0	0.007254865733184353
TAGGGCTTCCGCAACG-E15S	Tumor	E15S	1	32163.0	0.11110402701171779	0.8559551600356026	0.42559523677088906	0.13500606707543986	0.17581068196489225	0.007254713908704119	0.8169346041264036	0.013060695859126406	0.117460837279842	0.8694784668610316	0.013060695859126406	0.0	0.9927452860912959	reverted	reverted	reverted	reverted	reverted	0.711640681547689	0.0	0.0	0.0	0.0	0.0	0.007254713908704119
TGCCACCTCAATCTGG-E15S	Tumor	E15S	1	28706.0	0.2518100599482463	0.8199066909200288	0.6429602417151815	0.1151734159516051	0.4655008798067477	0.00711666769128004	0.5273824525019721	0.016491156946093596	0.14048489916068635	0.84302394389322	0.016491156946093596	0.0	0.99288333230872	reverted	reverted	reverted	reverted	partial	0.47775748939467644	0.0	0.0	0.0	0.0	0.0	0.007116667691280041
CGTAAACCATTACGTT-E15S	Tumor	E15S	1	34019.0	1.4979714592047382	0.30080708948753815	-0.23008833486176614	0.2187215328743457	0.035031957486172986	0.02323657560952666	0.9417314669043003	0.21001817037203901	0.6561934009888946	0.13378842863906634	0.21001817037203901	0.9417314669043003	0.0	partial	partial	partial	partial	persistent	0.18711914500005222	0.0	0.0	0.0	0.035031957486172986	0.02323657560952666	0.0
AGTACCTGTTGGCCTA-E15S	Tumor	E15S	1	32320.0	-0.04369693480184286	0.8884648308783881	0.5826227757325594	0.12521400535291458	0.3556493324753103	0.007245517664780727	0.6371051498599091	0.010554951284322003	0.09937576521710123	0.8900692834985768	0.010554951284322003	0.0	0.9927544823352193	reverted	reverted	reverted	reverted	reverted	0.9875639954620519	0.0	0.0	0.0	0.0	0.0	0.007245517664780727
TCCTCGATCACAGACC-E15S	Tumor	E15S	1	31533.0	-0.7381913882250923	0.9673886102332733	0.058309110542130144	0.25440962803197775	0.057911962243958476	0.012263551805357202	0.9298244859506842	0.007585372829284269	0.07338040997880572	0.9190342171919099	0.007585372829284269	0.0	0.9877364481946428	reverted	reverted	reverted	reverted	inducing	0.9996458578320999	0.0	0.0	0.0	0.0	0.0	0.012263551805357204
CGTGAGGGTGGCGAAT-E15S	Tumor	E15S	1	36019.0	0.21483978708583867	0.8300110795560927	-0.1297785807904844	0.23459716318435764	0.04040952342663438	0.0177652221969981	0.9418252543763675	0.015457469087888096	0.13372358421025754	0.8508189467018544	0.015457469087888096	0.0	0.982234777803002	reverted	reverted	reverted	reverted	reverted	0.9084506487025701	0.0	0.0	0.0	0.0	0.0	0.0177652221969981
GCGTTCTCATGAGTTA-E15S	Tumor	E15S	1	21445.0	-0.5368494813148872	0.9529686606018891	0.6329638724763823	0.14757236198263932	0.41028097596399227	0.007057979908102777	0.582661044127905	0.007486632644691024	0.074049018206151	0.9184643491491581	0.007486632644691024	0.0	0.9929420200918972	reverted	reverted	reverted	reverted	inducing	0.9968775193416481	0.0	0.0	0.0	0.0	0.0	0.007057979908102777
TATCATCCAACCGCTT-E15S	Tumor	E15S	1	26568.0	0.660552631296771	0.6774119848812757	0.4089875005031274	0.14921016550585606	0.1610925169349002	0.007307555866078664	0.8315999271990213	0.03847212803088685	0.261585741099743	0.6999421308693701	0.03847212803088685	0.8315999271990211	0.0	reverted	partial	reverted	partial	partial	0.506215250237891	0.0	0.0	0.0	0.16109251693490018	0.007307555866078662	0.0
CTTCGCGCAGTTAGAC-E15S	Tumor	E15S	1	30612.0	0.5038684718964677	0.7385663754033726	-0.020181084933723475	0.1974088083408428	0.04472803582974026	0.012850023855220157	0.9424219403150396	0.02715184064147323	0.20369851655466026	0.7691496428038666	0.02715184064147323	0.0	0.9871499761447798	reverted	reverted	reverted	reverted	partial	0.46869787303828647	0.0	0.0	0.0	0.0	0.0	0.012850023855220157
ATCAGGCTCCATAGCA-E15S	Tumor	E15S	1	35074.0	1.4479660568933295	0.32108507716523466	-0.02554098978968586	0.16547183792181508	0.041783047589242034	0.012315884976019648	0.9459010674347383	0.19502673290012953	0.645961864113919	0.1590114029859515	0.19502673290012953	0.9459010674347383	0.0	partial	partial	partial	partial	persistent	0.008529543325294316	0.0	0.0	0.0	0.041783047589242034	0.012315884976019648	0.0
CCAGCCTTCACATAGT-E15S	Tumor	E15S	1	30413.0	0.3906500096787304	0.7777963302562716	0.35681135190907964	0.14268082221082165	0.1307023270018815	0.007357314273879185	0.8619403587242394	0.02145756970295952	0.17124747923034875	0.8072949510666917	0.02145756970295952	0.0	0.9926426857261208	reverted	reverted	reverted	reverted	reverted	0.9290912920341199	0.0	0.0	0.0	0.0	0.0	0.007357314273879185
CTGTCAAAGTGCAACC-E15S	Tumor	E15S	1	33107.0	1.6598937314892095	0.24048890028422593	0.331246458206217	0.11573251270814434	0.11920862452733966	0.007263337960913854	0.8735280375117465	0.26075737516666225	0.6675093261232723	0.07173329871006534	0.26075737516666225	0.0	0.0	partial	persistent	partial	persistent	persistent	0.06806150646404692	0.8735280375117466	0.11920862452733967	0.0072633379609138545	0.0	0.0	0.0
ACCTGTCCAGCCTACT-E15S	Tumor	E15S	1	24835.0	0.9747540927941342	0.5367019895605791	0.8530084822336278	0.0968715493981375	0.843607663164508	0.004848490000556886	0.15154384683493508	0.07922815218393998	0.4229037890397127	0.49786805877634743	0.07922815218393998	0.1515438468349351	0.0	reverted	partial	reverted	transitioning_out	persistent	0.10146921301573406	0.0	0.0	0.0	0.8436076631645081	0.004848490000556887	0.0
ACAGGCAAGTGAGGAT-E15S	Tumor	E15S	1	32444.0	0.48063750606885963	0.7469687404356726	-0.34785553332428143	0.2689812153069164	0.03519958384203183	0.03413133436403015	0.930669081793938	0.02583759348071247	0.19643804380395624	0.7777243627153312	0.02583759348071247	0.0	0.9658686656359698	reverted	reverted	reverted	reverted	inducing	0.5370917247040445	0.0	0.0	0.0	0.0	0.0	0.03413133436403015
GTGGTAAGTTAAGCAG-E15S	Tumor	E15S	1	33587.0	0.38823152978351566	0.7785866308332199	0.34997779863616674	0.15014456060520373	0.1266220796501646	0.0074173054249420224	0.8659606149248934	0.02135397279627686	0.1706315184538548	0.8080145087498685	0.02135397279627686	0.0	0.992582694575058	reverted	reverted	reverted	reverted	partial	0.6788889568158679	0.0	0.0	0.0	0.0	0.0	0.0074173054249420224
CTCACATTCTAGTGTG-E15S	Tumor	E15S	1	34367.0	0.4324668603959705	0.7638139967422578	-0.06765591435114493	0.22841230893666642	0.04373183050464544	0.015106713656668826	0.9411614558386857	0.023360788660355063	0.18239149585531148	0.7942477154843334	0.023360788660355063	0.0	0.9848932863433312	reverted	reverted	reverted	reverted	inducing	0.6637092999463545	0.0	0.0	0.0	0.0	0.0	0.015106713656668826
ACCCAGACACTTGCGT-E15S	Tumor	E15S	1	31515.0	0.2747426493406459	0.8134068086158355	0.5673993160291753	0.11606150281606625	0.3406060479655021	0.00729143191427106	0.6521025201202268	0.017187102696529052	0.14496068774554566	0.8378522095579252	0.017187102696529052	0.0	0.9927085680857289	reverted	reverted	reverted	reverted	reverted	0.9604004181552006	0.0	0.0	0.0	0.0	0.0	0.00729143191427106
CCCTAATTCCCTGTGC-E15S	Tumor	E15S	1	32657.0	-0.43396658736106486	0.9434274127817948	0.5306509347605699	0.14377509546881082	0.2727783664981974	0.007241642006643812	0.7199799914951588	0.0076991939602502335	0.07629334823196046	0.9160074578077891	0.0076991939602502335	0.0	0.9927583579933562	reverted	reverted	reverted	reverted	reverted	0.8171415372100089	0.0	0.0	0.0	0.0	0.0	0.007241642006643812
ACCTGATGTTCGCAAT-E15S	Tumor	E15S	1	25558.0	-0.8918597690043546	0.9754181116335726	0.689613047208025	0.14433852886379375	0.5088295772769902	0.006794861555894252	0.4843755611671156	0.00813932590543226	0.07615092452755931	0.9157097495670086	0.00813932590543226	0.0	0.9932051384441059	reverted	reverted	reverted	reverted	inducing	0.9929185494563995	0.0	0.0	0.0	0.0	0.0	0.006794861555894252
ACAACAGGTTCCTCAC-E15S	Tumor	E15S	1	31398.0	0.11925565330293725	0.8540419526709796	0.38310183143834164	0.1441411251990351	0.14542147318027768	0.007319619822810592	0.8472589069969118	0.013225175632826968	0.1186058034625614	0.8681690209046116	0.013225175632826968	0.0	0.9926803801771894	reverted	reverted	reverted	reverted	partial	0.456309803796601	0.0	0.0	0.0	0.0	0.0	0.007319619822810592
ACAGTGAGTTGGCTGC-E15S	Tumor	E15S	1	33121.0	0.6128615434984832	0.696817815212115	-0.3299990364791272	0.2542071208890328	0.034698809222842485	0.03230253948686126	0.9329986512902964	0.03452574478872441	0.2422685351770595	0.723205720034216	0.03452574478872441	0.9329986512902964	0.0	reverted	partial	reverted	partial	partial	0.5312084076521337	0.0	0.0	0.0	0.034698809222842485	0.03230253948686126	0.0
TGAGCGAAGTTGGACC-E15S	Tumor	E15S	1	32274.0	0.13785419678175798	0.8495979523252568	0.32347374687893227	0.15958593258961792	0.11384138224065635	0.007568491190386175	0.8785901265689574	0.013614650889911133	0.1212989126449651	0.8650864364651238	0.013614650889911133	0.0	0.9924315088096138	reverted	reverted	reverted	reverted	reverted	0.941743239655766	0.0	0.0	0.0	0.0	0.0	0.007568491190386176
CACGCCAAGTAGTGCC-E15S	Tumor	E15S	1	29214.0	0.08869417586100947	0.8611074411508406	0.5147420150298995	0.13152449034198158	0.26141737026020934	0.007262388030259999	0.7313202417095306	0.012627243963733258	0.11442095973972347	0.8729517962965433	0.012627243963733258	0.0	0.99273761196974	reverted	reverted	reverted	reverted	memory	0.9647488006187891	0.0	0.0	0.0	0.0	0.0	0.007262388030259999
AGCACGCCATAGATTG-E15S	Tumor	E15S	1	30383.0	-0.11852418056321233	0.9017493255199998	0.43028786121552554	0.14423514948561725	0.17724964244418884	0.007273889244803375	0.8154764683110078	0.00968910437457695	0.09278302851704562	0.8975278671083773	0.00968910437457695	0.0	0.9927261107551967	reverted	reverted	reverted	reverted	reverted	0.9177994243926283	0.0	0.0	0.0	0.0	0.0	0.007273889244803375
TCCAAAGTCTATGGGC-E15S	Tumor	E15S	1	26760.0	-0.034762756606734085	0.8867777160112381	0.4130866055780045	0.15972927323363653	0.1619035704897338	0.007344142041329894	0.8307522874689363	0.010671590874642962	0.10024812625699879	0.8890802828683583	0.010671590874642962	0.0	0.9926558579586701	reverted	reverted	reverted	reverted	reverted	0.9738825702176906	0.0	0.0	0.0	0.0	0.0	0.007344142041329894
AGACTGCTCCGTAGTA-E15S	Tumor	E15S	1	26133.0	-0.2716953742256995	0.9246165119581615	0.5863974406417185	0.13830076569427638	0.3495331489856331	0.00720008405067916	0.6432667669636878	0.008436269787996338	0.08275889197721363	0.90880483823479	0.008436269787996338	0.0	0.9927999159493208	reverted	reverted	reverted	reverted	inducing	0.6602631963590864	0.0	0.0	0.0	0.0	0.0	0.00720008405067916
CTGGTTAAGGTAATCT-E15S	Tumor	E15S	1	36258.0	-0.11637248919449429	0.9013878344744412	-1.3002484778015642	0.879470752666052	0.055800241052872714	0.080126346394461	0.8640734125526662	0.009711404256657345	0.0929556575560512	0.8973329381872913	0.009711404256657345	0.0	0.919873653605539	reverted	reverted	reverted	reverted	reverted	0.9833497760113533	0.0	0.0	0.0	0.0	0.0	0.080126346394461
CATTTCGCATTCGGGA-E15S	Tumor	E15S	1	31407.0	-0.3640608901165914	0.9359352959869914	0.5390073190511683	0.14048682771686302	0.28479453266868426	0.007242616971470944	0.7079628503598447	0.007952180504205384	0.07861225046838101	0.9134355690274136	0.007952180504205384	0.0	0.992757383028529	reverted	reverted	reverted	reverted	reverted	0.9809778385639641	0.0	0.0	0.0	0.0	0.0	0.007242616971470944
GCCTGCAAGTGAACCC-E15S	Tumor	E15S	1	30507.0	1.3134683913593033	0.3789128522434595	0.3174011460610139	0.12445978233358172	0.11223709071069683	0.0073390649745462165	0.880423844314757	0.1566537162230161	0.6024809882463421	0.2408652955306418	0.1566537162230161	0.880423844314757	0.0	partial	partial	partial	partial	persistent	0.03157374961711213	0.0	0.0	0.0	0.11223709071069683	0.0073390649745462165	0.0
TAGTCCTTCACTGGTA-E15S	Tumor	E15S	1	27967.0	-0.023396081255816943	0.8845991110333894	0.5584644814626681	0.13355273957664585	0.3145463995523864	0.007245779513582736	0.678207820934031	0.010824396950704857	0.10138583623595089	0.8877897668133442	0.010824396950704857	0.0	0.9927542204864174	reverted	reverted	reverted	reverted	persistent	0.13125406983789648	0.0	0.0	0.0	0.0	0.0	0.007245779513582736
CCGGCAATCGATCCGG-E15S	Tumor	E15S	1	27280.0	-0.2820460179662229	0.9259710098761978	0.6910660590558211	0.12903311004730758	0.5338433378491306	0.006811661787919323	0.45934500036295006	0.008372866769959235	0.08222884227303706	0.9093982909570038	0.008372866769959235	0.0	0.9931883382120807	reverted	reverted	reverted	reverted	inducing	0.9759942971947798	0.0	0.0	0.0	0.0	0.0	0.006811661787919323
CCCGTTGCACCTCAAC-E15S	Tumor	E15S	1	26835.0	-0.5501794139788015	0.9540868629308671	0.3749307499236155	0.18173156320958697	0.13671796460666086	0.007564814283759523	0.8557172211095798	0.007472319121209817	0.07385500119996002	0.9186726796788302	0.007472319121209817	0.0	0.9924351857162405	reverted	reverted	reverted	reverted	reverted	0.9788330103209466	0.0	0.0	0.0	0.0	0.0	0.0075648142837595215
AAAGGTTGTTGAGCGG-E15S	Tumor	E15S	1	34440.0	1.5506017316943306	0.28027566563371803	-0.14580007778314705	0.1884090050996006	0.03614890842117581	0.01748879561048795	0.9463622959683362	0.22615405094711308	0.6634404428237769	0.1104055062291099	0.22615405094711308	0.0	0.0	partial	persistent	partial	persistent	persistent	0.11890400070123928	0.9463622959683362	0.03614890842117581	0.01748879561048795	0.0	0.0	0.0
GCGTTATGTTGTGGCC-E15S	Tumor	E15S	1	29897.0	2.675215110605194	0.044270401209244734	-0.015522122723807819	0.1471518561245161	0.041301125124875	0.01168064519667625	0.9470182296784488	0.6616420242668811	0.3381294725933825	0.00022850313973637285	0.6616420242668811	0.0	0.0	persistent	persistent	persistent	persistent	persistent	0.0039952987258923016	0.9470182296784486	0.04130112512487499	0.011680645196676248	0.0	0.0	0.0
TATCCATCAGGGCCAT-E15S	Tumor	E15S	1	28737.0	-0.7103902399098945	0.9656867152313761	0.6656644972904916	0.13875634990970356	0.4753406727953299	0.006942235164384152	0.5177170920402859	0.00753121506898351	0.07318662652692859	0.919282158404088	0.00753121506898351	0.0	0.9930577648356158	reverted	reverted	reverted	reverted	inducing	0.9945934722480542	0.0	0.0	0.0	0.0	0.0	0.006942235164384152
GCTAGTCAGTGAGTAA-E15S	Tumor	E15S	1	33652.0	1.0876054628535186	0.4833630662675062	0.3792209179880969	0.11666626612532313	0.14640967545777903	0.007220400538782775	0.8463699240034382	0.10127332879993278	0.48839929455980086	0.4103273766402664	0.10127332879993278	0.8463699240034382	0.0	partial	partial	partial	partial	persistent	0.05461675018869288	0.0	0.0	0.0	0.14640967545777903	0.007220400538782775	0.0
TGCACGTAGGGTTGCT-E15S	Tumor	E15S	1	32144.0	-0.08788769542748949	0.8964896307130558	0.24400738597097799	0.18096194332804527	0.08631287814777969	0.008240020346730517	0.9054471015054898	0.010020615655426253	0.0953330538021979	0.8946463305423759	0.010020615655426253	0.0	0.9917599796532695	reverted	reverted	reverted	reverted	reverted	0.9306253049908451	0.0	0.0	0.0	0.0	0.0	0.008240020346730517
CCACGAACATGGCTAG-E15S	Tumor	E15S	1	29366.0	-0.7314099811979337	0.9669811517294441	0.04809506735016528	0.2563413954682815	0.05691205340475241	0.012536519715730858	0.9305514268795166	0.007570928990405741	0.07332465757537561	0.9191044134342187	0.007570928990405741	0.0	0.9874634802842691	reverted	reverted	reverted	reverted	reverted	0.9938884367757848	0.0	0.0	0.0	0.0	0.0	0.01253651971573086
GCCGATTAGTGAAGTA-E15S	Tumor	E15S	1	34113.0	-0.10835536280363572	0.9000304843560583	-0.29871381068193315	0.3177962463621115	0.03991611367034298	0.029761877187552396	0.9303220091421045	0.009795780051875804	0.09360736501558199	0.8965968549325423	0.009795780051875804	0.0	0.9702381228124476	reverted	reverted	reverted	reverted	memory	0.9767053356830906	0.0	0.0	0.0	0.0	0.0	0.0297618771875524
GGGACACAGGTAGGAT-E15S	Tumor	E15S	1	26667.0	0.18606759521272662	0.8375588736747862	0.1733474959861077	0.18227908097517545	0.06947035848469404	0.008917655636770336	0.9216119858785357	0.014722625247479073	0.12882903176371932	0.8564483429888016	0.014722625247479073	0.0	0.9910823443632297	reverted	reverted	reverted	reverted	reverted	0.7786421811712875	0.0	0.0	0.0	0.0	0.0	0.008917655636770336
GGCCAATTCAAGTAGA-E15S	Tumor	E15S	1	28013.0	-0.251537022791187	0.9219130516433754	0.591041226694533	0.13622805662572574	0.35820488330442046	0.00719816360942945	0.63459695308615	0.008566818593631254	0.08384108474250873	0.90759209666386	0.008566818593631254	0.0	0.9928018363905705	reverted	reverted	reverted	reverted	inducing	0.9858445436742013	0.0	0.0	0.0	0.0	0.0	0.00719816360942945
GCCTCATCATGCTTCA-E15S	Tumor	E15S	1	23585.0	0.1600405203797642	0.8441517014767449	0.6393716246852099	0.13340651552780866	0.4375253180585403	0.007074413047414241	0.5554002688940455	0.014106235871968468	0.12466312147271748	0.8612306426553141	0.014106235871968468	0.0	0.9929255869525857	reverted	reverted	reverted	reverted	inducing	0.9555793931014839	0.0	0.0	0.0	0.0	0.0	0.007074413047414241
TCTCGCATCAGCCTAA-E15S	Tumor	E15S	1	24896.0	0.6759694433739997	0.6710012944236199	0.3692299604642681	0.14518627329058154	0.1372513942287687	0.007347094951294764	0.8554015108199368	0.039853796080430715	0.2681547608416608	0.6919914430779085	0.039853796080430715	0.8554015108199365	0.0	reverted	partial	reverted	partial	partial	0.3823467168712195	0.0	0.0	0.0	0.13725139422876867	0.007347094951294762	0.0
GTACCAGCAATTGCCC-E15S	Tumor	E15S	1	20682.0	-0.8827188280772791	0.9749997427968856	0.45705018362246785	0.2021519509830662	0.18179328118896268	0.00745845974963734	0.8107482590613999	0.008093457146280477	0.07590281512325812	0.9160037277304613	0.008093457146280477	0.0	0.9925415402503627	reverted	reverted	reverted	reverted	reverted	0.9652638882081238	0.0	0.0	0.0	0.0	0.0	0.007458459749637341
AGTGAGTAGCCTGATA-E15S	Tumor	E15S	1	31926.0	0.1203652068953786	0.8537799148616433	-0.05321695814902219	0.2642000174836694	0.048082241183538744	0.015534042004422243	0.9363837168120391	0.01324785251646195	0.11876329978985178	0.8679888476936863	0.01324785251646195	0.0	0.9844659579955777	reverted	reverted	reverted	reverted	reverted	0.9259923250526848	0.0	0.0	0.0	0.0	0.0	0.01553404200442224
TAGGACTCATCATCAT-E15S	Tumor	E15S	1	30036.0	0.7485670686865081	0.6399803614036813	0.45909191557248485	0.11838804692788968	0.2087823090818766	0.007247518126489161	0.7839701727916342	0.04712061264439086	0.30119780152757797	0.6516815858280312	0.04712061264439086	0.7839701727916343	0.0	reverted	partial	reverted	partial	reverted	0.8697172774306621	0.0	0.0	0.0	0.20878230908187662	0.007247518126489162	0.0
GCATGAGAGTGTCATG-E15S	Tumor	E15S	1	33061.0	1.3898528021937648	0.3455240767511176	0.06317541484053714	0.15439736003662258	0.049786300352214534	0.010041436800822605	0.9401722628469628	0.1780663140238221	0.6299630230622616	0.19197066291391623	0.1780663140238221	0.9401722628469629	0.0	partial	partial	partial	partial	persistent	0.012495625300482045	0.0	0.0	0.0	0.04978630035221454	0.010041436800822607	0.0
ATCAAGGGTCAAGTCT-E15S	Tumor	E15S	1	33759.0	-0.05591279022854957	0.8907360448884392	-0.21518120767815382	0.25499750446487834	0.03809743312152968	0.022870235095356618	0.9390323317831136	0.010400275933282662	0.09821351484333103	0.8913862092233864	0.010400275933282662	0.0	0.9771297649046434	reverted	reverted	reverted	reverted	persistent	0.17884233269096772	0.0	0.0	0.0	0.0	0.0	0.02287023509535662
TGATTGGTCACTTCGT-E15S	Tumor	E15S	1	32442.0	1.7470736469061365	0.21164371857379077	-0.1382719697435483	0.19793883351712427	0.03715839539035589	0.01731806505485998	0.9455235395547843	0.28943828653405146	0.6611840664412554	0.04937764702469322	0.28943828653405146	0.0	0.0	partial	persistent	partial	persistent	persistent	0.00808195394457574	0.9455235395547841	0.03715839539035588	0.017318065054859978	0.0	0.0	0.0
TGTCCTTAGAACGAAC-E15S	Tumor	E15S	1	28168.0	2.2614318598013456	0.09205445323263253	0.6310312799295409	0.09419265953395115	0.46702557529055044	0.007236438886444451	0.5257379858230051	0.4831891065322089	0.5134011953961931	0.003409698071597977	0.4831891065322089	0.0	0.0	partial	persistent	partial	persistent	persistent	0.0015962982679396487	0.5257379858230051	0.46702557529055044	0.007236438886444451	0.0	0.0	0.0
CTAGTTAGTTAAGCTC-E15S	Tumor	E15S	1	28877.0	1.9889635474265455	0.1451721050457013	0.6109775333312689	0.0945636978134243	0.4303247285701994	0.007301422799198281	0.5623738486306024	0.37493428638111137	0.6096043623731876	0.015461351245701032	0.37493428638111137	0.0	0.0	partial	persistent	partial	persistent	persistent	0.24613604704193714	0.5623738486306024	0.4303247285701994	0.007301422799198281	0.0	0.0	0.0
CCTTTGGTCTGGTGAC-E15S	Tumor	E15S	1	29379.0	-0.09877020730603513	0.898385879747908	0.5635565429526891	0.13135089905959013	0.32315423347348704	0.007247597855114325	0.6695981686713985	0.009899363021678983	0.09440432954297981	0.8956963074353411	0.009899363021678983	0.0	0.9927524021448857	reverted	reverted	reverted	reverted	partial	0.5658752771148471	0.0	0.0	0.0	0.0	0.0	0.007247597855114326
TATAGGTTCATGTAAC-E15S	Tumor	E15S	1	32295.0	-0.1943905447385296	0.9137605649138901	0.6959307012505466	0.11877746036507598	0.557460176482292	0.006794271917122216	0.4357455516005859	0.008990564610077604	0.08728363126247113	0.9037258041274513	0.008990564610077604	0.0	0.9932057280828779	reverted	reverted	reverted	reverted	memory	0.9890233672128175	0.0	0.0	0.0	0.0	0.0	0.006794271917122216
GTGCTATGTTGTAGTC-E15S	Tumor	E15S	1	27905.0	-0.6874700914124425	0.9642194876200807	0.20060081500771787	0.24704710246286624	0.07982772964237705	0.009750718958933596	0.9104215513986893	0.00749652358652801	0.07309583242420672	0.9194076439892652	0.00749652358652801	0.0	0.9902492810410664	reverted	reverted	reverted	reverted	reverted	0.9969005278983253	0.0	0.0	0.0	0.0	0.0	0.009750718958933596
TCTGGGTAGCCGACCA-E15S	Tumor	E15S	1	26216.0	0.01035381780257646	0.8779146311996602	0.5900541532683649	0.13626790481962717	0.35671513782671577	0.007199773582452245	0.6360850885908319	0.011308533708944517	0.10495388106471906	0.8837375852263365	0.011308533708944517	0.0	0.9928002264175477	reverted	reverted	reverted	reverted	inducing	0.9425886382882663	0.0	0.0	0.0	0.0	0.0	0.007199773582452245
TGCCGATAGCCTAGAC-E15S	Tumor	E15S	1	30711.0	0.6816553688947038	0.6686206192163404	-0.07617376134384707	0.22214506922033808	0.04260637696017683	0.015257979886066296	0.9421356431537568	0.040377056862995496	0.27061748936091806	0.6890054537760866	0.040377056862995496	0.9421356431537569	0.0	reverted	partial	reverted	partial	reverted	0.7686257580993272	0.0	0.0	0.0	0.042606376960176835	0.015257979886066298	0.0
TCCATAAGTATGGCCC-E15S	Tumor	E15S	1	27898.0	0.45127422515498883	0.7573305258324242	0.600326540616667	0.11414074953964702	0.39355515563877974	0.007254147391016962	0.5991906969702033	0.024289678943894392	0.1877173608584022	0.7879929601977034	0.024289678943894392	0.0	0.9927458526089831	reverted	reverted	reverted	reverted	reverted	0.8322416066623812	0.0	0.0	0.0	0.0	0.0	0.007254147391016962
GTGAGGATCGTTCGTT-E15S	Tumor	E15S	1	24818.0	0.550444437609116	0.7211865994743601	0.6726640037255004	0.11416244580986536	0.5207482108548949	0.006963650973024443	0.4722881381720807	0.030045620065103484	0.21925238479099524	0.7507019951439012	0.030045620065103484	0.0	0.9930363490269756	reverted	reverted	reverted	reverted	inducing	0.7844366053378806	0.0	0.0	0.0	0.0	0.0	0.006963650973024443
GGACGTTTCTGGATAT-E15S	Tumor	E15S	1	31939.0	0.2014387144468415	0.8335607290796092	0.14501039599113213	0.19714976542088988	0.06524433110183248	0.009520380161147125	0.9252352887370203	0.015107961408924826	0.13140509788083904	0.8534869407102361	0.015107961408924826	0.0	0.9904796198388529	reverted	reverted	reverted	reverted	reverted	0.9566035142791349	0.0	0.0	0.0	0.0	0.0	0.009520380161147127
TAGGTGAGTGGCCTGT-E15S	Tumor	E15S	1	31055.0	0.8285316274313622	0.6044146358911205	-0.637124968522142	0.37206883447986133	0.03624297817667781	0.0724695255995729	0.8912874962237494	0.05672536563013953	0.34141306776377744	0.6018615666060831	0.05672536563013953	0.8912874962237494	0.0	reverted	partial	reverted	partial	partial	0.5617851633750192	0.0	0.0	0.0	0.03624297817667781	0.0724695255995729	0.0
AACATTGCAAATGGAG-E15S	Tumor	E15S	1	25224.0	0.172639099874899	0.8409880514213943	0.620969500594491	0.12309401990175683	0.41854941577386606	0.007170515236971815	0.5742800689891622	0.014399083108671499	0.12664943740753123	0.8589514794837972	0.014399083108671499	0.0	0.9928294847630282	reverted	reverted	reverted	reverted	reverted	0.8198908061171614	0.0	0.0	0.0	0.0	0.0	0.007170515236971815
GTATGAGGTTGCATGT-E15S	Tumor	E15S	1	27336.0	-0.6771113065414502	0.9635367174997517	0.42642980918590145	0.17720821970438422	0.1672548505789381	0.007400681969277369	0.8253444674517846	0.007483761108417224	0.07307518161964159	0.919441057271941	0.007483761108417224	0.0	0.9925993180307227	reverted	reverted	reverted	reverted	inducing	0.9989417033749272	0.0	0.0	0.0	0.0	0.0	0.007400681969277369
GCTTACCCATTCCTAG-E15S	Tumor	E15S	1	33440.0	0.7396170703266809	0.6438749544459595	0.1916179690441659	0.15029843977344703	0.0713997380159558	0.008273808082438392	0.9203264539016058	0.0461536014348278	0.29693911306062876	0.6569072855045435	0.0461536014348278	0.9203264539016058	0.0	reverted	partial	reverted	partial	partial	0.5869000329526486	0.0	0.0	0.0	0.0713997380159558	0.008273808082438392	0.0
AAACGACAGGCGTCCA-E15S	Tumor	E15S	1	30807.0	2.5133239648142522	0.05920751192884566	0.10759897337271032	0.13259287389941593	0.05438117553058052	0.008983556511457113	0.9366352679579624	0.5916710955824755	0.4076307091765683	0.0006981952409561061	0.5916710955824755	0.0	0.0	persistent	persistent	persistent	persistent	persistent	0.003694209255967327	0.9366352679579624	0.05438117553058052	0.008983556511457113	0.0	0.0	0.0
GCAAGCAAGTGCTCGG-E15S	Tumor	E15S	1	25517.0	0.11084714048186989	0.856015111577548	0.3460159444706804	0.17826285745401807	0.12304019940307692	0.0076396662226820835	0.8693201343742412	0.0130555727257999	0.11742510008717649	0.8695193271870235	0.0130555727257999	0.0	0.9923603337773179	reverted	reverted	reverted	reverted	inducing	0.7175257140754676	0.0	0.0	0.0	0.0	0.0	0.007639666222682082
TAACACTAGGGTTAGG-E15S	Tumor	E15S	1	27676.0	0.1985417488333763	0.8343202277696756	0.6166804812561069	0.12538778799293332	0.4089876654142823	0.007175257848425559	0.5838370767372921	0.01503408565404494	0.1309128580434134	0.8540530563025416	0.01503408565404494	0.0	0.9928247421515745	reverted	reverted	reverted	reverted	inducing	0.7525447060473706	0.0	0.0	0.0	0.0	0.0	0.00717525784842556
GGACATAGTTACACAC-E15S	Tumor	E15S	1	22389.0	0.5947624253172653	0.7040074138110107	0.7298569426089059	0.10933582242663326	0.6338408086948177	0.0065036563261018695	0.3596555349790804	0.03315055080313274	0.23533268430930768	0.7315167648875597	0.03315055080313274	0.0	0.9934963436738982	reverted	reverted	reverted	reverted	partial	0.6354630202514507	0.0	0.0	0.0	0.0	0.0	0.0065036563261018695
CGTTTGGGTTACACTA-E15S	Tumor	E15S	1	34121.0	-0.288400827031297	0.9267914786464346	-1.4354602185483194	0.8907656717120671	0.05375655013932282	0.08895655062528209	0.857286899235395	0.008335133868278465	0.08191187708111693	0.9097529890506045	0.008335133868278465	0.0	0.9110434493747179	reverted	reverted	reverted	reverted	memory	0.9984543464665444	0.0	0.0	0.0	0.0	0.0	0.0889565506252821
GTCAAATTCGTTCCGC-E15S	Tumor	E15S	1	23732.0	-0.1716569655536432	0.9103081200491983	0.7556424307031463	0.11446007571994979	0.6727813798986588	0.006230213408343266	0.320988406692998	0.009182692072875588	0.08881541248238091	0.9020018954447435	0.009182692072875588	0.0	0.9937697865916568	reverted	reverted	reverted	reverted	inducing	0.9596068248998916	0.0	0.0	0.0	0.0	0.0	0.006230213408343266
CGTTTGAAGCAGGTAG-E15S	Tumor	E15S	1	31690.0	0.07204701385916229	0.8648340335253552	0.17489323553476022	0.18154829762925218	0.06973368622450697	0.00888880431691289	0.9213775094585802	0.01232231128779037	0.11226207633119129	0.8754156123810182	0.01232231128779037	0.0	0.9911111956830871	reverted	reverted	reverted	reverted	reverted	0.9552179875077357	0.0	0.0	0.0	0.0	0.0	0.00888880431691289
GGCGTTGTCGCGAATC-E15S	Tumor	E15S	1	25002.0	-0.19547318279829984	0.9139219408583524	0.7884681958639496	0.1169208995684538	0.7249686826640118	0.005840421886832283	0.2691908954491559	0.008981762200253037	0.08721305746566681	0.9038051803340802	0.008981762200253037	0.0	0.9941595781131678	reverted	reverted	reverted	reverted	inducing	0.9893960936160201	0.0	0.0	0.0	0.0	0.0	0.005840421886832283
AAGCCTATCGAATGAA-E15S	Tumor	E15S	1	30547.0	-0.4155165666750963	0.9415340616278796	-0.9616540180170178	0.6725716834199651	0.04862171481846728	0.07652535708892781	0.8748529280926047	0.007757079664485161	0.07684057127320891	0.915402349062306	0.007757079664485161	0.0	0.9234746429110722	reverted	reverted	reverted	reverted	reverted	0.8346743150987955	0.0	0.0	0.0	0.0	0.0	0.07652535708892783
TATGAGAAGGATTGCC-E15S	Tumor	E15S	1	29969.0	-0.534281251448438	0.9527502659420679	0.5202743478628001	0.162501596415281	0.25059271866354493	0.0072374751024248465	0.7421698062340303	0.007489732362796674	0.07408889400820505	0.9184213736289981	0.007489732362796674	0.0	0.9927625248975752	reverted	reverted	reverted	reverted	reverted	0.8290048845491286	0.0	0.0	0.0	0.0	0.0	0.0072374751024248465
GTAAGTTTCACGGAAG-E15S	Tumor	E15S	1	30619.0	2.7341484694195297	0.03978265967568059	0.031356355455150364	0.14798164514100137	0.045720601727292705	0.010561648895039816	0.9437177493776675	0.6864328278893519	0.31341792035689914	0.00014925175374900525	0.6864328278893519	0.0	0.0	persistent	persistent	persistent	persistent	persistent	5.70830175087232e-06	0.9437177493776675	0.045720601727292705	0.010561648895039816	0.0	0.0	0.0
CCACTATTCAGCAATT-E15S	Tumor	E15S	1	24187.0	-0.7325165212150383	0.9670479719247644	0.7977704040966167	0.12854200786243253	0.721958911123613	0.0057605837320355464	0.2722805051443515	0.00757323119088695	0.0733333803662253	0.9190933884428878	0.00757323119088695	0.0	0.9942394162679644	reverted	reverted	reverted	reverted	inducing	0.9998940931807138	0.0	0.0	0.0	0.0	0.0	0.0057605837320355464
AGTCCTGGTGAACGCG-E15S	Tumor	E15S	1	21459.0	0.5915358747271017	0.7052786897461846	0.6104041013317282	0.12207195675632505	0.40217990985572893	0.0072031865679939786	0.5906169035762769	0.032912123231609185	0.23411886456886655	0.7329690121995243	0.032912123231609185	0.0	0.992796813432006	reverted	reverted	reverted	reverted	persistent	0.2294365177006398	0.0	0.0	0.0	0.0	0.0	0.007203186567993979
TGCACAATCCCTCGAC-E15S	Tumor	E15S	1	26820.0	-0.16830061976996877	0.9097879731618348	0.2770672428762452	0.18520090599616093	0.09643463245390105	0.008062010252914873	0.895503357293184	0.009212259382578185	0.0890497459433188	0.901737994674103	0.009212259382578185	0.0	0.9919379897470851	reverted	reverted	reverted	reverted	reverted	0.7931268978597529	0.0	0.0	0.0	0.0	0.0	0.008062010252914874
ACAATGGGTAGCCCGT-E15S	Tumor	E15S	1	25965.0	0.1781760815921007	0.8395812614106756	-0.17447858634023902	0.24316101266928114	0.03888592635818508	0.020208661654171112	0.9409054119876439	0.014531040591247683	0.1275402565299759	0.8579287028787764	0.014531040591247683	0.0	0.979791338345829	reverted	reverted	reverted	reverted	persistent	0.07193883378575756	0.0	0.0	0.0	0.0	0.0	0.020208661654171112
ACGGAGGCATCCTGCG-E15S	Tumor	E15S	1	13203.0	0.3108726597943246	0.8028021826571592	1.1112875305388172	0.1016570374296267	0.9848637351079164	0.0018026492200268914	0.013333615672056643	0.01837626624019075	0.15247587740620883	0.8291478563536004	0.01837626624019075	0.0	0.9981973507799731	reverted	reverted	reverted	reverted	persistent	0.05013789281329186	0.0	0.0	0.0	0.0	0.0	0.0018026492200268916
CAGCGATTCTAGCTCT-E15S	Tumor	E15S	1	23998.0	-0.8468529150536055	0.9732901926535623	0.7046774634859566	0.1450246483274612	0.5340580493010947	0.006693943307699213	0.4592480073912061	0.007930053872883838	0.07503380851133451	0.9170361376157817	0.007930053872883838	0.0	0.9933060566923008	reverted	reverted	reverted	reverted	memory	0.987617891568026	0.0	0.0	0.0	0.0	0.0	0.006693943307699213
ATGGGGATCGCTCCAC-E15S	Tumor	E15S	1	27445.0	0.25236074272721576	0.8197527004590154	0.6693827315236579	0.11226471439440032	0.5171456487995291	0.006988531763979281	0.47586581943649164	0.01650736091422714	0.14058979108378192	0.8429028480019909	0.01650736091422714	0.0	0.9930114682360207	reverted	reverted	reverted	reverted	inducing	0.9759654494031366	0.0	0.0	0.0	0.0	0.0	0.006988531763979281
TAGCTAGTCACGCTAA-E15S	Tumor	E15S	1	25857.0	1.2592019580963671	0.403372969575345	-0.04265605084139326	0.1820593471779041	0.041714986394753184	0.013181126882172316	0.9451038867230747	0.14215853276413618	0.5789103191065732	0.27893114812929054	0.14215853276413618	0.9451038867230744	0.0	partial	partial	partial	partial	persistent	0.008320295146498576	0.0	0.0	0.0	0.04171498639475318	0.013181126882172312	0.0
GCGGCTATCGACCGAT-E15S	Tumor	E15S	1	28180.0	0.39637291748066844	0.7759182066241301	0.28588068246797127	0.15463925148689056	0.0990258054995001	0.007684696577860323	0.8932894979226396	0.021705445604656478	0.17271725431129117	0.8055773000840524	0.021705445604656478	0.0	0.9923153034221397	reverted	reverted	reverted	reverted	reverted	0.8673076091039602	0.0	0.0	0.0	0.0	0.0	0.007684696577860323
GTAGTCGCATCCAAGG-E15S	Tumor	E15S	1	28598.0	0.8673596205915023	0.586711313084548	0.07075851142362584	0.17644847748604378	0.05242432630269349	0.010303227792937842	0.9372724459043686	0.06205298494269674	0.3622161738205456	0.5757308412367576	0.06205298494269674	0.9372724459043686	0.0	reverted	partial	reverted	partial	persistent	0.13103817643291976	0.0	0.0	0.0	0.05242432630269349	0.010303227792937842	0.0
AAGTAAGTCCGTTAAG-E15S	Tumor	E15S	1	25388.0	-0.05032235109747822	0.8897017295163568	0.8615750026437692	0.10561387771954409	0.8440778920261071	0.004771200448487257	0.15115090752540564	0.01047038062981915	0.09874106779022408	0.8907885515799567	0.01047038062981915	0.0	0.9952287995515128	reverted	reverted	reverted	reverted	inducing	0.44187069024036335	0.0	0.0	0.0	0.0	0.0	0.0047712004484872575
GGCTGAGGTTAGGTCT-E15S	Tumor	E15S	1	28214.0	1.4612198112976853	0.31564015193528433	0.4117365058348521	0.1162075482446792	0.16916180298993488	0.007219135249725508	0.8236190617603397	0.19896623567410127	0.6489936230096143	0.15204014131628457	0.19896623567410127	0.8236190617603397	0.0	partial	partial	partial	partial	persistent	0.06343533661828919	0.0	0.0	0.0	0.16916180298993488	0.007219135249725508	0.0
AACTCAACAGGACTCA-E15S	Tumor	E15S	1	25016.0	-0.49101243195610506	0.9489229021544413	-0.15884481708378526	0.3093178038108531	0.04539624613679727	0.0209876739914045	0.9336160798717981	0.007558727151840692	0.07488334503662686	0.9175579278115324	0.007558727151840692	0.0	0.9790123260085956	reverted	reverted	reverted	reverted	reverted	0.9988695568704489	0.0	0.0	0.0	0.0	0.0	0.020987673991404502
AACCTCAAGCTTCCTG-E15S	Tumor	E15S	1	23499.0	2.2444688713805494	0.0947739073975426	0.7198663771307061	0.09612207282651213	0.6334415084766072	0.006608142924258977	0.3599503485991339	0.4761017500260445	0.5201289671760398	0.0037692827979155896	0.4761017500260445	0.0	0.0	partial	persistent	transitioning_out	persistent_exiting	persistent	0.0009475495441390618	0.3599503485991339	0.6334415084766072	0.006608142924258977	0.0	0.0	0.0
AGGACATAGTAACCTG-E15S	Tumor	E15S	1	27466.0	0.39481009411244966	0.7764322067097003	0.328324065847851	0.15373639632832312	0.11616574739768463	0.007505415831511539	0.8763288367708038	0.021637371722130885	0.17231417533919494	0.8060484529386741	0.021637371722130885	0.0	0.9924945841684885	reverted	reverted	reverted	reverted	reverted	0.982582375088343	0.0	0.0	0.0	0.0	0.0	0.00750541583151154
ACTCACAAGGATGGTG-E15S	Tumor	E15S	1	26425.0	0.3872663074264433	0.7789014799614997	0.46445665882216214	0.1335958859099788	0.20873531783588806	0.007252019834807148	0.7840126623293048	0.021312816955173307	0.17038653878183657	0.8083006442629901	0.021312816955173307	0.0	0.9927479801651928	reverted	reverted	reverted	reverted	partial	0.5068467472303061	0.0	0.0	0.0	0.0	0.0	0.007252019834807148
TGAGCAAGTTCGCTGA-E15S	Tumor	E15S	1	24610.0	-0.29843499940124163	0.9280699498374224	0.21143181957910034	0.19928106685096975	0.07891564029177478	0.00878821835265527	0.91229614135557	0.008277374500485732	0.08142433345950137	0.9102982920400128	0.008277374500485732	0.0	0.9912117816473448	reverted	reverted	reverted	reverted	memory	0.9990121621598301	0.0	0.0	0.0	0.0	0.0	0.00878821835265527
ATGGCCCGTTGTGGTT-E15S	Tumor	E15S	1	29549.0	0.720585863638516	0.6520929084843852	0.46233806252759446	0.12107247078131185	0.21097994664239383	0.0072493846638913215	0.7817706686937148	0.04416560540802524	0.2880543717131825	0.6677800228787922	0.04416560540802524	0.7817706686937148	0.0	reverted	partial	reverted	partial	partial	0.6873543894846103	0.0	0.0	0.0	0.21097994664239383	0.0072493846638913215	0.0
GTAATGTTCAGTTGGC-E15S	Tumor	E15S	1	27398.0	0.5793088809064473	0.7100671890982466	0.00489007024357499	0.22888444261563778	0.04975468520151196	0.012907623899112604	0.9373376908993754	0.032026626302048396	0.22958090918329468	0.738392464514657	0.032026626302048396	0.0	0.9870923761008874	reverted	reverted	reverted	reverted	inducing	0.8259325509078502	0.0	0.0	0.0	0.0	0.0	0.012907623899112606
GTGCTTGGTTCCAGTG-E15S	Tumor	E15S	1	27471.0	0.47266983865266365	0.7498090797534259	0.4900437556204513	0.125755756673443	0.23698822174131373	0.007262478148946812	0.7557493001097395	0.02540539321958412	0.1940219672304003	0.7805726395500155	0.02540539321958412	0.0	0.9927375218510532	reverted	reverted	reverted	reverted	persistent	0.2040171966889745	0.0	0.0	0.0	0.0	0.0	0.007262478148946812
AGAGATTGTAATCGGA-E15S	Tumor	E15S	1	23735.0	-0.2106022692625125	0.9161485908960703	0.22749209929957892	0.1979330127569564	0.08274421678651121	0.008616037032158396	0.9086397461813303	0.00886197044062241	0.08624894812880173	0.9048890814305759	0.00886197044062241	0.0	0.9913839629678416	reverted	reverted	reverted	reverted	reverted	0.7785161930746486	0.0	0.0	0.0	0.0	0.0	0.008616037032158397
ATGATCCGTTGAAGCA-E15S	Tumor	E15S	1	25071.0	0.9308783428377914	0.5572813969344756	0.4459413703371058	0.13870098829888192	0.19102660256963955	0.007256970450569585	0.801716426979791	0.0717678555984076	0.39767419301906504	0.5305579513825274	0.0717678555984076	0.801716426979791	0.0	reverted	partial	reverted	partial	persistent	0.21911235780448513	0.0	0.0	0.0	0.19102660256963955	0.007256970450569585	0.0
TGTGCCTCAGGATAGA-E15S	Tumor	E15S	1	26789.0	0.46003744481609227	0.7542685777150232	0.40645968366646235	0.14302727906543547	0.16048612369583248	0.0072880166689167315	0.8322258596352509	0.024738882801518695	0.19026758545052047	0.7849935317479608	0.024738882801518695	0.0	0.9927119833310833	reverted	reverted	reverted	reverted	persistent	0.08816827464493271	0.0	0.0	0.0	0.0	0.0	0.0072880166689167315
GTCGGCTGTAAGGGCT-E15S	Tumor	E15S	1	27364.0	0.40613011803503507	0.772690158791136	0.32737990477190193	0.14696027610552612	0.11599696177729611	0.007458755894705372	0.8765442823279986	0.022137055084976487	0.1752630789343855	0.8025998659806379	0.022137055084976487	0.0	0.9925412441052945	reverted	reverted	reverted	reverted	reverted	0.8963786358561123	0.0	0.0	0.0	0.0	0.0	0.007458755894705371
GCCCATAGTTCGCTTC-E15S	Tumor	E15S	1	21743.0	0.7116631227210912	0.6559152710955385	1.0499965353381964	0.08806792529499081	0.9759939570211771	0.002260199274002119	0.02174584370482097	0.043264833891122935	0.2839697678892758	0.6727653982196014	0.043264833891122935	0.021745843704820966	0.0	reverted	partial	reverted	transitioning_out	persistent	0.03197512147185176	0.0	0.0	0.0	0.9759939570211769	0.0022601992740021184	0.0
CATCTTGCAATCCGCT-E15S	Tumor	E15S	1	20020.0	-0.302523566253537	0.9285849518193111	0.8363440500535168	0.12404286856794615	0.787245257131508	0.005234196091383494	0.20752054677710863	0.008254471402872558	0.08123017739964544	0.9105153511974818	0.008254471402872558	0.0	0.9947658039086166	reverted	reverted	reverted	reverted	inducing	0.9651494599902862	0.0	0.0	0.0	0.0	0.0	0.005234196091383494
GCGGACTCAATATCTC-E15S	Tumor	E15S	1	19545.0	0.7763156657563884	0.627789787812709	0.7981434891522586	0.11414289363198123	0.7446710794331374	0.00570638277020028	0.2496225377966624	0.050253308001252786	0.3147209726353588	0.6350257193633885	0.050253308001252786	0.2496225377966624	0.0	reverted	partial	reverted	transitioning_out	inducing	0.5562431365942913	0.0	0.0	0.0	0.7446710794331374	0.00570638277020028	0.0
TCTCGATTCGATAGTT-E15S	Tumor	E15S	1	27710.0	0.294554731072525	0.8076470660716347	0.3368117176036488	0.1629704874543938	0.11960953593664879	0.007547785580393741	0.8728426784829574	0.017824597036832614	0.1490096549338826	0.8331657480292847	0.017824597036832614	0.0	0.9924522144196063	reverted	reverted	reverted	reverted	reverted	0.7277367087292598	0.0	0.0	0.0	0.0	0.0	0.007547785580393742
AATTCAGCAACCAACG-E15S	Tumor	E15S	1	24716.0	-0.22938717661149022	0.9188404079693149	0.5695488170475342	0.13612126915257305	0.3276252892760942	0.007228891984003738	0.665145818739902	0.008721390161220689	0.08510823451962814	0.9061703753191512	0.008721390161220689	0.0	0.9927711080159962	reverted	reverted	reverted	reverted	reverted	0.9571433557645064	0.0	0.0	0.0	0.0	0.0	0.007228891984003738
AAGCTAGGTGAGCAGT-E15S	Tumor	E15S	1	27040.0	-0.33472556389389807	0.9325235992844706	-0.14974168274326075	0.2950565945822014	0.04458724060565405	0.02019824459168661	0.9352145148026594	0.008086548932850926	0.07979017386583621	0.9121232772013129	0.008086548932850926	0.0	0.9798017554083134	reverted	reverted	reverted	reverted	inducing	0.9984054239880026	0.0	0.0	0.0	0.0	0.0	0.02019824459168661
TGTGTACGTGCAGCCT-E15S	Tumor	E15S	1	24922.0	-0.046322402948811806	0.8889564238680432	0.3666678504011852	0.16622547740992388	0.13388757139313123	0.007478715534700131	0.8586337130721686	0.010521243813212514	0.0991230153706721	0.8903557408161155	0.010521243813212514	0.0	0.9925212844652999	reverted	reverted	reverted	reverted	inducing	0.8407462018511014	0.0	0.0	0.0	0.0	0.0	0.007478715534700131
TCCCTTAGTTATCTCT-E15S	Tumor	E15S	1	24990.0	0.3110667113150367	0.8027440176888249	0.34209665590624444	0.16054703323566802	0.12216790167052533	0.007511662499852428	0.8703204358296223	0.018382976009119475	0.15251782652976972	0.8290991974611107	0.018382976009119475	0.0	0.9924883375001476	reverted	reverted	reverted	reverted	reverted	0.7801052504301611	0.0	0.0	0.0	0.0	0.0	0.007511662499852428
TACCAGGCATAGACCG-E15S	Tumor	E15S	1	18516.0	0.8098520243074457	0.6128379418153362	0.6658960782186956	0.11541252839461474	0.5066776232062349	0.007000810071368065	0.486321566722397	0.054320966834063684	0.3316855315027703	0.613993501663166	0.054320966834063684	0.486321566722397	0.0	reverted	partial	reverted	transitioning_out	persistent	0.04630371469809193	0.0	0.0	0.0	0.5066776232062349	0.007000810071368065	0.0
GGGCCTATCCAACTTC-E15S	Tumor	E15S	1	25149.0	-0.06648958990945508	0.8926696449942141	0.21467116875560882	0.18408581482937245	0.07878462421559027	0.008527443612912527	0.9126879321714972	0.010270726919705429	0.09723515901431437	0.8924941140659803	0.010270726919705429	0.0	0.9914725563870875	reverted	reverted	reverted	reverted	memory	0.7594963706937545	0.0	0.0	0.0	0.0	0.0	0.008527443612912527
CAAAGCGAGCATGCCG-E15S	Tumor	E15S	1	10090.0	-0.7288099714487426	0.9668236305606236	1.268120808662473	0.10116128529369421	0.9970103954710158	0.0009028743059919677	0.0020867302229923205	0.0075656032145993025	0.07330473603469992	0.9191296607507006	0.0075656032145993025	0.0	0.9990971256940081	reverted	reverted	reverted	reverted	inducing	0.9958970288809557	0.0	0.0	0.0	0.0	0.0	0.0009028743059919677
TGCCGAACAACTAGAC-E15S	Tumor	E15S	1	23934.0	0.6435702487676016	0.6843971698517453	0.37260180570822643	0.15821144412058732	0.13780478555794037	0.007412671652452901	0.8547825427896066	0.037011327596017024	0.25453325722951914	0.708455415174464	0.037011327596017024	0.8547825427896067	0.0	reverted	partial	reverted	partial	inducing	0.8133096858163742	0.0	0.0	0.0	0.1378047855579404	0.007412671652452902	0.0
CACGGTTAGGTCAAGG-E15S	Tumor	E15S	1	26045.0	0.43259942939558454	0.7637687176209325	0.4667399503271552	0.14235847158004483	0.20779011598531988	0.007257564873749609	0.7849523191409306	0.023367172148271064	0.18242834185872822	0.7942044859930008	0.023367172148271064	0.0	0.9927424351262504	reverted	reverted	reverted	reverted	persistent	0.1109957463492324	0.0	0.0	0.0	0.0	0.0	0.007257564873749609
TGTGCCAGTCTCAGGC-E15S	Tumor	E15S	1	27527.0	0.44312099505416935	0.7601559627848782	0.516035222763132	0.1276152294462467	0.26503158117813386	0.007268857730733574	0.7276995610911325	0.02388118496649415	0.18538403318833346	0.7907347818451723	0.02388118496649415	0.0	0.9927311422692664	reverted	reverted	reverted	reverted	reverted	0.8221733536230903	0.0	0.0	0.0	0.0	0.0	0.007268857730733574
AGGCCATTCCGTGCGA-E15S	Tumor	E15S	1	22115.0	0.3846035551936476	0.7797683889952759	0.388767095583176	0.15594663924671406	0.1472852586821985	0.007366990845117553	0.845347750472684	0.021199839597610612	0.1697132275127344	0.809086932889655	0.021199839597610612	0.0	0.9926330091548825	reverted	reverted	reverted	reverted	reverted	0.8790857111694061	0.0	0.0	0.0	0.0	0.0	0.007366990845117553
CAGCAAAGTTCCTTCA-E15S	Tumor	E15S	1	18347.0	0.8132322520460422	0.6113185068665453	0.7635334559374861	0.10966075566567113	0.6937006590006133	0.006131523185891907	0.3001678178134948	0.054748587074238436	0.3334315068870513	0.6118199060387103	0.054748587074238436	0.3001678178134948	0.0	reverted	partial	reverted	transitioning_out	inducing	0.34488798936510484	0.0	0.0	0.0	0.6937006590006133	0.006131523185891907	0.0
GTGCTAATCACGTACA-E15S	Tumor	E15S	1	21149.0	-0.14705863805998376	0.9064325897037199	0.7105980383028558	0.12847062870243386	0.5700743826686478	0.006667234173765147	0.42325838315758707	0.009406805685629436	0.0905829601584538	0.9000102341559167	0.009406805685629436	0.0	0.9933327658262348	reverted	reverted	reverted	reverted	reverted	0.9742285258713753	0.0	0.0	0.0	0.0	0.0	0.006667234173765146
CTTATGGAGTCAAGCC-E15S	Tumor	E15S	1	23163.0	0.35735078367278367	0.7885005670077025	0.45704618579013356	0.13643127645533046	0.2011591697048343	0.0072533071443216905	0.791587523150844	0.02008945503242406	0.1630306721572437	0.8168798728103321	0.02008945503242406	0.0	0.9927466928556783	reverted	reverted	reverted	reverted	partial	0.3290600785418608	0.0	0.0	0.0	0.0	0.0	0.0072533071443216905
CCTGGTTCACCTCAGT-E15S	Tumor	E15S	1	17489.0	1.2064193840219508	0.4276354274993923	0.5871993832686925	0.12432121647339747	0.36335779608077884	0.007241860927834777	0.6294003429913865	0.12872447256048408	0.5532402646320105	0.3180352628075055	0.12872447256048408	0.6294003429913865	0.0	partial	partial	partial	partial	persistent	0.07696648886988477	0.0	0.0	0.0	0.36335779608077884	0.007241860927834777	0.0
AACGGATAGGATGCCT-E15S	Tumor	E15S	1	27784.0	0.3909031942072486	0.7777134792873545	-1.162554636761938	0.8052192514067571	0.053582034818879076	0.0784824170195017	0.8679355481616191	0.021468454473826448	0.17131213940200138	0.8072194061241721	0.021468454473826448	0.0	0.9215175829804982	reverted	reverted	reverted	reverted	memory	0.9988577639311786	0.0	0.0	0.0	0.0	0.0	0.0784824170195017
TCACGGGTCGATTAAC-E15S	Tumor	E15S	1	19910.0	0.14075609614431994	0.848894606595878	0.5207414872595224	0.14779393670087468	0.2592129335776342	0.007242138765257551	0.7335449276571082	0.013677248367963385	0.12172943760648124	0.8645933140255555	0.013677248367963385	0.0	0.9927578612347424	reverted	reverted	reverted	reverted	memory	0.9378502820219713	0.0	0.0	0.0	0.0	0.0	0.007242138765257551
ACTAATGCAGGCTTGA-E15S	Tumor	E15S	1	23727.0	0.5729587674119052	0.7125358599979952	0.41919289538221827	0.13685926603374352	0.17062815040995918	0.007261213874532701	0.8221106357155082	0.03157781005637669	0.2272625309809575	0.7411596589626658	0.03157781005637669	0.0	0.9927387861254674	reverted	reverted	reverted	reverted	partial	0.4597540668923595	0.0	0.0	0.0	0.0	0.0	0.007261213874532701
TCTATTGTCTGGTAAT-E15S	Tumor	E15S	1	20434.0	0.7055678325026059	0.6585148771901104	0.7851423159574046	0.10724155953349265	0.7336469451330041	0.005855644891501448	0.2604974099754943	0.04266075638622278	0.2812094880969581	0.6761297555168191	0.04266075638622278	0.26049740997549437	0.0	reverted	partial	reverted	transitioning_out	persistent	0.2708946978361346	0.0	0.0	0.0	0.7336469451330042	0.005855644891501449	0.0
CAGGAACGTCAATGTC-E15S	Tumor	E15S	1	23310.0	0.10923339474004266	0.8563912489639003	0.27275155923345284	0.18563483817780524	0.09506109938864506	0.008095417425611547	0.8968434831857435	0.013023472909390457	0.11720107989947118	0.8697754471911383	0.013023472909390457	0.0	0.9919045825743885	reverted	reverted	reverted	reverted	reverted	0.9817199849706644	0.0	0.0	0.0	0.0	0.0	0.008095417425611547
AACCCAGCATCCTTAG-E15S	Tumor	E15S	1	23144.0	-0.05190817511815721	0.8899959991710432	-0.2521867733883487	0.31041011697236215	0.04104361665916614	0.02630682701259808	0.9326495563282359	0.010450378304505485	0.09859067848294813	0.8909589432125463	0.010450378304505485	0.0	0.973693172987402	reverted	reverted	reverted	reverted	reverted	0.8208398559642943	0.0	0.0	0.0	0.0	0.0	0.02630682701259808
ATTCGGGCATGCTGCT-E15S	Tumor	E15S	1	28935.0	0.8733823369812465	0.5839438568602513	-1.5965631867046706	0.8874953045013135	0.05048194114659234	0.10374888557415995	0.8457691732792477	0.06292018838824971	0.36550813704625673	0.5715716745654935	0.06292018838824971	0.8457691732792477	0.0	reverted	partial	reverted	partial	partial	0.5995558642508726	0.0	0.0	0.0	0.05048194114659234	0.10374888557415995	0.0
TCTCACTAGTATGGAA-E15S	Tumor	E15S	1	20816.0	1.235367704948917	0.41427783764254855	0.6410931926471334	0.1292797989465616	0.4454020021267708	0.007080087225981767	0.5475179106472475	0.1360062540078363	0.5676239783963949	0.2963697675957689	0.1360062540078363	0.5475179106472475	0.0	partial	partial	partial	partial	persistent	0.003559011696695873	0.0	0.0	0.0	0.4454020021267708	0.007080087225981767	0.0
CACTGGGTCACGGATC-E15S	Tumor	E15S	1	25913.0	0.7613956861310623	0.6343658014778131	-0.1254595869989432	0.22047811875919	0.03950388951281245	0.017230041907093575	0.943266068580094	0.04854332012078035	0.307390329298736	0.6440663505804837	0.04854332012078035	0.943266068580094	0.0	reverted	partial	reverted	partial	persistent	0.0302977504347775	0.0	0.0	0.0	0.03950388951281245	0.017230041907093575	0.0
GTAATCACATAACCGG-E15S	Tumor	E15S	1	24358.0	0.62144744247855	0.693372918556902	0.18715480132990428	0.1731623971474573	0.07176411663974579	0.008630769742154546	0.9196051136180997	0.035201020100592596	0.2456345125137001	0.7191644673857072	0.035201020100592596	0.9196051136180997	0.0	reverted	partial	reverted	partial	persistent	0.11733784479811271	0.0	0.0	0.0	0.07176411663974579	0.008630769742154546	0.0
CAGTACGCATGAAGTC-E15S	Tumor	E15S	1	23166.0	0.6100349764902275	0.6979471156747523	0.2754688898403984	0.16726746407049828	0.09554920101762976	0.007867037333358286	0.8965837616490119	0.034306698455349095	0.24117110582633228	0.7245221957183186	0.034306698455349095	0.896583761649012	0.0	reverted	partial	reverted	partial	partial	0.36955954146165254	0.0	0.0	0.0	0.09554920101762977	0.007867037333358287	0.0
ACAGCCCGTGGCCATC-E15S	Tumor	E15S	1	25433.0	-0.8031445965549672	0.971052732945061	0.3528812276993037	0.1958399196251901	0.12518115799399865	0.0077707247496873804	0.867048117256314	0.007765127158380661	0.0741947056371083	0.9180401672045111	0.007765127158380661	0.0	0.9922292752503127	reverted	reverted	reverted	reverted	inducing	0.9981221062165392	0.0	0.0	0.0	0.0	0.0	0.0077707247496873804
ATGCCAGCAATTAGGC-E15S	Tumor	E15S	1	26780.0	0.0239254639067882	0.8751339747853364	0.10976545107153918	0.21826191218584254	0.06134480881718442	0.010460711651701095	0.9281944795311146	0.01151669211524834	0.10647179721098377	0.8820115106737678	0.01151669211524834	0.0	0.989539288348299	reverted	reverted	reverted	reverted	inducing	0.9560176651757021	0.0	0.0	0.0	0.0	0.0	0.010460711651701095
GTGGGCAGTAAGCGAC-E15S	Tumor	E15S	1	20712.0	0.19054639292620829	0.836401961282438	0.24538145557038749	0.16764912913176053	0.0861716845774805	0.008062653076784602	0.9057656623457349	0.014833225164811836	0.12957059454487	0.8555961802903183	0.014833225164811836	0.0	0.9919373469232154	reverted	reverted	reverted	reverted	reverted	0.9350890345978005	0.0	0.0	0.0	0.0	0.0	0.008062653076784604
TGATTGGTCCCCAGAG-E15S	Tumor	E15S	1	27148.0	1.065973307912873	0.4935955120574134	0.10724085130757866	0.17236078652386252	0.057141857994426726	0.009617691744438689	0.9332404502611344	0.09673179956386295	0.47594680819646357	0.42732139223967336	0.09673179956386295	0.9332404502611346	0.0	partial	partial	partial	partial	persistent	0.10154332695799849	0.0	0.0	0.0	0.05714185799442673	0.00961769174443869	0.0
CGGATCACAGGATCGC-E15S	Tumor	E15S	1	16993.0	1.0232239799747291	0.5138243815432705	0.4147910364271622	0.14634845066852975	0.16558376168938646	0.007291579227910594	0.8271246590827028	0.08819434875767226	0.4511068437628036	0.4606988074795243	0.08819434875767226	0.8271246590827029	0.0	reverted	partial	reverted	partial	persistent	0.03858281683616288	0.0	0.0	0.0	0.1655837616893865	0.007291579227910595	0.0
TCCAACTTCCCTGGAG-E15S	Tumor	E15S	1	29439.0	1.0998625985249537	0.4775708297560476	-1.4699631034645138	0.8536847229791954	0.050567872733900614	0.09838158777878869	0.8510505394873106	0.10391150644334944	0.49539798023463827	0.40069051332201233	0.10391150644334944	0.8510505394873107	0.0	partial	partial	partial	partial	partial	0.6580938074043052	0.0	0.0	0.0	0.05056787273390062	0.0983815877787887	0.0
CACAATTAGATTCACG-E15S	Tumor	E15S	1	24210.0	-0.14349189173830482	0.9058583282182745	0.20823658450850957	0.21760754861701734	0.07937023313636432	0.009123299753265438	0.9115064671103702	0.009440754028867756	0.09084903000505024	0.8997102159660821	0.009440754028867756	0.0	0.9908767002467346	reverted	reverted	reverted	reverted	persistent	0.21922294911301282	0.0	0.0	0.0	0.0	0.0	0.00912329975326544
TCGTTCCGTCTTGACG-E15S	Tumor	E15S	1	17631.0	0.35863810790046535	0.7880938522833658	0.8366197229301559	0.11756139471899976	0.7968951029422865	0.005196274825212545	0.1979086222325009	0.020140070029038764	0.16333790594032363	0.8165220240306376	0.020140070029038764	0.0	0.9948037251747874	reverted	reverted	reverted	reverted	persistent	0.16836960718165306	0.0	0.0	0.0	0.0	0.0	0.005196274825212545
GCAGGATGTTGGTTCG-E15S	Tumor	E15S	1	26749.0	0.02283736784339947	0.8753588988557816	0.5121144204590605	0.1490881628890249	0.24920191947864492	0.007245523207524337	0.7435525573138309	0.011499706974489713	0.10634828989460086	0.8821520031309094	0.011499706974489713	0.0	0.9927544767924757	reverted	reverted	reverted	reverted	reverted	0.9869051222702897	0.0	0.0	0.0	0.0	0.0	0.007245523207524337
CTCACATTCACAGCAC-E15S	Tumor	E15S	1	20218.0	-0.37002341075493334	0.9366088052930582	0.8097432835961546	0.1361873124440981	0.7285010115753733	0.005640200265114355	0.2658587881595124	0.007926966827993353	0.07838800534867695	0.9136850278233296	0.007926966827993353	0.0	0.9943597997348856	reverted	reverted	reverted	reverted	inducing	0.6897817267807798	0.0	0.0	0.0	0.0	0.0	0.005640200265114355
CGTTGGGTCTAACTGG-E15S	Tumor	E15S	1	26734.0	-0.1403044324738346	0.905342463377871	0.2547689979399653	0.18628239631542623	0.08960704774908415	0.008229144936011115	0.9021638073149046	0.00947141065448943	0.09108893877072874	0.8994396505747818	0.00947141065448943	0.0	0.9917708550639889	reverted	reverted	reverted	reverted	inducing	0.9676594741341266	0.0	0.0	0.0	0.0	0.0	0.008229144936011117
TGCACCCTCACACCGG-E15S	Tumor	E15S	1	20919.0	0.4905556584209067	0.7434034192859691	0.7252528598693554	0.11391659818485007	0.6187131392055654	0.00654809168689117	0.3747387691075434	0.026388690935119537	0.19949817423530988	0.7741131348295706	0.026388690935119537	0.0	0.9934519083131088	reverted	reverted	reverted	reverted	inducing	0.9118285799939958	0.0	0.0	0.0	0.0	0.0	0.00654809168689117
TATGCTAGTGGCGTGA-E15S	Tumor	E15S	1	36101.0	1.1311666875174473	0.46280873596102673	-0.19724270511064504	0.2054483059392454	0.03524873272024507	0.02077010732178754	0.9439811599579674	0.11085794759475323	0.5130216939147801	0.3761203584904666	0.11085794759475323	0.9439811599579674	0.0	partial	partial	partial	partial	partial	0.6115322543196207	0.0	0.0	0.0	0.03524873272024507	0.02077010732178754	0.0
GCGCTAACAATCAATG-E15S	Tumor	E15S	1	24303.0	-0.7571132953377536	0.9684999935820116	0.5892363652047534	0.1649333928453714	0.3294133427215553	0.007136877782341328	0.6634497794961034	0.0076299356502038925	0.07356505380192607	0.9188050105478701	0.0076299356502038925	0.0	0.9928631222176587	reverted	reverted	reverted	reverted	inducing	0.9997534574745898	0.0	0.0	0.0	0.0	0.0	0.007136877782341328
TGCGACCGTCCATCCT-E15S	Tumor	E15S	1	12859.0	-0.010430069517928475	0.8820695508297838	1.0765950637883392	0.11025608710411133	0.9759208548137156	0.002145331272729343	0.02193381391355515	0.01100489876445335	0.10272247433960295	0.8862726268959435	0.01100489876445335	0.0	0.9978546687272706	reverted	reverted	reverted	reverted	reverted	0.9960942176345676	0.0	0.0	0.0	0.0	0.0	0.0021453312727293425
TACTCATCAATCGTCC-E15S	Tumor	E15S	1	27436.0	-0.22655813818719978	0.9184401144582263	-0.14842468741547502	0.3122504153635818	0.04626890154462058	0.020572606688869278	0.9331584917665101	0.008741995599374492	0.08527609937910603	0.9059819050215195	0.008741995599374492	0.0	0.9794273933111307	reverted	reverted	reverted	reverted	reverted	0.9790957234669952	0.0	0.0	0.0	0.0	0.0	0.020572606688869278
TAAACGAAGTTGCAGC-E15S	Tumor	E15S	1	25762.0	0.5497421370580645	0.7214538644357964	0.11589537488199603	0.1818545966660591	0.05920999558141924	0.00965600629611263	0.9311339981224681	0.02999927459466542	0.21900774182507068	0.7509929835802638	0.02999927459466542	0.0	0.9903439937038874	reverted	reverted	reverted	reverted	reverted	0.7576363116395382	0.0	0.0	0.0	0.0	0.0	0.00965600629611263
ACTGCAATCTGGCCGA-E15S	Tumor	E15S	1	21584.0	0.5574354234802129	0.7185175780084087	0.3814433423366186	0.1479110472410897	0.14396945134889455	0.007339807140089558	0.8486907415110159	0.030511683174932074	0.2217048135408051	0.7477835032842628	0.030511683174932074	0.0	0.9926601928599105	reverted	reverted	reverted	reverted	partial	0.5863331872962928	0.0	0.0	0.0	0.0	0.0	0.007339807140089559
CTTAGCGGTTAATTCG-E15S	Tumor	E15S	1	26517.0	-0.13819769069493462	0.9050001160176747	0.33573939751890136	0.1677262361535636	0.11891857406012123	0.007589892547966508	0.8734915333919123	0.009491839066573173	0.09124861630726334	0.8992595446261636	0.009491839066573173	0.0	0.9924101074520335	reverted	reverted	reverted	reverted	reverted	0.9922506875033587	0.0	0.0	0.0	0.0	0.0	0.007589892547966508
ACAGTTACAACATCGG-E15S	Tumor	E15S	1	23331.0	-0.05284215465840967	0.8901689887320717	0.5344359891609802	0.14948935756913714	0.2736422353337571	0.007232294072707855	0.7191254705935349	0.010438640894221467	0.09850238059249983	0.8910589785132788	0.010438640894221467	0.0	0.9927677059272921	reverted	reverted	reverted	reverted	inducing	0.97528693314388	0.0	0.0	0.0	0.0	0.0	0.007232294072707856
TACCTCACACTCAACC-E15S	Tumor	E15S	1	17137.0	-0.1756576484341581	0.9109245894931604	1.22914493927112	0.0898041783278931	0.9962104445623436	0.0010336339574063946	0.002755921480250024	0.009147857896610725	0.0885388720409597	0.9023132700624296	0.009147857896610725	0.0	0.9989663660425937	reverted	reverted	reverted	reverted	inducing	0.3719126802838709	0.0	0.0	0.0	0.0	0.0	0.0010336339574063946
ATGCATTAGGTGAACG-E15S	Tumor	E15S	1	22908.0	0.37350271668804746	0.7833561599485332	0.46627261416151444	0.14753900557133734	0.20558910688418972	0.0072629737943998955	0.7871479193214104	0.02073757175437739	0.16694567222490217	0.8123167560207205	0.02073757175437739	0.0	0.9927370262056001	reverted	reverted	reverted	reverted	inducing	0.960110840620502	0.0	0.0	0.0	0.0	0.0	0.0072629737943998955
GGAGAAGGTGAAGGAG-E15S	Tumor	E15S	1	24481.0	-0.25946381946828745	0.9229865526554537	0.1643466484759314	0.22707152889494708	0.0711473478579801	0.009824819425783178	0.9190278327162368	0.00851435370391794	0.08340758438047581	0.9080780619156062	0.00851435370391794	0.0	0.9901751805742167	reverted	reverted	reverted	reverted	inducing	0.980582881312176	0.0	0.0	0.0	0.0	0.0	0.009824819425783176
GTTGCTGGTAACGCGG-E15S	Tumor	E15S	1	10312.0	0.3684089217699775	0.7849882499567891	0.9656852327225474	0.11199361719874953	0.9301058137739615	0.003366751416972886	0.06652743480906573	0.020530087376495	0.16569681862602112	0.8137730939974839	0.020530087376495	0.0	0.996633248583027	reverted	reverted	reverted	reverted	reverted	0.9736293938527744	0.0	0.0	0.0	0.0	0.0	0.0033667514169728853
TGCAGTCAGTATCTCC-E15S	Tumor	E15S	1	25595.0	-0.18139708986560701	0.9118023101739647	0.1822097599844713	0.21686448096747127	0.07378321413732489	0.009405710120334232	0.9168110757423409	0.009098654546836532	0.08814738349676723	0.9027539619563961	0.009098654546836532	0.0	0.9905942898796658	reverted	reverted	reverted	reverted	reverted	0.9976053160360291	0.0	0.0	0.0	0.0	0.0	0.009405710120334232
CAGCTAATCCAGATAT-E15S	Tumor	E15S	1	26162.0	-0.3451194011498166	0.9337512609253876	0.04972403888846308	0.23250573862033982	0.05480450412962564	0.01192383454108422	0.93327166132929	0.008036955254437055	0.07935848449613234	0.9126045602494307	0.008036955254437055	0.0	0.9880761654589157	reverted	reverted	reverted	reverted	inducing	0.934743769671911	0.0	0.0	0.0	0.0	0.0	0.011923834541084222
GTGCATATCCATCGGG-E15S	Tumor	E15S	1	24816.0	-0.5075086527724312	0.9504155104470021	0.6150616534216273	0.15542424032773366	0.37436992901984284	0.007093577560628489	0.6185364934195287	0.007528668071467463	0.07455298207316736	0.9179183498553651	0.007528668071467463	0.0	0.9929064224393715	reverted	reverted	reverted	reverted	inducing	0.9864660085014838	0.0	0.0	0.0	0.0	0.0	0.007093577560628489
TCGCGCAAGGCGTAGA-E15S	Tumor	E15S	1	25302.0	0.3709274818481752	0.7841824024568048	0.46593656463600586	0.14314315596373942	0.2068017519085516	0.007258425525978443	0.7859398225654699	0.020632315296889202	0.16631265219396799	0.8130550325091428	0.020632315296889202	0.0	0.9927415744740216	reverted	reverted	reverted	reverted	reverted	0.7908418951081642	0.0	0.0	0.0	0.0	0.0	0.007258425525978443
ACCTGGACATGACCAG-E15S	Tumor	E15S	1	14798.0	1.453941779803617	0.3186239806479711	1.1512058188712162	0.08435007902344512	0.9920122028133251	0.0014394769707581818	0.006548320215916639	0.19679981647784223	0.6473573580498646	0.1558428254722932	0.19679981647784223	0.006548320215916639	0.0	partial	partial	transitioning_out	transitioning_out	persistent	0.0005316862011092305	0.0	0.0	0.0	0.9920122028133251	0.0014394769707581818	0.0
ACCAATTAGCGGTCTG-E15S	Tumor	E15S	1	9761.0	-0.24617135133782173	0.9211786400381262	0.7220855785165399	0.1600381698334579	0.540106358270089	0.006558434551078269	0.4533352071788327	0.008603176375050519	0.08414044777726647	0.907256375847683	0.008603176375050519	0.0	0.9934415654489217	reverted	reverted	reverted	reverted	reverted	0.9961573251687253	0.0	0.0	0.0	0.0	0.0	0.006558434551078269
AGCCGTTAGGCGTCTG-E15S	Tumor	E15S	1	19792.0	0.1427843275073603	0.8484014119094773	0.45047293179143555	0.16172997880209186	0.18813673319573218	0.007302847195048745	0.8045604196092192	0.013721298935834018	0.12203202485185669	0.8642466762123093	0.013721298935834018	0.0	0.9926971528049512	reverted	reverted	reverted	reverted	reverted	0.997523433202225	0.0	0.0	0.0	0.0	0.0	0.007302847195048743
AAGCAACAGGCGTAGA-E15S	Tumor	E15S	1	12360.0	-0.9140400325642154	0.976405098177896	0.8728911226860194	0.14087434467267942	0.8107971785785439	0.004839988053767658	0.18436283336768833	0.008258013728919511	0.07679883835857694	0.9149431479125035	0.008258013728919511	0.0	0.9951600119462324	reverted	reverted	reverted	reverted	inducing	0.9999113035878497	0.0	0.0	0.0	0.0	0.0	0.004839988053767659
GTTCATTCATCCAATT-E15S	Tumor	E15S	1	15950.0	-0.4463462835147354	0.9446653546143768	0.25256635794461924	0.22769963675984428	0.09079346986257197	0.00885267984792425	0.9003538502895038	0.007663815247784527	0.07595149581656471	0.9163846889356508	0.007663815247784527	0.0	0.9911473201520757	reverted	reverted	reverted	reverted	inducing	0.9997254837286821	0.0	0.0	0.0	0.0	0.0	0.00885267984792425
AATCGCATCCCTCGAC-E15S	Tumor	E15S	1	13848.0	-0.02626610878989595	0.8851526134848637	0.9342472690006355	0.11929687303191898	0.9014990121315305	0.003836481271226709	0.09466450659724288	0.010785341569026854	0.10109559713572912	0.8881190612952439	0.010785341569026854	0.0	0.9961635187287734	reverted	reverted	reverted	reverted	inducing	0.6193389969945758	0.0	0.0	0.0	0.0	0.0	0.003836481271226709
CAATTTCCACTAGGCA-E15S	Tumor	E15S	1	22598.0	1.039989759365513	0.5058925907642221	0.5544507171964025	0.11226796330710953	0.32461397439340656	0.007309900979984731	0.6680761246266087	0.0914727778907984	0.46087121159565914	0.4476560105135426	0.0914727778907984	0.6680761246266087	0.0	partial	partial	reverted	partial	persistent	0.22288162658515903	0.0	0.0	0.0	0.32461397439340656	0.007309900979984731	0.0
GGTTAGCTCGCTCGTC-E15S	Tumor	E15S	1	20286.0	-0.36060909790376056	0.9355423506054661	0.4338190538030704	0.18051304552209058	0.17143313706935073	0.007401496507658219	0.8211653664229911	0.007967096920682344	0.07874438746519584	0.9132885156141218	0.007967096920682344	0.0	0.9925985034923418	reverted	reverted	reverted	reverted	memory	0.9860364201243526	0.0	0.0	0.0	0.0	0.0	0.007401496507658219
ACTTCTATCCATAGAT-E15S	Tumor	E15S	1	20428.0	-0.060143276633963	0.8915130832654743	0.5205999484668243	0.16085967055911768	0.2518251281351982	0.0072370201558081	0.7409378517089936	0.010347978597976922	0.09781911256649788	0.8918329088355251	0.010347978597976922	0.0	0.9927629798441919	reverted	reverted	reverted	reverted	inducing	0.8748701058862743	0.0	0.0	0.0	0.0	0.0	0.007237020155808101
TCGAATGTCCATTGAG-E15S	Tumor	E15S	1	19873.0	-0.1718351617244169	0.9103356601347542	0.6939219629227161	0.13768237086305082	0.5262591514975837	0.006777745096095054	0.4669631034063211	0.009181131059216975	0.08880303077878211	0.9020158381620009	0.009181131059216975	0.0	0.9932222549039049	reverted	reverted	reverted	reverted	inducing	0.865604727256255	0.0	0.0	0.0	0.0	0.0	0.006777745096095055
CGGTTATGTTAGGGTA-E15S	Tumor	E15S	1	20991.0	0.06473916828726865	0.866443127937602	0.5330545686578992	0.13993815884212074	0.27797131791660057	0.007246283733348846	0.7147823983500506	0.012192860761388584	0.11134031288974001	0.8764668263488715	0.012192860761388584	0.0	0.9927537162666512	reverted	reverted	reverted	reverted	inducing	0.5825252234224855	0.0	0.0	0.0	0.0	0.0	0.007246283733348846
GTATTGGTCGTTCCTG-E15S	Tumor	E15S	1	22911.0	0.6564935161871719	0.6790889504429776	0.27036255009583277	0.1472139938003452	0.09347915527060201	0.007691603659173395	0.8988292410702245	0.03811721279028013	0.25988255150414186	0.702000235705578	0.03811721279028013	0.8988292410702245	0.0	reverted	partial	reverted	partial	partial	0.4873361536355339	0.0	0.0	0.0	0.09347915527060201	0.007691603659173395	0.0
CTTATGGAGGAATGGT-E15S	Tumor	E15S	1	14961.0	1.503794265584276	0.29849371491844123	0.4960944265771079	0.13284697308108503	0.2402160589775782	0.0072582265671146725	0.7525257144553072	0.21178586892698295	0.6571716854527517	0.13104244562026526	0.21178586892698295	0.0	0.0	partial	persistent	partial	persistent	partial	0.3501767501961176	0.7525257144553072	0.2402160589775782	0.0072582265671146725	0.0	0.0	0.0
AAGCAATGTCAACCTG-E15S	Tumor	E15S	1	14265.0	-0.47182180402885504	0.9471330181947623	1.0491741588689252	0.12241574928282016	0.9631569125946418	0.002493609724911847	0.03434947768044644	0.007599597525011546	0.07531090558792065	0.9170894968870679	0.007599597525011546	0.0	0.9975063902750883	reverted	reverted	reverted	reverted	inducing	0.9922997624258844	0.0	0.0	0.0	0.0	0.0	0.002493609724911847
AGTTTCAGTTCGTCCT-E15S	Tumor	E15S	1	12767.0	0.37624111056390613	0.7824750614252531	0.8961008298963501	0.11334970049326148	0.8730544162474941	0.004322045980420911	0.12262353777208503	0.020850310200763493	0.16762250586758531	0.8115271839316511	0.020850310200763493	0.0	0.9956779540195791	reverted	reverted	reverted	reverted	persistent	0.09499166319074173	0.0	0.0	0.0	0.0	0.0	0.004322045980420911
GCGTTTGGTTAATCTG-E15S	Tumor	E15S	1	18725.0	-0.20477921714126476	0.915297834976285	0.375786095552919	0.18067873471303017	0.13725809099061234	0.007554146237373149	0.8551877627720146	0.008907371796466805	0.0866151679211601	0.9044774602823732	0.008907371796466805	0.0	0.992445853762627	reverted	reverted	reverted	reverted	reverted	0.9817566839962538	0.0	0.0	0.0	0.0	0.0	0.007554146237373149
GGATGCTTCGTCTATC-E15S	Tumor	E15S	1	21304.0	0.056102889515021265	0.8683238066731949	0.5163657668967137	0.15093380439090406	0.2527445751949258	0.007242457285487432	0.7400129675195868	0.012043250709455576	0.11027098361480782	0.8776857656757366	0.012043250709455576	0.0	0.9927575427145126	reverted	reverted	reverted	reverted	reverted	0.976583627628973	0.0	0.0	0.0	0.0	0.0	0.007242457285487432
AATGACAAGAATCGCC-E15S	Tumor	E15S	1	14145.0	0.3333216299086622	0.7959874079380462	1.0051736432648757	0.1018089866866186	0.9564585826700962	0.0028160030233980483	0.04072541430650577	0.019176601346483413	0.1574450243956383	0.8233783742578782	0.019176601346483413	0.0	0.997183996976602	reverted	reverted	reverted	reverted	inducing	0.7377221300396094	0.0	0.0	0.0	0.0	0.0	0.0028160030233980483
TGCCTTTAGTTACGGC-E15S	Tumor	E15S	1	19807.0	0.16176018590681285	0.8437229175288935	0.5685556026768678	0.14235815321108033	0.3212389953386523	0.0072143656546714485	0.6715466390066763	0.014145611292330698	0.12493095631025304	0.8609234323974163	0.014145611292330698	0.0	0.9927856343453286	reverted	reverted	reverted	reverted	inducing	0.6945592100296474	0.0	0.0	0.0	0.0	0.0	0.0072143656546714485
ATGACCCAGCCGCAAT-E15S	Tumor	E15S	1	15873.0	1.423662706602625	0.3311962077783906	0.5020591230204579	0.1265922928562586	0.24962156958603693	0.007266498615517726	0.7431119317984454	0.1878698974573236	0.6398043498754419	0.1723257526672345	0.1878698974573236	0.7431119317984454	0.0	partial	partial	partial	partial	persistent	0.00016299224585925108	0.0	0.0	0.0	0.24962156958603693	0.007266498615517726	0.0
GCGATGAAGAAGGTTA-E15S	Tumor	E15S	1	22680.0	0.37405787525822154	0.7831777424442331	0.333319602560904	0.15362184949819702	0.11843281406376416	0.007488390147697084	0.8740787957885388	0.02076035945421109	0.16708257836815443	0.8121570621776344	0.02076035945421109	0.0	0.9925116098523029	reverted	reverted	reverted	reverted	reverted	0.7134853249962035	0.0	0.0	0.0	0.0	0.0	0.007488390147697084
CCAGTTGGTAATCCAC-E15S	Tumor	E15S	1	9733.0	-1.355920976951469	0.989640058367414	1.0376582456125218	0.1334775010633279	0.9526268283479342	0.002701898907079268	0.044671272744986466	0.01373333094191209	0.10650359996377796	0.8797630690943099	0.01373333094191209	0.0	0.9972981010929207	reverted	reverted	reverted	reverted	reverted	0.9997726843092304	0.0	0.0	0.0	0.0	0.0	0.002701898907079268
GTTCGTTTCGAGTCTA-E15S	Tumor	E15S	1	13363.0	1.0712484094408992	0.49109945979635117	1.0194567811376578	0.09548913082885656	0.964629193670831	0.0026160288573286866	0.032754777471840475	0.09782569398422401	0.4789935259036321	0.42318078011214394	0.09782569398422401	0.03275477747184047	0.0	partial	partial	transitioning_out	transitioning_out	partial	0.36892881615759304	0.0	0.0	0.0	0.9646291936708308	0.002616028857328686	0.0
TCGTCAAAGGAGTAGT-E15S	Tumor	E15S	1	22876.0	0.6300883015255356	0.6898840383954649	0.3368259985671915	0.17186393610301018	0.11922601316095426	0.007620438524737372	0.8731535483143085	0.03589588676876816	0.24907145550583354	0.7150326577253983	0.03589588676876816	0.8731535483143085	0.0	reverted	partial	reverted	partial	reverted	0.977992796021348	0.0	0.0	0.0	0.11922601316095426	0.007620438524737372	0.0
TATGCTAGTTCACTCC-E15S	Tumor	E15S	1	20538.0	1.0911395160286934	0.48169248532375014	0.5280900258110538	0.12126641373794325	0.28328430834227886	0.0072842017149383235	0.7094314899427828	0.10202920412045868	0.4904219849771746	0.4075488109023666	0.10202920412045868	0.7094314899427828	0.0	partial	partial	reverted	partial	persistent	0.04359592083946095	0.0	0.0	0.0	0.28328430834227886	0.0072842017149383235	0.0
GCGGTTACAATGACGT-E15S	Tumor	E15S	1	19031.0	0.12230241886719188	0.8533214786030001	0.32178740057097854	0.19039199098118972	0.11241401837119719	0.007863983267833241	0.8797219983609695	0.01328761248981602	0.1190392331269528	0.8676731543832313	0.01328761248981602	0.0	0.9921360167321668	reverted	reverted	reverted	reverted	inducing	0.5612765740941453	0.0	0.0	0.0	0.0	0.0	0.007863983267833243
ACAACCTGTGCAACCC-E15S	Tumor	E15S	1	22607.0	0.12273684605050092	0.8532185092759176	0.44391887561858434	0.1513870757849268	0.18590562119875803	0.007282208324478487	0.8068121704767635	0.013296558151114218	0.1191012792184869	0.8676021626303989	0.013296558151114218	0.0	0.9927177916755215	reverted	reverted	reverted	reverted	reverted	0.9757568174637665	0.0	0.0	0.0	0.0	0.0	0.0072822083244784876
ATTACGTAGCCATGAC-E15S	Tumor	E15S	1	21775.0	0.4432395858888617	0.7601150278963802	0.16177293405512289	0.2207748572363423	0.07015932649583229	0.009737346653799774	0.9201033268503679	0.023887062317742996	0.18541770200786317	0.7906952356743937	0.023887062317742996	0.0	0.9902626533462002	reverted	reverted	reverted	reverted	inducing	0.9611995144244935	0.0	0.0	0.0	0.0	0.0	0.009737346653799774
TCTATTGTCATCTACC-E15S	Tumor	E15S	1	13198.0	0.08420755571713202	0.8621202056789007	1.410502124144125	0.08800399903268614	0.9993059140339703	0.0004547897922074788	0.0002392961738222427	0.012543662883072687	0.11383092406659641	0.8736254130503308	0.012543662883072687	0.0	0.9995452102077925	reverted	reverted	reverted	reverted	inducing	0.9804676862342149	0.0	0.0	0.0	0.0	0.0	0.0004547897922074788
ACCCTCATCGATGATT-E15S	Tumor	E15S	1	18224.0	-0.13684354310088248	0.9047794811696149	0.8212709721086551	0.11606640742039684	0.777161382141524	0.005402062901239565	0.21743655495723643	0.009505039906855344	0.09135172044811977	0.8991432396450247	0.009505039906855344	0.0	0.9945979370987604	reverted	reverted	reverted	reverted	reverted	0.8781861747204046	0.0	0.0	0.0	0.0	0.0	0.005402062901239565
AGCACGTTCCCGTAGG-E15S	Tumor	E15S	1	20012.0	-0.609815618049627	0.9587865506602079	0.8737399802074646	0.12030007698804925	0.8405917449930108	0.004687888959485787	0.1547203660475034	0.007444453953875415	0.07324980450204756	0.9193057415440771	0.007444453953875415	0.0	0.9953121110405142	reverted	reverted	reverted	reverted	inducing	0.9962847913743211	0.0	0.0	0.0	0.0	0.0	0.004687888959485787
CTATCGCCAAACCACG-E15S	Tumor	E15S	1	13148.0	0.5159669673781457	0.7341197728054798	0.6060467636929686	0.14203301488074066	0.37490461681910375	0.007150547662312382	0.6179448355185838	0.027869359685374483	0.20760923740635218	0.7645214029082734	0.027869359685374483	0.0	0.9928494523376876	reverted	reverted	reverted	reverted	persistent	0.18049490177495744	0.0	0.0	0.0	0.0	0.0	0.007150547662312382
GGGTTGAAGGTTCACA-E15S	Tumor	E15S	1	22592.0	-0.04681559955559665	0.8890485582562412	0.4869699610543716	0.15832457056192606	0.22010598034004428	0.0072632948797269215	0.7726307247802288	0.010514940397709999	0.09907571763214829	0.8904093419701418	0.010514940397709999	0.0	0.9927367051202731	reverted	reverted	reverted	reverted	reverted	0.8480653305409559	0.0	0.0	0.0	0.0	0.0	0.007263294879726922
CAGCGCATCAGGACGA-E15S	Tumor	E15S	1	23140.0	0.7730862542602918	0.6292172706099207	0.049393331299247445	0.21143521325263656	0.05282848724097643	0.011448870371773607	0.9357226423872501	0.04987807182289805	0.3131226859368696	0.6369992422402324	0.04987807182289805	0.9357226423872499	0.0	reverted	partial	reverted	partial	inducing	0.3430289172199944	0.0	0.0	0.0	0.05282848724097641	0.011448870371773605	0.0
GTTCCACCACTTGATT-E15S	Tumor	E15S	1	17998.0	1.448740804375899	0.3207654327585094	0.6028506027408549	0.11782204553699244	0.39411877911407006	0.007235682488809527	0.5986455383971204	0.19525631992009385	0.6461454336371649	0.15859824644274126	0.19525631992009385	0.5986455383971204	0.0	partial	partial	partial	partial	persistent	0.03179344868908159	0.0	0.0	0.0	0.39411877911407006	0.007235682488809527	0.0
AGGTTGCTCACCCTAT-E15S	Tumor	E15S	1	17103.0	-0.7335721436505592	0.9671115956294026	0.7218140504706121	0.15082123343003895	0.554724322788824	0.006563241080617386	0.43871243613055855	0.007575447290845904	0.07334183782732644	0.9190827148818276	0.007575447290845904	0.0	0.9934367589193827	reverted	reverted	reverted	reverted	inducing	0.9995339510931623	0.0	0.0	0.0	0.0	0.0	0.006563241080617387
GCTTTGGGTTGAATGG-E15S	Tumor	E15S	1	24425.0	-0.12341760694025634	0.9025670433358164	0.45183392882785667	0.16023796513278532	0.18962145605340563	0.007297341856637601	0.8030812020899568	0.009638927608124475	0.09239399339495195	0.8979670789969236	0.009638927608124475	0.0	0.9927026581433624	reverted	reverted	reverted	reverted	partial	0.4815461653821813	0.0	0.0	0.0	0.0	0.0	0.007297341856637601
TCACTTATCGCTAGAC-E15S	Tumor	E15S	1	17463.0	-0.8884450468633341	0.9752626288856453	0.538535614305063	0.20404956840919306	0.24558643685846457	0.007263096255890418	0.7471504668856451	0.008121985940351927	0.07605695878521399	0.9158210552744341	0.008121985940351927	0.0	0.9927369037441095	reverted	reverted	reverted	reverted	reverted	0.9962238658697655	0.0	0.0	0.0	0.0	0.0	0.007263096255890417
CGTTTCCGTCTAAGCT-E15S	Tumor	E15S	1	15519.0	-0.3128590887547162	0.9298716857471666	0.7896548655025958	0.13717013437583414	0.6944889419624901	0.005886056254097249	0.2996250017834125	0.008198183468871877	0.08075085839322449	0.9110509581379036	0.008198183468871877	0.0	0.9941139437459028	reverted	reverted	reverted	reverted	reverted	0.9201954949722743	0.0	0.0	0.0	0.0	0.0	0.005886056254097251
AACACCGCAATCAGTA-E15S	Tumor	E15S	1	24171.0	0.30662605955804567	0.8040718186797512	-0.15676906182721137	0.25761726447805416	0.04090957314692456	0.019616503942625627	0.9394739229104498	0.018230319014009552	0.15156218862930357	0.8302074923566869	0.018230319014009552	0.0	0.9803834960573744	reverted	reverted	reverted	reverted	memory	0.8173311363985329	0.0	0.0	0.0	0.0	0.0	0.019616503942625627
GTGCCTAGTATAGCCT-E15S	Tumor	E15S	1	18506.0	-0.8098860211126155	0.9714093306981845	0.5239333429295803	0.19752814837647484	0.23576749315032342	0.007279507112871659	0.7569529997368049	0.007788193501426504	0.07430864039798112	0.9179031661005922	0.007788193501426504	0.0	0.9927204928871284	reverted	reverted	reverted	reverted	reverted	0.9928677607860251	0.0	0.0	0.0	0.0	0.0	0.00727950711287166
CCTGGCAAGTACGCTA-E15S	Tumor	E15S	1	17759.0	-0.28819110907591633	0.9267645361172769	0.39659047649764834	0.17417727340300465	0.14938998241639972	0.007451417707203866	0.8431585998763965	0.00833636475861194	0.08192223549242394	0.9097413997489642	0.00833636475861194	0.0	0.9925485822927962	reverted	reverted	reverted	reverted	inducing	0.9591558867370455	0.0	0.0	0.0	0.0	0.0	0.007451417707203866
GGCAATTCATCGGTTC-E15S	Tumor	E15S	1	21154.0	-0.6702139997298922	0.9630751667101548	0.19985213837335775	0.2336534582060085	0.0786752559991767	0.009504880095911813	0.9118198639049115	0.007476263425267511	0.07306846085858038	0.9194552757161519	0.007476263425267511	0.0	0.9904951199040882	reverted	reverted	reverted	reverted	inducing	0.9991806829411847	0.0	0.0	0.0	0.0	0.0	0.009504880095911813
AGCAAATGTTGGCTTG-E15S	Tumor	E15S	1	13752.0	-0.033498042695340347	0.886537098833671	0.9392665784215576	0.11770513849604024	0.9069896732262713	0.0037565120209209287	0.08925381475280768	0.010688346696961028	0.10037316291991923	0.8889384903831198	0.010688346696961028	0.0	0.996243487979079	reverted	reverted	reverted	reverted	inducing	0.9901555833970487	0.0	0.0	0.0	0.0	0.0	0.0037565120209209287
GGCTAATCATCACACC-E15S	Tumor	E15S	1	16218.0	0.1814597767482497	0.8387422216805319	0.9291932044773524	0.11260187349746122	0.903679032973563	0.003853873833081763	0.09246709319335521	0.014610254167176078	0.12807377290808414	0.8573159729247397	0.014610254167176078	0.0	0.9961461261669182	reverted	reverted	reverted	reverted	reverted	0.9987742487958648	0.0	0.0	0.0	0.0	0.0	0.003853873833081763
GTTAGAGGTAGGTTAG-E15S	Tumor	E15S	1	11087.0	-0.5335184559549462	0.9526852146363659	1.017279630635537	0.12260655294886168	0.9503965194625136	0.002834026298429322	0.04676945423905729	0.007490674348287443	0.07410089336176764	0.918408432289945	0.007490674348287443	0.0	0.9971659737015707	reverted	reverted	reverted	reverted	inducing	0.9920137915475216	0.0	0.0	0.0	0.0	0.0	0.0028340262984293215
AGCAATCCACCTACCG-E15S	Tumor	E15S	1	12459.0	0.07308848505214093	0.864603387885568	0.7415909772347347	0.1415631235081799	0.6046326963529745	0.006396278144875671	0.38897102550214985	0.012340975916460883	0.11239471696414555	0.8752643071193936	0.012340975916460883	0.0	0.9936037218551244	reverted	reverted	reverted	reverted	inducing	0.9562371253407442	0.0	0.0	0.0	0.0	0.0	0.006396278144875671
TAACTGACATGGATGT-E15S	Tumor	E15S	1	20246.0	0.555122495695095	0.7194023272489709	0.5237778639620189	0.12798745855702107	0.27402393404490266	0.007269218881695782	0.7187068470734016	0.030356535005172283	0.22088998563337353	0.7487534793614541	0.030356535005172283	0.0	0.9927307811183043	reverted	reverted	reverted	reverted	reverted	0.8550432388005432	0.0	0.0	0.0	0.0	0.0	0.007269218881695782
ACATGGCTCCCCTTGA-E15S	Tumor	E15S	1	13529.0	0.15365597531857195	0.8457352447772747	0.6702837244853324	0.1614321026893663	0.4519957726763017	0.006872920642978328	0.54113130668072	0.013961672259025228	0.1236777330813425	0.8623605946596323	0.013961672259025228	0.0	0.9931270793570217	reverted	reverted	reverted	reverted	reverted	0.991688169258839	0.0	0.0	0.0	0.0	0.0	0.006872920642978328
ACGGGATGTAAGCTGA-E15S	Tumor	E15S	1	16220.0	-0.409785676520492	0.9409339560050679	0.9435506401513104	0.11748541130254328	0.9104716217067652	0.0036975911785043455	0.08583078711473045	0.007776333438250005	0.07701985469606498	0.9152038118656849	0.007776333438250005	0.0	0.9963024088214957	reverted	reverted	reverted	reverted	memory	0.9864952512149139	0.0	0.0	0.0	0.0	0.0	0.0036975911785043455
TACTACTCAGGAATCT-E15S	Tumor	E15S	1	15937.0	-0.3321695650126703	0.932218481907864	0.4341413324129678	0.17731284786662527	0.17236436953227244	0.007385607277434422	0.8202500231902932	0.008099083867026487	0.07989877558476022	0.9120021405482133	0.008099083867026487	0.0	0.9926143927225656	reverted	reverted	reverted	reverted	inducing	0.9847688538217672	0.0	0.0	0.0	0.0	0.0	0.007385607277434422
AGCCCCAAGTGGCTAC-E15S	Tumor	E15S	1	20386.0	0.10712791209748079	0.8568807720696735	0.2580373852785061	0.21337731416597275	0.09162593971320153	0.008582510485358833	0.8997915498014397	0.012981807299314837	0.11691003545383317	0.8701081572468521	0.012981807299314837	0.0	0.9914174895146413	reverted	reverted	reverted	reverted	inducing	0.9387943208602963	0.0	0.0	0.0	0.0	0.0	0.008582510485358833
CCGGCATGTGAGGACT-E15S	Tumor	E15S	1	14858.0	-0.08991766129340897	0.8968457057907704	0.5172820558057941	0.16272693237041833	0.2474015764337232	0.007240451075003458	0.7453579724912733	0.00999769915794563	0.09515786582874787	0.8948444350133065	0.00999769915794563	0.0	0.9927595489249965	reverted	reverted	reverted	reverted	inducing	0.8061063276967361	0.0	0.0	0.0	0.0	0.0	0.007240451075003458
TGGAGCGGTTGAGGTA-E15S	Tumor	E15S	1	18659.0	1.735605599454211	0.2152888495461617	0.18421508099755787	0.15332162654961573	0.06990369325220308	0.008381554459063077	0.9217147522887339	0.28560766153381156	0.6624540704494938	0.051938268016694586	0.28560766153381156	0.0	0.0	partial	persistent	partial	persistent	persistent	0.29704459884586754	0.9217147522887339	0.06990369325220308	0.008381554459063077	0.0	0.0	0.0
ACGAACCTCCATTACC-E15S	Tumor	E15S	1	22174.0	0.5056710023247594	0.7379069398626983	-1.533289952296521	0.8573352399860134	0.04963559369962928	0.1039264083516795	0.8464379979486911	0.02725727684268479	0.20427549105027132	0.7684672321070438	0.02725727684268479	0.0	0.8960735916483205	reverted	reverted	reverted	reverted	partial	0.6166736273692511	0.0	0.0	0.0	0.0	0.0	0.1039264083516795
GGTACGAAGGTGGCAA-E15S	Tumor	E15S	1	17956.0	0.8771659941297534	0.582202532576951	0.4611682768363087	0.14477171691276217	0.20206936339480253	0.007261447195738181	0.7906691894094593	0.06347068923697581	0.36758456563962266	0.5689447451234014	0.06347068923697581	0.7906691894094593	0.0	reverted	partial	reverted	partial	reverted	0.8278291758720677	0.0	0.0	0.0	0.20206936339480253	0.007261447195738181	0.0
TAATGGGGTTAATCCA-E15S	Tumor	E15S	1	20268.0	-0.03691647078785627	0.887186444857968	0.9170584179380308	0.11051325481011608	0.8954767630318062	0.004006150757355681	0.10051708621083824	0.010643197236733777	0.10003608422697141	0.8893207185362948	0.010643197236733777	0.0	0.9959938492426442	reverted	reverted	reverted	reverted	inducing	0.9846375164369119	0.0	0.0	0.0	0.0	0.0	0.00400615075735568
CAAGCGGGTGACGACG-E15S	Tumor	E15S	1	22941.0	1.1466658802214482	0.45552221440401325	0.1669781542586294	0.17045272418897278	0.06737447294069025	0.008803936329566827	0.9238215907297428	0.11440582806406834	0.5215836772335588	0.36401049470237284	0.11440582806406834	0.9238215907297429	0.0	partial	partial	partial	partial	persistent	0.2225058734638036	0.0	0.0	0.0	0.06737447294069027	0.008803936329566829	0.0
CAATCCTTCCGTTGGG-E15S	Tumor	E15S	1	21072.0	0.6398735367047885	0.6859068618199169	0.618131209605638	0.1199389796168004	0.41719304931281087	0.007189695362608066	0.575617255324581	0.03670163475331825	0.25302358889568444	0.7102747763509973	0.03670163475331825	0.5756172553245811	0.0	reverted	partial	reverted	partial	persistent	0.2694664309825148	0.0	0.0	0.0	0.4171930493128109	0.007189695362608067	0.0
GGGACACAGGAGCTTC-E15S	Tumor	E15S	1	21378.0	0.8690721482848711	0.5859249505768269	0.5750522141630597	0.12618715742991826	0.34362376239551334	0.007251729627855055	0.6491245079766316	0.06229843917202437	0.3631505498421579	0.5745510109858177	0.06229843917202437	0.6491245079766316	0.0	reverted	partial	reverted	partial	partial	0.45851049362508856	0.0	0.0	0.0	0.34362376239551334	0.007251729627855055	0.0
TCCTTTGGTTCGCAAT-E15S	Tumor	E15S	1	15598.0	-0.2897268630693807	0.9269616236482243	0.8030891133731957	0.1337293337706165	0.7220389263121567	0.005713173319245431	0.2722479003685978	0.008327373586920081	0.0818465418120004	0.9098260846010796	0.008327373586920081	0.0	0.9942868266807545	reverted	reverted	reverted	reverted	reverted	0.9230866351296299	0.0	0.0	0.0	0.0	0.0	0.005713173319245431
CCCTTAACATTGCCAC-E15S	Tumor	E15S	1	17667.0	0.00025232186286729146	0.8799495474500645	0.4800747543020145	0.15670258401241044	0.2144937179343698	0.0072664578274896936	0.7782398242381405	0.011158716183014492	0.10385549094659367	0.8849857928703917	0.011158716183014492	0.0	0.9927335421725103	reverted	reverted	reverted	reverted	inducing	0.9620820705712898	0.0	0.0	0.0	0.0	0.0	0.0072664578274896936
CACCGTAGTGCATCCA-E15S	Tumor	E15S	1	24093.0	1.7718173933214612	0.2039333795446504	0.42300674312147357	0.12378111240872741	0.17629236669205745	0.007234128790624663	0.8164735045173179	0.2977659008662677	0.6580232062153677	0.04421089291836461	0.2977659008662677	0.0	0.0	partial	persistent	partial	persistent	persistent	0.004256505768482582	0.8164735045173179	0.17629236669205745	0.007234128790624663	0.0	0.0	0.0
TCGCGGATCCAGCCCT-E15S	Tumor	E15S	1	16432.0	-0.7575306884811787	0.968524091542798	0.43766883278720736	0.20678899351314553	0.16825535553766258	0.007544251389697914	0.8242003930726395	0.007630989898524	0.07356961091075172	0.9187993991907242	0.007630989898524	0.0	0.9924557486103021	reverted	reverted	reverted	reverted	inducing	0.9990351579846284	0.0	0.0	0.0	0.0	0.0	0.007544251389697914
GCATCAGCACCTTGCG-E15S	Tumor	E15S	1	23415.0	0.9712764474784765	0.5383386474888585	0.19224943467996997	0.15796230246167742	0.07197860647547216	0.008368071239224412	0.9196533222853034	0.078614143667405	0.4208894411297839	0.5004964152028112	0.078614143667405	0.9196533222853034	0.0	reverted	partial	reverted	partial	reverted	0.8217586721303134	0.0	0.0	0.0	0.07197860647547216	0.008368071239224412	0.0
CAAGGCAAGTACGGCT-E15S	Tumor	E15S	1	22819.0	1.5535818958660508	0.27913898604663806	0.14158064519860128	0.16906046616249087	0.06250247422916125	0.00908411507266146	0.9284134106981773	0.22707818320071377	0.6637445622404003	0.10917725455888579	0.22707818320071377	0.0	0.0	partial	persistent	partial	persistent	persistent	0.12740102808365728	0.9284134106981773	0.06250247422916125	0.00908411507266146	0.0	0.0	0.0
CATAGCGCATCAATTC-E15S	Tumor	E15S	1	17768.0	-0.17828557776965678	0.9113274471102384	-0.026734423603862495	0.26912227138565237	0.05073024438831948	0.014825588478145775	0.9344441671335348	0.009125216918022558	0.08835885668285294	0.9025159263991244	0.009125216918022558	0.0	0.9851744115218541	reverted	reverted	reverted	reverted	inducing	0.966710957502868	0.0	0.0	0.0	0.0	0.0	0.014825588478145772
ACTCTGTTCCAATGCA-E15S	Tumor	E15S	1	21252.0	-0.27863376036425214	0.925526970267145	0.9199305668942996	0.10391002213238779	0.9038447797651502	0.003919096361401086	0.09223612387344868	0.008393500887829506	0.0824016861136847	0.9092048129984859	0.008393500887829506	0.0	0.9960809036385989	reverted	reverted	reverted	reverted	inducing	0.9855842720601663	0.0	0.0	0.0	0.0	0.0	0.003919096361401086
CGAGCCATCACTTCCG-E15S	Tumor	E15S	1	20538.0	-0.826967183503385	0.9722938794309344	0.9976119582157662	0.11643801821392778	0.9448819156212677	0.0030104000253522506	0.052107684353380125	0.007850477261328708	0.07462249858490091	0.9175270241537703	0.007850477261328708	0.0	0.9969895999746478	reverted	reverted	reverted	reverted	reverted	0.9909959824833173	0.0	0.0	0.0	0.0	0.0	0.0030104000253522506
AACGTTGTCTATGCTC-E15S	Tumor	E15S	1	18629.0	-0.3321184554165251	0.9322123677717818	1.1097085398496482	0.09536596410024772	0.9858297837334028	0.0017816666134031437	0.012388549653194034	0.00809933588898339	0.0799009570669136	0.911999707044103	0.00809933588898339	0.0	0.9982183333865968	reverted	reverted	reverted	reverted	inducing	0.9981569137088692	0.0	0.0	0.0	0.0	0.0	0.0017816666134031437
CTTCTGGTCTAGTCGA-E15S	Tumor	E15S	1	16390.0	-0.5510474751699488	0.9541587973349834	0.9179053279715949	0.11805861510288038	0.8887658760069781	0.004050319840586084	0.10718380415243571	0.00747149001008333	0.0738431175462331	0.9186853924436835	0.00747149001008333	0.0	0.9959496801594139	reverted	reverted	reverted	reverted	inducing	0.9972894133249883	0.0	0.0	0.0	0.0	0.0	0.004050319840586085
ACCCAACAGCTTAGTG-E15S	Tumor	E15S	1	23044.0	0.34695295506811835	0.7917646862666659	-0.035997698428017866	0.23693303981593677	0.046891654766765385	0.014272963343713384	0.9388353818895211	0.019687086448053708	0.16057913337403446	0.8197337801779119	0.019687086448053708	0.0	0.9857270366562866	reverted	reverted	reverted	reverted	reverted	0.9835856066042828	0.0	0.0	0.0	0.0	0.0	0.014272963343713386
TACAGCCAGTAAGGAC-E15S	Tumor	E15S	1	21520.0	-0.20180396520206426	0.9148601293529945	0.7948977652499462	0.11872095716352411	0.7326760322921932	0.005763955225328912	0.2615600124824778	0.008930908642876883	0.08680462409193863	0.9042644672651844	0.008930908642876883	0.0	0.9942360447746711	reverted	reverted	reverted	reverted	inducing	0.6778950731916445	0.0	0.0	0.0	0.0	0.0	0.005763955225328913
AACAGGCGTGAAGCCG-E15S	Tumor	E15S	1	18933.0	0.07833552800760758	0.8634363175663047	0.7268655818580387	0.1272810850588748	0.601407249317724	0.006529124951572913	0.3920636257307029	0.012435840036227818	0.11306785987019968	0.8744963000935726	0.012435840036227818	0.0	0.9934708750484271	reverted	reverted	reverted	reverted	persistent	0.2498778780203781	0.0	0.0	0.0	0.0	0.0	0.006529124951572915
CGATGGGGTTATCTCT-E15S	Tumor	E15S	1	26917.0	0.8553671018114016	0.5922054707497901	-0.205132655904843	0.24362637347568802	0.03763352748761222	0.022011189360044463	0.9403552831523434	0.06035914348489785	0.3557113025973038	0.5839295539177984	0.06035914348489785	0.9403552831523434	0.0	reverted	partial	reverted	partial	partial	0.6747787335165826	0.0	0.0	0.0	0.03763352748761222	0.022011189360044463	0.0
GCGTGCATCCATTGAG-E15S	Tumor	E15S	1	23569.0	1.443100792416528	0.323096209366932	0.32725438846622157	0.13378141574968747	0.11646218694526031	0.007371411425133788	0.876166401629606	0.19358697393843652	0.6447910839732717	0.16162194208829178	0.19358697393843652	0.876166401629606	0.0	partial	partial	partial	partial	persistent	0.031152487410942814	0.0	0.0	0.0	0.11646218694526031	0.007371411425133788	0.0
GCTAAATTCCGCAGTG-E15S	Tumor	E15S	1	14074.0	-0.04207898583313873	0.8881609389926444	0.4569596666687399	0.17186685549016864	0.19018999919121068	0.007325133385019239	0.8024848674237701	0.010575851557850643	0.09953233547321175	0.8898918129689376	0.010575851557850643	0.0	0.9926748666149808	reverted	reverted	reverted	reverted	inducing	0.9888775178532342	0.0	0.0	0.0	0.0	0.0	0.007325133385019239
TACGATTAGTATGATC-E15S	Tumor	E15S	1	21046.0	-0.3695218059656178	0.9365524007086622	0.157951187673265	0.23382516536462739	0.07055034788318791	0.01004642318279868	0.9194032289340133	0.007929061111235997	0.07840667554407278	0.9136642633446911	0.007929061111235997	0.0	0.9899535768172013	reverted	reverted	reverted	reverted	reverted	0.9773599314813883	0.0	0.0	0.0	0.0	0.0	0.010046423182798681
AGGCGAATCACTTCAC-E15S	Tumor	E15S	1	16294.0	0.8576907366050344	0.5911426924959606	0.21988765593736975	0.19569190314307267	0.08072694898446926	0.008651823125064838	0.9106212278904658	0.060683928372101556	0.35696632897347846	0.58234974265442	0.060683928372101556	0.9106212278904658	0.0	reverted	partial	reverted	partial	memory	0.9457427148113993	0.0	0.0	0.0	0.08072694898446926	0.008651823125064838	0.0
CCGCGTTTCCCGTTGC-E15S	Tumor	E15S	1	14886.0	-0.578515873276949	0.9563803793775294	0.6697789599432619	0.16326630269929177	0.44866910988073627	0.0068724220374834985	0.5444584680817802	0.007451729975524645	0.07351418673334718	0.919034083291128	0.007451729975524645	0.0	0.9931275779625165	reverted	reverted	reverted	reverted	memory	0.9919399135406852	0.0	0.0	0.0	0.0	0.0	0.0068724220374834985
TCGACGTAGCAATTAC-E15S	Tumor	E15S	1	13569.0	-0.24899436293847574	0.921565816038606	1.0074602632976253	0.11518540895481522	0.9503573282334444	0.0028867374794254367	0.046755934287130145	0.008583962142547589	0.08398234606043418	0.9074336917970183	0.008583962142547589	0.0	0.9971132625205745	reverted	reverted	reverted	reverted	inducing	0.999763998255536	0.0	0.0	0.0	0.0	0.0	0.0028867374794254367
ATCACATAGCTAGATT-E15S	Tumor	E15S	1	10410.0	-0.30036287313822874	0.9283132131839074	0.8037330592308768	0.15129910620741435	0.6928689965989436	0.0057705960844253975	0.30136040731663094	0.008266529778284851	0.08133246056294857	0.9104010096587666	0.008266529778284851	0.0	0.9942294039155746	reverted	reverted	reverted	reverted	inducing	0.9994143748527134	0.0	0.0	0.0	0.0	0.0	0.0057705960844253975
CAAGTAAAGATTCCGA-E15S	Tumor	E15S	1	18945.0	-0.4763302120733078	0.9475587609999576	-0.7316595705759258	0.625793712854881	0.05105993908416204	0.05907007636231203	0.889869984553526	0.00758942117550148	0.07520624768105592	0.9172043311434425	0.00758942117550148	0.0	0.940929923637688	reverted	reverted	reverted	reverted	reverted	0.9406900319128724	0.0	0.0	0.0	0.0	0.0	0.05907007636231203
CCATCCTGTGACTTCG-E15S	Tumor	E15S	1	15411.0	-0.1852382742171907	0.9123853631717048	0.5067251655089102	0.16678199897150786	0.23490596226743765	0.007253648740764804	0.7578403889917976	0.009066226928229844	0.08788879958871706	0.9030449734830531	0.009066226928229844	0.0	0.9927463512592353	reverted	reverted	reverted	reverted	inducing	0.987827306032682	0.0	0.0	0.0	0.0	0.0	0.007253648740764804
AAGTTGAAGCCGACAT-E15S	Tumor	E15S	1	17481.0	-0.6527906348410979	0.9618840862223658	0.0448045903962245	0.308984197166387	0.06187424030406727	0.01397811416219674	0.924147645533736	0.007460866998906923	0.07307650315444535	0.9194626298466478	0.007460866998906923	0.0	0.9860218858378033	reverted	reverted	reverted	reverted	inducing	0.9994232355282717	0.0	0.0	0.0	0.0	0.0	0.01397811416219674
AGTGCTCAGATTCGGC-E15S	Tumor	E15S	1	9295.0	-0.9275752572667741	0.9769882828988533	0.8284369876423724	0.15804944657156805	0.7194329656688877	0.005511503140493023	0.2750555311906192	0.008335713198039477	0.07722661424675334	0.9144376725552072	0.008335713198039477	0.0	0.994488496859507	reverted	reverted	reverted	reverted	inducing	0.9997239179812125	0.0	0.0	0.0	0.0	0.0	0.0055115031404930235
TGAATGGGTGATGGCG-E15S	Tumor	E15S	1	14592.0	-0.9531523916878988	0.9780521227459278	0.8222243318137747	0.153217881411119	0.7185831061061251	0.0055622237381398746	0.27585467015573495	0.008493846455943262	0.07810343733023428	0.9134027162138224	0.008493846455943262	0.0	0.9944377762618601	reverted	reverted	reverted	reverted	inducing	0.9999093313684929	0.0	0.0	0.0	0.0	0.0	0.005562223738139875
TGGGTCCGTGACGAAC-E15S	Tumor	E15S	1	17398.0	1.1447693791833666	0.456412844141337	-0.0032103295292801037	0.22613744272188438	0.04874086263307603	0.013055784921288904	0.938203352445635	0.11396791573546128	0.5205426711752168	0.3654894130893221	0.11396791573546128	0.938203352445635	0.0	partial	partial	partial	partial	persistent	0.21041594462579208	0.0	0.0	0.0	0.04874086263307603	0.013055784921288904	0.0
GTGCATATCTGTGGCG-E15S	Tumor	E15S	1	15972.0	-0.13194921872013948	0.903978208522107	0.6934256324752286	0.15539992654664225	0.49883802703664054	0.0067551298569908155	0.49440684310636873	0.0095532122486935	0.09172744340089087	0.8987193443504157	0.0095532122486935	0.0	0.9932448701430092	reverted	reverted	reverted	reverted	reverted	0.9958419723190398	0.0	0.0	0.0	0.0	0.0	0.0067551298569908155
TCTCTGGTCGATAGTT-E15S	Tumor	E15S	1	20563.0	1.0564191093239033	0.49811705824477703	-0.13372246231189341	0.21991222546740596	0.039026109237021114	0.01759846915841002	0.9433754216045687	0.09477301083985017	0.47041509678885185	0.434811892371298	0.09477301083985017	0.9433754216045689	0.0	partial	partial	partial	partial	persistent	0.02418329586834435	0.0	0.0	0.0	0.03902610923702112	0.017598469158410023	0.0
TCAGCATGTCTAGTCG-E15S	Tumor	E15S	1	10302.0	-0.17009881600324045	0.9100669841812609	1.1478228505295767	0.11174456684867902	0.9879905082124469	0.001590469992092282	0.01041902179546084	0.009196379276218828	0.08892393401972272	0.9018796867040585	0.009196379276218828	0.0	0.9984095300079078	reverted	reverted	reverted	reverted	inducing	0.9991500214834043	0.0	0.0	0.0	0.0	0.0	0.001590469992092282
ATGATCCGTCTTGCGA-E15S	Tumor	E15S	1	16652.0	-0.4857319120329438	0.9484361934675941	0.768955732889316	0.1388939408159252	0.65672389259678	0.006121555890444411	0.3371545515127755	0.007569336825554919	0.0749963305448255	0.9174343326296196	0.007569336825554919	0.0	0.9938784441095556	reverted	reverted	reverted	reverted	inducing	0.9899510506298295	0.0	0.0	0.0	0.0	0.0	0.006121555890444412
AACTTTGGTCTCAGTG-E15S	Tumor	E15S	1	17602.0	-0.4251782321277935	0.942532844566223	-0.11487750419067869	0.3356635742013269	0.050672053606171316	0.01974220570643303	0.9295857406873956	0.0077259909480997474	0.07654833557197262	0.9157256734799275	0.0077259909480997474	0.0	0.980257794293567	reverted	reverted	reverted	reverted	reverted	0.9914370313988771	0.0	0.0	0.0	0.0	0.0	0.01974220570643303
ACCTCTTAGCAAGGCA-E15S	Tumor	E15S	1	14612.0	-0.007963381696045298	0.8815829159563168	1.1356292791863447	0.09834964053221429	0.988737092124999	0.0016055698165844835	0.009657338058416466	0.011040002102540086	0.1029815259656989	0.8859784719317609	0.011040002102540086	0.0	0.9983944301834156	reverted	reverted	reverted	reverted	inducing	0.9065394184901173	0.0	0.0	0.0	0.0	0.0	0.0016055698165844835
CGTCACCTCTAGCTGA-E15S	Tumor	E15S	1	13998.0	-0.17446743293711833	0.9107415884896638	0.801999221358366	0.1377136830924419	0.7136604749985042	0.005741129737770074	0.2805983952637257	0.009158174853382313	0.08862082888458116	0.9022209962620367	0.009158174853382313	0.0	0.9942588702622299	reverted	reverted	reverted	reverted	inducing	0.9925069595706714	0.0	0.0	0.0	0.0	0.0	0.005741129737770074
ACGAGTGAGGTAGCGA-E15S	Tumor	E15S	1	17419.0	0.928724557085807	0.5582871428580857	0.46161871790390574	0.13596714038736527	0.20536507548415556	0.00725305035726351	0.787381874158581	0.07141758486655603	0.3964482832964442	0.5321341318369998	0.07141758486655603	0.787381874158581	0.0	reverted	partial	reverted	partial	persistent	0.005425741862086318	0.0	0.0	0.0	0.20536507548415556	0.00725305035726351	0.0
CCTCGTTGTTAGCGTT-E15S	Tumor	E15S	1	12465.0	0.1003219536342903	0.8584536489995963	0.595861139957858	0.16217841431643817	0.3407014131840414	0.0071270926014110145	0.6521714942145475	0.01284877792980812	0.11597876580819945	0.8711724562619925	0.01284877792980812	0.0	0.992872907398589	reverted	reverted	reverted	reverted	memory	0.9396209105874517	0.0	0.0	0.0	0.0	0.0	0.007127092601411015
CTACTGTTCAAGTGCC-E15S	Tumor	E15S	1	8999.0	0.2548075038507969	0.8190672570170547	0.5756822351776537	0.16727655151223553	0.310218322999718	0.00716028894391279	0.6826213880563691	0.01657965422280338	0.14105736079590284	0.8423629849812939	0.01657965422280338	0.0	0.9928397110560873	reverted	reverted	reverted	reverted	persistent	0.15847451326658665	0.0	0.0	0.0	0.0	0.0	0.007160288943912791
TCATAGTAGTAATGAG-E15S	Tumor	E15S	1	12834.0	0.17901806614918403	0.8393664573429295	0.8524912317550856	0.12430985763522753	0.808811987667955	0.005012372315460101	0.18617564001658485	0.01455128376309883	0.12767668560076836	0.8577720306361328	0.01455128376309883	0.0	0.9949876276845399	reverted	reverted	reverted	reverted	inducing	0.3788326717096793	0.0	0.0	0.0	0.0	0.0	0.005012372315460101
CTTGGCGAGGTAGATA-E15S	Tumor	E15S	1	15725.0	0.8687290784345045	0.5860825174238833	0.5498243333015761	0.14066219860828205	0.29810274403281734	0.007235665245110652	0.6946615907220719	0.06224919559111907	0.36296325923845635	0.5747875451704245	0.06224919559111907	0.694661590722072	0.0	reverted	partial	reverted	partial	inducing	0.6965702606187772	0.0	0.0	0.0	0.2981027440328174	0.007235665245110653	0.0
CCAGTATGTAGCGACG-E15S	Tumor	E15S	1	17713.0	-0.15560921710948325	0.90779649365014	0.19534826274142558	0.21064193383020988	0.07606019904433499	0.009143886827668861	0.9147959141279961	0.009326936129038954	0.08995528430662814	0.9007177795643329	0.009326936129038954	0.0	0.9908561131723311	reverted	reverted	reverted	reverted	partial	0.6386465090604466	0.0	0.0	0.0	0.0	0.0	0.009143886827668861
CGCCACTTCTAAGTCG-E15S	Tumor	E15S	1	16876.0	0.15383385708192024	0.8456913039102912	0.7446535283980178	0.12616985161660685	0.6351368025296047	0.006358599076320998	0.3585045983940742	0.013965665576979383	0.12370499635636252	0.862329338066658	0.013965665576979383	0.0	0.993641400923679	reverted	reverted	reverted	reverted	inducing	0.9843484712499124	0.0	0.0	0.0	0.0	0.0	0.0063585990763209985
TATGATGCATAGGTAC-E15S	Tumor	E15S	1	14574.0	-0.43655775578607986	0.9436886596741714	0.46950074861487623	0.19078093663474438	0.1938909332265843	0.007372610288078414	0.7987364564853373	0.007691560534711091	0.07622012405458209	0.9160883154107068	0.007691560534711091	0.0	0.9926273897119215	reverted	reverted	reverted	reverted	inducing	0.9401315613176595	0.0	0.0	0.0	0.0	0.0	0.007372610288078414
TGCGGCTGTGGCGTGA-E15S	Tumor	E15S	1	16050.0	-0.6516817346987801	0.9618070441143307	-0.03458438979246142	0.355503284362196	0.05892948683249229	0.0174482554187418	0.9236222577487659	0.007460058428494788	0.07307822853135161	0.9194617130401536	0.007460058428494788	0.0	0.9825517445812583	reverted	reverted	reverted	reverted	reverted	0.9999826535000084	0.0	0.0	0.0	0.0	0.0	0.0174482554187418
GCATGAGAGTGGGTCT-E15S	Tumor	E15S	1	12261.0	0.4682475784461077	0.7513763437349366	0.5040276357667357	0.16561563285471842	0.2328758560051669	0.0072554118956334865	0.7598687320991996	0.025169480608146493	0.19269708225762502	0.7821334371342286	0.025169480608146493	0.0	0.9927445881043665	reverted	reverted	reverted	reverted	inducing	0.8609502983688176	0.0	0.0	0.0	0.0	0.0	0.0072554118956334865
TCCACTTAGTATGTAC-E15S	Tumor	E15S	1	6863.0	-1.3275531413265067	0.9890747152627541	0.7474988243759357	0.1788463789080177	0.5505218661013598	0.006373795922606078	0.44310433797603416	0.01313103964247581	0.10339349350865543	0.8834754668488688	0.01313103964247581	0.0	0.993626204077394	reverted	reverted	reverted	reverted	inducing	0.9997466371817955	0.0	0.0	0.0	0.0	0.0	0.006373795922606078
TCAGTAACATTCGTGC-E15S	Tumor	E15S	1	12310.0	-0.04277981090321338	0.8882926604815803	0.9009876706683436	0.12391420767466337	0.8660232545385109	0.004329668073850932	0.12964707738763812	0.01056678645250216	0.09946443979884552	0.8899687737486522	0.01056678645250216	0.0	0.9956703319261491	reverted	reverted	reverted	reverted	inducing	0.6044155159932306	0.0	0.0	0.0	0.0	0.0	0.004329668073850932
GGGATTAGTTTAGTCA-E15S	Tumor	E15S	1	16737.0	0.2004165039405126	0.8338290400897714	0.09648967361719495	0.24346829563976766	0.061753757755962424	0.01124321120553647	0.9270030310385011	0.015081826674971217	0.13123104800765134	0.8536871253173774	0.015081826674971217	0.0	0.9887567887944635	reverted	reverted	reverted	reverted	reverted	0.74201361049951	0.0	0.0	0.0	0.0	0.0	0.01124321120553647
GCGCTTAGTGCGGTTC-E15S	Tumor	E15S	1	18983.0	0.19179145060678804	0.836079176988256	0.5179406566432777	0.14420786464377797	0.2581130054953035	0.007246456611529822	0.7346405378931666	0.014864213815209642	0.1297780543494752	0.855357731835315	0.014864213815209642	0.0	0.9927535433884702	reverted	reverted	reverted	reverted	inducing	0.3787094328827163	0.0	0.0	0.0	0.0	0.0	0.007246456611529822
AGGTTCGCAACATTGA-E15S	Tumor	E15S	1	17846.0	0.8775985895310803	0.5820033109446282	0.3781685832017959	0.14830959752060086	0.14200891985332023	0.007347270175401833	0.8506438099712778	0.06353391033294391	0.3678223708785937	0.5686437187884624	0.06353391033294391	0.850643809971278	0.0	reverted	partial	reverted	partial	reverted	0.8754343624038653	0.0	0.0	0.0	0.14200891985332026	0.007347270175401835	0.0
ATGCAGGAGGCGTTCG-E15S	Tumor	E15S	1	17272.0	0.6689543450450312	0.67392642502849	0.5573771857873053	0.1338353530310393	0.3128790630537998	0.007245863347247438	0.6798750735989527	0.039218431756847444	0.26514600919608605	0.6956355590470664	0.039218431756847444	0.6798750735989527	0.0	reverted	partial	reverted	partial	inducing	0.9007360312061092	0.0	0.0	0.0	0.3128790630537998	0.007245863347247438	0.0
GCTCCAAGTAACGTCT-E15S	Tumor	E15S	1	16536.0	-0.12669228635715868	0.9031108640243406	0.8402051681770488	0.11473871995725725	0.8056524273479895	0.005130884617122421	0.18921668803488817	0.009605763619121344	0.09213639811412967	0.898257838266749	0.009605763619121344	0.0	0.9948691153828775	reverted	reverted	reverted	reverted	memory	0.8488257266647856	0.0	0.0	0.0	0.0	0.0	0.0051308846171224205
CCCAGTGAGTGATACT-E15S	Tumor	E15S	1	18705.0	1.7381425954615892	0.21447855609058747	0.34756886327661274	0.13396759179618747	0.12648973664040827	0.007327793174609116	0.8661824701849825	0.28645352567190285	0.6621839929058768	0.05136248142222029	0.28645352567190285	0.0	0.0	partial	persistent	partial	persistent	persistent	0.0821478937622512	0.8661824701849826	0.1264897366404083	0.007327793174609117	0.0	0.0	0.0
TCGCAATGTGAGATCA-E15S	Tumor	E15S	1	20883.0	0.14067425243231924	0.8489144804029494	0.5998101515831595	0.13905936486797854	0.36852059333044923	0.007172928766979997	0.6243064779025708	0.01367547600783151	0.12171725658489198	0.8646072674072763	0.01367547600783151	0.0	0.99282707123302	reverted	reverted	reverted	reverted	inducing	0.9960926522508268	0.0	0.0	0.0	0.0	0.0	0.007172928766979997
CTCGGTTCAAAGGAGC-E15S	Tumor	E15S	1	19472.0	-0.03412715454184112	0.8866568457144519	0.32022999375727507	0.18905792989794123	0.11182764697149652	0.007857899118758881	0.8803144539097445	0.010680004142611667	0.10031091720596232	0.889009078651426	0.010680004142611667	0.0	0.9921421008812411	reverted	reverted	reverted	reverted	inducing	0.9505746686624936	0.0	0.0	0.0	0.0	0.0	0.007857899118758883
AGCAATTTCCCGGCTT-E15S	Tumor	E15S	1	11606.0	-0.8344200261022849	0.9726714421590168	1.2231261246532337	0.10389801704726793	0.9950772329087629	0.0011130688178393087	0.0038096982733977405	0.007879400893906114	0.07477082989993757	0.9173497692061563	0.007879400893906114	0.0	0.9988869311821607	reverted	reverted	reverted	reverted	inducing	0.9993118107757958	0.0	0.0	0.0	0.0	0.0	0.0011130688178393087
TGCTACTTCCTGTATC-E15S	Tumor	E15S	1	8988.0	-0.9622350229461949	0.9784182109772859	0.9648852193257931	0.1376420348374288	0.9072006924477752	0.0035893674419938825	0.08920994011023095	0.008553664450342	0.07843673008636347	0.9130096054632945	0.008553664450342	0.0	0.9964106325580062	reverted	reverted	reverted	reverted	inducing	0.9996421357113758	0.0	0.0	0.0	0.0	0.0	0.0035893674419938825
CAATCCGGTCATGATC-E15S	Tumor	E15S	1	20393.0	-0.34503839985616863	0.9337417742257934	0.5822378662004297	0.1429912921597479	0.3394450998061119	0.007194141253256205	0.6533607589406318	0.008037333245021377	0.07936178742208767	0.912600879332891	0.008037333245021377	0.0	0.9928058587467438	reverted	reverted	reverted	reverted	memory	0.9976493254025758	0.0	0.0	0.0	0.0	0.0	0.007194141253256205
TGCTATAGTCTAATCA-E15S	Tumor	E15S	1	15166.0	-0.6786024860902626	0.9636357713208864	0.8529858958189176	0.1259285574610847	0.8071640706219192	0.005015185541651484	0.1878207438364293	0.007485487053909803	0.07307737328635663	0.9194371396597337	0.007485487053909803	0.0	0.9949848144583485	reverted	reverted	reverted	reverted	inducing	0.9399772195795537	0.0	0.0	0.0	0.0	0.0	0.005015185541651484
GTGACTATCTTGAACG-E15S	Tumor	E15S	1	20664.0	-0.27250655309484306	0.9247234806794882	0.5151713885985919	0.17239484870834718	0.2402875112023909	0.007249043705363557	0.7524634450922456	0.008431213080757484	0.08271673062741215	0.9088520562918304	0.008431213080757484	0.0	0.9927509562946365	reverted	reverted	reverted	reverted	inducing	0.7935061855983656	0.0	0.0	0.0	0.0	0.0	0.007249043705363557
AATGAACGTTTGGAGA-E15S	Tumor	E15S	1	14856.0	0.6934495300695773	0.6636549489066564	0.6049023461526575	0.14096269007892906	0.37426653160917683	0.007156241168523503	0.6185772272222996	0.04148646100501915	0.2757943778628043	0.6827191611321766	0.04148646100501915	0.6185772272222997	0.0	reverted	partial	reverted	partial	persistent	0.03600034714893849	0.0	0.0	0.0	0.3742665316091769	0.007156241168523504	0.0
CATGATTAGTTAGGAA-E15S	Tumor	E15S	1	17534.0	-0.004113049261599109	0.8808198378886807	0.6219659818269538	0.14204675226329713	0.3993214118283922	0.007108185682393981	0.5935704024892138	0.01109529216310601	0.10338897006261243	0.8855157377742815	0.01109529216310601	0.0	0.992891814317606	reverted	reverted	reverted	reverted	reverted	0.826885967605975	0.0	0.0	0.0	0.0	0.0	0.007108185682393981
CGTGAGGGTATAGCGA-E15S	Tumor	E15S	1	13747.0	0.5155076699483342	0.7342894580340789	0.5985020232481026	0.14798564627374272	0.3579010116112852	0.0071515404710051	0.6349474479177097	0.027841694832222572	0.20745913333294147	0.7646991718348359	0.027841694832222572	0.0	0.9928484595289949	reverted	reverted	reverted	reverted	reverted	0.981684508803349	0.0	0.0	0.0	0.0	0.0	0.0071515404710051
CTTACATCATAGGGTT-E15S	Tumor	E15S	1	14623.0	-0.1523478896317096	0.9072783987662876	0.9273170370457082	0.11389123180851068	0.9009588106176515	0.003889228922306768	0.09515196046004165	0.009357149055626828	0.09019300445680677	0.9004498464875663	0.009357149055626828	0.0	0.9961107710776932	reverted	reverted	reverted	reverted	inducing	0.9983920296523865	0.0	0.0	0.0	0.0	0.0	0.0038892289223067685
CAGCACTAGGTGGAGC-E15S	Tumor	E15S	1	23048.0	2.5177532326954624	0.05874215810524725	-0.10723409019165484	0.1947932974033161	0.03852238250772171	0.015834949991738085	0.9456426675005402	0.5936032683838177	0.4057188535406645	0.0006778780755177286	0.5936032683838177	0.0	0.0	persistent	persistent	persistent	persistent	persistent	0.000726752160848012	0.9456426675005403	0.03852238250772172	0.01583494999173809	0.0	0.0	0.0
GTCCATAAGTCATGCA-E15S	Tumor	E15S	1	11310.0	-0.5803342099520942	0.9565237598947055	0.8671440921121578	0.14200112076892193	0.8016907786708936	0.004924870123030774	0.19338435120607567	0.007450863834301379	0.0734956211872721	0.9190535149784265	0.007450863834301379	0.0	0.9950751298769692	reverted	reverted	reverted	reverted	inducing	0.9991738273872041	0.0	0.0	0.0	0.0	0.0	0.004924870123030774
CAAGTAAAGCTTACGA-E15S	Tumor	E15S	1	13897.0	-0.3151484456813132	0.9301537878712863	0.5977276522680482	0.17070247811483957	0.3352268774358069	0.007110215065112758	0.6576629074990803	0.00818602456852421	0.08064689815909258	0.9111670772723831	0.00818602456852421	0.0	0.9928897849348872	reverted	reverted	reverted	reverted	inducing	0.9832149977147306	0.0	0.0	0.0	0.0	0.0	0.007110215065112758
CTCAGTAAGGTAGTCC-E15S	Tumor	E15S	1	17101.0	-0.17030995122006373	0.9100996931987504	0.8606493488570204	0.12191250025419023	0.8226020084217542	0.004883417519102375	0.17251457405914325	0.009194520642599548	0.08890920202769588	0.9018962773297046	0.009194520642599548	0.0	0.9951165824808976	reverted	reverted	reverted	reverted	inducing	0.9778859080790776	0.0	0.0	0.0	0.0	0.0	0.004883417519102376
GTGTGTTGTAAGCGGT-E15S	Tumor	E15S	1	13528.0	-0.567911175071383	0.9555351410976887	0.44139332208320214	0.18945086189648133	0.17444804163579047	0.007429739761375543	0.8181222186028339	0.00745787325042528	0.07363038211988153	0.9189117446296932	0.00745787325042528	0.0	0.9925702602386245	reverted	reverted	reverted	reverted	inducing	0.9613613270696647	0.0	0.0	0.0	0.0	0.0	0.007429739761375544
GGAATCTCAAGTGAGA-E15S	Tumor	E15S	1	10426.0	-0.37121992682755667	0.9367431627291444	1.40325970739919	0.08996878002601237	0.9992499725385628	0.0004732341720956843	0.0002767932893414705	0.007921991025830497	0.0783436139366672	0.9137343950375023	0.007921991025830497	0.0	0.9995267658279043	reverted	reverted	reverted	reverted	inducing	0.9673377753269289	0.0	0.0	0.0	0.0	0.0	0.0004732341720956843
CTTGTGTTCCTCACCA-E15S	Tumor	E15S	1	19571.0	1.2368968712404416	0.4135755492386791	0.14799611332266407	0.17374394136444712	0.06399350607861114	0.009079277603188019	0.9269272163182009	0.13639681254888827	0.5683637935294119	0.2952393939216998	0.13639681254888827	0.9269272163182009	0.0	partial	partial	partial	partial	persistent	0.002366368233443654	0.0	0.0	0.0	0.06399350607861114	0.009079277603188019	0.0
GCCATAATCAGCACGT-E15S	Tumor	E15S	1	17899.0	0.21751199396480833	0.8292961145259123	0.5077109170990861	0.1581975027050674	0.24005077050420093	0.007247545100325223	0.7527016843954737	0.015528715157138658	0.13419414084519266	0.8502771439976685	0.015528715157138658	0.0	0.9927524548996748	reverted	reverted	reverted	reverted	reverted	0.9714087842607834	0.0	0.0	0.0	0.0	0.0	0.007247545100325224
TGTAACCGTGGGAACT-E15S	Tumor	E15S	1	21024.0	0.24097484784443557	0.8229157394328944	0.42353016736739435	0.16332248134522323	0.16818796049094414	0.007343271433337423	0.8244687680757185	0.016177259297708708	0.13844640727851587	0.8453763334237754	0.016177259297708708	0.0	0.9926567285666625	reverted	reverted	reverted	reverted	reverted	0.9870098217523187	0.0	0.0	0.0	0.0	0.0	0.007343271433337423
TGTCCGGAGTTACCCT-E15S	Tumor	E15S	1	22359.0	1.8967148441227522	0.16821383913318716	-0.5968964420066963	0.35266406289061303	0.035843486575823195	0.06714072878157984	0.8970157846425969	0.34120339927876414	0.6342164394661922	0.024580161255043715	0.34120339927876414	0.0	0.0	partial	persistent	partial	persistent	persistent	0.05871235275762433	0.897015784642597	0.0358434865758232	0.06714072878157985	0.0	0.0	0.0
GGCACCATCAGCTAAT-E15S	Tumor	E15S	1	17104.0	0.40397465824619133	0.7734060803518527	0.06502539014022657	0.23392903488650113	0.05675468967993391	0.011633631474517955	0.9316116788455482	0.0220407210315658	0.17469631881301884	0.8032629601554153	0.0220407210315658	0.0	0.9883663685254821	reverted	reverted	reverted	reverted	partial	0.6107284964028966	0.0	0.0	0.0	0.0	0.0	0.011633631474517955
AGTAACCCATCCTGAC-E15S	Tumor	E15S	1	10331.0	-0.6804632162010348	0.9637590099893426	0.5758327767317949	0.19113971322751885	0.2916383962071157	0.00715412983380662	0.7012074739590776	0.007487693147732233	0.07308047646008534	0.9194318303921826	0.007487693147732233	0.0	0.9928458701661934	reverted	reverted	reverted	reverted	reverted	0.9949660791010159	0.0	0.0	0.0	0.0	0.0	0.0071541298338066205
GGCCTAACATCCTATG-E15S	Tumor	E15S	1	16820.0	0.043083922424101855	0.8711163791269476	0.4455870739447727	0.16406289135147506	0.1837760941649494	0.007315573439808468	0.8089083323952421	0.011824451834614197	0.1086991871918227	0.8794763609735631	0.011824451834614197	0.0	0.9926844265601915	reverted	reverted	reverted	reverted	reverted	0.874600226639375	0.0	0.0	0.0	0.0	0.0	0.007315573439808468
AAAGGTTGTAGCTTCG-E15S	Tumor	E15S	1	14145.0	0.14896699178586278	0.8468898450468332	0.639507646416718	0.15168103209207848	0.41568025164913225	0.007024545252795238	0.5772952030980726	0.013857112284497897	0.1229629890149509	0.8631798987005512	0.013857112284497897	0.0	0.9929754547472048	reverted	reverted	reverted	reverted	inducing	0.8095072837259425	0.0	0.0	0.0	0.0	0.0	0.007024545252795238
CAAATCCGTATGTGAG-E15S	Tumor	E15S	1	9856.0	-1.1482785262494244	0.9847272720755341	0.4399720973383643	0.210949746724713	0.16879575301331187	0.007565429966253555	0.8236388170204346	0.010271972036657003	0.08804468886880386	0.9016833390945392	0.010271972036657003	0.0	0.9924345700337465	reverted	reverted	reverted	reverted	reverted	0.9999996055390818	0.0	0.0	0.0	0.0	0.0	0.007565429966253555
ACATGCATCACTTGAG-E15S	Tumor	E15S	1	16629.0	0.4415550158687264	0.7606960550529228	0.3853595550948451	0.17001967344227473	0.14354532781276141	0.00745388842115487	0.8490007837660837	0.02380375172049117	0.18494018439504617	0.7912560638844627	0.02380375172049117	0.0	0.9925461115788451	reverted	reverted	reverted	reverted	partial	0.42407677355484924	0.0	0.0	0.0	0.0	0.0	0.00745388842115487
CTTATAGGTTCGCAGC-E15S	Tumor	E15S	1	10844.0	-0.8813713069962703	0.9749374846233361	0.8176536356483928	0.17076343540505462	0.6791471867027947	0.005693767494263599	0.31515904580294163	0.008086843026909507	0.07586716385128804	0.9160459931218023	0.008086843026909507	0.0	0.9943062325057364	reverted	reverted	reverted	reverted	inducing	0.9999228720046369	0.0	0.0	0.0	0.0	0.0	0.005693767494263599
GGTTAGCTCCTCTCCT-E15S	Tumor	E15S	1	8600.0	0.13647260990090168	0.8499318656222316	1.0269742076022228	0.11905674282523714	0.9565728642737519	0.002699770404221949	0.04072736532202629	0.013585024458278843	0.12109493076861812	0.865320044773103	0.013585024458278843	0.0	0.9973002295957781	reverted	reverted	reverted	reverted	inducing	0.9845815650188703	0.0	0.0	0.0	0.0	0.0	0.002699770404221949
ACAAGTTTCAGTATGT-E15S	Tumor	E15S	1	12907.0	-0.15400374397159666	0.907541773818537	0.9184058945904997	0.1257854845085047	0.8809129262039873	0.004103156788299323	0.11498391700771342	0.009341770801588037	0.09007204949986923	0.9005861796985428	0.009341770801588037	0.0	0.9958968432117007	reverted	reverted	reverted	reverted	inducing	0.97853082034467	0.0	0.0	0.0	0.0	0.0	0.004103156788299323
AGTGTCATCTGGGATC-E15S	Tumor	E15S	1	14065.0	-0.24962796117508998	0.9216524746214659	0.7312692304424669	0.13468734906883426	0.5975945097717803	0.00648833894264514	0.3959171512855744	0.008579675811551453	0.08394704470878832	0.9074732794796602	0.008579675811551453	0.0	0.9935116610573549	reverted	reverted	reverted	reverted	reverted	0.9992186017615287	0.0	0.0	0.0	0.0	0.0	0.006488338942645141
CCGCAAGTCCGTGAGT-E15S	Tumor	E15S	1	13427.0	1.1283791102610348	0.4641210178332399	0.6876612624793604	0.1279183660881646	0.529296683260448	0.006836724385122608	0.46386659235442945	0.11022739205793852	0.5114692484758434	0.378303359466218	0.11022739205793852	0.46386659235442945	0.0	partial	partial	reverted	transitioning_out	persistent	0.293842373497568	0.0	0.0	0.0	0.529296683260448	0.006836724385122608	0.0
GCTTATAGTTCGCGGT-E15S	Tumor	E15S	1	15001.0	1.7663649165502855	0.20561428179330765	0.45519301141227386	0.13437306221017953	0.2001790401816176	0.007251454213271645	0.7925695056051109	0.29592339956485586	0.6587680976968469	0.04530850273829736	0.29592339956485586	0.0	0.0	partial	persistent	partial	persistent	persistent	0.0034578799253574457	0.7925695056051109	0.2001790401816176	0.007251454213271645	0.0	0.0	0.0
TCCCCAGCAATATGTG-E15S	Tumor	E15S	1	12867.0	1.242522604721731	0.41099490640074593	0.7368216174805816	0.11933626583238771	0.6317062006424595	0.006434457912903911	0.3618593414446366	0.1378386313494591	0.5710673978037556	0.29109397084678534	0.1378386313494591	0.3618593414446366	0.0	partial	partial	transitioning_out	transitioning_out	persistent	0.18562897962378144	0.0	0.0	0.0	0.6317062006424595	0.006434457912903911	0.0
ATTCACCTCAATTCGG-E15S	Tumor	E15S	1	15122.0	-0.26355953489260237	0.9235359075281036	0.6079328578174824	0.17395882439678984	0.34552487249610514	0.007080641975028005	0.6473944855288668	0.008487822048413302	0.08318765356103891	0.9083245243905478	0.008487822048413302	0.0	0.992919358024972	reverted	reverted	reverted	reverted	inducing	0.9927263484245565	0.0	0.0	0.0	0.0	0.0	0.007080641975028005
CGTTTGAAGGAGTCGA-E15S	Tumor	E15S	1	13361.0	-0.797898799771534	0.9707722669756776	0.5246367780525246	0.18931377943266467	0.24059473517546068	0.007259045743151467	0.7521462190813879	0.0077477645448498994	0.07410991537920945	0.9181423200759405	0.0077477645448498994	0.0	0.9927409542568486	reverted	reverted	reverted	reverted	inducing	0.9995305426212675	0.0	0.0	0.0	0.0	0.0	0.007259045743151467
ATACTTGGTTCGGTTG-E15S	Tumor	E15S	1	12501.0	-0.47165503569302514	0.9471172073204404	-0.06734340136287834	0.36638584746322417	0.057343050389223126	0.01882019717234616	0.9238367524384307	0.007599980757866861	0.07531482680570686	0.9170851924364264	0.007599980757866861	0.0	0.9811798028276538	reverted	reverted	reverted	reverted	reverted	0.9108164535099875	0.0	0.0	0.0	0.0	0.0	0.01882019717234616
ATCCGTCCAACGGTCA-E15S	Tumor	E15S	1	13575.0	3.0063524896603315	0.024149349374653635	0.48656416699647875	0.11719219497814908	0.2369262674215046	0.007269478061468183	0.7558042545170273	0.7911016396427571	0.20888011866077877	1.8241696464040364e-05	0.7911016396427571	0.0	0.0	persistent	persistent	persistent	persistent	persistent	1.4606948289008118e-05	0.7558042545170273	0.2369262674215046	0.007269478061468183	0.0	0.0	0.0
ATACGGTCAAGTTCCC-E15S	Tumor	E15S	1	13208.0	-1.0399704117002586	0.9813164631632376	0.8749873566597488	0.14919093244732434	0.8004784341323973	0.0048706539683880164	0.19465091189921474	0.00915016066178779	0.08178092785371108	0.9090689114845011	0.00915016066178779	0.0	0.995129346031612	reverted	reverted	reverted	reverted	inducing	0.9999850236413638	0.0	0.0	0.0	0.0	0.0	0.0048706539683880164
CACCAGACACTTGATT-E15S	Tumor	E15S	1	10230.0	-0.8602059285249728	0.9739395589951284	0.9951434443618651	0.12818053682963268	0.9353888111576344	0.003134942416122782	0.0614762464262428	0.007987852993490708	0.07533805759547815	0.9166740894110311	0.007987852993490708	0.0	0.9968650575838772	reverted	reverted	reverted	reverted	inducing	0.9998994729023535	0.0	0.0	0.0	0.0	0.0	0.003134942416122782
CTAGAAGGTCTAACGT-E15S	Tumor	E15S	1	11472.0	0.06315650382208829	0.8667894688094264	0.8750189506166385	0.11477583362850897	0.8488938446848829	0.0046332684743944745	0.14647288684072252	0.012165172273342593	0.11114273829039523	0.876692089436262	0.012165172273342593	0.0	0.9953667315256055	reverted	reverted	reverted	reverted	reverted	0.9832882870325328	0.0	0.0	0.0	0.0	0.0	0.004633268474394475
ACACGATCAGGGCAGA-E15S	Tumor	E15S	1	11756.0	-0.7541736680202653	0.9683297696144325	0.5477385868898477	0.19127089772457914	0.26186299142868974	0.0072163018951409905	0.7309207066761692	0.0076225982837823955	0.07353355187639914	0.9188438498398185	0.0076225982837823955	0.0	0.992783698104859	reverted	reverted	reverted	reverted	inducing	0.9999284564809259	0.0	0.0	0.0	0.0	0.0	0.007216301895140991
GCGTACCGTTCGAATC-E15S	Tumor	E15S	1	11613.0	0.2997854933863727	0.8061039718202476	0.6996744888316793	0.15314885139767398	0.5128691497806204	0.006718529214992994	0.48041232100438663	0.01799876009803714	0.15010765310157334	0.8318935868003896	0.01799876009803714	0.0	0.9932814707850071	reverted	reverted	reverted	reverted	inducing	0.9903962270012978	0.0	0.0	0.0	0.0	0.0	0.006718529214992994
TAGTGTTAGCGAGGAC-E15S	Tumor	E15S	1	16091.0	0.14552211491799644	0.8477335822154302	0.5425804808122445	0.15724553119463155	0.2780637069318071	0.007217333532884914	0.714718959535308	0.013781153191683885	0.12244267133912413	0.8637761754691919	0.013781153191683885	0.0	0.9927826664671151	reverted	reverted	reverted	reverted	inducing	0.7105579555939124	0.0	0.0	0.0	0.0	0.0	0.007217333532884914
CTACTCACACTATCTG-E15S	Tumor	E15S	1	18222.0	0.5367549900430338	0.7263677490341421	-1.3499386257412749	0.9015685784793118	0.056275154297924276	0.0810245680555916	0.8627002776464842	0.029157595823916412	0.21454010323254735	0.7563023009435362	0.029157595823916412	0.0	0.9189754319444084	reverted	reverted	reverted	reverted	reverted	0.9220708181810493	0.0	0.0	0.0	0.0	0.0	0.0810245680555916
CTCGGTTCAACCCGTT-E15S	Tumor	E15S	1	11572.0	1.0387664862352028	0.5064714626923391	0.26849195125458997	0.17167096496552395	0.09335441251167736	0.007957487846707837	0.8986880996416149	0.09123051435832925	0.4601594095342812	0.4486100761073894	0.09123051435832925	0.8986880996416149	0.0	partial	partial	reverted	partial	persistent	0.006482965872275216	0.0	0.0	0.0	0.09335441251167736	0.007957487846707837	0.0
GCACTAATCGCGCCTT-E15S	Tumor	E15S	1	11880.0	-0.2572956055191464	0.9226942695910656	0.6530239715368703	0.17193115341162	0.4114112064240534	0.006933621622143489	0.581655171953803	0.008528557648415027	0.0835251280407633	0.9079463143108217	0.008528557648415027	0.0	0.9930663783778565	reverted	reverted	reverted	reverted	memory	0.9996782842784854	0.0	0.0	0.0	0.0	0.0	0.0069336216221434896
TGAGCGAAGGTGCTTA-E15S	Tumor	E15S	1	11695.0	0.46747980971389275	0.7516477732982156	0.9888167715238891	0.1124688895754269	0.9429189909001728	0.003084300330071793	0.05399670876975539	0.025128808262683062	0.19246822743627567	0.7824029643010413	0.025128808262683062	0.0	0.9969156996699282	reverted	reverted	reverted	reverted	persistent	0.04642015389173737	0.0	0.0	0.0	0.0	0.0	0.003084300330071793
GCGATAAGTTGCCCAA-E15S	Tumor	E15S	1	12890.0	-0.6857655622760039	0.9641079906505621	0.5451551076459653	0.17951193869450469	0.26655083345929975	0.007209750001912037	0.7262394165387883	0.007494299278179587	0.07309156285426856	0.9194141378675519	0.007494299278179587	0.0	0.9927902499980881	reverted	reverted	reverted	reverted	reverted	0.9991292515470251	0.0	0.0	0.0	0.0	0.0	0.007209750001912037
TGAGCTGCAACCCTTA-E15S	Tumor	E15S	1	6696.0	-0.21135830990881876	0.91625847838237	1.4456034021085329	0.08707113779182991	0.999471008040354	0.0003869005795496785	0.00014209138009633627	0.008856139778823978	0.08620184176893302	0.904942018452243	0.008856139778823978	0.0	0.9996130994204504	reverted	reverted	reverted	reverted	inducing	0.9476414870353168	0.0	0.0	0.0	0.0	0.0	0.0003869005795496785
CTGTGAATCATCACAG-E15S	Tumor	E15S	1	14350.0	-0.24162063293058658	0.9205508285498428	0.3399628676820777	0.1961635072048019	0.11961185418263681	0.007833684586107146	0.8725544612312561	0.008634552126377327	0.084398125562235	0.9069673223113878	0.008634552126377327	0.0	0.9921663154138929	reverted	reverted	reverted	reverted	inducing	0.9853287439589363	0.0	0.0	0.0	0.0	0.0	0.007833684586107146
GTCTGCCTCATGTCGA-E15S	Tumor	E15S	1	12631.0	0.8731177288561328	0.5840655576581483	0.6780142129730858	0.13705551688372794	0.4991254669353448	0.006878540012930211	0.4939959930517248	0.0628818541465486	0.36536316083599696	0.5717549850174545	0.0628818541465486	0.49399599305172487	0.0	reverted	partial	reverted	transitioning_out	persistent	0.22839870767615195	0.0	0.0	0.0	0.4991254669353449	0.006878540012930212	0.0
TACGTAGTCACATTGG-E15S	Tumor	E15S	1	8612.0	-0.03970272667661182	0.8877133053056199	0.5785888908657362	0.1876014003156316	0.2974516347606485	0.00714608320626813	0.6954022820330834	0.010606725389468592	0.09976341620357948	0.8896298584069519	0.010606725389468592	0.0	0.9928539167937319	reverted	reverted	reverted	reverted	inducing	0.9824993761064498	0.0	0.0	0.0	0.0	0.0	0.00714608320626813
GTAGTAAAGCTGGTCG-E15S	Tumor	E15S	1	10905.0	-0.16763093810198557	0.9096838651478724	0.5605684752785276	0.17121037763814065	0.2891538352675507	0.0071835091948937325	0.7036626555375557	0.009218196570998188	0.08909675753967451	0.9016850458893272	0.009218196570998188	0.0	0.9928164908051064	reverted	reverted	reverted	reverted	inducing	0.9905035319868652	0.0	0.0	0.0	0.0	0.0	0.0071835091948937325
CCTGTTGTCTATGCAG-E15S	Tumor	E15S	1	15684.0	1.0668228049222241	0.4931935255057468	0.3297001881249388	0.16304472822089763	0.11643180270008105	0.007573739248082857	0.8759944580518362	0.09690736460538005	0.4764378348249917	0.42665480056962835	0.09690736460538005	0.8759944580518362	0.0	partial	partial	reverted	partial	persistent	0.1470225991093411	0.0	0.0	0.0	0.11643180270008105	0.007573739248082857	0.0
GTCTACCCACAATGCG-E15S	Tumor	E15S	1	13298.0	0.7938945264008405	0.6199808963422475	0.7575802224649062	0.12109274967822714	0.6660275598340963	0.006216950696783828	0.3277554894691198	0.05234618590828572	0.32353105587940506	0.6241227582123092	0.05234618590828572	0.3277554894691198	0.0	reverted	partial	reverted	transitioning_out	partial	0.5381057557527147	0.0	0.0	0.0	0.6660275598340963	0.006216950696783828	0.0
TACCAATAGTAACCGC-E15S	Tumor	E15S	1	14134.0	-0.18482611601474708	0.9123229689809981	0.19383359607724876	0.25974499522844285	0.07943732166455711	0.010089383698841733	0.9104732946366012	0.009069687238948559	0.08791641474679235	0.9030138980142591	0.009069687238948559	0.0	0.9899106163011583	reverted	reverted	reverted	reverted	inducing	0.9969113195275959	0.0	0.0	0.0	0.0	0.0	0.010089383698841733
TCGTTCCGTTCCCAAG-E15S	Tumor	E15S	1	15243.0	0.3662986469351519	0.7856617770923653	0.4705983103985063	0.15159133712679657	0.20797067934100708	0.007265941845285841	0.7847633788137071	0.02044497044182801	0.1651832872816076	0.8143717422765644	0.02044497044182801	0.0	0.9927340581547142	reverted	reverted	reverted	reverted	reverted	0.9723676682156417	0.0	0.0	0.0	0.0	0.0	0.007265941845285841
GTTATCCTCGATTACG-E15S	Tumor	E15S	1	11309.0	0.14213548954958824	0.8485593301881161	0.620400929519144	0.15188264085107908	0.38608749748896265	0.00708682472909738	0.6068256777819401	0.013707180134087301	0.12193507545999811	0.8643577444059144	0.013707180134087301	0.0	0.9929131752709027	reverted	reverted	reverted	reverted	reverted	0.8878767503669818	0.0	0.0	0.0	0.0	0.0	0.00708682472909738
TATCCGCCACAGGCTA-E15S	Tumor	E15S	1	9063.0	0.12013786572986038	0.8538336366433582	0.6933791784730018	0.14789052636052497	0.5100521360592728	0.006765707439245182	0.4831821565014821	0.01324320047092081	0.1187309973063088	0.8680258022227704	0.01324320047092081	0.0	0.9932342925607549	reverted	reverted	reverted	reverted	reverted	0.995482213047729	0.0	0.0	0.0	0.0	0.0	0.006765707439245182
TAGGGTAGTGGGTTGG-E15S	Tumor	E15S	1	13348.0	0.1794366163293461	0.8392595918122094	-0.9569712866279535	0.6871526896370013	0.0497994255698715	0.07425067497353935	0.8759498994565891	0.014561364125798764	0.1277445997443692	0.857694036129832	0.014561364125798764	0.0	0.9257493250264607	reverted	reverted	reverted	reverted	inducing	0.9948394266686236	0.0	0.0	0.0	0.0	0.0	0.07425067497353936
CATGGGTTCAATTGCG-E15S	Tumor	E15S	1	13715.0	0.7420699961805426	0.6428094299550114	0.7105492906413863	0.12287584537600445	0.5784016241291599	0.006673293813168272	0.4149250820576718	0.04641656289433043	0.29810121621161995	0.6554822208940496	0.04641656289433043	0.4149250820576718	0.0	reverted	partial	reverted	transitioning_out	persistent	0.15882633708257818	0.0	0.0	0.0	0.5784016241291599	0.006673293813168272	0.0
TGAGCTATCGATACAT-E15S	Tumor	E15S	1	14261.0	-0.32194407674026165	0.9309849967666914	0.5942463737332583	0.1559216533376575	0.3443578084342392	0.007142369539832301	0.6484998220259286	0.008150585915538919	0.08034298822062323	0.9115064258638377	0.008150585915538919	0.0	0.9928576304601677	reverted	reverted	reverted	reverted	reverted	0.9807132834154908	0.0	0.0	0.0	0.0	0.0	0.007142369539832301
ATGGATGGTGACGAAC-E15S	Tumor	E15S	1	13603.0	-0.9313327017685463	0.9771476664673415	0.6884404898849069	0.1764893822063534	0.45943405660446446	0.006761745265004384	0.5338041981305311	0.008358007771877217	0.0773497794769205	0.9142922127512023	0.008358007771877217	0.0	0.9932382547349956	reverted	reverted	reverted	reverted	inducing	0.9923561287252062	0.0	0.0	0.0	0.0	0.0	0.006761745265004384
TCTACAAGTGAGCAAC-E15S	Tumor	E15S	1	14499.0	-0.9074771290807557	0.9761171579244697	-0.7736084042725588	0.5666693994626908	0.04543130074294125	0.06823374972882422	0.8863349495282347	0.00822179026744151	0.07660030481782744	0.915177904914731	0.00822179026744151	0.0	0.9317662502711759	reverted	reverted	reverted	reverted	inducing	0.9999890683942456	0.0	0.0	0.0	0.0	0.0	0.06823374972882422
CAGGCCATCGTACTTC-E15S	Tumor	E15S	1	9920.0	-0.2650193826638723	0.9237308453230784	0.7618916509673125	0.1401150226896608	0.6424963979594196	0.006197542438641779	0.35130605960193856	0.008478459472905047	0.0831099265022413	0.9084116140248536	0.008478459472905047	0.0	0.9938024575613582	reverted	reverted	reverted	reverted	memory	0.9997708091342189	0.0	0.0	0.0	0.0	0.0	0.006197542438641779
ACTGGTCAGCCATTGA-E15S	Tumor	E15S	1	14856.0	0.22284576777572682	0.8278618941011118	0.3965641227522759	0.18967971028768535	0.14728121067640948	0.0075541447514627215	0.8451646445721279	0.015672497885464515	0.13514168674559862	0.8491858153689369	0.015672497885464515	0.0	0.9924458552485373	reverted	reverted	reverted	reverted	reverted	0.9877957670883033	0.0	0.0	0.0	0.0	0.0	0.0075541447514627215
GTCCCATCAAACCGTG-E15S	Tumor	E15S	1	10236.0	0.3901581180920266	0.7779572315866016	0.7811498342206685	0.14304075913069983	0.6702905935284837	0.005998530457418952	0.3237108760140973	0.02143644399208095	0.17112195213958564	0.8074416038683333	0.02143644399208095	0.0	0.9940014695425811	reverted	reverted	reverted	reverted	inducing	0.9869007621763726	0.0	0.0	0.0	0.0	0.0	0.005998530457418952
CAAGCTCAGTAACCTG-E15S	Tumor	E15S	1	12684.0	0.41729156456785865	0.7689574595914574	0.233205035055475	0.22078999182093392	0.08546111504033063	0.008922361386825096	0.9056165235728444	0.022645015408194278	0.17823787775130712	0.7991171068404986	0.022645015408194278	0.0	0.991077638613175	reverted	reverted	reverted	reverted	partial	0.5482335714205878	0.0	0.0	0.0	0.0	0.0	0.008922361386825096
GGACAATAGTCAGCTA-E15S	Tumor	E15S	1	9292.0	-1.6838343534736842	0.9944045178306211	0.7364882408577553	0.19648775411588926	0.5029135185930841	0.006473193491898188	0.4906132879150178	0.025694000845005678	0.16132969998195856	0.8129762991730357	0.025694000845005678	0.0	0.9935268065081019	reverted	reverted	reverted	reverted	reverted	0.9999624161933278	0.0	0.0	0.0	0.0	0.0	0.006473193491898188
ACTATGGTCCCTCGAC-E15S	Tumor	E15S	1	9290.0	0.5143820374620265	0.7347050252180576	0.7633756241739622	0.14571987869466643	0.6354557772855909	0.006191038385266191	0.3583531843291429	0.02777403786608197	0.20709181227872275	0.7651341498551952	0.02777403786608197	0.0	0.9938089616147339	reverted	reverted	reverted	reverted	inducing	0.8530382672016565	0.0	0.0	0.0	0.0	0.0	0.006191038385266191
TAGCTTGAGTAACCCA-E15S	Tumor	E15S	1	13332.0	1.6301108873272272	0.2509376825844919	0.7507195081544108	0.1039274236066211	0.6793681679052243	0.006274801034879399	0.3143570310598965	0.25118241778791073	0.6678011690555473	0.08101641315654201	0.25118241778791073	0.0	0.0	partial	persistent	transitioning_out	persistent_exiting	persistent	0.019697300148302812	0.31435703105989643	0.6793681679052241	0.006274801034879397	0.0	0.0	0.0
TCCTTTGGTTTACTTC-E15S	Tumor	E15S	1	13345.0	-0.4538485951240632	0.9454031131635039	0.3258374705345451	0.2097140601418602	0.11365816266431253	0.008057542933742081	0.8782842944019453	0.007643710611902691	0.07575410645879474	0.9166021829293026	0.007643710611902691	0.0	0.9919424570662579	reverted	reverted	reverted	reverted	inducing	0.9718784803326852	0.0	0.0	0.0	0.0	0.0	0.008057542933742083
GCACCATAGTTAACGT-E15S	Tumor	E15S	1	11400.0	-0.6699671383614746	0.9630585436361261	0.6982736374906354	0.1729831561723138	0.4802094251700573	0.006708984877569655	0.513081589952373	0.007476009856839072	0.07306832444975106	0.9194556656934099	0.007476009856839072	0.0	0.9932910151224303	reverted	reverted	reverted	reverted	inducing	0.7516973906819345	0.0	0.0	0.0	0.0	0.0	0.006708984877569655
CTAGTTGAGTCGAATT-E15S	Tumor	E15S	1	8082.0	0.5270402796088919	0.7300079275474164	1.25970892890302	0.09814796457141876	0.9968855843836898	0.0009272883274071682	0.002187127288903282	0.028546697067969362	0.21126763973264404	0.7601856631993865	0.028546697067969362	0.0	0.9990727116725928	reverted	reverted	reverted	reverted	inducing	0.8790318019543922	0.0	0.0	0.0	0.0	0.0	0.000927288327407168
GTGGTGAAGCGAGTCT-E15S	Tumor	E15S	1	12659.0	0.11071595086738702	0.8560457202778337	0.7693933957785578	0.14050636691583435	0.6547294171113525	0.006119928058419089	0.3391506548302283	0.013052957796586618	0.1174068575090783	0.8695401846943351	0.013052957796586618	0.0	0.9938800719415809	reverted	reverted	reverted	reverted	inducing	0.98676326856805	0.0	0.0	0.0	0.0	0.0	0.00611992805841909
ATGCTCCCAGCACCAA-E15S	Tumor	E15S	1	12004.0	-0.10585891459089654	0.8996044408948427	1.003946003534209	0.11365306498046297	0.9496314833240477	0.002915366099628963	0.047453150576323294	0.009822472217486172	0.09381305611195422	0.8963644716705595	0.009822472217486172	0.0	0.997084633900371	reverted	reverted	reverted	reverted	inducing	0.9861994532723773	0.0	0.0	0.0	0.0	0.0	0.0029153660996289635
CACCGCTTCTGTAAGT-E15S	Tumor	E15S	1	12378.0	-0.4907778030846472	0.9489013688498231	0.7501326243085584	0.15803498440895167	0.5913361016567525	0.00633108013010094	0.40233281821314665	0.007559188363199425	0.07488829052215187	0.9175525211146486	0.007559188363199425	0.0	0.9936689198698991	reverted	reverted	reverted	reverted	inducing	0.9992865931785967	0.0	0.0	0.0	0.0	0.0	0.00633108013010094
ATTGGCCAGAAGGTGT-E15S	Tumor	E15S	1	9986.0	-0.48847941047640503	0.9486899768836164	0.7537650265286525	0.16487045002821032	0.585502696618705	0.006306634854966558	0.40819066852632846	0.007563756488490816	0.07493710335197443	0.9174991401595346	0.007563756488490816	0.0	0.9936933651450335	reverted	reverted	reverted	reverted	inducing	0.999883864172093	0.0	0.0	0.0	0.0	0.0	0.006306634854966558
TGTGCCAGTTAAGTCC-E15S	Tumor	E15S	1	9155.0	0.4110706842995554	0.771043165759646	0.18419079942622368	0.258055999988465	0.07742337817357295	0.010182210786357716	0.9123944110400695	0.022360003795424216	0.17657156292932774	0.8010684332752479	0.022360003795424216	0.0	0.9898177892136424	reverted	reverted	reverted	reverted	reverted	0.9780932245935063	0.0	0.0	0.0	0.0	0.0	0.010182210786357716
TAAGCGCTCCGGAACT-E15S	Tumor	E15S	1	6788.0	-0.8548031285420931	0.9736786886285572	0.5785248198872533	0.19731885749948683	0.2899257248399004	0.0071526156393973495	0.7029216595207021	0.007964038804271545	0.0752122197755559	0.9168237414201726	0.007964038804271545	0.0	0.9928473843606026	reverted	reverted	reverted	reverted	inducing	0.9999138591424814	0.0	0.0	0.0	0.0	0.0	0.00715261563939735
TGGGTGAAGCAGGCAA-E15S	Tumor	E15S	1	16053.0	0.4891949179224664	0.7438945122910436	-1.3236842968208857	0.8946848187693661	0.05635964485285836	0.0799918112919245	0.863648543855217	0.02631221058846837	0.19907485823006046	0.7746129311814712	0.02631221058846837	0.0	0.9200081887080755	reverted	reverted	reverted	reverted	inducing	0.9371548324359458	0.0	0.0	0.0	0.0	0.0	0.07999181129192451
TAAGCACCAACATCAA-E15S	Tumor	E15S	1	12881.0	0.12801798898646183	0.8519619651060021	0.5879161999832008	0.16086219477310484	0.33131293733270956	0.007145962948125974	0.6615410997191645	0.013406171943456436	0.11986046276229952	0.8667333652942442	0.013406171943456436	0.0	0.9928540370518739	reverted	reverted	reverted	reverted	inducing	0.9339975379776011	0.0	0.0	0.0	0.0	0.0	0.007145962948125972
GTACCCAGTTTAGCGT-E15S	Tumor	E15S	1	10841.0	0.934598344442672	0.5555431784279522	0.6908347992406328	0.12932446359919975	0.5330040991764448	0.006812722684129786	0.4601831781394255	0.07237633563321787	0.3997947975341139	0.5278288668326682	0.07237633563321787	0.4601831781394255	0.0	reverted	partial	reverted	transitioning_out	inducing	0.5591870857292899	0.0	0.0	0.0	0.5330040991764448	0.006812722684129786	0.0
ACCCGATAGGCGTCCA-E15S	Tumor	E15S	1	8130.0	-0.11006798798832232	0.9003218305344626	1.0317633351148483	0.1279853849073455	0.9534784035032317	0.0027191133728295745	0.04380248312393872	0.0097775840428333	0.09346701566542046	0.8967554002917463	0.0097775840428333	0.0	0.9972808866271704	reverted	reverted	reverted	reverted	inducing	0.9969328756361475	0.0	0.0	0.0	0.0	0.0	0.0027191133728295745
CCAAGGGGTTCTGGCA-E15S	Tumor	E15S	1	11059.0	0.01702336103924775	0.8765548501542763	0.22558006318466445	0.231548667295684	0.08426949661610726	0.00918156488119436	0.9065489385026984	0.011409830528076337	0.1056937236559826	0.882896445815941	0.011409830528076337	0.0	0.9908184351188056	reverted	reverted	reverted	reverted	inducing	0.9816562143687663	0.0	0.0	0.0	0.0	0.0	0.00918156488119436
CTACACCCACCTATAT-E15S	Tumor	E15S	1	9809.0	0.19010946182315816	0.8365151154954735	0.5985983169289261	0.174243229028355	0.33307115550670546	0.007104140503545575	0.6598247039897489	0.014822375398789129	0.12949792595038723	0.8556796986508237	0.014822375398789129	0.0	0.9928958594964544	reverted	reverted	reverted	reverted	reverted	0.8307601833684938	0.0	0.0	0.0	0.0	0.0	0.007104140503545576
TAGGCTGCAACCTCGT-E15S	Tumor	E15S	1	12859.0	-0.7311557086804884	0.9669657785934141	0.4708946754364812	0.19977150165463953	0.19212603222837069	0.007409904052020292	0.800464063719609	0.007570402971510067	0.07332267378043066	0.9191069232480593	0.007570402971510067	0.0	0.9925900959479798	reverted	reverted	reverted	reverted	reverted	0.9999787136498338	0.0	0.0	0.0	0.0	0.0	0.007409904052020293
ACAGAATGTTCATCCC-E15S	Tumor	E15S	1	11381.0	-0.023850535319721533	0.8846869096000595	0.732210305677675	0.14197783631230929	0.5874185033373641	0.006479919693291676	0.40610157696934424	0.010818191265080357	0.10133974362081402	0.8878420651141055	0.010818191265080357	0.0	0.9935200803067084	reverted	reverted	reverted	reverted	reverted	0.9937604784753927	0.0	0.0	0.0	0.0	0.0	0.006479919693291676
CGGCCTAAGCGCATTA-E15S	Tumor	E15S	1	12384.0	0.1989229561307679	0.834220445418406	0.3747011517781036	0.1956300628703253	0.13533532448357782	0.0076780392807647225	0.8569866362356573	0.015043773237679076	0.13097745099900976	0.853978775763311	0.015043773237679076	0.0	0.9923219607192353	reverted	reverted	reverted	reverted	inducing	0.9908931643059928	0.0	0.0	0.0	0.0	0.0	0.007678039280764724
GCGACTTAGGTATGAA-E15S	Tumor	E15S	1	13064.0	0.8915257237915194	0.5755755406845274	-0.1810160367157488	0.26911664106441785	0.04068815454147	0.021154909118147845	0.9381569363403821	0.06560023303305383	0.3755209991986687	0.5588787677682774	0.06560023303305383	0.9381569363403821	0.0	reverted	partial	reverted	partial	partial	0.6380226291107256	0.0	0.0	0.0	0.04068815454147	0.021154909118147845	0.0
TACCTCACACTCGCTG-E15S	Tumor	E15S	1	8376.0	-0.6510207832439018	0.9617610526487489	0.6686515914132611	0.17844367185207352	0.42638236163340965	0.006858424741096747	0.5667592136254936	0.0074595862186855886	0.07307932602571611	0.9194610877555983	0.0074595862186855886	0.0	0.9931415752589032	reverted	reverted	reverted	reverted	memory	0.999989959441983	0.0	0.0	0.0	0.0	0.0	0.006858424741096747
ACCCCGTTCCGTGGAT-E15S	Tumor	E15S	1	15058.0	0.3211127174074297	0.799715146418552	-1.2964327340496271	0.8824478483469581	0.056093807736572326	0.07949574313321864	0.864410449130209	0.018735249808939466	0.15471329134570413	0.8265514588453563	0.018735249808939466	0.0	0.9205042568667814	reverted	reverted	reverted	reverted	inducing	0.7370282994562012	0.0	0.0	0.0	0.0	0.0	0.07949574313321864
CATAGGCTCGATTGCA-E15S	Tumor	E15S	1	10145.0	0.06844910005964909	0.8656282827465944	0.6608255993210498	0.14790997493760774	0.4548906175266816	0.006944596811475713	0.5381647856618428	0.012258247772015065	0.11180630579467307	0.8759354464333118	0.012258247772015065	0.0	0.9930554031885244	reverted	reverted	reverted	reverted	reverted	0.9216703442161914	0.0	0.0	0.0	0.0	0.0	0.006944596811475713
GCACCAACAACTATCT-E15S	Tumor	E15S	1	8905.0	-0.7652768776416368	0.9689680893491518	1.1328714011400056	0.12352162623772382	0.9833340559019381	0.0017676735503464693	0.014898270547715335	0.007651117944801698	0.0736579895659725	0.9186908924892259	0.007651117944801698	0.0	0.9982323264496535	reverted	reverted	reverted	reverted	inducing	0.9761470239686406	0.0	0.0	0.0	0.0	0.0	0.0017676735503464696
AGAGACCGTGGAGCCA-E15S	Tumor	E15S	1	13054.0	-0.17438663083026548	0.9107291525163028	0.5735563883779377	0.1769932626209182	0.29991986166107354	0.007157368844595343	0.6929227694943311	0.009158876676829297	0.08862640247304186	0.9022147208501288	0.009158876676829297	0.0	0.9928426311554046	reverted	reverted	reverted	reverted	inducing	0.9818100664268259	0.0	0.0	0.0	0.0	0.0	0.007157368844595343
TACCTCACAACATCCC-E15S	Tumor	E15S	1	9147.0	1.6646336930695538	0.23885367952475328	0.7970336217796168	0.12148114817168638	0.7318884903522594	0.0057457997600178015	0.26236570988772273	0.26229144176674285	0.6673710557713336	0.0703375024619235	0.26229144176674285	0.0	0.0	partial	persistent	transitioning_out	persistent_exiting	persistent	0.10940449861242887	0.2623657098877228	0.7318884903522596	0.005745799760017802	0.0	0.0	0.0
TCCTCTTCAGCTAGGC-E15S	Tumor	E15S	1	10050.0	0.4976801890241968	0.7408221180782688	0.82533818750383	0.12708445170478858	0.7668292021422253	0.005398500723572899	0.22777229713420194	0.026793713415171148	0.20173272397844888	0.7714735626063801	0.026793713415171148	0.0	0.9946014992764272	reverted	reverted	reverted	reverted	inducing	0.7629975867216819	0.0	0.0	0.0	0.0	0.0	0.005398500723572899
TATACCTCAGCTACTC-E15S	Tumor	E15S	1	13019.0	0.8884833592340925	0.57698194202931	0.4054053175068115	0.1592304569434322	0.15702552460826694	0.00735408099823259	0.8356203943935003	0.0651437049542846	0.37383233182441683	0.5610239632212987	0.0651437049542846	0.8356203943935004	0.0	reverted	partial	reverted	partial	persistent	0.0796326491346413	0.0	0.0	0.0	0.15702552460826696	0.007354080998232591	0.0
GTGGATTCATGGTTGG-E15S	Tumor	E15S	1	10464.0	-0.2457253243295322	0.9211173077900385	0.5828932558325495	0.19200224111434921	0.29886927164207117	0.007137552430032886	0.693993175927896	0.008606229597111202	0.08416554948332398	0.9072282209195648	0.008606229597111202	0.0	0.9928624475699672	reverted	reverted	reverted	reverted	inducing	0.9831422655894668	0.0	0.0	0.0	0.0	0.0	0.007137552430032886
CCTACCATCATAGAGA-E15S	Tumor	E15S	1	13982.0	1.881875140016942	0.17218138919447984	-0.07095000285252556	0.2113592383307808	0.04205437437878453	0.014806688023223233	0.9431389375979923	0.3359127321787622	0.6376658976032956	0.026421370217942355	0.3359127321787622	0.0	0.0	partial	persistent	partial	persistent	persistent	0.0037068060390423436	0.9431389375979923	0.04205437437878453	0.014806688023223233	0.0	0.0	0.0
CGTACTAAGCATTAGT-E15S	Tumor	E15S	1	12544.0	0.5188885154905553	0.7330388041073186	0.08668603249545004	0.2388750795305905	0.05998933901669651	0.011320866051464585	0.9286897949318389	0.028046129150326945	0.20856708267552884	0.7633867881741442	0.028046129150326945	0.0	0.9886791339485355	reverted	reverted	reverted	reverted	inducing	0.6134091985723236	0.0	0.0	0.0	0.0	0.0	0.011320866051464585
GGAAGATTCTGGCTAA-E15S	Tumor	E15S	1	10641.0	0.527006451597042	0.7300205497211654	0.4546907975496377	0.17423866798639906	0.18778539968281732	0.007336648364490415	0.8048779519526923	0.028544597285866596	0.21125634765412146	0.760199055060012	0.028544597285866596	0.0	0.9926633516355097	reverted	reverted	reverted	reverted	persistent	0.16749538562068	0.0	0.0	0.0	0.0	0.0	0.007336648364490415
GCATAGCTCGTTGCCC-E15S	Tumor	E15S	1	11910.0	-0.6170256335558609	0.9593225505385892	0.5366528019516005	0.2109409651178391	0.2402080322237782	0.007288629405109437	0.7525033383711123	0.007445073063697154	0.07320544884602984	0.9193494780902729	0.007445073063697154	0.0	0.9927113705948906	reverted	reverted	reverted	reverted	inducing	0.9982828838345243	0.0	0.0	0.0	0.0	0.0	0.007288629405109438
CTTAGTAGTTGTGCTG-E15S	Tumor	E15S	1	7822.0	0.02369180260711881	0.8751823050350489	0.7341670297402029	0.1632274814482963	0.5552641545117569	0.006466872517931551	0.4382689729703115	0.011513040267828779	0.10644524802499153	0.8820417117071796	0.011513040267828779	0.0	0.9935331274820685	reverted	reverted	reverted	reverted	inducing	0.9886048665685025	0.0	0.0	0.0	0.0	0.0	0.006466872517931551
CCTATTCAGGTACGAG-E15S	Tumor	E15S	1	11492.0	-0.46713760558143547	0.9466872194222272	0.49872253244304543	0.20369359369988926	0.21179134601309169	0.007358591816866298	0.780850062170042	0.0076105469311013516	0.07542240179728861	0.9169670512716102	0.0076105469311013516	0.0	0.9926414081831337	reverted	reverted	reverted	reverted	inducing	0.9998982910949237	0.0	0.0	0.0	0.0	0.0	0.007358591816866298
CCCTTACGTTATATCG-E15S	Tumor	E15S	1	7554.0	0.40334117524676305	0.7736161841276227	1.019403314695843	0.1175283702706785	0.9542803508293921	0.0027706610394078383	0.042948988131200176	0.02201251585882243	0.1745302218252964	0.8034572623158811	0.02201251585882243	0.0	0.9972293389605921	reverted	reverted	reverted	reverted	inducing	0.9982245574250658	0.0	0.0	0.0	0.0	0.0	0.002770661039407838
TATGAGGGTGGGTATA-E15S	Tumor	E15S	1	12161.0	0.07624397234556893	0.8639025423398875	0.6744032813424865	0.1512879787882853	0.47286620496692394	0.006869969219003698	0.5202638258140724	0.012397859105621465	0.11279855452516852	0.87480358636921	0.012397859105621465	0.0	0.9931300307809963	reverted	reverted	reverted	reverted	inducing	0.8772491229049142	0.0	0.0	0.0	0.0	0.0	0.006869969219003698
CAAGCGAAGGCAATCC-E15S	Tumor	E15S	1	10880.0	-0.13569653972195206	0.9045922383396626	0.34057579454376197	0.22824672830917103	0.11888137356597074	0.008194691824979214	0.8729239346090502	0.009516264468187383	0.09143934023265918	0.8990443952991534	0.009516264468187383	0.0	0.9918053081750209	reverted	reverted	reverted	reverted	reverted	0.9534760720108294	0.0	0.0	0.0	0.0	0.0	0.008194691824979214
CGACTAATCACCTCAT-E15S	Tumor	E15S	1	16334.0	-0.31701969434112776	0.9303835893723487	-2.0204803195736916	0.8347421084731164	0.04056636065774886	0.18192842471840165	0.7775052146238495	0.008176168868594598	0.08056251594546493	0.9112613151859404	0.008176168868594598	0.0	0.8180715752815984	reverted	reverted	reverted	reverted	memory	0.8296450031758779	0.0	0.0	0.0	0.0	0.0	0.18192842471840165
TGACCAGCACTTAGCC-E15S	Tumor	E15S	1	7505.0	-1.0451013243241818	0.9814937265957038	0.614091198298818	0.21506509401987	0.3145556714030701	0.007071111236802564	0.6783732173601273	0.009195202964395159	0.0820338739284328	0.908770923107172	0.009195202964395159	0.0	0.9929288887631975	reverted	reverted	reverted	reverted	inducing	0.999998301585231	0.0	0.0	0.0	0.0	0.0	0.007071111236802564
CGCTACTCATTCGGAG-E15S	Tumor	E15S	1	8494.0	-0.31738688650811553	0.9304286007841314	0.5940372036492151	0.1754516232464623	0.3261582074115739	0.007113937707347513	0.6667278548810786	0.00817424359970619	0.08054602009044608	0.9112797363098477	0.00817424359970619	0.0	0.9928860622926525	reverted	reverted	reverted	reverted	inducing	0.9973336653687371	0.0	0.0	0.0	0.0	0.0	0.007113937707347513
CTAAGCCAGGTACTTG-E15S	Tumor	E15S	1	10820.0	-0.1229298591292509	0.9024858112496337	1.0414047311693575	0.1117279586874264	0.9654131330827974	0.0024938987001553517	0.03209296821704739	0.009643895554354768	0.0924325489520514	0.8979235554935938	0.009643895554354768	0.0	0.9975061012998446	reverted	reverted	reverted	reverted	inducing	0.9901796509602816	0.0	0.0	0.0	0.0	0.0	0.0024938987001553513
GCTTTGAAGAAGCTAA-E15S	Tumor	E15S	1	7419.0	-0.8058701538210584	0.9711974220777834	0.8334694158877136	0.16399446697113895	0.7162117885098481	0.0054824178706986745	0.27830579361945323	0.00777435050057902	0.07424009523364976	0.9179855542657712	0.00777435050057902	0.0	0.9945175821293013	reverted	reverted	reverted	reverted	reverted	0.9999797356411889	0.0	0.0	0.0	0.0	0.0	0.0054824178706986745
ACACGATCAAGCTACG-E15S	Tumor	E15S	1	12171.0	1.0558345189294902	0.4983937344902964	-0.35783050350519796	0.30390733549746096	0.03717123209919133	0.0349615975439925	0.9278671703568161	0.09465410150328128	0.47007612641599983	0.4352697720807188	0.09465410150328128	0.9278671703568162	0.0	partial	partial	partial	partial	inducing	0.527931289766821	0.0	0.0	0.0	0.037171232099191334	0.03496159754399251	0.0
ACAGTCGCAGCATGTG-E15S	Tumor	E15S	1	11203.0	0.52398344338133	0.7311470157323046	-0.16187284354767287	0.32240024208299245	0.04645625916278054	0.021457857464285208	0.9320858833729344	0.028357713719022484	0.21025011918072806	0.7613921671002495	0.028357713719022484	0.0	0.9785421425357147	reverted	reverted	reverted	reverted	inducing	0.9229122877903804	0.0	0.0	0.0	0.0	0.0	0.021457857464285204
TCATAACAGCGCATGT-E15S	Tumor	E15S	1	13220.0	1.3357465600888179	0.3690391385676562	0.4987799180262811	0.1355468363364197	0.241800634113638	0.007256462327886979	0.7509429035584751	0.16278503593994678	0.6112195162920514	0.2259954477680018	0.16278503593994678	0.7509429035584749	0.0	partial	partial	partial	partial	persistent	0.04782827097895578	0.0	0.0	0.0	0.24180063411363795	0.007256462327886977	0.0
CATGGGTTCTGTGGCG-E15S	Tumor	E15S	1	7714.0	-0.618243304348235	0.9594124120967565	1.151033128995838	0.1264654357965573	0.9854247956169877	0.0016544816297289228	0.012920722753283367	0.007445262453625965	0.07319856719025916	0.9193561703561148	0.007445262453625965	0.0	0.9983455183702711	reverted	reverted	reverted	reverted	inducing	0.9936493939838169	0.0	0.0	0.0	0.0	0.0	0.0016544816297289228
CCAGATTGTTTCGTCC-E15S	Tumor	E15S	1	7586.0	0.08855381776147511	0.861139218496376	0.9512512291637737	0.13551868336549713	0.8988046569182154	0.003745553305045931	0.09744978977673864	0.012624613382528911	0.11440240870580358	0.8729729779116675	0.012624613382528911	0.0	0.9962544466949541	reverted	reverted	reverted	reverted	inducing	0.9641991457329675	0.0	0.0	0.0	0.0	0.0	0.003745553305045931
CGCCATTCAATCGACG-E15S	Tumor	E15S	1	10533.0	-0.0007659006114443844	0.8801530320943896	0.343177034077233	0.24234449236808292	0.11953621782718288	0.008361132104460963	0.8721026500683562	0.011143851973454444	0.10374623825671263	0.8851099097698328	0.011143851973454444	0.0	0.991638867895539	reverted	reverted	reverted	reverted	inducing	0.991738399370275	0.0	0.0	0.0	0.0	0.0	0.008361132104460963
GCCAATTGTAAGTACG-E15S	Tumor	E15S	1	9170.0	0.4197011457834004	0.768146024596572	0.6366777664335636	0.15396466562083702	0.4085339997036152	0.007029388944442638	0.5844366113519421	0.022756710396052964	0.17888895604620902	0.798354333557738	0.022756710396052964	0.0	0.9929706110555574	reverted	reverted	reverted	reverted	persistent	0.10052846487546704	0.0	0.0	0.0	0.0	0.0	0.007029388944442638
GGACGTAAGGGGCTAA-E15S	Tumor	E15S	1	8164.0	-0.2988573246225346	0.9281233048153295	1.18384735213242	0.12407009257954424	0.9898944719370737	0.0014246813989512235	0.008680846663975266	0.00827499190207464	0.0814041581673038	0.9103208499306216	0.00827499190207464	0.0	0.9985753186010488	reverted	reverted	reverted	reverted	inducing	0.551081049924249	0.0	0.0	0.0	0.0	0.0	0.0014246813989512233
CGTGAGAAGCGATGTC-E15S	Tumor	E15S	1	13166.0	0.8749188000154495	0.5832369920095407	-0.68180341349913	0.48910211882361837	0.04213483582207869	0.06490355831760151	0.8929616058603199	0.06314320380260424	0.3663505667145412	0.5705062294828547	0.06314320380260424	0.8929616058603197	0.0	reverted	partial	reverted	partial	reverted	0.7722740692238271	0.0	0.0	0.0	0.042134835822078685	0.0649035583176015	0.0
GGTATGGAGGGTTGCT-E15S	Tumor	E15S	1	8396.0	0.5923268380590572	0.7049673406739706	0.6023027490941916	0.17336702729579176	0.3386937415053406	0.007095899501888987	0.6542103589927705	0.0329703863078803	0.23441579114329286	0.7326138225488269	0.0329703863078803	0.0	0.9929041004981111	reverted	reverted	reverted	reverted	inducing	0.6914932899932104	0.0	0.0	0.0	0.0	0.0	0.007095899501888987
TATCCTTGTCATTACA-E15S	Tumor	E15S	1	9972.0	-1.176060689465145	0.9854984473877526	0.5646127973295766	0.21486582832325582	0.2635941458562085	0.007223441658415628	0.7291824124853759	0.010623896106304632	0.0899859330308379	0.8993901708628574	0.010623896106304632	0.0	0.9927765583415844	reverted	reverted	reverted	reverted	inducing	0.999994651859995	0.0	0.0	0.0	0.0	0.0	0.007223441658415628
CTGCTGCTCACCTATC-E15S	Tumor	E15S	1	7803.0	-0.7819089937905138	0.9699010203578651	0.584634729680982	0.20210582153372494	0.2929033569394117	0.007142000276304873	0.6999546427842834	0.007697973300989738	0.07387223788418869	0.9184297888148216	0.007697973300989738	0.0	0.9928579997236952	reverted	reverted	reverted	reverted	inducing	0.9996556174379031	0.0	0.0	0.0	0.0	0.0	0.007142000276304873
AGTGGTTCATTAGTTC-E15S	Tumor	E15S	1	9920.0	1.3035277241940857	0.3833517059987255	0.25149339108663765	0.18788422255605336	0.08872152612626814	0.008274703138461459	0.9030037707352705	0.15395051132122486	0.5983993853179058	0.24765010336086937	0.15395051132122486	0.9030037707352705	0.0	partial	partial	partial	partial	partial	0.5745019225127016	0.0	0.0	0.0	0.08872152612626814	0.008274703138461459	0.0
GCTTCATTCAGGACTC-E15S	Tumor	E15S	1	6842.0	-0.13176842986584922	0.9039484956280306	1.1271376928207355	0.12003623419903842	0.983263733087543	0.0017888132736039004	0.014947453638852914	0.009555005536370799	0.09174141452520422	0.898703579938425	0.009555005536370799	0.0	0.9982111867263961	reverted	reverted	reverted	reverted	inducing	0.9994013231444788	0.0	0.0	0.0	0.0	0.0	0.0017888132736039008
TCTGACAAGCGGATGA-E15S	Tumor	E15S	1	9389.0	-0.39142207245199523	0.9389719292864444	1.0839061217125987	0.11632523834082627	0.9756804553392618	0.0021201849842289442	0.022199359676509267	0.007842161504229726	0.07762448924911694	0.9145333492466533	0.007842161504229726	0.0	0.997879815015771	reverted	reverted	reverted	reverted	reverted	0.9587353924066826	0.0	0.0	0.0	0.0	0.0	0.0021201849842289442
TACAGCGCATTACCGC-E15S	Tumor	E15S	1	10510.0	-0.425943792276528	0.9426112962860989	0.605135796766589	0.1706177205914535	0.3450716700980071	0.007092097129435818	0.6478362327725571	0.007723600730000974	0.07652571448452977	0.9157506847854693	0.007723600730000974	0.0	0.9929079028705642	reverted	reverted	reverted	reverted	inducing	0.9996538807713352	0.0	0.0	0.0	0.0	0.0	0.007092097129435818
CCAGCAACATCCTATG-E15S	Tumor	E15S	1	7098.0	-0.21278706795014507	0.9164657854270213	0.7263179433269985	0.16574273469584652	0.5378249166793704	0.00652678547472782	0.4556482978459019	0.00884516103852764	0.08611309689537802	0.9050417420660942	0.00884516103852764	0.0	0.9934732145252723	reverted	reverted	reverted	reverted	inducing	0.5994623472300431	0.0	0.0	0.0	0.0	0.0	0.00652678547472782
GTACACGCAGGTATCG-E15S	Tumor	E15S	1	10284.0	1.2038281645223294	0.42883655590984104	0.1813154024696925	0.19930195368828582	0.07230420801030102	0.009107878450104034	0.918587913539595	0.1280832583800349	0.5519193734882251	0.3199973681317401	0.1280832583800349	0.918587913539595	0.0	partial	partial	partial	partial	persistent	0.0009201309929372846	0.0	0.0	0.0	0.07230420801030102	0.009107878450104034	0.0
TCACATAGTCATCAAC-E15S	Tumor	E15S	1	12304.0	0.38455096383124343	0.7797854865142241	0.42505892935221157	0.1629019641384636	0.16932105333613567	0.0073392985423302096	0.8233396481215342	0.021197616446046	0.1696999661776426	0.8091024173763114	0.021197616446046	0.0	0.9926607014576698	reverted	reverted	reverted	reverted	memory	0.9977981541251163	0.0	0.0	0.0	0.0	0.0	0.0073392985423302096
ACCGACTAGCATGCAC-E15S	Tumor	E15S	1	6183.0	0.11775593598416988	0.8543955146226112	0.7429159217566119	0.17783754770288548	0.5447904556676352	0.006408100404216913	0.4488014439281479	0.013194635275728216	0.11839355607740355	0.8684118086468683	0.013194635275728216	0.0	0.9935918995957831	reverted	reverted	reverted	reverted	inducing	0.9978330345310552	0.0	0.0	0.0	0.0	0.0	0.006408100404216913
CAATCCGGTTGCAGGG-E15S	Tumor	E15S	1	13015.0	-0.18675725458551354	0.9126149661984982	-0.2627401779745119	0.4100480585594672	0.049514374877404954	0.028612235284189717	0.9218733898384053	0.009053513823807641	0.08778729660266964	0.9031591895735227	0.009053513823807641	0.0	0.9713877647158102	reverted	reverted	reverted	reverted	reverted	0.998892356354284	0.0	0.0	0.0	0.0	0.0	0.028612235284189717
ACACTCCCAAGCGGAG-E15S	Tumor	E15S	1	9612.0	1.1831179681990869	0.43846551985121296	0.2588125790439596	0.1968232726680552	0.09118180971638344	0.008339736436829759	0.9004784538467868	0.12302306836113124	0.5411813130518359	0.3357956185870329	0.12302306836113124	0.9004784538467868	0.0	partial	partial	partial	partial	persistent	0.09803586522578829	0.0	0.0	0.0	0.09118180971638344	0.008339736436829759	0.0
CGAACTATCGCGACAT-E15S	Tumor	E15S	1	8207.0	-0.23938164020923638	0.9202402656783633	1.045157043272669	0.12882385813010316	0.9583812616868478	0.0025850063201532042	0.039033731992999046	0.008650172611870047	0.08452618747800719	0.9068236399101226	0.008650172611870047	0.0	0.9974149936798469	reverted	reverted	reverted	reverted	inducing	0.9999393963379791	0.0	0.0	0.0	0.0	0.0	0.0025850063201532042
TCCCGTTGTTTGCGGC-E15S	Tumor	E15S	1	7244.0	-0.6507788960271244	0.9617442079458426	1.0854784571831348	0.12809949675813115	0.9717370779622423	0.0021899575812848286	0.02607296445647287	0.00745941522148147	0.07307974057384113	0.9194608442046774	0.00745941522148147	0.0	0.9978100424187152	reverted	reverted	reverted	reverted	inducing	0.9970330011393365	0.0	0.0	0.0	0.0	0.0	0.0021899575812848286
TGATTCCTCCATAGGC-E15S	Tumor	E15S	1	10576.0	0.14507340971662047	0.8478432002012921	0.4307076652283909	0.19401487374187593	0.16656410386557474	0.007482909276549763	0.8259529868578754	0.013771312418065973	0.12237519527896216	0.8638534923029718	0.013771312418065973	0.0	0.9925170907234503	reverted	reverted	reverted	reverted	reverted	0.8851843295953986	0.0	0.0	0.0	0.0	0.0	0.007482909276549764
ACCACCTCATAGAGTC-E15S	Tumor	E15S	1	10784.0	-0.10308506552760256	0.8991291650855434	0.2029395725839323	0.2430367951675676	0.08001747196221183	0.009645196720027649	0.9103373313177605	0.009852365812839744	0.09404315054485585	0.8961044836423044	0.009852365812839744	0.0	0.9903548032799724	reverted	reverted	reverted	reverted	reverted	0.9936362835459919	0.0	0.0	0.0	0.0	0.0	0.009645196720027649
ACCATCAAGCATGAGG-E15S	Tumor	E15S	1	8269.0	0.33837125963438597	0.7944305984169984	0.45449289361404277	0.1935986543763714	0.18230406544006866	0.007419646013179839	0.8102762885467515	0.019363494198947107	0.15859558539204752	0.8220409204090056	0.019363494198947107	0.0	0.9925803539868202	reverted	reverted	reverted	reverted	reverted	0.9733595914472325	0.0	0.0	0.0	0.0	0.0	0.00741964601317984
CCACGCAAGAACGATA-E15S	Tumor	E15S	1	7690.0	-0.8949011236640162	0.975555791434794	0.5097241412816246	0.2257102082061814	0.21163125610378322	0.007432235783026262	0.7809365081131905	0.008154977187435814	0.07623590729218925	0.9156091155203749	0.008154977187435814	0.0	0.9925677642169738	reverted	reverted	reverted	reverted	inducing	0.9999404380270799	0.0	0.0	0.0	0.0	0.0	0.0074322357830262625
AGAGAATCAGGCTATG-E15S	Tumor	E15S	1	7905.0	-0.0366088967377869	0.8871281528152277	0.8475612142256619	0.14690494638531498	0.7671106986927252	0.005213492643999987	0.22767580866327491	0.010647241367872717	0.10006629794491581	0.8892864606872115	0.010647241367872717	0.0	0.994786507356	reverted	reverted	reverted	reverted	inducing	0.9985837490086431	0.0	0.0	0.0	0.0	0.0	0.005213492643999987
CCAGAGAAGGGTTAGG-E15S	Tumor	E15S	1	10398.0	0.9973354050134656	0.5260570301075838	0.5071966993229945	0.14836994201384235	0.24440915948464653	0.007248004882489037	0.7483428356328644	0.08331053367684535	0.43602262753350723	0.4806668387896474	0.08331053367684535	0.7483428356328644	0.0	reverted	partial	reverted	partial	reverted	0.9916546940113358	0.0	0.0	0.0	0.24440915948464653	0.007248004882489037	0.0
ATGCACGCAGCTCTCG-E15S	Tumor	E15S	1	10016.0	0.18705596915978887	0.837304136467592	0.9670385164178327	0.11408566117555059	0.9293985669338782	0.0033656319107282047	0.06723580115539357	0.014746915096960224	0.12899204478703957	0.8562610401160002	0.014746915096960224	0.0	0.9966343680892717	reverted	reverted	reverted	reverted	inducing	0.9895545704861498	0.0	0.0	0.0	0.0	0.0	0.0033656319107282047
GTCTGGACAAATCTAG-E15S	Tumor	E15S	1	7584.0	-0.25843610571738157	0.9228481396129209	0.4619065623901558	0.21587104554240172	0.18142918270514052	0.0075268894337808985	0.8110439278610785	0.008521072526428922	0.08346320250556002	0.9080157249680112	0.008521072526428922	0.0	0.9924731105662191	reverted	reverted	reverted	reverted	inducing	0.9966999694626223	0.0	0.0	0.0	0.0	0.0	0.007526889433780899
GCGCATTAGAAGCGGC-E15S	Tumor	E15S	1	6868.0	-0.8170457137415955	0.9717833841654607	0.5110979826442554	0.2137842845204458	0.21750293903307952	0.0073689733055888745	0.7751280876613317	0.007813626136063383	0.07443578879148452	0.9177505850724522	0.007813626136063383	0.0	0.9926310266944112	reverted	reverted	reverted	reverted	inducing	0.9989217410181854	0.0	0.0	0.0	0.0	0.0	0.0073689733055888745
AGACGTTCAGGGACTC-E15S	Tumor	E15S	1	7396.0	0.47167807534681483	0.7501611359449406	0.44435555093862633	0.20509891747342932	0.1727796681134539	0.007512483685498077	0.819707848201048	0.025352241363081753	0.19372384436272816	0.7809239142741902	0.025352241363081753	0.0	0.9924875163145019	reverted	reverted	reverted	reverted	inducing	0.9828892119095554	0.0	0.0	0.0	0.0	0.0	0.007512483685498077
CGCTTCATCATCTAGG-E15S	Tumor	E15S	1	8598.0	-0.2067384128262896	0.9155849469448956	0.6538506737926598	0.15006490022943725	0.44062111799327136	0.006971085668697605	0.5524077963380309	0.008891998481796734	0.08649127693306552	0.9046167245851378	0.008891998481796734	0.0	0.9930289143313024	reverted	reverted	reverted	reverted	inducing	0.99987539118169	0.0	0.0	0.0	0.0	0.0	0.006971085668697606
GGCATTCAGTAGTTAC-E15S	Tumor	E15S	1	6926.0	0.5639843636240824	0.716003273928333	0.6790806670492556	0.15584501572882833	0.47418928883906564	0.006836957853457458	0.5189737533074769	0.030956148122046133	0.22403056138536923	0.7450132904925846	0.030956148122046133	0.0	0.9931630421465425	reverted	reverted	reverted	reverted	persistent	0.2344683799298303	0.0	0.0	0.0	0.0	0.0	0.006836957853457458
CTCCAGCTCCCATTAC-E15S	Tumor	E15S	1	11628.0	0.9253531061220894	0.5598605350461784	0.41359530451375626	0.17330022574196086	0.1597780016072241	0.007407614581961775	0.8328143838108141	0.07087226016646142	0.3945321251430614	0.5345956146904772	0.07087226016646142	0.8328143838108141	0.0	reverted	partial	reverted	partial	inducing	0.9117689405814031	0.0	0.0	0.0	0.1597780016072241	0.007407614581961775	0.0
AGGCAATAGGCGCTTG-E15S	Tumor	E15S	1	9716.0	0.7703284638664968	0.6304345015929667	0.6846489721970862	0.1398961195745902	0.5066809575201114	0.006833293396413883	0.4864857490834747	0.04955988048005085	0.3117628504364317	0.6386772690835175	0.04955988048005085	0.4864857490834747	0.0	reverted	partial	reverted	transitioning_out	inducing	0.9558451492305176	0.0	0.0	0.0	0.5066809575201114	0.006833293396413883	0.0
GTAACCCAGCTAGCAC-E15S	Tumor	E15S	1	10078.0	-1.0318271691591707	0.9810317045149686	-0.23896030604060706	0.4328301678395239	0.05294276741288756	0.0277207118622565	0.9193365207248559	0.009080187289315873	0.08138792315126714	0.909531889559417	0.009080187289315873	0.0	0.9722792881377436	reverted	reverted	reverted	reverted	inducing	0.9989092552261282	0.0	0.0	0.0	0.0	0.0	0.0277207118622565
ACAGCTATCACGCTAA-E15S	Tumor	E15S	1	7265.0	1.9397497796847059	0.15712049157451335	0.753090427453771	0.1280804841472972	0.6470426559845596	0.006273465576460632	0.34668387843897985	0.3567559635017402	0.6233828171667146	0.019861219331545065	0.3567559635017402	0.0	0.0	partial	persistent	transitioning_out	persistent_exiting	persistent	0.002144398608134363	0.34668387843897985	0.6470426559845596	0.006273465576460632	0.0	0.0	0.0
GCCACAACAAAGGGTA-E15S	Tumor	E15S	1	11313.0	1.0429681485547353	0.5044831075775824	0.2994699971729894	0.1879011029481796	0.10408749245923873	0.007957529480393214	0.887954978060368	0.092064643609624	0.4626037062719488	0.44533165011842735	0.092064643609624	0.887954978060368	0.0	partial	partial	reverted	partial	persistent	0.2916621731868917	0.0	0.0	0.0	0.10408749245923873	0.007957529480393214	0.0
ATCCTAAGTTCTGGTG-E15S	Tumor	E15S	1	5793.0	-1.277235328848501	0.9879959060898934	1.060861214573372	0.14659949002086825	0.9539223219979149	0.0025766674381146218	0.043501010563970294	0.012175113813121263	0.09837028180143148	0.8894546043854472	0.012175113813121263	0.0	0.9974233325618854	reverted	reverted	reverted	reverted	reverted	0.9999800452874358	0.0	0.0	0.0	0.0	0.0	0.002576667438114622
TCACTCACAACTTCGC-E15S	Tumor	E15S	1	10532.0	0.553342706418869	0.7200819824272948	0.15721900202917147	0.2060534526595834	0.06814054608332767	0.009521086879546118	0.9223383670371262	0.030237792669557166	0.2202653069589545	0.7494969003714883	0.030237792669557166	0.0	0.9904789131204539	reverted	reverted	reverted	reverted	reverted	0.9838871687019416	0.0	0.0	0.0	0.0	0.0	0.009521086879546118
ACGATATTCGTCTATC-E15S	Tumor	E15S	1	8364.0	0.6546497692572107	0.6798491476968695	0.3485520430966538	0.20076038366286109	0.12305199057484961	0.007839221612178588	0.8691087878129717	0.037957205032651924	0.2591125553118144	0.7029302396555337	0.037957205032651924	0.8691087878129717	0.0	reverted	partial	reverted	partial	inducing	0.9846156963058362	0.0	0.0	0.0	0.12305199057484961	0.007839221612178588	0.0
GGATTAGGTTCAATGC-E15S	Tumor	E15S	1	7166.0	-0.8347250032128611	0.9726867853996368	0.8230926050375469	0.16177780221277016	0.7044107989306525	0.005592070444886281	0.28999713062446125	0.00788060733917399	0.07477704794943638	0.9173423447113895	0.00788060733917399	0.0	0.9944079295551138	reverted	reverted	reverted	reverted	inducing	0.9965415663368047	0.0	0.0	0.0	0.0	0.0	0.005592070444886281
CTGCATCCACTATATC-E15S	Tumor	E15S	1	5737.0	-1.147565664783797	0.9847069621965181	0.7530817605696601	0.1899589473270592	0.5400403317473388	0.00634558021178321	0.453614088040878	0.010263317132765125	0.0879967792856807	0.9017399035815541	0.010263317132765125	0.0	0.9936544197882168	reverted	reverted	reverted	reverted	inducing	0.9999777866051119	0.0	0.0	0.0	0.0	0.0	0.00634558021178321
AAACCAAAGCTAGCCG-E15S	Tumor	E15S	1	8530.0	-0.03630366781390691	0.8870702792391746	0.40474679587636353	0.20044346646631855	0.15030628045958294	0.007607216683267181	0.8420865028571498	0.010651258214770505	0.10009630374432558	0.8892524380409039	0.010651258214770505	0.0	0.9923927833167329	reverted	reverted	reverted	reverted	reverted	0.960616762599749	0.0	0.0	0.0	0.0	0.0	0.0076072166832671815
TGCTAAGTCGACTTAG-E15S	Tumor	E15S	1	7773.0	-0.6524926678038222	0.9618633992971626	0.4495568173094082	0.20928667209838564	0.1751162968008604	0.007523408155896828	0.8173602950432428	0.007460647721359712	0.07307695249970317	0.919462399778937	0.007460647721359712	0.0	0.9924765918441032	reverted	reverted	reverted	reverted	reverted	0.9999970170811817	0.0	0.0	0.0	0.0	0.0	0.007523408155896828
GTGTCCCTCCGTTACT-E15S	Tumor	E15S	1	6114.0	-0.4149208787814998	0.9414719519211097	0.8747250151194429	0.15564982783437603	0.7895532394955421	0.0049201592269842815	0.20552660127747363	0.007759052655518558	0.07685899983545036	0.915381947509031	0.007759052655518558	0.0	0.9950798407730157	reverted	reverted	reverted	reverted	inducing	0.9881493941307918	0.0	0.0	0.0	0.0	0.0	0.0049201592269842815
TACAACTAGCTTAACG-E15S	Tumor	E15S	1	6605.0	0.24353237227016875	0.8222090651195565	1.0491748492561732	0.11677561743838223	0.9657676824292938	0.0024514810013770553	0.031780836569329264	0.016250511669390708	0.13892324121776112	0.8448262471128483	0.016250511669390708	0.0	0.9975485189986228	reverted	reverted	reverted	reverted	reverted	0.9978649966387961	0.0	0.0	0.0	0.0	0.0	0.002451481001377055
ATACAGCCAACCTTGC-E15S	Tumor	E15S	1	7873.0	1.642065773431032	0.24670753872115422	0.2504012615194414	0.20109256551505084	0.08896726729851177	0.008465870120584572	0.9025668625809036	0.25501260303858514	0.667804992000401	0.07718240496101376	0.25501260303858514	0.0	0.0	partial	persistent	partial	persistent	persistent	0.01286161267650918	0.9025668625809037	0.08896726729851179	0.008465870120584574	0.0	0.0	0.0
TCGAATTAGCGCCTAG-E15S	Tumor	E15S	1	8615.0	-0.08245893821072073	0.895532029861216	-0.5114308463515758	0.5692213300195833	0.053564553151457396	0.04442180929604139	0.9020136375525012	0.010082583061997583	0.09580599463882603	0.8941114222991765	0.010082583061997583	0.0	0.9555781907039586	reverted	reverted	reverted	reverted	reverted	0.9984335967643424	0.0	0.0	0.0	0.0	0.0	0.04442180929604139
AACGGTGAGGCGTCTG-E15S	Tumor	E15S	1	9016.0	2.2414634522711228	0.09526316511211477	0.565022624879924	0.1381555233553125	0.31982949457678483	0.00722839458547912	0.6729421108377361	0.4748502105018682	0.5213132787433382	0.003836510754793603	0.4748502105018682	0.0	0.0	partial	persistent	partial	persistent	persistent	0.19435906935662403	0.672942110837736	0.3198294945767848	0.007228394585479118	0.0	0.0	0.0
TCGTTTCAGGGCTATC-E15S	Tumor	E15S	1	9107.0	0.051854833236156674	0.8692406135199549	0.41180360305488994	0.1985286457742578	0.15451157477109442	0.00756930890875583	0.8379191163201497	0.01197097701915342	0.10975284240746638	0.8782761805733803	0.01197097701915342	0.0	0.9924306910912442	reverted	reverted	reverted	reverted	inducing	0.9428847769038936	0.0	0.0	0.0	0.0	0.0	0.00756930890875583
CCGACCTTCCATCTCG-E15S	Tumor	E15S	1	7077.0	0.4657601316345957	0.7522550114311031	0.7581645220631615	0.13644532097807363	0.6422081833240191	0.006230698733282265	0.3515611179426987	0.025038013494528413	0.1919568760249088	0.7830051104805628	0.025038013494528413	0.0	0.9937693012667177	reverted	reverted	reverted	reverted	inducing	0.8111389724341201	0.0	0.0	0.0	0.0	0.0	0.006230698733282265
AAGTACCCAATTAACG-E15S	Tumor	E15S	1	5933.0	-1.1515869319948342	0.9848211836020376	0.8905298566674602	0.1748707785785242	0.7768101458292672	0.004865297407286624	0.2183245567634463	0.010312380351812178	0.08826826654056186	0.9014193531076259	0.010312380351812178	0.0	0.9951347025927133	reverted	reverted	reverted	reverted	reverted	0.9789874166594098	0.0	0.0	0.0	0.0	0.0	0.004865297407286623
ATACGTTAGAAGGTGT-E15S	Tumor	E15S	1	6246.0	0.536367652262513	0.7265134716910492	0.9715056699130309	0.1345831043251999	0.9150121771278525	0.0034789335183135323	0.08150888935383405	0.029132935474049826	0.21440849303825646	0.7564585714876937	0.029132935474049826	0.0	0.9965210664816864	reverted	reverted	reverted	reverted	inducing	0.8263170866746702	0.0	0.0	0.0	0.0	0.0	0.0034789335183135314
TGAGTCTGTTAGTTCA-E15S	Tumor	E15S	1	8013.0	-0.03315140775942301	0.8864710722572963	-0.06484394117646894	0.35737052443430234	0.05659550651733479	0.018484802407343705	0.9249196910753213	0.010692949836973723	0.10040750056631073	0.8888995495967156	0.010692949836973723	0.0	0.9815151975926563	reverted	reverted	reverted	reverted	inducing	0.976800634803083	0.0	0.0	0.0	0.0	0.0	0.01848480240734371
GGTATCTGTCCCGAAC-E15S	Tumor	E15S	1	7214.0	0.791189860832715	0.6211865293382469	0.36963606769105395	0.21575705914337426	0.13141014660238484	0.007891324677146282	0.8606985287204689	0.052018593650505325	0.3221635859252452	0.6258178204242494	0.052018593650505325	0.8606985287204689	0.0	reverted	partial	reverted	partial	reverted	0.9137478384258955	0.0	0.0	0.0	0.13141014660238484	0.007891324677146282	0.0
CCACATGGTCATTACA-E15S	Tumor	E15S	1	5310.0	-1.5119232558810407	0.9922688059625483	1.0048713547067527	0.15974910310687554	0.9127063032996364	0.0033121318559367298	0.08398156484442672	0.01806792985158134	0.12775906346184143	0.8541730066865774	0.01806792985158134	0.0	0.9966878681440633	reverted	reverted	reverted	reverted	inducing	0.9999962742982789	0.0	0.0	0.0	0.0	0.0	0.00331213185593673
CATATGGTCAGCGGTT-E15S	Tumor	E15S	1	6670.0	0.2821829978749916	0.8112594893802125	0.27029445508991934	0.25122587867303925	0.09662995885569199	0.009078324664152237	0.8942917164801557	0.01742246311959059	0.14646109669279855	0.8361164401876109	0.01742246311959059	0.0	0.9909216753358477	reverted	reverted	reverted	reverted	inducing	0.9954338479028004	0.0	0.0	0.0	0.0	0.0	0.009078324664152237
GCTAAACCATCCGTCG-E15S	Tumor	E15S	1	7862.0	1.1403263325539703	0.4585004576363171	1.0403789220241997	0.11381272229556617	0.9641490595687636	0.002519319788187825	0.03333162064304868	0.11294611238403487	0.5180964014739678	0.36895748614199725	0.11294611238403487	0.033331620643048676	0.0	partial	partial	transitioning_out	transitioning_out	persistent	0.14608850937397438	0.0	0.0	0.0	0.9641490595687634	0.0025193197881878244	0.0
AGCATAGGTGAGTATG-E15S	Tumor	E15S	1	7657.0	-0.7949174087123216	0.970611694431273	0.8410542023089891	0.15908474493126407	0.7365063472047054	0.005365307162540886	0.2581283456327538	0.007738124060137694	0.0740632299477547	0.9181986459921077	0.007738124060137694	0.0	0.9946346928374592	reverted	reverted	reverted	reverted	inducing	0.9960205419978827	0.0	0.0	0.0	0.0	0.0	0.005365307162540886
AGACGCAAGGATGCAG-E15S	Tumor	E15S	1	8682.0	-0.5196789269308275	0.9514900996317555	-0.43621354823534053	0.5756827907545882	0.05714601731881686	0.0396066637986217	0.9032473188825615	0.007509466089976162	0.07433102895596	0.9181595049540638	0.007509466089976162	0.0	0.9603933362013783	reverted	reverted	reverted	reverted	inducing	0.999884119520889	0.0	0.0	0.0	0.0	0.0	0.0396066637986217
TCGACGTAGTGATTCG-E15S	Tumor	E15S	1	5703.0	-1.2799704398639267	0.9880571620008503	-0.17733348426200637	0.4367291808312848	0.05691116810928047	0.024899373503418684	0.9181894583873008	0.012223629768419815	0.098627846403034	0.8891485238285461	0.012223629768419815	0.0	0.9751006264965814	reverted	reverted	reverted	reverted	inducing	0.9998292751797725	0.0	0.0	0.0	0.0	0.0	0.024899373503418688
CTTACAAGTTGGATCT-E15S	Tumor	E15S	1	8776.0	0.4932365531921922	0.7424340782877317	0.21517236359690245	0.22307917871907998	0.08130676060841942	0.009143804162424538	0.9095494352291559	0.026540189881797634	0.20033542993983974	0.7731243801783625	0.026540189881797634	0.0	0.9908561958375754	reverted	reverted	reverted	reverted	partial	0.31159689435838234	0.0	0.0	0.0	0.0	0.0	0.00914380416242454
TCTATGAGTCCATAGT-E15S	Tumor	E15S	1	8421.0	-0.396713089347082	0.9395434050847399	0.7282345704656042	0.16506342088148504	0.5421739273194902	0.006512548127472604	0.45131352455303725	0.007822543863470066	0.07744553362405313	0.9147319225124768	0.007822543863470066	0.0	0.9934874518725274	reverted	reverted	reverted	reverted	inducing	0.9989341664427885	0.0	0.0	0.0	0.0	0.0	0.006512548127472604
CATTAGGTCCCTTGAT-E15S	Tumor	E15S	1	7549.0	-0.5902077342910309	0.9572944905193617	0.9632325051527392	0.13654757989048227	0.9070725002991342	0.003600643804970313	0.08932685589589548	0.007447116272532091	0.07340173069314823	0.9191511530343196	0.007447116272532091	0.0	0.9963993561950297	reverted	reverted	reverted	reverted	reverted	0.996415929347502	0.0	0.0	0.0	0.0	0.0	0.003600643804970313
TGAAACCCATTACGTT-E15S	Tumor	E15S	1	8587.0	0.45117885372255445	0.7573637064317846	0.010287309350602347	0.27839631736652826	0.055087117745788	0.01402750570767737	0.9308853765465346	0.02428484842310054	0.1876898484719916	0.7880253031049078	0.02428484842310054	0.0	0.9859724942923226	reverted	reverted	reverted	reverted	inducing	0.959862826064364	0.0	0.0	0.0	0.0	0.0	0.01402750570767737
CGGCCAATCGTTCCGC-E15S	Tumor	E15S	1	7402.0	0.5025635892991172	0.7390430827125545	0.3928774463778011	0.207746181321054	0.14315967924881798	0.007711531615279799	0.8491287891359022	0.02707583026513599	0.20328206898225157	0.7696421007526124	0.02707583026513599	0.0	0.9922884683847202	reverted	reverted	reverted	reverted	inducing	0.9696290562549206	0.0	0.0	0.0	0.0	0.0	0.007711531615279799
ATCTCCACACTTGGAG-E15S	Tumor	E15S	1	9974.0	-0.43764392379980893	0.9437978315815693	-1.394552757671424	0.9743030974900857	0.06035550822890692	0.0759406017229157	0.8637038900481773	0.007688396819338378	0.07618969386856454	0.9161219093120971	0.007688396819338378	0.0	0.9240593982770843	reverted	reverted	reverted	reverted	memory	0.9977173713503963	0.0	0.0	0.0	0.0	0.0	0.07594060172291571
ATCGAAGGTCCATATA-E15S	Tumor	E15S	1	6390.0	0.14238179383843985	0.8484993990146549	0.6887226038295223	0.16680319786321346	0.4740636639776724	0.006768992866636335	0.5191673431556912	0.013712536766910248	0.12197186154182607	0.8643156016912638	0.013712536766910248	0.0	0.9932310071333637	reverted	reverted	reverted	reverted	inducing	0.9977397076451335	0.0	0.0	0.0	0.0	0.0	0.006768992866636335
CCTAGTAAGGAACTGG-E15S	Tumor	E15S	1	6864.0	0.16200316998253994	0.8436622540786135	0.25111565496061516	0.224350852107784	0.09024462153737123	0.008812152505559145	0.9009432259570697	0.01415119001391548	0.12496888397251449	0.8608799260135701	0.01415119001391548	0.0	0.9911878474944409	reverted	reverted	reverted	reverted	reverted	0.9758089540810705	0.0	0.0	0.0	0.0	0.0	0.008812152505559145
TACACCGGTATGTGTC-E15S	Tumor	E15S	1	8457.0	1.3545282783286303	0.3607990381014333	0.4838882480256256	0.14996686242850615	0.22065492824609914	0.007257961468465821	0.772087110285435	0.16802919527877155	0.618132546124742	0.2138382585964864	0.16802919527877155	0.772087110285435	0.0	partial	partial	partial	partial	partial	0.5153190291266335	0.0	0.0	0.0	0.22065492824609914	0.007257961468465821	0.0
TATCATCCATGCTGTC-E15S	Tumor	E15S	1	8142.0	1.2826821383320792	0.3927226156905901	0.19247750138263534	0.21915674668973753	0.07606203382340532	0.009326007501120337	0.9146119586754745	0.14835033521231833	0.5894892065570735	0.26216045823060813	0.14835033521231833	0.9146119586754743	0.0	partial	partial	partial	partial	persistent	0.08071292835571793	0.0	0.0	0.0	0.0760620338234053	0.009326007501120335	0.0
CATTCGTTCCTTCAGT-E15S	Tumor	E15S	1	8399.0	1.5904562767355266	0.2653108468940795	-0.33437159973889397	0.3310145850670926	0.0397660514730466	0.03275439958920561	0.9274795489377476	0.2386031043762267	0.666588372003458	0.0948085236203153	0.2386031043762267	0.0	0.0	partial	persistent	partial	persistent	memory	0.9339368609427665	0.9274795489377479	0.039766051473046606	0.03275439958920562	0.0	0.0	0.0
CTCGTAGGTCCATCAG-E15S	Tumor	E15S	1	8065.0	0.4607323997210932	0.7540246427423436	0.5361789088216602	0.17396060668236676	0.2605614694678006	0.007221244192058934	0.7322172863401405	0.02477496302197901	0.190471718790271	0.7847533181877501	0.02477496302197901	0.0	0.9927787558079411	reverted	reverted	reverted	reverted	reverted	0.9687563958783395	0.0	0.0	0.0	0.0	0.0	0.007221244192058934
AACGTAAAGTAGTCCA-E15S	Tumor	E15S	1	5308.0	-0.5807969541012568	0.9565601765858521	0.7229636379117734	0.20111391870516032	0.47491051352526803	0.006565318913577125	0.5185241675611548	0.007450652153579066	0.07349095983309643	0.9190583880133244	0.007450652153579066	0.0	0.9934346810864229	reverted	reverted	reverted	reverted	inducing	0.9999354174175744	0.0	0.0	0.0	0.0	0.0	0.006565318913577125
CTCAGTTTCATGGCTA-E15S	Tumor	E15S	1	6537.0	-0.9794338371117924	0.9790951432314363	1.1004839570001121	0.14197875374770424	0.969871181491245	0.002164548497534346	0.027964270011220763	0.008672370201540557	0.07909996296241456	0.9122276668360447	0.008672370201540557	0.0	0.9978354515024656	reverted	reverted	reverted	reverted	inducing	0.9999084239501805	0.0	0.0	0.0	0.0	0.0	0.0021645484975343454
CTACTGTTCTATGGAT-E15S	Tumor	E15S	1	5194.0	-0.5741694618386689	0.9560358229336449	0.5569461976784364	0.21565492700052064	0.255905606420052	0.00724774224737234	0.7368466513325757	0.00745402231292483	0.07356017376099525	0.9189858039260799	0.00745402231292483	0.0	0.9927522577526277	reverted	reverted	reverted	reverted	inducing	0.9836017125443158	0.0	0.0	0.0	0.0	0.0	0.00724774224737234
CTCTGTTAGTCATCAG-E15S	Tumor	E15S	1	6694.0	0.09501533637759818	0.8596699862585724	0.8865774622353293	0.13979955149966322	0.8291559784065301	0.0046471478816355605	0.16619687371183442	0.012746786338057023	0.11526266147689732	0.8719905521850457	0.012746786338057023	0.0	0.9953528521183646	reverted	reverted	reverted	reverted	reverted	0.9946245742897349	0.0	0.0	0.0	0.0	0.0	0.0046471478816355605
TCACTTATCGATACAT-E15S	Tumor	E15S	1	6222.0	-0.34607602070113697	0.9338632027601725	0.6066674216250464	0.21332742386408848	0.3078521095989673	0.007092713921722473	0.6850551764793102	0.008032501259124396	0.07931954968774867	0.912647949053127	0.008032501259124396	0.0	0.9929072860782775	reverted	reverted	reverted	reverted	inducing	0.9975526092151993	0.0	0.0	0.0	0.0	0.0	0.007092713921722473
TAAGCGGAGTAATTGC-E15S	Tumor	E15S	1	5301.0	-0.7800618947532432	0.969798769108672	0.6858510221308036	0.19955953662029227	0.4230058123208793	0.006769792034001238	0.5702243956451195	0.007692522851167611	0.07384678935211236	0.9184606877967201	0.007692522851167611	0.0	0.9932302079659988	reverted	reverted	reverted	reverted	inducing	0.9987479014335074	0.0	0.0	0.0	0.0	0.0	0.006769792034001238
AGCATGAGTCTAGCGC-E15S	Tumor	E15S	1	8265.0	2.231786038389252	0.09685395266597413	0.37991203835078513	0.16473526887730502	0.1411298802810273	0.007434754233486214	0.8514353654854865	0.47082900370878356	0.5251104647169464	0.004060531574270103	0.47082900370878356	0.0	0.0	partial	persistent	partial	persistent	persistent	0.13712121091725257	0.8514353654854866	0.14112988028102733	0.007434754233486215	0.0	0.0	0.0
AGTCCTAAGTGCTGCG-E15S	Tumor	E15S	1	5136.0	-0.4039674466885829	0.9403188026548368	0.6901857009077423	0.17584909724346404	0.46310231394893625	0.0067527590584960905	0.5301449269925677	0.007796505164704585	0.0772064294266658	0.9149970654086296	0.007796505164704585	0.0	0.993247240941504	reverted	reverted	reverted	reverted	reverted	0.996220654129863	0.0	0.0	0.0	0.0	0.0	0.006752759058496091
TGACTGATCGAACGTC-E15S	Tumor	E15S	1	5772.0	-0.9978936921867654	0.9797985898879915	0.674182026308446	0.19172956266014585	0.4168499576875363	0.00682528271872085	0.5763247595937429	0.00880792857134073	0.07985943405772032	0.911332637370939	0.00880792857134073	0.0	0.9931747172812792	reverted	reverted	reverted	reverted	inducing	0.9989391499626692	0.0	0.0	0.0	0.0	0.0	0.00682528271872085
GCATAACCATGCTACC-E15S	Tumor	E15S	1	7491.0	1.6777040728063837	0.23438422581310872	0.5366409579888118	0.14050326005342204	0.28191667911378415	0.007243761122106664	0.7108395597641092	0.2665363168675883	0.6668623719441517	0.06660131118826002	0.2665363168675883	0.0	0.0	partial	persistent	partial	persistent	persistent	0.00558724204408238	0.7108395597641092	0.28191667911378415	0.007243761122106664	0.0	0.0	0.0
ACCTGGGTCGAATCCA-E15S	Tumor	E15S	1	5131.0	-1.296892916150908	0.9884293517800474	-0.06471741778269047	0.4242091353393367	0.063664789341127	0.020316538732028665	0.9160186719268444	0.012532364392405647	0.1002602646156556	0.8872073709919388	0.012532364392405647	0.0	0.9796834612679713	reverted	reverted	reverted	reverted	inducing	0.9998412181434295	0.0	0.0	0.0	0.0	0.0	0.020316538732028665
TATACGTAGCGCTCTC-E15S	Tumor	E15S	1	7549.0	2.1924783134107817	0.1035614513063961	-0.35465495362860155	0.2921158043145709	0.03647687400455141	0.03470629799219541	0.9288168280032533	0.4546382775984951	0.5402624673117539	0.005099255089751048	0.4546382775984951	0.0	0.0	partial	persistent	partial	persistent	persistent	0.07799123837187373	0.928816828003253	0.0364768740045514	0.034706297992195406	0.0	0.0	0.0
CGTGTATGTTGTGGCC-E15S	Tumor	E15S	1	5926.0	0.36444258545115155	0.7862528988465393	0.8104729673510416	0.13680696243314475	0.7286157514792885	0.005633643205143565	0.26575060531556804	0.020370510799918598	0.16473347268868554	0.8148960165113959	0.020370510799918598	0.0	0.9943663567948565	reverted	reverted	reverted	reverted	reverted	0.9175123950154908	0.0	0.0	0.0	0.0	0.0	0.005633643205143565
GCGCTTGAGCGAGCTT-E15S	Tumor	E15S	1	5275.0	-0.16673657643827114	0.9095446598535865	0.15545185033655567	0.32449237791555274	0.07827782243850141	0.012140994832051244	0.9095811827294474	0.009226145336176545	0.0891596747008345	0.9016141799629889	0.009226145336176545	0.0	0.9878590051679487	reverted	reverted	reverted	reverted	inducing	0.9968958182167531	0.0	0.0	0.0	0.0	0.0	0.01214099483205124
GGCAATAGTTGCGGTC-E15S	Tumor	E15S	1	7825.0	1.5281837142393293	0.28891613600833826	-0.06082191070396131	0.25785063597888663	0.04689944157716735	0.015623542864854284	0.9374770155579782	0.21923785349365066	0.6607901826385422	0.11997196386780724	0.21923785349365066	0.0	0.0	partial	persistent	partial	persistent	partial	0.6224732516256533	0.9374770155579785	0.04689944157716736	0.015623542864854288	0.0	0.0	0.0
GTTAGCGCAAACTTAG-E15S	Tumor	E15S	1	5977.0	2.798203994198359	0.035400215719183496	0.4447295595239409	0.15173479691085753	0.18644530207372934	0.0072824311428878455	0.8062722667833829	0.7126929072762725	0.2872142473069653	9.284541676203154e-05	0.7126929072762725	0.0	0.0	persistent	persistent	persistent	persistent	persistent	0.041952400618959315	0.8062722667833829	0.18644530207372934	0.0072824311428878455	0.0	0.0	0.0
AGCAATTTCTAACTCC-E15S	Tumor	E15S	1	7190.0	-1.4784818132496165	0.9917676797982071	-0.050528656767469426	0.4347889170411812	0.06595753935770947	0.02014448260907391	0.9138979780332166	0.016971010925026845	0.12255375343046178	0.8604752356445113	0.016971010925026845	0.0	0.9798555173909261	reverted	reverted	reverted	reverted	reverted	0.999995402854663	0.0	0.0	0.0	0.0	0.0	0.020144482609073915
ACTGCCTCATTCGCGT-E15S	Tumor	E15S	1	6269.0	-0.9319743544643001	0.9771747761579739	0.9235939278037401	0.14973909045994124	0.8559827061127232	0.004232269996048512	0.13978502389122827	0.008361846801941073	0.07737100509654558	0.9142671481015133	0.008361846801941073	0.0	0.9957677300039515	reverted	reverted	reverted	reverted	inducing	0.999524123958043	0.0	0.0	0.0	0.0	0.0	0.004232269996048512
TCTGGCGAGGTTCAGC-E15S	Tumor	E15S	1	6293.0	-0.69837826976078	0.9649251571204077	0.1739018335257916	0.32838191615125	0.08163802712910713	0.01192900385912393	0.906432969011769	0.007511921183212069	0.07313128907714429	0.9193567897396435	0.007511921183212069	0.0	0.9880709961408761	reverted	reverted	reverted	reverted	inducing	0.9998624636765223	0.0	0.0	0.0	0.0	0.0	0.01192900385912393
CTCAGTAAGGTGCGTT-E15S	Tumor	E15S	1	7676.0	1.8521926443145522	0.1803390520204859	0.058527457146320974	0.23220408609210322	0.05580730113093548	0.011728424312727881	0.9324642745563367	0.32543847042837076	0.6440937191906964	0.03046781038093275	0.32543847042837076	0.0	0.0	partial	persistent	partial	persistent	partial	0.38528124166562366	0.9324642745563367	0.05580730113093548	0.011728424312727881	0.0	0.0	0.0
AACAGGCGTTAGGTGA-E15S	Tumor	E15S	1	5463.0	0.06565774493133963	0.8662417629687431	0.7314664520395345	0.1855551196480261	0.5132287101374666	0.006497177955073915	0.4802741119074593	0.01220898742596193	0.11145531870826922	0.8763356938657688	0.01220898742596193	0.0	0.9935028220449261	reverted	reverted	reverted	reverted	inducing	0.9988724644220032	0.0	0.0	0.0	0.0	0.0	0.0064971779550739165
GCGCTAACATGGTCAG-E15S	Tumor	E15S	1	6686.0	0.24904984789687623	0.8206769974261225	0.26245312553398764	0.24586676013662112	0.09428898159112661	0.009061318561967518	0.8966496998469059	0.016410304991427625	0.13996103226517875	0.8436286627433937	0.016410304991427625	0.0	0.9909386814380325	reverted	reverted	reverted	reverted	inducing	0.9911564177925778	0.0	0.0	0.0	0.0	0.0	0.009061318561967518
TACCGTCCATGGCAGC-E15S	Tumor	E15S	1	5527.0	0.11498574458180086	0.8550467253700053	0.5248151244479657	0.1884551092184711	0.2412079766145611	0.00725703993203172	0.7515349834534072	0.013138555718377267	0.11800340574070207	0.8688580385409207	0.013138555718377267	0.0	0.9927429600679682	reverted	reverted	reverted	reverted	reverted	0.9892595376220256	0.0	0.0	0.0	0.0	0.0	0.00725703993203172
ACGCATATCCCGTAGG-E15S	Tumor	E15S	1	5356.0	-0.013708218942743919	0.8827135911745893	-0.8473576064875931	0.6761589944692719	0.051769635887544053	0.06525906721309874	0.8829712968993572	0.01095862863981734	0.10238057509311586	0.8866607962670666	0.01095862863981734	0.0	0.9347409327869013	reverted	reverted	reverted	reverted	inducing	0.8806445445206116	0.0	0.0	0.0	0.0	0.0	0.06525906721309875
TCAATTGGTTCGAGCC-E15S	Tumor	E15S	1	6232.0	1.5363959138755567	0.28573262764570545	-0.32861250539723297	0.37646411784938966	0.04362915207582982	0.03250422624711043	0.9238666216770599	0.22176409266533326	0.6618356338162009	0.11640027351846591	0.22176409266533326	0.0	0.0	partial	persistent	partial	persistent	inducing	0.8308740482695041	0.9238666216770597	0.04362915207582981	0.032504226247110427	0.0	0.0	0.0
GTGATTGTCTAAGTAC-E15S	Tumor	E15S	1	5973.0	0.274412413097386	0.8135016785761723	0.33132387931113444	0.21069754284851788	0.11573226973280619	0.008037514517579818	0.8762302157496141	0.017176767161343077	0.14489464829564466	0.8379285845430124	0.017176767161343077	0.0	0.9919624854824203	reverted	reverted	reverted	reverted	inducing	0.9552972943049987	0.0	0.0	0.0	0.0	0.0	0.008037514517579818
TCACAATAGTTGCGTA-E15S	Tumor	E15S	1	5963.0	-0.04621598363864665	0.8889365348257027	-0.564557169171655	0.6108616845613357	0.055241084673456696	0.04706430135059332	0.8976946139759499	0.010522605112891936	0.09913322854248788	0.8903441663446202	0.010522605112891936	0.0	0.9529356986494066	reverted	reverted	reverted	reverted	reverted	0.9124029311120795	0.0	0.0	0.0	0.0	0.0	0.04706430135059333
GGTCACTAGCTGGTCG-E15S	Tumor	E15S	1	5789.0	1.0870423942490668	0.4836292695308351	0.1966014358518644	0.2341454686746676	0.07802981855136647	0.009552555291187932	0.9124176261574456	0.10115325687313169	0.4880766890333613	0.410770054093507	0.10115325687313169	0.9124176261574456	0.0	partial	partial	partial	partial	persistent	0.19105586064661653	0.0	0.0	0.0	0.07802981855136647	0.009552555291187932	0.0
ATTCAGGTCCATGAAT-E15S	Tumor	E15S	1	5241.0	0.25017774000930093	0.8203625423403276	0.10868754487918265	0.32085976486580303	0.07102415079430673	0.012906514902009844	0.9160693343036834	0.016443269159095223	0.14017471769226553	0.8433820131486394	0.016443269159095223	0.0	0.9870934850979901	reverted	reverted	reverted	reverted	reverted	0.9831360060549371	0.0	0.0	0.0	0.0	0.0	0.012906514902009844
ACCATCAAGTCGCACG-E15S	Tumor	E15S	1	5438.0	-0.3261444271110305	0.931494174112921	-0.21337534657025406	0.45746533768874326	0.05683373870640483	0.02694613202774983	0.9162201292658452	0.008129166739603006	0.0801586243439831	0.9117122089164139	0.008129166739603006	0.0	0.9730538679722501	reverted	reverted	reverted	reverted	memory	0.9999001439517565	0.0	0.0	0.0	0.0	0.0	0.026946132027749835
CGATTAACAACCAGCA-E15S	Tumor	E15S	1	6955.0	-0.3128277615230206	0.9298678182054848	-0.030584022714427284	0.3608959444657022	0.05985244247171474	0.017476037601213912	0.9226715199270713	0.008198350622620199	0.08075228650507371	0.9110493628723061	0.008198350622620199	0.0	0.982523962398786	reverted	reverted	reverted	reverted	reverted	0.9966561298148305	0.0	0.0	0.0	0.0	0.0	0.017476037601213912
CGTTGGACAGTTGGAT-E15S	Tumor	E15S	1	7254.0	1.7022770610391846	0.22613958275306348	-1.617862351139758	0.9565352656434606	0.05466625369558018	0.09291528009626766	0.8524184662081521	0.2745761656574542	0.6654115216638826	0.06001231267866325	0.2745761656574542	0.0	0.0	partial	persistent	partial	persistent	persistent	0.030004327890049923	0.8524184662081521	0.05466625369558018	0.09291528009626766	0.0	0.0	0.0
CTGATAGTCGATCGGT-E15S	Tumor	E15S	1	5647.0	-0.21998832770113538	0.9175035745172124	0.5292269912491075	0.1995259923521137	0.2395161191457735	0.007272969575488405	0.7532109112787382	0.008790616852817748	0.08567127558543189	0.9055381075617505	0.008790616852817748	0.0	0.9927270304245115	reverted	reverted	reverted	reverted	inducing	0.9289077465435461	0.0	0.0	0.0	0.0	0.0	0.007272969575488403
CACCAAATCCTGATCT-E15S	Tumor	E15S	1	5154.0	-1.0640598456890555	0.9821345074024797	0.817297687143628	0.1736908772817797	0.6730325086455322	0.005710392878947826	0.32125709847552003	0.00936817791407589	0.08300472083203082	0.9076271012538933	0.00936817791407589	0.0	0.9942896071210521	reverted	reverted	reverted	reverted	reverted	0.9999985386067844	0.0	0.0	0.0	0.0	0.0	0.005710392878947825
CACCGAACAAACCCAG-E15S	Tumor	E15S	1	5067.0	0.13545101384967054	0.8501783806114522	-0.12139285634977864	0.36203055051066474	0.05290459955842351	0.02070709477514207	0.9263883056664345	0.01356319028629745	0.12094450838347184	0.8654923013302306	0.01356319028629745	0.0	0.979292905224858	reverted	reverted	reverted	reverted	reverted	0.9162600970508877	0.0	0.0	0.0	0.0	0.0	0.02070709477514207
GTTAGCCAGGCTTACA-E15S	Tumor	E15S	1	5422.0	-1.0603445105123281	0.9820106725379105	0.4818387522462312	0.2349958550790748	0.1891225246618966	0.0075886599429847825	0.8032888153951185	0.009333455740743738	0.08280992708945141	0.9078566171698047	0.009333455740743738	0.0	0.9924113400570153	reverted	reverted	reverted	reverted	inducing	0.9999963018501588	0.0	0.0	0.0	0.0	0.0	0.007588659942984783
AATGGGTAGTCGAGGA-E15S	Tumor	E15S	1	7221.0	0.31849974098067335	0.8005062987424456	-1.2284240370076307	0.893183583895857	0.05839381152517949	0.07371966402233412	0.8678865244524865	0.018642689589890026	0.1541377417547431	0.8272195686553668	0.018642689589890026	0.0	0.9262803359776658	reverted	reverted	reverted	reverted	reverted	0.9539533804891323	0.0	0.0	0.0	0.0	0.0	0.07371966402233411
ATACGCGCATCGGGAC-E15S	Tumor	E15S	1	5518.0	1.5522324636720028	0.27965332979440854	0.4001123030672108	0.18425219509863824	0.14999476684784108	0.007505937516018159	0.8424992956361407	0.22665959550932208	0.6636082479404914	0.10973215655018649	0.22665959550932208	0.0	0.0	partial	persistent	partial	persistent	persistent	0.07359426752555422	0.8424992956361408	0.1499947668478411	0.0075059375160181595	0.0	0.0	0.0
CTATTGAGTTCGGGCT-E15S	Tumor	E15S	1	6747.0	-0.9908966739927968	0.979534726209447	-1.3386713914161716	1.0421163949715873	0.06621248380812023	0.06753362948062708	0.8662538867112526	0.008755534682554083	0.07956569504261793	0.911678770274828	0.008755534682554083	0.0	0.932466370519373	reverted	reverted	reverted	reverted	inducing	0.9999827918907155	0.0	0.0	0.0	0.0	0.0	0.06753362948062709
TAACCGATCCATCACT-E15S	Tumor	E15S	1	7501.0	1.243012403295031	0.41077045484406727	-0.48033742799392587	0.47624876343908096	0.04667465626548624	0.04397708156158846	0.9093482621729253	0.13796452970133602	0.571301420770895	0.29073404952776893	0.13796452970133602	0.9093482621729253	0.0	partial	partial	partial	partial	memory	0.9791819304459718	0.0	0.0	0.0	0.04667465626548624	0.04397708156158846	0.0
TACGTCAAGCTTAGGC-E15S	Tumor	E15S	1	6482.0	0.8703613918252749	0.5853326633305246	0.5244973318891241	0.19101239958374222	0.2395871024489427	0.007262793876455698	0.7531501036746017	0.06248381683852974	0.3638548600888395	0.5736613230726308	0.06248381683852974	0.7531501036746017	0.0	reverted	partial	reverted	partial	reverted	0.9911086957801186	0.0	0.0	0.0	0.2395871024489427	0.007262793876455698	0.0
CTTGGGACATAACCGG-E15S	Tumor	E15S	1	5018.0	2.1245382208850354	0.11612549267458294	0.866548793588882	0.11640942030113986	0.8370082431453895	0.0047651043214028375	0.15822665253320775	0.42723360340033445	0.5652845535659234	0.007481843033742087	0.42723360340033445	0.0	0.0	partial	persistent	transitioning_out	persistent_exiting	persistent	0.194170542645312	0.15822665253320775	0.8370082431453895	0.0047651043214028375	0.0	0.0	0.0
TGGTCCTCACATGATA-E15S	Tumor	E15S	1	6662.0	2.3582179401106385	0.07784204017670873	-0.5105208975842561	0.39197120133163876	0.03945907991147512	0.05000741611983133	0.9105335039686936	0.5243021273625268	0.47380351729287834	0.0018943553445949141	0.5243021273625268	0.0	0.0	persistent	persistent	persistent	persistent	persistent	0.2379028214988152	0.9105335039686936	0.03945907991147512	0.05000741611983133	0.0	0.0	0.0
GGCTGACCATGAAGTC-E15S	Tumor	E15S	1	5740.0	-1.046567449812817	0.9815440746669383	-0.9276871650086457	0.8343899107610948	0.06179227625318744	0.059992938902159905	0.8782147848446528	0.009208210353574442	0.08210691243828805	0.9086848772081375	0.009208210353574442	0.0	0.9400070610978402	reverted	reverted	reverted	reverted	reverted	0.9999995838097837	0.0	0.0	0.0	0.0	0.0	0.059992938902159905
TAGGATGGTCCCGAAC-E15S	Tumor	E15S	1	5336.0	2.6309561753254473	0.04795405982318787	0.14758933375295122	0.22549885011432944	0.06802792864092909	0.010025801464315804	0.921946269894755	0.6427186153716158	0.3569688821316966	0.0003125024966877208	0.6427186153716158	0.0	0.0	persistent	persistent	persistent	persistent	persistent	0.026545439866416498	0.9219462698947551	0.0680279286409291	0.010025801464315805	0.0	0.0	0.0
GGGTTGGGTCTAGCTG-E15S	Tumor	E15S	1	5022.0	-0.5315374854518752	0.9525158794487458	-1.6630243587041662	1.0313030096757467	0.05875794932176324	0.08543373100376049	0.8558083196744762	0.0074931663403548	0.07413238905371912	0.9183744446059262	0.0074931663403548	0.0	0.9145662689962395	reverted	reverted	reverted	reverted	inducing	0.9999135392888282	0.0	0.0	0.0	0.0	0.0	0.08543373100376049
TAATGTCAGGATGGGC-E15S	Tumor	E15S	1	6388.0	-1.3570911660538583	0.9896627468317476	0.24253794283293229	0.3175540714261114	0.09373298326820752	0.010682452134968585	0.895584564596824	0.013759231104255113	0.10663641539302053	0.8796043535027243	0.013759231104255113	0.0	0.9893175478650313	reverted	reverted	reverted	reverted	reverted	0.9999874058284683	0.0	0.0	0.0	0.0	0.0	0.010682452134968583
CTTCACTAGGAGCTAG-E15S	Tumor	E15S	1	5836.0	3.010537591739216	0.02396333616735931	-1.7701883377150611	0.9366486232595473	0.050662545157316406	0.10948108376038583	0.8398563710822977	0.7925477590377498	0.2074346097959664	1.7631166283813217e-05	0.7925477590377498	0.0	0.0	persistent	persistent	persistent	persistent	persistent	0.04645374345952342	0.8398563710822978	0.05066254515731641	0.10948108376038584	0.0	0.0	0.0
CACCCATCAAGCCGTA-E15S	Tumor	E15S	1	5143.0	-1.2644853183681566	0.987706234975915	-1.1566725529156676	0.987035604567263	0.06680269412663048	0.06280843628139554	0.870388869591974	0.011953885896304191	0.09719221991597668	0.8908538941877192	0.011953885896304191	0.0	0.9371915637186046	reverted	reverted	reverted	reverted	inducing	0.9999970273202076	0.0	0.0	0.0	0.0	0.0	0.06280843628139554
GCGAGGTAGGATGCGA-E15S	Tumor	E15S	1	5103.0	1.2555924720611071	0.40501857508434896	0.13964771654346525	0.25455623951646034	0.0692599793016268	0.010757347461822003	0.9199826732365513	0.1412180415576977	0.5772354902599539	0.28154646818234835	0.1412180415576977	0.9199826732365513	0.0	partial	partial	partial	partial	memory	0.743900269440221	0.0	0.0	0.0	0.0692599793016268	0.010757347461822003	0.0
ACCCTATTCGCTCCAC-E15S	Tumor	E15S	1	6443.0	-1.7756461082275086	0.9952930551482871	-1.1851574353688257	1.0289933851419606	0.06898243755383845	0.06172454856476762	0.869293013881394	0.03158380113378188	0.18475997102579853	0.7836562278404196	0.03158380113378188	0.0	0.9382754514352323	reverted	reverted	reverted	reverted	reverted	0.999999875194421	0.0	0.0	0.0	0.0	0.0	0.061724548564767605
CGCCATAGTGGACACG-E15S	Tumor	E15S	1	5486.0	1.1306815832557584	0.46303706748284085	-0.9025400774180276	0.7745707568703786	0.057892516240954706	0.062098195942141804	0.8800092878169035	0.11074804965968413	0.5127517939845206	0.3765001563557952	0.11074804965968413	0.8800092878169035	0.0	partial	partial	partial	partial	reverted	0.9247500330112057	0.0	0.0	0.0	0.057892516240954706	0.062098195942141804	0.0
CACTTAGAGCAATCTG-E15S	Tumor	E15S	1	5828.0	-1.1642521508282464	0.9851754692075139	0.005541747708750197	0.38467836711687525	0.06574840013544801	0.017092110564789157	0.9171594892997628	0.01047078259191139	0.08914301382821228	0.9003862035798764	0.01047078259191139	0.0	0.9829078894352108	reverted	reverted	reverted	reverted	inducing	0.9999886323717333	0.0	0.0	0.0	0.0	0.0	0.017092110564789157
TAAACGAAGCTATGTG-E15S	Tumor	E15S	1	5202.0	1.0687864652477583	0.4922643454356787	0.013425032198811138	0.2672961183745815	0.0542874506755312	0.013654050703096143	0.9320584986213726	0.09731406729449996	0.4775723124916219	0.4251136202138783	0.09731406729449996	0.9320584986213727	0.0	partial	partial	partial	partial	memory	0.7911928688267267	0.0	0.0	0.0	0.05428745067553121	0.013654050703096145	0.0
CACCTCGCAAGCTAGT-E15S	Tumor	E15S	1	5048.0	0.43556460935289626	0.7627543901163923	0.44545162489213375	0.2033450968299135	0.17387636920901645	0.007498248473061206	0.8186253823179224	0.023510552567907357	0.18325503843738356	0.793234408994709	0.023510552567907357	0.0	0.9925017515269388	reverted	reverted	reverted	reverted	memory	0.9999861798432442	0.0	0.0	0.0	0.0	0.0	0.007498248473061206
ATCGTTGAGGGCTAAG-E15S	Tumor	E15S	1	6668.0	-1.7338552711989281	0.9949075044036748	-1.3329774197009305	1.078282829482312	0.06874911441595505	0.06498358883416863	0.8662672967498763	0.028711481356565764	0.17356634903609378	0.7977221696073404	0.028711481356565764	0.0	0.9350164111658315	reverted	reverted	reverted	reverted	reverted	0.9999940491853009	0.0	0.0	0.0	0.0	0.0	0.06498358883416863
AGGAATATCAATGGTT-E15S	Tumor	E15S	1	6339.0	-1.6858397989391212	0.9944256032379625	-0.8114318962379846	0.7295551613136051	0.05699777069599371	0.05878621555198547	0.8842160137520207	0.02580687584249933	0.1617969201894566	0.812396203968044	0.02580687584249933	0.0	0.9412137844480145	reverted	reverted	reverted	reverted	reverted	0.9999992789862278	0.0	0.0	0.0	0.0	0.0	0.058786215551985474
GTTCCTTAGTCGACGT-E15S	Tumor	E15S	1	5102.0	-1.851994798847955	0.9959239310669378	0.5024679414970991	0.27390554693545527	0.19077428840228358	0.00782839717397108	0.8013973144237454	0.03779494550200395	0.2076483777632263	0.7545566767347698	0.03779494550200395	0.0	0.992171602826029	reverted	reverted	reverted	reverted	reverted	0.9999998241566223	0.0	0.0	0.0	0.0	0.0	0.00782839717397108
