cell	spliced_umi	cycle_s	cycle_g2m	h	h_sd_boot	theta	pheno	pheno_nocycle	h_nocycle	p_persist	p_partial	p_reverted	xi	xi_sd	p_away	p_toward	p_none	state	boot_p_persist
AGAGTCCTCGATTCCT-E15S	159429.0	0.09779560689228844	0.23799039057054983	0.9217538462009401	0.052067806971580456	0.561538914206763	partial	partial	0.8675027980372746	0.4315466314175202	0.5660609051171014	0.0023924634653783453	0.03757336464102697	0.1014490222843294	0.026285166905960923	0.011456887997113452	0.9622579450969256	partial	0.0
GGACATAGTGGCGACA-E15S	154601.0	0.17423268563548672	0.2321244342081401	1.1679292990270422	0.053186382799153505	0.4455573157598862	partial	partial	1.1085941187966146	0.4685846226358713	0.5311932586792967	0.00022211868483205566	-0.22698598142029366	0.12494868610469073	0.01818180788810718	0.025460708513537073	0.9563574835983557	partial	0.0
TGGATATTCACTCGCC-E15S	151519.0	0.07694517182166455	0.12136347349941146	-0.553869523103172	0.027807801054931566	0.9543919138391289	reverted	reverted	-0.6201404117602832	0.15363294597343727	0.2012331309599283	0.6451339230666345	-0.484383952637956	0.21652594554307128	0.019200699050272548	0.06896915364953067	0.911830147300197	reverted	0.0
CAGTCCTCATCCACTA-E15S	156860.0	0.005580633675238977	0.2086081611615862	-0.41533315551998157	0.03458342851721879	0.9415149447582639	reverted	reverted	-0.4841065812219021	0.1546304141022423	0.2159272932185143	0.6294422926792435	-0.06928560106067504	0.12994674799032244	0.02191500642713936	0.015311997063745924	0.9627729965091149	reverted	0.0
GGCTATTGTTTAGGAG-E15S	159484.0	-0.0966889178989993	0.3174959044517328	0.42862163704503686	0.04009975475380019	0.7651247280415778	reverted	reverted	0.3687224281869836	0.3586633689753834	0.5557372420432006	0.08559938898141599	-0.20623769514401633	0.13093243909708466	0.018580545660553283	0.02364542909511173	0.9577740252443347	partial	0.0
CTACGAATCCCTGTCA-E15S	157279.0	0.19568537936358416	0.23248088289663105	0.8816466993071682	0.0436295400791404	0.5801377606718829	partial	partial	0.8006389825597422	0.4262702077505019	0.5703289506590183	0.0034008415904797197	-0.12411126067379727	0.12029065777004926	0.019896880370392573	0.01775200502516935	0.9623511146044382	partial	0.0
GTAGGTGAGTGATACT-E15S	155303.0	0.060792747898937904	0.30162674169901915	-1.1471296896211287	0.03478247369976653	0.984694527884475	reverted	reverted	-1.2196267846159143	0.32711021470500445	0.2804508939534117	0.39243889134158383	-0.13335976675410835	0.1586657789064596	0.020917833992333962	0.01907051459185442	0.9600116514158117	reverted	0.0
ACCAATGTCACCAATG-E15S	164813.0	-0.04019113171438071	0.37638182251911956	0.2515862350165142	0.04233971182056761	0.8199692509695913	reverted	reverted	0.15112569950315846	0.31154425057619806	0.4919352140647011	0.19652053535910088	-0.27313888681219384	0.1394218798200464	0.01810443511905609	0.030621496056399328	0.9512740688245446	partial	0.0
TACGGGCCAATAGGGA-E15S	157334.0	0.043510697850827174	0.49340329324828636	-0.5563727577241323	0.02916082848434198	0.9545977495125254	reverted	reverted	-0.6353248762596942	0.15372850552294254	0.20110107095944346	0.645170423517614	-0.15457637809843178	0.14656359195538854	0.019974171513364124	0.020088750125752213	0.9599370783608835	reverted	0.0
CAATATCAGCCTGGAT-E15S	201001.0	0.14055732731289178	0.34131612039024406	-0.7247441196917951	0.036157214202118294	0.9665758459444921	reverted	reverted	-0.8121994736994518	0.17023485877281513	0.2023298605071402	0.6274352807200447	-0.5066686280616137	0.20141963290774426	0.019216437499381466	0.07834624189908036	0.9024373206015381	reverted	0.0
CACAGGTTCACTTCGT-E15S	189923.0	0.05380125763747173	0.2956135823626007	0.06684755998103635	0.03598133878113486	0.8659805571544099	reverted	reverted	-0.031345772216222555	0.25132914238072207	0.395535362703478	0.3531354949158	-0.014099566427113349	0.10942229906149718	0.02358852462091614	0.01295248909832032	0.9634589862807637	partial	0.0
GTGGGATGTTCCCGAA-E15S	201021.0	0.05318080259983843	0.32200009801024654	-0.682794041810868	0.037290329052291675	0.9639128166858596	reverted	reverted	-0.7636656737591049	0.16416552634556733	0.20020017350676853	0.6356343001476641	0.15907398934285982	0.10286566472435775	0.03766281251876144	0.00953627491560052	0.952800912565638	reverted	0.0
CAATGCATCCCGCGTT-E15S	207123.0	-0.03553380233388903	0.017487147705390393	-0.8987762957809238	0.027157663001345034	0.9757301286481279	reverted	reverted	-1.0022131116868735	0.21191237470841387	0.22345777449077228	0.5646298508008138	-0.2571979619896651	0.15380587864458248	0.01856216882086405	0.028872381662435966	0.9525654495167001	reverted	0.0
GCTAATGTCATGCCTT-E15S	214549.0	0.1167019010390829	0.297382234144539	-0.33349748743800284	0.03034124961993089	0.9323771593993297	reverted	reverted	-0.4265843590094122	0.16092256162605514	0.23192593948403745	0.6071514988899074	-0.20952736942895517	0.1369411298398849	0.01868918538951625	0.024018159154957107	0.9572926554555268	reverted	0.0
CTACCGCTCACGTAGC-E15S	159101.0	-0.09494066892277636	0.25570165067035955	-0.7669854831873111	0.03091232201454173	0.9690652044152607	reverted	reverted	-0.8544112636587862	0.17779727609108228	0.2056626624736517	0.616540061435266	-0.06312749654556014	0.1360829106731275	0.022366235326752703	0.015189689733440457	0.9624440749398069	reverted	0.0
CGTCAAATCCGGGCTA-E15S	165012.0	-0.11259927508138712	0.28191076589175834	1.6292827474032219	0.06213938836270967	0.25123249282849985	persistent	persistent	1.5861229384174864	0.5647848196874575	0.43521423938567166	9.409268707992163e-07	-0.08816200168191632	0.10690578348518566	0.02054196518487886	0.015695842682529975	0.9637621921325912	persistent	0.9848484848484849
AGGTATGGTCAATCAC-E15S	207241.0	-0.017234416839379263	0.3729601891036376	-0.7757080965833134	0.03187556056608189	0.9695564193705386	reverted	reverted	-0.8747658896585658	0.17954943922814628	0.20649763980998637	0.6139529209618674	-0.45056002352504626	0.19330112388630585	0.018865500105720828	0.0622448066002871	0.918889693293992	reverted	0.0
CCACGTAGTTTACCAA-E15S	204162.0	0.14734531208018015	0.27129493087632783	0.07101129599211996	0.03861572620301438	0.8650630761857658	reverted	reverted	-0.005096638808334909	0.2526813177834077	0.3977963359372458	0.3495223462793465	-0.2586298827297373	0.1344386234102756	0.01810068266803414	0.02888112342519416	0.9530181939067717	partial	0.0
CTGCTGCTCCATCCAT-E15S	174063.0	0.11079902779663992	0.5016648926973715	-0.13071964059121577	0.029211878626717147	0.9037759635294311	reverted	reverted	-0.2150034946793429	0.19502007438113494	0.2979646823255677	0.5070152432932974	-0.47507240271822987	0.18654614757320737	0.018951629176498612	0.0702099580921055	0.9108384127313959	reverted	0.0
CTGGGCATCAGGCTAC-E15S	158806.0	0.19990868395344713	-0.04614873200311709	-0.2779833673237846	0.031061014231722667	0.925442056711343	reverted	reverted	-0.33125904144228085	0.16761922157685458	0.2461621781216481	0.5862186003014973	0.1355239765482005	0.10776297703152915	0.03499394602117929	0.009864111524380291	0.9551419424544404	reverted	0.0
ATCGCCTCAATTCAAG-E15S	172040.0	0.0008585037762501857	0.03727696063079222	-0.5059759827055474	0.02919274648964403	0.9502785922478305	reverted	reverted	-0.6020240645378389	0.1525923555595018	0.20464818841492433	0.6427594560255738	0.20350379954011819	0.10123153018257719	0.04406201729871044	0.009137450965079555	0.9468005317362103	reverted	0.0
CTACATGAGTGAGGTG-E15S	188261.0	0.01891455166471423	0.3314774083283427	-0.7718640196922281	0.03495252579725947	0.9693408777998427	reverted	reverted	-0.862742397203645	0.17876900988467753	0.20612351268443585	0.6151074774308868	-0.18850891957575028	0.14512274023013758	0.019248832820093577	0.022440316883071854	0.9583108502968345	reverted	0.0
AGCGATTCAAGTCGAT-E15S	161017.0	-0.03529513564062109	0.40564329335656757	1.2150329263670465	0.05906287883952189	0.4236489261772461	partial	partial	1.1664646208012364	0.47677074627601324	0.5230941719448513	0.00013508177913544714	-0.19896125493004085	0.12052070856919389	0.018426880109615938	0.022878364342888185	0.958694755547496	partial	0.0
GGGGTAATCGCGAACT-E15S	162667.0	0.08792596566242811	0.5353335713147158	-0.6671288944355713	0.026044097050277284	0.962866905127655	reverted	reverted	-0.7691359791225155	0.1622487854993892	0.1997102228901791	0.6380409916104316	-0.19217679529156967	0.15563342681495365	0.019503231141261426	0.022915511060829792	0.9575812577979089	reverted	0.0
ACACCCTCAAGCCACA-E15S	166227.0	0.15692123788660034	0.43374776702062934	-0.3250502954983298	0.02830599997761656	0.9313618768420138	reverted	reverted	-0.40515924762974065	0.1618140358620265	0.23391094555904288	0.6042750185789307	-0.041104779790203355	0.12402491323937977	0.022834045882118043	0.014112234238956804	0.9630537198789251	reverted	0.0
GTCAAACCAGCACTTC-E15S	178730.0	0.1739669279602563	0.10756340528947961	0.5082199904414993	0.04047845328761018	0.7369725923159057	reverted	reverted	0.44095197546524056	0.37453006309162573	0.5713742486666629	0.05409568824171138	-0.18337193782330463	0.12302909778567458	0.01872774370531966	0.021671250889211013	0.9596010054054692	partial	0.0
CTACGTCCATCCGTCG-E15S	190619.0	0.06604815451012719	0.399082401717874	-0.9048445487763862	0.02964197241109246	0.976000695471162	reverted	reverted	-1.004706959214503	0.21390397984007092	0.22453402010640663	0.5615620000535223	-0.43863210141157466	0.20100663516690725	0.018913895474766365	0.05846877522909439	0.9226173292961392	reverted	0.0
TCCCAAGGTGACGAAC-E15S	181193.0	-0.09238383001992118	0.26801936966316164	-1.019037805064675	0.030674133784585438	0.9805758647913639	reverted	reverted	-1.111974293547387	0.25901328593455514	0.24839719900383153	0.49258951506161336	-0.20336845543491003	0.15322589178188717	0.019238496674456446	0.02376208328042616	0.9569994200451174	reverted	0.0
TCAGCTAAGGAATGGT-E15S	189926.0	-0.13014590654933117	0.3083690698056888	0.32876249781874145	0.030907786642553323	0.7973854494454429	reverted	reverted	0.237086539878485	0.3340623930776255	0.524557007531141	0.14138059939123357	-0.2144970277298108	0.12655770712783024	0.01836394859716567	0.02431130674574134	0.9573247446570929	partial	0.0
TGGACAAGTGCACCAC-E15S	175367.0	-0.006440364271638577	0.0050825049085885254	1.4495016330950166	0.06006304356023948	0.3204516944528757	partial	partial	1.3993988362997267	0.5231605645201887	0.47683017103336856	9.264446442821687e-06	-0.1353475399414398	0.11029774852767538	0.019345673941466666	0.018218009787102994	0.9624363162714304	persistent	0.12643678160919541
TCTCGCGCATAACGTA-E15S	183077.0	0.014590600169768986	0.06647584476750579	-0.40924766945137153	0.028290339808350815	0.940877323529514	reverted	reverted	-0.5053204127911611	0.15495279796926686	0.21692085586063242	0.6281263461701008	-0.13041649489062856	0.13208876497327934	0.020092018595692172	0.01833380214250888	0.961574179261799	reverted	0.0
AGCCAAAGTCAACCAT-E15S	232864.0	0.08316952840069686	0.06314168758639016	-0.10397675233017058	0.0294568028493203	0.8992821656063417	reverted	reverted	-0.20529664890627908	0.2014668726510154	0.30953771222202514	0.4889954151269594	-0.030126743976481508	0.10714067984848012	0.022759633700530964	0.01342446019052562	0.9638159061089434	reverted	0.0
GTACTAACATAAGGTC-E15S	181910.0	0.07704127761153085	-0.019912222299285687	1.1244986031066095	0.05941543464575388	0.4659486318064905	partial	partial	1.0832270351533173	0.4613689000736642	0.5382839832280705	0.0003471166982653852	-0.11837243605716327	0.10941574908192137	0.01974001223677644	0.01724270130175376	0.9630172864614698	partial	0.0
ACATGCCAGGGTCTCG-E15S	225866.0	0.0816550600886618	-0.06453368387197511	0.718626650010245	0.04286388247248976	0.6529339058097111	partial	partial	0.6092176303439045	0.4056442161879354	0.5815712178562654	0.012784565955799037	-0.1347654411298467	0.10853260656562855	0.019313253756508733	0.018153810621763876	0.9625329356217273	partial	0.0
GCTGACTAGGGTAGAT-E15S	156919.0	0.08154668622309064	-0.21902409626343766	0.1879111966543851	0.02874332939059335	0.8370834559275069	reverted	reverted	0.14525390389938395	0.2912526543141849	0.46058963243828116	0.24815771324753408	-0.11352992226868766	0.1261975254615667	0.020359386853368244	0.017295543806053207	0.9623450693405786	partial	0.0
GCCCTTGCAAGCCGGT-E15S	153355.0	0.09176392411656081	0.10157745791213957	0.4875203766820895	0.04048735286027172	0.7444980098974243	reverted	reverted	0.43564462531672477	0.3706962529167303	0.5680541044283701	0.0612496426548996	-0.25053974003752283	0.14253328335999216	0.018351292457742197	0.028050558395550658	0.953598149146707	partial	0.0
ATGGTTACAGGACACC-E15S	162113.0	0.15073151091244247	0.3975070852206015	-0.5380674465869315	0.0265208155179783	0.9530718969906242	reverted	reverted	-0.6318325746455111	0.15312479083065006	0.20217235853170204	0.6447028506376479	-0.0027761114180833435	0.1249679694833503	0.024707414372099477	0.012898082764639331	0.962394502863261	reverted	0.0
TCAGGTCAGGGGTACA-E15S	156372.0	-0.03935906988234156	0.37150801441090486	-0.7531600261205476	0.02718915326703862	0.9682708669557607	reverted	reverted	-0.8212977933058572	0.17515577072050334	0.20444173567811041	0.6204024936013862	-0.6603747047870686	0.26534613828584913	0.020096806458357062	0.12366109586144487	0.856242097680198	reverted	0.0
GGCTGGTCAGGAACTT-E15S	219581.0	0.07842722980866751	0.313177784816406	-0.8248982347233738	0.03227146276110621	0.9721881704010749	reverted	reverted	-0.9241171400510153	0.190720268205348	0.21213225856969967	0.5971474732249523	-0.07737829886237534	0.12593383509307	0.02148730435736907	0.015572318221231337	0.9629403774213997	reverted	0.0
GGTCTTAAGCCTGATA-E15S	258452.0	0.049108288844239845	0.32164945153009705	-0.19300540920236195	0.04003224404638072	0.9135536997854338	reverted	reverted	-0.285397284170657	0.18172853387079446	0.2735467131306449	0.5447247529985607	-0.10027128262153154	0.11148395876653172	0.02030107382343276	0.01634926240271048	0.9633496637738569	reverted	0.0
TCGATATAGCTAGACC-E15S	154712.0	-0.09586464318673255	0.16223731882646653	0.551436498103407	0.03924304377543168	0.7208087965997664	reverted	reverted	0.4851653570205114	0.38195459608670085	0.5767490886194773	0.04129631529382183	-0.2188812534454001	0.13252108874767893	0.0184534181959092	0.02478969417391217	0.9567568876301785	partial	0.0
TGCTCAAAGCTTCCTG-E15S	148737.0	0.029799495805410026	0.24585438096440726	0.6285652220471956	0.050335397733873424	0.6905005911652857	partial	reverted	0.5642544400575711	0.3936329372626932	0.5817266416696787	0.024640421067628183	0.2184005279333607	0.09445075770325823	0.04648100740345677	0.008979795676048676	0.9445391969204946	partial	0.0
TGGAATGGTCAAGGAC-E15S	154464.0	-0.008623506224831712	0.035231322157252776	-0.7197498019197863	0.0272433627166778	0.9662690321435236	reverted	reverted	-0.7807154673773734	0.1694388498304914	0.20201428085708964	0.6285468693124189	-0.2802098606313969	0.17170439740554658	0.01880658502364399	0.03161511998502337	0.9495782949913327	reverted	0.0
ACCCAGTAGCGGGTAA-E15S	155181.0	0.04540975618630966	0.4627144333608575	-0.44724121439063136	0.027223650681985855	0.9447538504703652	reverted	reverted	-0.5110035206071974	0.15332143437544185	0.21121395237087867	0.6354646132536795	-0.8064963524850163	0.282625236157896	0.02056984591489264	0.2032456938232459	0.7761844602618614	reverted	0.0
ATCCAAGTCCCTGGCT-E15S	155598.0	-0.12977815822155925	0.2893525455332949	-0.7969403979706339	0.030780026400483548	0.9707207421415345	reverted	reverted	-0.8885512194799212	0.1840980531620607	0.20873787048889797	0.6071640763490412	-0.21025538786814363	0.1639791373258912	0.019455106762255873	0.02452061629541574	0.9560242769423283	reverted	0.0
ACATGCATCAGTAGTT-E15S	217605.0	0.10862735413470909	0.2633686011599886	-0.862945943902246	0.02837561357491304	0.9740708953331335	reverted	reverted	-0.9579429292604904	0.20094285339998105	0.2175472033956763	0.5815099432043428	-0.34397736261046785	0.16860848916510887	0.01839392384573275	0.040649249634794764	0.9409568265194727	reverted	0.0
AAACCATTCGAACGCT-E15S	150466.0	-0.0018137729512689438	0.13431812386276887	0.0502499623725712	0.02904133264074584	0.8695855595814488	reverted	reverted	-0.029074271919700335	0.24598031074244742	0.3865560744160303	0.3674636148415223	-0.3228135165216174	0.1598848407492188	0.018283981325605606	0.03738914983523588	0.9443268688391584	partial	0.0
GGCAATTCACAAGGTT-E15S	150674.0	-0.089755445311545	0.19644219746017444	0.3176542929339687	0.037968001409412366	0.8007617790475183	reverted	reverted	0.268101739458723	0.3309958236955671	0.5202909605310653	0.1487132157733676	0.06682685650792422	0.10573369145895738	0.028508150790303895	0.010910105822978662	0.9605817433867173	partial	0.0
GTGAGCAAGGTAGCAG-E15S	238829.0	0.06396989715497287	0.13667465195499495	-0.4696073709664733	0.03288875483137187	0.9469227092472778	reverted	reverted	-0.571377544517991	0.15278619898716686	0.20839697577370173	0.6388168252391314	-0.014397874623418967	0.10984676873100342	0.02358755906299515	0.012968925031866144	0.9634435159051388	reverted	0.0
CTCTAATCAACTAGAC-E15S	148632.0	0.2825096484319914	0.018521988379163523	0.2242835266551368	0.04186061586677563	0.8274736597750436	reverted	reverted	0.1801189137396833	0.30298888588243417	0.4789000733170961	0.2181110408004698	0.2065318297950856	0.09663060404952747	0.04446459553711468	0.009072272546848609	0.9464631319160366	partial	0.0
ACGCTAATCATGCCGG-E15S	149089.0	0.12923827026998008	0.44740120879099754	-0.7991939677821169	0.030543648168913088	0.9708417570620635	reverted	reverted	-0.8772461688547385	0.18460485169869006	0.2089928400224919	0.606402308278818	-0.22235250549821664	0.16283796316771276	0.01923306199374183	0.02554707885732057	0.9552198591489376	reverted	0.0
AACACCATCCAGGTCG-E15S	152045.0	0.022711656979398975	0.2792747611382098	-0.5078162787778633	0.02802479351396818	0.9504429485434017	reverted	reverted	-0.5884675267936023	0.15260495812982922	0.2044853623062118	0.642909679563959	-0.23687476097963076	0.1618823749061841	0.019005875619184077	0.026880084297275904	0.9541140400835401	reverted	0.0
TCTGCCATCGACCTAA-E15S	155305.0	0.06808187491752343	0.4079255211131586	-0.18697613095245696	0.02721244980432238	0.9126480057963196	reverted	reverted	-0.2438580722496233	0.1829072061626661	0.2757509212796027	0.5413418725577313	-0.3640882837791422	0.16946498573813257	0.018386125333412308	0.04418075813460188	0.9374331165319857	reverted	0.0
AGTCCAGCAACGGGTC-E15S	170700.0	0.004053074369645027	-0.2613111224209465	1.335274698025572	0.053710836005597264	0.3692471686690734	partial	partial	1.2942331000975904	0.49939315642366583	0.5005711757574833	3.5667818850870495e-05	-0.26732492439898453	0.12121488617612597	0.017782580025830986	0.029840708485353497	0.9523767114888155	partial	0.0
ATCGTACGTCAGCCTA-E15S	148220.0	0.07922392722690846	0.26629484036623796	-0.9509530227309311	0.03119218596468834	0.977962565074855	reverted	reverted	-1.026144259073298	0.23034792500375328	0.23338561986788228	0.5362664551283645	0.21334239903809402	0.1144943637883039	0.04600716389570782	0.009209136680211203	0.9447836994240811	reverted	0.0
GCGGGTTCAATAGTCA-E15S	153226.0	0.057487067047649665	0.1486850078137526	-0.5818116164805959	0.03040011017282226	0.9566399258247076	reverted	reverted	-0.6412977717157416	0.1549359840858297	0.20001575090362378	0.6450482650105466	-0.39472775031340235	0.1891498792126957	0.018699675927705658	0.0493969686508514	0.9319033554214429	reverted	0.0
GCGCTAGTCAGCCACG-E15S	182724.0	0.07113042677454279	-0.0877662128833781	0.5200997823238119	0.04009564044435389	0.7325898185512497	reverted	reverted	0.4428044903435122	0.37664582741375524	0.5730561895179639	0.05029798306828101	-0.3064263960566109	0.13851269712794964	0.017938816462530302	0.03510399370500924	0.9469571898324606	partial	0.0
CAAACTTAGCGCTCAG-E15S	177469.0	-0.11118823215108636	0.0691862268007688	0.6432536554733191	0.0402446660987341	0.6845266157476723	partial	reverted	0.5862850891311502	0.39568253618087046	0.5820928587281223	0.02222460509100722	-0.09711474265418739	0.11205409010262428	0.020411867056769947	0.016206600037390443	0.9633815329058395	partial	0.0
CGATTTAGTTTCGAGT-E15S	151445.0	0.0586009948406116	0.35601966151209674	-0.10613059892782462	0.03068320049195132	0.8996508846066019	reverted	reverted	-0.17336141484295128	0.20093175298249763	0.3085824086715177	0.4904858383459847	-0.15990967020950067	0.13672837373018856	0.019549595998521883	0.02024110115153046	0.9602093028499477	reverted	0.0
GGACCCTGTGCAACGG-E15S	182638.0	-0.0025334761674153383	0.19359981579665286	0.19186114836472093	0.03019821301572717	0.8360610925473005	reverted	reverted	0.11448949270032174	0.2925420207083139	0.46262292646181935	0.24483505282986667	-0.37781281716801574	0.15494730431610015	0.01820142546263765	0.047429251719818294	0.9343693228175443	partial	0.0
ACCTACCCAATCGTAA-E15S	170525.0	-0.1388845876805196	0.18094919067467197	-0.46472479960748525	0.024189709827741965	0.9464562087673929	reverted	reverted	-0.552424113410632	0.15287610169542382	0.2089782476095068	0.6381456506950695	-0.555323800897918	0.21664931097283968	0.019570606140823246	0.09337850999639473	0.887050883862782	reverted	0.0
AGTGACAGTATGTGTC-E15S	143486.0	-0.15175747157387826	0.13607698445116456	0.3396990667102909	0.03450294570015676	0.7940197740232432	reverted	reverted	0.27583887480646346	0.33701908765166955	0.5286058015429473	0.13437511080538314	-0.042078136953540145	0.12027819685629706	0.022663577463717312	0.014074582671833693	0.963261839864449	partial	0.0
TGCCATAAGGATTGGG-E15S	155466.0	-0.005226675917165413	0.3243532941617948	-0.6106404922594848	0.027367028261356903	0.9588482134238933	reverted	reverted	-0.6809859256389739	0.15683363899943745	0.19934381517229371	0.6438225458282687	-0.10920923200881051	0.13949345131146526	0.020919519315620118	0.017345353307599603	0.9617351273767802	reverted	0.0
AAAGTCAAGTACGGAG-E15S	181085.0	-0.014932040755985032	0.14534386803978439	0.965891019420813	0.047326975759828124	0.5408715082253335	partial	partial	0.9031985193447921	0.4375531078328062	0.560840968885116	0.0016059232820776603	-0.1916498926594739	0.11867545611483693	0.01848926202900513	0.022252712872054405	0.9592580250989404	partial	0.0
CTTGATAGTTCTGTAA-E15S	151557.0	0.09875966530727626	0.48563481853098955	-0.6373392673770328	0.027559605369120665	0.960797015449746	reverted	reverted	-0.7102357148822129	0.1591068305171652	0.19924187779281213	0.6416512916900228	-0.051663080070204134	0.13393860593715382	0.0227445927079192	0.014699320815007702	0.962556086477073	reverted	0.0
CGACCTAGTCTTGACG-E15S	147427.0	-0.05528884643595533	-0.17593754438907533	4.134188689680634	0.12957815618417204	0.0029171769424995823	persistent	persistent	4.158316889005586	0.9927430894968147	0.007256910503185247	3.9116076537569654e-30	-0.009148133390224685	0.09000826386308715	0.023254570348859905	0.012497064219031568	0.9642483654321086	persistent	1.0
ATACCATAGCATATCG-E15S	151424.0	0.02826598766309596	0.06761625733264687	-0.16219796608652967	0.030566944071488283	0.9088352538008988	reverted	reverted	-0.22017819368796623	0.18799573101944256	0.28517093154505796	0.5268333374354995	-0.1917557411170477	0.14606432982990855	0.019220179875894874	0.022707961512282597	0.9580718586118225	reverted	0.0
GTGGGATGTCATGCTG-E15S	144190.0	-0.023254797284588236	0.3986713575341402	0.47286995182386754	0.04200716184692089	0.7497380035043975	reverted	reverted	0.39486227995234646	0.36786360997673595	0.5653951635421006	0.06674122648116357	0.27621403703949843	0.09035823125277179	0.0587888382688584	0.008731702122066453	0.9324794596090751	partial	0.0
CAAAGCTCAAGCTCAG-E15S	178022.0	0.2101446938036114	0.4627792694725721	-1.303820279241594	0.03035528421713593	0.9885783831051891	reverted	reverted	-1.3859073981520715	0.4294963620361661	0.3161646779209253	0.2543389600429087	-0.27400209650348895	0.18198293099182997	0.01914648096677231	0.03096484225728943	0.9498886767759382	persistent	0.0
TCCCAAGGTTCGGCAC-E15S	148853.0	-0.1953020885791134	0.23153842270485459	0.7050158284080746	0.047253144305618146	0.658749836788392	partial	partial	0.6134975816181042	0.40389724496729335	0.5819352660533735	0.014167488979333164	-0.5449427103459435	0.182566826713994	0.019628119053464427	0.09814645045286664	0.882225430493669	partial	0.0
CACAACATCCCTGACC-E15S	140019.0	0.11107061693674253	0.5020470302345246	1.3140202821256488	0.05694511989675563	0.3786669992418454	partial	partial	1.2513275847027088	0.4952137252976027	0.5047408461830192	4.542851937816429e-05	0.1280404009404779	0.09428441775248647	0.03376171443047304	0.009790561247450829	0.9564477243220761	partial	0.0
TACCATAGTTATCATG-E15S	144348.0	-0.003814109037313551	0.34078938288205485	-1.0006200900666689	0.026985906870826103	0.9799005001852301	reverted	reverted	-1.076398182426296	0.25073377516645023	0.24413512688174865	0.505131097951801	-0.06923668108795145	0.14177975147931884	0.022343746777514002	0.015561068573163642	0.9620951846493223	reverted	0.0
CTTAGTGAGTTGGACC-E15S	150491.0	0.21137404242093855	0.043642055699308124	0.538316771533049	0.04440491295998259	0.7257796911870071	reverted	reverted	0.4816649009694792	0.3797779918751187	0.5753309148085035	0.04489109331637763	0.019240491279576694	0.11069976788567992	0.025442607447585364	0.012044439972515121	0.9625129525798996	partial	0.0
CCACGAACAATGACAC-E15S	135814.0	0.1661694524075587	-0.02117210294481653	-0.2781900402900319	0.030642233474190095	0.9254690490193158	reverted	reverted	-0.3263849264970664	0.16759061129767938	0.24610390541110372	0.5863054832912169	-0.48025719326431526	0.20489324949597681	0.01908687156590595	0.0693082019002283	0.9116049265338657	reverted	0.0
TCGGTATGTTGCAATC-E15S	140980.0	-0.086267879688744	0.429868247897893	-0.6658377923920555	0.031083532673962914	0.9627794138274699	reverted	reverted	-0.7415973155160731	0.1620990496809338	0.19967730366933215	0.6382236466497341	-0.21537084734901737	0.1629327598943485	0.019341340179699552	0.024936765890863567	0.9557218939294368	reverted	0.0
ATGCCCAGTTGTCTGG-E15S	178210.0	-0.10564368907205168	-0.017203923305408764	1.2007385098043573	0.05693231938476031	0.43026982327625213	partial	partial	1.145771341107959	0.47424653855139487	0.5255961466645128	0.0001573147840923354	-0.14690582213480421	0.11255966842807699	0.019147157039100554	0.018962729031516374	0.9618901139293832	partial	0.0
ACTCACCCACAAGCTG-E15S	142727.0	0.23074819304819122	-0.07115571412669541	-0.6863475462169588	0.03262290580482326	0.9641460970470451	reverted	reverted	-0.736803963291927	0.1646262797100233	0.20033452944253857	0.6350391908474382	0.14021728646846518	0.11969795815739168	0.035920668221777155	0.009968973816349768	0.9541103579618732	reverted	0.0
GTCCTATTCCAGCTAA-E15S	141967.0	0.033721569991353784	0.08654732250823227	-0.6794091205391509	0.026396912769891454	0.9636892452488924	reverted	reverted	-0.7441418065077322	0.16373561129440545	0.20008016239359247	0.636184226312002	-0.2094519644949555	0.1698220663243203	0.019654497085842593	0.024558446108356138	0.9557870568058011	reverted	0.0
ATATGGCCAACTGTGG-E15S	140398.0	0.14844371769807058	0.0637892702331585	-0.1830927967126188	0.028074500737970347	0.9120601322125558	reverted	reverted	-0.24275736805073359	0.18367874136608944	0.27718889625330817	0.5391323623806024	-0.09453333417504871	0.1366442723884058	0.02127541361860038	0.016566533293446935	0.9621580530879527	reverted	0.0
AGGTTGGAGCAATCGC-E15S	145100.0	-0.026972313385120072	-0.009062517286052452	0.029601410335160557	0.033442912279044223	0.8739550324027567	reverted	reverted	-0.045356828111690596	0.2394342476529743	0.37549063043261255	0.3850751219144132	-0.3931167793873873	0.17176008473688315	0.018447691706548815	0.04991946017573902	0.9316328481177121	reverted	0.0
AGCCGATTCACAGCCG-E15S	143618.0	-0.06378785982943391	0.4242724488560059	1.1757750043071071	0.054572736125716864	0.44189109434709095	partial	partial	1.111938425508964	0.4699219309782564	0.5298734144706123	0.00020465455113138084	-1.0036288817886732	0.27813869052459494	0.020324897790453662	0.42349274948848165	0.5561823527210648	partial	0.0
TACAAGCCACTATATC-E15S	140372.0	-0.126641830664649	0.3545764726120061	1.016251223878218	0.0625984929741329	0.5171213310374564	partial	partial	0.9326866791382632	0.44471041714331905	0.5542854419901542	0.001004140866526799	-0.5080947801105338	0.17138256520249012	0.019256648141392392	0.08469098030311302	0.8960523715554947	partial	0.0
AACTTCCTCGCTCACC-E15S	139947.0	0.07205442878441198	0.08300756357971484	0.9150286443980016	0.05035637779256507	0.5646711591903292	partial	partial	0.857263343736772	0.43065080567636177	0.5668096152350494	0.0025395790885888664	-0.20109171643104376	0.1277270535979301	0.018572779942662286	0.023161779684304183	0.9582654403730336	partial	0.0
CTTCGTTAGTCGATTG-E15S	147109.0	0.056454493835105535	0.42747892569998824	-0.0614167389737172	0.031775011412239144	0.8917460354257384	reverted	reverted	-0.1391818135218441	0.21258839282810663	0.32920480942320485	0.4582067977486884	0.12722847530410356	0.10749800374461081	0.03407753798775177	0.009966569949767346	0.955955892062481	reverted	0.0
ACACTCCCAAACTCGG-E15S	152183.0	-0.07384026496495633	0.28872119704790955	-0.09497873810508269	0.03005767580354644	0.8977287489929495	reverted	reverted	-0.18075789024374578	0.20373195316280818	0.3135715498279227	0.48269649700926925	-0.214712769855384	0.1436721214756535	0.018795857789847104	0.024572550586673042	0.9566315916234799	reverted	0.0
TGGCGATTCCTCATTA-E15S	151673.0	0.13594432682324437	0.2866336604887165	-0.05457933509423308	0.02922945372637046	0.8904901110980269	reverted	reverted	-0.11206318332246741	0.2144684724915576	0.332497516961628	0.4530340105468144	-0.2580495512557977	0.150316438484611	0.018468103814302847	0.028935701344781153	0.9525961948409158	reverted	0.0
TGGTTAACACCATGCT-E15S	141480.0	0.25084897655704824	0.007719713719392507	0.5726274603360447	0.04402049371699021	0.712664314313	reverted	reverted	0.5407289534087623	0.3853413849833342	0.5786688347545266	0.03598978026213921	0.28736448221574434	0.09154124660824459	0.0616862882059692	0.008720854791295703	0.9295928570027352	partial	0.0
AACATTGCAGCCATTC-E15S	140120.0	0.3426323287915691	0.01868875892184174	-0.5067707211437962	0.03505700499874146	0.9503496333784329	reverted	reverted	-0.5318935916186418	0.1525975318412075	0.20457755741085545	0.642824910747937	-0.123892388952043	0.15651935255152102	0.021100496294996267	0.01849468435989462	0.960404819345109	reverted	0.0
CACCTCTGTTCACGCA-E15S	141611.0	-0.05553494288394284	0.37047762646513227	-0.0679273525083074	0.027919096721304864	0.8929301534385501	reverted	reverted	-0.12841021658832216	0.21082144719382198	0.3261023217880676	0.4630762310181104	0.03319070779981101	0.11760365630134918	0.02654770221539259	0.0118201697265423	0.9616321280580653	reverted	0.0
CGGACAGGTTGCCTGA-E15S	140465.0	-0.017753615095450037	0.41318023886816124	-0.5893237957336361	0.028709801764230533	0.95722602539469	reverted	reverted	-0.676163430145224	0.15537572388386856	0.19978393941846043	0.6448403366976709	-0.02873802288914538	0.1333704470211685	0.023727061493153016	0.013873632237814243	0.9623993062690328	reverted	0.0
GGACACCCAAACTACA-E15S	138457.0	0.08457955776500997	0.09721768187417767	-0.573003542912228	0.025226152150049495	0.955942955347974	reverted	reverted	-0.6300877067230942	0.15446892638830828	0.20033886463617687	0.6451922089755149	-0.021086283035347018	0.1333804839934857	0.024091303321718556	0.013623247361581632	0.9622854493167	reverted	0.0
CCTTAGAAGAAGGAGA-E15S	148311.0	-0.08652554487539005	0.22578505010443117	-0.33040123010604894	0.0323078711823867	0.9320066421556941	reverted	reverted	-0.3943088145313488	0.161244034478411	0.23264608639764195	0.6061098791239471	-0.46317680812536605	0.19363477800795093	0.01892376959407377	0.06572021646135644	0.9153560139445697	reverted	0.0
AACCCAATCTAACCAG-E15S	147790.0	0.016606915922308896	0.49858562961330644	-0.23063653293758918	0.031321326229693185	0.9190166143077311	reverted	reverted	-0.31262789218768605	0.1749028077215299	0.26057265402770646	0.5645245382507637	-0.731775485306036	0.27324162613859604	0.020374498131422177	0.1589120142116571	0.8207134876569206	reverted	0.0
ATGGACCTCGAATCTG-E15S	140050.0	-0.007065104850301929	0.07793852049544359	-0.4298493649553182	0.02838798620561424	0.9430099615021413	reverted	reverted	-0.5055366515374027	0.15395548303119752	0.21368039847664858	0.6323641184921539	-0.1669391819114927	0.15138668742375652	0.019860453706770215	0.0210034665514562	0.9591360797417736	reverted	0.0
ACCATATAGTCGATCA-E15S	148441.0	0.014608247771256688	0.11673790960202102	-0.6138117498072525	0.027820061159267658	0.9590844567349699	reverted	reverted	-0.6724965042342692	0.15707738005243077	0.19930567284884246	0.6436169470987267	-0.0930702348131733	0.14080590356906048	0.021469478288067074	0.016587240983780043	0.9619432807281528	reverted	0.0
GTATGCATCCTGATTC-E15S	138454.0	0.045987844419030977	0.44809074954384065	1.1297483553910348	0.05866013885442013	0.4634763677838113	partial	partial	1.0605510587822748	0.4622244097493973	0.5374465064609304	0.00032908378967237456	0.0711099167879369	0.0978412134223035	0.028588651100162017	0.010716229066623104	0.9606951198332149	partial	0.0
ATCTTGCTCACGGCTG-E15S	136730.0	0.012627954911168804	0.0676337843038537	1.3516417576379594	0.04938107674255645	0.3620602624829623	partial	partial	1.3014516203896196	0.5026640628519078	0.49730638754375145	2.9549604340778834e-05	-0.11636296902913684	0.11552512214428533	0.019963044157970303	0.017243307735529866	0.9627936481064998	persistent	0.0
CAGGCACCAAATCGTA-E15S	139200.0	0.23227424355204512	-0.04821633430232519	1.0771672867117874	0.055400053248551635	0.48829932243429935	partial	partial	1.0665817568494362	0.45385871871299843	0.5455840428091087	0.0005572384778929762	-0.25973510278952816	0.13982790538057113	0.018209563236879587	0.029043830847756	0.9527466059153643	partial	0.0
ATAACGTTCACGCCGA-E15S	137018.0	0.12084684848990151	-0.12031580500275368	-0.4374528145969236	0.03220621775167577	0.9437786374321938	reverted	reverted	-0.4815664620727841	0.15365486550786508	0.21257208200362687	0.6337730524885081	0.053272516550220896	0.12392841190305129	0.0281478474437559	0.011479824750491058	0.9603723278057531	reverted	0.0
GTGTTAGTCCACGGAT-E15S	141686.0	-0.030854023548801013	0.28845876244397606	0.6430553258383187	0.04638921999474274	0.6846076924490725	partial	reverted	0.5951557582405689	0.395655156212247	0.5820890269986575	0.02225581678909565	-0.3422025942377223	0.15062570951322088	0.018091775233242235	0.040709689742536456	0.9411985350242212	partial	0.0
CAGTCAATCACGGAGA-E15S	138378.0	-0.11104867836188831	0.28326289593451026	-0.7742502723193073	0.03032969103791871	0.9694748508885812	reverted	reverted	-0.8542033589800239	0.17925193405885906	0.20635461652090448	0.6143934494202364	0.21967606794414693	0.1076623132744978	0.046961241017885326	0.009096751756320257	0.9439420072257945	reverted	0.0
ATCCCCATCGTACACA-E15S	142883.0	-0.030802152662752658	0.3265772903948341	0.16481466370215	0.033829605272661024	0.8429589402275582	reverted	reverted	0.0859725785327575	0.28366129118002686	0.44852040252727843	0.26781830629269476	-1.1925670667182788	0.4099952349345367	0.018967562099596363	0.33978598732819115	0.6412464505722124	partial	0.0
AAGTACGGTAGTCCGC-E15S	148583.0	-0.08158396243515464	0.31037631489642126	-0.5858077326347835	0.030280402811938424	0.9569526506216706	reverted	reverted	-0.674461523733179	0.1551651406912147	0.19988743654763488	0.6449474227611504	-0.22454753932195565	0.16240682400450068	0.0191883753339984	0.025737378474223874	0.9550742461917777	reverted	0.0
CTTCAGCCATTACCGC-E15S	142515.0	0.03159604590424614	0.13249769024269842	0.4180710836479611	0.03696058018257145	0.7686951713408942	reverted	reverted	0.354139703332513	0.3563195598941453	0.5530624907002668	0.0906179494055879	0.26332697007601924	0.09366216483820876	0.05567595594422396	0.008784156579614878	0.9355398874761612	partial	0.0
ACCACTAAGTCAGGGA-E15S	137527.0	0.036520893676839083	-0.05517572559587458	-0.051520262678733365	0.03460133798988143	0.889924080755276	reverted	reverted	-0.10470379792931911	0.21531760106318962	0.3339818751330454	0.4507005238037649	-0.3586803935857665	0.1765306951929342	0.01851187092923741	0.04299737080091486	0.9384907582698476	reverted	0.0
TGGAATGGTTTACTCT-E15S	141766.0	0.07732860906581279	0.4769676706197956	-0.8733458663912639	0.02675617320925121	0.9745635526747785	reverted	reverted	-0.9560102116249586	0.20398955154979817	0.2191832878272452	0.5768271606229566	-0.26711217410757476	0.17916833721894193	0.019140520207076968	0.030180177285471864	0.9506793025074513	reverted	0.0
TAGTACCGTGGCCTGT-E15S	139623.0	-0.02406831618339189	0.2933588611389768	-0.27834969558541106	0.028740701344071987	0.9254898944814769	reverted	reverted	-0.36232555205965045	0.16756852869828354	0.2460589169478248	0.5863725543538917	-0.38975020540929833	0.1844882255611526	0.01862539838958966	0.04860163858875066	0.9327729630216598	reverted	0.0
GCCATAGCACCTCGTG-E15S	135007.0	-0.07071549363681023	0.38936978755833884	-0.222532393161242	0.02884849890751102	0.917867391875227	reverted	reverted	-0.2971818765387264	0.17629526642273352	0.2632525277386659	0.5604522058386007	-0.39691795760258247	0.1903947917538605	0.01871957790095834	0.04978560712072177	0.9314948149783199	reverted	0.0
CCCTACGCATTGGCGA-E15S	131578.0	0.10558349560791042	0.048629113203502605	0.29597895656208095	0.0403329265576824	0.807227843351859	reverted	reverted	0.2354796152432328	0.32483426347770356	0.5115336022472313	0.16363213427506512	0.11980666034867588	0.11004597747974078	0.0333832584376152	0.010101445517456056	0.9565152960449288	partial	0.0
CCCAAATGTTAATGGG-E15S	146329.0	0.05380391622971631	0.43349511194349466	-0.3532292113816928	0.02566047481469643	0.9346947002151816	reverted	reverted	-0.42858689959326673	0.15901739348094746	0.22753724673558054	0.6134453597834719	-0.34795226267155654	0.18098499673895085	0.01862229139110612	0.04106423745694808	0.9403134711519459	reverted	0.0
ATCACAACACTAGCCT-E15S	133150.0	-0.012169115930043384	0.38558748228427986	-0.471500036193832	0.02613990643656621	0.9471025082161055	reverted	reverted	-0.5496748855293327	0.1527554028617448	0.2081766726926063	0.639067924445649	-0.09286163601513923	0.1430219974554463	0.02155600753351751	0.016625945326848843	0.9618180471396336	reverted	0.0
ATCAAGCCACGCCATT-E15S	126192.0	-0.07399226391108749	-0.25634435656518106	1.4716543760534744	0.06698654035833385	0.31138863666310607	partial	partial	1.456263552715561	0.5280193834863149	0.4719735502758394	7.066237845633772e-06	0.05867842007186136	0.10109052906905493	0.0277425888276308	0.01100150058692564	0.9612559105854436	persistent	0.30864197530864196
GTGCGAGGTCAATCCG-E15S	137803.0	-0.10338144558358892	0.24252980503436294	-0.39502805349112946	0.031059427813769646	0.9393619520760628	reverted	reverted	-0.46369854026496926	0.15579697825685362	0.21936276083687675	0.6248402609062698	-0.18639192142721678	0.1487183018184844	0.01939438511181725	0.022345111249506028	0.9582605036386768	reverted	0.0
AGTGCGCCAATCTGCC-E15S	134466.0	-0.09037678503925989	0.39918876746171705	1.5667920539449574	0.07586023537108177	0.27413459990620226	persistent	persistent	1.52173075537566	0.5497649226904624	0.4502329451467186	2.132162819079478e-06	-0.4276051951021785	0.1510657537524773	0.01844496627501652	0.059902862373193484	0.9216521713517901	persistent	0.7804878048780488
ACCCATAAGGCACATC-E15S	128466.0	0.09198013625532225	0.1102463490868194	1.178213156527355	0.04848715580211972	0.4407530393103306	partial	partial	1.1150786748617836	0.47033964014065693	0.529460863018936	0.00019949684040704256	0.3477181141720512	0.08575210512158386	0.08137950001163433	0.008721564176601335	0.9098989358117644	partial	0.0
GTTAGCCAGGCATCCG-E15S	134721.0	-0.07296164722499998	0.22607567460205147	0.9679919738235332	0.05483408429300554	0.5398836366311941	partial	partial	0.9175425576552927	0.4378449182289146	0.5605798180642351	0.0015752637068502811	-0.18203016102344843	0.12770489286750475	0.018872144601306918	0.021645620389967677	0.9594822350087254	partial	0.0
TGCATATAGTCAGGCT-E15S	138112.0	0.004208453949079094	0.10317446887375259	1.082896672842828	0.05784409779391987	0.4855895281439198	partial	partial	1.0112909548139102	0.45474863378292657	0.5447247720070552	0.0005265942100183434	-0.3856778834090982	0.15088498737096848	0.018184674681019336	0.04932142998897004	0.9324938953300107	partial	0.0
CCGTACCTCATGGCAC-E15S	132797.0	0.20350712583298908	0.07193581609583755	-0.7194131302376642	0.03435131498574273	0.9662482520253993	reverted	reverted	-0.7638660529381384	0.16938591778079665	0.20199360786566614	0.6286204743535373	-0.07749300189153648	0.1531712384950366	0.022474456626053733	0.01616694520609696	0.9613585981678494	reverted	0.0
CGTTCCGCATGGCTAG-E15S	139160.0	0.09282260105236123	0.15500553876277556	0.8456003853687842	0.05115586043534708	0.5966630158076455	partial	partial	0.8210837220917517	0.4216435633445606	0.5737313598367944	0.004625076818645026	-0.3059928336047675	0.14883597524943304	0.01812868145488975	0.03498042123508425	0.946890897310026	partial	0.0
TAACCAACAAATCACA-E15S	136675.0	-0.013920245179065871	0.5892730474428973	-0.6996237593698684	0.025830541474043584	0.96500487191404	reverted	reverted	-0.7729158376612095	0.16643397915693492	0.20091213201662814	0.6326538888264368	0.3063302215274955	0.10062223119948607	0.06693502609562627	0.008755384761572716	0.924309589142801	reverted	0.0
TACTACCTCCTGATTC-E15S	128839.0	-0.08100421550033732	0.08685509452871099	-0.7031450567685033	0.02193509970108307	0.965229301187383	reverted	reverted	-0.766711666179335	0.16693651655542435	0.2010853039145568	0.6319781795300188	-0.30109897263370566	0.1781917131593711	0.01880271790801928	0.034223010970710926	0.9469742711212699	reverted	0.0
GGTCTAATCCATTCCG-E15S	133164.0	0.11017798869980705	-0.004540175768323218	1.3195791202546645	0.056842080140294064	0.3761941752482495	partial	partial	1.3035192545392698	0.4962993461312355	0.5036579987764812	4.265509228328578e-05	-0.05737787305281003	0.11133025539925949	0.021752641899054775	0.014477437545029526	0.9637699205559158	partial	0.0
CCACGGATCACGGCCA-E15S	134849.0	0.14521056343235167	-0.02107822017503702	-0.5433155230068626	0.029949676251337962	0.9535142715831272	reverted	reverted	-0.5696403736475741	0.15327540766182735	0.2018401464077282	0.6448844459304444	-0.28510120523640925	0.18161924738566307	0.019025784239640815	0.03224285115853195	0.9487313646018272	reverted	0.0
GCCACTTCACTAGTCC-E15S	127075.0	0.09370601410183793	0.2150779807308013	2.305391558510028	0.08650530675517369	0.08533083811577293	persistent	persistent	2.260283133909941	0.7486618719890904	0.2513381279837937	2.7115796398297884e-11	0.03227821160826759	0.09753110751979584	0.025820845064061147	0.011520264614372028	0.9626588903215668	persistent	1.0
CTGTGATGTGACTCGC-E15S	137042.0	-0.04617531776592099	0.5883254559703308	-0.8536727533413956	0.033723609234912195	0.9736237887251173	reverted	reverted	-0.9032701890573173	0.19831894532897903	0.21614427609793227	0.5855367785730887	-0.44300028923719154	0.2169063617641125	0.01913860305210421	0.05819247041860998	0.9226689265292857	reverted	0.0
GTACCAGCAGCATGGC-E15S	134774.0	-0.1421192766153359	0.08033442235759247	-0.3182014324837523	0.03664860876564022	0.9305283539364457	reverted	reverted	-0.36958496241640904	0.16257031782213532	0.2355675894779232	0.6018620926999414	-0.16097675118503416	0.14616697377248558	0.019819734529966684	0.02049754290330027	0.9596827225667331	reverted	0.0
GGCGATTTCTGTGCCC-E15S	132735.0	0.1362503151448154	-0.00934507508306015	0.8911714450349366	0.055324518168381506	0.5757393774271553	partial	partial	0.8993761485700922	0.4275095784216192	0.5693592347414274	0.0031311868369533016	0.07916962782236991	0.10337708121469309	0.02941495298678551	0.010647860239462105	0.9599371867737525	partial	0.0
CTGCCTTGTTAACTGC-E15S	133483.0	-0.06158823417649811	0.24210588930810018	-0.8795652369266581	0.025956520193858777	0.974853803614995	reverted	reverted	-0.9518087237884144	0.20586471488095243	0.22019304108382695	0.5739422440352208	-0.35873160537688176	0.20338503388370988	0.019063608348333788	0.04235406885047364	0.9385823228011926	reverted	0.0
CGTAGGGGTTTGGCAT-E15S	132047.0	-0.011790306986246168	0.15225990041667659	-0.31627256154863187	0.030631946248717616	0.9302919206156989	reverted	reverted	-0.33648487372325286	0.16278873229047908	0.2360418271514509	0.60116944055807	0.3258874182142432	0.09886286278105685	0.07308491410125292	0.008743818676275203	0.918171267222472	reverted	0.0
TATGCCCCATCAATCT-E15S	143248.0	-0.11350039797027645	0.3950884116542952	0.148540368316527	0.0344537304760532	0.8469945433082462	reverted	reverted	0.07970521921496254	0.2782746759604459	0.4398616296776253	0.28186369436192876	-0.2643368080879516	0.146986228885025	0.018334684469945434	0.02961789483009986	0.9520474206999547	partial	0.0
ATCTGCAAGGCAAGCA-E15S	136346.0	-0.058882554574943013	0.17304919915111883	-0.45649200397068523	0.027412667686014507	0.9456608442955029	reverted	reverted	-0.5293982379341265	0.15306178702162218	0.2100008356884692	0.6369373772899086	-0.19460003933811795	0.15688740855793837	0.01949924601714656	0.02312684931531182	0.9573739046675416	reverted	0.0
TGTCCTTAGGTGCTAC-E15S	136554.0	0.0988928070924196	-0.1635118676662125	1.2548958010603493	0.05818603359753437	0.4053364424301895	partial	partial	1.2317647561252647	0.4839952083000116	0.5159170573278397	8.773437214872363e-05	0.00039782868359129113	0.10836076798717363	0.024300172770735547	0.012509257754527074	0.9631905694747374	partial	0.0
CCTTGGGAGTTAGGAA-E15S	139775.0	0.07869861570458275	0.084635427592482	2.0639689444516875	0.0673085898917207	0.12842276568347724	persistent	persistent	2.024061390260845	0.6810526993508533	0.3189472990548511	1.5942956718854768e-09	-0.028097869462834803	0.10407209065012792	0.022756920384927305	0.013305424660972598	0.9639376549541002	persistent	1.0
AGGAGCCAGAACGGGC-E15S	136133.0	-0.021361949690017312	0.3892158497052691	-0.3173078955928167	0.0266542608854878	0.9304189201372491	reverted	reverted	-0.38234391099970655	0.16267120056579454	0.2357868569451002	0.6015419424891052	0.0760633875019687	0.11965065744357313	0.029726381498857247	0.010953635445286193	0.9593199830558566	reverted	0.0
ACCCTAGGTTAAGGGC-E15S	138653.0	0.12948542883277164	0.06027499847136086	-0.7549757602069529	0.02741683587305584	0.9683763041579709	reverted	reverted	-0.7957191069490583	0.17549330139472247	0.20459489027222438	0.619911808333053	-0.3075413611136436	0.19504945025645626	0.019191635087109114	0.035042276322400076	0.9457660885904907	reverted	0.0
ACTATTGGTCATCCTC-E15S	134592.0	0.27090796674772694	0.02664241891012853	-0.5714682514588769	0.03397886348255124	0.955820381091119	reverted	reverted	-0.622048783444131	0.1543928485153066	0.20040087560396885	0.6452062758807244	-0.06062325357895248	0.14453417853069866	0.022781319011093332	0.01527389434129216	0.9619447866476144	reverted	0.0
TAGGCCACAAGGTCAT-E15S	135445.0	-0.0809047874477149	0.10473203556088473	0.9056923686163625	0.0540403023858848	0.5690109097901078	partial	partial	0.843103557092382	0.4294149116024898	0.5678274514809675	0.002757636916542703	-0.21756230648088357	0.1298941309776444	0.018405794079770107	0.024634027636716696	0.9569601782835132	partial	0.0
ATCATGGTCATGTGGC-E15S	131688.0	0.04959719442199467	0.5056564317695689	0.032386368429802484	0.030738359995110376	0.8733730969005042	reverted	reverted	-0.024557769462477987	0.2403092981942172	0.37697465722486495	0.38271604458091785	-0.018800964065699984	0.12275702134180382	0.023811270476522477	0.013340449585981544	0.962848279937496	reverted	0.0
ATCCTAGAGATTGCGC-E15S	129172.0	-0.07037273533074834	0.3502167010528292	1.2894682092955743	0.06850029554567429	0.3896629582365815	partial	partial	1.252993623943555	0.4904821719483853	0.5094579638623313	5.98641892834436e-05	-0.008006484322772796	0.10668744391347183	0.023806655321563647	0.012723290306555515	0.9634700543718808	partial	0.0
CGCAAATCAATCTAAG-E15S	138177.0	-0.03757539872950688	0.20634156074482468	-0.3062156777900579	0.03029285494083115	0.9290470889302284	reverted	reverted	-0.36457890304458584	0.163966164367784	0.2385693386156494	0.5974644970165666	0.006361143140105809	0.12982313458660244	0.025389033395836914	0.012732896938901304	0.9618780696652617	reverted	0.0
GCTGCCTTCACAGACC-E15S	131550.0	-0.014348076459600956	0.199592883355873	-0.4258923364243531	0.025202323711194474	0.9426060264386443	reverted	reverted	-0.5099464572929432	0.15412632238392276	0.214275782168315	0.6315978954477621	0.09049887357767337	0.11881548335865541	0.03091103921317555	0.010683584489523064	0.9584053762973015	reverted	0.0
GCCACTTCACAAGCGC-E15S	130998.0	0.009357024024763294	0.048649045821541725	-0.048040469611554226	0.028315888292039463	0.8892770876781596	reverted	reverted	-0.11731526047140006	0.21628942216893382	0.33567863236233625	0.4480319454687298	0.0959060380367811	0.11177576571001768	0.03114105053554636	0.010485857095506352	0.9583730923689472	reverted	0.0
TATCAGTAGCAGGTGA-E15S	136230.0	-0.08948265144654899	0.20016527705050524	0.13903754085845127	0.03385740387896236	0.8493114660500002	reverted	reverted	0.07275666747702232	0.2751219130055902	0.4347597196619228	0.29011836733248697	-0.45090489974903325	0.1912056374027584	0.0188481287370592	0.06255138530930901	0.9186004859536319	partial	0.0
CTTGTGTTCATGCACA-E15S	135642.0	0.1591052623835058	0.4677968747736114	-0.9132294840956018	0.02851676920527554	0.9763697204279259	reverted	reverted	-0.9611834681421529	0.2167210554156196	0.2260560084602481	0.5572229361241323	-0.16089605625511638	0.1694709587035489	0.020619870356883438	0.020990866047535167	0.9583892635955814	reverted	0.0
CACTCGCTCATGTGGC-E15S	133021.0	0.014184836593223726	0.4485612947210078	-0.28432858130334865	0.02975408346140533	0.9262666805052724	reverted	reverted	-0.3515804437661714	0.16675341962121096	0.24439128232693522	0.5888552980518539	-0.05196007126933563	0.1335438394019762	0.02271796359410822	0.01470227436656186	0.9625797620393299	reverted	0.0
CAGTTAACACTTGCTA-E15S	119309.0	0.13797180314563778	0.313076595365153	1.5915256447237034	0.06571294427605169	0.2649164215080902	persistent	persistent	1.569435515016046	0.5556427130404578	0.4443557399673322	1.5469922100191615e-06	0.04381633632779552	0.10358071800018523	0.02677053554190829	0.011350019169776508	0.9618794452883151	persistent	0.8804347826086957
CATACCAAGCATCTCT-E15S	130633.0	0.33239541906513187	0.017280338654509397	-0.3731829554814883	0.02805170935834169	0.9369630172061901	reverted	reverted	-0.40303054955024403	0.15734222575964188	0.22344718990913243	0.6192105843312258	-0.2212514585873165	0.1644505242637416	0.019297985043300516	0.02547506325718991	0.9552269516995094	reverted	0.0
GCCTCATCAAAGGAAT-E15S	139862.0	0.0693277458479053	0.33704949812935114	-0.2196692803786299	0.028453056985987463	0.9174578453800073	reverted	reverted	-0.2857998480916636	0.17679739303046374	0.2642142809223726	0.5589883260471636	-0.29683933400049517	0.16296678683825125	0.018469298059572998	0.033676171307024994	0.9478545306334019	reverted	0.0
CTCATTATCCGTAGAC-E15S	132031.0	-0.05044632078888556	0.0572933910896809	0.11783177636127368	0.033366986984634896	0.8543776521414491	reverted	reverted	0.05299538361847154	0.26808462701157015	0.42328665334209725	0.3086287196463326	-0.2686816099174372	0.15159475631283226	0.018406764403504354	0.030149355402336	0.9514438801941596	partial	0.0
GCTTTGAAGTAGCCCG-E15S	134013.0	-0.0675834316722182	0.35417757738425915	-0.526102986598554	0.026196031597657307	0.9520483721429975	reverted	reverted	-0.6084320028559586	0.15284846921693668	0.20300568495354346	0.6441458458295197	0.009153600241902421	0.1309812949898984	0.025591458083808156	0.012678738596220821	0.9617298033199712	reverted	0.0
TGCACAGCACATTCCA-E15S	125297.0	0.18650863024173642	0.06983748294179348	-0.6240447950948795	0.028394768287017307	0.9598379453283994	reverted	reverted	-0.6667282560906101	0.15791192253240702	0.19923056648330692	0.6428575109842861	0.28107736256382754	0.10570360933133502	0.06000580546333528	0.008825829765190663	0.931168364771474	reverted	0.0
TGGCTTGGTTTGGTCG-E15S	129689.0	0.012916230426273267	0.050062835434002584	-0.14888859635250729	0.026579522184610495	0.9067259999617308	reverted	reverted	-0.21071668648473077	0.1908900211435284	0.2904687019651401	0.5186412768913314	0.03209898251170789	0.12236035351987766	0.026651549000512604	0.011929972326851746	0.9614184786726355	reverted	0.0
TAACCGATCCCATGCC-E15S	120981.0	0.07335375006025974	0.02238830466376962	0.3827689244485631	0.03451603192514644	0.7803642667887475	reverted	reverted	0.3358561382880865	0.3480399600393475	0.5430472961733409	0.10891274378731154	0.33429377325708937	0.09242288097438203	0.07615682277098168	0.008722416424401688	0.9151207608046166	partial	0.0
GCGACAGGTGAGGATC-E15S	132918.0	-0.08867720290031927	0.49488267678752385	0.10050265658531785	0.03316713152317355	0.8584120752192302	reverted	reverted	0.03042345607464218	0.26235070890642137	0.41385626159431343	0.32379302949926514	-0.04833913248346682	0.12306285977127232	0.022495834774791418	0.014355599599570678	0.9631485656256378	partial	0.0
CATTGGGCAATCGTCC-E15S	131793.0	-0.127771688386644	0.290916177320076	-0.2658765499798922	0.026629054267682816	0.9238450928618992	reverted	reverted	-0.3308780618956852	0.16934341139997117	0.24964559433675268	0.5810109942632762	-0.01861973737808334	0.12774926051072363	0.02400078557788865	0.013431562780731933	0.9625676516413795	reverted	0.0
CTAGAAGGTGAGGCCA-E15S	132245.0	-0.04403906557929527	0.1048682649136844	0.3681733787864936	0.042717389184411134	0.7850635033029568	reverted	reverted	0.3232349510139119	0.34441800396274214	0.5384253607237595	0.11715663531349838	-0.2895409512783857	0.15602541166721612	0.01835889208483245	0.03272334579201884	0.9489177621231487	partial	0.0
CCTCTTGAGTGAAGTA-E15S	133593.0	0.06256954818288557	0.3822730905094186	-0.9762034321004378	0.02586257677761106	0.9789696016660884	reverted	reverted	-1.035415621225681	0.24035975661456466	0.2387056609570026	0.5209345824284328	-0.2915324704416814	0.19671183593417535	0.019389140469805336	0.033072184856904815	0.9475386746732899	reverted	0.0
ACTGCCCTCACCCTGC-E15S	118463.0	-0.01680741275602432	0.1897724497412373	0.9538343811680658	0.04808071245261371	0.5465341132365202	partial	partial	0.8922619337938364	0.43588926943807144	0.5623179118990219	0.0017928186629066686	-0.16512502728074416	0.1318896288778802	0.01930041430858558	0.020502439641764743	0.9601971460496497	partial	0.0
AACTCAACAAGCCATG-E15S	126782.0	0.051399132135453274	0.053927410884370364	1.0354297614150836	0.05128279966790586	0.5080503601758615	partial	partial	0.9885683655444156	0.4475301833351713	0.5516335496412336	0.0008362670235951014	-0.1736949251121925	0.12600913611538928	0.01897377774511923	0.021001667634166762	0.9600245546207141	partial	0.0
ACAGGTAGTTGAGTGA-E15S	134428.0	0.06798307008477006	0.067741487034507	0.6718936222934077	0.03862579647244911	0.6727024472594131	partial	reverted	0.5969949608983384	0.39956172942641704	0.5823426720063939	0.018095598567189012	-0.09677928672613278	0.12161109913643703	0.020709319737812155	0.016368659505788977	0.9629220207563987	partial	0.0
ATCTGTGAGGTGGACA-E15S	133913.0	-0.027546630045747866	0.03281205506018636	-0.7881910698508258	0.028012754956123043	0.9702462773484541	reverted	reverted	-0.8519317848085098	0.182174418818522	0.20777917365909318	0.6100464075223847	-0.28888934980174485	0.18440944839835938	0.01906666868197779	0.03270710222146392	0.9482262290965582	reverted	0.0
GTCCGCTTCGCGAACT-E15S	130018.0	0.027806767268978627	0.4777757406112171	-0.6272142605415705	0.0316285156562874	0.9600686133613455	reverted	reverted	-0.6811649507654456	0.15818537637031926	0.19922211696852177	0.642592506661159	0.09210204416330801	0.12640004434758934	0.03133582135739832	0.01077950228143074	0.9578846763611709	reverted	0.0
ACGACGAAGCCACTCC-E15S	125028.0	0.076601704733186	0.15309240496733778	-0.4736954993014688	0.024185119803335285	0.9473103518699931	reverted	reverted	-0.5306946782428534	0.1527225190037519	0.20792462753076138	0.6393528534654866	-0.11076683102292126	0.1471431969825751	0.0211416606734802	0.017591264257726603	0.9612670750687932	reverted	0.0
CTCATCCGTTGACGAA-E15S	127009.0	-0.07689649979650526	0.39148500669250996	-0.16976848871388692	0.028866233904356987	0.9100157884407927	reverted	reverted	-0.23832451666618754	0.1863994495911237	0.2822313744965372	0.5313691759123391	0.03456733764586294	0.12007710171371329	0.026726525352536702	0.011830865991234195	0.9614426086562291	reverted	0.0
AGTGCTTGTGACTTCG-E15S	128347.0	0.13073768983952688	-0.03410170145395275	-0.023044126701948147	0.031679964953125014	0.8845310749945251	reverted	reverted	-0.06339278900722559	0.22344844716460072	0.3481123508089345	0.4284392020264648	-0.21862218656421872	0.15340846712977907	0.019011253733003754	0.025067168223600222	0.9559215780433961	reverted	0.0
ATCAACTAGGCTTGGT-E15S	126638.0	-0.15587818585709917	0.20042632186749232	-0.13052038614656894	0.031046674500622925	0.9037431536970155	reverted	reverted	-0.19896260980828975	0.19506650086677368	0.29804855605826636	0.50688494307496	-0.3668961773263538	0.1783768536626943	0.018533768059556838	0.044423839365960366	0.9370423925744829	reverted	0.0
TGCTTAAGTTGTAGAG-E15S	132769.0	-0.004493579742631926	-0.0536170173917222	-0.4947685279365477	0.029475772698297254	0.9492664548244623	reverted	reverted	-0.5503943271868388	0.1525623654911288	0.20569525275454678	0.6417423817543244	-0.2951638990701723	0.18073241218904978	0.018913684291921477	0.03346700608780307	0.9476193096202756	reverted	0.0
TGTGCCAGTCAAGGTA-E15S	125739.0	-0.02479737529274606	0.23255754849603216	-0.21047745475824167	0.028848577437112027	0.9161304370130209	reverted	reverted	-0.2819146737832151	0.17844534857843813	0.2673548142956688	0.554199837125893	-0.5248606994322368	0.2243121716399551	0.019410917988199532	0.08034099443386511	0.9002480875779353	reverted	0.0
ATGCCCAGTGAGCGCA-E15S	128338.0	-0.11879476859795063	0.5542888032629352	0.846245432834875	0.057128827535159125	0.5963690982421507	partial	partial	0.7908263685801256	0.4217255930828869	0.5736743763248909	0.004600030592222163	-0.4029618543970635	0.15694069998372598	0.018321949616923735	0.05300514740515366	0.9286729029779226	partial	0.0
ACCACGTAGTTGGCTA-E15S	125473.0	0.016389518037326467	0.4568825173366611	-0.65874046120664	0.025268829604402653	0.9622949148250771	reverted	reverted	-0.7221278309800121	0.1612980910310008	0.19951670178776162	0.6391852071812376	-0.47622650023823426	0.21809251920075529	0.01919507119526282	0.06648439852117466	0.9143205302835625	reverted	0.0
ATGGTGAGTTAAGTGG-E15S	124632.0	0.16790947863850475	-0.11337989463088888	-0.6117944289735143	0.027354201976968924	0.9589343268266903	reverted	reverted	-0.671974048280996	0.1569215184929104	0.1993291202736315	0.643749361233458	-0.2999185370285702	0.19122306217212645	0.0191532973508303	0.03407596823590428	0.9467707344132655	reverted	0.0
TCTGTGAAGAAGCGCA-E15S	129143.0	0.06118296856163502	0.42515643456425334	-0.46684185948825446	0.0268962670739876	0.9466589542932989	reverted	reverted	-0.5015560074745905	0.15283527025319774	0.20872391573203988	0.6384408140147624	-0.2445375980423425	0.17264978059026762	0.01922028796756035	0.027769862875122665	0.9530098491573168	reverted	0.0
CACGGTTAGCTATGGC-E15S	117965.0	-0.14151727345118992	-0.0775054235711985	-0.7339902981050358	0.03299236350261494	0.9671367655023804	reverted	reverted	-0.7810862161528751	0.17176233820036804	0.20295808353768313	0.6252795782619489	0.2599469339020664	0.1105814065906281	0.05502253834014124	0.008927920876800074	0.9360495407830586	reverted	0.0
GCTCTATTCGATGGGA-E15S	130901.0	0.10469923048017199	-0.11630342441883712	0.43609504805768085	0.03634878616413557	0.76257262180785	reverted	reverted	0.40260065005563866	0.3602878812440247	0.5575441217207522	0.08216799703522304	-0.14731700871613482	0.13212827852964598	0.01968649109047159	0.019342163410374737	0.9609713454991538	partial	0.0
ACTCCGCTCCCGTTGC-E15S	122574.0	0.1043466098740155	-0.16188736783430674	0.9590782079792985	0.047896959091270855	0.5440726529708475	partial	partial	0.92313481240194	0.436610697055239	0.5616801157348408	0.0017091872099202561	0.03611445793753406	0.10878247834182307	0.026429748054965667	0.01160457185293995	0.9619656800920944	partial	0.0
CAATTAGCAATCTGCC-E15S	129608.0	-0.01022866206561307	0.45735587384703913	-0.3041784703180769	0.03384596093399097	0.928792436756376	reverted	reverted	-0.35807744751059234	0.16421258354986595	0.23909259614388756	0.5966948203062465	-0.2572000680760892	0.16476585967166577	0.018847285484223143	0.02897532085489958	0.9521773936608772	reverted	0.0
GTTCCCGCAACATCGG-E15S	126104.0	-0.10912850974181698	0.23475399084836335	0.06941426491990733	0.037568817360283786	0.8654156077602005	reverted	reverted	0.021442604313123056	0.2521622317151653	0.39692880344728765	0.3509089648375472	-0.10258049031323868	0.13489249116555962	0.020962591483821905	0.016916899318495316	0.9621205091976827	partial	0.0
GCTAGGGGTAATGCTC-E15S	123264.0	0.15860663716168671	-0.03726715951423454	2.0569324239255877	0.08359437956939914	0.12992120763234744	persistent	persistent	2.044368218539558	0.6790729356295342	0.3209270625854247	1.7850410800484851e-09	-0.08770426037908421	0.1110739327421832	0.020676271711906922	0.015748461441503978	0.9635752668465891	persistent	1.0
TCAACCAAGTCGAGTC-E15S	126198.0	0.07377012462733507	0.31686649234601894	-1.0428971887101484	0.027578967326120578	0.981417780908613	reverted	reverted	-1.1038068230306515	0.27032008122167767	0.2541038444764646	0.4755760743018576	-0.4554611534387256	0.23988355230347805	0.01951422923277106	0.059140892359704024	0.9213448784075248	reverted	0.0
AAGTTTCAGGATGTAA-E15S	125183.0	0.010923160401956233	0.1786702519554304	-0.8567462360003495	0.023427078446564734	0.9737728014768734	reverted	reverted	-0.9109772718050521	0.19917900077212716	0.21660338268816096	0.5842176165397119	0.0758049023645619	0.12890200604106108	0.03005756719166604	0.011115126499773899	0.9588273063085601	reverted	0.0
GTCTAACGTAATGGTG-E15S	126342.0	-0.041906495905988383	-0.15099514201825343	-1.18917864380594	0.03703969917813528	0.9858491144872219	reverted	reverted	-1.2298659991183967	0.3530577732049103	0.29104678164158865	0.355895445153501	-0.013208561850536045	0.15543119667472582	0.02538442674236639	0.013853020059426418	0.9607625531982072	reverted	0.0
TAATAGCTCCGTTAGA-E15S	126609.0	-0.13057744398726806	0.3295836757597326	0.3259326840428465	0.040702761542742986	0.7982496009471769	reverted	reverted	0.27324840082755436	0.33328719885566077	0.5234848175673559	0.14322798357698346	-0.032435647732408784	0.12056661424656231	0.0230959665696214	0.013744633118795075	0.9631594003115835	partial	0.0
CGTATCCCATGATTAG-E15S	126723.0	-0.04044501271519513	0.03217202297748101	-0.7460121164855509	0.03150780879851117	0.9678524842886652	reverted	reverted	-0.8048585123933611	0.1738542932378073	0.20386001460223083	0.6222856921599619	-0.1860625936402112	0.17092869472278943	0.020123862443441082	0.02275843379828074	0.9571177037582781	reverted	0.0
CCACTATTCCCGCACT-E15S	122019.0	0.22850984881642128	-0.06621697964199658	-0.11877678390660344	0.03543860517199142	0.9017916861598276	reverted	reverted	-0.15626606374467086	0.1978456801430007	0.3030548417102649	0.49909947814673433	0.010537911354364434	0.12620932359531395	0.025488649520944727	0.0125492425744993	0.961962107904556	reverted	0.0
CTGACAATCGTTAGCA-E15S	121650.0	0.19976209845635412	0.04682906007913212	0.6358552104107956	0.04006940973223731	0.6875434462890696	partial	reverted	0.5883453447426805	0.39465580966068114	0.5819294694057768	0.02341472093354213	-0.3827306107324804	0.17037198729038094	0.01841071153783522	0.04779491947327207	0.9337943689888926	partial	0.0
TAGTCCTTCGTTAGTG-E15S	130154.0	0.0006394195289097793	0.3545301238753813	-0.1415295434267102	0.028226649301704782	0.9055410366116777	reverted	reverted	-0.1919713275970826	0.19253810501166654	0.29346841970868864	0.5139934752796448	-0.025439656683384125	0.12625497496306393	0.02361885184277349	0.013621463494218378	0.9627596846630082	reverted	0.0
TGCCACCTCACACCAA-E15S	117584.0	0.1667191546252394	0.05908151785840632	-0.9941634191696871	0.03006772160873987	0.9796583353825129	reverted	reverted	-1.0284382206746536	0.24792383627064762	0.24267379676199263	0.5094023669673597	-0.05119189872271115	0.1618865504117842	0.02387587252350089	0.015312327542730436	0.9608117999337686	reverted	0.0
CAAGATGGTCATTACA-E15S	123898.0	0.24573275189415184	0.10015138099954635	0.14477331752223896	0.03964911088729704	0.84791647611922	reverted	reverted	0.10816319610076486	0.277025279688846	0.4378427317851418	0.2851319885260121	-0.050535769632509435	0.12958799669803353	0.022633567339874726	0.01456724516841344	0.962799187491712	partial	0.0
AGCGAACGTTGTGCGC-E15S	128957.0	0.09382193764613905	0.09886101405989955	-0.05038659073683888	0.029941797611312312	0.8897136633818095	reverted	reverted	-0.08447723366393056	0.215633520243691	0.33453369825577567	0.4498327815005333	-0.09617373906846947	0.13734558365224905	0.021247093617728353	0.016659031751481864	0.9620938746307898	reverted	0.0
TCTCGATTCACCAAGC-E15S	128828.0	-0.024467664837229064	0.10661556486463952	-0.05541886054582553	0.029829001170309937	0.8906450042626591	reverted	reverted	-0.12188259781178273	0.21423629633649321	0.33209135265090345	0.45367235101260345	-0.20951498143308508	0.15347509533482656	0.019148509107043906	0.024278463624672203	0.9565730272682839	reverted	0.0
GCGACTTAGTGAAGGT-E15S	128430.0	0.20338518805295064	0.0492351508445702	0.5926827436594818	0.04286922298795193	0.7048271821977271	reverted	reverted	0.5572280917742534	0.38841344202078826	0.5800857592141052	0.031500798765106475	-0.2119542546416023	0.14369391159278114	0.018835341451765613	0.02433120006446684	0.9568334584837676	partial	0.0
TCCATCCGTTACACGT-E15S	119915.0	0.018933756669484214	0.11172868429266247	-0.6674720420275354	0.027462854615123777	0.9628901251838378	reverted	reverted	-0.7047993986162829	0.16228879165019588	0.19971916365862877	0.6379920446911754	0.01904939117506823	0.13720987900510073	0.026417753090680077	0.012538415199566789	0.9610438317097532	reverted	0.0
CCATTAAGTTAAGCGA-E15S	126902.0	0.21256904325026477	-0.1343403596046318	-0.2549059089528424	0.02793477572389454	0.9223709527619579	reverted	reverted	-0.28465138262974266	0.17098776757438194	0.2529211922728058	0.5760910401528123	-0.05214282469396818	0.13580136763672426	0.02279351817676373	0.01475658473601975	0.9624498970872165	reverted	0.0
TGCCTGCTCATGAGCC-E15S	124090.0	-0.025771830703006704	0.13304295606407746	-0.3182470832901951	0.021753381922490603	0.9305339406317188	reverted	reverted	-0.3683497504603167	0.1625651774535696	0.23555640655786625	0.6018784159885642	-0.4536386804094179	0.2119788438936167	0.01907884056032459	0.06120865806856783	0.9197125013711076	reverted	0.0
CCGCATTCAACCTCGT-E15S	122112.0	0.03308278640597995	0.14632392771063085	0.3169986406010809	0.05254395044913472	0.8009597369911235	reverted	reverted	0.31581523539720646	0.3308128557565534	0.5200343867479164	0.14915275749553034	0.12143619101984107	0.11391843187697416	0.0336819691367464	0.010133238079404767	0.9561847927838489	partial	0.0
ATTCGGGCAATCAGGT-E15S	113657.0	-0.026438187782792166	0.34454007073047876	1.03359591555873	0.05743416525386424	0.5089180473006802	partial	partial	0.975966343963436	0.4472582108642124	0.5518906814866267	0.0008511076491607903	0.14913773640195194	0.098935155854188	0.036313054422018494	0.009595986589617892	0.9540909589883637	partial	0.0
ACAACTTAGCATAGCC-E15S	124074.0	0.09749226216092427	-0.0821162442788016	-0.20534137532397487	0.028815212154820448	0.9153803074503132	reverted	reverted	-0.2486084540309889	0.17938999843786596	0.26914476461926934	0.5514652369428648	-0.07692145378656985	0.13790775204913516	0.02191915295313963	0.015800801192725505	0.962280045854135	reverted	0.0
AGTCGGGGTAGTGCTT-E15S	119120.0	0.17088992218628124	-0.14571784594080917	0.5211652590798647	0.049762627040966005	0.7321944774759225	reverted	reverted	0.4777987407587933	0.3768326974154849	0.5731992738922015	0.049968028692313565	-0.1432449082256061	0.13413861425219573	0.019841740232544702	0.01913038407911532	0.9610278756883401	partial	0.0
CTGATAGTCACGCACG-E15S	117085.0	0.047946086591332315	0.3985884020686664	-0.9789427153096211	0.022740014091087876	0.979076104401166	reverted	reverted	-1.0365373841254157	0.24148953241465768	0.23930137118872202	0.5192090963966203	0.27556767934092374	0.1149346330621009	0.05865679713094446	0.008912638758454217	0.9324305641106012	reverted	0.0
GCCGTTGAGGATCATT-E15S	122986.0	0.0758497646743726	0.36203991959390525	0.31635611032432365	0.034921293397196046	0.8011535896188687	reverted	reverted	0.2657771466085578	0.3306333391973035	0.5197824360464697	0.14958422475622682	0.18641354392047974	0.10382646485217893	0.041458153181845064	0.009294184992888817	0.9492476618252662	partial	0.0
GCCACTTCAAACTGGT-E15S	119370.0	0.1850311826779963	-0.030344819303149584	0.6981829898406351	0.04770320347564268	0.6616517410054948	partial	partial	0.6679448467654072	0.4030135418353874	0.5820762991563331	0.014910159008279512	-0.15607027024556036	0.1344904274125192	0.019564080001466352	0.01994560702893319	0.9604903129696004	partial	0.0
AAAGCAATCCACCGTC-E15S	119483.0	0.27963812350250766	0.06376713129094924	2.0050833168775535	0.06967661693143676	0.14142586655957085	persistent	persistent	1.978676384773609	0.6645238086571599	0.33547618727868705	4.064153075379426e-09	-0.1221895765343534	0.11335331153437414	0.01974907694250257	0.017519744303795215	0.9627311787537021	persistent	1.0
AATGTGTTCCTCGTCA-E15S	120917.0	-0.08512625853433586	0.37426262926679765	0.2866509018644643	0.035859666929657974	0.8099609457612676	reverted	reverted	0.2207109860699267	0.3221133061997675	0.5075946727615218	0.17029202103871055	-0.2898325880641247	0.1592242929422842	0.01842884551877288	0.03276373945958185	0.9488074150216451	partial	0.0
TCCCCTAAGCGATCAC-E15S	126216.0	-0.1284263933091357	0.2521552047355332	-0.2907986460997602	0.026596391800194494	0.9270988789103107	reverted	reverted	-0.3569637056398546	0.16589734484942814	0.2426241297697217	0.5914785253808501	-0.519747854983493	0.2281544057296619	0.019415111364108943	0.07795216228393798	0.902632726351953	reverted	0.0
GTAACCTGTAACGCGG-E15S	121149.0	0.15644355023020257	0.027868023904065398	-0.44332771730301335	0.02524448013323734	0.9443658764837373	reverted	reverted	-0.48388905615130307	0.15344750575322097	0.21174771278257717	0.6348047814642019	-0.19849651350729258	0.16347551910966468	0.019639290924303145	0.023556005687220053	0.956804703388477	reverted	0.0
CCACGATAGTTACGAT-E15S	125219.0	0.027427923170495805	-0.001415566093164844	-0.40153165585516515	0.029436326892805183	0.9400594921758039	reverted	reverted	-0.4625956509468395	0.15539507521728543	0.21822490323177068	0.626380021550944	0.15988324947156768	0.11175538429598904	0.038031148547177596	0.009636394362694343	0.9523324570901281	reverted	0.0
GCGAGTTTCGTGAGAG-E15S	121494.0	0.170262842811521	0.009403338559316299	-0.7816888531272257	0.02381390662528422	0.9698888514948852	reverted	reverted	-0.8219016606638516	0.18078970800502356	0.20709894812450821	0.6121113438704682	-0.3489638394706646	0.21106945669118715	0.019305732392635458	0.040685800096483364	0.9400084675108812	reverted	0.0
GCAATGAGTAAGTGGC-E15S	121728.0	0.1644711741782156	0.058394359620460023	0.2006117999365971	0.033359808402494966	0.833777805345344	reverted	reverted	0.18003748044174123	0.29538698728080987	0.46709122765045963	0.23752178506873048	-0.5378143681638787	0.21342976862222263	0.019448188599379287	0.08725265347036187	0.8932991579302587	partial	0.0
TACCCAGGTTTAGCAC-E15S	117958.0	-0.26879984357608927	-0.3500242639023885	2.0126055565713825	0.07627893657781544	0.1397055040058862	persistent	persistent	2.013652040797952	0.6666293482686855	0.33337064812053	3.6107845805619327e-09	0.021449703690854856	0.0995068303599162	0.025212404759593715	0.011810265498143457	0.9629773297422629	persistent	1.0
TGCTACTTCCTGCGAG-E15S	120055.0	-0.06391656876247381	0.12753129368547256	0.006042073395000562	0.029834625620605598	0.8787868276887463	reverted	reverted	-0.03753982389109032	0.23214231086946688	0.36306557541628176	0.40479211371425133	0.19147599602401855	0.10421141701171224	0.04223020805240187	0.009257513851154623	0.9485122780964435	reverted	0.0
TACAGGGAGCAGGTCT-E15S	123669.0	0.1405596998459721	0.007522295589920902	-0.09280778968676902	0.025641470080849185	0.8973507909615401	reverted	reverted	-0.11814899362841617	0.20428552737603284	0.31455505343875556	0.4811594191852116	-0.048058577022346574	0.1340304230834933	0.022897528209193326	0.014566707723154859	0.9625357640676517	reverted	0.0
CGTGATTGTAGCGCCT-E15S	129389.0	0.04029342919294826	-0.09171335461868574	-0.31732320017791743	0.026437567183657692	0.9304207958715949	reverted	reverted	-0.3656685152889232	0.16266946833143486	0.23578309520993126	0.6015474364586337	0.16398775128897658	0.1150174000173102	0.03866071387037092	0.009635269314567284	0.9517040168150619	reverted	0.0
AATGAACGTTGCTTGG-E15S	119990.0	0.26713586659219185	0.08856778870442972	-0.1714950933452702	0.032207419185041074	0.9102830962105363	reverted	reverted	-0.197817481877526	0.1860404939899058	0.28156849848133364	0.5323910075287605	0.3063049881550346	0.0993763295060678	0.0669460147000387	0.008748234242514695	0.9243057510574467	reverted	0.0
CACTGCCTCCTCACTG-E15S	119534.0	0.20870850320387108	-0.09184511700098485	-0.4282724810311233	0.035613826102214946	0.9428493136732531	reverted	reverted	-0.4630272225115497	0.15402238229142717	0.21391613029445972	0.632061487414113	-0.1183383831644268	0.15364250878050217	0.021154094714017732	0.018131084419399514	0.9607148208665828	reverted	0.0
GCTTGGGTCACTGGCG-E15S	119803.0	0.1633241605284445	0.054439519190581764	0.2773646313198498	0.0353226699535247	0.8126522481479925	reverted	reverted	0.22931728961030168	0.31936515030151197	0.5035756899274921	0.17705915977099587	-0.04913573054251444	0.1259300849602532	0.022562103611036728	0.01444151286315593	0.9629963835258074	partial	0.0
CACTCACCATCGATCC-E15S	113475.0	0.343757108744615	-0.03303381810821493	0.04759984063284479	0.029362136366734095	0.8701534752674087	reverted	reverted	0.028130596118921995	0.24513299034868744	0.38512848362764324	0.36973852602366925	-0.46665984037504255	0.21044602367260698	0.01908870325329941	0.06476631456018556	0.9161449821865151	partial	0.0
CAACGGGGTAACTCTA-E15S	116443.0	0.19007063567935661	-0.013657577096494178	-0.5378484902434675	0.03232143808590357	0.953053353851887	reverted	reverted	-0.5472493376682134	0.15311889765450143	0.20218665897708316	0.6446944433684154	-0.035994340255757575	0.1446640323891807	0.023832002961801158	0.014362111314832799	0.9618058857233662	reverted	0.0
CAGCTATGTATGTGAG-E15S	118740.0	-0.06367529389230508	0.24409701396657246	-0.8383278537938188	0.025377673488571374	0.9728674104362955	reverted	reverted	-0.8947740769857148	0.19416572512898533	0.21394000971084248	0.5918942651601722	-0.09450179168780111	0.16241962901708976	0.022242040658017354	0.017150442763966878	0.9606075165780157	reverted	0.0
GCCTCATCATGGCTTC-E15S	126032.0	0.024792284097647	0.30971636767925703	-0.9066149551592786	0.023443716475398804	0.976079077142054	reverted	reverted	-0.96417063135025	0.21449246757323323	0.22485202246282696	0.5606555099639399	-0.24764046359784803	0.1850833913648309	0.019560065031437857	0.02824078421822016	0.9521991507503419	reverted	0.0
AAATGCAAGTATGGTT-E15S	117965.0	0.2310499650749172	-0.021822611285964633	-0.4754329697072293	0.030905092888666594	0.9474742906018991	reverted	reverted	-0.5238235425494794	0.15269865768587804	0.20772782329493178	0.6395735190191901	0.22973682754070224	0.11269863384004208	0.04889422692874805	0.009088553291647424	0.9420172197796046	reverted	0.0
AAACGCCTCCGCTGTC-E15S	120150.0	0.09170084534457162	0.09170207868199076	0.41665155445974206	0.03335811353915843	0.7691726510502812	reverted	reverted	0.40679229391948746	0.35599966819431583	0.5526914895743357	0.09130884223134851	0.03712490063503303	0.11649456831712998	0.026763893889074544	0.011709157053110928	0.9615269490578146	partial	0.0
ATGCTGATCACATTCC-E15S	121621.0	0.17678086271193078	-0.15393684871398405	1.0783849935562362	0.05289713599206232	0.48772332779360483	partial	partial	1.0319671233203564	0.45404742318811436	0.5454019879003064	0.0005505889115792857	-0.1766876745811605	0.12795747418453562	0.01897233532456454	0.021252619591064927	0.9597750450843706	partial	0.0
TCGCAATGTCAGTAGA-E15S	122928.0	0.05581009841640033	0.028011724769830493	0.4729514298160886	0.044663133201112114	0.7497090602763364	reverted	reverted	0.4421206915233415	0.3678796467354749	0.5654106754504263	0.06670967781409877	-0.1500085613355173	0.1351433801249176	0.01971708550651783	0.01956942331393969	0.9607134911795423	partial	0.0
CAATTGGTCATCATCC-E15S	120957.0	0.010995987787936756	0.34174452508929154	0.6421090642426139	0.04313739940664144	0.6849943672375478	partial	reverted	0.5997629214833108	0.3955244152549836	0.5820703325421408	0.022405252202875616	0.05168646975640336	0.11222972376411705	0.027608654207666235	0.011316243736710488	0.9610751020556233	partial	0.0
ATGTCAACATGCTGCT-E15S	117095.0	0.0069526207805235	0.5118602991301324	1.2528428539965053	0.051749131218696155	0.40627359323192647	partial	partial	1.2128388464418316	0.48361647424825505	0.5162937980963072	8.972765543778242e-05	-0.03097255255608423	0.11440788480936319	0.0229544216303813	0.013580939572078536	0.9634646387975403	partial	0.0
CTCATGTTCCGGGCTA-E15S	122074.0	0.03730843100118969	-0.019399324502269555	-0.29847431122581736	0.025617124621973977	0.9280749178870745	reverted	reverted	-0.3539745136617694	0.16491674915977822	0.24057799245356734	0.5945052583866544	-0.100923526475876	0.14794847652204196	0.021474615448143157	0.01711912363838408	0.9614062609134727	reverted	0.0
ACAGACAGTTAGGTTC-E15S	122532.0	-0.051843808856349594	0.30858856810655255	-0.8795749563344278	0.027698612971757942	0.9748542546739302	reverted	reverted	-0.9467509341562192	0.2058676767050585	0.22019463731386163	0.5739376859810799	-0.24324046398302723	0.19069802132382555	0.01980453105676654	0.027899243639053436	0.9522962253041801	reverted	0.0
TAATAGCTCTCACCAT-E15S	124066.0	0.06098488448257838	-0.01864197280982205	0.1495053679163978	0.03191634784762068	0.8467576376527147	reverted	reverted	0.11092601543179753	0.27859461888459264	0.44037800020617796	0.28102738090922935	0.0504095671361322	0.11940097513842349	0.027774956599559926	0.011462635013087674	0.9607624083873524	partial	0.0
CCGGAACCAACTCGCT-E15S	122082.0	-0.16419502990266943	0.2429668245703721	-0.20335018341788733	0.03364134895860383	0.9150878574244973	reverted	reverted	-0.27984035081100894	0.1797608173188051	0.2698454775500457	0.5503937051311493	-0.2895844135958732	0.16967425010497106	0.01867793960575604	0.03274858021416515	0.9485734801800787	reverted	0.0
CCGGATTAGAACCTCA-E15S	114995.0	0.2513120241682932	-0.0367888652119478	0.8304166284399391	0.04831891956223603	0.6035610766752514	partial	partial	0.8144561749534054	0.41971911749235635	0.5750292058964032	0.005251676611240488	0.20650683817957854	0.09711667860350097	0.044470512946386535	0.009077038369649248	0.9464524486839644	partial	0.0
GTTCATGAGCATTCAG-E15S	119928.0	-0.07222102409567832	-0.06976050759663244	0.03355380362976287	0.030270811001187347	0.8731284710096573	reverted	reverted	-0.017932257312966514	0.24067687759129652	0.37759760119697006	0.3817255212117333	-0.17247077346038425	0.1497714330437412	0.019694120394263243	0.02135286122047923	0.9589530183852575	reverted	0.0
AGCCACTAGTTACACG-E15S	117217.0	-0.23186425513555745	-0.32759096299619495	1.6309980576745193	0.0680737277705123	0.2506221133879709	persistent	persistent	1.608070251879022	0.5652048848210471	0.43479419546435993	9.197145928532324e-07	-0.05670669463730583	0.10836102556557586	0.021687768864710515	0.014398787128441738	0.9639134440068478	persistent	0.96875
ATCATGGTCATGCTGA-E15S	116932.0	-0.12222192948905225	0.5174521850620548	0.18478585305649647	0.03511240203580301	0.837888742820885	reverted	reverted	0.11523167397031064	0.2902303709782127	0.4589739761711715	0.2507956528506159	-0.742556159604178	0.2854315730399303	0.020333824941975314	0.1571943365503112	0.8224718385077134	partial	0.0
AGCGGGACAGGAACGG-E15S	119907.0	0.16712414436518513	-0.014475105372975028	-0.043007234149654947	0.029938033489514897	0.888335375984138	reverted	reverted	-0.08220828740768324	0.21770606812071824	0.3381481220958925	0.4441458097833892	-0.01853582534568418	0.13185022897426113	0.024157861751633626	0.013510826252939234	0.9623313119954272	reverted	0.0
ACGGGTTTCACGCTCC-E15S	118111.0	0.0023259473631685457	0.13949149009354478	-0.5489098635724586	0.02890781261830564	0.9539814644506194	reverted	reverted	-0.6125015022932597	0.1534558126365687	0.2015082544228795	0.6450359329405518	-0.33199433455168653	0.20140142672305242	0.019171442721467844	0.038321520980303427	0.9425070362982286	reverted	0.0
CTTGCATTCAGTAGTT-E15S	114942.0	-0.2055383837074358	-0.38295690329277104	2.0325731797812066	0.08510701589533286	0.13522376629519592	persistent	persistent	2.0471935883485877	0.6722278525634601	0.3277721448034291	2.6331109548071334e-09	-0.06642552794930694	0.10861689196727804	0.021331151756145066	0.014787922004055461	0.9638809262397994	persistent	1.0
CTTGTCCGTGAACCGG-E15S	114536.0	0.2573785646987465	-0.09602360057615167	-0.6320429104896078	0.02914737330268834	0.9604175946960801	reverted	reverted	-0.6600019057830728	0.15861569191695155	0.19922266992302706	0.6421616381600215	0.07533662961489299	0.13088044056849857	0.03009783466584311	0.01115883476975205	0.9587433305644047	reverted	0.0
ATCTGAGTCTAATGCG-E15S	119572.0	-0.1426042267204961	0.1619328735342559	-0.33661417737460186	0.02511414015639728	0.9327482297990292	reverted	reverted	-0.4059072088459559	0.16060514480649593	0.23120970914382277	0.6081851460496813	-0.32264004876686647	0.18555281166133883	0.018838638852934814	0.03712503122848533	0.9440363299185799	reverted	0.0
TAACAGCCAAGGGCAG-E15S	118927.0	0.07743240231207787	0.35839504066195504	1.787713279389455	0.06931518465825143	0.19909139711855223	persistent	persistent	1.7539844219317464	0.6051627420632585	0.39483715209650805	1.0584023356435788e-07	-0.46059569106542675	0.16134602966694503	0.01876646435378734	0.06889611906575893	0.9123374165804536	persistent	1.0
TGGTTCCCAACCAGGC-E15S	114667.0	0.17673431111933996	-0.09887519431388209	-0.058580180349077936	0.03277563030930874	0.8912265471056382	reverted	reverted	-0.10334553615405372	0.2133653490951136	0.3305665821020729	0.4560680688028135	-0.020435540596014653	0.1337098064715679	0.02413549951622365	0.013609139723953298	0.962255360759823	reverted	0.0
GCACCCTTCCATTACC-E15S	109894.0	0.07485933723853738	0.14178559335141272	0.7685952952895276	0.050293722778958404	0.6311986390177883	partial	partial	0.7437400985735895	0.4119563166051816	0.5793672147316342	0.0086764686631842	0.069378114761673	0.1146213308168392	0.029012077640511138	0.010998361098871454	0.9599895612606174	partial	0.0
TGCAAAGGTAAGTAGT-E15S	116168.0	-0.15001369019096478	-0.12734070938233089	1.5330100754169522	0.06428531743786221	0.28704261699580624	persistent	partial	1.4861921383571595	0.5418836937053715	0.4581130221544897	3.2841401388578192e-06	-0.17707049679026668	0.12815473667893965	0.018970831800486875	0.021284061887662256	0.959745106311851	persistent	0.6263736263736264
CCCGTTGCATGCTTCA-E15S	117361.0	0.2539973571450173	0.05097043181429339	0.08458979680632808	0.03350464174897569	0.8620341647461772	reverted	reverted	0.03808768720013444	0.2571153889384454	0.40518474069832416	0.3376998703632304	0.22566338850326703	0.10551896774014476	0.04800450416645987	0.009040703091764227	0.9429547927417758	partial	0.0
ACCATTGAGCGCAACT-E15S	117202.0	-0.08634169125342023	0.42821930896304283	0.764389794477159	0.04438873077069557	0.6330500638218657	partial	partial	0.7020134700930912	0.41142877158948055	0.5796013629839761	0.008969865426543308	-0.18387857337089966	0.1382510950295225	0.0191307899592714	0.021965876054659675	0.958903333986069	partial	0.0
GGTTGGTTCGCTAGGT-E15S	117367.0	0.06008327893791582	-0.01586588864217464	-0.8720253514617261	0.0289867901618818	0.9745015071102706	reverted	reverted	-0.9049229021985913	0.20359655518755435	0.21897190126799235	0.5774315435444534	0.07059357965458027	0.13534546626745755	0.029899905864836242	0.011331134472576658	0.9587689596625869	reverted	0.0
AGCAGCAAGCGGAGAC-E15S	119113.0	0.0072410694685127175	0.03362839834344278	-0.0685962788808266	0.02897665322868408	0.8930511665332734	reverted	reverted	-0.11402674312452336	0.21064120784801385	0.3257854077614733	0.4635733843905128	-0.5979558626765886	0.24411752504747075	0.019821448847772316	0.10317873187151073	0.8769998192807169	reverted	0.0
TCCCACGCAACCCTTA-E15S	110117.0	-0.02801919555654625	0.31045029620417297	-0.6257476065565714	0.029849160671194853	0.9599620311631998	reverted	reverted	-0.7085066716065898	0.1580579525868504	0.19922515782608652	0.6427168895870631	-0.013970719890047664	0.14233515538241184	0.02479630401086676	0.013586163647055746	0.9616175323420776	reverted	0.0
GGGCAGACACTCAATT-E15S	119897.0	0.10205852692076062	0.4145571596049773	0.04345591561247168	0.03896766751443342	0.8710372916199061	reverted	reverted	-0.0015974352079658567	0.24381210052033073	0.38290020785190165	0.37328769162776765	-0.036882487448623845	0.12970947498987928	0.02322115017946259	0.014076737794382354	0.962702112026155	partial	0.0
GTGTTCCCATCACGGA-E15S	120369.0	0.04609367454197316	0.020808729274304882	-0.40449117829185327	0.030637186031307415	0.9403744209048475	reverted	reverted	-0.4545000434622051	0.15522100579821527	0.21771885422326823	0.6270601399785165	-0.9654614366417115	0.3790363381220229	0.020170949398361598	0.21517527665084282	0.7646537739507955	reverted	0.0
GCGGAGACAATCATCT-E15S	117869.0	0.15230630188813915	0.1958233658678583	0.17309430242014565	0.04113845270616817	0.840872775828233	reverted	reverted	0.11857242427967582	0.28639156593712917	0.4528798505440785	0.2607285835187924	0.0019067843949860542	0.12369309397570451	0.02491298072006593	0.012740004105902647	0.9623470151740315	partial	0.0
CTCCTAGTCCTTCCAG-E15S	112408.0	-0.013024405312043519	0.4039075919129754	1.7376897353497243	0.07548414632965289	0.21462303277834022	persistent	persistent	1.7204449074410415	0.592089051549054	0.4079107337843323	2.1466661368966095e-07	-0.03304816199627532	0.11204896816023238	0.022784506564131297	0.013608488913070604	0.963607004522798	persistent	1.0
GTGCATTGTGCAAGGT-E15S	113997.0	-0.04603758259286017	0.48274239696500487	0.10031762436462233	0.03164684191369568	0.8584546448964955	reverted	reverted	0.021412448236398804	0.26228963943824446	0.41375544061306635	0.32395491994868914	-0.07808520674005467	0.1355180074540966	0.021792185752355912	0.015800017660218654	0.9624077965874255	partial	0.0
CGCATCAGTTGTAGGA-E15S	120861.0	0.010293009285385346	0.4374341778923745	-1.0790200003185337	0.02471892662892967	0.9826247248426698	reverted	reverted	-1.1367947709065023	0.28867234862840924	0.2630597939485555	0.44826785742303515	-0.3280466426235106	0.20847032002739568	0.019389106022427337	0.03771204707909051	0.9428988468984821	reverted	0.0
ATGCCTAAGTCGAGCT-E15S	116524.0	-0.007393416914313444	-0.17690900760234285	1.7385600131057957	0.07093315282770785	0.21434544929979957	persistent	persistent	1.718523337182081	0.5923141137621643	0.4076856741670339	2.120708019143888e-07	-0.17712815474404256	0.12612792217334337	0.01891539713522805	0.02125397243353767	0.9598306304312344	persistent	1.0
ATCCAATAGGCAAGGC-E15S	116459.0	-0.00786980300343415	0.06907218145805327	0.34180387809569757	0.03283635065958594	0.793367298748986	reverted	reverted	0.30819706829304416	0.3375808962527563	0.529367556615036	0.13305154713220765	-0.24582708515274193	0.15694552590640812	0.018762121531667463	0.02770586980989488	0.9535320086584377	partial	0.0
GCTGATGCACTAATTC-E15S	115511.0	0.1505690859693382	0.15172635598732442	0.5121918308637277	0.0381004469919994	0.735512426701174	reverted	reverted	0.4554402308541481	0.37524409417354654	0.5719543909491406	0.05280151487731284	-0.5281747620251355	0.2077222003341529	0.019376393955034564	0.08486909249918309	0.8957545135457824	partial	0.0
CAGCCAACATTCATGT-E15S	113427.0	0.24224003731145077	0.017017907479478178	-0.8029046835153881	0.02658925905812065	0.9710399631877622	reverted	reverted	-0.8480959658330863	0.18544953425063473	0.2094198253053007	0.6051306404440646	-0.10301662286197849	0.1638421899319987	0.022015975731566266	0.017591866483582356	0.9603921577848514	reverted	0.0
ATAACCACATGGTAAC-E15S	115740.0	-0.1511377586653787	-0.049667240954029745	0.8296571661756207	0.047828023348640565	0.6039050497632832	partial	partial	0.7819654444566241	0.4196231576642423	0.5750918884182279	0.005284953917529784	-0.2673220498491243	0.14571780760665848	0.018282114686021936	0.029955911522667317	0.9517619737913108	partial	0.0
CACCGCTTCCCAATGA-E15S	115406.0	-0.06263421329851132	0.4605498773277312	-0.226491897023516	0.021308842591292218	0.918430720174282	reverted	reverted	-0.30257522010206006	0.17560961806276937	0.2619353738203624	0.5624550081168682	-0.09775598872003938	0.15029309214028283	0.021663394083301007	0.017019684097266004	0.9613169218194328	reverted	0.0
GCGGTCATCAGGACGA-E15S	114890.0	0.08783266745923562	-0.09772428573077141	0.9099293166449378	0.05353464378615862	0.5670427351317211	partial	partial	0.8804542288977808	0.42997468812314	0.5673686824959008	0.002656629380959241	-0.44867466528811234	0.17231420228135377	0.018704529359771217	0.06390711129510011	0.9173883593451287	partial	0.0
CTGCTAAAGATTCACG-E15S	117250.0	0.13218090763396056	-0.02304112188123475	-0.725191138138919	0.026985561454025683	0.9666031757048072	reverted	reverted	-0.7715643714353474	0.17030709504670644	0.20235891988393948	0.6273339850693541	0.061372765225590466	0.1331821757241609	0.029104087639969693	0.011476825574893282	0.959419086785137	reverted	0.0
CATCCAGGTTGAGTAG-E15S	117937.0	0.01051834135717572	-0.10919525104322975	-0.3486705308878625	0.026231495468890757	0.9341659233087074	reverted	reverted	-0.41001044095952166	0.15943554648131736	0.22852054349569045	0.6120439100229922	-0.4220643099717079	0.2146409112568188	0.019111069321234582	0.05368885318833864	0.9272000774904267	reverted	0.0
AACATAGAGCTTACCT-E15S	115498.0	0.08718205530445705	0.08118940040080569	-0.0971681288384923	0.029803119795783782	0.8981086684087969	reverted	reverted	-0.13255701028462125	0.20317645123460587	0.31258370855044426	0.48423984021495	0.06037132041760463	0.12378202744877104	0.028661563099954226	0.011329164509737142	0.9600092723903085	reverted	0.0
AGTCATTAGTGAGTAA-E15S	113024.0	0.15442980239014698	-0.06134868553668604	0.9718488551642125	0.05509251269243182	0.5380693154464306	partial	partial	0.9344762322362484	0.43838209253688587	0.5600975205545125	0.0015203869086017417	-0.1506324531281183	0.1314705929692671	0.019592546823781358	0.019538135177231224	0.9608693179989876	partial	0.0
AACGCTTGTATGGGTA-E15S	115426.0	0.22192624585268034	0.012278135235154641	1.779334847037553	0.06794982319137348	0.20163267624364184	persistent	persistent	1.7369346959352023	0.6029541485593599	0.39704573215896527	1.1928167485905537e-07	-0.2767388369352448	0.13662810014531934	0.01802552195725691	0.031058692948255102	0.9509157850944882	persistent	1.0
CTGATTTCATTAACTC-E15S	113405.0	0.016593623138600078	0.5307761661917245	-0.1560562032805253	0.029505433133424724	0.9078672989303426	reverted	reverted	-0.23018066927207537	0.18931745209628714	0.28759515650592654	0.5230873913977864	0.16595731587043366	0.11340315921867518	0.038868321305723666	0.009594519499605714	0.9515371591946707	reverted	0.0
TACCTGTTCCAGAGGA-E15S	110300.0	0.0123382257364405	-0.03152257357714616	-0.6074598629813511	0.02518619366403443	0.9586099609808957	reverted	reverted	-0.65317862605534	0.15659620845817476	0.19938915700695975	0.6440146345348655	0.3954209075501513	0.09947359940902958	0.10143317807807127	0.008891333674441327	0.8896754882474875	reverted	0.0
CCTGCCACAAGGTCGC-E15S	110890.0	-0.13042756150306556	0.18540321453910957	-0.6211932470127781	0.02447054736317561	0.9596293241476771	reverted	reverted	-0.6691738190599185	0.15767196693010704	0.19924414800700269	0.6430838850628902	-0.12878627702903842	0.15824517160430324	0.02102715118002475	0.018803431573255945	0.9601694172467192	reverted	0.0
TGGAACCTCGATTGCA-E15S	113791.0	0.1609490663541709	0.26520063730182064	0.21616982928517758	0.03347194853430368	0.8296555168396662	reverted	reverted	0.16470917232209628	0.3004003500100867	0.4749013489247312	0.2246983010651821	0.28637731515570797	0.09750219173402698	0.06139549104439055	0.008759119677270943	0.9298453892783384	partial	0.0
TGGCTGACATTCGCGT-E15S	109498.0	0.09067726843349516	0.11632078371660326	0.538376315884657	0.04310068653041265	0.7257572553880797	reverted	reverted	0.5220302668814836	0.37978801611454466	0.5753377607945056	0.04487422309094981	-0.1387567328200376	0.14575433495699058	0.020324620635218386	0.019098896215629053	0.9605764831491524	partial	0.0
CTAGTCAAGCAGGTGA-E15S	107682.0	-0.3012691908660619	-0.342032113187996	1.798703978379707	0.0691739992524576	0.19579438887517994	persistent	persistent	1.7476173546664664	0.6080709231905496	0.3919289863939256	9.041552485437229e-08	0.08085864723679881	0.10295675213623758	0.029541237943205238	0.010612076600320075	0.9598466854564747	persistent	1.0
GTGTGGCCAGCTATCC-E15S	115486.0	-0.03431767032020733	-0.04173111939148122	-0.2823536317373529	0.03157075775741844	0.9260109199695595	reverted	reverted	-0.3358211983915518	0.16702011326284083	0.2449384499579577	0.5880414367792015	-0.0069834331742708936	0.13593306689594795	0.024901995302883007	0.013238977282487508	0.9618590274146294	reverted	0.0
AATCCCAAGTAAGGAC-E15S	115322.0	0.10451382586841601	-0.03726070512878843	0.8437167731988647	0.04879233613327591	0.5975208907990905	partial	partial	0.8188724706700627	0.42140416356689936	0.5738969094652078	0.004698926967892755	-0.23038972251654358	0.14390446773904694	0.018599391431891925	0.026019228813389226	0.9553813797547189	partial	0.0
ATCCATAGTTTCCAGG-E15S	117446.0	0.0098064450397079	-0.03724899332324427	-1.0292741331177047	0.03100022861440266	0.9809415549094666	reverted	reverted	-1.0797216592127274	0.26378404059493854	0.25082167502481734	0.4853942843802441	-0.029558107281795507	0.15737293273519942	0.024658085843223355	0.014429984753550425	0.9609119294032262	reverted	0.0
AGTATGTTCCATAGCA-E15S	117412.0	0.2459459897988066	-0.03704066638639514	-0.16993289960219293	0.028066442418485205	0.9100412729270382	reverted	reverted	-0.20861746514468768	0.18636518723746637	0.2821681330928172	0.5314666796697164	0.11563844735863382	0.11942015321362749	0.0332855851656916	0.010296368048477833	0.9564180467858306	reverted	0.0
GTAGTCATCTGGCCTC-E15S	108204.0	0.2264202271123706	-0.026834877356206155	0.1544153121814126	0.0327603405086293	0.845547599800524	reverted	reverted	0.11571379122798808	0.28022162067752926	0.44299989822051616	0.27677848110195474	0.21479667628516524	0.10826498720666312	0.04611779785469278	0.00913341063299507	0.9447487915123123	partial	0.0
CATATTGGTGAGCCCT-E15S	112952.0	-0.09324631641896391	-0.34109642118199046	0.6881946425073472	0.04553817416153183	0.6658719516203623	partial	partial	0.6414694920684386	0.40171243314450145	0.5822302747257614	0.016057292129737236	0.03284106157032386	0.10976739977497095	0.026251362059351902	0.011696693464810863	0.9620519444758373	partial	0.0
CATTCGAAGTACGCCG-E15S	109630.0	0.15647533945478403	-0.10036511118042318	-0.433182761173889	0.025452818890131432	0.9433481616322253	reverted	reverted	-0.4673779940294052	0.15381921258547182	0.2131887368105107	0.6329920506040174	0.128672279617622	0.12297791356879981	0.03476190831300291	0.01016679501116608	0.955071296675831	reverted	0.0
CTGGCCAAGATTGCAT-E15S	107328.0	0.23918950790045362	0.15983805814155128	-0.5046338478909855	0.02583400180347506	0.9501584009795562	reverted	reverted	-0.5312627607026978	0.1525845322512465	0.20476855297817081	0.6426469147705828	0.14284716433882644	0.12754913711629998	0.036499603853272056	0.010051170992237592	0.9534492251544904	reverted	0.0
TAGTTCCTCATCGTTC-E15S	112285.0	0.012399169903934082	0.5204008948791978	1.5077029397454333	0.06808000713872768	0.2969465641205509	persistent	partial	1.4723261829620797	0.5360936881510207	0.4639017941342436	4.517714735665867e-06	0.010683549115322245	0.10905664578053757	0.024890215108425855	0.012239379965305044	0.962870404926269	persistent	0.45348837209302323
TCTGCGGAGAAGCATA-E15S	114218.0	0.17644472792801252	0.09571788368662437	-0.6536909458123751	0.026491609859259985	0.9619465265594439	reverted	reverted	-0.6926978124709325	0.16075092105050023	0.1994234527254601	0.6398256262240397	0.22195544777859988	0.1162751973263583	0.047546667343106176	0.009172268973390164	0.9432810636835037	reverted	0.0
TGCTTAGAGGGTACGA-E15S	110623.0	0.26761558899908694	0.04404489638189979	-0.6179952508056071	0.03171531942563111	0.95939412169712	reverted	reverted	-0.6450399810531995	0.15740967183706897	0.1992661281089967	0.6433242000539344	0.308790320080136	0.10810527612621958	0.06754432220485902	0.008798560666731708	0.9236571171284094	reverted	0.0
CGCCAAGTCGATCCTT-E15S	110065.0	0.03573559523443043	0.3606964536349081	-0.05971377266911796	0.03227811230553972	0.8914344156462554	reverted	reverted	-0.11626852397657543	0.21305433405678592	0.33002164235585457	0.45692402358735945	0.07721546551140017	0.1276787367702946	0.030124230417742103	0.011067362918033107	0.958808406664225	reverted	0.0
GTACGTTGTAAGCATG-E15S	113316.0	0.1352210453879547	-0.08486062718733228	-0.25740766630674916	0.02619974237000081	0.9227094006640307	reverted	reverted	-0.284345372822202	0.17060592028930352	0.2521642207700281	0.5772298589406684	-0.2594197320079402	0.1729191708898505	0.019048332869829727	0.029293226330585596	0.9516584407995846	reverted	0.0
ACATGCATCCGTTGCC-E15S	114183.0	-0.05989059060240998	0.30766582789204866	1.337788461070811	0.06918937504110233	0.36813948631809723	partial	partial	1.291810210020749	0.4998925598138385	0.5000727847310645	3.465545509686384e-05	-0.2437753587007759	0.13751016704492142	0.018297937104466522	0.02728638526625702	0.9544156776292764	partial	0.0
ACGTGGTTCTAGTCTC-E15S	113315.0	-0.023132411531068764	0.14132577355100584	-0.040068543702060214	0.02940474977782803	0.8877823187679028	reverted	reverted	-0.07094450072699356	0.21853911418187444	0.33959814939863364	0.44186273641949186	-0.694665087980585	0.2672386685832219	0.020244720438512928	0.14069342146042796	0.8390618581010592	reverted	0.0
CCTGATCCAAGCACCA-E15S	117254.0	0.004847956498974959	0.22104617066088839	-0.9921738536178496	0.026634438022651374	0.9795831402575661	reverted	reverted	-1.0561958926743937	0.24706765453024795	0.24222711044799036	0.5107052350217617	-0.08192974712665381	0.16398599894635554	0.02274856499396056	0.01661794163911336	0.960633493366926	reverted	0.0
ACTCCCGCATCCTCGG-E15S	110372.0	0.1349031932550258	0.008142015374754341	1.284708112079252	0.06138394984096608	0.39180826429697996	partial	partial	1.2921386553577119	0.4895768102335697	0.5103600629863625	6.31267800677588e-05	0.09936377624482097	0.10609139339733296	0.03126403335443398	0.010348666392104168	0.958387300253462	partial	0.0
CTTCTGGTCCGTATGA-E15S	112839.0	0.2118785212322148	0.15168449792873606	-0.8141669018076361	0.028495485391316286	0.9716335571219362	reverted	reverted	-0.8415113808626022	0.18809156348889206	0.21077006562622705	0.601138370884881	-0.5880735495089615	0.2713610473749998	0.01992002321345714	0.09168166619398714	0.8883983105925556	reverted	0.0
AACACCTGTGGGTTAA-E15S	113623.0	-0.11255302038143788	0.2345482946888937	1.7331356913750293	0.06590651205152401	0.21607984757671087	persistent	persistent	1.7087045986229574	0.5909127626750766	0.40908700856561353	2.287593097943133e-07	-0.3521073210506024	0.14477663405032695	0.01801516879800885	0.04264722125429204	0.9393376099476992	persistent	1.0
CGCGAAGGTATGTAGG-E15S	113682.0	-0.08729004625371528	0.47396102307513477	-0.4228077600425745	0.03050129688502503	0.9422892883957228	reverted	reverted	-0.4719658818369126	0.15426632678170776	0.21474876430473244	0.6309849089135597	-0.07706572806549253	0.1462057127038272	0.022220934733977148	0.015989307414839924	0.9617897578511829	reverted	0.0
GTATTCCTCGAGTCTA-E15S	111564.0	-0.022763104028313497	0.37355862380172145	-0.7179755663631843	0.022069186640681516	0.9661593833328757	reverted	reverted	-0.7711891556372663	0.16916093214527425	0.20190618979509128	0.6289328780596345	0.41731095341679325	0.09722969799243789	0.11331278218539315	0.008980740261343056	0.8777064775532637	reverted	0.0
TGATTCCTCTAGCGCG-E15S	114792.0	0.02868939247634822	0.030732902972163467	-0.3596519612601648	0.02520449183105154	0.935432995236171	reverted	reverted	-0.4026646912839092	0.15845064666233832	0.22618285711253297	0.6153664962251286	-0.5928876843296549	0.2396841419639743	0.01979455082398096	0.1024289004268403	0.8777765487491785	reverted	0.0
TACGAGGAGCCATACA-E15S	112578.0	0.10084189817489947	-0.11453607108761732	-0.027081457695892933	0.03792272962131911	0.8853094365906528	reverted	reverted	-0.07381914869594057	0.22227161618508967	0.34607615256539886	0.4316522312495115	0.02396922275639067	0.12617866078301782	0.026284484068771208	0.012198968338878274	0.9615165475923503	reverted	0.0
GTCTACTTCTCACTTA-E15S	114524.0	0.2538587056482737	0.053405343411638384	-0.4796164599269316	0.027176551189382593	0.9478670485038576	reverted	reverted	-0.523472736954441	0.15264904954405478	0.20726358210784943	0.6400873683480958	-0.062010178306037146	0.14717073651909057	0.02282864302851055	0.015387993222934592	0.9617833637485547	reverted	0.0
TGTACGATCAGCAGTC-E15S	113713.0	0.07259386334746248	-0.06842313072960071	-0.8690362307446967	0.03460779422543602	0.9743605157447477	reverted	reverted	-0.9155300042357815	0.20271359047917437	0.2184973148533878	0.5787890946674378	-0.14771525779076544	0.17718383056773135	0.02123828116627455	0.020346833601592552	0.9584148852321329	reverted	0.0
GTGGAACGTAGCCATT-E15S	115850.0	-0.08977216103916891	0.088304589209381	1.3247573404805726	0.06738622985683265	0.37389645450223713	partial	partial	1.3007480323533267	0.4973153905235737	0.5026443922985904	4.0217177835949456e-05	-0.08678517518307696	0.12030617792126207	0.020986287535810152	0.015878047573623003	0.963135664890567	partial	0.0
TCGCAACAGCAAGGAT-E15S	114804.0	0.05069707627539777	-0.08279372238534366	0.804901324577653	0.04145977566394193	0.6150593495624337	partial	partial	0.7720226813795509	0.4165069693186404	0.5770128812153675	0.006480149465992077	-0.3222664872735963	0.1588083450645015	0.01826499991987031	0.03731693041178358	0.9444180696683461	partial	0.0
CGTAATGTCATCAGTG-E15S	115741.0	0.034424402340153315	0.06637972702700623	-0.4323406693571859	0.022354596618060663	0.9432629030863353	reverted	reverted	-0.47809355027908423	0.15385297764411165	0.21331208993806122	0.6328349324178271	0.06272574027015343	0.13184048126520723	0.0291520600437501	0.011424464706606659	0.9594234752496433	reverted	0.0
ATGCATTAGGAGGCAC-E15S	115954.0	0.08249403613729672	0.4871604653343813	-0.6114954786388211	0.026140264201492174	0.9589120339994802	reverted	reverted	-0.6773324693312942	0.15689866253930945	0.19933283765515705	0.6437684998055334	-0.19226199618827686	0.1721481440265059	0.020043750112325804	0.02324497952955695	0.9567112703581173	reverted	0.0
CCATGCCTCACTTGGA-E15S	114726.0	0.10232559206451558	0.05709191500369404	2.165422531480191	0.08800464391470457	0.10841407727938078	persistent	persistent	2.1661527239808285	0.7096329217124143	0.29036707798607714	3.015085650290413e-10	-0.1526190812105176	0.1145949949159316	0.01908002089925237	0.019362699093516067	0.9615572800072316	persistent	1.0
CCACATAAGCTTAGAT-E15S	112082.0	0.2593952492035532	-0.14174045317729267	-0.3208580921011659	0.027189810589667858	0.9308527819274339	reverted	reverted	-0.34459220190623263	0.16227339377015343	0.23491994143878564	0.602806664791061	-0.2832071628979105	0.17840328265587038	0.018956400814189586	0.03200306851693436	0.949040530668876	reverted	0.0
AGTTTCCTCATATGGT-E15S	113107.0	-0.0177226588794967	0.2628591381860248	1.0307801963568886	0.051444021341838536	0.5102502029893065	partial	partial	0.9922431413150187	0.44684159382366223	0.552284032985253	0.0008743731910847945	-0.029432189341199576	0.11970874075940464	0.023202801174339684	0.013627434953164139	0.9631697638724962	partial	0.0
GGAGAAGGTTAGCCAT-E15S	112439.0	0.1472176361895861	0.07547574713574379	-0.4773405494812401	0.025477776267397324	0.9476537250577053	reverted	reverted	-0.5165357497004854	0.15267466195748633	0.20751445446013447	0.6398108835823791	-0.05418314485644812	0.1464521840725557	0.02311637477669485	0.015066312031881355	0.9618173131914237	reverted	0.0
GGTATCTGTTATGACC-E15S	116019.0	0.01850682384891089	0.04799079929281058	-0.8762004555825567	0.025070755698151828	0.9746971760060741	reverted	reverted	-0.9396962237889573	0.204845249042101	0.21964385236809256	0.5755108985898064	0.0865420084833165	0.13378443116543398	0.03114410672311873	0.011003708156259982	0.9578521851206214	reverted	0.0
AACCTTAGTTCCGTTC-E15S	111283.0	-0.004875073732153734	0.07392937414646694	-0.2408674143810162	0.024430241900991436	0.9204464757546776	reverted	reverted	-0.29260623471387576	0.17320579785361906	0.2572788944913695	0.5695153076550116	0.08334200578912951	0.11967872970615868	0.030328504365049736	0.010821862004857446	0.9588496336300927	reverted	0.0
TGGTAGCTCGCGCTAG-E15S	112110.0	0.09845653825146711	0.08572853035253059	-0.6017342776402126	0.026541098987373283	0.958177742664116	reverted	reverted	-0.6405785876598863	0.1561864670285957	0.19948870636523464	0.6443248266061696	-0.028302130701395742	0.14880701310087088	0.024356871008038475	0.014191208454069175	0.9614519205378923	reverted	0.0
TAAACGAAGGGCTCTG-E15S	110046.0	0.16839627808889274	-0.10772193630361426	-0.40616919346521724	0.027289585059769268	0.9405522927831815	reverted	reverted	-0.4487691512066053	0.15512476034923275	0.21743518085251362	0.6274400587982535	0.09768667136853769	0.12604753331197982	0.03182147763856835	0.01067982390901792	0.9574986984524139	reverted	0.0
CGTTTAAGTAATGTGG-E15S	117559.0	0.014324226173494659	-0.045470769318248117	-0.29319194356643447	0.025305608633943936	0.9274045132063061	reverted	reverted	-0.3352140079956519	0.16558751979121952	0.24198029315733832	0.5924321870514421	-0.32551924233263696	0.18374265889241867	0.018779289402359515	0.03755432321888104	0.9436663873787595	reverted	0.0
GGCTGACCATGAGCCA-E15S	113832.0	0.06816448079644183	0.09098784683813821	3.0733257466685022	0.09371882926269823	0.02133495428953628	persistent	persistent	3.0505592367027687	0.9181590200017644	0.0818409799982356	4.879578655745943e-18	-0.6130866870915493	0.16594058585656712	0.020960827016903764	0.14563466038527612	0.8334045125978201	persistent	1.0
CCGACCAAGTGCTGCG-E15S	111625.0	0.17977597473295553	-0.013711762093306823	0.021257066359735656	0.032885079523753684	0.8756849495358809	reverted	reverted	-0.011351698894873091	0.23682831350987268	0.371062272781569	0.39210941370855823	-0.04244626678749287	0.13311732200114998	0.023102623905434647	0.01434324111367414	0.9625541349808912	reverted	0.0
TCATGTGAGCAACTGC-E15S	112328.0	0.21366704345562854	-0.056922517892017965	-0.26982398757664783	0.027280821900498846	0.9243692027698202	reverted	reverted	-0.287280096335866	0.16877081678341774	0.24849471355545993	0.5827344696611224	-0.5677843147879764	0.2495952992799011	0.019715464099761614	0.08985265058073655	0.8904318853195018	reverted	0.0
AGTATTCAGTTGGACC-E15S	111298.0	0.10223096677707538	0.051067774545523026	-0.2888957406619272	0.026772217131222072	0.9268550241619972	reverted	reverted	-0.34606582170628924	0.16614632119532227	0.24313983065063904	0.5907138481540387	0.002263660253126594	0.13554839444904382	0.025384042881727437	0.012961742166175554	0.961654214952097	reverted	0.0
ATGTTAGCATGCGTCT-E15S	118146.0	-0.07262850075913707	0.4084520692162814	0.5941552683981549	0.04075292967170699	0.7042468791314852	reverted	reverted	0.5169378424850853	0.38863430277782873	0.5801751358765791	0.03119056134559211	-0.8596421844228561	0.2947298703149177	0.020539481547741635	0.23299780715053142	0.7464627113017269	partial	0.0
CTAAACCGTGAACTAG-E15S	109744.0	0.0745117652114285	-0.09041690114297551	-0.3439660582653376	0.029094387606388623	0.9336160648517786	reverted	reverted	-0.40287983980847786	0.15988092388926742	0.22955452588187117	0.6105645502288614	-0.22663447555138316	0.1795548595351375	0.019691382089730473	0.026201167252367676	0.954107450657902	reverted	0.0
CAGCGGTCAAATGGCT-E15S	109430.0	0.055176232289404215	0.058149808984806595	-0.019372446164617196	0.032978788440231055	0.8838192238008753	reverted	reverted	-0.08018815837986784	0.22452529173229532	0.34997297053053505	0.42550173773716965	0.055052654359682075	0.12587409648282938	0.028350526483936846	0.011476431175694078	0.9601730423403692	reverted	0.0
CCTCACGCAGCCATTC-E15S	110093.0	0.26712404972477416	0.013242506792023323	-0.3776530261773711	0.03233866388419866	0.9374609975360874	reverted	reverted	-0.4162231706999022	0.1570015075976485	0.2225782277283637	0.6204202646739879	0.03555302039364968	0.13280573285158911	0.02727777625347361	0.012041421676940268	0.9606808020695861	reverted	0.0
TCTCGCGCACTAGGTG-E15S	113167.0	-0.10247379281957997	0.41614564724254155	0.6020819175822824	0.04370902345033813	0.7011117576382477	reverted	reverted	0.5445260963271259	0.38981281522995703	0.5806228834534012	0.02956430131664184	-0.1985369880153184	0.14319169761393452	0.019024607445902737	0.02319676291366312	0.9577786296404341	partial	0.0
CGACTCCTCAATCCAG-E15S	107484.0	0.03459127782175947	0.37851814855401933	1.950708984831232	0.06597910492934897	0.15439233794206284	persistent	persistent	1.9186509850046314	0.6493770741860355	0.3506229163616712	9.452293293910902e-09	-0.5191209475297315	0.1708675806968287	0.019392849699276155	0.0894549054930662	0.8911522448076576	persistent	1.0
CGTGGATTCCTCAATC-E15S	115684.0	0.031072886836237934	0.0022219709020074863	0.5392079459265093	0.037502072331704245	0.7254437850221696	reverted	reverted	0.5017759428505041	0.3799278788751657	0.5754329810683677	0.04463914005646661	-0.37283533222527043	0.1695496615237036	0.01838902427348611	0.0458457560080027	0.9357652197185111	partial	0.0
CGGATTCAGTTAGCGC-E15S	111001.0	0.11431962091594633	-0.07373753429165852	0.20693968962257298	0.033263269742360234	0.8321108708183603	reverted	reverted	0.18406216270904507	0.297433446072208	0.4702894382242512	0.23227711570354084	-0.6706162906510347	0.24650064352542353	0.02025959368821788	0.13850630202051392	0.8412341042912681	partial	0.0
AACGCTATCACGCTAA-E15S	108702.0	0.10926566257082321	0.07307376650728403	-0.6742641974354845	0.025319126593142904	0.9633468725693124	reverted	reverted	-0.7116883821017054	0.16309884129451088	0.19991266835869653	0.6369884903467926	-0.00900944016380919	0.1439904317625298	0.0251194193849496	0.013469409841470253	0.9614111707735802	reverted	0.0
TCAACATAGGCTCTCC-E15S	119065.0	-0.13545144800606207	0.19362618114998842	-0.3831704467947796	0.025965001686387275	0.9380705931816891	reverted	reverted	-0.4606381065401738	0.15659836673363275	0.2215293024031079	0.6218723308632593	-0.26138115910250487	0.17559529852475064	0.019102279350313257	0.0295287752340347	0.9513689454156521	reverted	0.0
CACGCCAAGGTACTTG-E15S	110214.0	0.10226875812181874	0.04850600587589826	-0.43204965985220667	0.025925454794558433	0.9432334114692539	reverted	reverted	-0.45031216998642876	0.15386474988303625	0.2133548520113395	0.6327803981056243	-0.4017191227246936	0.20977697833645567	0.019053523856122617	0.049803619623756575	0.9311428565201209	reverted	0.0
TGGGGTTTCCTCAACT-E15S	114657.0	0.0022411927492763106	0.26086125368811164	-0.11403705631890375	0.026554838125402904	0.9009941341518365	reverted	reverted	-0.17846628795868924	0.1989910817735762	0.3051101284084263	0.4958987898179976	-0.11493089623526516	0.144998059500509	0.02094270755294559	0.017759017230924115	0.9612982752161303	reverted	0.0
ATGCTAGTCCATCTGT-E15S	112412.0	0.1883224207098087	-0.052465669320659436	-0.24898801566929615	0.03299630001937497	0.921564947465567	reverted	reverted	-0.2739082994882333	0.1719071828065377	0.25473538182895283	0.5733574353645096	-0.052266812641282384	0.14180503398662028	0.023014889897034867	0.014890412939555338	0.9620946971634098	reverted	0.0
CGGGACTCATGCTGCT-E15S	109727.0	0.04006601218528588	0.1520049660495043	0.5280734827458995	0.035877275148888596	0.7296222315898675	reverted	reverted	0.48466209927576165	0.3780330672970234	0.5740964661833868	0.04787046651958979	-0.5177051414151503	0.20415073237136835	0.019298076598046342	0.08174594098319295	0.8989559824187607	partial	0.0
CATAGCGCAGGATGCC-E15S	113986.0	0.06010776030004089	-0.16629974140654474	0.0687569678641443	0.0376318830009642	0.8655604746403933	reverted	reverted	0.045335282783697306	0.25194875014278395	0.3965718620740174	0.35147938778319876	-0.5119404665207656	0.212589906624478	0.019288728929802365	0.07814915547848433	0.9025621155917133	partial	0.0
CTTAGGATCACACATG-E15S	107199.0	0.054696908240313535	0.06637749019512273	0.005057886359496769	0.03198519277426325	0.8789851583950563	reverted	reverted	-0.02209815878972554	0.2318422837499478	0.3625520937670469	0.4056056224830053	0.1155751808358556	0.11871722940865273	0.033254078384650144	0.01028672006136494	0.9564592015539848	reverted	0.0
AGGAACTAGCAGGTGA-E15S	108384.0	-0.0681651497210235	0.09702989544885132	1.429840295243072	0.07023907693663907	0.32861081169781814	partial	partial	1.430004785010343	0.5189149966227916	0.48107325153226954	1.1751844938830457e-05	-0.3427003274210716	0.14972096219296444	0.0180778879010023	0.040816034286169305	0.9411060778128282	persistent	0.20224719101123595
TGCAAATTCAAGTCCA-E15S	113690.0	-0.12100973275145077	-0.20673317543857594	2.2140038816446665	0.06963148436750569	0.09983891002116892	persistent	persistent	2.1908166729239245	0.7232728828999894	0.2767271169674013	1.3260926005930658e-10	-0.16524681178988299	0.11981942681398601	0.018966458984990317	0.020298697790379013	0.9607348432246307	persistent	1.0
AACTGACCATAGATCA-E15S	115083.0	0.020805664134864565	0.5224058754570311	0.4245989076279421	0.0422830490308761	0.7664905615142027	reverted	reverted	0.36368540322073883	0.35777671608487954	0.554734570878368	0.08748871303675237	-0.04431989372306392	0.12800419866444107	0.022836813491358972	0.014306432388835518	0.9628567541198055	partial	0.0
TGGGACAAGTTAGATC-E15S	108912.0	0.11597219839427325	0.47712119238806405	0.7679750695261603	0.05347852000226985	0.63147193101302	partial	partial	0.7390601987523848	0.41187853508077354	0.5794022739538093	0.008719190965417109	-0.378647653471325	0.16919032941512596	0.01838883096430024	0.047013081560315334	0.9345980874753844	partial	0.0
CATTTCGCATAGGCAT-E15S	112470.0	0.16984325206593293	-0.06906152017288425	-0.11953277949102331	0.03271780545506784	0.901918366577229	reverted	reverted	-0.15637036403082696	0.19766424145973757	0.3027288554825333	0.49960690305772915	-0.20758935937744535	0.16148005136547908	0.019420844706112706	0.024254551197955696	0.9563246040959316	reverted	0.0
CGAGTCACAACCAGTG-E15S	106330.0	0.1330191606525825	-0.0015207980264934085	-0.19735489310097715	0.024206691799130587	0.9142017741939623	reverted	reverted	-0.23379508122195936	0.1808927879510458	0.27197809349889557	0.5471291185500586	0.0964969376580279	0.12127551911550509	0.031534427503398896	0.010622214142496601	0.9578433583541044	reverted	0.0
CGATGTCAGGGGTAAT-E15S	109159.0	-0.05585925280392462	-0.25386058211823137	0.8146065370551385	0.04429968516595171	0.6107001356622638	partial	partial	0.7773043114734995	0.417726258092219	0.5762885859215681	0.005985155986212939	-0.20287451216103944	0.1435704334096813	0.01896697300766263	0.02355842010705631	0.9574746068852812	partial	0.0
AGCCTTGGTAACCCAT-E15S	108464.0	-0.061998604525274614	0.23458582790524163	1.1187592838347578	0.05202631678575094	0.4686533584717771	partial	partial	1.0714412222118526	0.4604388113646858	0.5391932961559939	0.0003678924793202861	-0.0943686972778557	0.12648010574117688	0.02093947645264907	0.016349629070525565	0.9627108944768253	partial	0.0
GCTTCCATCTTGACAG-E15S	110996.0	0.28015231081675357	0.07228502448161622	0.0964689908314355	0.03573380564999039	0.859337664474699	reverted	reverted	0.06332367732667012	0.26102033721721013	0.41165813267422197	0.32732153010856785	-0.2711067044754916	0.17183037829703776	0.01889501909123389	0.030562962369757623	0.9505420185390085	partial	0.0
CAGTACGCACAATGAC-E15S	109080.0	0.16612459540808927	-0.044890911336915584	-0.5233987092304457	0.02597060565648514	0.9518141087666482	reverted	reverted	-0.5393000113488285	0.15279887481896223	0.20320874698497332	0.6439923781960644	-0.2030334761690304	0.1725423680024926	0.019856122950461463	0.0240885748165258	0.9560553022330127	reverted	0.0
CTTAGCAAGGTGAAGT-E15S	107809.0	-0.028346342600250873	0.3525634228665079	1.118721901699449	0.052860783538962314	0.4686709814875666	partial	partial	1.0960784686398828	0.4604327711448529	0.5391991973030213	0.00036803155212579154	0.16461020314621247	0.10058297937960893	0.038317329651193895	0.009454419700580868	0.9522282506482251	partial	0.0
CAACCAGCATTCATGT-E15S	109594.0	0.21976288534602234	0.001719643656077019	-0.5364011378448158	0.031714529518808245	0.9529306040634499	reverted	reverted	-0.5724984577561684	0.1530807284244587	0.20228207661448255	0.6446371949610588	-0.09346878323868921	0.1516243613232514	0.021854993525202076	0.016847731912968254	0.9612972745618297	reverted	0.0
CGCCTTGCAACATACA-E15S	102969.0	-0.05736416765965008	0.17363023976131842	1.099624542426029	0.05629709326059449	0.47768327326597787	partial	partial	1.0480096207860528	0.4573768811792191	0.5421772031927148	0.0004459156280661068	0.056506851423745355	0.11119402369134437	0.027919640379861697	0.011199155462473654	0.9608812041576645	partial	0.0
GGTCATATCAGGGCTT-E15S	112273.0	0.04344775358888575	0.13896588228414786	0.6083302138852595	0.04064476283445366	0.6986270659685864	partial	reverted	0.5653108255988696	0.39072985895622403	0.5809368373464634	0.028333303697312618	-0.21100869531933755	0.14788131371402766	0.018965118329410127	0.02431487770393768	0.9567200039666522	partial	0.0
GGGATTGAGGCACACT-E15S	101825.0	0.40395297138025404	0.2704844613799514	0.1957327585927518	0.035848915988652044	0.8350540071916089	reverted	reverted	0.20144869501466484	0.29380276911025827	0.46460617713865277	0.24159105375108902	0.016996890933183507	0.13111418139314926	0.026052895566424997	0.012471593641848567	0.9614755107917266	partial	0.0
ACTCCTTAGGCATCGT-E15S	109224.0	0.043821982799437054	0.1361497829391447	1.2123501001496864	0.04992174840486968	0.42488954612314533	partial	partial	1.1688646647198784	0.4762943278943037	0.5235666582785478	0.0001390138271484665	-0.18045902815143341	0.1335416860210629	0.01905846913846823	0.02162729294608651	0.9593142379154453	partial	0.0
CTTGTGTTCCGTGCGA-E15S	107514.0	0.05743560477831405	0.4194673922662948	0.8629747447079754	0.048829708917024775	0.5887227470686809	partial	partial	0.815445542396779	0.42386208712229845	0.5721458206989433	0.003992092178758304	-0.13785938292820987	0.1334518798925939	0.019949241398472206	0.01879331534045768	0.9612574432610701	partial	0.0
AACTTCCTCACAGCGT-E15S	108964.0	0.14331001271497318	-0.016565692879065508	-0.5429083354660326	0.029317690671866205	0.9534800910649882	reverted	reverted	-0.5637292130832495	0.15326307742917464	0.20186519824810867	0.6448717243227167	0.042752650828221855	0.13496466820796116	0.027845401687281335	0.011915024641619377	0.9602395736710995	reverted	0.0
GTATTCCTCCAGGGAA-E15S	106971.0	0.022209981666179268	0.011942506721777768	-0.09001895966004812	0.026141458742665272	0.8968634460484752	reverted	reverted	-0.1345152978872208	0.20500065786293004	0.3158242605967785	0.47917508154029154	0.27728386085088597	0.10171816688051948	0.059056673114871124	0.008805706436042473	0.9321376204490864	reverted	0.0
CACCGCTTCGTTGCCC-E15S	110395.0	-0.11428796524120571	0.37884239123919006	2.5161845737721524	0.08093922610537681	0.058906573195244415	persistent	persistent	2.4867458667541755	0.8045533350906656	0.19544666490877	5.64381935086894e-13	-0.3950437936992403	0.1434150190079196	0.01816638772852263	0.05189567236804556	0.9299379399034318	persistent	1.0
CCCAACCTCACTCAGA-E15S	107024.0	0.25768302453016995	-0.20147326292200007	0.2209831772953516	0.033514462152495296	0.8283638152953046	reverted	reverted	0.19858438826721608	0.3019382803448478	0.47728000451543046	0.22078171513972167	-0.1826374821640938	0.150066945924759	0.019505131354702422	0.02209017525433554	0.9584046933909621	partial	0.0
GGGTACGGTAGGCGAT-E15S	108533.0	0.19367896189708783	0.032245040260346025	-0.3526892933881188	0.025765342735572766	0.9346322801139199	reverted	reverted	-0.38921702525679924	0.15906622920619043	0.22765275052315334	0.6132810202706561	-0.31628606785434676	0.19445927944778613	0.019105240611462543	0.036193218567031026	0.9447015408215064	reverted	0.0
GCTCAATGTGGGTACG-E15S	109236.0	-0.0445558215480929	0.3779552764983267	0.6391551936449259	0.04603077156355895	0.6861997697523492	partial	reverted	0.5812314567316975	0.3951151414518411	0.5820075641159254	0.02287729443223351	-0.04642149616049453	0.12593252697903964	0.02267497102660774	0.014341544651170464	0.9629834843222216	partial	0.0
ACACCAGCACATGAGT-E15S	109335.0	0.20913531699049376	0.032481525787333765	-0.5503612037787529	0.023813890643407682	0.9541019363583023	reverted	reverted	-0.5929026726432193	0.15350597140659036	0.20142588916543253	0.645068139427977	0.007753946427335148	0.14043326768855954	0.02588774208359499	0.012907878546198402	0.9612043793702065	reverted	0.0
GCGTAGCCAAGCCGAC-E15S	102777.0	-0.1392005320042674	0.05437951112164763	-1.1772222893536504	0.029936845793371167	0.9855298415496833	reverted	reverted	-1.237756649790198	0.3455280081962603	0.2880719665186198	0.3664000252851199	-0.07374797087975003	0.17595008523722053	0.023568536316143522	0.016565062589535665	0.9598664010943209	reverted	0.0
AAGCATCCACATGAGT-E15S	107309.0	8.069107301850176e-05	0.09154326826688386	-0.7018780947726069	0.024157491659336255	0.9651487118335201	reverted	reverted	-0.7486586216037472	0.16675458073743224	0.20102203413793512	0.6322233851246325	-0.5919947799350862	0.2816368126728169	0.0200262401341058	0.09050838922570838	0.8894653706401857	reverted	0.0
ATAATCGCATCCAGCT-E15S	108790.0	-0.0701961339058138	0.3186279229562099	1.3164519934798284	0.06503386372335711	0.3775844787956179	partial	partial	1.284263085123837	0.4956879787259417	0.5042678264714376	4.4194802620614154e-05	0.16794013440245184	0.09672584127586094	0.03865752145776545	0.009379941452638494	0.951962537089596	partial	0.0
AATGGCTCAACTCGCT-E15S	111721.0	0.012075281264713689	0.3259441304399563	0.00013605729624227615	0.025019808846609946	0.8799727971910704	reverted	reverted	-0.044952252705092975	0.2303477631478929	0.3599916108234819	0.40966062602862524	-0.01757753392034489	0.13169067407536458	0.024199050233344652	0.013477355461831163	0.9623235943048242	reverted	0.0
TGGGACAAGGAATTGA-E15S	111206.0	0.009963684484367186	0.04981742835309522	-0.28649424726887124	0.033033653966005334	0.9265462036939337	reverted	reverted	-0.34355917825562743	0.16646386636507912	0.2437954492092585	0.5897406844256623	-0.5265016438365681	0.23236560814761162	0.01946898852861908	0.0793782997379392	0.9011527117334417	reverted	0.0
GCTAAATTCGATCCAA-E15S	105942.0	0.08039211822515507	0.11081788192568232	-0.3877399212704193	0.021628485777263184	0.9385712484459443	reverted	reverted	-0.4191306383366884	0.15627903863034984	0.22068026688933667	0.6230406944803135	-0.2628995084275321	0.1796816915380467	0.01920287570963417	0.02973147897670405	0.951065645313662	reverted	0.0
GCTTCCTGTTCCTGCT-E15S	108503.0	-0.04089485632001583	0.7319789706150528	-0.29938900038656785	0.02730654485327213	0.9281904228121238	reverted	reverted	-0.3582321420827648	0.164802423854082	0.24033778653135668	0.5948597896145612	-0.11792776784089921	0.16206511308912802	0.02148244665339384	0.01830497577739615	0.9602125775692102	reverted	0.0
CTTACGAAGCTGAGAG-E15S	109881.0	0.21692594056276265	-0.07944646091627572	0.8510202769154322	0.04613897174040804	0.5941912894114926	partial	partial	0.8317681201008588	0.4223335691169677	0.5732479929961641	0.004418437886868185	-0.12447415034572215	0.12972719936699234	0.020172108655646115	0.017953359835447637	0.9618745315089061	partial	0.0
ACTCCCTGTAACTCGT-E15S	107085.0	-0.07905249630673167	0.45036119437565736	2.6119400229944625	0.08624511982110268	0.04962464850729882	persistent	persistent	2.5722760027745712	0.8280800115029021	0.1719199884970097	8.81613114501837e-14	-0.18947184207890572	0.11662861555427442	0.018473212314474508	0.022048406778003484	0.959478380907522	persistent	1.0
GCGTAAAGTTGCATCG-E15S	106217.0	0.08383023749155122	0.2582427161087363	-0.3741013728391865	0.028742303888271144	0.9370656328323888	reverted	reverted	-0.4033594417157351	0.15727119103254558	0.2232672501653993	0.6194615588020551	-0.46222602589866923	0.23883595865941296	0.019484166169921217	0.060775845645502355	0.9197399881845765	reverted	0.0
GCCCTCACAATTGGCG-E15S	113616.0	-0.06856809165007605	0.0329209172073851	-0.3411150761474843	0.02474133181873181	0.9332807692650038	reverted	reverted	-0.39345434893169146	0.1601576826049048	0.23019068071935544	0.6096516366757396	-0.1999725671594947	0.16319919062907165	0.01960435010922054	0.02366767326919605	0.9567279766215834	reverted	0.0
AACGATGGTAGCCAGG-E15S	109393.0	0.16653437654100006	0.2913791277748582	0.04894375712881436	0.026742290960328888	0.869865740115738	reverted	reverted	0.022404882280208902	0.2455624319598364	0.38585219538379406	0.36858537265636954	-0.6721681322838605	0.25398585152953973	0.020208501748252377	0.13535877704057286	0.8444327212111747	partial	0.0
CTTACTATCACTTGCT-E15S	108023.0	0.19773689209260142	-0.011999613523946628	-0.725195103063332	0.028980783613336024	0.966603418015327	reverted	reverted	-0.76233633482039	0.17030773649083603	0.20235917822969	0.627333085279474	0.07577073678477489	0.13827851254434018	0.030433178777416157	0.011284894832211557	0.9582819263903724	reverted	0.0
ACAACATTCCAGATTG-E15S	103299.0	-0.030013617741986354	0.11791874266709157	-0.6344373449071257	0.02436727971010492	0.9605895614590878	reverted	reverted	-0.6660746467272183	0.1588352434353802	0.19922894621073672	0.641935810353883	-0.10827975633002662	0.163907443994083	0.021849965720725464	0.017853698232666044	0.9602963360466087	reverted	0.0
GCAACATCAATAGGGA-E15S	104566.0	0.010503982485369379	0.15851160142263776	-0.5660449420344029	0.023492756394482495	0.9553847874313651	reverted	reverted	-0.6201857752030939	0.15413672233751885	0.200633496372916	0.6452297812895651	-0.20085754510633375	0.1736677609922827	0.019933582037329086	0.023938109705715617	0.9561283082569552	reverted	0.0
GCCATCCTCCGCTAGG-E15S	98443.0	0.40642282389037093	0.17919799894934385	0.1485104243740444	0.034223956956759484	0.8470018896894039	reverted	reverted	0.13631299639082786	0.27826474732748174	0.43984560130588013	0.28188965136663807	0.2068284837287786	0.11186124476510377	0.044854085930851016	0.009225511707724154	0.9459204023614249	partial	0.0
AAGTCCATCCTGACGG-E15S	104205.0	0.19639576790447827	-0.16735806351007226	0.5787609272289603	0.04306353164802321	0.7102807056158472	reverted	reverted	0.5498581945876309	0.38629395971632796	0.5791423037632544	0.03456373652041783	0.020502798012633303	0.12017343766812723	0.02585057526318788	0.012176714415718133	0.961972710321094	partial	0.0
CGGACTTAGCTTACAG-E15S	107632.0	0.1494359442957906	0.07241498528093715	1.2284850568926338	0.0594943181803009	0.4174430555508955	partial	partial	1.2329814228115992	0.4791781956384481	0.5207049019283586	0.00011690243319330428	-0.06322745304236489	0.12033760300342818	0.021816595854740592	0.014875022422538619	0.9633083817227209	partial	0.0
CATTCGTTCACCATCT-E15S	109675.0	0.09408444127728949	0.008454305112417293	-0.6217831647231618	0.024549253763799333	0.9596725679163612	reverted	reverted	-0.6620549172524735	0.1577211374581733	0.19924087322446	0.6430379893173667	-0.1771621556670749	0.1655015556662944	0.020118423132757197	0.022004341792843416	0.9578772350743993	reverted	0.0
CTGTTCCGTTGACGGG-E15S	109423.0	0.0035361217262998568	-0.01636630644482706	-0.9966400625417173	0.02795978568284176	0.9797515606598246	reverted	reverted	-1.038905347330043	0.24899599220342586	0.24323223151797435	0.5077717762785998	-0.21095325063447168	0.1992384820219237	0.020657912071281183	0.02525219517480527	0.9540898927539135	reverted	0.0
TATCGCTTCACGGAAG-E15S	110535.0	0.05744722444277611	-0.026583963201472716	-0.6690315668942441	0.0227290990749179	0.9629954790744811	reverted	reverted	-0.7037403596682914	0.16247172055061337	0.19976081036557666	0.63776746908381	-0.09505962825732536	0.15892673896478718	0.022084257730948218	0.01709293489402484	0.9608228073750269	reverted	0.0
CCATCATTCCCAATCT-E15S	103799.0	0.32640648527447896	0.014327076540737393	0.15320179543378776	0.03260832861022334	0.8458473911977333	reverted	reverted	0.14515517977753745	0.2798196477506324	0.4423527476716282	0.27782760457773936	0.08767865046896092	0.119720143482774	0.0306993707072204	0.010746407853109109	0.9585542214396706	partial	0.0
TGCGATGCAGTTAGGT-E15S	105584.0	0.12764520427266218	0.0881824373118778	-0.01491126920699139	0.02727107170031134	0.8829491818988505	reverted	reverted	-0.06359191265906795	0.2258419823842259	0.3522446963221667	0.4219133212936074	0.13346794671523396	0.11794749496788559	0.03510428531354205	0.010029559378985439	0.9548661553074725	reverted	0.0
CCTGGCTTCGATGCGT-E15S	108017.0	-0.011064599217762872	0.030177116183996322	-0.5092930056850261	0.02591246147405546	0.9505744620469404	reverted	reverted	-0.545680279970407	0.15261664067988293	0.20435655359140922	0.643026805728708	-0.028222641774626155	0.14455883973994918	0.024187496481407215	0.014094303688862891	0.96171819982973	reverted	0.0
CACCGTTCAAGCGATT-E15S	105706.0	0.05253267634115899	0.22927059725378862	-0.14290659519894283	0.022300152124908646	0.905763791844403	reverted	reverted	-0.18964964808422993	0.19222713812680017	0.29290331233446754	0.5148695495387322	0.07758562023330899	0.12533234570607762	0.03006380930757301	0.011020218074859693	0.9589159726175674	reverted	0.0
CGGCCTAAGTCATCAG-E15S	103291.0	-0.02068247119736555	0.14554314632078735	-0.6428492083779126	0.01839154256339594	0.9611880334911059	reverted	reverted	-0.69157236164938	0.15963916821611762	0.19928246204258476	0.6410783697412975	0.007968654580569426	0.14338443050510583	0.02602159117031844	0.012963682620768868	0.9610147262089127	reverted	0.0
CGTCAGTAGATTGATC-E15S	111708.0	0.10142250984992479	0.20090893913968932	-0.4056781556848456	0.023001802319761032	0.9405002936242717	reverted	reverted	-0.44733941338283095	0.1551527411930828	0.2175179491045648	0.6273293097023525	0.2424900823528831	0.10759856473825587	0.05128924124275818	0.008974072373275938	0.9397366863839657	reverted	0.0
AACCTAGTCAAGTGAA-E15S	103101.0	-0.10349655160697085	0.16944866460626629	-0.15389659215498186	0.029814813314485156	0.9075247509356069	reverted	reverted	-0.21123459827845228	0.18978786664839684	0.28845593871969283	0.5217561946319105	0.12150721849973617	0.11843048272125745	0.0338464220235107	0.010197700982074679	0.9559558769944145	reverted	0.0
CTGGGGTCAAGTGGTT-E15S	108834.0	0.26373814293196113	0.04164972327490124	-0.37256932359697237	0.030037784959428295	0.9368943685980162	reverted	reverted	-0.4148634076922982	0.15738998418812108	0.22356782011910342	0.6190421956927754	-0.15170179512430265	0.16993204499570116	0.020859514635133424	0.02041923466315953	0.9587212507017071	reverted	0.0
AACGATGGTGGCCATC-E15S	106954.0	-0.0463229305295928	0.10522860818318192	-0.43350790648541054	0.026538227797281145	0.9433810491034883	reverted	reverted	-0.48225428897081296	0.15380629474402813	0.21314126207232936	0.6330524431836425	-0.02548011115062379	0.1417805121684909	0.02420659443093963	0.013942747436712975	0.9618506581323473	reverted	0.0
CGCTCCACAGGCAACC-E15S	104535.0	0.08807597774743209	-0.03554772406672191	-0.5857756059752922	0.021620689487942955	0.9569501450894414	reverted	reverted	-0.6258460383541534	0.1551632552663254	0.19988842275833832	0.6449483219753364	-0.14912614935304536	0.17022414161252178	0.020935181099831807	0.02026768555922895	0.9587971333409392	reverted	0.0
GGCATAGAGGCGTTAC-E15S	108195.0	-0.06638881088619147	0.44517148817824626	0.7325400977007497	0.047513914592028826	0.6469411103083743	partial	partial	0.6596157709810472	0.407414755053643	0.5810896424961652	0.011495602450191834	-0.3296951800940457	0.15877359175448602	0.018244364006658548	0.03847847636492579	0.9432771596284156	partial	0.0
TCCTGACCATGACTCC-E15S	101076.0	0.06422290596196584	0.11747550561903342	-0.5408918043444993	0.02643361842968159	0.9533104648861769	reverted	reverted	-0.5747529756352768	0.15320361221818343	0.20199105689739835	0.6448053308844182	0.04640111441607554	0.1385228533322227	0.02824194802198419	0.011901054794498848	0.959856997183517	reverted	0.0
CTGAAAGGTTTGATTG-E15S	107794.0	0.18481764258020844	-0.13428916343647196	-0.2898199159721225	0.029724900349785616	0.9269735496704201	reverted	reverted	-0.3499748590895964	0.16602511037657117	0.24288895316487055	0.5910859364585583	-0.07385184157947258	0.1501023623557972	0.022488773380245828	0.01594069206171166	0.9615705345580425	reverted	0.0
CAAATGAAGGGTGAAT-E15S	104071.0	-0.08804972624117358	0.183227513362772	1.499898483865168	0.060066092849047716	0.3000403605010473	partial	partial	1.451699839098816	0.5343282032481883	0.46566681619672706	4.980555084536624e-06	-0.07384407581025494	0.11899395679076097	0.02138525358670989	0.015285969674325071	0.963328776738965	persistent	0.4074074074074074
CTCAACGGTTTACTCT-E15S	106421.0	0.04168615969598127	0.4771321349296873	2.344739622913893	0.08757421125536896	0.07969352632918886	persistent	persistent	2.329259304830747	0.7594288969196807	0.24057110306685958	1.3459586074717549e-11	0.13554375158267845	0.09763074165534161	0.034686670572402656	0.009737322379643401	0.955576007047954	persistent	1.0
TGCCACCTCTGGCTGG-E15S	108418.0	0.11327344731180405	-0.09067130276036262	0.06879638004241202	0.03173542406334489	0.8655517919930996	reverted	reverted	0.02958258760015037	0.25196154803406423	0.39659326272224993	0.35144518924368595	-0.6680695263828509	0.2657965777412383	0.020129025849747937	0.12728478744060298	0.852586186709649	partial	0.0
ACGAGTGAGGTGACAG-E15S	109651.0	0.02227369383984329	-0.07969226795821593	0.7936105507403972	0.04613942159223338	0.6201075513368777	partial	partial	0.7546191870093173	0.41509098590299354	0.5778066695965729	0.007102344500433531	-0.30582922642259536	0.16012310796067605	0.018357135528070005	0.034903612828743776	0.9467392516431862	partial	0.0
CCGACTAGTAAGTAAC-E15S	104708.0	-0.13621756308775573	0.017737279959461838	-0.15940698652429872	0.03147073061773269	0.9083965287888728	reverted	reverted	-0.19998803987511524	0.18859339853884943	0.2862681961056007	0.5251384053555498	0.1451332473626058	0.11780402414332661	0.03642404823343843	0.00988244102599775	0.9536935107405637	reverted	0.0
TAGGGTGAGAATCACT-E15S	111098.0	0.004895696697635177	0.028952783373218716	0.6939583390968601	0.04727328714543026	0.6634399005589282	partial	partial	0.645264219823443	0.4024646418019859	0.5821490954491909	0.015386262748823282	-0.21110297797543714	0.14383839825696682	0.018851498116155444	0.02425957238414536	0.9568889294996992	partial	0.0
GCTACTGGTGCATCCA-E15S	100558.0	0.027169566110703036	0.15389379741682785	-0.289155261717465	0.02466460276969561	0.9268883256253106	reverted	reverted	-0.3289582341630441	0.1661122279216955	0.24306930081150344	0.590818471266801	0.07415933999058909	0.12943560175526	0.029946090582770875	0.011155705007842852	0.9588982044093863	reverted	0.0
CATAGCGCAGGTTCAG-E15S	103970.0	0.23177544217796459	0.08969386296398885	0.31938339772142793	0.03634056520900216	0.800239009607812	reverted	reverted	0.2967536287043101	0.3314773086235253	0.5209650680069898	0.14755762336948486	-0.014260192587200666	0.1308915123297149	0.024334153408844015	0.01335777794762472	0.9623080686435314	partial	0.0
ACCTACTTCCGCACTC-E15S	101081.0	-0.22012828288745462	-0.34781887345389007	1.0403977671648963	0.05328520779145114	0.5056995115184285	partial	partial	1.0170198074192849	0.44826950218200157	0.5509332307756463	0.0007972670423522134	-0.16158903026027052	0.13190784110118647	0.019372277479884726	0.020262556596918963	0.9603651659231962	partial	0.0
GCAAAGGTCCGCTGAG-E15S	103417.0	-0.10269457543759347	0.1025971370530312	0.2248994162118342	0.039769615255666226	0.8273071408021256	reverted	reverted	0.18716390705240069	0.30318458117757474	0.4792013986819326	0.21761402014049275	-0.29762190940870376	0.17122659251224667	0.018657027371075812	0.03377426963420791	0.9475687029947162	partial	0.0
AGGATTGGTGATTCGT-E15S	101006.0	0.226582257998533	0.08430815816967319	0.06365378334924825	0.03621450224562379	0.8666807290889185	reverted	reverted	0.06392137245625591	0.2502946098201015	0.3938030621453968	0.3559023280345018	0.021523918630744307	0.1331042971909771	0.026403274362259515	0.012393133277892154	0.9612035923598484	partial	0.0
CGGACATTCGATGTCA-E15S	106374.0	0.12399607976452959	-0.06043235808127301	-0.25438596902270055	0.03094767312687943	0.9223004430250471	reverted	reverted	-0.27151686283333326	0.1710676362371361	0.25307925644070817	0.5758531073221558	-0.6084586260462794	0.24991241450399435	0.01987492914893638	0.10577465364406435	0.8743504172069991	reverted	0.0
GTAACCTGTGAGTTGA-E15S	106889.0	0.13255205461184355	-0.02905536036980172	-0.20438585905006737	0.02914787553364128	0.9152400832678633	reverted	reverted	-0.23961453519637765	0.17956762392320744	0.2694805446625152	0.5509518314142774	-0.19535016241044345	0.16764530410713602	0.019832929314236945	0.02339081351979301	0.95677625716597	reverted	0.0
GGCATCACATCATCTG-E15S	108923.0	-0.04604296437653782	0.3108706929920585	0.1706789395181206	0.035147165063984444	0.8414836693213108	reverted	reverted	0.09807819358972521	0.28559597285571675	0.4516116298004248	0.26279239734385834	-0.3717222141994857	0.18159889261317727	0.018584857017290915	0.045211742543474404	0.9362034004392347	partial	0.0
TCTATTGTCAGTAGGG-E15S	104346.0	0.20376080070303187	0.06119460308595992	-0.37477199650348075	0.02484371935221216	0.9371404637831471	reverted	reverted	-0.4065246805330239	0.15721965872961757	0.22313631801853626	0.6196440232518462	-0.21029806032305695	0.17996669872189025	0.019977871845528242	0.02481714223116276	0.955204985923309	reverted	0.0
TCATTAGGTCAACTGT-E15S	111371.0	-0.12288992995600417	0.2538221537438272	-0.5534909476825601	0.02205273652045792	0.9543607071323996	reverted	reverted	-0.6197843893537418	0.15361885405805528	0.20125349966054687	0.6451276462813977	-0.45758688042007056	0.21824178020443472	0.019166286426960905	0.061595044384337196	0.9192386691887019	reverted	0.0
GGTGCGAGTTTCCTGC-E15S	111081.0	-0.12853165953168844	0.16550058362519426	-0.12251633253961487	0.026533398813283884	0.9024168930433283	reverted	reverted	-0.16382209265463757	0.19695157388429954	0.30144729912320956	0.5016011269924909	-0.3446406502894861	0.18593544462539666	0.01873712748945437	0.04043520018810342	0.9408276723224421	reverted	0.0
AGGATCAGTTTCGAGT-E15S	107069.0	0.12805753478391962	-0.05676595923612837	0.573401319622194	0.040894526474250896	0.7123642203088364	reverted	reverted	0.5478972052585696	0.3854622293436284	0.5787305612219636	0.03580720943440785	-0.10181595507660922	0.134911011749081	0.020986670816608013	0.016879782360544594	0.9621335468228474	partial	0.0
ACCTCCATCAATGGTT-E15S	102455.0	0.17961261409663548	0.15665438965097733	0.03610803042322533	0.03151558264635692	0.8725918462386164	reverted	reverted	0.01019325634912806	0.24148264856634624	0.37896223431397946	0.37955511711967427	0.12853142872713857	0.12049805730443336	0.03465799099541168	0.010131759288022324	0.9552102497165659	reverted	0.0
ATCTGAGTCGTGATTG-E15S	112958.0	-0.12453024251071443	0.08079396662044391	-0.2803499737958181	0.02757155785403932	0.9257506076912	reverted	reverted	-0.3456983962383228	0.16729325777038048	0.24549728627719167	0.5872094559524279	-0.5369853399355903	0.2367301874589375	0.019534830050901553	0.08200087929137448	0.898464290657724	reverted	0.0
GCTGTTAAGGAATGGT-E15S	107803.0	-0.08928975099301961	0.1342023301905988	-0.2518106187586492	0.028337887557786736	0.9219503310239391	reverted	reverted	-0.30881611927147373	0.17146582419442408	0.2538659471433079	0.5746682286622681	0.05122528838731966	0.12731782416680543	0.028131576103053214	0.011584091240370131	0.9602843326565768	reverted	0.0
CCTAGCTCAACTGGCA-E15S	107311.0	0.10927819644400866	0.31342168343345334	0.28673155615451135	0.03549448028821051	0.8099374418329256	reverted	reverted	0.23916355061435407	0.32213700490947456	0.5076291562948382	0.1702338387956873	-0.06632409066040797	0.1363606874533269	0.022253943450178705	0.01532455127204191	0.9624215052777795	partial	0.0
TGGACTATCCAGAGGA-E15S	103119.0	0.06331034938371666	-0.0876610338422758	-0.42265279872063793	0.027645365227879994	0.9422733330640719	reverted	reverted	-0.460723335065776	0.15427351814859322	0.21477273122997678	0.6309537506214301	0.40204624794294974	0.09880755060103381	0.10485721018684518	0.008915780701825013	0.8862270091113298	reverted	0.0
CTTATAGGTCCATTAA-E15S	106253.0	-0.1010712763141196	0.6591960181954446	3.2596044720934807	0.1109281936467093	0.015090317733857595	persistent	persistent	3.2507642906568335	0.9427059730420184	0.057294026957981636	6.248809780495007e-20	-0.11620940629811728	0.10883473092873616	0.019781109980759878	0.017116583983534644	0.9631023060357056	persistent	1.0
CCTCAAGGTAATGCTC-E15S	105687.0	0.14675206325906692	0.08504875705443715	-0.6341695833864288	0.02423331795534672	0.9605703666328105	reverted	reverted	-0.649703874276792	0.15881048812296364	0.19922804696133528	0.641961464915701	0.1489773104962509	0.1263371490380673	0.037172665332450734	0.009958298758735667	0.9528690359088136	reverted	0.0
CGTAAACCATCACTAT-E15S	106615.0	-0.3018858498539873	-0.38364053442170776	4.1019678925792835	0.13707473158976338	0.003100091875183518	persistent	persistent	4.133326855585641	0.9920856394249077	0.007914360575092398	1.0149232184067674e-29	-0.5528932552865347	0.14390825134388335	0.020267629609504813	0.11462550318563959	0.8651068672048556	persistent	1.0
CCCAATCCATGACGGC-E15S	104113.0	0.1679634615762367	-0.08295245938163348	-0.5829911582074786	0.028484317162090617	0.9567324583705793	reverted	reverted	-0.5925098545411056	0.15500250062268525	0.1999766918268021	0.6450208075505126	-0.19204402786517133	0.17723772288185682	0.02022544244121062	0.023333345028458297	0.9564412125303311	reverted	0.0
GTGTAAGGTGATCCTG-E15S	107694.0	0.058247592146121574	0.3182759127832828	1.4707830037485916	0.07033185545112107	0.311742472026387	partial	partial	1.4262710484613041	0.527826768770898	0.47216608889067607	7.142338425983809e-06	-0.32035326706814843	0.1475573944675275	0.01806433847354682	0.03714295145132368	0.9447927100751294	persistent	0.36507936507936506
GGCATGAAGTGCGCCA-E15S	106319.0	0.11338720161198229	0.14178166924254643	-0.5935153357414265	0.023070266159483547	0.9575497517720298	reverted	reverted	-0.6237327317997894	0.1556377578760804	0.19967203217643953	0.6446902099474802	-0.1461953847733722	0.17644334381017915	0.02124917903027057	0.020237689101035954	0.9585131318686936	reverted	0.0
GTGTGGCCAATTAGCA-E15S	104286.0	0.2234284888096812	-0.13828157555146953	1.3064927580523584	0.0567805270434602	0.3820256414416324	partial	partial	1.288612607320293	0.49375206467474253	0.50619847663179	4.9458693467474084e-05	-0.537178565782997	0.19774512428205931	0.019460295190897654	0.09070980621509815	0.8898298985940042	partial	0.0
TGAGGCAAGGAACCCT-E15S	101478.0	0.09735176178693022	-0.1607291329132236	-0.5839892095653774	0.03131913928480312	0.9568106060978526	reverted	reverted	-0.6093504736025426	0.15505951750500793	0.1999444175998232	0.644996064895169	-0.21792858155784117	0.17633446491779026	0.019725738195933294	0.025387767895413894	0.9548864939086529	reverted	0.0
AGGAATGCATAAGCCG-E15S	101398.0	0.02178310693851998	0.06772589286310304	0.8361038628349636	0.0464580163785235	0.6009819988559072	partial	partial	0.8081847632266379	0.420438564220066	0.5745529710255382	0.00500846475439583	-0.2065628554918629	0.14221794260468548	0.018873514203546216	0.02384552751485435	0.9572809582815993	partial	0.0
CCTACCGCATGGTGCA-E15S	101738.0	0.12119553381732756	-0.055950873922249955	-0.6250657583094527	0.02952496975160486	0.9599123882586594	reverted	reverted	-0.6316760809756539	0.15799923219315098	0.19922708124073882	0.6427736865661101	0.3728502805666298	0.10604289257328392	0.09046871151306062	0.008837655046669779	0.9006936334402696	reverted	0.0
AATCGTTAGGTACCGT-E15S	100503.0	0.13925051030780117	0.037472935645127325	-0.8320541920979155	0.02454295278839009	0.972552133406927	reverted	reverted	-0.8535603110102525	0.1925344185594289	0.21308132540274216	0.594384256037829	-0.007016509022942165	0.14842347674706607	0.025408577032264526	0.013505722670120296	0.9610857002976151	reverted	0.0
GCACTTGGTCAGTCCA-E15S	92425.0	-0.06710347461118848	0.5089061029081485	-1.1157365141961928	0.030256087090229967	0.9837725264918425	reverted	reverted	-1.1589970272271495	0.30879886493597797	0.27240761240000827	0.4187935226640138	-0.3563611365079513	0.244342396805096	0.02018541534412208	0.04127005955602564	0.9385445250998524	reverted	0.0
TAAACCACACAGGGTC-E15S	104456.0	0.1725536526747548	-0.008795935906160568	-0.44468734335370436	0.02876424933008872	0.944500956095998	reverted	reverted	-0.4755628569317639	0.15340261275536118	0.21156088284767122	0.6350365043969677	-0.4951321170437814	0.25274075519845324	0.019677349510681886	0.06730406656733638	0.9130185839219815	reverted	0.0
TGAGCTATCAATGTCG-E15S	104355.0	0.06577187165934978	0.15727665079782494	1.2304669309740042	0.05957618907979176	0.4165309141705082	partial	partial	1.2385201033566933	0.47953550517299365	0.5203500662905371	0.00011442853646924116	0.041161724445951196	0.11281712539904747	0.026902164566788657	0.011555434229260744	0.9615424012039505	partial	0.0
TGCGATGCAAATTCGA-E15S	106507.0	-0.00937650407519891	-0.10464783924906568	0.12782324113677343	0.030774514949545664	0.852008458935713	reverted	reverted	0.09166813494900165	0.27139932006063305	0.4287049556412361	0.2998957242981309	-0.32479983927725203	0.17789310974596767	0.018649924691007336	0.0375037824318545	0.9438462928771383	partial	0.0
GTCAACATCAATGTGT-E15S	102733.0	0.0974486448509842	-0.10070594209934003	-0.09586989551205076	0.02680650923424786	0.897883540522442	reverted	reverted	-0.12792644358814742	0.20350550778692772	0.3131689763143734	0.48332551589869893	-0.39799368826510495	0.20484782996536144	0.01896769009335096	0.04930676434647727	0.9317255455601717	reverted	0.0
TGGGTCCGTTTGACCG-E15S	102628.0	-0.06956721024196633	0.02174527439513929	0.9610946408556336	0.058350960652891505	0.5431255562265361	partial	partial	0.9788329852691039	0.4368890200375443	0.5614329794500791	0.001678000512376578	0.2642178279332913	0.09598623264929242	0.05589497354201415	0.0087982190755815	0.9353068073824045	partial	0.0
GTTAGCCAGATTAGGA-E15S	103525.0	-0.12815831623063156	0.452086197727388	0.3352566761872003	0.040221300308687986	0.7953918682745197	reverted	reverted	0.28452093130717054	0.33582565577122003	0.5269794884194269	0.137194855809353	-0.22713903439997887	0.16172667925031275	0.019131632407339647	0.025962760123257222	0.954905607469403	partial	0.0
ACTAAGGGTGCGGTTC-E15S	105078.0	0.07051266826909935	0.5878546144775862	1.005963797889867	0.047404860416409116	0.521982762554747	partial	partial	0.9663009573179429	0.4432198809717205	0.5556734804946049	0.0011066385336746124	0.004748825943712119	0.12063243880078495	0.024957987505151352	0.012603600827230233	0.9624384116676185	partial	0.0
CTCGACTCAGGCTATG-E15S	100786.0	0.1924058502104295	0.461636733082712	-0.6852911698223235	0.029358973500660024	0.96407690014791	reverted	reverted	-0.7474039688569398	0.16448829670216347	0.20029369387389753	0.6352180094239389	0.12821040755290775	0.1334530559899041	0.03510452593123268	0.010336794675070699	0.9545586793936967	reverted	0.0
CCGAATATCTAGTAAC-E15S	103471.0	0.1629822578023578	0.2709727202147195	-0.8067103463203503	0.024459478126892358	0.9712418829214886	reverted	reverted	-0.8507057574812982	0.18632907111058203	0.2098669642148282	0.6038039646745897	-0.47118456161224254	0.264664492927961	0.019966378956772928	0.06048999115592932	0.9195436298872978	reverted	0.0
ATGGCAAGTCCATATA-E15S	102622.0	0.015440844424050082	0.5491714540943269	-0.5481419157594182	0.026330893748117108	0.9539175974402938	reverted	reverted	-0.5880107125450968	0.15342983216575382	0.20155245853032944	0.6450177093039168	-0.24751537812262397	0.19188953441857695	0.01978128596287112	0.02832409568069465	0.9518946183564343	reverted	0.0
TGGCTCTCAACCAGTG-E15S	102352.0	0.3359078782819211	-0.05466623930006498	-0.028697785324299282	0.0356823837835603	0.8856197678914911	reverted	reverted	-0.05367446457817913	0.22180263595761904	0.34526387741095577	0.4329334866314252	-0.35455828367488545	0.20043469349568624	0.019015704755441565	0.04174485762685181	0.9392394376177067	reverted	0.0
GCAACCACATCGCGTT-E15S	100716.0	0.2001697603144676	0.15962184698233362	0.6146793065310191	0.042563011730118755	0.6960903043167649	partial	reverted	0.5880409779816571	0.3916514057165897	0.5812214485388824	0.027127145744528	-0.2888726623156508	0.16688420535373147	0.018615207616238895	0.03265367800024997	0.9487311143835112	partial	0.0
CTAAGCCAGGTAGACG-E15S	103453.0	-0.039334828165073776	0.10977605246352229	-0.1304029288940056	0.02817508913359174	0.9037238081521743	reverted	reverted	-0.17058719194389185	0.1950938799617314	0.29809801505970385	0.5068081049785648	0.080006479885913	0.12741148216911014	0.030342814134690893	0.011011042681888463	0.9586461431834207	reverted	0.0
AACATTGCAACATTGA-E15S	103169.0	0.1291366113767261	0.005620474355551908	-0.4882122626608528	0.026626265874071117	0.9486653526800526	reverted	reverted	-0.5285499005182926	0.15258196091793766	0.20635219702903088	0.6410658420530314	-0.26156923521484027	0.1893417723407396	0.01950960949623026	0.029694629982766202	0.9507957605210036	reverted	0.0
GGAACCTTCGACCCGA-E15S	105328.0	-0.02629838396296197	0.3451070825188671	-0.5581906062804303	0.02357842295343994	0.9547466724629773	reverted	reverted	-0.6138148964387402	0.153800495912282	0.2010080218020073	0.6451914822857107	-0.04698326413890382	0.1471737682968466	0.023447601935302737	0.014812034248390187	0.961740363816307	reverted	0.0
CAGGTCCGTAACGACA-E15S	101404.0	0.1885171397208703	-0.028515147269786434	-0.06669256556640955	0.0305450361302307	0.8927064559629242	reverted	reverted	-0.0932368585760789	0.21115479646611138	0.3266882312010766	0.462156972332812	0.08561114823224264	0.12462636637394288	0.03070590157610116	0.010862820239017303	0.9584312781848814	reverted	0.0
CACCCAAGTCAGCCGT-E15S	102632.0	0.028794103938853455	0.031000731152856398	-0.8032197649207928	0.0258479750424202	0.9710567327781412	reverted	reverted	-0.8403724542713882	0.18552184333994728	0.20945649065346028	0.6050216660065925	0.01373760352847008	0.14797720017242186	0.026549785243105743	0.012903418257371143	0.9605467964995231	reverted	0.0
TAACTCCTCCGTGATA-E15S	101284.0	-0.13111367792917944	0.31646413582414434	0.6486472138630541	0.044680086937375525	0.6823174453631329	partial	partial	0.6286084733446787	0.3964242121015418	0.58218566143588	0.021390126462578162	0.12877618231475813	0.10859240981542277	0.03427924621407518	0.009960932685453451	0.9557598211004714	partial	0.0
TCGCCAAGTCAAGTAG-E15S	106434.0	-0.07478276813775486	0.2340357848703356	1.2386947322057444	0.07023081371813945	0.4127503090574417	partial	partial	1.2396172385055149	0.4810261014540119	0.5188692200591485	0.00010467848683947274	-0.26950893643085627	0.1498695510322795	0.018359978838874243	0.030235976190791373	0.9514040449703344	partial	0.0
AACGTAGGTCAGCTAT-E15S	100836.0	0.16204983876339668	0.028437611949513775	-0.4971430988066595	0.02776211936149875	0.9494825161341303	reverted	reverted	-0.5240052376419451	0.15256202307036906	0.20546542846445107	0.64197254846518	-0.13003437302235732	0.16191970493320867	0.021129177817047855	0.018957986842789314	0.9599128353401628	reverted	0.0
GGACGTAAGAACGATA-E15S	101145.0	0.21453602034188662	0.07903722916733125	-0.29240580372096675	0.025032258537847348	0.9273042502776556	reverted	reverted	-0.3318308322381324	0.1656888826213735	0.2421911928667386	0.5921199245118879	0.02479239255193359	0.13772510563059906	0.02678980071372947	0.01240138099922022	0.9608088182870503	reverted	0.0
TCCCATTAGTCATACG-E15S	104731.0	0.09473961329289732	0.17558867980313642	0.332492981300617	0.03697554710267579	0.7962420425086738	reverted	reverted	0.2847564560969679	0.3350779647247757	0.5259550770461314	0.13896695822909283	0.045811550338039	0.12198708206955054	0.02754975823350371	0.011607740491112031	0.9608425012753843	partial	0.0
ACCCGTAGTTCGCTCT-E15S	99438.0	0.20861339012361307	0.07350045361824675	-0.4135005376521156	0.022337210676585045	0.9413236095670863	reverted	reverted	-0.43682225969902155	0.1547250463791653	0.21622327339429376	0.6290516802265409	-0.08036049085197608	0.15698032542382093	0.022520925882514496	0.01638069759252367	0.9610983765249619	reverted	0.0
CTGCATCCATGGTCCT-E15S	104090.0	0.16824863317107036	0.1261700092503617	-0.7413229003951195	0.025671110420524636	0.967575122279584	reverted	reverted	-0.7602090807081456	0.17302393434373037	0.20349678530218543	0.6234792803540841	-0.20298981539101313	0.1845134790589302	0.020271185094369506	0.024321944553656705	0.9554068703519738	reverted	0.0
TAAGGCTCAACTAGCG-E15S	101603.0	0.13706485389976902	0.3078094765449715	-0.3690117398256427	0.023338866504205347	0.936494996684342	reverted	reverted	-0.4092884786412176	0.15767156125667092	0.22427359048952508	0.618054848253804	-0.18065640097616997	0.1702056754012698	0.02020905133521967	0.022351887180456873	0.9574390614843235	reverted	0.0
CTATAGGTCACTCGGG-E15S	106730.0	-0.00604504681396123	0.5576361925881208	1.5574508621164975	0.07174211835435355	0.2776675258008917	persistent	persistent	1.5362432997223217	0.5475684987636557	0.45242909683627114	2.4044000731961326e-06	-0.21432660154278887	0.13242932529359552	0.01850905176979829	0.02437570046242981	0.957115247767772	persistent	0.7319587628865979
GTTAGCTGTAGGTATG-E15S	105208.0	0.02248304337290602	0.4431772010805124	-0.1366128801938979	0.028169572888398067	0.9047418529819516	reverted	reverted	-0.15966377864161166	0.19365800986801127	0.295500259743794	0.5108417303881948	0.2527912610715995	0.10833167506419641	0.05344113617040126	0.008936012920903394	0.9376228509086955	reverted	0.0
TCTGGGACATGACCGA-E15S	98824.0	0.21117016886211598	0.09998472569009198	-0.10953274879374206	0.03058758196767173	0.9002308586066392	reverted	reverted	-0.15532535919438428	0.2000921065800149	0.3070816132903855	0.49282628012959967	-0.3549133712360262	0.2032981388726017	0.019080463068373556	0.04174381695527001	0.9391757199763565	reverted	0.0
GCCACCTTCAGCCAGT-E15S	98731.0	0.2409078220099869	-0.06204974293475851	0.5312699726868829	0.043029826944975966	0.7284267842975869	reverted	reverted	0.4980764891814866	0.37858199920916374	0.5744938716750829	0.04692412911575322	-0.04500083983358051	0.13063508993311687	0.022902432349667042	0.014384444636373995	0.962713123013959	partial	0.0
CCAGCTAGTTCCGTGA-E15S	100166.0	0.22963838290980593	-0.03768170994275244	-0.5072846735618926	0.031160670018969314	0.9503955240041322	reverted	reverted	-0.5365397436923848	0.1526010947536273	0.20453213495727948	0.6428667702890933	-0.4992365322947991	0.24497897471931848	0.019557471554968824	0.06934701177301279	0.9110955166720182	reverted	0.0
CTCTGTTAGTATCTGG-E15S	103458.0	0.04871840894907864	-0.11895907927397886	-0.48814325937754993	0.03948453591769878	0.9486589905239495	reverted	reverted	-0.4818306219531704	0.15258231260638705	0.20635928653822957	0.6410584008553832	-0.09166490657465758	0.16099581503946153	0.02228192709334669	0.016984251597372664	0.9607338213092806	reverted	0.0
TGTGCGCGTTAGCTTA-E15S	104987.0	0.12776228717820498	0.06535413239291776	0.47334439789812527	0.03859331975460009	0.7495694358761358	reverted	reverted	0.4361658239926531	0.36795694692018754	0.5654853746344214	0.06655767844539104	-0.26867299198259764	0.1664768836922935	0.0187765279636301	0.030248594698778098	0.9509748773375917	partial	0.0
AGCAACCTCACCCTAT-E15S	96522.0	0.06096262855983997	0.1253569370373877	-0.9401071730604804	0.026491763776631382	0.9775156756049244	reverted	reverted	-0.9782197226178467	0.22626846003989806	0.23119972261534733	0.5425318173447546	0.18800221470360554	0.1289299951007828	0.04240560414625292	0.009585659971652597	0.9480087358820944	reverted	0.0
GTTGGTTGTGAGGTTA-E15S	103648.0	-0.036873691428850996	0.16478678106886535	4.19088757148915	0.13084847516425124	0.0026210465860268387	persistent	persistent	4.211513001415697	0.9937817633080474	0.006218236691952691	7.188876461017717e-31	-0.07057298290539837	0.10200881432860774	0.020992059651056195	0.014844940687495313	0.9641629996614484	persistent	1.0
AGTTTCCTCCGTGATA-E15S	103415.0	0.1359685346139054	0.1084967588273218	-0.18343068177684435	0.025435063050042093	0.9121114241722295	reverted	reverted	-0.22976477174294713	0.18361122620829248	0.27706321098622244	0.5393255628054849	-0.09251452148916998	0.15062006548604054	0.021848868515275087	0.016780251820706058	0.9613708796640188	reverted	0.0
AGTGCTCAGCTTAGTG-E15S	100417.0	0.25974248639141945	0.007417574951473438	-0.5535210048209959	0.027806506500308262	0.9543631855435186	reverted	reverted	-0.5756584359963085	0.15361996943701225	0.2012518786684192	0.6451281518945686	-0.2595435669098475	0.1956183464445881	0.019734924975289458	0.029560902517361924	0.9507041725073486	reverted	0.0
TGGCTGACAAGCGTAT-E15S	100483.0	-0.07164588128845778	0.15386641623589237	-0.7298150007416794	0.024237715580973887	0.9668846059550139	reverted	reverted	-0.7733766092946711	0.1710638775539691	0.20266733395403536	0.6262687884919955	-0.00032732046505104274	0.14713192441596493	0.02571456817802576	0.013279603832823554	0.9610058279891508	reverted	0.0
CCATCCGCACAGCGGT-E15S	98602.0	0.05674015587455844	0.36357419299401794	-1.2745642495760947	0.03230383651171198	0.9879357847168208	reverted	reverted	-1.3136542399679554	0.40948878516049747	0.3105390181897046	0.2799721966497979	-0.04906830185841998	0.1767498554909132	0.02462727426129593	0.0156027611258001	0.9597699646129039	persistent	0.0
GTCGCAACAACTAGAC-E15S	102611.0	0.21601081210098555	0.06656141826917161	1.6357304859730506	0.06894569123555538	0.24894324108931126	persistent	persistent	1.6460787124468679	0.5663659125255998	0.4336332239194482	8.635549520587942e-07	-0.19241519478923327	0.13193950153788486	0.018813321816209382	0.0225195007367696	0.9586671774470209	persistent	0.9753086419753086
TGCTTAGAGTAGGTCC-E15S	104587.0	0.23123211577125563	-0.10073624079160837	-0.6220963120134987	0.03230919847067574	0.9596955050660854	reverted	reverted	-0.6406872198024455	0.15774733842722682	0.19923923347769923	0.643013428095074	0.06674835746230007	0.13717874376371642	0.029675695916332272	0.011441648755868304	0.9588826553277995	reverted	0.0
CCCGTTGCATTCCTGA-E15S	102754.0	0.12432289685004566	0.41296695187105814	-0.23778508444030372	0.024759011998569582	0.9200181362152487	reverted	reverted	-0.28565069031748475	0.1737099173645789	0.2582607408961255	0.5680293417392956	-0.09929315717298522	0.15316136407802478	0.021721509968854004	0.01715908347490772	0.9611194065562383	reverted	0.0
GCGGATGGTGCGGTAG-E15S	99473.0	-0.08011201619113612	0.5544398855962651	-0.40879609231339764	0.03245958104105991	0.9408297496885542	reverted	reverted	-0.44348008326492877	0.15497764953890542	0.21699580796080545	0.6280265425002893	0.3614393232580589	0.10636337857535222	0.08572931181592039	0.008815225366645224	0.9054554628174344	reverted	0.0
AATGGGGTCAGGAGAT-E15S	104152.0	-0.015815985159752688	0.33564752402405784	-1.0157753343689542	0.02733972112854783	0.9804578749525815	reverted	reverted	-1.0619200730250913	0.2575181550144094	0.24763255498745798	0.4948492899981326	-0.1612838847449074	0.19164621882700908	0.02146591061692856	0.021538563432134755	0.9569955259509367	reverted	0.0
GGCTTCTCACCTTGGT-E15S	101852.0	-0.13520336307067965	-0.3390368606059	2.116890605725973	0.07227771751350329	0.11761980887708727	persistent	persistent	2.100959839333446	0.6959620487461474	0.30403795057941796	6.744347176722956e-10	-0.027702746426169975	0.10608928261764469	0.02283682399193319	0.013326361576045036	0.9638368144320216	persistent	1.0
AGCGAATAGGTTAGGG-E15S	102143.0	-0.17708181276849744	-0.34633708812701613	2.1573127585788456	0.09033888359035588	0.1099070550861565	persistent	persistent	2.14890064321384	0.7073504702147148	0.2926495294399886	3.4529657718657536e-10	0.006776225428086552	0.10582262083403132	0.024565470365660907	0.012290888567417908	0.9631436410669213	persistent	1.0
CTATGCTTCACTAGAT-E15S	101050.0	0.11237686879876913	-0.30689591008561273	1.2621100796885127	0.05356085049986381	0.40204870215270233	partial	partial	1.2355657699356797	0.48533187330629607	0.5145870689416584	8.105775204553429e-05	-0.10337071484424985	0.12504689241614872	0.02061708176584896	0.016756286142257496	0.9626266320918935	partial	0.0
GGATGGGCATTACCGC-E15S	95927.0	-0.1314474949042761	0.7257666025759586	2.080593370108354	0.07791350260613338	0.12494103464467737	persistent	persistent	2.0436530348544673	0.6857333462354882	0.31426665254536346	1.2191484161435664e-09	-0.12127484149432878	0.12378594712864584	0.020074489885842303	0.017662073109489237	0.9622634370046683	persistent	1.0
AGCTATGTCAGCTACA-E15S	98717.0	-0.04477623951693166	-0.014417824225006481	0.5845193482305686	0.0383440018105745	0.7080322271026138	reverted	reverted	0.5496497699607431	0.3871776506738468	0.5795543595806014	0.03326798974555187	0.14717357960162242	0.11002965540614484	0.03641112686384241	0.009754312096589899	0.9538345610395677	partial	0.0
CAATGCATCACGGACT-E15S	103952.0	-0.046972771974035155	0.6254355606193207	1.385835478635625	0.06370135342579425	0.34724595613161224	partial	partial	1.327565613119872	0.5096440490836045	0.49033611361694784	1.9837299447675237e-05	-0.21032603229714797	0.13590357631781522	0.018651033617615668	0.024072151860408765	0.9572768145219755	persistent	0.015151515151515152
TCGTTAAGTTTACGAC-E15S	106652.0	-0.06776591780490776	0.11073690888880605	0.4547400056161857	0.03179210760423175	0.7561226578344378	reverted	reverted	0.3949059906244784	0.3642141592892814	0.5617384006446944	0.07404744006602428	-0.3042395487074621	0.16672423356426902	0.01850993528579978	0.034661110006491115	0.9468289547077092	partial	0.0
CGCACAACAACCAGCA-E15S	98904.0	0.11450536388505878	0.24234221198039896	-0.8303012101927782	0.019967804753575888	0.9724634044001169	reverted	reverted	-0.86568663963777	0.19208543838675826	0.2128458337204432	0.5950687278927985	-0.1992867989032043	0.18916748945033648	0.020512253470476277	0.024131904990430702	0.955355841539093	reverted	0.0
CATTTCGCAATTACCT-E15S	101634.0	0.29183828209342694	-0.013506001772204512	0.9033090690531026	0.046391764309969725	0.5701170624007009	partial	partial	0.8786149199561667	0.4291008149301335	0.568083191395711	0.0028159936741554187	-0.5632235281238773	0.20947998125859058	0.01965235384415174	0.09872930351844837	0.8816183426373999	partial	0.0
TAAGGCTCAAAGGGTA-E15S	102369.0	-0.014154603501830065	0.1741390125548573	1.5750213712215724	0.06057787271284585	0.27104547860542305	persistent	persistent	1.5934376587171504	0.5517106236524967	0.44828745923358715	1.9171139162251006e-06	-0.20975708520593997	0.13302804252726813	0.018585058397000385	0.023980477430807057	0.9574344641721926	persistent	0.7761194029850746
TAATTCCCACCATTGC-E15S	100853.0	0.23315947784108199	-0.006624406189175813	0.13714863330812654	0.033367129452493434	0.8497685550502714	reverted	reverted	0.11264330104266775	0.2744949239889732	0.43374222487106767	0.29176285113995926	-0.026192251927574243	0.1335080239654701	0.023851650132274214	0.013791967826438229	0.9623563820412875	partial	0.0
AGTTATCAGTTGGGCT-E15S	100807.0	0.14165745426880855	-0.2103965302323073	0.37004529977446055	0.033137034656744266	0.7844649174418704	reverted	reverted	0.3297216109309866	0.3448890362789026	0.5390338324654839	0.11607713125561353	-0.09626308722987902	0.1402167889600546	0.02134487983254616	0.016724858391746186	0.9619302617757078	partial	0.0
AAGGTTGGTGGCGTAG-E15S	101939.0	-0.021875756386002476	0.355091350807334	-0.2641559084123644	0.024564410653556874	0.9236155982012728	reverted	reverted	-0.32943630739492363	0.1695961564202856	0.2501518366226158	0.5802520069570984	-0.2517778409787773	0.18099418994331587	0.0193778912592572	0.028596492518277908	0.9520256162224648	reverted	0.0
TGAGCTTGTGCACGTC-E15S	108751.0	0.02465113762678356	-0.15690629676264484	-0.01249818989563186	0.03301911290739041	0.8824762191613805	reverted	reverted	-0.047473857015915694	0.22655792032144523	0.35347841065283564	0.4199636690257193	-0.7229732680612605	0.29320677060364264	0.020257477951288808	0.14142800521268825	0.838314516836023	reverted	0.0
ACAATAGAGTCAGGAG-E15S	100992.0	0.0922554443272196	0.017748415603773937	0.689861445964786	0.04346618110419638	0.6651695256661054	partial	partial	0.6829408863004109	0.40193037521636443	0.5822089728180972	0.01586065196553837	0.01239227314566148	0.12138991666055476	0.02541697769115324	0.01240980188056397	0.9621732204282827	partial	0.0
TCGTGGACAAGTGCGC-E15S	108540.0	-0.11692194545883927	0.160794565668945	0.06514262744838853	0.0344260471218617	0.8663547155900717	reverted	reverted	0.01925663958644903	0.25077658433987154	0.39461038166051116	0.3546130339996173	0.08227225919591238	0.11678954210852702	0.030133326290398704	0.010794680834626055	0.9590719928749751	partial	0.0
TAAGGCGAGGTGGAAT-E15S	101952.0	0.32022013222281415	0.17415343436567043	0.6056982602499161	0.048722177352248076	0.6996751180651729	partial	partial	0.6142197507457329	0.3903448249629621	0.5808087275767475	0.028846447460290504	-0.782175860003674	0.2701230276204733	0.020641672634103967	0.1966775089683481	0.782680818397548	partial	0.0
CTTCGTTAGCCGACTG-E15S	108611.0	-0.01304093151194552	0.12045455607707078	-0.6111417202225653	0.025561380824974375	0.9588856391516786	reverted	reverted	-0.6660398414233332	0.15687169671857967	0.1993373175208516	0.6437909857605688	-0.18139521709431689	0.17316839219573144	0.02029812640902577	0.022467841859936603	0.9572340317310376	reverted	0.0
CTATTCGCAAACTATG-E15S	103484.0	0.056476070620552654	-0.059357430279111556	2.21605035327293	0.07605160128168169	0.09949126344213496	persistent	persistent	2.209095151859624	0.7238458459569501	0.27615415391499415	1.2805568382309392e-10	-0.5208714682863438	0.170981052956842	0.01941415265890113	0.09019409479431585	0.890391752546783	persistent	1.0
TCTATGCTCATCACGA-E15S	98807.0	0.15637808978372209	0.05735207126692232	-0.04763792547160735	0.028390674353634023	0.8892020287365922	reverted	reverted	-0.06708014346014234	0.21640224572775774	0.33587547498381176	0.44772227928843067	-0.20071977394789772	0.1713733608057424	0.01985878440694638	0.023882538843469466	0.9562586767495843	reverted	0.0
CTAAGGTCATTAGTAG-E15S	103770.0	-0.05003185160383372	-0.03538138993453355	1.930407971015737	0.07632753239986191	0.15947686960341148	persistent	persistent	1.9313426513238363	0.6437617198216837	0.3562382672880335	1.2890282731001066e-08	-0.17991286557711522	0.12957153194878035	0.018958925539029992	0.02151832392215066	0.9595227505388193	persistent	1.0
CGAAACCTCTAATGCG-E15S	98139.0	-0.03774213047090752	0.18847980159520117	2.9884950313756597	0.08997187264599707	0.024958995422110577	persistent	persistent	2.976977862729942	0.9047472269723039	0.09525277302769605	3.2900366535703163e-17	-0.06852354410574414	0.10625638067032155	0.021185898424872923	0.014832441242026307	0.9639816603331007	persistent	1.0
GTAATGAAGCCAGATC-E15S	103812.0	0.13548583399349529	0.02204819951453796	1.2986777642615461	0.0577017034356394	0.3855245117972867	partial	partial	1.2776612193288428	0.49224486592950056	0.5077011326454894	5.4001425009948805e-05	-0.12244134534252772	0.12787837444300762	0.020168430234299876	0.017805092704320687	0.9620264770613793	partial	0.0
CGACTGGTCCTGAGCG-E15S	101334.0	0.1916769291708132	0.018722556272299462	0.2040928118818265	0.033747710838193744	0.8328624597292076	reverted	reverted	0.17203311294726126	0.2965139470010134	0.4688541310072512	0.2346319219917354	-0.10741165924727215	0.1492697235443306	0.021320362305584397	0.017469006401884184	0.9612106312925314	partial	0.0
AGGCGAATCACAGATT-E15S	103064.0	0.19698957414027024	-0.0026331603158574746	0.05654632986696399	0.03375277380849426	0.8682277905974017	reverted	reverted	0.03565349888335274	0.24800116070293268	0.3899551804475636	0.3620436588495036	-0.41831795624840284	0.19650635158222884	0.01882332480180508	0.054039291800243694	0.9271373833979512	partial	0.0
CAAAGGCGTTTCGCTC-E15S	98840.0	0.13503704804410405	0.04997189936401747	0.4467534676344661	0.0412033712975442	0.7588999460674147	reverted	reverted	0.4274515415413758	0.36255423799181324	0.559996240529561	0.07744952147862583	-0.5559829928870464	0.2295672782887237	0.019583308526165397	0.09036011146102685	0.8900565800128077	partial	0.0
TCAACATAGTCGATTG-E15S	101241.0	-0.0612303239443871	0.2414217791221539	-0.7742742076601847	0.023720125327064714	0.9694761918312433	reverted	reverted	-0.813415788223385	0.1792568034859773	0.20635695351457095	0.6143862429994517	-0.009814294739769478	0.15210405856959588	0.02541750591915682	0.013672554541236222	0.960909939539607	reverted	0.0
CATTGTGAGTGAAGCG-E15S	102608.0	-0.10914563854633103	0.07497455343020798	0.2812356739330068	0.03873438510457238	0.811533941403103	reverted	reverted	0.23715536886065908	0.32051541392501276	0.5052626822713462	0.17422190380364103	-0.0655575446362647	0.13678928656363937	0.022298729777656092	0.015302562546635392	0.9623987076757083	partial	0.0
TCAAAGCCATGGTTGG-E15S	98407.0	-0.26114551875841463	-0.23485977294155236	2.3161371867922256	0.07794854907917736	0.08375640468165321	persistent	persistent	2.2986373769098822	0.7516139710520313	0.24838602892555095	2.2417755777296327e-11	-0.061442424991514547	0.10972496455570024	0.0215487463027419	0.014607757806888132	0.96384349589037	persistent	1.0
ATGATCCGTAGCTGCC-E15S	100183.0	-0.021024264622697075	0.0256162818160236	1.1834463942961155	0.0633823660588527	0.43831243987237567	partial	partial	1.1567139143285399	0.4712396158521329	0.5285715464358677	0.00018883771199938425	-0.59546117114482	0.20974879043400968	0.019958163675976196	0.11412995071859937	0.8659118856054244	partial	0.0
CTCGATCCAATTGAGC-E15S	102149.0	-0.0881938260889904	0.3923094013485383	0.036698698270204506	0.033237670209409924	0.8724674755240698	reverted	reverted	-0.013127450818161449	0.24166928224246187	0.37927813160846435	0.3790525861490738	-0.21723111151146524	0.16182913326238815	0.019279169572044758	0.02507939069301908	0.9556414397349363	reverted	0.0
GGCTTATGTAACTCGT-E15S	103351.0	-0.059465045079590995	0.07832856847139336	-0.334103912379416	0.03062855911662132	0.9324495083113514	reverted	reverted	-0.38316612336335676	0.1608603152652804	0.231785899365703	0.6073537853690165	-0.2709709122843381	0.1834211122819926	0.019220546403193647	0.0306398634511111	0.9501395901456953	reverted	0.0
TGGTTCCCATGATTGA-E15S	99060.0	-0.14271138056564137	-0.2670442274989382	1.6604165725883289	0.0654244187973339	0.24030815257942573	persistent	persistent	1.6179389366009935	0.5724714407629972	0.4275279390038027	6.202332002027487e-07	0.006268273398746872	0.10881836962246819	0.024634877600271683	0.012354295185921679	0.9630108272138067	persistent	0.9743589743589743
TACACCTTCTGGCTAA-E15S	98983.0	-0.031613605717157545	0.15855687507076244	0.9082445172590786	0.0464364483388097	0.5678256260930441	partial	partial	0.8696794591807216	0.4297518815110549	0.5675517386126228	0.002696379876322263	-0.3681483546615056	0.17102782407903164	0.018410639815825483	0.04489322775862981	0.9366961324255447	partial	0.0
AATTGTCAGCAATCCA-E15S	98586.0	0.14671789136389085	0.021716949559583365	1.4325278214734936	0.061926098788274604	0.32748927132625755	partial	partial	1.4176421236579757	0.5194915922352455	0.4804970301940157	1.1377570738724978e-05	-0.07126890215203538	0.12116298854552003	0.021547072061531797	0.015219401427774861	0.9632335265106933	persistent	0.13953488372093023
CGTGCTAGTTGGAGTA-E15S	104709.0	0.036229516520296934	0.11157415147203087	1.88369352864508	0.06197186561418017	0.17169126817259261	persistent	persistent	1.8829875113862127	0.6309426152419627	0.36905735870365114	2.6054386155692835e-08	-0.020261244499910316	0.11171113553066096	0.023363481224574385	0.013183788958337418	0.9634527298170882	persistent	1.0
AAGCAATGTGGCTTCA-E15S	100901.0	0.1449927649190988	-0.07546516489825461	0.9132630004658298	0.04719965373711564	0.5654926588450156	partial	partial	0.9054032597953066	0.43041639825154	0.5670040421145621	0.0025795596338979015	-0.10892960761958848	0.13757688399628892	0.020862364889162124	0.017290468975147813	0.9618471661356901	partial	0.0
ACCCTAGGTGCATCCA-E15S	96334.0	0.21696254935131015	0.18878748426327008	2.222262208923466	0.07491037557510834	0.09844260508218725	persistent	persistent	2.209417537214858	0.7255840377456062	0.27441596213924396	1.1514984188320371e-10	-0.027552197447421548	0.11198732400533339	0.023030866493823104	0.01342382981760397	0.9635453036885729	persistent	1.0
ACATTGGTCGCGCCAA-E15S	100613.0	0.19658520645855387	0.011865017031822855	-0.5410720375527382	0.027477681666725245	0.953325649614954	reverted	reverted	-0.5921568440302171	0.15320881891692015	0.20197968640927821	0.6448114946738017	-0.1678780468027152	0.17695404858718247	0.020733562415049558	0.021619309504883184	0.9576471280800671	reverted	0.0
TCAGGTCAGTCGAGTC-E15S	98925.0	0.06358751896743359	0.31843279685945114	0.0	0.028605287402188446	0.8799999999999999	reverted	reverted	-0.04074653087930342	0.2303065902175548	0.359921007931673	0.4097724018507721	0.0021374654656809984	0.13509476876805024	0.025359192478786607	0.01295613837049583	0.9616846691507175	reverted	0.0
GCTAAACCATAGGTCG-E15S	96891.0	0.18145375669316638	-0.20336856130401693	0.06377448576597666	0.029241176245187152	0.8666543238614519	reverted	reverted	0.035014740070261736	0.2503336646966085	0.3938684972080323	0.3557978380953592	-0.06925007521690532	0.14593084939004658	0.022500428190184735	0.015653737045445138	0.9618458347643701	partial	0.0
CGCAGGTCACTACCAC-E15S	101437.0	0.09444209751090232	0.7257395342233302	-0.9014079763673719	0.027573155629733108	0.9758478314565079	reverted	reverted	-0.949387471301381	0.21277125641164188	0.223921900006583	0.5633068435817752	-0.07239809573510345	0.15860117506791427	0.022882453181209707	0.016078300527025764	0.9610392462917645	reverted	0.0
ACCTTCACAATCGAGT-E15S	102668.0	0.14813035738258268	-0.05609095418301446	-0.2699023393901964	0.02850175722227887	0.9243795721154353	reverted	reverted	-0.3104642537488612	0.16875955358100117	0.2484720181785375	0.5827684282404614	-1.4074237225462198	0.5870057427688712	0.02096973789331136	0.22721842838843537	0.7518118337182532	reverted	0.0
GTTACCTTCTTGAACG-E15S	99652.0	0.07503125858320842	0.15645249810165973	1.661377466257224	0.07318932303416593	0.23997621107760125	persistent	persistent	1.6385997500523581	0.572710740830329	0.4272886469232263	6.122464446292953e-07	-0.2442092781414509	0.1381673124159311	0.01830905965704174	0.027338238241288042	0.9543527021016702	persistent	0.974025974025974
TCTGCCATCGAATCTG-E15S	99456.0	0.19897531297726884	-0.15989074351012356	-0.3557429812869596	0.028292232335798657	0.934984588662531	reverted	reverted	-0.3662714082943017	0.15879245925769478	0.22700285187795768	0.6142046888643475	0.18581538304522852	0.11949156353688063	0.041801557131577516	0.009482815364053572	0.9487156275043689	reverted	0.0
AGGTATGGTTCATCCC-E15S	94936.0	-0.2186589382060626	-0.016418285778328046	1.1760530144925962	0.0554639623961292	0.4417612966146437	partial	partial	1.1569324041069562	0.46996950932763354	0.5298264305233924	0.0002040601489740587	-0.033479665629722356	0.12205470334215393	0.02310051395802244	0.013808542260744147	0.9630909437812334	partial	0.0
GTTAACTAGGATAGCG-E15S	102319.0	-0.03982289352997398	0.3819667484018413	0.31872558425013287	0.0317563913446267	0.800438011059231	reverted	reverted	0.27280233452343594	0.3312943130460149	0.5207090473010918	0.14799663965289325	-0.41173570388888625	0.1919719240367315	0.018751737993294503	0.052860582998747366	0.9283876790079582	partial	0.0
CGTTGAATCCCGCGTT-E15S	100150.0	0.2217532083098896	0.09196642256858767	-0.48935214336204275	0.026696226157924493	0.9487703427101789	reverted	reverted	-0.5312484819316813	0.15257658942772323	0.2062356131383111	0.6411877974339656	0.054531956540548154	0.13554337773776787	0.028695880983309382	0.011664879403599528	0.959639239613091	reverted	0.0
CTCGATCCATCGGTTC-E15S	101849.0	0.15786664351424312	-0.10027544155258028	0.6463280846087405	0.04871897380194415	0.6832683612253693	partial	partial	0.629913215364349	0.39610598908775435	0.5821484424983634	0.02174556841388218	-0.4311075967067657	0.1842834663208907	0.018703928724230785	0.05799258893588442	0.9233034823398849	partial	0.0
ATGCCCAGTCTAGCTG-E15S	90705.0	-0.2617377296737495	-0.36128176226138314	2.5480954938892606	0.09910015320650369	0.05564541881370558	persistent	persistent	2.559976786494554	0.8125469232301052	0.1874530767695887	3.060684273198875e-13	-0.1176724380524344	0.11984581697894828	0.020053238928524536	0.017392903333262648	0.9625538577382128	persistent	1.0
CCAGGTTAGGAACTAA-E15S	101110.0	0.13773168035595656	0.1729953172938128	-0.3323179771032406	0.026462824692900917	0.9322362332433353	reverted	reverted	-0.32442719237717765	0.1610443042771892	0.2321992639398686	0.6067564317829423	-0.3756542938188047	0.20501941877299223	0.01902951393662935	0.045159908702765615	0.9358105773606051	reverted	0.0
CTCCTTGAGTGATCTG-E15S	104264.0	0.19460086547118222	-0.10299521531739808	1.0894993478400026	0.05419613461833099	0.4824677599839784	partial	partial	1.0674149942399578	0.45578067156117086	0.5437260887498495	0.0004932396889795597	-0.297973786348811	0.1592278635437545	0.018379371794095607	0.03383157234764009	0.9477890558582642	partial	0.0
CATCTCACAGTACCTC-E15S	88825.0	-0.09221512439556756	0.42236031664758933	2.367724214283085	0.08372734928858891	0.07655995571085615	persistent	persistent	2.3656913050386974	0.7656593446994128	0.2343406552916894	8.897805001446932e-12	0.29623603033321877	0.09109658463898546	0.06413464015894184	0.00870885175928531	0.9271565080817729	persistent	1.0
GGACAGGCATAAGCTA-E15S	96513.0	0.08791617116990386	-0.173002751960872	1.2008539279075672	0.049656200897890905	0.4302162605203854	partial	partial	1.1758243374314505	0.4742667799372316	0.5255760979079751	0.00015712215479330374	-0.14446587478898712	0.13185696511887074	0.0197436266257046	0.019160513884768363	0.9610958594895269	partial	0.0
AATGGATGTCTCACCT-E15S	94404.0	0.2092447789165363	0.15875068613600096	-0.680698654127043	0.026083357699975985	0.9637745746854798	reverted	reverted	-0.6869819852083633	0.1638983632498242	0.20012496461602705	0.6359766721341489	0.14845257102101217	0.13314587604269756	0.0373572904971456	0.010067053677569278	0.952575655825285	reverted	0.0
AAATTCGCATAGGGCC-E15S	97328.0	0.26046005860116234	-0.07790790263610703	1.02851758566333	0.049139481743322	0.5113205708066325	partial	partial	1.0089443998449386	0.44650766712025997	0.5525988359332497	0.0008934969464902934	0.08192904092176984	0.11283212832779406	0.029963791655498843	0.010739037801252868	0.9592971705432484	partial	0.0
GTAAGGTAGTATGATC-E15S	101089.0	0.2529204290222837	-0.09185886605588278	-0.13545180090913123	0.029679853655284194	0.9045522432832406	reverted	reverted	-0.1592714285126223	0.19392466553562146	0.2959833026062841	0.5100920318580945	-0.43089603990088016	0.21822338450547102	0.019164276897340602	0.05535639530678515	0.9254793277958743	reverted	0.0
CAAGGCAAGGATGCCT-E15S	99603.0	0.06185059220524308	0.021374226501925997	-0.11424869571244249	0.026337602690553016	0.9010298692607963	reverted	reverted	-0.1345848226009249	0.1989396483086687	0.3050179331991997	0.49604241849213165	0.05167344134920044	0.13314223998891803	0.028393347017354777	0.011681444333691027	0.9599252086489543	reverted	0.0
GCACTAATCTTGAGGC-E15S	99302.0	0.14315261441856136	0.06345434719578202	-0.09754820218189103	0.041385147359497755	0.8981744939774523	reverted	reverted	-0.0772127109518271	0.20308030208706845	0.31241263410034587	0.48450706381258557	0.03458220523500847	0.13614523280920857	0.02734864239181919	0.012129198977630009	0.9605221586305509	reverted	0.0
CCCTTAACACATGACG-E15S	97420.0	-0.21311924845935756	-0.3219576908128098	1.4882522255996937	0.07252060685435778	0.3046911409211415	partial	persistent	1.5161782686680978	0.531711465221051	0.4682827779959167	5.7567830323342315e-06	-0.15067554006170658	0.13426036016593945	0.019675292903864185	0.019594435451526605	0.9607302716446093	persistent	0.345679012345679
CTCCTTGAGGTTAGTT-E15S	99394.0	0.09672869993255412	-0.057838850766631644	-0.05921424578269943	0.02833480535834899	0.8913428596718332	reverted	reverted	-0.08627922908305076	0.21319130111513873	0.33026165587187317	0.4565470430129881	0.027885013802858655	0.13428770610042676	0.026844315189498622	0.012256029200404712	0.9608996556100966	reverted	0.0
TCTACTATCGTCTCCA-E15S	98642.0	0.2557025563569855	0.04643171521931422	0.2494699867273186	0.03261792383089352	0.820559913483875	reverted	reverted	0.22832186110441732	0.31089049205268915	0.49094961644197554	0.19815989150533536	0.11513434365729781	0.11833482278502233	0.03319640507884268	0.010287417144625936	0.9565161777765312	partial	0.0
AGTCTTAGTAACGCAA-E15S	97744.0	0.17742126925142038	-0.0884848303335885	-0.30464185156463675	0.02817061909438856	0.9288504337358438	reverted	reverted	-0.32764924396516604	0.164156298968368	0.2389732420756758	0.5968704589559563	-0.098562110758682	0.15786715168125362	0.021926249644484953	0.017233876198129737	0.9608398741573854	reverted	0.0
CGAATCTGTCAGGGCA-E15S	89506.0	-0.07826884773865461	-0.19855364396664654	0.11586278553949075	0.037030044298866076	0.8548408145162996	reverted	reverted	0.0832589344136555	0.2674319485670386	0.42221684699065515	0.3103512044423063	0.25206935400563746	0.11173898099616973	0.05332583108270634	0.008969404761366647	0.9377047641559271	partial	0.0
CTGTCGCTCCTCATCG-E15S	98783.0	0.17061748870852372	0.021943096483107327	-0.0742133984980492	0.030385446638905054	0.8940625969930365	reverted	reverted	-0.11019885310739745	0.2091373956188041	0.3231380084159632	0.46772459596523264	-0.02415102340988031	0.13874453280958052	0.024150423736318417	0.01383422883822108	0.9620153474254605	reverted	0.0
CACACCCTCTATCAGG-E15S	95170.0	0.1324900904464265	0.012817178165472676	1.0241278126478752	0.04243197727115359	0.5133969253871372	partial	partial	0.97313887943149	0.4458619567748827	0.5532063263241193	0.0009317169009980022	-0.15219619564063688	0.1401938513048756	0.019824270483786165	0.01980769518459229	0.9603680343316215	partial	0.0
GGGTGAATCTGTGGAC-E15S	99335.0	0.10127612115783063	-0.08056076625574904	-0.4076464654293229	0.0309181404407531	0.9407084740551962	reverted	reverted	-0.3976805585952689	0.15504149608350673	0.21718738669993698	0.6277711172165563	-0.7858683634762839	0.32240917406872854	0.02033732881871621	0.15713764153596907	0.8225250296453148	reverted	0.0
GTCTCCATCTGGATAT-E15S	99230.0	0.06522832155387498	-0.24139599794860045	0.9036089520025954	0.04868064640111246	0.5699779170225168	partial	partial	0.8944921451333161	0.4291403062075122	0.5680511048619932	0.002808588930494739	0.09057314205030574	0.10917446736991018	0.030577693601966563	0.010535364385537468	0.958886942012496	partial	0.0
AAACCCGCAGCTAGAT-E15S	98049.0	0.27053237615736286	0.1030937573049524	-0.9279077819064958	0.02709880481167331	0.977002431623661	reverted	reverted	-0.9446191300542232	0.22183648763728872	0.228815853647832	0.5493476587148793	-0.1479744445913278	0.1860451619350777	0.021584674927493604	0.020578903000634485	0.9578364220718719	reverted	0.0
AACACATTCGTTCACT-E15S	97438.0	-0.04217423858867542	0.2957620388796538	-0.8859142911964358	0.025351994890016844	0.9751467778203582	reverted	reverted	-0.9494182647591314	0.2078204656851768	0.22124779828677313	0.5709317360280501	-0.29446321254388746	0.2216348239439268	0.0201365222030401	0.03353912450232868	0.9463243532946314	reverted	0.0
CCGTCTATCGTGCCAG-E15S	97463.0	0.17118245758352518	-0.11526858228906955	0.5680452728985781	0.04307998843469865	0.7144374000833846	reverted	reverted	0.5537598306746784	0.3846218669033518	0.5782914404515113	0.037086692645136796	-0.5302226706925617	0.214184944357214	0.019400053747070385	0.08425232802411976	0.8963476182288098	partial	0.0
TGCAATTAGTAAGGGT-E15S	97958.0	0.23065097870489765	-0.05079571043424713	-0.17456545670124599	0.03026271309699532	0.9107566728911549	reverted	reverted	-0.1915822018444604	0.18540687346385792	0.28039667194183937	0.5341964545943026	0.14955373827737894	0.12205301315693545	0.037091907561852426	0.009889692555677915	0.9530183998824695	reverted	0.0
ATGGCGAAGCGGAGAC-E15S	96749.0	-0.08884043320443874	0.14099238281633886	0.5985317056427816	0.04761033313945285	0.7025182830471819	reverted	reverted	0.5867569567955156	0.38928711870105404	0.580429259294448	0.030283622004498034	-0.4404720396111733	0.19208630177996416	0.01881681811932327	0.0597063848195283	0.9214767970611484	partial	0.0
TGTGCGCGTAGCGGCA-E15S	99893.0	-0.007034053193675116	-0.06321915596790029	-0.173926883242257	0.023342236003872377	0.9106583646048019	reverted	reverted	-0.213517736523282	0.18553815795563536	0.28063965541896363	0.5338221866254009	-0.5578111594682412	0.24455154904832757	0.019653803583372684	0.08748704541997644	0.8928591509966508	reverted	0.0
CAAGGGGCAGGCATTG-E15S	94351.0	-0.03174554992343842	-0.18960726968639074	0.7284764417140052	0.039190166225655514	0.6486962897369661	partial	partial	0.6681252016058853	0.406899021345285	0.5812413885116354	0.011859590143079536	0.2486524741553756	0.10084505081123313	0.052478451566864114	0.008888889818193628	0.9386326586149423	partial	0.0
ACTCCAAAGTCGAACC-E15S	98636.0	0.031935343612344236	-0.04380759262934275	0.5945124345067152	0.042925327099064686	0.7041060248788109	reverted	reverted	0.5762312813465267	0.38868778074042487	0.58019651936984	0.031115699889735178	-0.09545053607693657	0.14029515467419215	0.021373837404618012	0.016688043448144164	0.9619381191472379	partial	0.0
ATCAGGGAGCTGGGTT-E15S	98532.0	0.2135293643827076	-0.013542476761169153	-0.5365839143209488	0.027017597830970637	0.9529461221305162	reverted	reverted	-0.5683139038134667	0.15308547325475536	0.20226994178603053	0.6446445849592141	-0.2125562057523277	0.19411518870505487	0.020437403635159272	0.025276905736441067	0.9542856906283995	reverted	0.0
ATGTCAACACAAGGTT-E15S	95187.0	0.31913088055757116	-0.06844524680636666	0.2233223766392774	0.042314016755181434	0.827733273367698	reverted	reverted	0.2022391794182459	0.30268325697465787	0.4784291959304861	0.21888754709485614	-0.09170724741407722	0.143741180601101	0.02162034749473779	0.01658812106028585	0.9617915314449763	partial	0.0
ACCCCTTGTTTGAGTC-E15S	99441.0	0.20213939480626558	0.17711576654696182	-0.873677658735609	0.02664308908464307	0.9745791191044987	reverted	reverted	-0.8994040258208377	0.20408857820243376	0.2192365667886776	0.5766748550088887	-0.00232965755460584	0.15418276303800443	0.025907220474127746	0.013494415713727137	0.9605983638121451	reverted	0.0
CGCCCATTCGAATCAT-E15S	93476.0	-0.10335368135645928	0.13234874049363943	-0.8735437384673145	0.026228488899337148	0.9745728371938833	reverted	reverted	-0.9209930758396148	0.20404859473311082	0.21921505395506116	0.576736351311828	0.27716023318194377	0.11913829013465117	0.05905086631182219	0.008943461013272484	0.9320056726749053	reverted	0.0
CTGCCTGCAGCCAAGC-E15S	95008.0	-0.04574797529783714	-0.0025379176324195063	0.10140208936525093	0.03413546853394704	0.8582049937410616	reverted	reverted	0.08294482943775536	0.2626476204049172	0.41434632656822745	0.3230060530268554	-0.7271008326713716	0.29220052421324	0.02026790731712742	0.144194091240062	0.8355380014428107	partial	0.0
ACAACAGGTGCGGTAG-E15S	95911.0	0.16958518740415546	0.2646955990243961	-0.31800763935539467	0.02332641958231099	0.9305046331184996	reverted	reverted	-0.35016120904969394	0.16259215416152756	0.23561508336318834	0.6017927624752841	-0.20562247919723897	0.1817212609213405	0.020123152974825885	0.024473925780657147	0.955402921244517	reverted	0.0
ACAGTTACACAAGCCA-E15S	95893.0	0.0215056218927554	-0.025435554357555956	0.28411511334270984	0.038455704192710397	0.8106987801160583	reverted	reverted	0.29089710163645427	0.32136670665024986	0.5065067625742865	0.17212653077546375	-0.08149615118586774	0.14590612870274686	0.022050813119985368	0.016175231909219295	0.9617739549707954	partial	0.0
CTCAAAGTCACCATTC-E15S	96148.0	-0.09611901115386634	0.3911425266022889	-0.9381626171303291	0.0247845577648456	0.977434621852378	reverted	reverted	-0.9738145678705324	0.22555094855933588	0.2308143700693608	0.5436346813713033	0.6156572584666596	0.09230984794309943	0.3185705204063833	0.010281461413968712	0.671148018179648	reverted	0.0
GTGTCAATCCGCATCC-E15S	98403.0	0.13291271199972138	0.14235692968664693	-0.6084492862128735	0.024254247410177867	0.9586842171130459	reverted	reverted	-0.6358263714633462	0.15666931484355595	0.19937429091626688	0.6439563942401773	-0.43448965659916744	0.23882665523163743	0.019547468188871892	0.054732413352499044	0.9257201184586292	reverted	0.0
CCCTTGATCCTTGAGA-E15S	98398.0	0.23342675845841104	-0.047315473737434055	-0.5251745243043575	0.02911297737636201	0.9519680644344318	reverted	reverted	-0.5451686649074089	0.1528309087349153	0.203074788951928	0.6440943023131568	-0.6167987930855128	0.27891492930905415	0.02001506051678195	0.09997353797248727	0.8800114015107307	reverted	0.0
GGTATCTGTGCAGGCA-E15S	96694.0	0.18933970574164322	-0.06992570883676719	-0.2986739812069913	0.025201356800633914	0.9281001463849278	reverted	reverted	-0.3223242678335782	0.16489174684130914	0.2405254914761879	0.5945827616825028	0.012527102635663591	0.13982063998734195	0.02613753534457324	0.012764566627356156	0.9610978980280706	reverted	0.0
GGACATTCAATATACG-E15S	96441.0	-0.04572147942504412	-0.0008708383122171259	0.05205273011208309	0.0323998256182339	0.8691980245253257	reverted	reverted	0.01537004882146596	0.2465578258903648	0.38752828329362643	0.36591389081600867	-0.1801614467659807	0.16045218491647611	0.019886444648786174	0.022113854135212815	0.957999701216001	partial	0.0
ATCTAACAGGATCCGT-E15S	95531.0	0.25515963830738425	0.040797898837847124	-0.5147570371635578	0.02642883233512828	0.9510582030429202	reverted	reverted	-0.5092688796495917	0.15267203792796433	0.20389423160522185	0.6434337304668138	-0.085552170831576	0.16166307386356124	0.022522844407052718	0.016722317529099313	0.9607548380638481	reverted	0.0
TGGTGAGAGGCATCGT-E15S	100781.0	0.1705591223022987	0.009997074139402873	-1.7475226569430005	0.03957355482079749	0.9950369342261811	reverted	reverted	-1.745550427956877	0.6801082023957054	0.2965885312812376	0.02330326632305715	-0.31932356300088355	0.2584871324452419	0.021104504716725064	0.03651542744949281	0.942380067833782	persistent	0.0
TAACAGCCATGGTTCC-E15S	96725.0	0.1709304372712968	0.20833728339225122	-0.10519765750043633	0.030647521534593748	0.8994913209521121	reverted	reverted	-0.15849033500568602	0.2011632034077515	0.3089957086980474	0.48984108789420105	-0.007225526430108638	0.1410683184417674	0.02509390485185257	0.013353242425688706	0.9615528527224588	reverted	0.0
TGCATTTCATGATCCC-E15S	97568.0	-0.3314850643402353	-0.409776687225773	1.1473145598720382	0.05664058252635333	0.4552176481978511	partial	partial	1.1297534789058632	0.4651202959275987	0.53460475946307	0.0002749446093314283	-0.20180067470092522	0.14122168557914136	0.01891816166604388	0.02343117924796749	0.9576506590859885	partial	0.0
TCACAATAGGAGGTGC-E15S	97617.0	0.10242223351909713	0.2092517044099853	0.0011427624576059031	0.028231134138302357	0.879771354645448	reverted	reverted	-0.05002246080318861	0.23065264451410544	0.3605143118896216	0.4088330435962729	-0.18557937730360688	0.1637467834962962	0.019889024088302933	0.022575716201117733	0.9575352597105794	reverted	0.0
TCATGCAAGCATTACG-E15S	94305.0	0.08925187540397056	0.043405566164065434	1.1149180199844726	0.05531957308774099	0.4704646418346054	partial	partial	1.0853176072135216	0.4598193375995828	0.5397982180698738	0.00038244433054346425	0.06270812433507506	0.11008347442883466	0.028341155514200512	0.011056650376099052	0.9606021941097005	partial	0.0
GTGGATTCACCATGCT-E15S	96216.0	0.08049859969604406	0.05070201976307631	2.0091510791788667	0.08100038906249252	0.14049336840398077	persistent	persistent	2.0158766830986945	0.66566215106106	0.3343378451264243	3.812515747456188e-09	0.21563016151888215	0.09560649451055048	0.04600890822643793	0.009006133743791217	0.9449849580297709	persistent	1.0
AAGCCGCCAATCAATG-E15S	95741.0	0.13920293120025734	-0.15730359040312553	0.7706816771729388	0.047828668844844574	0.6302786928579132	partial	partial	0.7431486906954214	0.41221792083807096	0.579247950841631	0.008534128320297932	0.11916484591033911	0.11052723591982244	0.03333356817433843	0.010117067521406217	0.9565493643042554	partial	0.0
GCGGCTTGTGGCCAAG-E15S	94065.0	-0.033644789791945184	0.19188403040236446	0.01132754904472572	0.02992334178575644	0.8777169146442638	reverted	reverted	-0.041574706749699875	0.2337601347877813	0.3658313127110167	0.400408552501202	0.2554858539651812	0.10803524949438698	0.054019157004941906	0.008922801766549943	0.9370580412285082	reverted	0.0
ACGGGTAAGCTTACAG-E15S	93671.0	0.2605510080380236	-0.11596424682739082	0.8005722458772355	0.04855088066181587	0.6169979129355538	partial	partial	0.8023602618629471	0.41596380751688816	0.5773235493294284	0.006712643153683453	-0.45873448685490165	0.19625611518071948	0.01892496131764348	0.06416873844535287	0.9169063002370038	partial	0.0
CTGCACCTCGACCCGA-E15S	94274.0	0.2618102096847887	-0.048475686200638135	-0.5782398069444706	0.03284292607265806	0.9563585714162901	reverted	reverted	-0.5749736178322509	0.15474029150511717	0.2001400862983507	0.6451196221965321	-0.29850069027391635	0.20442291232552567	0.019545320541112812	0.033930130813233705	0.9465245486456536	reverted	0.0
GGTATAGGTGATCAGA-E15S	93924.0	-0.303778662934454	-0.3410787856343055	2.3061721760389315	0.08468069526031946	0.08521556508848423	persistent	persistent	2.3226595725182695	0.7488766062652934	0.2511233937079624	2.6744276528523766e-11	-0.7912436409929434	0.22562119250356388	0.0216823561236576	0.2569131278549951	0.7214045160213474	persistent	1.0
CAACTAACATGCTCCG-E15S	93294.0	0.21108286319193253	-0.026803411338134242	0.5628125955336106	0.03318429510512065	0.7164541397030232	reverted	reverted	0.5125604192750258	0.38379172982761567	0.5778353039764998	0.03837296619588443	0.3078255879215616	0.09892706407873147	0.06740413238307581	0.008744833613438481	0.9238510340034857	partial	0.0
GCTGGATTCGTTAGGC-E15S	96957.0	0.24909173599513618	-0.0830276525068474	0.6308721650374096	0.0405605147204549	0.6895664618148049	partial	reverted	0.600332353327563	0.3939578717885908	0.5817953851405986	0.024246743070810543	-0.1342013267034247	0.14413808224737104	0.020386013963140458	0.018798711791159183	0.9608152742457002	partial	0.0
ACTCCTTAGCCTATCT-E15S	96247.0	0.06240111194177406	0.1376738690502437	-0.43753305124185327	0.02280246633572392	0.9437866967908469	reverted	reverted	-0.4827125332781921	0.15365188716282457	0.21256063583475995	0.6337874770024156	-0.18828286309855055	0.17107957292618728	0.02008481860376431	0.022925291145120444	0.9569898902511152	reverted	0.0
AACTCGATCCCGTTCA-E15S	90184.0	0.26543809201464014	0.09540891573113741	1.2886358798086452	0.05643649254874375	0.3900377715807248	partial	partial	1.2858076835005583	0.49032358344108695	0.5096159936943924	6.042286452067174e-05	-0.22693589115286042	0.1488549111639903	0.018772385599732735	0.025758000850546647	0.9554696135497207	partial	0.0
ATTGATGCAAGGTCAT-E15S	91935.0	-0.14156145537745268	0.5107639488595097	-0.7175970187349429	0.025940175893465253	0.9661359443828065	reverted	reverted	-0.7538989803097065	0.1691019650519174	0.20188340064293714	0.6290146343051455	-0.19690409534763473	0.18474173203815097	0.02039778071829546	0.023857139516654458	0.9557450797650501	reverted	0.0
ATCCCAGGTCAGGAGT-E15S	95170.0	-0.12049499662548674	0.49629172788036247	1.685551615153532	0.07130984699822975	0.23172876414772872	persistent	persistent	1.6335893916986477	0.5787706344027548	0.4212289245541156	4.41043129602743e-07	-0.34795743917682226	0.15426245803187472	0.018147714607086564	0.04164738623480436	0.9402048991581091	persistent	0.9868421052631579
GGGAACATCGTTCATC-E15S	94243.0	0.07703697888052102	-0.22842364112566144	0.1039807484996703	0.03441968888652994	0.8576098927908282	reverted	reverted	0.07644611406663458	0.26349935454159695	0.4157511062379107	0.3207495392204923	0.016294233768593666	0.13544221597784553	0.0261819942570582	0.012575245508565019	0.9612427602343768	partial	0.0
GCCTGTGAGTAGGAAC-E15S	94583.0	-0.009721873012458249	-0.1614358681289833	-0.6252673151175013	0.02297799690927148	0.9599270690182437	reverted	reverted	-0.6454339838484245	0.15801655588487976	0.19922647897847376	0.6427569651366465	-0.1321059558071763	0.17724911028694693	0.02166724693937925	0.01944197627793617	0.9588907767826845	reverted	0.0
GTAGTGAGTTCGCTAG-E15S	93448.0	0.07945580585380502	0.45583196128531034	0.7973460619435851	0.04981895005611917	0.6184401872536364	partial	partial	0.7497301136210259	0.41555924065312644	0.5775499857671086	0.006890773579764903	-0.15774246378555049	0.13978167940053984	0.0196890090049206	0.020157418829767917	0.9601535721653115	partial	0.0
ACAATGGGTTGCTGGC-E15S	96389.0	0.17569288104023323	0.13207313712387103	-0.5247109389397756	0.029989683488883544	0.95192791865003	reverted	reverted	-0.5682257052195547	0.15282234945093964	0.2031095329224429	0.6440681176266174	-0.20297660701519113	0.18647219259083878	0.02034170968462692	0.02436086354211125	0.9552974267732619	reverted	0.0
ATATGTCAGATACTGT-E15S	97262.0	0.1053381674914578	-0.026171927710222254	-0.16386423505890252	0.028635071212315403	0.9090962790941043	reverted	reverted	-0.18870288884760233	0.1876412652380601	0.2845193193480873	0.5278394154138525	-0.06575786282274479	0.1478116059606343	0.022706945220041318	0.015553140421642228	0.9617399143583164	reverted	0.0
GCATCAATCTTGAGCA-E15S	93844.0	-0.11907480022500355	-0.3273000848469212	-1.0079785427613936	0.0307948024559652	0.9801730453622817	reverted	reverted	-1.0034005204562904	0.25399476104084096	0.24582177828624902	0.5001834606729101	-0.11015719707803916	0.18718683173240022	0.022759523530078003	0.018534563663210667	0.9587059128067114	reverted	0.0
TGCTCGCTCGTAATCG-E15S	91312.0	0.09311297733818263	0.3439444086750203	0.15219711143484396	0.03789526057860945	0.8460952316240968	reverted	reverted	0.11378995621803185	0.2794867726022902	0.44181652845021213	0.2786966989474975	-0.20656178544226728	0.16598732260628055	0.0195799491437728	0.02425078958365546	0.9561692612725717	partial	0.0
CTTAGTAGTATGTGTC-E15S	98999.0	0.08320373252652874	-0.10637028833985313	-0.5968680047110976	0.021909813458674335	0.9578070026564252	reverted	reverted	-0.631864368578493	0.15585599014695772	0.19959148343578453	0.6445525264172577	-0.18382405414715305	0.1784477941483503	0.020436691520122	0.022755751167375438	0.9568075573125024	reverted	0.0
GTTGCAATCGCGTTAA-E15S	94003.0	0.0358296284867633	-0.005377128543617271	-0.15410684722013776	0.029705080086530423	0.907558150860884	reverted	reverted	-0.18239864070151562	0.1897419389551415	0.28837194420343876	0.5218861168414197	-0.3749925936848975	0.21384451284260175	0.019228346045884734	0.04477904277535925	0.9359926111787561	reverted	0.0
TGCACCCTCGATGGGA-E15S	91913.0	0.2291182795536803	0.15586513042697192	0.13921951805696905	0.029330177225971376	0.8492673697733306	reverted	reverted	0.12613214682966736	0.27518231380953756	0.43485768988544526	0.28995999630501723	-0.1541472203560207	0.1638958068228237	0.0205782210826591	0.0204343275464273	0.9589874513709137	partial	0.0
CCCATGGAGCGGTACT-E15S	95564.0	-0.026332478618096622	0.0684193725034089	-0.49477969213117995	0.022611790683772278	0.9492674726939808	reverted	reverted	-0.5131261818431071	0.15256235546995664	0.2056941621507574	0.6417434823792859	-0.290433683684056	0.21439408384719644	0.01994794735152077	0.03304059569836735	0.947011456950112	reverted	0.0
CACTTAGAGCTACTGA-E15S	102586.0	0.06358685238441603	0.7056654354924445	1.8152529312425463	0.07234837479247341	0.19090821805106026	persistent	persistent	1.8110545312478892	0.6124726470905061	0.38752728168893197	7.122056196106453e-08	-0.5877341492438827	0.1920409131621634	0.020067691386194145	0.11690645079462804	0.8630258578191778	persistent	1.0
TGGAGCGGTTGTGAGA-E15S	97371.0	0.17703173372494313	-0.1576006144861169	-0.3275407589205839	0.024122125912366406	0.9316626688829124	reverted	reverted	-0.335706967727105	0.16154646646630244	0.23331904150082414	0.6051344920328734	-0.3749592552785272	0.2085419559993458	0.01910865830466367	0.04493066862946267	0.9359606730658737	reverted	0.0
GCTTTGGGTAACGATG-E15S	93334.0	0.154575378823484	-0.1260182442601182	0.26900088036772285	0.028795929908362758	0.8150510043640129	reverted	reverted	0.24021333231752692	0.3168576881542606	0.49987510844337796	0.1832672034023616	0.2139162994063687	0.1086554605823252	0.045974352606921266	0.009143134422442047	0.9448825129706367	partial	0.0
CGATCAATCTAGTGCA-E15S	100053.0	-0.16412147526750331	0.27761263902041444	0.9425186336557339	0.06147716368757523	0.5518378421750881	partial	partial	0.8763727875035685	0.4343438764502618	0.563669783333811	0.0019863402159270996	-0.3361538349744442	0.16462740888239885	0.018337368768585324	0.0394300154889822	0.9422326157424324	partial	0.0
CCATTAAGTTAGTGTC-E15S	98715.0	0.14470425536707915	0.004447188913766831	-0.7543054578454629	0.023367150330889156	0.9683374201375405	reverted	reverted	-0.7803412739113174	0.17536836929280117	0.20453809751638782	0.6200935331908112	-0.1745256650905667	0.19033481516280706	0.021091815333836764	0.02237575750792202	0.9565324271582412	reverted	0.0
CTATGGATCCCGCTGT-E15S	93908.0	0.13382943937862174	0.06912387890462224	-0.2892072569692324	0.03248897891325014	0.9268949959207	reverted	reverted	-0.2958609115901575	0.1661054025299797	0.2430551776160811	0.5908394198539391	-0.1681494113166143	0.17394290615697064	0.02061572261669143	0.021569159438900986	0.9578151179444075	reverted	0.0
ATGTGTTAGCGAATGG-E15S	92816.0	-0.018410140914167927	0.2879205995718711	-0.18170518434387883	0.028357141438635672	0.9118492047903485	reverted	reverted	-0.23549594936022755	0.1839567779791208	0.277706190664425	0.5383370313564542	-0.11414267685369334	0.1507493220102707	0.021171456936432437	0.017845701194789277	0.9609828418687782	reverted	0.0
GTCGGCTGTTAATCGC-E15S	99119.0	-0.08618652105845681	0.2663541563746702	0.7081791701288838	0.04635661546412284	0.6574023119835191	partial	partial	0.6446912637009774	0.4043047704928827	0.5818604007290764	0.013834828778040816	0.10595917533659145	0.10904195186727356	0.0319798193868371	0.010288428391569678	0.9577317522215933	partial	0.0
TCCCATTAGCTTACCT-E15S	96819.0	0.224835325935216	-0.08342265667991616	0.42277930993880064	0.037838127938124445	0.7671065508411996	reverted	reverted	0.3952144235642547	0.35737282986726704	0.554274093940109	0.08835307619262399	0.1467826426067109	0.1096238267333449	0.03635180287599863	0.009753570140199041	0.9538946269838022	partial	0.0
ACTTGCTTCACTTCAC-E15S	94963.0	-0.16151163552875175	0.6895330119032228	1.6225276805257682	0.056222456898921955	0.25364581797411523	persistent	persistent	1.568815141946161	0.563134512621905	0.43686445823571457	1.0291423804967217e-06	-0.23525042545003919	0.14233782888517907	0.01850349291633934	0.02647330202393321	0.9550232050597273	persistent	1.0
ACAATAGAGCATGTGC-E15S	91395.0	-0.11989327098903857	0.1807205940385329	1.4956511916271824	0.06291083604325783	0.3017317623443017	partial	partial	1.4549797236087805	0.5333714213289031	0.466623327449067	5.251222029907889e-06	-0.23031324208330634	0.14430449579105542	0.018610599599590442	0.026017028052903977	0.9553723723475055	persistent	0.40229885057471265
AGTATGGGTTCCAGGC-E15S	95177.0	0.10899920614549047	0.04390656963567241	-0.5403807285860602	0.025428412661802464	0.9532673809703303	reverted	reverted	-0.5927658214141026	0.15318896332779783	0.2020234292652034	0.6447876074069987	0.09383627104173965	0.13356936247679066	0.03177050841470026	0.010872094931073077	0.9573573966542266	reverted	0.0
GTTCCCGCATTGGAAC-E15S	92207.0	0.036957887690760804	-0.0075350963991861475	-0.35217439671124334	0.02830975286132282	0.9345727010476832	reverted	reverted	-0.41178367288708456	0.1591129742140431	0.2277631403853763	0.6131238854005806	-0.08269685694065715	0.15364603244060052	0.022304956843987075	0.016405064434903433	0.9612899787211096	reverted	0.0
TCATGGGCACATGACG-E15S	93545.0	0.14943315927865247	0.4453794696173663	-0.9964371193557289	0.027184366946210473	0.9797439372804345	reverted	reverted	-1.0520137882845848	0.24890787100172726	0.2431863727185959	0.5079057562796769	0.07713762768244826	0.14669978421199348	0.030901333919962852	0.011418878120730712	0.9576797879593064	reverted	0.0
ACCACAATCGATGCAC-E15S	94079.0	0.23893802015964954	-0.02203036620391796	0.5145712538851251	0.03637614115407057	0.734635198302095	reverted	reverted	0.47406746037797537	0.3756686264218381	0.5722933330637617	0.052038040514400065	-0.19471732344465204	0.16041983799260778	0.019608859423844625	0.023202408647016937	0.9571887319291384	partial	0.0
GCGAATTCAAACCGGC-E15S	85471.0	0.10795232069563593	0.07798481471634455	-0.6153127322207285	0.026370561689569496	0.9591958194459231	reverted	reverted	-0.6209879533020232	0.15719519246945554	0.19929007624656409	0.6435147312839804	0.2208150967471656	0.12475887406795376	0.04753570555429138	0.009274744832701416	0.9431895496130073	reverted	0.0
AGCTAATTCCGCACTC-E15S	95753.0	0.206566731935594	-0.12556648427386435	1.4145872107445039	0.06381778697477658	0.33501293058101445	partial	partial	1.4068111784807458	0.5156650669461565	0.4843208234989686	1.410955487492819e-05	-0.6106947560267248	0.2196176354397449	0.02001709761121424	0.11815840683212747	0.8618244955566582	persistent	0.05
TGCGTAATCTAGTCGA-E15S	91982.0	0.07359215475436826	-0.31656153999743825	0.045449071086858375	0.0374552976471202	0.8706128328566975	reverted	reverted	0.03959132371862767	0.2444467997044454	0.3839713396213274	0.37158186067422716	-0.17539452211781695	0.1624643490485953	0.02005138867239657	0.021816248581590817	0.9581323627460127	partial	0.0
CATACTGAGGTATCTG-E15S	94806.0	0.19208219143413635	-0.1448098325142695	-0.5111346531240166	0.028818625692109943	0.9507380108523714	reverted	reverted	-0.5157024488019195	0.1526331702153563	0.20419821833711382	0.6431686114475299	-0.1748686947927765	0.17359802110616196	0.02045304834650849	0.022018377792036123	0.9575285738614555	reverted	0.0
TGTGCATGTTCCTGAG-E15S	96241.0	-0.12162486623642937	0.2424198289506666	1.4090907731980566	0.06867389547833996	0.3373350463280921	partial	partial	1.3919006607824709	0.5145033903331996	0.4854815445229217	1.5065143878734948e-05	-1.2904716449443974	0.4317042027254592	0.018324642854382383	0.38054338483175426	0.6011319723138634	persistent	0.02564102564102564
TCCAAGGCAGGTAGTT-E15S	91673.0	-0.19487468740057745	-0.20416762311849257	3.2551264212700035	0.0901611031174114	0.015216836719250715	persistent	persistent	3.256153499640884	0.9421914079717397	0.05780859202826025	6.957627793621832e-20	-0.120841597023271	0.1140152646991878	0.019802256001979053	0.017457638574345936	0.9627401054236748	persistent	1.0
TGCACTAAGTTACCCT-E15S	95128.0	-0.09894024449479272	0.17674381830430275	-0.6245622692382773	0.026871089510599973	0.9598756931894264	reverted	reverted	-0.6628055573326329	0.15795608320044546	0.19922870927120706	0.6428152075283474	-0.33353468947121345	0.22231155073452877	0.01973527701121256	0.03836004817624794	0.9419046748125395	reverted	0.0
CTCGCGAAGCTACAGC-E15S	88577.0	-0.3160584213513611	-0.35937152406119277	0.295323904501171	0.04379221994003203	0.8074207451411983	reverted	reverted	0.30348895429079864	0.32464451359467816	0.5112602685918006	0.16409521781352124	-0.3656778051241007	0.18783141908833467	0.01870942559770796	0.0439218000611179	0.937368774341174	partial	0.0
CTGTCATTCCGTGCAG-E15S	94544.0	0.06290763615520806	-0.036255515608649924	0.7134747772298738	0.04841094535062038	0.6551407988072804	partial	partial	0.6713785777500987	0.4049848954805843	0.5817217765605106	0.013293327958905159	0.055978182909265865	0.11764035036860485	0.0281099129775686	0.011315139090961523	0.9605749479314699	partial	0.0
GTCCAAATCTCACTAC-E15S	97514.0	0.01383240924930823	0.18493521506673483	-0.40961684831649964	0.02251336768351979	0.9409161900434027	reverted	reverted	-0.4496929563736865	0.15493257636564758	0.21685970600514692	0.6282077176292056	-0.9052008154273226	0.36851527854273286	0.020323328496112562	0.18883237883742754	0.79084429266646	reverted	0.0
GGTACTATCGAGTCTA-E15S	94850.0	0.23884335446030286	-0.11517287900823048	0.5832024321185048	0.039109007510164516	0.7085473443948659	reverted	reverted	0.5655627122629235	0.38697644582698426	0.5794628670767763	0.03356068709623949	-0.25166861147810454	0.1628577074141889	0.018855970037046085	0.02837317320674396	0.9527708567562098	partial	0.0
TCACACAAGAATCGTT-E15S	93615.0	-0.10849861918326736	-0.21432189761919918	0.7583171811968206	0.047182922554251286	0.6357165382566454	partial	partial	0.7223181190300991	0.4106663172664824	0.5799244863291674	0.009409196404350216	-0.30327277415774917	0.16214177203540373	0.018413732272882007	0.03454288220720167	0.9470433855199163	partial	0.0
ACGGGCTCAGCTCGAA-E15S	90263.0	0.13552623837615835	-0.265265348528164	0.2428113193976201	0.034037176318292985	0.822408524024559	reverted	reverted	0.2351253725534062	0.30882271519438753	0.4878204075370018	0.20335687726861057	0.20778456081840097	0.11044426233910026	0.04497862288606916	0.009203390054114167	0.9458179870598166	partial	0.0
TATCGAACATAGGCAT-E15S	92143.0	0.021377469368860036	0.2502398127133201	-0.04843081685356114	0.026771121345843984	0.8893498298513124	reverted	reverted	-0.07028951307479663	0.21618009661062954	0.33548786454420765	0.4483320388451627	0.173573143604664	0.12019645793191637	0.040098331914586005	0.009606076234206474	0.9502955918512076	reverted	0.0
AACCGAAGTTGCACAT-E15S	90564.0	0.05565607694059521	0.31962320431969615	0.9901003651771827	0.05511122449217791	0.529470716087891	partial	partial	0.9342199620732646	0.4409506329621042	0.5577654402994464	0.0012839267384494757	0.046870885597125045	0.12055305520393222	0.02756973358378087	0.011559380824262975	0.9608708855919561	partial	0.0
ATATCACAGTAGCTGC-E15S	94215.0	0.0690928112015366	-0.11161828847566235	-0.22496761216253802	0.02854884448712431	0.9182142744227555	reverted	reverted	-0.26007412045211453	0.175872367160734	0.26244066596025184	0.5616869668790142	0.21238260248074642	0.11440155794277844	0.04584203404818329	0.009214649444651366	0.9449433165071652	reverted	0.0
GGTTCAGCAACCAGCA-E15S	94507.0	0.10987073781757145	-0.04729265193759513	0.5959908538861133	0.040343533314004656	0.7035225727843581	reverted	reverted	0.5449494098162382	0.3889087604829653	0.5802838110001161	0.030807428516918627	-0.22311259731785585	0.1626746609786954	0.01921707869768158	0.025612468500192265	0.9551704528021263	partial	0.0
CATCCCGCAACTACTT-E15S	92101.0	0.24727407308006594	0.14093763655008096	1.0370796321944389	0.053947492750017416	0.5072696795579478	partial	partial	1.0448210816634804	0.4477753002097112	0.5514015778610484	0.0008231219292403799	-0.35946018577208994	0.17701906245121268	0.01851946350697538	0.043122325241367374	0.9383582112516572	partial	0.0
GCTTGTCCAAGGTACT-E15S	93839.0	0.08384093208787796	0.17511812843608898	1.4327696621546362	0.05730467351589837	0.3273884443293946	partial	partial	1.4372572002966775	0.5195435361523051	0.48044511939128687	1.1344456408018714e-05	-0.15562456684027504	0.13304580044538358	0.01953058746131689	0.019889052176836636	0.9605803603618465	persistent	0.0684931506849315
TCCATTGCAAGCATGT-E15S	90997.0	-0.15316915432810424	0.56937814846217	3.6672464258569306	0.11997240247530974	0.007032017284210685	persistent	persistent	3.6899171626879035	0.9763879028538737	0.02361209714612641	2.0355118722835026e-24	-0.14773895245091273	0.10947934334652232	0.019050722823295507	0.018964224615132794	0.9619850525615717	persistent	1.0
GCTTGTCCAATTACAG-E15S	94136.0	0.24965475881389992	-0.010422922073079266	-0.5001373543830095	0.03219644067177736	0.9497537205365986	reverted	reverted	-0.5212670746410993	0.1525667196173356	0.2051817532191252	0.6422515271635392	-0.04646827196895146	0.15968671099210258	0.023986111252574518	0.015083073669776126	0.9609308150776494	reverted	0.0
TCTCGATTCATCGAGC-E15S	98161.0	0.27092641295793113	0.03049523536975951	0.9115130585921479	0.04824219042410887	0.5663064980088812	partial	partial	0.8903815522631514	0.430184391450912	0.5671958532026773	0.0026197553464107496	-0.3591189849205988	0.17237346614538035	0.018437839736233468	0.04318749470205901	0.9383746655617076	partial	0.0
GTGGCAAAGGAATGCG-E15S	97021.0	-0.10435145869053902	-0.01635432998805142	0.7528035402711984	0.0506904319371609	0.6381303766757558	partial	partial	0.6964652050316978	0.40997313512676287	0.5802022217417161	0.009824643131521007	-0.6700105050649598	0.24763554563611972	0.020245116471421288	0.13753605816381673	0.8422188253647619	partial	0.0
GGCTGACCATGATAGC-E15S	91163.0	0.2655731300841589	-0.016147935742263475	1.3956242105752894	0.053628682674315156	0.3430574549007979	partial	partial	1.3861579483444488	0.5116784577786764	0.48830386734786085	1.767487346276678e-05	0.3137659932624337	0.09320752474105855	0.06931762812949431	0.008713359706507854	0.9219690121639978	persistent	0.01098901098901099
AAGTAACGTCAGTAGA-E15S	96120.0	0.0518552036192475	0.34742935466022173	-0.3145434346553517	0.025939572795096157	0.9300793386134619	reverted	reverted	-0.35113044075602534	0.16298655543684976	0.23646982931485502	0.6005436152482951	-0.1328581168865356	0.16777686883362505	0.021273260529369262	0.019254463014899578	0.9594722764557313	reverted	0.0
TCGTACTTCGATTGCA-E15S	95722.0	0.12678578756484732	0.11831331306461201	-0.6466854406922652	0.028315092032742167	0.9614580624167343	reverted	reverted	-0.6744895835021741	0.16002276468118465	0.19932309562212638	0.640654139696689	0.06213644745290272	0.1446498210579729	0.029638893640313038	0.011679977478928624	0.9586811288807584	reverted	0.0
GTACGAAGTTTGGGCC-E15S	93789.0	0.02193807579984003	0.11128893134193829	0.8135714487442921	0.043407847153036264	0.6111659156478197	partial	partial	0.7780600158795753	0.41759609393546226	0.5763676381821952	0.006036267882342511	-0.053725593546219426	0.12993252853535586	0.02251588597024409	0.01469464254242397	0.9627894714873321	partial	0.0
CGTAGTTGTGATCAAG-E15S	97469.0	0.03769899366116597	0.006358163542725226	-0.16576423119627096	0.02632290865986162	0.9093930973984471	reverted	reverted	-0.23689859878112557	0.18723922890467323	0.2837794823239255	0.5289812887714013	-0.24220388456598715	0.17802073266945143	0.019413981928825954	0.027616016747746545	0.9529700013234276	reverted	0.0
ACCCGATAGCTAGAGG-E15S	97706.0	-0.07267741687295465	-0.07098184312497258	-0.10365964403605918	0.03273582854905214	0.8992277780494534	reverted	reverted	-0.1430342787741836	0.2015458895491286	0.3096786977773317	0.4887754126735398	-0.17694536585877893	0.1696485062062184	0.020267387230945743	0.02207722266906501	0.9576553900999892	reverted	0.0
TCAGGTTGTAGTGCCC-E15S	98065.0	0.2066473040946893	0.030279045900832968	-0.5798072305092481	0.028553010816604628	0.9564822525728588	reverted	reverted	-0.6146007934898635	0.15482510823221632	0.2000844014842573	0.6450904902835264	-0.30953760958279286	0.20935700226153195	0.019580380616730245	0.035288446847654316	0.9451311725356154	reverted	0.0
AATCCATAGGCATCCG-E15S	94367.0	-0.2819831728121977	-0.41054442716751643	0.4795745323337508	0.0519234405613177	0.747348902426319	reverted	reverted	0.48984292695048687	0.3691725581962412	0.5666443714085658	0.06418307039519305	-0.021228215680314796	0.12882023367733675	0.02391344336299369	0.013535767884878893	0.9625507887521276	partial	0.0
AGCAAGGTCCGCGTAG-E15S	93731.0	0.1545074688115386	-0.06403092234679353	1.1684480088916231	0.05189216822870603	0.44531474023528733	partial	partial	1.1510538447932799	0.4686727157657456	0.5311063622572006	0.0002209219770537416	-0.28439643641712026	0.15579979558752197	0.01838722829364136	0.03206795794439311	0.9495448137619656	partial	0.0
CCGTTGCTCCAGGTTA-E15S	96369.0	-0.0831438082683319	-0.28743802545153224	-0.5578850839445951	0.02978218320175054	0.9547216758388375	reverted	reverted	-0.5688126735773184	0.15378824381800554	0.20102349275261253	0.645188263429382	-0.5698914095601164	0.2605248664669519	0.019799912151327113	0.08802390791658235	0.8921761799320904	reverted	0.0
GTCATAACACCTCGTG-E15S	93081.0	0.08461173236759739	0.4246829846345217	-0.3753755074877562	0.02416065232421355	0.9372077350534609	reverted	reverted	-0.4156697723872233	0.15717352658623593	0.22301881982733615	0.6198076535864279	0.17710870223901973	0.12483073115176227	0.040729789332849445	0.009633018055009738	0.9496371926121407	reverted	0.0
ACCCTTTAGCATATCG-E15S	90905.0	0.10521276729379542	0.04320168049613593	2.2996554622476535	0.06468600178443876	0.08618222652384323	persistent	persistent	2.299468497897191	0.7470826696151861	0.25291733035480873	3.000510921731603e-11	-0.015778735305455767	0.11102272591449776	0.02355798571381329	0.013031757231779737	0.963410257054407	persistent	1.0
AAGGCCCCATAGATCA-E15S	95290.0	-0.10891642493800252	0.4667135455495506	1.603830970852681	0.06700056961338856	0.2604047988248476	persistent	persistent	1.5828693304512915	0.5586000338014839	0.44139864932552564	1.316872990468484e-06	-0.21298260439053998	0.13880947890684955	0.018690229463936517	0.024347705333771286	0.9569620652022922	persistent	0.8666666666666667
AGTATGTTCGTGCATA-E15S	94078.0	0.11795098382780783	0.022074418256212702	0.10504825763291435	0.03265804593310531	0.8573629248826399	reverted	reverted	0.059824262425775356	0.2638521582009314	0.4163325362408021	0.31981530555826654	-0.35918477095203494	0.20112788353232067	0.01901002650540042	0.04247807817465555	0.9385118953199441	partial	0.0
GCATCCTCATTCGTCA-E15S	91720.0	0.20249013928390097	0.08782949349489522	2.0247667322273215	0.06868467870958131	0.1369613084711413	persistent	persistent	2.020941781815454	0.6700375697740357	0.3299624272459657	2.9799985665962424e-09	0.026409207718663664	0.11234635198717656	0.025934191051094697	0.011893490252750175	0.962172318696155	persistent	1.0
AATCAGCCATAGGCCA-E15S	93967.0	0.03053144228943072	-0.0018152943562774748	0.4107629336817438	0.03664289503545466	0.7711460024608976	reverted	reverted	0.4067182002742283	0.354661081915553	0.5511241866398335	0.09421473144461351	0.0005153208853816955	0.13443239638295085	0.02524429109608943	0.012989059832675207	0.9617666490712354	partial	0.0
CTCAGTAAGATTGCAT-E15S	92822.0	0.044958663446417635	-0.12571453955040623	-0.22480194097943437	0.028485639795221944	0.9181907179110776	reverted	reverted	-0.24649121707362315	0.17590101560474924	0.2624957186090399	0.5616032657862108	-0.10419396150460612	0.15746574948582212	0.02172840869576551	0.017497642111739008	0.9607739491924954	reverted	0.0
GTCTACAAGTAGTCGC-E15S	93358.0	0.0857003420841605	0.320012060860168	-1.0146400377665545	0.02402443856106562	0.9804166515259419	reverted	reverted	-1.0420721200978615	0.2570007486138046	0.24736741621761843	0.49563183516857695	-0.3690818389640954	0.2503018972382085	0.020248599290864894	0.042987713592001264	0.9367636871171338	reverted	0.0
ATAAGTGAGGGTATCC-E15S	93889.0	-0.1306433950383461	-0.07513849775491355	1.2561578963077282	0.05282029078289503	0.40476064970924985	partial	partial	1.2335357686723036	0.48422840353039087	0.5156850665886431	8.652988096604398e-05	-0.689186405206399	0.23145922670764119	0.02060845769337644	0.15968204316451376	0.8197094991421098	partial	0.0
CCTGCAAGTGAGGTGT-E15S	83337.0	0.2178363347956483	0.008287491844541695	0.4121251613233536	0.03365552019057002	0.7706905596602901	reverted	reverted	0.3729754381387888	0.35497240279715814	0.5514908108076427	0.09353678639519912	0.19096523853741024	0.11358175274355299	0.04239739790420943	0.009366964641572148	0.9482356374542183	partial	0.0
CTTAATCCACTCAACC-E15S	90266.0	0.12900434025555357	0.06778847240289232	2.2191677243988	0.06995227784132056	0.0989637660699371	persistent	persistent	2.2000720334471486	0.7247183310671502	0.2752816688114382	1.2141152447989434e-10	-0.09417598043581998	0.1167616598184984	0.02064112400459712	0.016152951116250727	0.9632059248791522	persistent	1.0
GGTGACTTCGTACCAA-E15S	90175.0	0.15664926261637507	0.2532084519246045	-0.03914329866907895	0.024215204246773134	0.8876076943318026	reverted	reverted	-0.07486418768347826	0.21880229313609434	0.34005592248962047	0.44114178437428525	-0.054574708549975905	0.15036153338103417	0.02325557145661803	0.015169930120671882	0.9615744984227101	reverted	0.0
GGCTTATGTGGACACG-E15S	90606.0	0.031092484752674676	-0.2739293524257761	-0.2251072978506655	0.030566006282088432	0.9182341312985907	reverted	reverted	-0.23965318927616278	0.17584822605571918	0.2623942686572023	0.5617575052870786	-0.24127070944398588	0.18452019552284749	0.019631921582676126	0.02762091865371301	0.9527471597636107	reverted	0.0
AGCTTAGTCTATGAAC-E15S	96108.0	0.0984638217242983	-0.005788305034394203	-0.6002682833345754	0.0240873795842113	0.9580663840947217	reverted	reverted	-0.620003560519194	0.15608519474442456	0.19951790905353117	0.6443968962020443	-0.025196721524894355	0.15145912397613306	0.02461589354432823	0.0141475753559117	0.9612365310997601	reverted	0.0
CGCCTGAAGCTACTCT-E15S	89676.0	-0.01772228160256767	-0.023304609174141344	-0.6135204301168439	0.026112063883658772	0.9590628090995474	reverted	reverted	-0.636306993560771	0.15705469675095515	0.19930888272698546	0.6436364205220594	-0.05594999123902111	0.16167669700834336	0.023666016614519236	0.015489221343566905	0.9608447620419139	reverted	0.0
CCTTGCATCACCCTGC-E15S	90730.0	0.2623687441927968	-0.013735502988689197	-0.42944176860399313	0.0321493179567464	0.9429684776123194	reverted	reverted	-0.4369272550704587	0.15397262537936263	0.213741136919253	0.6322862377013845	-0.02590321996379676	0.155933241992733	0.024771558213474973	0.014273682041540616	0.9609547597449845	reverted	0.0
GGGTTGAAGGCAACTC-E15S	91143.0	0.10954471382858927	0.1117704820599239	1.579101387401944	0.06252196529148647	0.26952205576344357	persistent	persistent	1.5946693848838134	0.5526789778454612	0.4473192037632864	1.8183912523940955e-06	0.17032840651550013	0.10388242059581454	0.03917443830096381	0.009437008885120843	0.9513885528139152	persistent	0.8571428571428571
GCTAAATTCCCCTGTA-E15S	90539.0	0.06046815290903801	0.010390599751530227	0.6204031280822994	0.04228238062747469	0.6937930914144605	partial	reverted	0.5946683289471922	0.39247368011751094	0.5814489178328447	0.026077402049644333	0.0410337104074427	0.1228063253873845	0.02725497950384671	0.011729470107783675	0.9610155503883698	partial	0.0
CAGGCCATCTGGCTCC-E15S	91270.0	0.30567036539548137	0.055112096529862376	-0.9215381535954323	0.03060560987211271	0.9767299249573856	reverted	reverted	-0.9422359432599928	0.21958771287961262	0.22760346575862422	0.5528088213617632	-0.05729950485137438	0.17870911500484596	0.024361061043249668	0.015968334862009957	0.9596706040947403	reverted	0.0
TAATCACAGCCTCTAT-E15S	93374.0	0.31905362904735973	-0.12478598463911189	0.3621488943884337	0.04058608273824291	0.7869817565203636	reverted	reverted	0.35074274534819316	0.3428891037529641	0.5364358535815449	0.12067504266549092	-0.5929323361670092	0.234368953369345	0.019800363078318093	0.1041563858191705	0.8760432511025115	partial	0.0
TCTGGTAAGCGCTCCT-E15S	96537.0	-0.11046086106981495	0.3806319837877532	0.7813775157537769	0.04738705988593887	0.6255478367829139	partial	partial	0.7539218020029858	0.4135582751824235	0.5786049359244917	0.007836788893084883	-0.4504801355040641	0.1954198698242477	0.018885192916235916	0.06201047785278559	0.9191043292309784	partial	0.0
ACTCACCCAAGTTCGG-E15S	87428.0	0.3586181170349549	0.08913511637639981	-0.3308015150236615	0.02742982522878664	0.9320546484338549	reverted	reverted	-0.35582847220435754	0.16120212994747654	0.23255250166153463	0.6062453683909889	-0.03307984333718911	0.15461456157812467	0.02437477291054421	0.014486117025300147	0.9611391100641556	reverted	0.0
AGCGGTAAGCCGAGTT-E15S	91352.0	-0.020891854472273652	0.1315007343513972	-0.1714919952029373	0.02371083519231004	0.9102826172070716	reverted	reverted	-0.19473340739455783	0.1860411363815638	0.28156968540071814	0.532389178217718	-0.2814192517288795	0.1839154650296691	0.01912485386859762	0.03182315390237941	0.9490519922290229	reverted	0.0
CAAGTAGGTTGCCTAG-E15S	93018.0	0.0005505917636248747	-0.0933789173355537	1.5018004192567014	0.06246194840866579	0.29928471015809255	persistent	persistent	1.5244020286435198	0.5347575694357203	0.46523756682579287	4.863738486966451e-06	0.24574887484861063	0.09305795563854147	0.05178109089911669	0.008838224510631215	0.939380684590252	persistent	0.55
AGAGATTGTAGTTGGA-E15S	90136.0	-0.05858657889432611	0.39442766903717097	0.9033721520840124	0.049983741231888076	0.5700877928589753	partial	partial	0.8562894666737384	0.42910912154372216	0.5680764439236988	0.0028144345325789304	-0.1036125254585324	0.13503982656172964	0.020936076348244036	0.016970841585830145	0.9620930820659257	partial	0.0
TGCCTCGCACCTATAT-E15S	92353.0	0.13853977760122688	0.30768109962511847	-0.5330535575086403	0.023694934044236976	0.9526455262976729	reverted	reverted	-0.5409480584360489	0.1529976726024987	0.20250868835837754	0.6444936390391237	-0.7017216268873017	0.29836433013848024	0.020226927940644245	0.12825054415575565	0.8515225279036001	reverted	0.0
CGCAATATCCTCTCGA-E15S	91128.0	0.03134977704132791	0.4961722276466065	0.7277812923391344	0.043065194328997976	0.648996138826885	partial	partial	0.6686628516089607	0.40681068992474184	0.5812664409149128	0.011922869160345495	0.13986087649649454	0.11224602165023395	0.03562929261374733	0.009870177001461722	0.9545005303847909	partial	0.0
CGACCTAGTTTACCGG-E15S	92980.0	0.07775673272495037	-0.06718399175200518	0.28410641923601676	0.03746514120393044	0.8107013060452102	reverted	reverted	0.2539771291811139	0.32136414188202955	0.5065030201726212	0.17213283794534925	-0.6206654458871997	0.2648470000675661	0.019948768904369075	0.10592451282457714	0.8741267182710538	partial	0.0
AGCACGCCAATCATAG-E15S	92210.0	0.04874038694372329	-0.04013701413483839	0.06285344403046046	0.031602882603965154	0.8668557018357408	reverted	reverted	0.016365320505392862	0.2500357367938389	0.39336925313167814	0.3565950100744831	-0.11027900618303238	0.15556997919561785	0.02146622674349622	0.017757570710606213	0.9607762025458976	partial	0.0
TGCACTAAGGGTCTAC-E15S	90198.0	-0.07966993816227974	-0.1947306652858536	-0.41040751024960653	0.031979913982500524	0.9409993490205868	reverted	reverted	-0.43749293062146943	0.15488955680158698	0.21672912358902108	0.628381319609392	0.06263352454575837	0.1356411430247349	0.029298680534792516	0.011496538598208709	0.9592047808669989	reverted	0.0
CTCGCTTGTTTGAGCT-E15S	91257.0	0.11956594251564584	-0.13864529361430472	-0.010829601997993375	0.030317315208078326	0.8821482084593165	reverted	reverted	-0.021685026850329962	0.22705448533614336	0.35433347607730953	0.41861203858654716	0.014040809928079677	0.1357510046944354	0.02606147264837018	0.01264124841314509	0.9612972789384849	reverted	0.0
CGAGGAATCACAGGGA-E15S	89956.0	0.1526145449498642	0.09832840479330984	0.6054466064551407	0.044976937530831027	0.6997752183692187	partial	partial	0.6092032936172544	0.39030791543096327	0.5807961642242436	0.02889592034479306	-0.5792388951423495	0.21644419668489978	0.019759024787406706	0.10381883967952339	0.8764221355330697	partial	0.0
CTTGGCGAGCGCTACG-E15S	93190.0	0.036389299737628555	-0.056754077954687565	1.0826191911721164	0.056628493846574784	0.4857207487925727	partial	partial	1.068230989058845	0.4547054139411087	0.5447665448499215	0.0005280412089698372	-0.08100238910246138	0.12918303435067466	0.02147059956841653	0.01579556441766702	0.9627338360139165	partial	0.0
CTGAATGTCACACTGA-E15S	90530.0	0.16870138181442457	0.07978966162422074	-0.6104624890465122	0.030231973955117425	0.9588349144221767	reverted	reverted	-0.6344887959572418	0.1568201654812547	0.19934616511919384	0.6438336693995516	-0.24211794501499956	0.20718531092760656	0.0203920815984815	0.028055963401934097	0.9515519549995844	reverted	0.0
TAGCCTGGTAGTCATC-E15S	90790.0	-0.04215663161900984	0.07539721819027612	-0.2808704802916221	0.02686554047668702	0.9258183120069757	reverted	reverted	-0.3101767512837581	0.16722205146635527	0.2453517528085369	0.5874261957251078	0.41906289511642075	0.10013621917739594	0.1139159921020087	0.008988816443910872	0.8770951914540803	reverted	0.0
CTACGTCCATGAATTG-E15S	87238.0	0.09514129963641654	0.0550199366032561	-0.7574129392883554	0.021334429579258598	0.9685172951653848	reverted	reverted	-0.8043754904183473	0.17595079158424232	0.20480388640587557	0.6192453220098822	0.1487480373748958	0.13452289256941294	0.03744334152312917	0.010084754171048588	0.9524719043058223	reverted	0.0
CCTTGCATCGATCATG-E15S	84804.0	-0.0876531996639987	0.26546482534005356	1.3320382926881476	0.04818948452909027	0.37067531097011047	partial	partial	1.2876175851930394	0.49875177420418637	0.5012112130513048	3.7012744508898675e-05	0.1862156487906218	0.10632986144780741	0.041493896206325834	0.009323426661063299	0.9491826771326108	partial	0.0
GCCTACTCAATCGAGT-E15S	88311.0	0.1439043130054231	-0.03872344523714322	0.030569048289207208	0.032559996554403635	0.8737530979265906	reverted	reverted	0.011663522084019377	0.23973799159083076	0.3760059291538923	0.38425607925527694	-0.08420065223598665	0.15222771444288802	0.02219642224991564	0.01643888713560451	0.9613646906144797	reverted	0.0
AGGGCTAAGTCATCGA-E15S	91160.0	0.08253251634103581	0.15402255536759146	-0.8500971999465873	0.024915781950145547	0.9734493972453183	reverted	reverted	-0.8851082461978045	0.19733030467071974	0.21561753701594039	0.5870521583133398	0.21741713014401726	0.12760388326438143	0.04701681214687968	0.00933182995814675	0.9436513578949736	reverted	0.0
TACCACGGTTAAGGAT-E15S	90578.0	0.10109977962574573	0.005287436383357824	1.3095912147402247	0.05783111424424958	0.38064178128267245	partial	partial	1.269759508584902	0.49435253290263886	0.5055997068420264	4.776025533465749e-05	-0.021141265430196725	0.12194572216851034	0.023669375397466517	0.013399256864136939	0.9629313677383966	partial	0.0
TGTGCGCGTTTGCCTC-E15S	94838.0	0.031949181766453005	0.15095415020590897	2.5685215607741703	0.08119386101058966	0.05364793882576725	persistent	persistent	2.5704397947374016	0.817585177305607	0.182414822694187	2.0614084125549737e-13	-0.7128122543559873	0.20245415452744936	0.021556803930998476	0.20311175861689595	0.7753314374521055	persistent	1.0
ATGGCTGCATCCATTG-E15S	86079.0	-0.25353761447834144	-0.3869856669003503	0.18842298430667062	0.039984402417838634	0.8369512803951709	reverted	reverted	0.20987377630103699	0.2914198849220986	0.4608536335490872	0.24772648152881419	0.04086143943210305	0.13978675243145972	0.027915173374347423	0.012052741347205648	0.9600320852784469	partial	0.0
ACCTCTTAGGCAACGA-E15S	88061.0	-0.07774924399193855	0.21150090713017566	0.9494967956048829	0.045289120655301204	0.5485684698123307	partial	partial	0.9306070566095958	0.43529506625761466	0.5628400934083415	0.001864840334043744	-0.39038992394275973	0.18338607568895418	0.01860846109654001	0.04878230696520131	0.9326092319382588	partial	0.0
ACGCTATGTTGGCTTG-E15S	93056.0	0.2375636803236882	-0.03745653891589784	-0.06786928198560174	0.02972836177362153	0.8929196424236138	reverted	reverted	-0.06743726766232035	0.21083710557572963	0.32612984995259225	0.4630330444716782	-0.5351866734796201	0.2477064790066437	0.01962280104625431	0.07933353327307546	0.9010436656806702	reverted	0.0
TAAACGGGTTGAAGTG-E15S	92081.0	0.16306836949777043	0.01315357092853342	-0.10277329857308218	0.03348566379815053	0.8990756217308349	reverted	reverted	-0.11636052921215971	0.20176706371823142	0.31007322283640343	0.48815971344536513	-0.2389015519999718	0.17400310341429312	0.019336003494607526	0.027242832940726314	0.9534211635646661	reverted	0.0
GGTAGTGAGTTGCCGG-E15S	94616.0	-0.10440190328941923	0.3281964660836416	-0.05940448673236958	0.0295208214960764	0.8913777360471666	reverted	reverted	-0.10790057420041693	0.21313912259650347	0.3301702265032376	0.4566906509002589	-0.5437762896346205	0.23573125434542927	0.019552596056741468	0.08451713870130129	0.8959302652419572	reverted	0.0
AGTATTGCAGGCAGCT-E15S	89058.0	-0.08395193311467514	-0.0245452771867829	-0.26807843049039365	0.026949923227706663	0.92413785103247	reverted	reverted	-0.30787104617041433	0.1690227739252031	0.2490018266634076	0.5819753994113892	-0.00714003210854075	0.14583425331800007	0.02529375187898911	0.0134528295544341	0.961253418566577	reverted	0.0
AATTCAGCAACATACA-E15S	88317.0	0.06335473510018713	0.4151067360141708	-0.4362908301298076	0.02845811664011256	0.943661800182884	reverted	reverted	-0.47328096453597784	0.1536984519973929	0.21273842798080048	0.6335631200218066	0.17701136683655172	0.12718979974918673	0.04079214725014306	0.009665939649868577	0.9495419130999883	reverted	0.0
TCACATTCAGCTCTAC-E15S	90373.0	0.2737842424798967	-0.07385372689113423	1.0885710788687484	0.051248560351228496	0.4829065717851687	partial	partial	1.0774313609015949	0.45563515672547206	0.543867037027052	0.0004978062474758501	-0.15081484870740156	0.13791203094614074	0.019784156309620504	0.019674739757979415	0.9605411039324	partial	0.0
ACTACCAAGGAACTAA-E15S	85123.0	-0.10213493337327412	0.029298208365204026	-0.8570156898534781	0.025709176950131203	0.9737858263791492	reverted	reverted	-0.8899388235841151	0.19925485507340662	0.21664391118445636	0.584101233742137	0.11089867978005638	0.14470138699939686	0.03380808459035591	0.010787997283823004	0.9554039181258211	reverted	0.0
GCATGTTGTCCATCGA-E15S	87412.0	0.32589574338889377	0.2893515329999333	-0.7347221566815536	0.025814675379224827	0.9671807733155664	reverted	reverted	-0.7326265595226319	0.17188624948298376	0.2030102435429137	0.6251035069741024	-0.12343549759421965	0.1763214186858233	0.02188293382178153	0.018944172427717888	0.9591728937505006	reverted	0.0
GTGGGTAAGCGATAGG-E15S	88327.0	0.14843537114970523	-0.15698082121471274	1.9170279281705669	0.07265127372485317	0.16290162251870924	persistent	persistent	1.943265094913402	0.6400746902710012	0.35992529393747186	1.579152708298723e-08	-0.17363445644694364	0.13202908201924488	0.019140372207109964	0.021102061253761375	0.9597575665391286	persistent	1.0
ATTCCGCCACTATCGC-E15S	92518.0	-0.05944089320071616	0.15699462489176985	1.794704936951084	0.07156711515475385	0.19698922410846806	persistent	persistent	1.7777447999267038	0.607011337398424	0.39298856684413097	9.575744514135789e-08	-0.5094093567987642	0.18379772938681824	0.019231663956448437	0.08268825399222532	0.8980800820513262	persistent	1.0
AGCAAATGTAAGTGCA-E15S	89383.0	0.08328717146174586	-0.020469393321241425	-0.5555301729739082	0.024642006409257716	0.9545285645325939	reverted	reverted	-0.596761982415655	0.1536958783906127	0.20114501364299678	0.6451591079663905	-0.05538153948038136	0.16144429829133433	0.023679883445013736	0.01546164550592121	0.9608584710490652	reverted	0.0
TCCCCTAAGGTTCGTA-E15S	91755.0	0.12133096789604686	0.28933968476438165	1.3250897021068824	0.06568107962725434	0.3737491692029762	partial	partial	1.350939216682157	0.4973807614374334	0.502579173242572	4.0065319994643356e-05	0.1817315136448439	0.10047517976737301	0.04068482852416483	0.009297114757154163	0.9500180567186811	partial	0.0
GCCAATTGTTCTGTAA-E15S	89494.0	0.1944686371405429	-0.16276238778588298	-0.48208444650716215	0.02923277415849182	0.9480974468706234	reverted	reverted	-0.4714397264479418	0.15262498735037877	0.2069960719117766	0.6403789407378447	0.05817524697344413	0.14880858798456786	0.029524114480827847	0.011847174724458943	0.9586287107947131	reverted	0.0
CCTTCGATCAGCTGGT-E15S	85716.0	0.15940196721093575	0.13986422047092129	0.032258077288790016	0.029355453147230974	0.8733999545850276	reverted	reverted	-0.010316148527782178	0.2402689316899209	0.3769062312492651	0.38282483706081394	0.09597357719619988	0.13192359979976256	0.031895599813574316	0.01080723013886233	0.9572971700475633	reverted	0.0
TCAATCTCAGGTAGTT-E15S	93301.0	-0.007523435365081599	0.04109204084471907	-0.5211396163006503	0.026263766586754528	0.9516175778118839	reverted	reverted	-0.547525186223953	0.15276106796090022	0.20338255726535476	0.643856374773745	-0.07620345659917878	0.1679397400142462	0.02312707101916976	0.016467046091499193	0.9604058828893309	reverted	0.0
GGATGTGAGAAGCACG-E15S	89055.0	-0.14455563040069247	0.2796184115183531	1.0797083645112455	0.05938453512336553	0.48709738937196784	partial	partial	1.0733199916288692	0.4542527683497805	0.5452037849845637	0.0005434466656557087	-0.05596965036763053	0.12637858853845454	0.02230123505700411	0.014708747779967175	0.9629900171630288	partial	0.0
ATTCCGCCAAGGGTCC-E15S	87924.0	0.031383798288166787	-0.10343685938810676	-0.8780245114712658	0.02464570947473266	0.9747822017762421	reverted	reverted	-0.9171414329566571	0.20539644606044438	0.21994072340815943	0.5746628305313961	0.4042246599836764	0.10775411905304375	0.10497281728791148	0.008933608506111837	0.8860935742059768	reverted	0.0
GCCCTAAGTAGGTTAG-E15S	90440.0	0.10356113159678965	-0.1341237766393416	0.2994404156186384	0.04266936179811868	0.8062060600301083	reverted	reverted	0.2869542553579042	0.32583356955323756	0.5129696510470063	0.16119677939975607	-0.71061489594071	0.2947522289962788	0.020233094607556075	0.1342994417794491	0.8454674636129947	partial	0.0
CTTGGCCTCCACCATT-E15S	86087.0	0.3638126477152667	-0.01873107712378741	-0.6480517224032032	0.027373140811056927	0.9615537975457898	reverted	reverted	-0.629097449606983	0.16016196504844948	0.19934001713144	0.6404980178201106	-0.1576298815775598	0.17926134960428478	0.021066707823918826	0.021008411100553754	0.9579248810755274	reverted	0.0
CATAAGGGTTGCATTA-E15S	89770.0	0.0018816944287626813	0.3819543041189516	0.05563301519393209	0.033340759771119506	0.8684254816010926	reverted	reverted	0.020873485439977493	0.247707374101589	0.38946152445282306	0.36283110144558794	-0.10184267882419631	0.14911159247900022	0.021488251435658835	0.01719004067195201	0.9613217078923891	partial	0.0
AGCACTTGTAATCCAC-E15S	89848.0	0.03365805811013789	-0.0673921920395324	-0.47129084850928626	0.022233353761977836	0.9470826641545019	reverted	reverted	-0.5128987327071378	0.15275869523956748	0.208200884235269	0.6390404205251636	-0.4231714177209345	0.24601395142361243	0.01975304086734659	0.052092899384344506	0.928154059748309	reverted	0.0
TCCACATTCACAGGCT-E15S	88816.0	0.2113007998120779	-0.08941773796451291	-0.31423428631123773	0.024281816977585614	0.9300412682296454	reverted	reverted	-0.33560703133097713	0.1630221259386408	0.2365466379067209	0.6004312361546383	0.1096590559804995	0.13361472185189469	0.033235292801722674	0.010613644513524194	0.9561510626847533	reverted	0.0
ACCCTATTCTGTCAAG-E15S	87201.0	0.09030616007075049	-0.030936103896029077	-0.16052543154928967	0.027423300896094696	0.9085725690397632	reverted	reverted	-0.191436359119443	0.18835329960246427	0.2858276083575469	0.5258190920399888	0.21698532934637654	0.11652030751892363	0.04667915769023628	0.009206984794589194	0.9441138575151746	reverted	0.0
ACAGCAAGTGGACCGA-E15S	90205.0	-0.0053530811006817225	-0.1438013032022703	-0.3234008627759405	0.027868721039591492	0.9311619878034083	reverted	reverted	-0.35934935471091184	0.16199342984479534	0.23430604253715118	0.6037005276180536	0.20132218164534305	0.11995619594399937	0.04416986834874884	0.009359301423342598	0.9464708302279087	reverted	0.0
CAGTCAATCACCATTC-E15S	92214.0	-0.050489451603345614	0.22040246063063706	2.1814490407755427	0.08119229674942285	0.10551599332660187	persistent	persistent	2.174908670220565	0.7141396349890219	0.2858603647806407	2.3033736550003213e-10	0.004893324259184138	0.10592600374720564	0.024464983762404233	0.012343924071737398	0.9631910921658584	persistent	1.0
CGGTGCATCCTTCGCA-E15S	87414.0	0.2294811622422071	-0.04939020100625213	0.02739056360857079	0.02811675315269052	0.8744153725712339	reverted	reverted	0.02333815679302963	0.23874144737758607	0.37431462675949817	0.3869439258629158	0.1024201501506668	0.12709752311016473	0.03229628160286639	0.01061989178762687	0.9570838266095069	reverted	0.0
TGAGGTTCATTCGTGC-E15S	85979.0	0.37615439599002515	-0.009271161515112758	1.4547722167173545	0.06132075194258312	0.3182827613952258	partial	partial	1.4841219427569619	0.5243093809446598	0.4756819303831275	8.688672212707636e-06	0.21540126987386748	0.10453158726312291	0.046144219467083525	0.00909191522577115	0.9447638653071453	persistent	0.17045454545454544
ACAAGGTAGGGTCTAC-E15S	92414.0	0.39439354602222504	0.220607365084445	-0.802510781950412	0.0332558707693049	0.9710189852899422	reverted	reverted	-0.7624884468425678	0.18535926572014944	0.20937407792335672	0.6052666563564939	-0.048290647447390096	0.17779176030223096	0.024709576378498542	0.015600424082034107	0.9596899995394673	reverted	0.0
CTAATCCTCAGCTCGG-E15S	91827.0	-0.13042871600506128	0.14134546513882673	-0.15488961960587838	0.028765708443839275	0.9076824023986728	reverted	reverted	-0.19973922193989244	0.18957119658930846	0.28805959689198707	0.5223692065187044	-0.16490950820580805	0.16969132611501636	0.02053466795201142	0.021258430720152117	0.9582069013278365	reverted	0.0
TCTGGGCGTAAGGGTC-E15S	90897.0	0.09462184309565774	-0.06091283767443689	-0.5600573765161525	0.021875764583188594	0.9548991188647523	reverted	reverted	-0.6030200191244578	0.1538766997843823	0.20091496285967964	0.645208337355938	-1.022009905349149	0.47372707360694644	0.02128113337079647	0.1658396881776549	0.8128791784515487	reverted	0.0
AGGAGTTAGCTAGATT-E15S	92681.0	0.007588943691093808	0.025818942343347473	-0.5315871278481784	0.022931529816044346	0.9525201299522612	reverted	reverted	-0.5804053819025315	0.1529635846419254	0.20261056521862902	0.6444258501394455	0.1260300564544176	0.13203824760672517	0.03481993966262288	0.010344480076110597	0.9548355802612666	reverted	0.0
AATGGGGTCGCGATTA-E15S	94402.0	0.0015076832235505488	-0.21888240239176898	-0.21259227021346025	0.02584707769759665	0.916437548544571	reverted	reverted	-0.23615947120784592	0.17806134575761226	0.2666251093618777	0.55531354488051	-0.13632352761041924	0.16219460464051957	0.020968309355178735	0.019321348079582582	0.9597103425652388	reverted	0.0
TGTCATGAGAAGCACG-E15S	86785.0	0.023194724151602286	0.09323155747841294	-0.583801464281088	0.02581748321603065	0.9567959158835596	reverted	reverted	-0.6270301951104507	0.1550487404779267	0.19995043453707587	0.6450008249849976	-0.19860879029780765	0.18710688236900075	0.020450087448424543	0.024036700105812752	0.9555132124457626	reverted	0.0
GTGCATTGTCTCCAGA-E15S	87728.0	-0.2048675977419922	-0.18530672565240952	3.164847437582586	0.09256314362511733	0.018001986997582643	persistent	persistent	3.1709522963983567	0.931038945966766	0.068961054033234	5.901593064569021e-19	-0.2921715801121127	0.1341144508831635	0.01790523236964062	0.03308766107923854	0.9490071065511209	persistent	1.0
GTTAGTTAGGGGATTG-E15S	92463.0	0.027151554273307676	0.10989822848765596	-0.0441169487366154	0.028015688522248693	0.8885436020143694	reverted	reverted	-0.06816959608074778	0.21739262283612604	0.3376021217922875	0.44500525537158653	-0.2905850398570512	0.1851544076107958	0.019071403222207964	0.032914292455263824	0.9480143043225281	reverted	0.0
CCCGATTCATCCCTGG-E15S	87440.0	0.236971037576655	-0.04359172366600517	-0.3456743979433238	0.030852721930371925	0.9338162270349755	reverted	reverted	-0.37950659873563225	0.15971756570428877	0.22917678984155024	0.6111056444541609	-0.056523443928965085	0.15655718698345167	0.023427631522883203	0.015389153840264546	0.9611832146368522	reverted	0.0
CCTGATCCATTCGTGC-E15S	89913.0	0.13569961681308446	0.01898529033969021	-0.7329243958980388	0.02063711093229464	0.9670725691313063	reverted	reverted	-0.7570752906684455	0.17158266245936346	0.20288275423808416	0.6255345833025524	0.16322627130177578	0.13060007655473563	0.03907840085964363	0.0098573910223267	0.9510642081180296	reverted	0.0
GCCAATTGTTGTGCGC-E15S	85975.0	0.18765661220293534	-0.0471907045295995	0.2682544527145315	0.032114209721774145	0.8152639244321402	reverted	reverted	0.246441802887337	0.3166324639620876	0.4995412094421383	0.18382632659577394	0.32297129677752584	0.1029008157608879	0.07202348356510417	0.008763179541597577	0.9192133368932982	partial	0.0
ACTGGTCAGCCTCTGC-E15S	88724.0	0.1559868489199549	-0.19237699840679812	0.7241115778291081	0.04421416153706282	0.6505770982114544	partial	partial	0.7076982396232471	0.4063438354352962	0.5813942581602595	0.012261906404444337	-0.1266048234607635	0.14316913346114796	0.02055308243085183	0.018348077883435364	0.9610988396857127	partial	0.0
GCCACTTCAACCAACG-E15S	82589.0	-0.09207457527300444	0.4954245044983254	-0.6331992182642193	0.028841245008934036	0.9605007296291852	reverted	reverted	-0.6728237954996416	0.15872120489952687	0.19922520448249753	0.6420535906179756	0.18936425933233428	0.12682459732778975	0.0425404500556816	0.009545441009294027	0.9479141089350245	reverted	0.0
AATCTCCTCACCTGAA-E15S	85637.0	0.3418558723895731	-0.0676331839375286	0.3830236752133517	0.03913914499342403	0.7802815944780612	reverted	reverted	0.3871658088426872	0.34810214320205557	0.5431254703446845	0.10877238645326003	0.2390380114835694	0.1077635685839961	0.05060060958256243	0.008991955392430629	0.940407435025007	partial	0.0
CATAGCGCAAACCGCA-E15S	86139.0	0.22188365746349376	-0.04365771559068865	1.5894772989401025	0.06979473461241202	0.2656722615685672	persistent	persistent	1.630131911767452	0.5551525502438625	0.4448458608774114	1.5888787261314858e-06	0.007248245800405233	0.11869205018682072	0.02502766860061001	0.012499479715041183	0.9624728516843487	persistent	0.8717948717948718
AATATGCTCAGGGCTT-E15S	87453.0	0.4303670758818469	0.14599780191386413	1.2669964421010642	0.05589773495866022	0.39982682928582386	partial	partial	1.2914847778794987	0.4862423086242578	0.5136808788070989	7.681256864326801e-05	-0.7814384806963526	0.2812428648964813	0.020500881009066475	0.1858903274678713	0.7936087915230622	partial	0.0
CACCGTTCATTAATCC-E15S	86860.0	-0.07742792184798353	-0.21237818032278177	-0.02823835817540178	0.026148558333307707	0.8855316333645038	reverted	reverted	-0.06252057528887647	0.2219358130269173	0.34549458869349897	0.43256959827958374	0.1640121730220218	0.1188420575191827	0.038785051211082736	0.009685087786688584	0.9515298610022286	reverted	0.0
GCTTATAGTAACGTAG-E15S	92993.0	-0.09996067458162766	-0.052984459192614186	1.0967488346883254	0.05651245903258178	0.47904176155162204	partial	partial	1.0657862489369498	0.4569218545066869	0.542619241420951	0.0004589040723619588	-0.7344315979105389	0.24988354799962836	0.020674391361804573	0.17841298050146237	0.800912628136733	partial	0.0
CGGATCACATCCGCTG-E15S	85009.0	-0.14192057561938126	-0.23900357829593583	0.9231842921908755	0.053569206490387745	0.5608720460473192	partial	partial	0.8944051408329002	0.43173779324389494	0.5659000043084275	0.002362202447677552	-0.20573050676092322	0.14804429212918008	0.01904954767396686	0.023869877282740336	0.9570805750432927	partial	0.0
GGGTTGAAGTAAGGAC-E15S	89341.0	0.14429896470551146	0.38125553786027067	-1.0802489458179456	0.02078141105927663	0.9826644028555538	reverted	reverted	-1.105732313484462	0.28932241402876135	0.26336967324462807	0.44730791272661063	-0.104282796514521	0.19883170498633454	0.023483138569698907	0.01855773578524646	0.9579591256450545	reverted	0.0
TGAATGGGTTCCAGTG-E15S	89610.0	0.19191186216806072	0.11208720085734503	-0.35167951056917507	0.023196343505967332	0.934515389822786	reverted	reverted	-0.38640261725441205	0.15915806126783685	0.22786946001447836	0.6129724787176848	-0.16054895802117175	0.18054719966412905	0.021044481580831012	0.021224418984452435	0.9577310994347166	reverted	0.0
TCTACGGGTGCGTGCT-E15S	88531.0	0.14380322386565553	0.10211272226053203	-0.5651160958192973	0.02143501249582926	0.9553097741109259	reverted	reverted	-0.5820010496672411	0.154094823356078	0.20067546277165274	0.6452297138722694	0.1926657094901379	0.12614718665226501	0.04301069918299539	0.009507619141597142	0.9474816816754075	reverted	0.0
TCTGGGTAGCGGGTAA-E15S	89523.0	0.1133690039130077	0.02511563455053878	-0.0439112558404902	0.026757872489167583	0.8885050316059003	reverted	reverted	-0.057573528002405124	0.21745067493673545	0.33770326147239355	0.4448460635908711	-0.4118235590352318	0.2194921536053876	0.01921941206533159	0.051305281370214034	0.9294753065644543	reverted	0.0
GCAATCGCATTCGGGA-E15S	89637.0	-0.08413913044530497	-0.11260968462324439	0.9983779551182373	0.06164911291005331	0.5255649185849479	partial	partial	1.0376414958763287	0.44213037326356414	0.5566812608923122	0.0011883658441236352	-0.34777949303125116	0.16846749137474254	0.01838435722840231	0.041295620535543316	0.9403200222360545	partial	0.0
CATCACTTCCAATGCA-E15S	84946.0	0.31739156092657966	-0.0007708840940641171	-0.7754286135198664	0.029201585917077354	0.9695407980515258	reverted	reverted	-0.7803506869358056	0.17949225810328473	0.2064701126352473	0.6140376292614679	-0.02787090683664872	0.1692056365731092	0.025263289093383608	0.014657420925532785	0.9600792899810836	reverted	0.0
AGTTAGAAGAATCCGC-E15S	87457.0	0.15800329811986719	0.03669106078275386	1.5751920068976493	0.07070971371898194	0.27098165728231505	persistent	persistent	1.619280307839552	0.5517510735281369	0.4482470135881554	1.9128837077485664e-06	0.34096559761736006	0.09016148509472836	0.0786455882080102	0.008723175651451878	0.912631236140538	persistent	0.7692307692307693
GGGTACGGTGAAGGTC-E15S	88989.0	0.015240661326323235	0.6036130928894001	-0.5455165346564601	0.03212622006838171	0.9536986177525522	reverted	reverted	-0.6088208698691997	0.1533439368280212	0.2017068351734907	0.6449492279984881	0.19157288655968635	0.12813337428965593	0.04290704456420035	0.009543110159690634	0.9475498452761091	reverted	0.0
TGACTCCCAGCTACTC-E15S	88383.0	-0.30963776102515966	-0.3381051238917303	0.7235949628326567	0.04333319728030943	0.6507993977935768	partial	partial	0.7065402222481294	0.4062780359351001	0.581411649385305	0.012310314679594918	0.11174739412299707	0.11191907359835712	0.03263720535207421	0.01024302046350666	0.9571197741844191	partial	0.0
GGATAGGTCTATGCGA-E15S	89078.0	0.07739062037871375	-0.028136081365140897	1.3502913742639242	0.059215891219624894	0.36265094759955024	partial	partial	1.3465950015089938	0.5023924686250397	0.4975775175185488	3.0013856411388965e-05	-0.04631439079589708	0.13039912658575672	0.022838348976266725	0.014427542854971075	0.9627341081687623	persistent	0.0
AGTAATGAGCCGATGT-E15S	88351.0	-0.3158558247051302	-0.36664667677428514	1.2086820960305968	0.05520728717600108	0.4265872715010282	partial	partial	1.2117754110768257	0.4756449557277727	0.5242104789872176	0.00014456528500981385	-0.36144220750744066	0.16342289238349578	0.018290898302076437	0.043870677040036075	0.9378384246578876	partial	0.0
GTAGTCATCAGCCCAG-E15S	86574.0	0.1375412029623609	0.08191340665822555	-0.34539955227036884	0.0217095027247114	0.9337840619011291	reverted	reverted	-0.3664163697907063	0.1597437221958243	0.2292373872529966	0.6110188905511792	0.2120161784420865	0.11912758937114912	0.04589284709665421	0.009270206546437586	0.9448369463569081	reverted	0.0
AAATGCAAGGAATGCG-E15S	88497.0	-0.08905775791414983	-0.29180601126974315	1.1711054659956124	0.060215002319098127	0.4440723870869338	partial	partial	1.1275023069243952	0.46912474847849805	0.5306603657218206	0.00021488579968130894	-0.2205173524425834	0.1472658690136577	0.018813783393607928	0.025144774833871977	0.9560414417725202	partial	0.0
GGGCTCTGTTTCACGG-E15S	90287.0	0.139548570632075	0.235464515350716	-1.0491082962863332	0.025194249716329265	0.981631011517386	reverted	reverted	-1.0564778862697881	0.27337055695117185	0.255619542197101	0.47100990085172706	-0.06397308406681709	0.18137030430688683	0.024203983499138344	0.016302367454811235	0.9594936490460503	reverted	0.0
TAATGTCAGATTCAAC-E15S	89108.0	0.3323516626944814	0.03754065891417102	-0.5216152587279914	0.025296076969465186	0.951659019699791	reverted	reverted	-0.532512993859178	0.15276875415982055	0.2033456458658403	0.6438855999743391	0.039566137859968604	0.14768113778370678	0.02816351858024047	0.012243361541388704	0.9595931198783708	reverted	0.0
ATGCCTAAGCTATCAG-E15S	85806.0	-0.05518134522721013	0.032206896536604135	0.4577931068426521	0.03923965577189384	0.7550552445923728	reverted	reverted	0.4170868007432894	0.36484017157705473	0.5623830276899031	0.07277680073304224	0.024212544090579907	0.13305218471252275	0.026566072477865268	0.012323772138028577	0.9611101553841062	partial	0.0
ATGCGGTTCAGGTCAC-E15S	84693.0	-0.08299704139755493	0.04842052757582427	-0.2042615826848768	0.029915474100234117	0.9152218299417505	reverted	reverted	-0.239712716060488	0.17959076963732856	0.26952428091374714	0.5508849494489243	0.15562708203064612	0.12388761049019638	0.037892469523884593	0.009845675250440883	0.9522618552256744	reverted	0.0
CGCACCTTCCCAATGA-E15S	86991.0	0.25974396313802733	-0.09066594719956061	2.244768812924074	0.07043971918925648	0.09472520301649008	persistent	persistent	2.2461930386669695	0.7318682439122753	0.2681317560095292	7.819547244025707e-11	0.20926996242200008	0.09967917467445774	0.04498931774138713	0.009083515951995916	0.9459271663066168	persistent	1.0
GCGTGCATCACCACGG-E15S	84195.0	0.21833468721863963	0.030048465788003575	-0.8148550010683292	0.025696705548585313	0.9716694391647843	reverted	reverted	-0.8505207593589671	0.18825684031747503	0.21085520259566698	0.6008879570868579	-0.051306881618394855	0.1739511197640039	0.024401854380150353	0.015615716690265895	0.9599824289295839	reverted	0.0
CGAACATCAATCAGCG-E15S	87938.0	0.08240428089639179	0.2413635172422255	0.7774421779408484	0.0510360522888846	0.6272913142568325	partial	partial	0.7576558610822341	0.41306522052937583	0.5788476037105623	0.008087175760061849	-0.4114802353245815	0.18516060704087087	0.018658588662334743	0.053227329886129236	0.928114081451536	partial	0.0
CGAACGAAGGAATCAA-E15S	86499.0	0.009274343306309552	0.17970502335865735	-0.5817882973502685	0.021155210811149055	0.9566380945853575	reverted	reverted	-0.6212989010545553	0.15493467855542703	0.20001653309524553	0.6450487883493273	-0.3537421428782543	0.2316154235971369	0.019829258949090003	0.04107781327441746	0.9390929277764924	reverted	0.0
CCTGGTGAGTTGGCTA-E15S	88606.0	0.18153852781017182	0.025172035650560254	-0.10135703849192727	0.028052970333523705	0.8988320732131089	reverted	reverted	-0.12172903423038169	0.20212143168818306	0.31070501816976476	0.4871735501420522	0.2200145374450216	0.11423538304312658	0.04715858351148952	0.009162646750671521	0.943678769737839	reverted	0.0
TCTGCCATCTCACTCG-E15S	84278.0	0.20995254835220895	-0.1998134371933355	1.2331940442783804	0.05078752046010889	0.41527671738632466	partial	partial	1.2606779737105025	0.48002827593267133	0.5198606187260599	0.00011110534126869451	0.17650982298546825	0.10559793183316857	0.04007539395881222	0.009399515124797198	0.9505250909163904	partial	0.0
AACTCAACAATCGAAC-E15S	85868.0	-0.2454042246763853	-0.3969217405710737	0.6820704234555405	0.03912450653568062	0.6684464972952938	partial	partial	0.6859007981182023	0.4009086494108256	0.5822931176486427	0.01679823294053178	0.3003588905466697	0.10002849214230994	0.06521250053279769	0.008756758563885615	0.9260307409033167	partial	0.0
AGCGGTTTCCCTGTGC-E15S	89432.0	0.12588404795622793	-0.13434889515978532	1.3901437006484043	0.05232824963309963	0.34539955020678836	partial	partial	1.38787434701636	0.5105374569841271	0.4894436868727395	1.885614313337129e-05	-0.5269443734118014	0.19947450664893793	0.01936715981109773	0.08619316997766607	0.8944396702112362	persistent	0.025
GCCCATTCAGGACTAT-E15S	87451.0	0.2105519369218974	0.15256090494798213	-0.20988355440393883	0.026863561552602864	0.9160440071227319	reverted	reverted	-0.23110395514849802	0.17855370833583897	0.26756050412375454	0.5538857875404065	-0.12452255325939197	0.16577620754705022	0.021432050391459966	0.018745469939531575	0.9598224796690085	reverted	0.0
AGCCCAACAACTAATG-E15S	92328.0	-0.16805088649370542	0.12996919427935583	-0.010079789094071855	0.030681833894547483	0.8820005522470159	reverted	reverted	-0.07197536648096732	0.22727802558482743	0.3547182378127034	0.4180037366024693	-0.545867011078319	0.24501747764486473	0.019621966080457912	0.08329499319282482	0.8970830407267173	reverted	0.0
CCTAGCGAGGTCGTAC-E15S	87101.0	-0.08932963694141549	-0.28581455973647085	2.4546713339094026	0.06955046420601103	0.06570385737306196	persistent	persistent	2.444347059037929	0.7887532858710525	0.21124671412714638	1.801156666758904e-12	0.09492976795649728	0.10203161046698424	0.030728918349632536	0.01036292561781366	0.9589081560325537	persistent	1.0
CCTATTATCACCAGCG-E15S	86549.0	0.0385781974929455	-0.014756697829902743	0.5336465156244744	0.03467540634029529	0.7275358414870378	reverted	reverted	0.49049175954265556	0.37898750778196916	0.5747821419013696	0.04623035031666124	0.07777153803103981	0.11777059646566548	0.02979649131830899	0.010891623336695822	0.959311885344995	partial	0.0
CCAGCCTTCATACTGG-E15S	86640.0	-0.14130811677955812	-0.217535187715712	0.16061556848947772	0.03571192102355484	0.8440084249862099	reverted	reverted	0.12456490884105469	0.28227361269217977	0.4462969802085413	0.27142940709927904	0.13064435917799125	0.12096136902949198	0.03490182408762158	0.010110336319618938	0.9549878395927593	partial	0.0
GCATGGTTCATGCACA-E15S	87299.0	0.17288987909518244	-0.1437032670872498	1.1957962902353296	0.05057464405889601	0.4325649036600501	partial	partial	1.1676443967857437	0.4733819337956282	0.5264522903731265	0.00016577583124523606	-0.10458524900888924	0.13405892157296662	0.020873634802745598	0.016998611125043597	0.9621277540722109	partial	0.0
CTAGCTGGTATTGAGG-E15S	84785.0	0.36980467515389487	-0.07419698404499786	0.5156643748466807	0.04166753562187712	0.7342315719297849	reverted	reverted	0.5057553864514408	0.3758628566614962	0.5724468959155619	0.05169024742294195	0.0017231962767801014	0.1318099044471083	0.025208306451149153	0.012902092749993124	0.9618896007988577	partial	0.0
CTATATGGTTGCGTCA-E15S	87835.0	0.11166209244152742	-0.18278090250558116	1.2377922520451574	0.05783996892323064	0.4131644975177947	partial	partial	1.2401349256515768	0.4808620347809519	0.519032257029637	0.00010570818941109552	0.2028525035320609	0.10498034670017585	0.044041060800573795	0.009180303207753421	0.9467786359916727	partial	0.0
CCCGAACGTATGGATG-E15S	79260.0	-0.21555919325916612	0.07528619600116393	-0.5706331148025888	0.03548276231216835	0.9557535691187962	reverted	reverted	-0.6104473185939313	0.15435212776657117	0.2004353182350289	0.6452125539984	0.4509813045623751	0.1049999421577043	0.13282978964580752	0.00914342796513123	0.8580267823890613	reverted	0.0
GGTCGAGGTTCACGAT-E15S	81990.0	-0.014915713921740625	0.007956767679331844	1.0632629045118358	0.055689383237223555	0.4948781423410851	partial	partial	1.0379445523618065	0.4517205394476685	0.5476407677256883	0.000638692826643231	0.17347971169463455	0.1083457055173007	0.03973111790188665	0.009459352901661845	0.9508095291964513	partial	0.0
CATTCGCCACCTATCA-E15S	85896.0	0.17725148429364607	-0.03681290238238921	-0.6517317364157369	0.034380630422648495	0.9618105212580805	reverted	reverted	-0.665225032329073	0.16054366573826434	0.19939198609830225	0.6400643481634334	-0.17057763548239396	0.19229104620822082	0.021262724099351645	0.0221575079211862	0.9565797679794622	reverted	0.0
CATGCTGGTATTGGTC-E15S	85931.0	-0.07207891170149383	0.26527572764224217	2.7202159999777518	0.09118197510334317	0.040802554861306815	persistent	persistent	2.709101577489868	0.8528734624114689	0.14712653758852104	1.0036559925424782e-14	-0.006320226733990896	0.11182412296145317	0.024060765479054985	0.012761463060637964	0.963177771460307	persistent	1.0
CAACCAGCACCAGCTT-E15S	80366.0	-0.12304551828234028	0.44619765418113144	3.328832265114771	0.11536514018078026	0.013261298589983121	persistent	persistent	3.3123440576550363	0.9502152969518785	0.0497847030481216	1.1671032236681474e-20	-6.282099208383457e-06	0.10668840465923467	0.024224364435343836	0.012492704874054671	0.9632829306906016	persistent	1.0
TGCAATTAGGGGATTG-E15S	84811.0	0.13163292777619146	-0.03592175734948089	-0.5513013057297947	0.027544927090587833	0.9541798114584167	reverted	reverted	-0.5638227092337961	0.15353920097673854	0.2013733573582431	0.6450874416650184	0.33106800423292704	0.11015409783334795	0.0744693036378284	0.008802357631574496	0.916728338730597	reverted	0.0
AGTCTTGAGGGGCATA-E15S	88940.0	0.016929833156621943	0.6913144217795715	-1.5980442175432885	0.04098381383168749	0.9934242606117148	reverted	reverted	-1.6076615225787159	0.6130690644475053	0.32379699694363395	0.06313393860886071	0.42935245910756664	0.13060006759808318	0.11506265614550483	0.009044981089054915	0.8758923627654401	persistent	0.0
CCTATAGAGAAGGATC-E15S	87371.0	-0.006724309347763691	-0.033953307148177014	-0.9716268348069437	0.02508766711046553	0.9787904799722378	reverted	reverted	-1.0070692896536781	0.23849134406268996	0.23771828536031292	0.5237903705769972	-0.011002309949222421	0.16753574531653237	0.026040729029005533	0.014069593345639972	0.9598896776253546	reverted	0.0
TCACCGCTCAGCTCAA-E15S	79712.0	0.1155137350633006	-0.053017059006489675	-0.8520177452168475	0.028224263178359067	0.9735432075118793	reverted	reverted	-0.8726311026530398	0.1978597469440066	0.21589947927991437	0.586240773776079	0.06735296462740917	0.15407965850960031	0.03045224452753253	0.011762129782123735	0.9577856256903439	reverted	0.0
TGCTCCATCGCATGGT-E15S	81588.0	0.10206731194668434	0.13363172086751962	-0.36006384936728575	0.02435787141273153	0.9354800756866642	reverted	reverted	-0.37866435841443724	0.1584151943792132	0.22609723279215402	0.6154875728286326	0.0735211546473117	0.1421295585170381	0.03041405104072357	0.011400983650821863	0.9581849653084545	reverted	0.0
TGTATGACAGCACCTT-E15S	84483.0	0.1452312859904233	-0.10161905464006438	-0.455420709969413	0.02362391581229042	0.9455565321152983	reverted	reverted	-0.48179682511403715	0.15308909384625666	0.21013783886297868	0.6367730672907647	-0.21402175708654814	0.18543065869187064	0.020100544043396566	0.02522714793156544	0.9546723080250381	reverted	0.0
CAGTTCCCATTCAGGG-E15S	86836.0	0.25768693377021995	-0.0016354852443942747	-0.17471090486941496	0.02718383159332561	0.9107790509668634	reverted	reverted	-0.1953761725454553	0.18537700716339417	0.28034138132680236	0.5342816115098036	-0.09139410923908946	0.1588407009088758	0.022205365843664056	0.016920224741246364	0.9608744094150896	reverted	0.0
ACACAAGGTTGTGATC-E15S	89154.0	0.03232580160487103	0.020696933461889055	0.7659139822472381	0.042822293693823225	0.632379507442314	partial	partial	0.751808243505947	0.4116200077646401	0.5795174726228988	0.008862519612461196	-0.24103882334174676	0.1608350471508595	0.01892435346591035	0.02727250580651649	0.9538031407275731	partial	0.0
AACATCCGTCCCGTAA-E15S	84047.0	0.05788386136186602	-0.004182836140652624	0.7338448583544109	0.04189086745696951	0.6463767120300321	partial	partial	0.704390460802751	0.40758012900961926	0.5810390163840319	0.011380854606348816	-0.08892974924496826	0.1465858047345366	0.0218184498179505	0.016523657654611588	0.9616578925274378	partial	0.0
CATTTCGCATCATCAT-E15S	88205.0	0.14962276241261213	0.029720206532946714	-0.08241924932859715	0.026322655782372858	0.8955250002461881	reverted	reverted	-0.08940397701664916	0.2069720669125081	0.3193155651004399	0.473712367987052	0.05824204955195356	0.1349853686479499	0.02894424773719577	0.011575529091055786	0.9594802231717484	reverted	0.0
CAGCCATAGCGATCCG-E15S	83904.0	-0.08492731038902424	-0.23064474444762156	1.85186318702499	0.0697425352090314	0.1804312656717875	persistent	persistent	1.8592846539651073	0.6223021723438178	0.37769778590961883	4.174656335903828e-08	0.03059229549166119	0.11232949245910664	0.0261957230618317	0.01179221063336953	0.9620120663047987	persistent	1.0
ATACGAAAGCAGGTAG-E15S	88689.0	0.059223279949861596	0.09939155311472647	-0.3444285937607526	0.027182665403180394	0.9336703145051944	reverted	reverted	-0.36954159471868114	0.15983651109358302	0.2294519979565251	0.610711490949892	-0.1388325895413158	0.17925992502363064	0.021559166001911094	0.01987354104169047	0.9585672929563984	reverted	0.0
GGGTTGGGTTAAGTCC-E15S	87825.0	0.13659166615891866	-0.18808845991358253	-0.07574938641621698	0.035299815602767605	0.8943376984354637	reverted	reverted	-0.09576023185935467	0.20872921957780097	0.3224184150402199	0.46885236538197916	-0.6734007846753353	0.291032930789366	0.0201621631043434	0.11867414912291303	0.8611636877727435	reverted	0.0
TGCTCACCAATCAGTA-E15S	85089.0	0.14133227019986488	0.11146971921791526	-1.1639955189572542	0.028920479247982092	0.9851683719101848	reverted	reverted	-1.1832941710287452	0.337334824611089	0.2847413092114981	0.3779238661774128	0.1955188094048805	0.1380197257871441	0.043803145473517845	0.009642598599662605	0.9465542559268194	reverted	0.0
TGTCTCACAATTACAG-E15S	87681.0	-0.00709443117963654	0.06592869192307049	0.5391288475418623	0.039321987317550176	0.7254736095436454	reverted	reverted	0.4847926016404219	0.37991458752796203	0.5754239561054887	0.04466145636654934	-0.6306194147030729	0.2501105719425834	0.019987363920876924	0.11573533463544526	0.8642773014436776	partial	0.0
GTGAAGGTCGACTAAT-E15S	86561.0	0.08847223595274639	0.1300656155556248	0.08962636113263686	0.028388472572397707	0.8608962378092107	reverted	reverted	0.05411889627395622	0.2587684334944956	0.407928919871214	0.3333026466342904	0.14527050322979218	0.12108922142126466	0.03655213756460155	0.009926950237969844	0.9535209121974285	partial	0.0
GTTAACTAGTTAGATC-E15S	83665.0	0.16827200526322522	0.009508162763603556	1.0077616137798298	0.053467122372172174	0.521133459868409	partial	partial	1.006569113918889	0.44347927728066294	0.5554326711545868	0.0010880515647502832	0.08512730053390362	0.11922489307701833	0.03046284515353561	0.01078299466825552	0.958754160178209	partial	0.0
CGCCCTTAGAAGGTAC-E15S	83398.0	0.1481490315154707	0.18889600844890875	0.4855820240246225	0.04227086064149171	0.7451954166461826	reverted	reverted	0.4535046591621708	0.37032728020200223	0.5677172289348487	0.061955490863149096	-0.3925460874558472	0.19104602887821281	0.01873091156021758	0.048865623662565055	0.9324034647772175	partial	0.0
CCCTGTTGTGGGAACT-E15S	86156.0	-0.0407595350296982	0.3907833073401823	1.9100984923739994	0.08045278616394894	0.16469843940878695	persistent	persistent	1.916189387019437	0.638169857432123	0.3618301250337204	1.753415657073309e-08	-0.03642891861263997	0.12195324566336387	0.022965859687105274	0.013907977691947621	0.9631261626209471	persistent	1.0
CAGTTTGAGGATCTCA-E15S	84289.0	0.025116300500477473	0.2784607248314306	-0.3832314188595428	0.020765574150319148	0.9380772986153795	reverted	reverted	-0.41889970334171295	0.15659401908279785	0.22151785631376528	0.6218881246034369	0.08498650948603116	0.13621405600337433	0.031110406934610636	0.01107516588059762	0.9578144271847918	reverted	0.0
CGTAAACCAATACCTT-E15S	81397.0	0.1024969782975525	0.08993629562446148	0.18402676414077904	0.032632830150309586	0.8380838470861475	reverted	reverted	0.1629281656836218	0.2899818110968406	0.45858067491762927	0.25143751398553016	-0.14526149753221354	0.1578914300844559	0.020581258976165997	0.019751655722080316	0.9596670853017537	partial	0.0
AAGCCATCAGTACCTC-E15S	80955.0	0.2493324411821975	-0.037552003426546965	-0.5279515629629528	0.03190734624694885	0.9522078859568025	reverted	reverted	-0.543756857430314	0.15288509387753088	0.20287000607465233	0.6442449000478169	0.06778961927338509	0.14604027318628185	0.030130804252181596	0.011591036243366881	0.9582781595044515	reverted	0.0
CTCCTTGAGTCGAATT-E15S	88402.0	0.09340331648317474	0.10349782210918379	-0.2512923330140328	0.02638083941155257	0.92187969712997	reverted	reverted	-0.2962555472657007	0.17154647898142394	0.25402502670021065	0.5744284943183654	-0.22800066028712138	0.19464761823406349	0.020181180385506495	0.02658282607661333	0.9532359935378802	reverted	0.0
TGCATTGAGCGCAATC-E15S	83142.0	-0.015094334849126534	0.10825174535229842	-0.7498408074612657	0.031258506112546575	0.9680772449161756	reverted	reverted	-0.7900790667072252	0.1745460214711639	0.204167399620636	0.6212865789082002	0.15827870142283462	0.13600647150839387	0.03865007805389977	0.00999404891201588	0.9513558730340843	reverted	0.0
AGCTTAACATTCGCAC-E15S	82595.0	-0.00754233943963345	-0.2837366873101178	1.277683020895864	0.05926717604988796	0.3949819981757741	partial	partial	1.2668707365998797	0.4882477685816121	0.5116839794444634	6.82519739243861e-05	-1.4130420155022834	0.5153711464285243	0.018952331172510266	0.317944347421859	0.6631033214056307	partial	0.0
AAAGCTAAGCAGGTGA-E15S	85566.0	0.04407345228410814	0.19057667883751117	1.0790138695435396	0.04906476169777679	0.48742587215239686	partial	partial	1.057599607392126	0.45414497017707717	0.5453078458554638	0.0005471839674590997	-0.3134467806883995	0.17327618662540764	0.01860583966306553	0.03590625629594325	0.9454879040409913	partial	0.0
CTGTCACCAGGTAGCC-E15S	88023.0	-0.03505630428625206	-0.19953189773481972	-1.0596496849369186	0.03713565759534558	0.9819874201368634	reverted	reverted	-1.0524428246819006	0.2786482352042222	0.258216850103844	0.46313491469193385	0.10682841926969577	0.15056678289257547	0.033671290067672596	0.010962283402987268	0.9553664265293401	reverted	0.0
CGTTTAAGTTTAGCAC-E15S	88638.0	0.17696132954329186	-0.018989211930293792	-0.4959241011908791	0.02837840979060577	0.9493717090416829	reverted	reverted	-0.518294001161266	0.1525617497350468	0.2055828724506719	0.6418553778142814	-0.47354042111060374	0.26682243028707214	0.02000409063152809	0.060810132066768906	0.9191857773017029	reverted	0.0
AAATTGCTCATGCAGC-E15S	86239.0	0.2618012436083537	-0.11151691711621126	0.6332444831849383	0.04169039862739671	0.6886042462925597	partial	partial	0.6202618898298861	0.39429080592212334	0.5818616617051564	0.02384753237272033	-0.4005915932076443	0.19717751783940393	0.01882939742853672	0.050199700219880704	0.9309709023515825	partial	0.0
ACCTGATGTAGGCCAG-E15S	83909.0	-0.020183280217358768	-0.221410858621026	0.6299279352249992	0.043672958354596794	0.6899489875910989	partial	partial	0.614136357183996	0.3938250176776343	0.5817677622670852	0.024407220055280628	0.018540938234841316	0.13133259124490143	0.026153500207571973	0.012435564646767362	0.9614109351456607	partial	0.0
TGGTTCCCAGTACCGA-E15S	82817.0	-0.10991896258067829	0.184613160757363	3.8448755538048838	0.1329345180166797	0.005033949537918943	persistent	persistent	3.8701584299133063	0.9846248561759726	0.01537514382402743	1.6080054097126193e-26	-0.1467348314055725	0.11123823458364758	0.019116728564434315	0.01892980382786258	0.9619534676077031	persistent	1.0
GCGCTCAAGTCAATCG-E15S	89429.0	-0.12300978092834991	0.02506615252607869	0.07848139836077793	0.03536943105480643	0.8634037517745832	reverted	reverted	0.054462161826297005	0.25511634317635307	0.40185869780755745	0.34302495901608954	0.07516811495095753	0.12490952839671808	0.029851572459524415	0.011058210132718727	0.9590902174077569	partial	0.0
TCAGGTCAGTAGGATA-E15S	83851.0	-0.030344835719029295	0.3296936887138686	-0.19431506547152566	0.02556596850871055	0.9137493039088234	reverted	reverted	-0.2427295995331472	0.18147560214677136	0.27307249624900576	0.5454519016042229	0.05763569197869106	0.13746982498838498	0.029001393846131308	0.011635286741180837	0.9593633194126877	reverted	0.0
ACCTAAGTCAAGTGAA-E15S	83702.0	-0.1533077467251715	-0.30185661866125946	2.2600937807987096	0.08121622279194218	0.09226639700027633	persistent	persistent	2.279991706714833	0.7361334964731744	0.26386650346685986	5.996568925351252e-11	-0.20030625999264695	0.13194764921132443	0.01869203479024293	0.023160340088295855	0.9581476251214612	persistent	1.0
CTCACGAGTTCGCTAG-E15S	85685.0	0.06330529806050783	0.35657570236271763	-0.6498113008724044	0.02231636175936324	0.9616767546271011	reverted	reverted	-0.6854939086442681	0.1603432393227944	0.19936370328787897	0.6402930573893265	0.15196513558649719	0.13899187450381065	0.03799369016605974	0.010115692201111654	0.9518906176328286	reverted	0.0
TGGGTCACAGGCAGGA-E15S	84157.0	-0.33029832486273547	-0.3938101638370779	2.6445440932117266	0.09203563749692423	0.04679320745632525	persistent	persistent	2.650077308132709	0.8357594370396957	0.16424056296025802	4.6204543630098386e-14	0.07606762564418834	0.10154971576018619	0.02910226505365498	0.010677420105741815	0.9602203148406032	persistent	1.0
AGTTTCAGTGAGTAGC-E15S	84968.0	0.14708937186135024	0.006339309231576662	0.4179164604333473	0.03688370179516448	0.7687472146470052	reverted	reverted	0.4101086075287824	0.35628476797447656	0.5530222075039757	0.09069302452154779	-0.45317908431577886	0.219211003310366	0.019176371035157555	0.06041824546222429	0.9204053835026181	partial	0.0
TGCAATTAGGCAAGGC-E15S	84948.0	0.0033518269875302265	-0.15903641722046746	1.6370213314290236	0.06382358840926733	0.24848660918424495	persistent	persistent	1.6490607420585714	0.5666831335470632	0.4333160176330078	8.488199288677969e-07	-0.3089666604912562	0.1514695733088256	0.018168460054676448	0.03539485716416457	0.946436682781159	persistent	0.971830985915493
TGCATTGAGGCAACTC-E15S	83687.0	-0.16252186226903265	-0.38139229010803183	2.1298242810086228	0.07822605667738834	0.1151022774696825	persistent	persistent	2.161155016615858	0.6996073160585385	0.30039268339643566	5.45025824590517e-10	-1.324223932336065	0.42020809942248094	0.017672353343941998	0.4368272491426477	0.5455003975134103	persistent	1.0
TGGTTCCCATGACGTG-E15S	88095.0	-0.1132926765118264	0.12036753053517268	-0.9190807838163959	0.023391769499592947	0.9766239528049843	reverted	reverted	-0.9717746198474336	0.2187320332549993	0.22714175482855475	0.554126211916446	-0.22062336981721012	0.21211149619436814	0.020962937494107048	0.026294993510923664	0.9527420689949692	reverted	0.0
ATAGCGAGTCCATAGT-E15S	87715.0	-0.23256703228885806	-0.36163231436131127	2.4086508853189534	0.0831136555693515	0.07125877909808956	persistent	persistent	2.3979685799143726	0.7766301319992767	0.22336986799650196	4.221370200742019e-12	-1.0475522603204126	0.2865224654719647	0.01978381880822318	0.462161041250378	0.5180551399413988	persistent	1.0
GGATAATGTCATGCCA-E15S	85380.0	-0.11337761394485313	-0.38160655738206206	0.01733505156963468	0.03316278791721254	0.8764909857711558	reverted	reverted	0.02888338245106052	0.23561204006428393	0.368990858120439	0.39539710181527704	-0.1199870538518083	0.1609449935446534	0.021378806844674417	0.01838746086239537	0.9602337322929301	reverted	0.0
AGTGATGGTCTCCACT-E15S	80072.0	0.21769983651135355	0.44303637650602323	-0.1388280329177564	0.030017098856750045	0.9051026631928751	reverted	reverted	-0.17430343459644682	0.1931515903323196	0.29458210016070396	0.5122663095069764	-0.21998669410139582	0.19077709750563102	0.02018282803577523	0.025825664736309675	0.9539915072279151	reverted	0.0
GCTTACCCATCCAGAG-E15S	85963.0	-0.024400624051740094	0.051300308128952365	0.028252618011628945	0.03534197920494447	0.8742360480058444	reverted	reverted	0.002802893400451257	0.2390113862530331	0.37477294989634335	0.38621566385062356	0.04904007807109334	0.13331006742742524	0.02821365723409392	0.011742276068154764	0.9600440666977513	reverted	0.0
TCGCAATGTTTGGAGA-E15S	88940.0	-0.07001744361184703	0.010284613421846278	-0.006736642708464885	0.03820570615075016	0.8813402549317315	reverted	reverted	-0.05620951792284338	0.22827769202851092	0.3564376287977799	0.41528467917370904	-0.83602451486813	0.36603849874210403	0.020517223556348458	0.1545514696407884	0.8249313068028632	reverted	0.0
CATAGGTCAAATCACA-E15S	87856.0	0.07057499333005007	-0.10593532141512646	-0.4316728571264964	0.029859387036349185	0.9431952039523923	reverted	reverted	-0.4178692531722328	0.15388007188385616	0.2134103230218413	0.6327096050943025	-0.5308646607531499	0.24917062685343713	0.019631580553295055	0.07774255762779649	0.9026258618189085	reverted	0.0
CCAGTATGTGCACCGT-E15S	84182.0	0.15050792013222908	0.25695308028357167	1.1663111090839977	0.055056605097975594	0.44631423112648605	partial	partial	1.144400537316981	0.4683100955840428	0.5314640130182029	0.00022589139775431008	-0.10080258248672595	0.13666635919693923	0.021077783039396034	0.016867212870559162	0.962055004090045	partial	0.0
TCGCATAAGGCGAAGC-E15S	85075.0	0.11007016186560575	-0.06613618506530394	0.08056248596229067	0.026639541678453654	0.8629384333659175	reverted	reverted	0.06480510495055303	0.2557966497404133	0.40299151550480433	0.34121183475478245	0.25822027582451035	0.10896141019617031	0.05462637813250532	0.008920381485338557	0.9364532403821562	partial	0.0
TCTGCCTGTCAATTCA-E15S	74646.0	0.2710233012696666	-0.017091141122345	0.29305723703847736	0.03534963261674228	0.8080871060329913	reverted	reverted	0.2806926438779468	0.32398636607868814	0.5103106155701905	0.16570301835112122	0.17158028285596919	0.12055800912261805	0.039839719233956926	0.009630511323856736	0.9505297694421863	partial	0.0
GTACGGGGTGGCTGTC-E15S	84703.0	0.16428342810376712	0.04843869149677804	-0.12832984663224037	0.02760456069201533	0.9033817934549631	reverted	reverted	-0.15195641687924336	0.19557850688864328	0.29897299882415146	0.5054484942872053	-0.3601358300264096	0.20902364377327612	0.019188965544990746	0.042456789965079775	0.9383542444899293	reverted	0.0
GTCCATTTCGTACCAA-E15S	83309.0	-0.0007968126884161375	-0.25523919327200395	0.12016310521936224	0.02627660311627798	0.8538276732411871	reverted	reverted	0.11118058725813945	0.2688576870708632	0.42455254589797375	0.306589767031163	-0.10249417458242914	0.16035241309161596	0.02189503695531394	0.017482655519653674	0.9606223075250323	partial	0.0
GTGGCAAAGGTAACGG-E15S	79753.0	0.014989918814019398	0.46653642403950824	1.1502477121952355	0.06358738038659613	0.4538409044041535	partial	partial	1.1006812475914165	0.4656088586774896	0.5341243753456695	0.00026676597684102324	0.24509030198083984	0.10098910023741997	0.051734455075155505	0.008904666172320956	0.9393608787525235	partial	0.0
AATTCCTCAAATCGGT-E15S	83378.0	0.2287450735336511	-0.060227252868753745	0.6939449596125653	0.042432858456522074	0.6634455562708369	partial	partial	0.6839044219387362	0.4024629002217743	0.5821493082632826	0.01538779151494314	0.027252375119381556	0.13163888020297274	0.02669941590735683	0.01222039951432735	0.9610801845783158	partial	0.0
GCCAAATCAAACTATG-E15S	82017.0	-0.2129782504856996	-0.3603303752946229	1.590677219008856	0.071449689470659	0.26522932386578935	persistent	persistent	1.609971944248823	0.5554396138648402	0.4445588219241676	1.564210992097118e-06	-0.015338931620563592	0.11764673347499849	0.02380213972164577	0.013136800543644044	0.9630610597347101	persistent	0.7752808988764045
AGTGGAACAACCTGAG-E15S	83950.0	-0.046447782376797475	0.2040590504039822	-0.6999095278692021	0.027043951607428663	0.9650231372508119	reverted	reverted	-0.7175426832057724	0.16647439906489062	0.2009258739812175	0.6325997269538918	-0.13867058600432805	0.17808045674394957	0.021516410955073357	0.019835197007881073	0.9586483920370455	reverted	0.0
AAGGCCCCACTATCGC-E15S	85510.0	0.21382140737145156	-0.025493378812688094	1.0047502675566078	0.04824491127227726	0.5225559725045973	partial	partial	0.9972132316277591	0.44304504613906437	0.5558356025310114	0.0011193513299242867	-0.3450043538602674	0.1791943777115172	0.01859543609653821	0.040615961359941714	0.9407886025435199	partial	0.0
TGGCTAATCGTAGTCA-E15S	74640.0	0.18556941110794928	0.14453620353313612	2.170248824046432	0.07835907288036069	0.10753405448478116	persistent	persistent	2.1971001148473697	0.7109906753202689	0.2890093244016558	2.780752883735455e-10	-0.3295045365174939	0.15739524636423094	0.018219718009739122	0.0384672492863993	0.9433130327038616	persistent	1.0
CCATGTCCAACTAGCG-E15S	85963.0	-0.10993616949505353	0.017673505947505275	0.5524980051301956	0.048102394277946	0.720404199487091	reverted	reverted	0.5362815817808692	0.38212794617762774	0.5768560060215361	0.04101604780083621	-0.721036814524594	0.2676159460236683	0.020371120843359895	0.1560366680946282	0.823592211062012	partial	0.0
CGATAGTCAGGATGGG-E15S	85950.0	-0.010498243452705891	0.075358254304557	-0.06255679238151728	0.03165305093601002	0.8919542103773923	reverted	reverted	-0.06176361049463824	0.21227733576264474	0.32865920418782557	0.45906346004952975	0.15966045607192197	0.12450201664198758	0.03841615041674436	0.009809289763555742	0.9517745598196999	reverted	0.0
AGTGGCGGTTCCCATC-E15S	86813.0	0.0031835384808983624	0.30547908515645195	-1.0232196524288326	0.025280397125766765	0.9807260838691092	reverted	reverted	-1.056864562789723	0.26094769777645677	0.24938311283295178	0.48966918939059134	-0.7539148757933244	0.38986078903082966	0.02125627261030144	0.11180360076643041	0.8669401266232681	reverted	0.0
GTCAATTAGGATTAAG-E15S	83422.0	0.24447201094197107	-0.15842354474437376	1.5809844618952502	0.06744345084671878	0.2688207663871599	persistent	persistent	1.5763850180093935	0.5531267301127928	0.44687149539203286	1.7744951743134812e-06	-0.1461705153937397	0.13739763113800432	0.019874533362984052	0.0193743663679153	0.9607511002691006	persistent	0.8488372093023255
TAGGGTAGTATGGTGA-E15S	88056.0	0.05683682562321296	-0.1149351392813342	1.0995638601987459	0.05877984995626128	0.4777119362949231	partial	partial	1.0976697650965013	0.45736726555641527	0.542186548337171	0.0004461861064137309	0.13970845957756922	0.10765239698785019	0.03546418905174036	0.009811488282779479	0.95472432266548	partial	0.0
TCTATGCTCCGTAGAC-E15S	72830.0	0.24913930437032944	-0.13293284943850647	-0.08209028234928754	0.038068019629868464	0.895466718189868	reverted	reverted	-0.05934904258611121	0.20705814503274178	0.31946776015583084	0.47347409481142727	0.09936380670272336	0.14301386405113167	0.03265584378760094	0.010946721256207577	0.9563974349561915	reverted	0.0
CTATGCAAGCATGGGA-E15S	82048.0	-0.1671872912351684	-0.09014157828531494	1.9611513141918446	0.06763010086474674	0.15182899716509618	persistent	persistent	1.9964012620004217	0.6522746595602669	0.34772533238991155	8.049821644072584e-09	0.018733257636795553	0.11146693005691392	0.02543847750949695	0.012070229259316313	0.9624912932311865	persistent	1.0
CGACTCCTCCTTGGAA-E15S	80472.0	-0.11392637182791387	-0.19178474467162798	-1.0366980756021997	0.032173432285266014	0.9812025413007117	reverted	reverted	-1.0400861574517013	0.26731948262059274	0.25260282639576975	0.4800776909836375	0.21807385163484422	0.13380849028604486	0.04728612874215651	0.009403734794966376	0.9433101364628772	reverted	0.0
GGCATGGGTGCGTGAG-E15S	83661.0	0.0855899150327763	0.022439207549324713	0.7545671840540709	0.04169644102925816	0.637359015378271	partial	partial	0.7267338058576811	0.4101949699186283	0.5801150229502011	0.009690007131170462	-0.36456018948769986	0.19243508915077165	0.018803588391639016	0.04359786617260661	0.9375985454357544	partial	0.0
ACTATTCCAAGCGTAT-E15S	85786.0	-0.021125243455012876	0.18513559521509482	0.9157157843939835	0.04470889517203209	0.5643513578791143	partial	partial	0.8938553470133227	0.43074211780956195	0.5667337076675688	0.002524174522869189	-0.2596071774685393	0.16549086080092162	0.01884132509291852	0.029240385469449102	0.9519182894376323	partial	0.0
ACGAATCCAAACTGCG-E15S	85134.0	0.11185087628058316	-0.21214134329170714	-0.25450191534980415	0.035168761649970876	0.9223161717379944	reverted	reverted	-0.26409027418818504	0.17104981037938452	0.25304398605794065	0.5759062035626747	-0.30399373730311463	0.20736580499378582	0.019576744645915536	0.03460197523491533	0.945821280119169	reverted	0.0
CTGAATGTCCGCGTGA-E15S	79965.0	0.04079514554866753	-0.21461244236940158	-0.15803493406529542	0.029722143440300913	0.9081801551710228	reverted	reverted	-0.15288006446982547	0.18888902064851032	0.28681028309652945	0.5243006962549603	-0.3627535204710315	0.19825997301278878	0.018931834377780638	0.043137691130140626	0.9379304744920789	reverted	0.0
ACAGGAACAACCGCAA-E15S	78007.0	-0.11470045354952701	0.09792095826990066	-0.7660800890893615	0.02512239687079648	0.9690137796159992	reverted	reverted	-0.7938895320901469	0.17761922546017883	0.20557885454914146	0.6168019199906798	0.043343618182145834	0.1526154476771578	0.02863697084130729	0.012258249214023687	0.9591047799446689	reverted	0.0
GCATAAGGTTTCCGCT-E15S	78566.0	0.18172397067221208	-0.06219670755328888	-0.7824106626805334	0.026300505881432183	0.9699287336449562	reverted	reverted	-0.7936000749675417	0.18094155143667243	0.20717309964255898	0.6118853489207686	-0.04118673028576141	0.17458242974053134	0.02488167345830536	0.015257295491455075	0.9598610310502396	reverted	0.0
AACGAACAGGTTAATC-E15S	84358.0	0.10284528251135056	-0.06551856987057159	0.3888964536905898	0.03770713897756574	0.7783695504951471	reverted	reverted	0.37128670056300006	0.34952580794192145	0.5449038259906904	0.10557036606738808	0.12738159708488297	0.11905242045997672	0.034484115067724586	0.010126017250627034	0.9553898676816485	partial	0.0
CTGCATGGTTAAGGGC-E15S	83359.0	0.21355438379014197	-0.11248771364932059	1.0699744062237573	0.05142364127346956	0.49170225181591853	partial	partial	1.0770699996924356	0.4527488309700848	0.546653092541773	0.0005980764881423096	-1.079157149435765	0.39057798460486126	0.0196572189752256	0.28042681481756976	0.6999159662072046	partial	0.0
ATTCCAAGTTAACTGC-E15S	83632.0	0.08789692215737804	0.13144305116343613	0.9644084376922497	0.04863558357151037	0.5415684273426545	partial	partial	0.9191698774790545	0.4373475244657798	0.5610245850335477	0.0016278905006724307	-0.03415614498432028	0.13123966702317472	0.023399223354520327	0.014013525299009585	0.96258725134647	partial	0.0
AGCACCACAGGTAGTT-E15S	81757.0	0.30964299076395746	-0.18957387448320095	0.4222579145120858	0.03656679046923919	0.7672828503677152	reverted	reverted	0.41178285846349966	0.35725677303918774	0.5541413488215124	0.08860187813929982	-0.37876497254916397	0.2000341529913586	0.01891672444224924	0.045877691349357444	0.9352055842083932	partial	0.0
CAGCACTAGGCGTACT-E15S	81422.0	0.20591920643454215	-0.07290027781115826	-0.01063297704980151	0.03036428516073228	0.8821095037657608	reverted	reverted	-0.031764705672801985	0.22711308089105564	0.3544343418025559	0.4184525773063886	-0.15907127682207622	0.16373014516764675	0.020455646442250463	0.02074455348266095	0.9587998000750887	reverted	0.0
ATCGCGCGTGATTCGT-E15S	85153.0	-0.2745443993519681	-0.4415891062683309	1.5049039469259224	0.06855900124786805	0.2980540046963884	persistent	persistent	1.5130698307718293	0.5354594165293428	0.4645359047242293	4.678746427918579e-06	-0.029103096305570807	0.1161856852440487	0.023098354072768952	0.013550960296288097	0.9633506856309431	persistent	0.5
TACCATTCACCTGTGT-E15S	83665.0	0.17151427737057118	0.0872231204575954	2.5798236847965828	0.08985140476946434	0.052571952136524304	persistent	persistent	2.629071612351882	0.82034564070957	0.1796543592902646	1.6544958725113065e-13	0.027818279648962493	0.10906465556730449	0.02591007965940557	0.0118049072540929	0.9622850130865014	persistent	1.0
ACTCCAAAGATTGAGA-E15S	77014.0	0.11738100317114925	0.22354804412371798	0.8084519570457643	0.04898984030030221	0.6134666407145738	partial	partial	0.8199247901260738	0.4169527604536211	0.5767523196671442	0.006294919879234723	0.03059654168514776	0.1298630438199832	0.02684131361594346	0.012104459058256451	0.9610542273258	partial	0.0
CGAATCTGTTGCTATA-E15S	82351.0	0.24042200965872934	-0.22253102988194196	1.2335843093276428	0.060990253175080375	0.4150973242125094	partial	partial	1.239661965255351	0.48009889867877353	0.5197904640025423	0.00011063731868418694	-0.6836163571672093	0.2528875323758826	0.02028842360436537	0.142523687813294	0.8371878885823406	partial	0.0
AAGCTAGGTTTCACGG-E15S	84229.0	-0.04916587805831535	0.032888278934301796	-0.4157498123231209	0.02481586326852182	0.9415583642607285	reverted	reverted	-0.44079258674201255	0.15460919371736362	0.21586038748780836	0.629530418794828	-0.198809218001457	0.1874736828458704	0.020459528140228812	0.024059722506439195	0.955480749353332	reverted	0.0
ACGACAAGTAGTGTGA-E15S	81461.0	-0.04172076254249879	0.1229017349458994	-0.8596348332935382	0.028382566673095386	0.9739121034329684	reverted	reverted	-0.8942791553330877	0.19999598763007503	0.21704018908819772	0.5829638232817274	0.2756001344565949	0.1253379048388554	0.05870039812024747	0.009004006770170131	0.9322955951095824	reverted	0.0
TAGTTTCCAATCCAGG-E15S	85113.0	0.1121979965171242	0.014560819840614525	-0.05764813423332871	0.026771529474583614	0.8910553747165851	reverted	reverted	-0.07044047242277782	0.2136215790948206	0.3310153547934231	0.45536306611175636	-0.35977843493043493	0.21731918032086592	0.019396183867235555	0.04222737922537042	0.9383764369073941	reverted	0.0
CGTGAGAAGGATGTGG-E15S	86483.0	-0.13040995989206622	0.13020165991987187	3.3607792150452886	0.09671721504920253	0.012492744799592174	persistent	persistent	3.358351931857424	0.9534068791646375	0.046593120835362566	5.3238059817721016e-21	-0.3648558793794929	0.14176998368546134	0.018009308777559442	0.04524229849385693	0.9367483927285836	persistent	1.0
CTTACGAAGGCGTACT-E15S	84457.0	0.04300623583354485	-0.03934028597074546	0.9948265085701236	0.05357514875736042	0.5272410870153412	partial	partial	0.968161409315641	0.44162305770983806	0.557148416485026	0.0012285258051358261	-0.7028361285786805	0.2549118343001464	0.020391463840809063	0.15300807044040543	0.8266004657187855	partial	0.0
AGGGCTAAGGCAACTC-E15S	80544.0	0.0062361140380456925	0.23351826796306396	0.07426722964409536	0.029073461673614815	0.864341941134206	reverted	reverted	0.05542715406996642	0.25374126984742057	0.3995661246238635	0.34669260552871595	0.23954278759652584	0.11353127416089435	0.050790534283722794	0.009044416568365262	0.9401650491479121	partial	0.0
TGCAAACCAACCCTTA-E15S	67008.0	0.1403952159290665	0.2067772853256271	0.31945129765573055	0.03745932076890614	0.8002184600725606	reverted	reverted	0.32681406441275784	0.3314961850419787	0.5209914642491996	0.14751235070882177	0.4256984104568207	0.10237842283289374	0.11742316336246912	0.009019115355906025	0.8735577212816249	partial	0.0
GCAGGCTCATCAATCT-E15S	81981.0	-0.018787845452157226	-0.31179928674619495	0.08238035229749076	0.031894552037422176	0.8625308792296731	reverted	reverted	0.07419407172305996	0.2563915556494316	0.40398135647465694	0.3396270878759115	-0.2938111865848878	0.18653708656500637	0.01907982155492944	0.03331135684151185	0.9476088216035587	partial	0.0
ATGAAACGTTGCCCAA-E15S	83534.0	-0.10155561117287121	-0.1474660483454454	-0.2164233942217617	0.030182073906023957	0.9169912989917639	reverted	reverted	-0.23465646435468063	0.17737307805721217	0.2653140764480831	0.5573128454947047	0.19159221035128146	0.12236583548724884	0.04273875062803152	0.009468562533129981	0.9477926868388384	reverted	0.0
ATGAACGGTATTAGGG-E15S	84035.0	0.0002801018762986218	0.043826722359450954	-0.2814929139072875	0.02514551150524748	0.9258991998203341	reverted	reverted	-0.30602758857772505	0.16713713111534742	0.2451780523716837	0.587684816512969	-0.8419702160250762	0.360374512146367	0.020448765011289706	0.16108850313130607	0.8184627318574041	reverted	0.0
TCTGGCTCACTTGCGT-E15S	79375.0	0.17389766741467066	0.10483273243404678	0.7444255911438739	0.04579872762824928	0.6417848537120333	partial	partial	0.7286792065039169	0.4089177220449999	0.5805949953506045	0.010487282604395506	0.12632409201916034	0.11419779388546492	0.03420348588432175	0.010070475438961023	0.9557260386767172	partial	0.0
GTCCAGTAGGTGATCC-E15S	82879.0	0.16472898659109164	0.1090105739612256	1.3650106878173751	0.05897422800349315	0.35623512738245616	partial	partial	1.394182718640201	0.5053695573304445	0.49460513446143045	2.530820812507989e-05	-0.49344398346210655	0.20459132419696444	0.019149482416566214	0.07341662303520222	0.9074338945482314	persistent	0.0
GTCTACCCACTTCAAT-E15S	83054.0	0.09333924040540337	-0.1665358607327478	0.009573347075971676	0.027886449396233578	0.8780729073568347	reverted	reverted	-0.014845268792639876	0.2332219791177862	0.364911890433854	0.4018661304483598	-0.1855547512133244	0.17714483875020823	0.020353575227413136	0.022852665612427898	0.956793759160159	reverted	0.0
TGAGCGAAGGATGTGG-E15S	84237.0	0.1163813199207015	-0.24499717941975274	0.573551681007907	0.03894277588814957	0.7123058901625731	reverted	reverted	0.5701165170073451	0.38548568721998644	0.5787424877201034	0.03577182505991019	-0.6698279773963194	0.25690306265295565	0.020176097999724404	0.13256368831538434	0.8472602136848912	partial	0.0
CTAGAACCATCGGTGA-E15S	78908.0	-0.08207774143849172	0.01817874936397268	0.43479111529649833	0.03602793506399136	0.7630192756402316	reverted	reverted	0.40256948236679146	0.3600065579199345	0.5572340804809965	0.08275936159906894	0.08596608858045535	0.12362431219599099	0.03069814711082765	0.010839909967184837	0.9584619429219875	partial	0.0
CAGCTTGGTGCAACCC-E15S	81626.0	-0.20266313388407878	-0.33045066218122526	2.0320105699530253	0.08061207297224976	0.13534836636985495	persistent	persistent	2.0124974999896876	0.6720699384992994	0.32793005884396426	2.6567363540879214e-09	0.09075216638412024	0.10304916407387947	0.03039035167349612	0.010444936399683632	0.9591647119268203	persistent	1.0
CGAGTCCGTTCGATAC-E15S	79471.0	0.3197571118597771	0.12334097992515258	-0.8952973072265987	0.024288436808257246	0.9755736709251323	reverted	reverted	-0.892038063773596	0.2107882910087117	0.22285041214934426	0.566361296841944	-0.39846468083376296	0.2693635530776428	0.020563641643023677	0.046930085880636366	0.93250627247634	reverted	0.0
AATGTTGCACCTCAGT-E15S	76831.0	0.16081503846278694	0.2822336217914668	-0.3233296893789015	0.02776572171414595	0.931153350424465	reverted	reverted	-0.33599579395674783	0.1620012098977421	0.23432314635105853	0.6036756437511993	0.39319618366560755	0.10748200292391831	0.09955479534757576	0.008896469561477178	0.8915487350909469	reverted	0.0
TGACGGTTCACTTGAG-E15S	75780.0	-0.07324250290243783	-0.02711554068128519	-0.6383051437214252	0.02533839139708735	0.9608658318411919	reverted	reverted	-0.6715836029535297	0.1591985666331189	0.19924747498323694	0.641553958383644	0.1899231050596116	0.13071481933541565	0.042742387648594164	0.009592293457517838	0.9476653188938879	reverted	0.0
CATTGCTTCGAACGGA-E15S	82476.0	0.15269324496102482	0.07901941343306906	-0.12637735705926875	0.025837041228116173	0.9030586822214	reverted	reverted	-0.13269249841066416	0.1960373527059436	0.29980062218298226	0.5041620251110741	-0.3315277144185618	0.2025798794011044	0.019205206690486195	0.03824420914881191	0.9425505841607018	reverted	0.0
CAGTTTGAGTACCAAT-E15S	82922.0	0.12615240525816523	0.010447660758776678	-0.19903657101031852	0.02699757850319934	0.9144511624448105	reverted	reverted	-0.21598142671252338	0.18057292799798902	0.2713764366740045	0.5480506353280065	0.16659495660958568	0.12230175380090481	0.03923354245682932	0.009704602000866619	0.9510618555423039	reverted	0.0
CGTCCATCAGGCAATT-E15S	79461.0	-0.27866612231087756	-0.3831477171632292	3.088713119816339	0.1068202174282127	0.02073511958538874	persistent	persistent	3.1063934189391587	0.9204385296736011	0.07956147032639897	3.434181970954959e-18	0.009563374750987381	0.10306168785814165	0.024633116237125614	0.01217142264027798	0.9631954611225964	persistent	1.0
CGTTTAAGTAATGAAC-E15S	82349.0	-0.2402168215244949	-0.3834607757480303	1.4449687274833882	0.06585397518853661	0.3223232903046074	partial	partial	1.4532182764564643	0.5221761506106996	0.47781406068783355	9.788701466981591e-06	-0.18162134858272455	0.14147273252032871	0.01926458948890221	0.021854892781012464	0.9588805177300853	persistent	0.2571428571428571
GCGGGTTCAACATGCG-E15S	83898.0	0.054349510197667594	-0.16035880564164728	0.3948989088990495	0.0411917339226026	0.7764030187503886	reverted	reverted	0.3951855116776569	0.3509614166808162	0.5466742952925757	0.10236428802660803	-0.33176041503430853	0.18817534626328694	0.018848236574093572	0.0384246431526661	0.9427271202732405	partial	0.0
CTCATGGGTGAGGAGA-E15S	80526.0	-0.20464716478490222	-0.30857407321177116	-0.06282435743606057	0.027985268486308855	0.8920030170343785	reverted	reverted	-0.10584875162925395	0.21220443333341754	0.32853129616422183	0.4592642705023607	0.031870509726185846	0.13885026842060172	0.02728348952796407	0.012248178486708353	0.9604683319853274	reverted	0.0
TCGTTAGAGTGACCAC-E15S	81910.0	0.10781990444243988	0.009351659810362345	0.952521225650391	0.04899937995602471	0.5471501591569234	partial	partial	0.9698760766982276	0.43570913954304347	0.5624765142948805	0.0018143461620760929	-0.16421044504963384	0.14453203780438573	0.019699023604960553	0.020681049136183707	0.9596199272588557	partial	0.0
CTTGCATTCTGGAAGG-E15S	84431.0	0.07290070653776609	0.1350537287915058	-0.609303086319995	0.02650228526976375	0.9587481922603137	reverted	reverted	-0.6350904076094618	0.1567329466394023	0.19936201528322134	0.6439050380773764	0.0830310705840646	0.1426647798881652	0.03121441702260928	0.011229984698946423	0.9575555982784443	reverted	0.0
CGTCGTAGTGCAATTC-E15S	85352.0	0.07390971242957384	-0.1612666365265374	-0.18304573073896124	0.030708027683591387	0.9120529853116253	reverted	reverted	-0.19484824236775364	0.18368815175865963	0.27720641227754295	0.5391054359637975	-0.23059053223841672	0.18252261881421186	0.019726823179533417	0.02660400616603216	0.9536691706544345	reverted	0.0
AGCTAACCACCTTAGC-E15S	82592.0	0.04913207033413314	-0.15371198313406537	0.012492476766887172	0.028329602029652713	0.8774800135474319	reverted	reverted	0.009472340920033072	0.23411816980237452	0.3664426865264724	0.399439143671153	-0.022926590432403433	0.14848395540337592	0.024602090137470133	0.014006026840049167	0.9613918830224807	reverted	0.0
CTAGAACCAATGCGTG-E15S	79406.0	-0.33938106548675195	-0.3902110103936365	3.9570118346274903	0.11827061860240559	0.004075026122501976	persistent	persistent	3.998141911192043	0.9884202011103177	0.011579798889682176	6.8136593793241095e-28	0.05435441467360774	0.09756996997720747	0.027317131532750387	0.011038503692269457	0.96164436477498	persistent	1.0
ATAGCCATCACTTGCT-E15S	82424.0	-0.27066145655210255	-0.35049678415191854	3.06596076689094	0.09879231826368655	0.021628032797600075	persistent	persistent	3.0554468148819742	0.9170514319974259	0.08294856800257408	5.769813141626097e-18	-0.3086885707003241	0.13422576676378448	0.017861534686858718	0.035471990439243366	0.946666474873898	persistent	1.0
TCGATTAGTTTCGATA-E15S	84671.0	0.1303807337593999	0.1271697981919323	0.07532921402229097	0.03548061551084447	0.8641060275781741	reverted	reverted	0.04417005318526784	0.25408746326237747	0.40014367038388804	0.3457688663537343	-0.23385232226698177	0.1785229020115183	0.01954841933812435	0.02683711316444321	0.9536144674974324	partial	0.0
TGGCGCATCCATAGTG-E15S	76017.0	0.1590768308042893	0.04610959329936015	-0.25854085030834445	0.025875947390196986	0.9228622570975018	reverted	reverted	-0.27415868592403925	0.17043429588130007	0.25182329303384576	0.5777424110848542	-0.09011095353441907	0.1666129332003122	0.02256438550968159	0.017049464709492815	0.9603861497808256	reverted	0.0
TGGTTCCCAGCACTGA-E15S	78183.0	0.176286236981601	-0.12381782222657056	1.4743987460565002	0.06567415534694421	0.3102756787272284	partial	partial	1.4825116421824676	0.5286268151069952	0.47136635328652454	6.831606480319078e-06	-0.2112345127165759	0.1486972524283839	0.018984805804180938	0.024347299863549297	0.9566678943322697	persistent	0.32608695652173914
GTGCTAATCACTAACG-E15S	75970.0	-0.009389529665278673	0.5522890022584794	0.9671513751061035	0.05069502630601849	0.5402789253309379	partial	partial	0.9362892368099075	0.43772809621516684	0.5606844387535039	0.0015874650313293286	-0.0673067438237488	0.13608362061266555	0.02220669671890954	0.015358734487302548	0.9624345687937881	partial	0.0
TGGATGCTCACCATGA-E15S	78849.0	0.11603490185867321	0.16493203788031396	0.844559275766386	0.04699970142039233	0.5971372536776036	partial	partial	0.8102110167023117	0.42151121744044023	0.573823018979675	0.004665763579884828	-0.13584943560018495	0.14769388228890187	0.020464100758579764	0.018970144944488718	0.9605657542969317	partial	0.0
TGGGTCCGTATGGACA-E15S	78640.0	0.0938417891131596	0.23293118233438226	0.5533694916420232	0.04060367360779519	0.7200717613092952	reverted	reverted	0.550880569333094	0.3822699637237829	0.5769429205855122	0.04078711569070479	-0.4007727395812645	0.21007161862175305	0.01906113063325429	0.04960468289942218	0.9313341864673235	partial	0.0
TAGCTCCCATGGTGCA-E15S	82627.0	0.12935900317090526	-0.07605875547429597	0.7121734542215329	0.035928931063188625	0.6556971908153865	partial	partial	0.6773761854651587	0.40481799832968735	0.5817573700978161	0.013424631572496381	-0.17693598027374452	0.15648886853628674	0.019820560278571455	0.021802569272465346	0.9583768704489632	partial	0.0
CTGCCATCATCCACGT-E15S	78554.0	0.041719230461958634	0.1106891737609258	-0.227962123587277	0.020971415040575644	0.9186389951051931	reverted	reverted	-0.24855898456684591	0.1753576155278772	0.2614501015021758	0.5631922829699471	0.1943271835030673	0.12537233207678583	0.04323828804939069	0.009483396473420214	0.9472783154771891	reverted	0.0
CCCGTAAGTCTTGACG-E15S	78910.0	0.02689465151922027	0.03563049868867507	-0.44318361683953034	0.02254727287818408	0.944351541901179	reverted	reverted	-0.470246014502951	0.1534523319725493	0.2117676009467161	0.6347800670807346	0.40277947220756494	0.10669790607351286	0.10435849092361961	0.008927145969105536	0.8867143631072748	reverted	0.0
CGCCATAGTTCGGTTG-E15S	79802.0	0.16864474057516948	-0.14244023174726017	0.20377720755422796	0.030621503230150154	0.8329456149181226	reverted	reverted	0.18464123049416156	0.29641188999655227	0.46869465263319954	0.2348934573702483	-0.18636058768648212	0.17641049185291263	0.02031069606947934	0.022895626986444574	0.9567936769440759	partial	0.0
AGAGAGGGTTGGAGTA-E15S	80599.0	0.09565711812487249	-0.18705391359532242	1.7354926368520511	0.06983486752522561	0.2153249803795737	persistent	persistent	1.729968256225037	0.5915212504399309	0.4084785282025982	2.2135747096285218e-07	0.08856610432097219	0.11099775210054288	0.030465142920329962	0.010596137368289361	0.9589387197113807	persistent	1.0
GCGGGAACAGGTTCGA-E15S	80589.0	0.15947612396398464	-0.06946854423650117	1.924601871921256	0.07738437955568223	0.16095577882360024	persistent	persistent	1.9325864413839935	0.6421603586826665	0.3578396272380404	1.4079293105397713e-08	-0.34109793595855575	0.16522307904401506	0.01833779341221039	0.04023300295640239	0.9414292036313872	persistent	1.0
GGGCAATGTCTGTGCA-E15S	76164.0	0.16066072772195533	-0.02244024427938407	-0.024869300595875336	0.027371802992640464	0.8848835195989851	reverted	reverted	-0.050793865708063025	0.22291548344565354	0.3471905629711895	0.42989395358315696	0.06281493172549028	0.13854326477881126	0.029431979094406785	0.011547532147257695	0.9590204887583355	reverted	0.0
ATACGCGCATCACACC-E15S	77169.0	0.14222178275838276	0.0948593973805385	0.2791037820074349	0.029684752004102293	0.8121504571929682	reverted	reverted	0.2758111034691164	0.3198827492405517	0.5043356509669983	0.17578159979245006	-0.04241445746485999	0.15287102130707317	0.02387812573951144	0.014775074638059946	0.9613467996224287	partial	0.0
CACCAACAGATAGCTT-E15S	79297.0	-0.12842037827729663	-0.08506847457520933	0.39902556483757123	0.03356871565675033	0.7750438496199413	reverted	reverted	0.37017045065052523	0.3519369764348754	0.5478638325089749	0.10019919105614979	-0.0022945420967325765	0.13885304676862661	0.02526726252107687	0.013160903707355537	0.9615718337715676	partial	0.0
CAGTAAGGTCTTGGTG-E15S	77014.0	-0.3138676336933085	-0.3746555239383602	3.3377437357870843	0.10812173601969073	0.013042340419471738	persistent	persistent	3.3635055582711386	0.9511225563032989	0.04887744369670113	9.382381293373754e-21	-0.3845780444224727	0.1379188973725545	0.018060956032757473	0.049703565494097414	0.932235478473145	persistent	1.0
GTCCTGCTCAGCCCGA-E15S	69544.0	0.07634473118513457	0.5975678922659644	-0.6846120607299807	0.025309058788522673	0.9640323478968167	reverted	reverted	-0.7112795016713349	0.1644000443491211	0.20026784165073594	0.635332114000143	0.19074040275805207	0.13675149872722547	0.04305381763908544	0.009668176579589833	0.9472780057813246	reverted	0.0
CGGCTCAAGGATGGCA-E15S	75991.0	0.05250322721592143	-0.24193087954932901	1.9085948247299518	0.06936308137623799	0.16509043804452767	persistent	persistent	1.927196518430332	0.6377569479081612	0.36224303415557685	1.793626190231509e-08	0.04024392693224247	0.11382964666378793	0.026876141190025828	0.011592915698658808	0.9615309431113153	persistent	1.0
CTGACCCTCACGTACA-E15S	72482.0	0.20715022297878632	0.02097120490303539	1.494838254453328	0.06587862831735816	0.3020561155860084	partial	persistent	1.5030777064716139	0.5331886161008778	0.46680607928633017	5.304612792097645e-06	0.08606519799908846	0.1176443450833313	0.030485110647191633	0.010741393749982207	0.9587734956028261	persistent	0.3950617283950617
CGTTCCATCGCATGAC-E15S	79583.0	-0.13229656379664684	0.1635591036289965	-0.4395996650253872	0.02532051700334065	0.9439939034997318	reverted	reverted	-0.4764374857477417	0.1535765716265185	0.212267612549319	0.6341558158241625	-0.08923466386254705	0.1670318855408422	0.022612540263491576	0.01701977555451325	0.9603676841819951	reverted	0.0
CTTCTGGTCATATCCC-E15S	69217.0	0.3005501498990681	-0.11414156562869965	0.993314675982317	0.05260056733762393	0.5279544392186921	partial	partial	0.9831044225600363	0.441407624445267	0.5573463741034432	0.0012460014512897459	0.48376480380369485	0.0899793706602844	0.1611746209579232	0.009390479244257769	0.8294348997978191	partial	0.0
CCTTAGAAGTTGCAGC-E15S	76508.0	0.028655394628551933	0.1959080844193144	2.1513165808422383	0.08747962516354826	0.11102248849721189	persistent	persistent	2.162512655490414	0.7056621907158178	0.2943378089025759	3.8160627829142506e-10	-0.389922168479515	0.16969319617678627	0.018414237482071518	0.04933467959619072	0.9322510829217378	persistent	1.0
TGATGAGGTTCGTAGT-E15S	82623.0	-0.20143471841878197	-0.3801569363024949	1.6342799942725372	0.061076800323046285	0.24945701620843425	persistent	persistent	1.649589870711024	0.5660097307207309	0.43398938887259375	8.804066752815732e-07	-1.1216990977661723	0.3529415370724883	0.01908477689829345	0.38907325128453446	0.5918419718171721	persistent	1.0
AAGTTCCGTTCTGTGG-E15S	76498.0	0.3762271448253272	0.10751067990192775	1.2058921719905884	0.04928599293815823	0.4278797416125904	partial	partial	1.2460247418028922	0.4751525781036774	0.5246984944074192	0.0001489274889033352	0.20446192044434197	0.1095454400266572	0.04441069083357142	0.009217228395039589	0.9463720807713891	partial	0.0
ACACCAGCATGATTAG-E15S	78488.0	0.02680765440482369	0.3004474479022873	-0.8753353395617082	0.021621514836280258	0.9746567522909196	reverted	reverted	-0.880673039917757	0.20458503093686645	0.21950375313971587	0.5759112159234177	-0.790902172309167	0.36944231353458584	0.020712681678638285	0.13306190398283924	0.8462254143385226	reverted	0.0
AGTATGGGTGCGCCAT-E15S	81732.0	-0.16873736257883531	-0.2785544871287926	4.02532716265721	0.13095227174684743	0.0035824264459919618	persistent	persistent	4.061140556437316	0.9903025477660434	0.009697452233956537	9.543308111367053e-29	-0.31501597067138165	0.13236434001850322	0.017823101350189215	0.036465285844613685	0.9457116128051971	persistent	1.0
CAGGAACGTTTACGAC-E15S	76186.0	-0.08252556287044849	0.0567111452819955	2.102548026289333	0.075566624977346	0.12046724971032559	persistent	persistent	2.1061713941393077	0.6919194849501761	0.30808051419675314	8.530708196751535e-10	-0.227998093476939	0.14454301887297763	0.01864488606036402	0.02579954578371143	0.9555555681559247	persistent	1.0
CCTTGGTCATGGAACT-E15S	79216.0	0.22247643787103505	0.10875358988228323	-0.3056944379415457	0.02942544183451655	0.9289820138191686	reverted	reverted	-0.32516380195935823	0.16402895931538447	0.23870285702929311	0.5972681836553224	0.27834790589396385	0.11749843882591653	0.059334418347801905	0.008925863711705253	0.9317397179404929	reverted	0.0
GCTAGGGGTTATCCGG-E15S	74993.0	-0.29786213282568375	-0.36558184791571174	1.9073912865119147	0.0634990529033517	0.16540473347802145	persistent	persistent	1.89280395523908	0.6374265674520796	0.3625734142833708	1.8264549581436102e-08	-0.11782331272146576	0.12902036244934967	0.020328727949706856	0.01757801406643564	0.9620932579838575	persistent	1.0
CTGCATTTCCGGTTGG-E15S	74924.0	0.2527900977846777	-0.022171907848753558	0.1348866284723916	0.033003218777913075	0.8503144258296188	reverted	reverted	0.11164502553739483	0.27374403450559165	0.43252242580504197	0.2937335396893664	0.06764566602523216	0.13724259315130277	0.029747669092715263	0.011424828597952052	0.9588275023093327	partial	0.0
CTTACGTTCTGTCAAG-E15S	81922.0	0.10068595219842297	0.16061889517631123	-1.0037528003330902	0.025207478981681533	0.9800169764324698	reverted	reverted	-1.0324449795026716	0.2521144395274143	0.24485046998938437	0.5030350904832013	-0.14066776015326984	0.2014460380093584	0.02244100947490665	0.020546022737312666	0.9570129677877808	reverted	0.0
CCGCCATTCATGTGGC-E15S	80296.0	-0.028545999066734384	-0.23863469075247173	0.252186770965305	0.03774591935450899	0.8198013602383503	reverted	reverted	0.25035821021822974	0.3117294631610834	0.49221410429461326	0.19605643254430336	-0.16670449332770362	0.16196909789794667	0.020220736405385516	0.021208910674936236	0.9585703529196783	partial	0.0
CGTGGCTGTATAGCAG-E15S	81162.0	0.11560435997361013	0.3851476118895002	-0.9150404769625112	0.01814109614873019	0.976448692992774	reverted	reverted	-0.9472792186921712	0.21733947948294113	0.22638998685462272	0.5562705336624362	0.12271553246092815	0.14598566001503782	0.035036511544931745	0.010629021784300164	0.954334466670768	reverted	0.0
GGGCGTAGTTATGGAG-E15S	84165.0	0.25434097481023593	-0.067968783099709	0.35987874208018905	0.0345081939111737	0.7877013479183039	reverted	reverted	0.3614172754931384	0.34230786446051586	0.5356738296984365	0.1220183058410477	-0.04838250596412604	0.14857400729505368	0.023443789706085957	0.014895421641292272	0.9616607886526218	partial	0.0
GTAAACGGTGAGGCAT-E15S	81692.0	-0.21953541029205786	-0.33225040442771936	1.888914400459715	0.0652359004774052	0.1702902026344378	persistent	persistent	1.8676323134309267	0.6323675284074326	0.3676324474919436	2.4100623784915446e-08	-0.3027296418848288	0.15015374695982028	0.018167172148017576	0.034510208107085896	0.9473226197448965	persistent	1.0
CCGCTTGCACCAGGGT-E15S	79100.0	-0.047658566249908274	-0.23288676370824196	0.6493620381259222	0.03506775804503829	0.6820240375235953	partial	partial	0.6197949456434084	0.3965220935846565	0.5821963229350224	0.02128158348032105	0.07050540157539664	0.12297739400295538	0.029406990146491934	0.011114173564936325	0.9594788362885719	partial	0.0
TGGTTCAAGGGGTTAG-E15S	80641.0	0.03784697991491698	0.11422126035835911	1.6720229555604051	0.05893170632060505	0.2363197417156985	persistent	persistent	1.6719843505998548	0.5753699886606152	0.42462948119188826	5.301474965927309e-07	-0.2104002142559985	0.14384882041006727	0.018861938948175064	0.024199023127956548	0.9569390379238684	persistent	1.0
CTCATCCGTGAGTGCG-E15S	80734.0	-0.018107108712785813	0.16379373859812985	0.40382759765031273	0.03608771399036186	0.7734548674047721	reverted	reverted	0.39298503518521405	0.35306051635981733	0.5492197068279607	0.09771977681222195	-0.6700891539431119	0.28930698772396646	0.020150149189137545	0.11793049212695	0.8619193586839125	partial	0.0
GCCTAATGTGATGAAT-E15S	75997.0	0.02473918015721449	-0.25183652735322626	1.4821651608381177	0.061690515670300004	0.3071379762750968	partial	partial	1.49500444648597	0.5303523391251977	0.469641453476535	6.20739826713704e-06	0.09290430396603601	0.11636671805568596	0.031034279645507794	0.010604756626991084	0.9583609637275011	persistent	0.3125
TGTAGCGCACTATGGG-E15S	82882.0	0.02692235487569139	-0.12207716142707076	-0.25425182717543665	0.023869994599102815	0.9222822423579408	reverted	reverted	-0.28003258020553723	0.17108827039449467	0.25312007769428785	0.5757916519112175	-0.10040441051988447	0.16309221453309716	0.022071538826775084	0.017447058335540354	0.9604814028376845	reverted	0.0
TCCCAAGGTCAAGTGA-E15S	81443.0	0.01597696848940955	-0.30999997361855414	1.7032990428608668	0.06378318555566927	0.22580117703632094	persistent	persistent	1.6994344399523669	0.583266891764001	0.4167327623934208	3.458425781817467e-07	-0.3108803340182429	0.15617146305089377	0.018253462998038757	0.03564285448266521	0.9461036825192959	persistent	1.0
AGGAGATTCACCATTC-E15S	82668.0	0.1819425978391454	0.04143849459729432	0.6088702144988146	0.04363017490486237	0.6984117790942059	partial	partial	0.6089939475733773	0.3908086352863783	0.5809623830846408	0.02822898162898093	-0.36685642537975455	0.18941247219264132	0.018737292235221737	0.04408431315945593	0.9371783946053223	partial	0.0
CGGGTTACACCATGCT-E15S	78609.0	-0.15451785045384325	-0.025667050659025636	0.6110129145488252	0.04301561728164016	0.6975566692915648	partial	reverted	0.590299304069627	0.39112048226037327	0.5810612834563719	0.02781823428325489	0.16198785424648918	0.1169271699562911	0.038462688573408725	0.009681038612357331	0.9518562728142339	partial	0.0
CATTTGAGTTGTGACT-E15S	82445.0	0.10019208956557984	0.25501936206217724	-0.0855778285979862	0.031216508754365282	0.8960831363677885	reverted	reverted	-0.11676735915631173	0.20614871124150294	0.3178587530528467	0.47599253570565025	0.08399757182946771	0.13125121601737819	0.030826800851623815	0.011004883146545892	0.9581683160018303	reverted	0.0
AGAGGGTCATCGCTAC-E15S	80272.0	0.06683773875343063	-0.1844460991133111	0.04352873814435069	0.03623360652632266	0.8710218043676539	reverted	reverted	0.04216192772896798	0.2438352693894482	0.3829393219660926	0.37322540864445913	0.23041680219759916	0.11403146960506148	0.049046402520845744	0.009098261198669787	0.9418553362804845	reverted	0.0
GGTGAATAGATACTCG-E15S	77201.0	-0.04962287739906429	-0.2005535273193496	-0.05362183245182039	0.03079419747180692	0.8903132161988407	reverted	reverted	-0.07323268720687127	0.2147337275000943	0.3329613915865474	0.4523048809133583	0.02728735577902558	0.1408219325145149	0.0270732142648176	0.012401083462952166	0.9605257022722301	reverted	0.0
AGCGTAAGTAGGTCCC-E15S	74856.0	-0.27786923982302814	-0.3417178476674759	0.14125161894293847	0.03692140035277549	0.8487742347266586	reverted	reverted	0.133008462318499	0.27585674697912593	0.43595102377134254	0.2881922292495316	-0.10431533844316226	0.15846591142089364	0.021763114070521325	0.01752714662995056	0.960709739299528	partial	0.0
GCAATATTCTCACCAT-E15S	75308.0	0.3095292561090834	-0.03637781563848175	0.7288805219323041	0.04869556931700238	0.648521937866085	partial	partial	0.759242998963409	0.40695035233003596	0.5812267036843091	0.011822943985654914	0.43040281692814114	0.09448967345435187	0.12145002554198532	0.009046887180370377	0.8695030872776444	partial	0.0
GCCCTGAAGCTAGAGG-E15S	81391.0	0.016948390015285142	0.01208245422870402	-0.012552883235440853	0.03521977790613939	0.8824869573616351	reverted	reverted	-0.03303373565683589	0.2265416646283042	0.35345041038707703	0.4200079249846189	-0.6843026298079523	0.2819482519424977	0.02016554676722763	0.12769988874393853	0.8521345644888338	reverted	0.0
CCTTGGGAGGGCTCCA-E15S	80045.0	0.13809742344361925	0.36829952836594215	-0.16020292490880175	0.026632452580105572	0.9085218386003195	reverted	reverted	-0.17236361418322177	0.1884224515481142	0.28595453305885365	0.5256230153930321	-0.04756979899242048	0.15927628920895895	0.02392068096262253	0.015114042963864892	0.9609652760735126	reverted	0.0
TCGTCCATCCTGAAGC-E15S	75234.0	-0.10300530823272042	-0.22265659848515346	1.387107090333726	0.05284330413813524	0.3467004911354934	partial	partial	1.3645820854550506	0.5099074229956561	0.49007303426226584	1.954274207805007e-05	0.1570821379716607	0.10986723760339566	0.03761848406878289	0.009642284781090384	0.9527392311501267	persistent	0.0
AGCAAGGTCTATGCAG-E15S	76429.0	0.22533715337539223	-0.07616181076531436	0.2550402451984563	0.03693312773528102	0.8190019504555255	reverted	reverted	0.2881572920594898	0.3126076316237115	0.4935344072649383	0.19385796111135015	-0.16332220183693433	0.17347036818494083	0.0207100558280676	0.021239434390333	0.9580505097815993	partial	0.0
CGGTGCATCGACATAT-E15S	78824.0	0.13384436224118285	-0.08036696907147323	0.7113191678040083	0.04606600161508805	0.6560622165127555	partial	partial	0.7116829339920758	0.4047083528435288	0.5817801970362714	0.01351145012019992	0.14378429555802624	0.11414576617761084	0.036144545511930096	0.009848454734573513	0.9540069997534965	partial	0.0
GGCTGTTAGGTACGCT-E15S	73603.0	0.13269822696563743	0.21081863177461135	1.9622519199933077	0.06789563967647302	0.15156087030217702	persistent	persistent	1.9641195043467825	0.65258040262342	0.3474195894622031	7.914376894270027e-09	0.19479468650266535	0.10105679624058625	0.04266552913398896	0.009198698378580037	0.9481357724874309	persistent	1.0
AACACCGCACTTACGC-E15S	77869.0	-0.23708025901460722	-0.35675651656167484	1.7061668872605023	0.07893153962131748	0.22485347314710735	persistent	persistent	1.7144220652982243	0.5839971255741511	0.41600254197132763	3.32454521198731e-07	-0.48239448489833864	0.18886325116175443	0.019010943444405178	0.07223003050511184	0.9087590260504832	persistent	1.0
CCTTTCAGTCTGGTGC-E15S	78776.0	-0.07350623131468237	0.038205286037211406	-0.46338348522785594	0.023068383657794757	0.9463273784389938	reverted	reverted	-0.4636580469440234	0.15290343658775488	0.209141207842029	0.6379553555702161	0.023226594955287054	0.15015599384119432	0.027217059415709236	0.012699508242403278	0.9600834323418875	reverted	0.0
CTTGCCTGTGCGGAAT-E15S	78499.0	-0.027341192187989416	-0.23837883306234464	1.7547259554892518	0.0645618572039315	0.2092366533035409	persistent	persistent	1.7506647118366194	0.5965105030065039	0.4034893279678777	1.6902561850328e-07	0.084172943986148	0.10881622705844744	0.030014010718853346	0.010639100338561204	0.9593468889425854	persistent	1.0
CCCGACAAGCGGTACT-E15S	76918.0	0.2984444343136153	-0.14589384223725077	-0.7025172802282428	0.030614626196977114	0.9651893918396564	reverted	reverted	-0.675323148366129	0.16684620980576825	0.20105381871185565	0.6320999714823761	0.1931817693097384	0.136968682118114	0.04342092236864057	0.009648910379970095	0.9469301672513893	reverted	0.0
GTGGGTTTCAATGTAC-E15S	81943.0	-0.03201591991819397	0.3040369604548696	0.1857386124270293	0.032931432119716664	0.8376435922590145	reverted	reverted	0.14408904905251396	0.2905422021706732	0.4594671351613205	0.24999066266800649	-0.8161435449896572	0.3417075910140587	0.020380398802026783	0.16038628387150147	0.8192333173264716	partial	0.0
GTCCGTAGTTGGCATT-E15S	77301.0	0.06036479986602311	0.3729045943727085	-0.9337485573396802	0.02092202383718973	0.9772495724629571	reverted	reverted	-0.9379580513587535	0.22393783047670535	0.22994715484298958	0.5461150146803051	0.02464818768747165	0.171509515459924	0.028285346435227444	0.013146258610777626	0.9585683949539949	reverted	0.0
ACACTCCCAGCACTGA-E15S	78981.0	-0.23199412455546997	-0.40207367126153204	1.555037481684754	0.07302859977176454	0.27858483159423436	persistent	persistent	1.5651702720257874	0.5470031494031282	0.45299437060211484	2.4799947569396425e-06	-0.3167601892262018	0.15512728043627905	0.018211933892014455	0.036517934694233374	0.9452701314137522	persistent	0.68
CCTTTCCTCTGGTACA-E15S	81272.0	0.10438239007264244	0.09650784313937477	0.5958966557400864	0.04784871653000215	0.7035597675434437	reverted	reverted	0.5890631439502831	0.38889469893962914	0.580278307738078	0.030826993322292964	0.06767718540106983	0.1297622880837514	0.029448213499378557	0.011287432231069894	0.9592643542695515	partial	0.0
CCTCAGTCAAGCATAC-E15S	78093.0	0.2527923711051106	0.03062596902210235	1.127749856235782	0.06703976061571357	0.4644173153161531	partial	partial	1.1264887742418483	0.46189819348917943	0.5377659643203163	0.0003358421905042199	0.031938019037658597	0.11891506332549014	0.026514682559434167	0.011872744079317385	0.9616125733612484	partial	0.0
GCAATCTGTTGGGTCC-E15S	73001.0	0.18220601088072302	-0.13574796742333667	0.40586712716213236	0.03474778990684963	0.7727775948988753	reverted	reverted	0.4109272043456739	0.35353391482203006	0.5497863597169202	0.09667972546104961	0.2450496912128218	0.1139385145461323	0.051898336216645045	0.009021393653747338	0.9390802701296076	partial	0.0
TCTAGCTTCCAGGTGT-E15S	78034.0	0.07860150105902658	-0.3237245406674902	0.8797371011705941	0.048063772434641674	0.581018077792487	partial	partial	0.8815495875007955	0.42602266081183765	0.5705199391294985	0.0034574000586638453	-0.12331648737009147	0.14259912917903925	0.02062302782302501	0.018154871482526525	0.9612221006944485	partial	0.0
ATGGCGAAGCAGTCTA-E15S	79458.0	0.19165830521717614	-0.1910850325086113	-0.12934608436364325	0.03291575253713212	0.9035495865427964	reverted	reverted	-0.13377249960267176	0.1953406100553394	0.2985435921881557	0.506115797756505	-0.14999651752615265	0.1788879075164277	0.021245626953981817	0.0205260633883676	0.9582283096576507	reverted	0.0
CACTTCACAAATGGAG-E15S	78750.0	0.11697266884552165	-0.16897083420810582	1.3792479765845567	0.0588934906295358	0.3500781012834811	partial	partial	1.369064111672732	0.5082840041044927	0.49169456352712887	2.1432368378453664e-05	-0.3112414530531648	0.16731111228732853	0.018484687433449762	0.035628617447093454	0.9458866951194568	persistent	0.0
CAATATCAGGTAACGG-E15S	79857.0	0.1210627956697648	0.3281290349880913	-0.5859445222936226	0.019988729409024214	0.9569633171779321	reverted	reverted	-0.6101840844962898	0.1551731763336474	0.19988324566055735	0.6449435780057952	0.12181444946285065	0.13855110529107115	0.0346393217714545	0.010513073365332975	0.9548476048632124	reverted	0.0
GGCTTCCTCACATTGG-E15S	78253.0	-0.11677132418958686	0.621345346423986	3.574727727728123	0.13111754193961137	0.0083668742149098	persistent	persistent	3.5708159324418456	0.9707699938783565	0.029230006121643597	2.3358772370511927e-23	-0.10177124434209939	0.1130940166193998	0.020303139002103728	0.016451779793416926	0.9632450812044793	persistent	1.0
CCATTAGAGGGCCATT-E15S	77074.0	0.03930463717190025	-0.00229070073429527	-0.5571356368396455	0.020287536782058465	0.9546603033392098	reverted	reverted	-0.5912789537499911	0.15375845092906026	0.20106172984929535	0.6451798192216444	0.044614366243623	0.15680473380157195	0.028913057834484154	0.012318386125035998	0.95876855604048	reverted	0.0
ACCATCCCAAGGTCGC-E15S	74632.0	0.11359747994532904	-0.2178814990240579	-0.023101774593588694	0.038095613196327566	0.8845422212478378	reverted	reverted	-0.0009108184362185858	0.2234315897720982	0.34808320434763357	0.42848520588026834	-0.31337420303331653	0.21005681854100275	0.019563684786480733	0.035771049173258816	0.9446652660402604	reverted	0.0
AGAGTAATCCATTGAG-E15S	78932.0	-0.021039012314912453	0.31019682082919864	-0.9591518616536737	0.02248480272555837	0.9782946142644423	reverted	reverted	-0.9905672068889708	0.23351951943791868	0.23507835359711265	0.5314021269649686	-0.03536866671012118	0.16646083876498516	0.02478271288926862	0.014847894848943187	0.9603693922617882	reverted	0.0
TCTGGTAAGGGTACGA-E15S	80594.0	-0.04950454853384595	-0.2994232088563117	2.8839472267473094	0.08321694605364645	0.03025650652475283	persistent	persistent	2.9013236408902094	0.8862287093180173	0.11377129068198236	3.236715460393305e-16	-0.07713237984618732	0.11457116243532703	0.021132188218653442	0.01534339934242869	0.963524412438918	persistent	1.0
GTATCTTCATTCAGGG-E15S	82376.0	-0.12750430173264504	0.13032579415948964	0.9221652868009864	0.058693433581759206	0.5613471249209244	partial	partial	0.877818957836274	0.431601592930152	0.5660146839959725	0.002383723073875527	-0.31381871654992993	0.16758559500065534	0.01847771344350155	0.03599282839764345	0.945529458158855	partial	0.0
CAAGCAAGTAGTAAGT-E15S	77534.0	0.1532741132683499	0.043911553109572066	1.3958954923275226	0.059192286504565636	0.3429417197432593	partial	partial	1.4166273955810598	0.5117350670714713	0.4882473146511549	1.761827737388926e-05	-0.21906951115586404	0.16196107967653536	0.019255395602320275	0.025242312059560686	0.9555022923381191	persistent	0.0
AATGGGCGTTAGCAGA-E15S	76748.0	-0.10870728765578985	0.1443752478095599	-1.1257159667877232	0.029827207499842714	0.984071390558016	reverted	reverted	-1.1569123682216162	0.3145138511602974	0.27496640261456873	0.4105197462251338	-0.15117548244570944	0.19946594403268833	0.022058234478094796	0.021110543850972684	0.9568312216709325	reverted	0.0
TACAGGGAGATAGAGC-E15S	79001.0	-0.2704844226360734	-0.30560934983149585	1.4746082066733184	0.058613763758679674	0.31019082352683836	partial	persistent	1.5010628277408662	0.5286732261167356	0.4713199598745907	6.814008673659854e-06	-0.40126923937799425	0.18401376263695154	0.018626686519283172	0.05103510082663925	0.9303382126540776	persistent	0.2826086956521739
CACACCCTCTAATCGG-E15S	80074.0	-0.28445185991697725	-0.40218309250335027	2.360660999316542	0.07668354448426287	0.07751068703167867	persistent	persistent	2.3637895325949585	0.7637497043486751	0.23625029564121652	1.0108388422726501e-11	-0.967083115032243	0.28691090017313486	0.020492760398289536	0.356437858783304	0.6230693808184066	persistent	1.0
CCTTTAATCAAGTGAA-E15S	77986.0	0.2132547081794442	0.15929406778452326	-0.31804062942247446	0.025672976832959746	0.9305086717237169	reverted	reverted	-0.32802849235198267	0.1625884351878423	0.23560699590962614	0.6018045689025316	0.32372088236554186	0.11312648319389682	0.0719988008638765	0.008819859296682084	0.9191813398394415	reverted	0.0
CCACCTTGTGAAGTGC-E15S	80449.0	-0.12369462244501811	-0.35234821677195616	1.708294351148989	0.07100501644965655	0.2241522608991872	persistent	persistent	1.7068537876057899	0.5845394895057637	0.41546018764637654	3.228478598792543e-07	-0.13965804976814658	0.1326080977049739	0.01987974173716955	0.018883735987202842	0.9612365222756277	persistent	1.0
GGCTGCATCGTTACCT-E15S	69949.0	0.045662228648970515	0.2157474149475569	-0.7276688859207915	0.022130919173276302	0.9667542691655877	reverted	reverted	-0.7524935383179735	0.1707104479224357	0.20252241181624359	0.6267671402613207	-0.13218460537155244	0.1917510094814854	0.022268738416657885	0.019814320483274497	0.9579169411000676	reverted	0.0
ACACGTTGTGATGGAC-E15S	81153.0	0.14521185969353828	-0.18921978617558394	0.26216040033556365	0.035897928084412126	0.8169951755405701	reverted	reverted	0.23210010464415282	0.31478504999187534	0.49679331296182205	0.18842163704630263	-0.1422621984766287	0.16018224921533622	0.02073924720249976	0.01962314066215374	0.9596376121353464	partial	0.0
CTGATCAAGTAGCTCA-E15S	78061.0	0.020399884117291933	0.2659120291590157	0.1744429548400821	0.03580061058186966	0.8405308450411305	reverted	reverted	0.15314021355065996	0.2868354492269903	0.45358666091782707	0.25957788985518265	-0.15949144715047797	0.16811019985668899	0.020603360195844505	0.02086943487210724	0.9585272049320483	partial	0.0
TGCGACTAGGAATCGG-E15S	74032.0	0.1335302947978711	0.5715368618148182	0.024837284568800914	0.030279627965593924	0.8749452213062819	reverted	reverted	-0.00502691629070207	0.23794343293896636	0.3729588625474259	0.3890977045136077	0.08409828512731403	0.13717455058338934	0.031074738000928696	0.01110872709111077	0.9578165349079607	reverted	0.0
GCATTACGTTGACGGG-E15S	68988.0	0.0390300205496783	0.32303952127605984	-0.4038961790208092	0.020034161463394037	0.9403112305523431	reverted	reverted	-0.41630694151602377	0.15525555875663413	0.21782000506755533	0.6269244361758105	0.5025668655104301	0.10364221872537584	0.17335718407548234	0.009458782669981349	0.8171840332545363	reverted	0.0
ATCGAGGAGGATGGGC-E15S	81185.0	-0.2232240320720273	-0.39172426911608826	2.7837197853498514	0.0892197784290949	0.03634857762575319	persistent	persistent	2.783251169243464	0.8664260340316974	0.13357396596829996	2.705937347534074e-15	-0.4810402997720363	0.15983214013192698	0.018981820645284316	0.07626167793219985	0.9047565014225158	persistent	1.0
TGCAGGTTCCTGATAG-E15S	80527.0	0.03011379623852045	-0.09701266106648287	-0.042857352551492735	0.029219978662501155	0.8883072262548025	reverted	reverted	-0.08269099186216256	0.2177484507449339	0.3382219325883733	0.4440296166666927	-0.34667654779508084	0.21659894796543921	0.01946664464610548	0.04026521037553252	0.940268144978362	reverted	0.0
ACGATATTCAATTCGG-E15S	79823.0	0.11240977904623678	-0.22898797827379958	1.4472767425923987	0.057001634140351205	0.3213696147250855	partial	partial	1.463363080372382	0.5226769656039078	0.47731351608153694	9.518314555358222e-06	0.06024593047106504	0.11860482289931452	0.028459223607267766	0.011243565798760232	0.9602972105939721	persistent	0.1794871794871795
CGTCCGTTCTAGCTTC-E15S	81349.0	0.08460653197027795	-0.007989037015559974	1.0080452568478933	0.053561148187992645	0.520999453316747	partial	partial	0.9876490785051593	0.44352024430976994	0.5553946099377814	0.0010851457524485271	-0.15321793359592645	0.14345838633391453	0.019904717696799627	0.019938491661197124	0.9601567906420032	partial	0.0
TCCATCACATGATATG-E15S	75776.0	0.2182120855890028	-0.18123752669525373	1.0560661893725611	0.048630871784207615	0.49828408885926395	partial	partial	1.0849403945039877	0.45062568787302654	0.548689208045047	0.0006851040819265387	-0.2190724637449261	0.1576385318683585	0.01912702788404842	0.0251732694666981	0.9556997026492535	partial	0.0
TGCGAGGGTCAGGACG-E15S	76188.0	-0.14581474608909717	0.09725992937840933	2.2087853502316284	0.08491697812080726	0.10073030594891964	persistent	persistent	2.1900192373143534	0.7218111268839971	0.2781888729710537	1.4494928590437424e-10	0.22074506563427937	0.09784317731912813	0.046964998297492414	0.00899681309259723	0.9440381886099104	persistent	1.0
GGTTGGGGTGCACGAG-E15S	74317.0	0.23120083183073042	0.11364785754565765	2.0290849342010344	0.07071072528399631	0.13599786290813376	persistent	persistent	2.062514770776066	0.6712489164813613	0.32875108073567955	2.782959062990833e-09	0.1686725554183622	0.10443955648782718	0.03896617469941316	0.009459194029610506	0.9515746312709764	persistent	1.0
TGTCACTTCCTTAGCT-E15S	79405.0	0.12038358984106318	0.3270885862154018	-0.5947516154679023	0.022648602676447995	0.9576447857244537	reverted	reverted	-0.6108972444804563	0.15571733448476224	0.19964140417578236	0.6446412613394553	-0.35635915441022153	0.22029786558217038	0.019496246101154663	0.04164699750993048	0.9388567563889149	reverted	0.0
GCATTTAGTGAAGGCT-E15S	78389.0	0.09530502776460464	-0.17889608608230367	0.9227711462598222	0.04967646418366026	0.5610646757032818	partial	partial	0.921093810377419	0.4316825586502943	0.5659465352396689	0.002370906110036782	-0.15750932573144893	0.14911803690961703	0.019991602573549053	0.020330518927804405	0.9596778784986466	partial	0.0
GGTTAAGGTTCACCAG-E15S	77374.0	-0.0996864634387864	0.2473460610771656	3.6714210399032234	0.13410594085963448	0.006977047249442717	persistent	persistent	3.684136990169467	0.9766180434113898	0.023381956588610274	1.8208920776289336e-24	-0.04034391396151702	0.10789960349682101	0.022336350084391002	0.013787593294671009	0.963876056620938	persistent	1.0
AAACTCCGTCAGGCAG-E15S	75670.0	0.27735976466279305	0.18011604958067817	-0.9745236421191352	0.0376933978595332	0.9789040296068547	reverted	reverted	-0.9505800803972901	0.2396711972659808	0.23834210130792388	0.5219867014260954	-0.03630086597460537	0.18137373342231367	0.025425811893947877	0.015257155349339711	0.9593170327567124	reverted	0.0
ACATGGTCATCCCGTG-E15S	75541.0	0.18523919840695097	-0.10303680958493544	-0.3423717898717689	0.027335533925501785	0.9334287610237981	reverted	reverted	-0.34462572381441614	0.1600350495255029	0.22990937386814567	0.6100555766063513	-0.350857467622624	0.23330589444097982	0.01990339715929825	0.04064287336993541	0.9394537294707663	reverted	0.0
TATAGTCAGTGGCTGT-E15S	78272.0	-0.27906003316997946	-0.37418530712383713	1.167974258095897	0.05656117687656021	0.44553628954880165	partial	partial	1.168492859726776	0.46859225628966616	0.5311857289914235	0.00022201471891044737	0.02849839875510088	0.12069846406100421	0.02636160637477423	0.011987125201666114	0.9616512684235597	partial	0.0
TGGCCTGAGGGTATCC-E15S	80027.0	0.15884914786001386	0.07573540563373593	2.2886933672465486	0.08514036252971469	0.08783071696942957	persistent	persistent	2.3542030038289066	0.7440585144942761	0.25594148546933504	3.6388797644029564e-11	0.24360615248138554	0.09391195476547942	0.051342833136048885	0.008853290712623125	0.9398038761513281	persistent	1.0
CGCTGTTCAACTATGA-E15S	78506.0	-0.15070011236852626	-0.13615267822616106	0.5607090913159518	0.038191343793737155	0.717262427123365	reverted	reverted	0.5518406983997801	0.3834554181642063	0.5776442875000106	0.038900294335783035	-0.08781371069151726	0.1446897822090559	0.021786156761612937	0.016430466422128833	0.9617833768162584	partial	0.0
ACAGCAAGTGGGTTGG-E15S	76910.0	-0.06141397402295917	-0.32275930562587735	0.3718007318011557	0.037602099832007886	0.7839024837070613	reverted	reverted	0.36413971457755767	0.34532901925109266	0.5396002502049009	0.11507073054400646	-0.39577432359039855	0.2064243867535223	0.019001606876937478	0.0488036700665528	0.9321947230565097	partial	0.0
ATGGTAAAGGATACCC-E15S	74463.0	-0.04875384084486878	0.08332492386216461	-0.1688467125653641	0.026917731777341528	0.9098727881443706	reverted	reverted	-0.19855184922217806	0.18659186174042056	0.2825864112150638	0.5308217270445158	-0.029622053753116565	0.15769674489299937	0.024668985222520028	0.01443974251035677	0.9608912722671231	reverted	0.0
GCACTAGCACCATCAC-E15S	73583.0	-0.10012240542857193	0.05907678663471061	1.6038261185710991	0.06736480278562103	0.2604065680190502	persistent	persistent	1.6128944618604688	0.5585988633937004	0.44139981964942787	1.3169568717391093e-06	0.1520949627889438	0.10824467914887666	0.036949824173615885	0.009676076818180604	0.9533740990082034	persistent	0.8588235294117647
CATATCTCATAGACAC-E15S	74402.0	0.07058421595583847	0.13508994327328316	1.4368090858079021	0.061104623558686524	0.3257067093485465	partial	partial	1.4068667990232644	0.5204125650366758	0.47957663015871743	1.0804804606799853e-05	0.15680969133760678	0.10891008505890007	0.0375549776788029	0.009633206545848913	0.9528118157753481	persistent	0.14814814814814814
TCGATAGTCACACATG-E15S	75961.0	0.06646286107315597	-0.023952547203637375	-0.56288258819567	0.026832446030654416	0.9551289043486657	reverted	reverted	-0.5589372876224249	0.153996422541637	0.20077892498667552	0.6452246524716874	0.0033041313183447486	0.15850192737597707	0.026409886293384567	0.013428470393774249	0.9601616433128413	reverted	0.0
AACCTTGAGTTGGTTG-E15S	79964.0	0.0808655216564585	0.02533369942934227	0.29697003914516745	0.042351944023991665	0.8069357066899824	reverted	reverted	0.26946951751312864	0.3251209659877977	0.5119462016780085	0.1629328323341939	-0.1866885257721821	0.16787234837176332	0.020006346429240457	0.022741422387207572	0.957252231183552	partial	0.0
CCTCCTGGTAATGGAT-E15S	76553.0	0.11648203209822167	0.0004485167085652719	0.4073695688090906	0.04208799419508131	0.7722777611544845	reverted	reverted	0.4163138360123183	0.35388120479586693	0.550200278543883	0.09591851666025016	-0.3149956630451825	0.20182573628086192	0.019314241490783212	0.03599651398053115	0.9446892445286856	partial	0.0
GGGATCAAGCTACAGC-E15S	74464.0	0.08522144649915547	-0.18214385259382143	0.5346264475594978	0.037319980719433134	0.727167942654039	reverted	reverted	0.5371910070911416	0.3791540701013484	0.5748992291125664	0.045946700786085225	-0.2498546147688402	0.17714428793628267	0.01928614984017372	0.028355358575266092	0.9523584915845601	partial	0.0
GTCATAGTCTGGCACG-E15S	72498.0	-0.03252962770701523	0.11324527480481672	0.5591939881098343	0.042773100797054736	0.7178437513954449	reverted	reverted	0.5549866245814101	0.38321224224408207	0.5775039604152984	0.039283797340619486	0.1659222896431857	0.11792241264587366	0.03900454241286242	0.009653106938181045	0.9513423506489566	partial	0.0
CTGGTTGGTCCATTAA-E15S	74853.0	-0.03346166914667825	0.24751423383783844	1.6780787597207696	0.06425392871843313	0.23425696009552807	persistent	persistent	1.6581736714693414	0.5768893067427795	0.42311020495728563	4.882999349594304e-07	0.14061027921808064	0.11120485023898728	0.03568123466258794	0.009847162382719352	0.9544716029546928	persistent	1.0
ATCGAGGAGTAAGCCC-E15S	80215.0	0.19618246070873907	-0.053267487252052326	2.310566524099098	0.08143905023669668	0.08456928746968742	persistent	persistent	2.3553145649316325	0.7500846077388795	0.24991539223637638	2.4744008002391092e-11	0.09942308976190811	0.1065689000940863	0.03128526631875391	0.010354440417549252	0.9583602932636971	persistent	1.0
AACCAGGAGGAACTAA-E15S	77896.0	0.12231180650710344	-0.08413266974829986	-0.46900237909685616	0.02553293543361281	0.946865114799138	reverted	reverted	-0.471437157000196	0.15279652080452466	0.20846798647756987	0.6387354927179055	-0.6785515369716765	0.34504298925460003	0.020757744384669114	0.10191858168179352	0.8773236739335373	reverted	0.0
GCTTATAGTTGACGCC-E15S	77170.0	0.2087647932292354	0.3062113372914562	-0.12741180732921917	0.0273917427205073	0.9032299900413177	reverted	reverted	-0.13468896042582085	0.19579396036987493	0.2993617114842342	0.5048443281458909	-0.13405164177595494	0.16844846457245077	0.021266104541963923	0.019338009896179436	0.9593958855618565	reverted	0.0
GCAATCTGTCTTGCTC-E15S	73274.0	-0.2855105259141207	-0.3493339980303276	1.077484908091748	0.05892844789998811	0.4881490794291337	partial	partial	1.0967975352398034	0.4539079169563912	0.5455365862239222	0.0005554968196865346	0.08366248459992345	0.11960508546788427	0.0303527971286138	0.010814980936751512	0.9588322219346347	partial	0.0
GTGACGTTCGTTCCGC-E15S	72101.0	0.0633940733121176	0.2915098231819667	0.21684112430612368	0.03445680409692949	0.829475833951854	reverted	reverted	0.19429583323463606	0.3006152326530577	0.4752342003333329	0.22415056701360941	0.2066996677926737	0.12017220721115363	0.04503933122706727	0.009320869916907396	0.9456397988560251	partial	0.0
TCCAACCCATTACCAT-E15S	77037.0	0.1960677067672862	-0.1492393601110092	0.5704134545085613	0.039902734519906786	0.7135218481124886	reverted	reverted	0.5744127709756451	0.3849945840564162	0.5784890363546584	0.03651637958892539	-0.7831355540909983	0.29788774553489367	0.020374486103828065	0.17319322522549743	0.8064322886706746	partial	0.0
ATCCACTTCCCCTGAC-E15S	71702.0	-0.12110869581367995	0.23095721520185286	-0.09205650598535646	0.02580657365016547	0.897219706036389	reverted	reverted	-0.12220367071208384	0.20447773461362073	0.31489632692686303	0.48062593845951623	0.3417127690783991	0.10868299058640034	0.07817977567717618	0.008799730651355116	0.9130204936714686	reverted	0.0
GGCCTAACAGGAGCAG-E15S	76385.0	-0.009661994569913956	0.11516506927026393	0.10055987710885474	0.03444701709931431	0.8583989085413178	reverted	reverted	0.0833718767348667	0.2623695952101854	0.41388743982063947	0.32374296496917515	-0.38472428247947027	0.21419333621961587	0.01919459486990737	0.046453192038178916	0.9343522130919137	partial	0.0
ACGGGTTTCGTGCGAT-E15S	73050.0	0.24978445085508733	-0.010331694081385678	-0.9002298239033594	0.02413350452731331	0.9757952071706069	reverted	reverted	-0.8861230086987987	0.21238583737251862	0.22371362238252604	0.5639005402449553	-0.1888904280110085	0.21555659876230363	0.021784773136788067	0.02396926960950995	0.9542459572537019	reverted	0.0
AGACAGACAATATACG-E15S	75154.0	-0.20295078268679814	-0.34953341947901007	1.2764010378874286	0.061888499236234	0.3955621262057069	partial	partial	1.2634213657743822	0.48800615250526297	0.5119246185847409	6.922890999616959e-05	-0.2683144445910214	0.15898445946452977	0.018588573219541583	0.030154434712839875	0.9512569920676185	partial	0.0
CAACCCAGTATTAGCC-E15S	76126.0	0.13383077712676977	-0.07195517043090238	1.4105690128742279	0.060700303114643264	0.336709747132963	partial	partial	1.3965944369685301	0.5148153246769224	0.4851698730929369	1.4802230140595447e-05	-0.2148602909496228	0.1524302807155297	0.019037708121552154	0.024720754994815058	0.9562415368836329	persistent	0.022222222222222223
ACGCGATTCCCCAGTC-E15S	73821.0	0.14168344325109988	0.05458277353099661	-0.15248150117064166	0.02783316238400741	0.9072996755612092	reverted	reverted	-0.16501100710077096	0.19009770030279496	0.28902232001816247	0.5208799796790424	0.18229720135422414	0.13022180698420305	0.04162772487384787	0.009656393451676447	0.9487158816744756	reverted	0.0
AACGATTTCCGCCACT-E15S	73963.0	0.11451158335711203	-0.04167838267006929	-0.5002086740077123	0.023671501766681764	0.9497601634616317	reverted	reverted	-0.5002195385690561	0.1525669012830517	0.20517507958559905	0.6422580191313493	-0.7293972191797357	0.3563970839791784	0.020750677814958995	0.1153278049127794	0.8639215172722615	reverted	0.0
AGCCCATAGGCGATGA-E15S	79045.0	-0.026200066291615698	0.4608884736767829	-1.3293024601396883	0.03575076439563858	0.9891104436220669	reverted	reverted	-1.348858443390346	0.4470009369236897	0.320479125958741	0.23251993711756927	-0.8068277911704204	0.42261647022025467	0.021656587322676328	0.11685244052044458	0.8614909721568792	persistent	0.0
TGCTAACGTGGGTCTC-E15S	78056.0	0.026210616054735514	-0.0005734076932067955	-0.9618540537941158	0.026907682841176107	0.9784029761641895	reverted	reverted	-0.9361778245259452	0.23458146767707	0.23564368126569055	0.5297748510572394	-0.6381901005328453	0.30786278965266817	0.020303887866153184	0.09923903399810434	0.8804570781357426	reverted	0.0
CACATATAGGATGTCC-E15S	72699.0	-0.011958820579836271	0.20626693626561832	0.9617580144419007	0.05461950601893091	0.5428139083065925	partial	partial	0.9568479639574914	0.4369806951303902	0.5613514485517874	0.0016678563178223918	0.11957951562488525	0.11982967608886837	0.03369840439886618	0.010245742284834674	0.9560558533162993	partial	0.0
TGTCGCCTCACAGCAC-E15S	75161.0	0.09713575325983786	0.23582564361238434	0.08253935990663118	0.03406065812935384	0.8624951823218866	reverted	reverted	0.07034650076694673	0.25644361965075524	0.4040679494294628	0.339488430919782	-0.09966535765539566	0.15738934775116278	0.021871516693115666	0.017275530487725742	0.9608529528191586	partial	0.0
CACCGCAAGCCCGTGA-E15S	76133.0	0.23817872261475553	-0.04441119224221646	0.6193739089393621	0.0430263636623943	0.6942068759005389	partial	partial	0.6049696198445222	0.3923264040473256	0.5814100256601354	0.026263570292538955	0.008262009356823525	0.13244942813575758	0.025597770894118698	0.012732041188733438	0.9616701879171479	partial	0.0
AAAGTGATCCTTCGGC-E15S	72350.0	-0.045297977418139235	0.09204336282040759	1.0520007516318721	0.05170293303483452	0.500208205025263	partial	partial	1.0432188784283218	0.45001073571447175	0.5492765674773684	0.0007126968081597938	-0.029564710553606245	0.1361010504774439	0.023792308197644527	0.013958009363008096	0.9622496824393473	partial	0.0
TATCAGGTCGATCATG-E15S	77762.0	-0.04671948620244554	-0.05078063409792355	-0.6225838586585996	0.024863905197465255	0.9597311915978249	reverted	reverted	-0.636571583975507	0.15778826901946302	0.1992368166120726	0.6429749143684644	-0.268833717730975	0.22303210458193687	0.020541243299316714	0.030835884076644657	0.9486228726240388	reverted	0.0
CCACGCAAGTGATTCG-E15S	74124.0	0.04123105868426319	0.12525286400772262	0.5088060609180444	0.039939089111966475	0.7367574618924588	reverted	reverted	0.49680178020564825	0.3746358493991558	0.5714609872919031	0.05390316330894114	-0.14162373576283194	0.1570910526804877	0.020644506554937294	0.019515679104258398	0.9598398143408042	partial	0.0
GTAATGAAGTGCCGAT-E15S	78821.0	0.32672268489317763	0.14966228794731673	-0.34852865816421913	0.028597885528102884	0.9341494033176196	reverted	reverted	-0.3095342364200018	0.1594487718992612	0.22855143909698283	0.611999789003756	-1.206969072865837	0.5670388079195495	0.02221093412675604	0.17176767002353283	0.806021395849711	reverted	0.0
TGCGACCGTTGGACGG-E15S	74572.0	-0.19641538557834082	-0.2608594900078903	-0.5089686930094854	0.03393226650504757	0.9505456079753241	reverted	reverted	-0.48313758211360613	0.1526139551783548	0.2043847010408361	0.6430013437808091	-0.12431280252325369	0.18861117630307644	0.022371263184438127	0.01930428881512658	0.9583244480004353	reverted	0.0
CGAGTCCGTAAGGTAT-E15S	70575.0	0.21658429282636155	0.044083823846450265	1.109914932166105	0.05386583572778901	0.4728249234841371	partial	partial	1.1199662638731283	0.4590161217340766	0.5405816690100415	0.0004022092558819528	-0.05469675546853934	0.1403346711375759	0.022859009444644147	0.01495091003523407	0.9621900805201218	partial	0.0
TGGCACTAGGATGATA-E15S	76539.0	0.1746879601326295	-0.07031137035727053	0.10385233248287574	0.030409657652220125	0.8576395777547071	reverted	reverted	0.11353340626850007	0.2634569218626601	0.41568115803204597	0.3208619201052939	-0.006336911477437749	0.14856923450756104	0.025450787241213586	0.013488507005206323	0.9610607057535802	partial	0.0
GCCGTAGTCGCTAATG-E15S	77049.0	0.0023555390809277266	0.47642746286622617	-0.211101597598521	0.0262962806275776	0.9162211809533736	reverted	reverted	-0.23918656542120786	0.17833171705675235	0.2671390132592435	0.5545292696840041	-0.08566910276805709	0.16669020898697062	0.022725299129367275	0.01685027711539246	0.9604244237552402	reverted	0.0
TGGTCACAGTGGGTAG-E15S	71450.0	0.07689583846062203	-0.03043360116981131	-0.8220002676692637	0.02251765112600142	0.9720394453047415	reverted	reverted	-0.8198195335422523	0.18999958758595253	0.2117571626778992	0.5982432497361484	-0.08324295737955797	0.19210896676355857	0.023937082880762996	0.017401421668551374	0.9586614954506857	reverted	0.0
TCTGGGACATTGGCCT-E15S	75084.0	0.11648132787828364	0.3883456584084518	-0.326382293452797	0.03172747801605651	0.9315229045177003	reverted	reverted	-0.3345201515007984	0.16167043604761164	0.23359367672404385	0.6047358872283445	0.07849059111870346	0.14986779083091412	0.03115021659616773	0.011454979834484198	0.9573948035693481	reverted	0.0
GTAAGCTCATTAGTCT-E15S	77784.0	-0.167281295293012	-0.18625723101321373	1.2467843546288062	0.05772313731707776	0.4090431984681031	partial	partial	1.2197495375148506	0.4825030112512172	0.5174011252648589	9.586348392386676e-05	-0.06546942655086552	0.13127981053562846	0.02210437047215119	0.015183357930466334	0.9627122715973826	partial	0.0
CACTATGAGGCGTACT-E15S	73214.0	0.009937706227623688	-0.11443152376934718	0.6959003669488273	0.046708842058121605	0.662618479728825	partial	partial	0.6711712734256761	0.4027172143588535	0.5821170145370276	0.015165771104118929	0.088500904048923	0.12470135232108905	0.03095668125378679	0.010813354791263781	0.9582299639549494	partial	0.0
CTTGCCATCAATTCCC-E15S	72550.0	-0.019945085395445372	0.2949655006367806	-1.0852182929770307	0.025021000685066613	0.9828239386345142	reverted	reverted	-1.085725090234891	0.2919679589051151	0.2646254147045374	0.4434066263903475	0.09263048386829133	0.16934386454955191	0.033242908150949636	0.011588562433504855	0.9551685294155454	reverted	0.0
TGAGTAGGTTCACTAA-E15S	75898.0	-0.25918569905678845	-0.3772056668157696	2.262505656026081	0.07671264938240842	0.09188468680576639	persistent	persistent	2.2907684431270763	0.7368036527672358	0.26319634717526	5.7504087300307303e-11	0.032957803310710215	0.10623882240666196	0.026140854206258304	0.01163725738369083	0.962221888410051	persistent	1.0
ATACGCGCAAGTGAGA-E15S	74005.0	0.20338714072854186	0.11246061424601617	-0.6843101882538748	0.02942331280619982	0.9640125267912214	reverted	reverted	-0.6957718530291921	0.16436092861034013	0.20025645044410056	0.6353826209455594	0.008359066677268155	0.17137666379186434	0.02729327537775776	0.01358729796164255	0.9591194266605998	reverted	0.0
AATGCGGAGTGTCCTT-E15S	76564.0	0.3677784750892717	0.13492055501211841	2.3682790164280765	0.08059358727208378	0.07648573231030995	persistent	persistent	2.387733154568584	0.7658091500598974	0.23419084993129372	8.808973639766663e-12	-0.35814859103018193	0.16221123914337146	0.01827155251344467	0.043293778649443684	0.9384346688371117	persistent	1.0
GTATCGATCACAGCGT-E15S	76492.0	-0.06822010111853377	0.07340213495196302	0.552029355896018	0.04770089344604768	0.7205828710080638	reverted	reverted	0.5297893971133344	0.3820514628862262	0.5768089452114298	0.0411395919023441	-0.2799962049012817	0.1746645972370562	0.018886176686542678	0.031605214139511124	0.9495086091739461	partial	0.0
ATCGCATGTCTGGTAT-E15S	75131.0	0.09998787076404975	-0.13550984282315043	0.9280806253058433	0.04479340465724383	0.5585877450223269	partial	partial	0.944520887689469	0.4323938111246145	0.5653449184236704	0.002261270451715036	-0.06206314491309838	0.13760432090295174	0.022463350608083348	0.01517967184141387	0.9623569775505026	partial	0.0
TCACCAAAGTAGCACC-E15S	73802.0	-0.13097726885814787	-0.15915604298039	0.48209271838658396	0.04378044124398803	0.7464476851952108	reverted	reverted	0.46874846096691997	0.36965865580923735	0.5670994025651497	0.06324194162561299	-0.36929319212582257	0.1957548787848641	0.018857032566286985	0.044327464185710576	0.9368155032480023	partial	0.0
CAGTTATAGCGACTGT-E15S	77207.0	0.07565348101308206	0.12157155800283415	0.3958125128173819	0.03758996380886779	0.7761026158266907	reverted	reverted	0.3911058289746271	0.35117819754787155	0.546939589455655	0.10188221299647329	0.012906666888702227	0.13765981775552233	0.0260718557569399	0.012710169406650575	0.9612179748364095	partial	0.0
GGCTGAGGTAATGGTG-E15S	75526.0	-0.11609053581925233	-0.27741568311766857	1.1092255572751433	0.046689992814509695	0.4731502440518545	partial	partial	1.1154065369129387	0.4589057672325582	0.5406892260840716	0.0004050066833702461	-0.6293921262281131	0.24437303745105945	0.01999957957437779	0.11746215380610857	0.8625382666195136	partial	0.0
ACCACAGCATAGGTTA-E15S	69964.0	0.3755157538700397	0.05156384773425071	0.7488081111743604	0.053436375276281506	0.63987521373128	partial	partial	0.7576869181400792	0.4094701644759328	0.5803939886102545	0.010135846913812604	0.4047830355101539	0.0986870313653658	0.10629604650627571	0.008926665596233674	0.8847772878974905	partial	0.0
GCCTTCATCGACCCGA-E15S	69466.0	0.3425378432435456	0.16462960577452823	0.2611744582880473	0.037714891630655556	0.8172740841322819	reverted	reverted	0.26318043924137335	0.31448473919147407	0.4963451195219728	0.18917014128655313	0.3925986469691161	0.1060618793841594	0.09940784858267031	0.008891977730643983	0.8917001736866856	partial	0.0
GTAATCACAGTTGGTG-E15S	76456.0	-0.13555372395336518	0.1371986227509726	0.2090757258170818	0.035668344720743386	0.8315451776597075	reverted	reverted	0.17067596599815174	0.29812202844328767	0.4713624604314438	0.23051551112526858	-0.3111361579759919	0.1962664589914568	0.019194459460773198	0.035505746848762745	0.9452997936904639	partial	0.0
GTGCCATAGGGGCATA-E15S	76454.0	0.1874549733425907	-0.04868205991755681	-0.18059395341196793	0.029064002592036328	0.9116799599832466	reverted	reverted	-0.18253782493968138	0.18418032637033002	0.278121767732484	0.5376979058971859	-0.2842873153146082	0.20032608300600066	0.019575955466024107	0.03225482297429384	0.9481692215596821	reverted	0.0
ACACTCCCATAGAGCT-E15S	77434.0	0.14355158281116348	0.3305545466487365	0.16592352683986278	0.031565912443642125	0.8426808436150042	reverted	reverted	0.14310082092821724	0.28402742607843734	0.4491061894023226	0.26686638451924016	0.11626272710576979	0.13276044129070855	0.03384876337290242	0.010498266022786145	0.9556529706043115	partial	0.0
ACGGGCAGTTCCAGAT-E15S	73235.0	0.2716724281050427	0.010687832462604074	-0.510362997385966	0.025396972172250135	0.9506695459701939	reverted	reverted	-0.5164902143099374	0.15262597936787095	0.20426425023150355	0.6431097704006256	-0.2841731291872609	0.2176856849656787	0.0201364894634983	0.03237384765781419	0.9474896628786875	reverted	0.0
AGGACCCCATAGGGTT-E15S	76626.0	-0.09202213399510734	0.035143072054340974	-0.8160039085840706	0.022809877852751972	0.9717292526055199	reverted	reverted	-0.8425701494752268	0.1885337963461534	0.21099802995068462	0.600468173703162	-0.14524054092322017	0.20026507640641372	0.0222580457970228	0.0207793889794238	0.9569625652235534	reverted	0.0
ACTATCTCAGTTGCTC-E15S	80180.0	0.026725806370224536	0.013408278427753717	0.11379175170500314	0.02741837083896817	0.8553266599274967	reverted	reverted	0.0751585672806169	0.2667457049556728	0.421091004101708	0.31216329094261924	-0.3769617716886707	0.23151972877793725	0.01965312303745185	0.04461214157462104	0.9357347353879272	partial	0.0
GGCGATGGTTAGAGTG-E15S	80654.0	-0.0003763363955991972	0.39218375165841446	-0.31139842504587145	0.02810784050476629	0.9296911478293504	reverted	reverted	-0.3527278259810638	0.16335127882944256	0.23725527646582936	0.599393444704728	-0.18316602682959027	0.18970135669276422	0.020871043614766188	0.022958903980802498	0.9561700524044313	reverted	0.0
TCCTCAACAATGTAGC-E15S	70946.0	0.14955579910729994	0.04074718427548418	0.5817072816662913	0.038631570383040104	0.7091315297922196	reverted	reverted	0.5877521835388279	0.3867473734789131	0.5793570267549936	0.033895599766093396	-0.042795282067503916	0.1485105297091545	0.023683016650594628	0.014689274060338249	0.961627709289067	partial	0.0
CAGTACGCAGGGCATC-E15S	69875.0	-0.09806420525084136	0.03626579835677313	-0.3765441574142205	0.029293452308403776	0.9373378094661607	reverted	reverted	-0.35314304174693056	0.157084849991805	0.22279218467719197	0.6201229653310031	-0.013695503994688668	0.16311628510780804	0.025698838922073797	0.01404776827668137	0.9602533928012449	reverted	0.0
CATCCCGCAATGAAGG-E15S	74493.0	0.14872943014638923	0.33592770788234994	-0.3063589316651792	0.025349963787756818	0.9290649640631153	reverted	reverted	-0.32745803465320406	0.16394893682453385	0.2385326869725639	0.5975183762029023	0.09182222667572042	0.1427122131900019	0.03196959421809156	0.011071651192806089	0.9569587545891025	reverted	0.0
CTGTAATAGGGTGAGC-E15S	76444.0	0.2601542638657917	0.08347569448659942	1.514266468488248	0.06445485829062239	0.2943590092953773	persistent	persistent	1.5537517086680461	0.537585826052499	0.4624100132456856	4.160701815402811e-06	-0.6781146697857399	0.2474421600534669	0.02030313729652265	0.14239712215444195	0.8372997405490354	persistent	0.5733333333333334
CCTGTCGCAGGATCTG-E15S	67848.0	0.2399227113372689	0.12584853515211414	-0.7634636567246903	0.02870431127539303	0.9688647053148473	reverted	reverted	-0.7905651231402199	0.17710870231403833	0.20533969440948782	0.6175516032764738	0.3308183199639766	0.12669415055920813	0.0738705953663633	0.008900976432442817	0.917228428201194	reverted	0.0
ACCCTTTAGGTGGACA-E15S	73302.0	-0.020263714998439708	-0.3143469965904547	0.7729808526448867	0.05086651227119816	0.6292638229683218	partial	partial	0.7863427082949911	0.4125061346710243	0.5791141669741607	0.008379698354815068	-0.19193191518300085	0.16059183296802454	0.01966507766239155	0.022990954387188962	0.9573439679504195	partial	0.0
GCCAACTAGCGGATGA-E15S	70751.0	-0.08121257950896449	0.5028889241758334	1.0245767760579934	0.04747164660278433	0.5131845865338052	partial	partial	1.0202216329137583	0.4459278667445692	0.5531443941353884	0.0009277391200424388	-0.014457101029070807	0.14142466145829158	0.024734904124541733	0.013581826569441666	0.9616832693060166	partial	0.0
ATAGTCACACCTTGGT-E15S	71300.0	0.08719821123282007	-0.03702143981796435	-0.41923953695173094	0.02296339528999145	0.9419208405517322	reverted	reverted	-0.443996728012151	0.15443575000943444	0.21530563665288405	0.6302586133376815	-0.08454476057305896	0.18150547952629426	0.023404829204050726	0.01717669928924214	0.9594184715067071	reverted	0.0
GGTACGGGTATGTGCT-E15S	74934.0	0.03720264641347326	0.34975259899134714	-0.014510708213454218	0.033935232208195824	0.8828707865274001	reverted	reverted	-0.03891610781382967	0.22596064515497657	0.3524492511588298	0.4215901036861935	0.17668279719757943	0.12330108983626893	0.0406224406790158	0.009616717577302501	0.9497608417436817	reverted	0.0
ATCACATAGTCGCGTG-E15S	73843.0	-0.2706911946845636	-0.3248217163298084	1.8577358769627803	0.07969178362646981	0.17879303521224624	persistent	persistent	1.8462137957643658	0.6238900399914592	0.3761099217208234	3.828771729797954e-08	0.09135546798871695	0.11241306993436734	0.030757816873998024	0.010570360577209583	0.9586718225487922	persistent	1.0
CACGACTAGCAGGGTA-E15S	70399.0	-0.05859966754478685	0.05685764674626559	0.58979782391893	0.042653736854373396	0.7059621710221627	reverted	reverted	0.5550862175516041	0.38797894024195095	0.5799049491076609	0.032116110650388274	0.11019947000812438	0.12792658657563466	0.03306599871937573	0.010511027791390473	0.9564229734892338	partial	0.0
CTCGTGAGTCATCATA-E15S	73677.0	0.25197011470253555	-0.0793134646779341	-0.08991757217016551	0.029075245213300155	0.896845690181538	reverted	reverted	-0.11689863743926641	0.2050267408021331	0.31587052443919245	0.47910273475867443	0.04063865184647987	0.15410190033379265	0.028519140614440483	0.012353555399115613	0.9591273039864437	reverted	0.0
TCCCTAACATCCTATG-E15S	70419.0	0.2114797246001509	-0.05541610058670099	-0.49198026200073386	0.026076415012323922	0.9490116350249636	reverted	reverted	-0.47460960656204715	0.1525673548952825	0.20597061562094005	0.6414620294837774	0.5874978797335597	0.09590518529526408	0.2737977660715485	0.010088371261028605	0.7161138626674229	reverted	0.0
TGCCATGGTGAGGTAC-E15S	76751.0	-0.1430556087855993	-0.3688465937084888	-0.6511095586240133	0.028255051537784185	0.9617672330609293	reverted	reverted	-0.6451019680928479	0.16047843677463622	0.1993825453451643	0.6401390178801996	0.09079732591445552	0.1513400050990479	0.03225334358544892	0.01125416237073199	0.9564924940438191	reverted	0.0
ACTGAAGGTTGCAGTT-E15S	74215.0	-0.20450937687221818	-0.29489438829576176	0.8511957050736255	0.05596942831690069	0.5941112053630189	partial	partial	0.830798514737304	0.4223559325495172	0.573232175133617	0.004411892316865811	-0.16507314371084247	0.14667969925049337	0.019748629204821323	0.020782019055625885	0.9594693517395528	partial	0.0
ACTATGGTCTATCTCA-E15S	72458.0	-0.12127278745502773	-0.26676546704660975	1.529887409777824	0.06377268000230356	0.28825395892891986	persistent	persistent	1.5165014386242008	0.5411639187520907	0.45883266455928334	3.4166886259771588e-06	-0.14007536546826072	0.1394950412613237	0.020086299286652134	0.019046760117617308	0.9608669405957306	persistent	0.6962025316455697
AACGTTGTCCAGCGAT-E15S	69856.0	0.1977355133336191	0.038226961558696204	-0.31852454789792073	0.02495829559312603	0.9305678875026085	reverted	reverted	-0.3252868019454831	0.1625339631158023	0.23548847768385658	0.6019775592003411	0.0025660706823758144	0.15842068894529576	0.026364818058584986	0.013447889563487588	0.9601872923779274	reverted	0.0
ACGAAATGTCATGCTG-E15S	73238.0	0.08187089264450781	0.3569833817921553	-0.43013481898924105	0.027599214392808054	0.9430389972444251	reverted	reverted	-0.4456403468391201	0.1539435398738145	0.2136379417013026	0.632418518424883	0.288143430905825	0.12600988647528438	0.06175842202551255	0.008970490568686679	0.9292710874058008	reverted	0.0
ATGAGTAAGGTACGTC-E15S	72774.0	-0.09086260828114029	0.4384486593873831	-0.034188920077264984	0.0307581266284525	0.8866685963925606	reverted	reverted	-0.060068616928798786	0.22021874013157666	0.3425170383582389	0.43726422151018435	-0.8166204407850981	0.3745512166723172	0.020684220952982193	0.14104837233669512	0.8382674067103227	reverted	0.0
AACCCAGCAACGTTAA-E15S	67191.0	0.1373696239339403	-0.022518141055924867	1.168898577114608	0.05859446141386918	0.44510405240074596	partial	partial	1.186166956255817	0.46874927322516474	0.5310308393586779	0.00021988741615744283	0.11902271360158448	0.11779002620081763	0.03356902938605602	0.010223307680534427	0.9562076629334096	partial	0.0
GCGTTTCCATTACGGG-E15S	75871.0	0.14361064257575845	0.3155025596212272	-0.9064622844024925	0.020577682744461707	0.9760723277595537	reverted	reverted	-0.9134506776743911	0.21444158661186807	0.224824528563507	0.5607338848246249	0.13591175754963286	0.14792310677741569	0.03651346804510545	0.010473584218358943	0.9530129477365357	reverted	0.0
CGCAGCTGTAAGTAAC-E15S	72525.0	0.009830481927040391	0.08682576350039517	0.057440699702447015	0.028527764449857013	0.8680339561793379	reverted	reverted	0.039331726173376304	0.24828906237279896	0.3904387830620903	0.36127215456511075	-0.0006882401626461343	0.15202966693503597	0.025903599419782267	0.013397913696431243	0.9606984868837867	partial	0.0
TGCCATAAGAAGGTAC-E15S	69998.0	-0.05712069108133444	0.6553801483654351	0.2956941525437916	0.039545643117772845	0.8073117314010088	reverted	reverted	0.2703348547312332	0.32475178878228245	0.5114148233472992	0.16383338787041846	0.13468560805876134	0.1284547450469833	0.035614811117765204	0.010169814354141181	0.9542153745280938	partial	0.0
TCCATCCGTAATGTCC-E15S	68440.0	-0.2879633270182794	-0.3952654362802863	3.622089262284978	0.11959941978663541	0.007654820522171557	persistent	persistent	3.638095869676575	0.973772551778384	0.026227448221616087	6.744660674169718e-24	-0.19114149298929045	0.12423636494273964	0.018633854676699493	0.022296156816079656	0.9590699885072209	persistent	1.0
ATGCCCAGTCAAGTGA-E15S	72531.0	0.028737205969806612	-0.2575082453763429	0.38114191310120143	0.03551668713943229	0.780891740982827	reverted	reverted	0.4068928263300763	0.34764197839927546	0.542545999202505	0.10981202239821962	0.26190586550015044	0.11221624673609402	0.055472750165281554	0.008934904238672686	0.935592345596046	partial	0.0
GCCCATAGTAAGCGTA-E15S	74705.0	-0.01398764412657405	0.04036893869484659	0.701770113641771	0.04606495013251559	0.660129790226838	partial	partial	0.6998109002856066	0.4034780763084184	0.5820058128379554	0.014516110853626219	-0.4137048115142326	0.21171647984655134	0.019069355144688285	0.05211277723270685	0.9288178676226049	partial	0.0
CATCTCACATGGAACT-E15S	68434.0	0.33406272265308184	-0.022060040241383527	-0.43680083546742554	0.025327325703590118	0.9437131091793907	reverted	reverted	-0.4412571954462091	0.15367921687162142	0.21266528293050865	0.6336555001978699	-0.3335888755295381	0.232149239427869	0.020032237704267944	0.03830266754682006	0.9416650947489121	reverted	0.0
CCACTAGGTTAGCAGA-E15S	73022.0	0.1625598812912184	0.15856359895165695	-0.44928354770962947	0.02287028850287225	0.9449553091935374	reverted	reverted	-0.4647420496643566	0.15325947222488923	0.21094026476092403	0.6358002630141868	-0.17273440534044565	0.18962180016753608	0.021105767764676472	0.022238107751197722	0.9566561244841258	reverted	0.0
CTTCGAGGTTGCGACC-E15S	74904.0	0.09755501291948449	0.09823103853965054	-0.4446442055324221	0.023089444103021977	0.9444966750749417	reverted	reverted	-0.4800490702630724	0.15340401922753452	0.21156678776309265	0.6350291930093729	-0.10566046410715997	0.1777077139807325	0.022499409233455496	0.018065951795312334	0.9594346389712323	reverted	0.0
CTCATGTTCGCGCACA-E15S	75511.0	0.13204438998760387	-0.14037230418947255	-0.3759498388123403	0.0278584500339844	0.9372716913870145	reverted	reverted	-0.381596630583929	0.15712983873036895	0.2229072935934018	0.6199628676762291	0.046797167424680916	0.15422035875185447	0.028947739412025515	0.0122124446157455	0.958839815972229	reverted	0.0
ACAAGGCGTAGCGCGA-E15S	74044.0	-0.058122075753971436	-0.0042013684679290675	-0.3452199833842642	0.02267671414221706	0.9337630391468461	reverted	reverted	-0.37478983494949414	0.15976083734931956	0.2292770143656986	0.6109621482849819	-0.22072771381725462	0.21308063549363856	0.020998711503647797	0.02632320124734076	0.9526780872490114	reverted	0.0
GTGACTATCACTATCC-E15S	71006.0	0.2356504868255212	-0.05962480708288587	1.5675688491705746	0.06410799369657742	0.27384207174772957	persistent	persistent	1.5609715338013541	0.5499481569365693	0.45004973215253785	2.110910892881028e-06	0.18916841756527156	0.10652840081772315	0.0419395356059665	0.009301290334367999	0.9487591740596655	persistent	0.8214285714285714
ACCATCAAGCTACAGC-E15S	73683.0	0.10782875814813603	0.10368227273300024	0.4750546748963805	0.033836687713298064	0.7489611582495951	reverted	reverted	0.43953854516626595	0.36829250559886945	0.5658082704756028	0.06589922392552781	-0.008141753085105735	0.1444408410868837	0.025183375016997404	0.013452859395582245	0.9613637655874203	partial	0.0
GGGTACGGTAACGACA-E15S	67859.0	0.06686333183458587	0.25982371252152014	-0.6265190753429574	0.02102531194630716	0.9600181279792364	reverted	reverted	-0.6339923455627517	0.15812478814822212	0.19922337175651111	0.6426518400952668	0.5819912008117294	0.09639542994942803	0.2658633493549162	0.010049269021556161	0.7240873816235277	reverted	0.0
TGCCAGGTCCATCGGG-E15S	73537.0	0.1132346906994331	-0.020664468290648053	-0.6529777414550956	0.027406411918239948	0.9618970709441959	reverted	reverted	-0.6601359944001772	0.16067514886235526	0.1994116927106024	0.6399131584270422	-0.14912968225891052	0.18620766219370405	0.021560434901407938	0.020652353088895275	0.9577872120096967	reverted	0.0
TATGGCGCACATAGTA-E15S	65332.0	0.08634852598970527	0.363748700144337	1.004392211051352	0.058899923226619355	0.5227250888873668	partial	partial	1.0156522041601852	0.44299350017545536	0.5558833716615749	0.0011231281629697836	-0.023678340152151246	0.14240080460718407	0.024317913182506538	0.013896990923755048	0.9617850958937385	partial	0.0
CGTTATGAGTGCGGTT-E15S	75483.0	0.21476503134464947	-0.11244648317480849	0.04978242337439752	0.03101082646849153	0.8696859053945979	reverted	reverted	0.05929128824285022	0.24583068171909753	0.3863040771581537	0.3678652411227488	0.11893762212075724	0.1286752972830643	0.033959933122885935	0.01039214067790138	0.9556479261992127	partial	0.0
CCCAATCCAAGCGCAC-E15S	71757.0	0.005059985280667756	0.1634858518474135	-0.1210255082737178	0.02803193489589977	0.9021680720339922	reverted	reverted	-0.1423555757752965	0.19730700449711866	0.30208667856736177	0.5006063169355195	0.0893700667240356	0.1373413889516115	0.03153210319176674	0.011016872571589965	0.9574510242366433	reverted	0.0
TGTATCAGTGCGGAAT-E15S	73575.0	-0.32950688459816585	-0.3820382240753444	2.2678866174255394	0.07622497477120244	0.09103819268993593	persistent	persistent	2.2622660639711927	0.7382976352990479	0.26170236464858904	5.236302303151971e-11	-0.060698893986480776	0.11644309866676962	0.02178623016517184	0.014700845414518243	0.9635129244203101	persistent	1.0
AGACGGGCAAACTCAA-E15S	74927.0	-0.0665076148749903	-0.30053511626591295	1.5432358383264067	0.07596491069870222	0.28309721828122836	persistent	persistent	1.5512162580079176	0.5442511524446567	0.4557459637626925	2.8837926507608237e-06	-0.6998983270589862	0.244331627605041	0.020501447298331876	0.15815304967838603	0.8213455030232819	persistent	0.647887323943662
GCACGAAAGAAGCCTC-E15S	72683.0	-0.012712317713960697	0.16156091026547703	-0.8765577358718081	0.025630338529238718	0.9747138520799851	reverted	reverted	-0.9116687974840827	0.20495294128010072	0.21970184303059298	0.5753452156893062	-0.005291572787906152	0.17933729726034772	0.02690587524136781	0.01418576468328826	0.9589083600753441	reverted	0.0
ACTGTTAGTATGTACC-E15S	73819.0	0.024503135597003234	0.0697244047054758	-0.7231190108738513	0.027439391798424265	0.9664763081958252	reverted	reverted	-0.7415398528898621	0.16997361998082472	0.20222534235591416	0.6278010376632611	-0.06745598981445762	0.17379514535515603	0.023721430971245974	0.01624828310968462	0.9600302859190695	reverted	0.0
AGGGTCAAGCCGACCA-E15S	72715.0	-3.1593629271409185e-05	-0.34078096163816063	1.2324621177629382	0.06308067946647644	0.41561322264632616	partial	partial	1.2762995652091358	0.4798958963590397	0.5199921154806763	0.00011198816028403358	-0.24784996149300048	0.1697936215364872	0.019095020850430595	0.028062939529290853	0.9528420396202786	partial	0.0
ACAGCAAGTGATTCCG-E15S	73009.0	0.17785531844751873	-0.06391749630218813	0.06957399208425377	0.026193825613828107	0.8653803843274216	reverted	reverted	0.05237701346403347	0.25221412330483045	0.3970155524831732	0.3507703242119963	-0.12703619607124816	0.17235986543093634	0.021617410317939498	0.019041417332164162	0.9593411723498965	partial	0.0
TGCGATTGTGAGCAGT-E15S	76994.0	-0.11388893240125597	-0.2708037891791251	-0.47191212063995414	0.02767461390741911	0.9471415790157014	reverted	reverted	-0.4967119129148167	0.15274899810343914	0.2081290776503175	0.6391219242462434	-0.1529311113057503	0.1771158547020461	0.02110154913719207	0.020663782676836242	0.9582346681859718	reverted	0.0
CATCCCGCAGCCAGGT-E15S	72606.0	0.0026336374201868518	-0.06296842722933027	0.6654114948123301	0.046703851809513384	0.6753985965595247	partial	partial	0.6649127036618656	0.3986958412273717	0.5823374717570968	0.018966687015531513	0.030891992482539526	0.13226807671820356	0.026954720586153346	0.012143107448791402	0.9609021719650551	partial	0.0
CATAGCCAGAATCGAA-E15S	74475.0	-0.06405222881617045	0.2540229392528397	-0.04674976393935544	0.029897879363642455	0.8890362633312293	reverted	reverted	-0.06672720120342063	0.21665147019789627	0.3363101911974003	0.4470383386047034	-0.023850415323650398	0.15499633943770152	0.024831221078440376	0.014184083661002597	0.9609846952605571	reverted	0.0
GTGCGGTCATTGACGG-E15S	72259.0	-0.2956053546386467	-0.3979587787979396	1.7120375597509687	0.06650466401210683	0.22292227763062067	persistent	persistent	1.736487401199882	0.585495103372036	0.41450459003522927	3.065927346812425e-07	-0.6649133180170989	0.21942447797970968	0.02056988864206828	0.15085682808470316	0.8285732832732285	persistent	1.0
CGAGTGAAGCAATCGC-E15S	72884.0	0.19672950810609163	0.28170293151261705	-0.35570968640043016	0.02652949819005017	0.9349807569254472	reverted	reverted	-0.37905845813240513	0.1587954122994974	0.22700989369644728	0.6141946940040552	-0.3049748877025434	0.21666914328040887	0.019851349367934926	0.03473907488651542	0.9454095757455497	reverted	0.0
CTAATTGGTGCAAGGT-E15S	76846.0	0.19109609683162193	0.5369772904608137	2.0799187284305076	0.08249251602456041	0.12508073872841227	persistent	persistent	2.0970261521670293	0.6855433243606617	0.31445667440680103	1.23253730263477e-09	-0.5502871899030791	0.19879907283043838	0.019580847173932107	0.09604421555455891	0.884374937271509	persistent	1.0
CCGTACCTCAAGTGAA-E15S	70483.0	-0.036703299481313234	-0.3106157520790602	1.3821398630291135	0.05875779000704832	0.34883348511838336	partial	partial	1.387413741116024	0.5088801604543376	0.49109912192999305	2.071761566939782e-05	-0.3078823964071811	0.1735396092887498	0.01864454772169906	0.035135307082042294	0.9462201451962587	persistent	0.025974025974025976
GCCACCTTCACAGGAG-E15S	67319.0	0.053472960115899026	0.27430708106755786	-0.6584033471531793	0.021385789490908982	0.962271751622703	reverted	reverted	-0.6745448012147043	0.16126097547853024	0.19950993148626867	0.6392290930352011	-0.5521806696766752	0.34503770392279104	0.021518290530943084	0.06944196052115194	0.909039748947905	reverted	0.0
AGTTGCATCCCGCAAG-E15S	71262.0	-0.23803815161462485	-0.0841369497732764	1.4693880974494944	0.06479514684275994	0.3123093546924546	partial	partial	1.4520025667861078	0.5275186818097981	0.47247405239084234	7.265799359656699e-06	0.1008894271115743	0.11601700533889901	0.031744985623871895	0.010469408870289873	0.9577856055058381	persistent	0.25675675675675674
GTAGGAACAAATGGCT-E15S	72413.0	0.17748641411233296	-0.08894190196917728	1.271749010317627	0.05658590425771122	0.39766973970386815	partial	partial	1.2912434565699078	0.4871317567544626	0.5127953565522334	7.288669330393802e-05	-0.3205821708353088	0.17502946417255918	0.01860732799187626	0.036912818141541556	0.9444798538665822	partial	0.0
CTCTAATCACAATGAC-E15S	75419.0	0.13272368952656738	-0.2590356471895415	0.5697109201918491	0.04392527343720456	0.7137936349586225	reverted	reverted	0.5798945975593427	0.38488420690925734	0.5784309891512466	0.036684803939495976	-0.2872846878387669	0.1789362082579916	0.018933770561194385	0.03249307818368906	0.9485731512551164	partial	0.0
ATGAAACGTGGCAGCA-E15S	71299.0	0.006861538015635271	0.39039417266846366	-0.7715002181107851	0.026436092677772808	0.9693204026680303	reverted	reverted	-0.7936740718946964	0.17869582526943548	0.20608860719669728	0.6152155675338672	-0.14435709615517842	0.1912598498291106	0.02189859274303278	0.02049547362017683	0.9576059336367904	reverted	0.0
TGCATTTCAAGTAGAG-E15S	72741.0	0.14783414925223953	-0.1540442076525636	-0.8524640759359844	0.033079104829469415	0.9735649626038383	reverted	reverted	-0.8436552493364589	0.1979833158847416	0.21596533002225785	0.5860513540930005	-0.4163383622689807	0.2589711121874106	0.02012074204765045	0.05023406231501475	0.9296451956373346	reverted	0.0
GGCAATGAGGCGTATC-E15S	77170.0	-0.0638702551753283	-0.349825765564007	1.3345684415088557	0.0584575634771845	0.3695586271820651	partial	partial	1.3190247527397114	0.49925303997515597	0.5007110027451763	3.5957279667684764e-05	-1.8819100085743088	0.7815468852483882	0.02311311970364579	0.21334149092555577	0.7635453893707984	partial	0.0
ACAATCACAAGGGATA-E15S	72285.0	0.04693220179027169	0.157018113095042	-0.5419395642902479	0.019839278799992373	0.9533986734433042	reverted	reverted	-0.5622134699377233	0.1532341776396832	0.20192529000216947	0.6448405323581474	0.20932954245171356	0.13346982828850368	0.04582382315290969	0.0094654053290502	0.9447107715180401	reverted	0.0
CTACTCACAAATGCCG-E15S	69617.0	0.2845189705255408	-0.06491831155536143	-0.5419717587572281	0.026147335389119217	0.9534013813116726	reverted	reverted	-0.5530191122857069	0.15323512818564322	0.2019232819516486	0.6448415898627082	0.31514388509031815	0.11969702337101742	0.0692186928323652	0.008868165099440845	0.921913142068194	reverted	0.0
CAGGGGACAACCTGCT-E15S	71718.0	-0.11095006588533324	0.014040983596540602	2.4542617002948433	0.0884208259728539	0.06575147884012987	persistent	persistent	2.469368668255283	0.7886464586790792	0.21135354131910578	1.814976430085335e-12	0.07991492997893718	0.10745964082949515	0.029611631959733504	0.010693868605164079	0.9596944994351024	persistent	1.0
GGGTACGGTAGGCCAG-E15S	71585.0	-0.13724479563780856	-0.23245982681951916	-0.19029497092903125	0.03627794970575679	0.9131476052711038	reverted	reverted	-0.1593231471753612	0.18225550629072151	0.274533328467617	0.5432111652416615	-0.5205874762266024	0.2763400572395871	0.02003944577023156	0.07075096272099593	0.9092095915087725	reverted	0.0
TACTGTGAGCATCTCT-E15S	69260.0	-0.03544863710363738	-0.2633885352687204	-0.11386520365627681	0.02429962450099544	0.9009651085454345	reverted	reverted	-0.1193479647798312	0.19903286591241073	0.305185020497159	0.49578211359043023	-0.09831214155226588	0.16679285871318117	0.022290304366282526	0.017436882828085115	0.9602728128056325	reverted	0.0
ATTCTCATCGAGTGTC-E15S	77068.0	-0.0566637322364168	0.60529694688748	-1.1787781834556121	0.0326280824238993	0.9855717872657628	reverted	reverted	-1.1844803611842685	0.34650139807173613	0.2884612089159389	0.3650373930123249	-0.5738980315846374	0.3037492896003056	0.020389546511145877	0.08048470448334659	0.8991257490055075	reverted	0.0
ACGGACAAGGCTCTGG-E15S	71700.0	-0.020533596270854715	0.2990795303392938	-0.14229975130621508	0.025748994673142112	0.9056656853668522	reverted	reverted	-0.14714424257254352	0.19236403048231282	0.29315213132073276	0.5144838381969544	-0.07914065878280245	0.1664140483174162	0.02295241529166879	0.016555733078727753	0.9604918516296034	reverted	0.0
ATTCATCCAGGCAACC-E15S	73492.0	0.4046204676164606	0.26757725098416085	0.5119075118766935	0.04827196659944027	0.7356171230598204	reverted	reverted	0.5716733617180497	0.3751932056520327	0.5719134604628703	0.05289333388509696	-0.2756505335556564	0.1834515127220018	0.019170928489689657	0.03116105460964022	0.9496680169006703	partial	0.0
CCCAAATGTTTAGGTC-E15S	70856.0	0.03239919416752568	0.34934914332057776	-0.581352408345173	0.026120811327405256	0.9566038508534265	reverted	reverted	-0.611294895093691	0.1549103427468192	0.20003122552052935	0.6450584317326514	0.28978692361317004	0.12440392385859143	0.06217943412587303	0.008952168511826947	0.9288683973622999	reverted	0.0
CATGATTAGGTGGATG-E15S	72379.0	-0.23605640231387442	-0.2829346807268561	1.5107331381754623	0.06703066863663025	0.2957503293622056	persistent	persistent	1.5216471170066208	0.5367817323854963	0.46321391823213043	4.349382373239219e-06	0.13023107359177313	0.11200910325502046	0.03454900876987807	0.009988321840292498	0.9554626693898295	persistent	0.41333333333333333
TGTCGTTTCTCACCAT-E15S	76059.0	-0.2808970801748181	-0.41607963473646903	-1.6314269034094862	0.04543125845078018	0.9938244908933264	reverted	reverted	-1.624745193337846	0.6296190524445373	0.31903892111591275	0.051342026439549805	-0.5973847673509156	0.310694877276755	0.020439943426841623	0.08572730364737392	0.8938327529257843	persistent	0.0
ACAAGCCTCACCAAGC-E15S	68618.0	-0.3564602486426369	-0.4025617569720464	2.8721965334515898	0.09831251699502251	0.030916088417786945	persistent	persistent	2.8639174612267118	0.8840099531796956	0.11599004682030416	4.1660882544671625e-16	0.06914074855350527	0.10603835656059746	0.028697798159157992	0.010870536613239203	0.9604316652276029	persistent	1.0
ACAACCGCATGAGCCA-E15S	70010.0	0.2260276877083472	-0.04599063182984853	-0.14163518475850767	0.029940143907571187	0.9055581420986847	reverted	reverted	-0.13004290561627566	0.19251420717531154	0.2934250055522291	0.5140607872724593	-0.17439051014997436	0.18039834033617683	0.020713873938148494	0.02213727951104423	0.9571488465508075	reverted	0.0
GGTGTCCGTCAAGTGA-E15S	71151.0	0.30712706193453415	0.03266639441616914	0.32170305287785755	0.03134564774817853	0.7995360803715478	reverted	reverted	0.31280796798407545	0.3321208521602831	0.5218636117803086	0.14601553605940826	-0.09816861174832951	0.16408715050763945	0.022185539150568114	0.017363997655709774	0.9604504631937221	partial	0.0
CCATGCCTCAATGTGT-E15S	72577.0	0.08289569093559385	-0.1400728069373366	0.7491303339114368	0.042625801946913976	0.6397346326055173	partial	partial	0.7430538041463559	0.4095107507515244	0.5803788222577052	0.01011042699077044	-0.14080217220613986	0.15673198213796852	0.020652679032975216	0.019458929774464572	0.9598883911925601	partial	0.0
TCACCCTGTCCATAGT-E15S	69670.0	-0.12753722226730368	-0.3295992837949263	-0.2696389712172625	0.03041186492340825	0.9243447118937957	reverted	reverted	-0.25973043376068017	0.16879742895979877	0.24854832825039586	0.5826542427898054	-0.4916541208773954	0.2733950395877148	0.020074387955957087	0.06418624678954236	0.9157393652545006	reverted	0.0
TAAGCGGAGTAGTGAA-E15S	75332.0	0.15128047682204399	-0.1997211317702467	1.86668637314534	0.07706672795533558	0.1763186452568195	persistent	persistent	1.8649904122659662	0.6263156745493242	0.3736842919057112	3.3544964545859876e-08	-0.10795772975086426	0.12955111319804102	0.02062527599337962	0.01707559469730591	0.9622991293093144	persistent	1.0
AACCGATCATGGTTAA-E15S	68856.0	-0.09166617931036863	0.1429122116492091	0.6078279364213802	0.041300619940396785	0.6988272349518626	partial	partial	0.6090883725995939	0.3906565183878643	0.580912850949538	0.028430630662597663	0.04747762514661518	0.13463401445981724	0.028157635447469336	0.011801983677537644	0.9600403808749931	partial	0.0
ACTGCCTCATTAGTGA-E15S	70997.0	0.032093447808766495	-0.2945416203649912	1.0862682147875204	0.051639155472273206	0.4839952953072594	partial	partial	1.0920833347570433	0.45527475640259396	0.5442159368393173	0.0005093067580887171	-0.04473710687868628	0.13586648457960288	0.02310641482823918	0.01448346719371411	0.9624101179780468	partial	0.0
ATGGGCAAGGTGACTC-E15S	73468.0	0.13345459266757903	0.2419421887072183	0.5677752353520048	0.04353970958415489	0.7145416864494124	reverted	reverted	0.5689325986255104	0.3845792499542688	0.5782685609632838	0.03715218908244727	0.007952204998342058	0.14000297435293374	0.025881458592003994	0.01289346726526204	0.9612250741427338	partial	0.0
GTGTCCCTCAATCTGG-E15S	74981.0	-0.06504336481994882	0.08158264818392214	1.4005795398648995	0.058758460919084106	0.34094634845207566	partial	partial	1.3751027174069868	0.5127144414016791	0.4872688906451415	1.6667953179507842e-05	-0.2292536525436809	0.15276187196623328	0.018848828041727283	0.026029447899207893	0.9551217240590648	persistent	0.0
ACTCACTTCACTCTCG-E15S	71803.0	0.025532601837851276	-0.2319210307919023	0.847227894981497	0.04100311248211219	0.5959213039224728	partial	partial	0.8632539410708361	0.4218505778896467	0.5735873018027413	0.004562120307612017	-0.0591810918191754	0.14416139805669212	0.022824377283229783	0.015208817808988603	0.9619668049077817	partial	0.0
CGAATCATCTCATCCG-E15S	63582.0	0.20645785273457035	0.005085050638150124	-0.3342460182432339	0.031176145534148107	0.9324664517205746	reverted	reverted	-0.3180262850311899	0.16084576276944032	0.2317531308336246	0.6074011063969351	0.4336744825196974	0.11206112534514291	0.12059005775689385	0.009052722916416006	0.8703572193266901	reverted	0.0
AGTCTTGAGGCACAGA-E15S	76714.0	-0.0657150475243154	0.3699552963845948	0.062403341575145155	0.02838921137352677	0.866954019258768	reverted	reverted	0.04065142281476616	0.249890216474369	0.3931253377459123	0.3569844457797188	-0.4341154656179231	0.22570901803553634	0.019292244930789744	0.055534250998870334	0.92517350407034	partial	0.0
GTTCACAAGGCGATGA-E15S	72317.0	-0.03662455102113504	0.3752585304874553	1.0461603127601435	0.0569150518589683	0.5029723796788929	partial	partial	1.0337836028724696	0.4491317182107197	0.5501141230257386	0.0007541587635418091	-0.2067924845158401	0.1607088555459334	0.019410029986506174	0.024174992391536643	0.956414977621957	partial	0.0
CTGTATAGTGAGCGTG-E15S	75232.0	0.26291846966826476	-0.09056486498274996	0.8051216908122313	0.04259283590071259	0.6149605711184462	partial	partial	0.8385064802411746	0.4165346284718941	0.57699685991224	0.006468511615865813	-0.334911882513174	0.18944477383380373	0.018860837618486375	0.038879168218821654	0.9422599941626918	partial	0.0
CAATGGTCATGCGTTC-E15S	72807.0	-0.11609203125211909	-0.22853987359398537	0.6954997033333681	0.04856573445599345	0.6627880292788044	partial	partial	0.6747507239328363	0.4026651407060931	0.5821238265188264	0.015211032775080537	-0.32345309575400993	0.18638567993970287	0.018853662837138734	0.03723437619799113	0.9439119609648702	partial	0.0
AAATGTGAGTGACGAG-E15S	72000.0	0.12740223816474766	0.11203899193216205	1.193310049428757	0.05335335982450017	0.43372057201042197	partial	partial	1.1603449871614813	0.4729485602619405	0.5268812466172937	0.000170193120765784	-0.41504649653333364	0.18767059845905337	0.01869806301703879	0.05387838504101389	0.9274235519419473	partial	0.0
ATATCAGCAAGGGTCC-E15S	65962.0	0.09582749567929788	0.34749394590312765	0.03635918063759761	0.03093445602217089	0.8725389768424187	reverted	reverted	0.022021800923310443	0.24156199107515494	0.37909653823257755	0.37934147069226754	0.3262762812119734	0.11477218145733419	0.07276817195100153	0.008828717595430958	0.9184031104535675	reverted	0.0
ACGGATTCACTCAGGA-E15S	73491.0	-0.10939054927119751	-0.06877751054481551	-0.2531359435327179	0.025376190296119896	0.9221306853760864	reverted	reverted	-0.2585364967776024	0.17126037175395034	0.2534603168192221	0.5752793114268275	0.02335041992145124	0.14792151796483394	0.027127926659883114	0.01264855761007517	0.9602235157300417	reverted	0.0
CTGTTAGAGGATCTGC-E15S	72071.0	-0.0063175787098276315	-0.24023005737801395	1.573039042946119	0.06221547296844005	0.2717876026026058	persistent	persistent	1.6007894471936952	0.55124101843275	0.4487570146451223	1.9669221278138437e-06	-0.12271138583907658	0.1457554056624599	0.02074823089079508	0.01818999151743797	0.9610617775917669	persistent	0.7560975609756098
ACCGCTAGTTTACCGG-E15S	71056.0	-0.11907441539973063	-0.257140477797996	-0.5751209153381631	0.026157766114455406	0.9561114695410696	reverted	reverted	-0.5848783999356509	0.15457643985106886	0.20025611880480038	0.6451674413441307	0.04466560770455231	0.15218340950648562	0.02870868678490267	0.012218385140265726	0.9590729280748315	reverted	0.0
AAGGTTAAGGCGTATC-E15S	70182.0	-0.05041970578411603	0.09618748359827978	0.8233924503351739	0.04158699594958472	0.6067384954176821	partial	partial	0.7901884567277326	0.4188325376937814	0.5756006204238994	0.005566841882319151	-0.08007369129503622	0.15124096221152344	0.022305252093236815	0.016234142996396316	0.9614606049103668	partial	0.0
AGCGATAGTGCAGGCA-E15S	72544.0	0.09991459554693588	0.16829500459631364	2.5347527442235367	0.08050472173505975	0.05698779490686391	persistent	persistent	2.52122711010104	0.8092224042774561	0.19077759572214825	3.956355754764026e-13	-0.35084714155969937	0.16104530528693717	0.018254362374652056	0.04200103242761888	0.939744605197729	persistent	1.0
CAGTCCTCATCCGTGT-E15S	69430.0	0.009034635751468012	0.12983321634325007	1.3071175565042457	0.05300191718854922	0.3817464335093786	partial	partial	1.313923681423901	0.49387301555515906	0.5060778727973286	4.9111647512423106e-05	0.1720849234935147	0.1127128538081558	0.03966737040172722	0.009525385883517435	0.9508072437147553	partial	0.0
GGTTAGCTCGCTCGCT-E15S	72621.0	0.11874737657961071	0.2576718928200473	-0.8173009309399355	0.0248781647095627	0.971796629740748	reverted	reverted	-0.8097433985179442	0.18884795682453634	0.21116028513126683	0.5999917580441969	-0.3772397439919901	0.24047314267270062	0.019893164335712657	0.04442688642562841	0.9356799492386589	reverted	0.0
CAAGTCGCAAACCAGT-E15S	69135.0	0.1152266254463718	-0.008065496833589036	-0.14894100885471698	0.025941833774614953	0.906734391460324	reverted	reverted	-0.13971650806845148	0.19087840469997683	0.2904475165552142	0.5186740787448089	0.3141324323763332	0.11528768735836177	0.06900202278704912	0.008839654536261113	0.9221583226766896	reverted	0.0
GGCATGTTCCATCAAG-E15S	65512.0	0.18544803403824556	0.06695122904687534	-0.06884385659247311	0.024664318089223605	0.8930959244041314	reverted	reverted	-0.07495530391391568	0.21057456111024425	0.3256682021622122	0.4637572367275436	-0.31469771845312966	0.21679154472502063	0.0197517932476783	0.03593095104108135	0.9443172557112405	reverted	0.0
TCGCAGACAAGCGGAG-E15S	70075.0	-0.1236811984189316	-0.3377140042443647	-0.40788532421463686	0.028953949927743996	0.9407336907315148	reverted	reverted	-0.4181144143091765	0.15502816217575457	0.2171474917553417	0.6278243460689038	-0.01386596283448984	0.16185849553660084	0.025633599898784328	0.014023299372316658	0.9603431007288992	reverted	0.0
AACGCTCAGCGAGGTA-E15S	72733.0	0.033457324360028406	-0.22215450928474456	1.0851557866306218	0.05624078271838585	0.48452127229154374	partial	partial	1.093710783363372	0.4551009638146389	0.5443840851795134	0.0005149510058476471	-0.11705655472157554	0.14208458918555966	0.02078035566302832	0.017807547931977277	0.9614120964049946	partial	0.0
ATACCCTTCAGTATCG-E15S	72749.0	0.15351291380282467	-0.10943422752368026	-0.5320457859365191	0.028255091240229173	0.9525593842840734	reverted	reverted	-0.5353754337517396	0.15297409625910713	0.2025785300270125	0.6444473737138803	-0.017198575520612117	0.16531536444841813	0.025617925895306842	0.014211502947474124	0.9601705711572189	reverted	0.0
TCATAACAGGTTCATG-E15S	70849.0	0.07164707531898767	0.13507051783841484	0.9759437648135333	0.046310388912466485	0.5361419198404863	partial	partial	0.9650041943925411	0.43895453096810433	0.5595814023923374	0.0014640666395582431	0.009551503174043477	0.13138639450078318	0.02562984090163565	0.012675821708168904	0.9616943373901954	partial	0.0
CGGTGAGGTTGTGGAA-E15S	68184.0	-0.2898239105542976	-0.404409707702138	-1.222502108788181	0.05260928028341557	0.9867027620102927	reverted	reverted	-1.1900617425208706	0.3745953057575977	0.2990850089994125	0.3263196852429898	0.05619121746322932	0.1710123664060135	0.030405329271014695	0.012369613391257686	0.9572250573377278	persistent	0.0
CGTCCATCAACGGTAT-E15S	62840.0	0.3197593442981857	-0.0802509895148823	0.8331249108330858	0.04387113492615087	0.6023336186287407	partial	partial	0.8438947407894809	0.42006152940694585	0.5748039193838638	0.005134551209190429	0.13833199984248412	0.12804980303058042	0.036005071300463334	0.01011603184081306	0.9538788968587235	partial	0.0
TGCTACAAGTCATTCC-E15S	67944.0	0.09620053053007177	0.17535158347891522	0.615808404296457	0.04327171024003969	0.6956379183906267	partial	reverted	0.5906751851353191	0.3918142379214398	0.5812684866691652	0.026917275409395026	0.1425646224235645	0.12262683035798796	0.03629156916214011	0.009982024222912366	0.9537264066149477	partial	0.0
AGGTAATGTTAGACCT-E15S	68874.0	-0.010818800058990163	0.4270549338511136	-0.16266839929845542	0.02697823547702189	0.9089090166061424	reverted	reverted	-0.19184310438860705	0.18789547725912628	0.28498670010901495	0.5271178226318587	0.1409341766562332	0.13338826359968778	0.03649726097447921	0.010165209564560502	0.9533375294609603	reverted	0.0
GTGTTACGTCAGGCTC-E15S	70238.0	-0.14827678668740651	0.3034598498217739	2.747675892631606	0.10434075050707517	0.038815825854255644	persistent	persistent	2.784644536759817	0.8588270156723942	0.1411729843276002	5.712928020883848e-15	0.07624862750476989	0.10649771098747741	0.02927890324047488	0.010745549969060485	0.9599755467904647	persistent	1.0
ATGGTGAGTTGTAAGG-E15S	71647.0	0.05336345183160124	0.3216705002940553	1.026666879355501	0.050570124745986975	0.5121960032693503	partial	partial	1.0292262762404014	0.4462350932705134	0.552855478240654	0.00090942848883276	-0.03778000683668118	0.14071057379106677	0.0235957542849556	0.014338281536105666	0.9620659641789389	partial	0.0
GGGTTGGGTGGCGTTC-E15S	72228.0	-0.11273985659485242	-0.10377810790633024	1.640606316750491	0.07162288439489443	0.24722137706083405	persistent	persistent	1.6476381443384212	0.5675653231463732	0.4324338676956685	8.091579582800752e-07	0.09153616173007487	0.11140720133874754	0.030738830736357404	0.010552290963803886	0.9587088782998388	persistent	0.967032967032967
TCGGGCATCCTGAGAC-E15S	69396.0	0.15609731589257841	0.27197455374087487	-0.5247250302048094	0.02278782613630505	0.9519291394014163	reverted	reverted	-0.552581191229154	0.152822607572968	0.20310847447855718	0.6440689179484748	-0.2935882836503605	0.22828559090321612	0.020373912065960974	0.033484592436824605	0.9461414954972144	reverted	0.0
CTACTTGCAAGCACCA-E15S	68370.0	-0.052534021576832124	0.29985872242876077	2.4902980605598306	0.09671453638798183	0.061682817563037715	persistent	persistent	2.5084850835471078	0.7979644379473475	0.20203556205172987	9.225580418812245e-13	-0.1629195481328931	0.14016542606537752	0.019590799776980347	0.020508553623051748	0.9599006465999679	persistent	1.0
TAACGAAAGTGACCGT-E15S	69350.0	-0.19067036217133004	-0.25368798041353025	0.6718350046606971	0.04459121698787235	0.6727268799449699	partial	partial	0.6721215219651612	0.3995539280269675	0.5823427548276653	0.018103317145367233	0.1427102744046869	0.1223373471337322	0.036298208154420614	0.009976038832582291	0.953725753012997	partial	0.0
TGGAACCTCCGTCCGT-E15S	68986.0	0.10157032364268909	0.31833301180648266	0.982216876027496	0.048308375932951245	0.5331872108874517	partial	partial	0.9756056433852451	0.43983574287851324	0.5587827277425099	0.0013815293789769625	-0.10781739068437879	0.14898403473881777	0.02129750118197102	0.017482953328948173	0.9612195454890808	partial	0.0
GGATTCATCTCATCAC-E15S	70081.0	-0.0085464592918843	0.2603229620340487	0.4725252517262522	0.0497363594215202	0.7498604258053353	reverted	reverted	0.4856316297029148	0.36779572948100747	0.5653294485799086	0.06687482193908403	-0.19247473868814496	0.17330830154519028	0.020079623193232705	0.02328469402345584	0.9566356827833115	partial	0.0
GCCAATATCCGTGCGA-E15S	63815.0	-0.08064540456687092	-0.16216665491907167	-0.2270459771629349	0.022852086334678536	0.9185092691425131	reverted	reverted	-0.24706548131995973	0.17551448189403082	0.261752248530337	0.5627332695756322	0.20957639162727934	0.12615934541682125	0.045665871406973674	0.009371299154623425	0.944962829438403	reverted	0.0
GCACCTAGTCTTGCAG-E15S	71606.0	0.07942928416491118	-0.030543383343008657	1.7860760771411146	0.07585239274289345	0.19958608145924137	persistent	persistent	1.7890282349150897	0.6047305927019629	0.3952692989522006	1.0834583654633802e-07	-0.2940636264311351	0.16305645221319115	0.01848888628204098	0.03331240848824608	0.9481987052297131	persistent	1.0
TGGATGCTCCGGTAAC-E15S	67379.0	0.11254051630389877	0.17867382798513964	-1.4386438035216127	0.03093104301312084	0.9911285112646283	reverted	reverted	-1.432724009351142	0.5204345115216394	0.33148602822377365	0.1480794602545868	-0.32654172816047333	0.27931496355408486	0.021797933560053176	0.037374456547132895	0.9408276098928141	persistent	0.0
GCAAGGATCTGGTGTA-E15S	70927.0	0.016406089616462227	0.055913308326105526	-0.14951331581250335	0.023589963869462185	0.9068259765436314	reverted	reverted	-0.19098904051553411	0.1907516735778102	0.2902163524132944	0.5190319740088953	-0.10504051186531421	0.17255531760991732	0.02230397715852884	0.017905318824480737	0.9597907040169903	reverted	0.0
CTACTTGCAAGCATTA-E15S	70610.0	-0.019971948392301042	-0.006831233093116618	-0.2480797271728986	0.032407541479032395	0.9214405646837222	reverted	reverted	-0.26283528072033097	0.17205030732434348	0.2550167643633101	0.5729329283123464	-1.6902233576784236	0.8628559519421516	0.02809448548565566	0.13884743647387918	0.8330580780404652	reverted	0.0
CGGACAGGTTGTGGTT-E15S	67585.0	-0.33483753010580863	-0.43392280675530515	1.1265062646097956	0.06068908531746029	0.4650029602513449	partial	partial	1.1214928332572531	0.46169553462870905	0.537964352020994	0.0003401133502969765	-0.24867740007204556	0.1622674909799694	0.01887363951254958	0.0280579084747876	0.9530684520126629	partial	0.0
GCCATAGCAAGTGTGT-E15S	68073.0	0.07873725549926452	0.08268843346255494	-0.5135005835064056	0.024597930853692718	0.950947365988554	reverted	reverted	-0.5180770534495349	0.1526576011640715	0.20399855478927326	0.6433438440466553	0.3501451574912856	0.12192242772486579	0.08060382722623187	0.00887022821351697	0.910525944560251	reverted	0.0
TAGCTAGTCCGCGCAA-E15S	70045.0	-0.12830297016310133	0.21513858598549607	2.513793682955715	0.08451534463351658	0.05915799847211974	persistent	persistent	2.493003291854163	0.803948611090603	0.1960513889088063	5.906985628337734e-13	-0.47498370828397807	0.17889823630729537	0.018925307492425294	0.07125068432602977	0.9098240081815449	persistent	1.0
TGGTTAGTCCTGATTC-E15S	66775.0	-0.0549155578222309	-0.17855373864309354	0.7261865921166241	0.035386934188104596	0.6496835600079668	partial	partial	0.7046646272991991	0.40660793039973825	0.5813229037458975	0.012069165854364374	0.2856674736241811	0.10623994778654104	0.06117760679744519	0.008819786233905317	0.9300026069686494	partial	0.0
ATGGTTACAAGCCTAG-E15S	68194.0	-0.2966360945001395	-0.3700055637931385	-0.003909128749208468	0.03436695941690184	0.8807793055830275	reverted	reverted	-0.005690383551813734	0.22912692891177305	0.35789668396431235	0.41297638712391466	0.04570829450943436	0.145119826074332	0.028472054652546895	0.01204810382042023	0.9594798415270329	reverted	0.0
TGGGATTCAAAGGGAC-E15S	68821.0	-0.102967262911906	-0.020460174964449407	0.9784517365371049	0.05597476911072407	0.5349609284512757	partial	partial	0.9738929450489909	0.4393062121846389	0.5592632532568809	0.001430534558480377	-1.1934871713931832	0.45992876044036596	0.019730663817203026	0.2625541119323569	0.7177152242504402	partial	0.0
CCACCTATCGTTAGAT-E15S	73022.0	-0.09020195828761463	-0.2612873349284109	0.6303458496749744	0.040816922103776875	0.6897797143690144	partial	partial	0.6240724861108766	0.39388384271661914	0.5817800757424244	0.024336081540956494	-0.373001961845087	0.19423471433855852	0.018816578749770593	0.0450314607885858	0.9361519604616435	partial	0.0
GTTAACTAGCGAGACA-E15S	66862.0	0.5279728607096443	0.0013247958514303049	-0.1457868599832999	0.029179233169266416	0.906228189218218	reverted	reverted	-0.11890134709745732	0.19158053875563255	0.2917269586310274	0.5166925026133401	0.18480273029408192	0.13686827630838536	0.04220071538917259	0.009725840405896257	0.9480734442049312	reverted	0.0
TGTAGGTCAACTACCC-E15S	71846.0	-0.14238225971383012	-0.31492066635552335	1.9486974760034794	0.07502198475264289	0.1548901592859771	persistent	persistent	1.9559018999991618	0.6488196040395371	0.3511803862119568	9.748506172942715e-09	-0.07614270510186907	0.12429948224693653	0.02147644116148104	0.015486772741850795	0.9630367860966683	persistent	1.0
GGTTAGGAGCATGACC-E15S	65337.0	-0.00482368451249604	0.5076365314280857	3.014801961909104	0.11000864705942254	0.02377523754587999	persistent	persistent	3.0346828955428435	0.9090603251173826	0.09093967488261749	1.829756416727719e-17	0.12070798568348845	0.10671184461857312	0.033366502367080976	0.010043532474025094	0.9565899651588937	persistent	1.0
TACGAGGAGTCAAGCC-E15S	71667.0	0.11609984416631375	-0.14544394494691382	1.4526723852816055	0.0682835693208109	0.31914593983057576	partial	partial	1.4574888517847626	0.5238511453009308	0.476139940866976	8.913832093351112e-06	-0.39784195891983454	0.1899611495900758	0.01871283828793759	0.04999812706592538	0.9312890346461369	persistent	0.2631578947368421
CGATAACCAAATGCCG-E15S	68756.0	0.28964901220511713	-0.09983123492354706	1.0555667897894216	0.05100640907296581	0.49852044627338543	partial	partial	1.0861866465991088	0.45055001007993	0.5487615509708363	0.000688438949233614	0.05810756763527965	0.13203903293494126	0.028815504906442205	0.011523618602145066	0.9596608764914129	partial	0.0
GTATAGAAGGAGGTAT-E15S	70831.0	-0.10374915031303095	0.07169452310573476	1.371099797939077	0.07082420703713706	0.3535958843283232	partial	partial	1.4115266083891012	0.506611845255238	0.49336457967042197	2.357507434014891e-05	-0.32370104792677007	0.17074591147246823	0.018499970767472288	0.03741062882553444	0.9440894004069932	persistent	0.038461538461538464
CTGGAAAGTCAGGAAC-E15S	67887.0	0.18247842493669114	0.21793477126214544	-0.5893131376703988	0.024738764132268127	0.9572251992390103	reverted	reverted	-0.5708304434330808	0.15537507285602253	0.1997842398648407	0.6448406872791367	0.029283667793203745	0.16238021998944052	0.028148636357387007	0.012814729015410439	0.9590366346272025	reverted	0.0
CAATTGGTCATGCCTT-E15S	67908.0	-0.06200058140259146	-0.13570310908476785	0.07962930957477464	0.02969344400427926	0.8631472505558223	reverted	reverted	0.07539190116018167	0.25549149553002504	0.4024835018056908	0.3420250026642842	-0.17997574198058297	0.1792662744075627	0.02054866377375896	0.022499847029700343	0.9569514891965406	partial	0.0
CGAGGATGTCAATGGA-E15S	69501.0	-0.33248187072809265	-0.4265893290010674	2.499870397807097	0.09827611760782887	0.060642251808355675	persistent	persistent	2.529815945458618	0.8004114282800288	0.19958857171920155	7.696628153627426e-13	-0.26002143450953064	0.13869503835776786	0.018182231431085258	0.02906856270514025	0.9527492058637747	persistent	1.0
CTGCTCGCATTACCCA-E15S	67280.0	0.06427193118351687	-0.22567372834627603	-0.5914147033316347	0.033020821910538053	0.9573878067819448	reverted	reverted	-0.5647155786828746	0.15550493926583822	0.19972655762348573	0.644768503110676	0.0006426913406189583	0.17358031408108995	0.026957528650275953	0.01386427692854818	0.9591781944211759	reverted	0.0
GGGAATTAGGTACGTC-E15S	68878.0	-0.30107854508303245	-0.36878131404602665	3.2513140397868194	0.09427769238905659	0.015325371055217986	persistent	persistent	3.27450796991399	0.9417505162492714	0.05824948375072864	7.623303264636255e-20	-0.3721024758566313	0.14690671683527523	0.018090971067651968	0.04655415918789395	0.9353548697444541	persistent	1.0
GTGTGAGAGGTATATC-E15S	67588.0	0.0894089252585975	-0.25412130620217216	-0.5519282724412616	0.027257966117288413	0.9542316774824318	reverted	reverted	-0.5425077213364942	0.15356168557988867	0.2013386813055273	0.6450996331145841	0.30836067277750245	0.12527407312203254	0.06716051006283975	0.008918311179798124	0.923921178757362	reverted	0.0
ACCAAACCAACATAGC-E15S	63633.0	0.06721321500667171	-0.23488730557980764	-0.24866079091339854	0.02830905831372684	0.9215201574515103	reverted	reverted	-0.24977939721115577	0.17195868391000874	0.2548366640109702	0.573204652079021	-0.009219811731529517	0.1600109869148681	0.025794143903084422	0.013835611992548541	0.960370244104367	reverted	0.0
TGGCTAATCCATAGGC-E15S	64884.0	0.1553593144996243	-0.09147086683645111	-0.29965076707528754	0.02772444941325624	0.9282234466212766	reverted	reverted	-0.298893578536527	0.16476980520075404	0.24026918599617617	0.5949610088030698	0.17957981575769408	0.13567970706130236	0.04142829633839442	0.009759935279400682	0.9488117683822048	reverted	0.0
CCTATAGAGCCACATA-E15S	65468.0	0.4496741545620871	0.010804762458014872	-0.5142326634664307	0.027332841865845513	0.9510119747487747	reverted	reverted	-0.5069668420926133	0.15266588941394116	0.20393762615255173	0.643396484433507	-0.07710726942853079	0.18939996627215164	0.024047817465950222	0.01706159345142707	0.9588905890826227	reverted	0.0
TCTGTTGCACTTCAGC-E15S	67664.0	0.18033231460328109	0.09657607010665048	-0.4756939746002796	0.02328757864341463	0.9474988760130068	reverted	reverted	-0.4795262979912815	0.15269523835551924	0.20769846206244533	0.6396062995820354	0.16385323981078756	0.14063809496993407	0.03951973256888414	0.010001844609225378	0.9504784228218904	reverted	0.0
GTAGCGCCAGCTACTC-E15S	67565.0	0.11448249210439737	0.3132320291775086	-0.4483961179566351	0.02013412709633481	0.9448678569707541	reverted	reverted	-0.47046808319231426	0.15328607304843667	0.21105877757993186	0.6356551493716315	0.2922348133673243	0.12150891321264001	0.06282199969345928	0.008921926980952842	0.9282560733255878	reverted	0.0
AGTATGTTCACTTGCT-E15S	62955.0	-0.05903312855461046	0.186329720517325	-0.6601480062774161	0.02184730773852018	0.9623914801022477	reverted	reverted	-0.648102888416272	0.1614539666339385	0.19954581112044523	0.6390002222456164	0.31145664193176975	0.12553222012925264	0.06803805260454213	0.008915089911359631	0.9230468574840982	reverted	0.0
CGTTCACCAGTTAGCG-E15S	64201.0	0.09762210825215228	-0.30072594973010436	-0.30998434838685773	0.027314836731143714	0.9295159588642805	reverted	reverted	-0.27851353207492324	0.16351733560155385	0.237611373530084	0.5988712908683621	0.19514585747548308	0.13529391736621801	0.043661485343161985	0.009608057313745307	0.9467304573430927	reverted	0.0
GTCCTCATCACCCTTG-E15S	67463.0	-0.010155160057264467	0.044662410546690734	1.9376168812359897	0.06605509050848238	0.1576559861847006	persistent	persistent	1.9122840761838131	0.6457529180073178	0.35424707044342424	1.1549257942137322e-08	-0.4403267206670856	0.1877170244067835	0.018772835536432633	0.06006479409157678	0.9211623703719906	persistent	1.0
CAATCCCCAATACTCT-E15S	73034.0	0.24799256023387534	-0.10385838745274117	0.5441689520993892	0.0386906926966831	0.723569189262525	reverted	reverted	0.5441305356171837	0.38075678094012894	0.5759857860717481	0.04325743298812305	-0.5427334070827646	0.23131935147631089	0.01952532710921442	0.08509458631337581	0.8953800865774099	partial	0.0
TGTACCGGTGAAGTTG-E15S	66610.0	-0.007980417388773975	0.3656203484694367	1.3031468780573316	0.04801072390970204	0.3835221597195883	partial	partial	1.285928960443246	0.4931054957603511	0.5068431470190731	5.135722057576903e-05	-0.3757640022420583	0.20804151334645726	0.019094460852456027	0.04508503427973279	0.9358205048678111	partial	0.0
GTAAGGTAGCATTGAT-E15S	69141.0	-0.029363405001357312	0.4003792380689345	1.35061683865304	0.0518378854476085	0.36250854485464673	partial	partial	1.3167628225410302	0.5024578989339727	0.4975121997337949	2.990133223229412e-05	-0.1745619422358676	0.14774808977979959	0.019588657691594884	0.021460677972210733	0.9589506643361945	persistent	0.0
TGCAGTCAGCATCACA-E15S	66787.0	-0.24634942098745535	-0.3498241181007846	3.906534998544095	0.11674769448906369	0.004481818774823998	persistent	persistent	3.901759173787904	0.9868283731421771	0.013171626857822905	2.8559180481468117e-27	-0.004005043504212052	0.1074015590071395	0.02403616769122319	0.012618607267532734	0.9633452250412441	persistent	1.0
AGTACAGGTGCGAGTG-E15S	63486.0	0.09573341054461687	0.07610990941573781	-0.07119960594561756	0.02927265023738519	0.8935209797808111	reverted	reverted	-0.061961529499568554	0.20994208570854853	0.3245553588593544	0.46550255543209706	0.08183150070097375	0.14244499684409015	0.031104915308733244	0.0112481766643844	0.9576469080268822	reverted	0.0
TGTCTCACAGGACTAT-E15S	69361.0	0.03741155695054327	0.14425881215921554	0.5446108713025969	0.040556605866963816	0.7234018198509824	reverted	reverted	0.5396910444143947	0.3808301710475597	0.5760337714950845	0.0431360574573559	-0.3218380874732637	0.19405456897358409	0.019054034042452594	0.03695275027528466	0.9439932156822628	partial	0.0
TGGGATAGTGATTAGG-E15S	66608.0	0.06074443682674441	0.15390803210661574	0.15690980297635815	0.034552068251222215	0.844929855734081	reverted	reverted	0.15291481134837714	0.28104756527053737	0.44432831507059734	0.27462411965886535	0.26693248113679474	0.11604654652968911	0.05663788721125051	0.008950411888733259	0.9344117009000162	partial	0.0
GGAAACTAGAAGGGTT-E15S	67070.0	-0.3125602384643207	-0.386543222490998	5.113386049261789	0.1467145501856725	0.0004580898832042399	persistent	persistent	5.1648405272015525	0.9996351766058843	0.00036482339411566086	4.2617847898254965e-44	-0.3311960986751542	0.1306342761222501	0.0177987522437313	0.0391672201623344	0.9430340275939342	persistent	1.0
AAGTCAAAGGCTTCCC-E15S	70204.0	0.06826809121792715	0.0019475582783550216	0.31530779359456657	0.03994072055791707	0.8014695640283899	reverted	reverted	0.28817638770535997	0.33034000355008913	0.5193702812582235	0.1502897151916872	0.029585035184692975	0.14280006109342958	0.027301486666848195	0.012384228671830824	0.9603142846613208	partial	0.0
TGAGCAAGTATGGTAG-E15S	68171.0	0.1266835773372999	-0.13511981805458095	-0.2943844627947467	0.02675785342592262	0.9275563617619221	reverted	reverted	-0.3146661867203991	0.16543451963177594	0.24166146448024436	0.5929040158879797	-0.035315989532512165	0.1641283432202284	0.024681679940361016	0.014789243695813359	0.9605290763638255	reverted	0.0
AACGATCCATAACGCG-E15S	66887.0	0.13026324678318818	-0.024706775264548342	-0.6564497737130047	0.025661294904890313	0.9621372516332376	reverted	reverted	-0.6537392874770032	0.16104754270527563	0.1994722318075881	0.6394802254871363	0.12149461696355725	0.15111707582356987	0.03512973456248577	0.010740112006122038	0.9541301534313921	reverted	0.0
TCGACACAGGTAGGAT-E15S	66927.0	0.024698266896382493	0.497031678682466	-0.048944079270019404	0.026214746098429453	0.8894454138857995	reverted	reverted	-0.06978636281092675	0.21603646518875394	0.3352371924812016	0.44872634233004455	-0.29089816578386696	0.20652406124502418	0.019692162682470243	0.033046460732245084	0.9472613765852845	reverted	0.0
TATCGAACAAGCCGTA-E15S	66118.0	-0.2586363330147343	-0.3208523568345427	3.86868457819047	0.10626595371738826	0.004813154342058339	persistent	persistent	3.8917367502657836	0.9855112990024858	0.014488700997514198	8.274477009591258e-27	-0.6322690354090141	0.18808437332864283	0.02076714363909715	0.14707741143550446	0.8321554449253984	persistent	1.0
ATCGTCAAGTATGAGA-E15S	68091.0	0.15424249835378362	-0.06726421334101851	-0.2426280664328871	0.030506100477893337	0.9206902054144179	reverted	reverted	-0.22712744805715165	0.17292060778079146	0.2567221100058596	0.5703572822133489	-0.4182090284741432	0.23666839705850545	0.019560153943892652	0.0516438668149783	0.9287959792411291	reverted	0.0
CAACCCAGTGGACACG-E15S	67639.0	0.01469543658938971	-0.043740097161329206	1.9634212331656664	0.07664281610622499	0.15127643134617283	persistent	persistent	2.0184956965350414	0.6529053018787677	0.3470946903483266	7.772905782755077e-09	-0.1949859114040148	0.1445240909152446	0.019120665374176126	0.022934810385886083	0.9579445242399378	persistent	1.0
CTTCATATCACAGGCT-E15S	68909.0	0.0404383594843335	0.028698660289885103	0.6850531946064182	0.03887854935039103	0.6671938239604689	partial	partial	0.6859090798132111	0.40130073185937143	0.5822655581620214	0.01643370997860716	0.04724452187056875	0.13344119752083783	0.02809326242009633	0.011784566304326923	0.9601221712755766	partial	0.0
AGACGCGGTAGTTAGG-E15S	67070.0	0.12186106126515756	-0.051622202052627464	-0.917605612794253	0.02525316303061581	0.9765601110979836	reverted	reverted	-0.9286562258111994	0.21822153185836451	0.22686621049721337	0.5549122576444222	-0.10639295035676663	0.2075035764770284	0.023816754017088645	0.01890052844719318	0.957282717535718	reverted	0.0
TACGCTAAGAATCGCC-E15S	67043.0	0.022960417476686645	0.3699942917177539	-1.7172085807997692	0.033772004321212135	0.9947453169476494	reverted	reverted	-1.727035964110383	0.6678882279549877	0.30317357157234875	0.02893820047266349	-0.26218653179192086	0.27293194658482106	0.022684236498882945	0.030972082108744	0.9463436813923731	persistent	0.0
ACAGTCATCGCTCAGG-E15S	66765.0	-0.005021778641778107	0.2927360965947835	-0.5378339992105435	0.023613945767105002	0.9530521263786967	reverted	reverted	-0.5849681485215281	0.15311850873349656	0.20218760665897617	0.6446938846075273	-0.19320337613857508	0.1969461004540722	0.020932326526509226	0.02384546695112112	0.9552222065223697	reverted	0.0
GCAATCGCAAGCCTCT-E15S	59430.0	-0.14944720208342455	0.503329675469145	-0.8327104507327919	0.03378425813415203	0.9725852790958461	reverted	reverted	-0.858528836716363	0.19270326810841468	0.2131699855615347	0.5941267463300507	-0.1522813876030398	0.21035967356050436	0.02250352698312629	0.021461542021318614	0.956034930995555	reverted	0.0
TAGGTAGGTTAGTGGA-E15S	69148.0	-0.00828372159093349	0.09120643679294427	-0.18977033123409326	0.027438645108390645	0.9130688013858825	reverted	reverted	-0.21160263054781442	0.1823580549154169	0.2747251077408396	0.5429168373437434	-0.45423224168250104	0.24434931447937558	0.019601980552475858	0.05850345788561977	0.9218945615619044	reverted	0.0
AACGTAAAGGGGACAC-E15S	60337.0	0.015227469385281744	0.18618400747119046	0.9257270549635601	0.04346380612916238	0.5596860789165651	partial	partial	0.9274237715296558	0.43207814933339805	0.5656125711015493	0.002309279565052558	-0.06760241947774548	0.14614672150305127	0.02257146837488163	0.015590801444434242	0.9618377301806842	partial	0.0
AACGCGAAGTATGGCC-E15S	65618.0	0.05810654053508518	-0.07339983405549044	-0.7673606464312521	0.023515260746185027	0.9690864888118403	reverted	reverted	-0.7725539139021323	0.177871263602909	0.20569754740650298	0.616431188990588	0.05272791696816264	0.16006611810690785	0.02963478898065151	0.012203610126636262	0.9581616008927123	reverted	0.0
AGGACTGAGCGACTGT-E15S	64361.0	-0.24821011762241302	-0.2769711347082731	-1.4029234403444173	0.03978538312279831	0.9905137231162772	reverted	reverted	-1.3738250456643684	0.4969961420087636	0.32933289312178693	0.1736709648694496	0.25038018273996127	0.15133355201863125	0.05359119207028025	0.009411325409698117	0.9369974825200218	persistent	0.0
TCGTGATGTTAAGGTG-E15S	73197.0	-0.12939792301783498	-0.1284424013058914	0.4178086765304646	0.03709350353876041	0.7687834878665681	reverted	reverted	0.40098486039319253	0.35626050782378466	0.5529941085562785	0.09074538361993685	-0.3397606443389193	0.19451989933741018	0.018953614734329532	0.03954256304150731	0.9415038222241631	partial	0.0
CGTAGTCAGCTATCAG-E15S	69507.0	-0.16454586408468036	0.08885515936353561	0.8764954199883243	0.04914996900574646	0.5825112966823797	partial	partial	0.8663216611161653	0.425603118099977	0.57084149430807	0.0035553875919531017	-0.2632263866402636	0.17557235154583367	0.01908097064077982	0.02972610942102068	0.9511929199381994	partial	0.0
ACTCTAAGTTATATCG-E15S	71670.0	-0.12075342110737919	-0.36677794123524016	1.8502979109793605	0.07323326724885902	0.18086988195464312	persistent	persistent	1.852080616575515	0.6218794495295094	0.3781205077520058	4.2718484799021976e-08	-0.5774516574579504	0.20977542267465926	0.01978041759694712	0.10516702517062315	0.8750525572324297	persistent	1.0
GCAACATCAGGTTAGT-E15S	68491.0	-0.3421835558302352	-0.4120204290813645	4.1057592870997075	0.12813169320481618	0.0030779882995430924	persistent	persistent	4.1486557464142395	0.9921656808886029	0.007834319111397186	9.075271111004007e-30	-0.4386912500684606	0.14842773776407278	0.01853416594747296	0.06342466851082168	0.9180411655417053	persistent	1.0
CACCAGACACTAGCAG-E15S	63234.0	0.06638698307357854	0.10601290587178935	1.0204953433273989	0.06043545517709537	0.5151147302795233	partial	partial	1.075680704167519	0.4453297767288696	0.5537057334362016	0.0009644898349287989	0.20607859214632848	0.11809973708743575	0.04488517064991705	0.00930126321533514	0.9458135661347478	partial	0.0
CATGTTGAGTCATGTG-E15S	67239.0	0.06572538187573435	0.2632692516081606	0.21393015165511178	0.03249884558148371	0.8302539141260801	reverted	reverted	0.1937418067991463	0.2996825232107903	0.47378827709310567	0.22652919969610402	-0.20044755117902888	0.18880618081238973	0.020475920354504098	0.02421326928354152	0.9553108103619543	partial	0.0
TGCGGTTAGCATTGAT-E15S	67079.0	0.16584567439138614	0.22249846131119744	0.5342165622103152	0.03970762957463364	0.7273218649154258	reverted	reverted	0.5380785621643398	0.37908444599991825	0.5748503798353238	0.046065174164757874	0.010648452573885138	0.13910887269093514	0.02599957005935148	0.012800943908056967	0.9611994860325915	partial	0.0
TAGTGTTAGGAGTATA-E15S	64829.0	-0.008439547322303564	-0.06087129953316461	-1.1253123874495081	0.025215280297590105	0.9840594099319392	reverted	reverted	-1.1164077475326872	0.3142807745312269	0.2748628960444196	0.4108563294243535	0.09869488457683238	0.17008001007442097	0.03381551540437856	0.011493425048855877	0.9546910595467655	reverted	0.0
GTACACGCATGGTCCT-E15S	67995.0	0.0008597596976220867	0.2499775806092447	2.0427105846469114	0.07735664439764472	0.13299519741095714	persistent	persistent	2.035605597141813	0.6750747336093033	0.3249252641498283	2.2408684579288846e-09	-0.5634044764022306	0.22044533225475219	0.01962408831072276	0.09568845909938706	0.8846874525898902	persistent	1.0
GCGCCAATCCTTCAGT-E15S	66131.0	0.17033438456737698	0.23588000826989997	-0.6743495651764214	0.023853737831191477	0.9633525786838486	reverted	reverted	-0.6908897624249057	0.1631092434670661	0.19991530054437506	0.6369754559885589	0.4713229772520164	0.10897616913150505	0.14626984104541998	0.009246851397476854	0.844483307557103	reverted	0.0
CCTAGCGAGCATATAC-E15S	65369.0	-0.16920035840956082	-0.1268115290032491	0.7323879211099217	0.040795978712225164	0.6470069104535902	partial	partial	0.7440736164565561	0.407395460478733	0.5810954871670782	0.011509052354188865	0.2090524471924507	0.115910386709087	0.04531962819152002	0.00925465357009841	0.9454257182383816	partial	0.0
GCTTATGAGCGCTTAA-E15S	66218.0	0.04704526410698917	0.04206638090346515	0.4849275761337041	0.038948295302494176	0.7454305996873838	reverted	reverted	0.48500774479282205	0.37020230852275104	0.567602469447741	0.0621952220295081	-0.20246451102427293	0.1876283293282928	0.020393431044345725	0.02434472621152372	0.9552618427441307	partial	0.0
CTTGCAGGTGGCTAGG-E15S	64593.0	-0.18775894508206376	0.3840404640678454	3.6302750986662473	0.10821120469255564	0.007537995288638363	persistent	persistent	3.684499204520152	0.9742640996510578	0.02573590034894233	5.433417913812251e-24	0.0683340097835057	0.1045750178372549	0.028586516124771227	0.01086417673496184	0.9605493071402668	persistent	1.0
CATTCTATCTGTGAAT-E15S	66636.0	-0.09687442439199023	-0.33617490667569944	-0.5524320658298649	0.030237578625384638	0.9542733134476332	reverted	reverted	-0.5712437502023053	0.15357994046104367	0.20131102521710637	0.64510903432185	-0.7790267032962132	0.3637358313818692	0.020677425132399636	0.13099307270547014	0.8483295021621302	reverted	0.0
CATTCAAGTATTGGAG-E15S	67489.0	0.00263195913161568	0.3908253335603844	1.59161083097303	0.06081699503098513	0.2648850175694072	persistent	persistent	1.592375024695551	0.5556631109686941	0.44433534375783107	1.5452734748309018e-06	-0.19579478149646756	0.15681895933262252	0.019476038364136007	0.02321901831405704	0.9573049433218069	persistent	0.9393939393939394
GGGACAATCGTGCCTC-E15S	64104.0	-0.11447849754608591	0.12186609250720981	-0.4317454952115542	0.023454170488678587	0.9432025712802173	reverted	reverted	-0.46090353119743493	0.15387711123728862	0.21339962063621942	0.632723268126492	-0.22679727378059164	0.2198445804997183	0.021146917595615503	0.026958285726656542	0.951894796677728	reverted	0.0
CAGCAAAGTTGTAGCT-E15S	67026.0	-0.035824127170290376	-0.28866988806083993	-0.2673197178351909	0.027327838833370224	0.9240370907676742	reverted	reverted	-0.2854857545291814	0.1691329030338104	0.24922313796511486	0.5816439590010747	-0.22008764996667612	0.20392647607604727	0.020660030856039416	0.02608708962486729	0.9532528795190933	reverted	0.0
AGGGATTAGTCGCAAC-E15S	64106.0	0.20692131587783075	-0.11905892148290498	-0.13237937321149565	0.031063337338744536	0.9040488719728709	reverted	reverted	-0.11498847780405806	0.19463430438846233	0.2972674329389284	0.5080982626726094	0.36164300834998364	0.11289874058402126	0.08541876617852757	0.00883990713327842	0.9057413266881941	reverted	0.0
TATCGAACACCTTGGT-E15S	65060.0	-0.27080797246035604	-0.4468919312367258	-0.9054362965143282	0.03540918503165259	0.9760269219090433	reverted	reverted	-0.8845761932476521	0.21410030346909023	0.2246401098346648	0.561259586696245	-0.23332903934857585	0.22572716142798452	0.0212550488553472	0.027620308408459176	0.9511246427361937	reverted	0.0
CCGCGAATCACTGGGT-E15S	63297.0	0.2954329649147958	0.02928530292079723	0.9334945897512774	0.04661370368355645	0.55605906578698	partial	partial	0.9732143336977186	0.4331222682534989	0.5647234250211108	0.002154306725390228	0.12854940930404088	0.12502276745263632	0.03482317325274937	0.010199438667260521	0.95497738807999	partial	0.0
GTCCATGGTATGGCTT-E15S	55839.0	-0.155526954434409	-0.13537745662962003	2.833898385690726	0.1062736153578659	0.033163796546218836	persistent	persistent	2.8215295777700105	0.8765876641732344	0.1234123358267646	9.424241228247518e-16	0.40042911007406307	0.09243505073058383	0.10469652382137422	0.008904042967416086	0.8863994332112096	persistent	1.0
AGGAGTTAGATTCCAG-E15S	68953.0	-0.24207203366989374	-0.33069036271952	2.8365154869800935	0.08609291749348648	0.033005300319144254	persistent	persistent	2.854039976535794	0.8771041190259375	0.12289588097406164	8.915700481353442e-16	-0.25613234939192653	0.1368789408644731	0.018173349209004278	0.02861646067408045	0.9532101901169153	persistent	1.0
CTAATTGGTCTGTGCA-E15S	64253.0	-0.08140207229197166	-0.2941634007835597	1.507149620990849	0.06907980852411898	0.2971652999181453	persistent	persistent	1.5427697837761727	0.5359682050433249	0.4640272458363504	4.549120324697439e-06	0.14760921999915855	0.1172376262761437	0.036697110583957075	0.00984532754302508	0.9534575618730178	persistent	0.4691358024691358
GTGGATAGTTCCAGCA-E15S	63065.0	0.1658580542126325	0.0024283014236688993	0.004414926670873191	0.02453141524425328	0.8791145747194548	reverted	reverted	0.01574629053657531	0.23164648905779134	0.36221690383168703	0.40613660711052163	-0.4100892672821396	0.2550245491657023	0.02005691254834031	0.04932431309484486	0.9306187743568147	reverted	0.0
AATCTCCTCTAAGCAT-E15S	66474.0	-0.01469933612254365	0.41073780726047826	1.4577969164238176	0.06851208730833137	0.3170415884811251	partial	partial	1.4742695354682966	0.5249707019983829	0.47502092410680624	8.373894810906346e-06	-0.18849949285690507	0.15079342126982526	0.019419584089411794	0.02254339121398396	0.958037024696604	persistent	0.25
CAATCGATCCGTGGAT-E15S	64983.0	0.19094922381127194	0.09905223481105396	0.39808895101381175	0.03583466113855778	0.7753528495152613	reverted	reverted	0.40501348664642506	0.3517163716393401	0.5475958230065634	0.10068780535409654	-0.17451711707342513	0.17212686373488884	0.020407727937558587	0.021961793138888082	0.9576304789235532	partial	0.0
CTTCATCAGGGCTTAC-E15S	65166.0	0.27937583930544	0.16680616815957816	-0.7003812256862327	0.024792027007942027	0.9650532664504836	reverted	reverted	-0.6930485644965553	0.1665412574865305	0.200948677352251	0.6325100651612185	0.4538383563845824	0.10985587827354033	0.13373878086666394	0.00915059611197624	0.8571106230213598	reverted	0.0
TAGGCGAAGCCCTTGC-E15S	63179.0	-0.12020492417179734	0.5420333064509557	1.8246380993291398	0.06613367235969848	0.18817886284087143	persistent	persistent	1.8112208548836546	0.6149807193450865	0.3850192184976655	6.215724794456814e-08	-0.13701134805682016	0.145295445072621	0.020353192129098734	0.018986574116198078	0.9606602337547031	persistent	1.0
TCTAACCTCCTTCGAT-E15S	59591.0	-0.22275604452913442	-0.3068556225487496	0.8310318692668428	0.04490483962800643	0.6032823487463242	partial	partial	0.8454014376541006	0.41979687363533197	0.5749782681015428	0.005224858263125301	-0.018221657433827244	0.14930106910793828	0.024868502346680355	0.01387243542909913	0.9612590622242204	partial	0.0
ATCCCTTAGTTACACG-E15S	65913.0	-0.08438277889911228	0.03350211499500966	-0.23136632041483784	0.02409546014998976	0.9191193803834414	reverted	reverted	-0.2686910111531345	0.17477950678440438	0.26033440210896763	0.564886091106628	-0.11275251083369851	0.18286165274640695	0.022487746719348965	0.018552727069299755	0.9589595262113512	reverted	0.0
CCCTGAGAGGTGACTC-E15S	66496.0	-0.23607167477657423	-0.41875857014820195	2.5318965676428027	0.08424637830410295	0.057279074610847795	persistent	persistent	2.569757621117072	0.8085073938735869	0.1914926061259951	4.1791830259608715e-13	0.09851513610933418	0.10625479391375725	0.031191523553211933	0.010364339267446237	0.9584441371793418	persistent	1.0
AATGAACGTAGCAGTA-E15S	66961.0	0.2447952094168046	0.020456170557278885	0.0823849366875471	0.02923304774760764	0.862529850151839	reverted	reverted	0.11007649689051507	0.25639305665803785	0.40398385303271156	0.3396230903092507	-0.19339575346833957	0.18699399180271817	0.020551109875360598	0.023641086288224963	0.9558078038364143	partial	0.0
CCGTGATAGATTGACT-E15S	67156.0	-0.023398975516238707	0.03645413666190045	0.10199757231070783	0.03211832095052927	0.8580677532841241	reverted	reverted	0.0871974088242809	0.26284424512138144	0.4146707606451927	0.32248499423342575	-0.2404876008897768	0.19513806858078553	0.019995437572015926	0.027710794813701596	0.9522937676142824	partial	0.0
TAGCATTAGTTAGTCG-E15S	64517.0	0.12295073781573179	0.33271920861514404	-0.4388428098360801	0.023088004383184375	0.9439181017770911	reverted	reverted	-0.4444129067316013	0.15360384245282252	0.212374526654894	0.6340216308922834	0.25138391380429687	0.12924080307748018	0.05341527089188154	0.009145889796601659	0.9374388393115167	reverted	0.0
AGTCACGCAACGTGCA-E15S	63693.0	0.07538006302954142	0.3833623023794923	-0.7465858733492946	0.0231007539764867	0.9678862634824513	reverted	reverted	-0.7376761751854163	0.17395716406949968	0.2039054597084091	0.6221373762220912	-0.16627354784206783	0.2142836299633807	0.02229562906404903	0.02242695651298339	0.9552774144229675	reverted	0.0
TGAGTTGTCGACATCA-E15S	65609.0	-0.23441570451363483	-0.31650854141958884	0.002796638254315043	0.030016288561892576	0.8794397790841232	reverted	reverted	0.02344711792097993	0.23115442597591762	0.3613741798255151	0.40747139419856726	-0.3503609696551965	0.21127595331771282	0.0193019748775175	0.040893266829873355	0.9398047582926091	reverted	0.0
TGATAGCCACTTGACC-E15S	62860.0	-0.07783445907890241	-0.18822968095284698	0.8002404279069587	0.04836193566760905	0.6171463486114606	partial	partial	0.8167158640137723	0.41592218939561276	0.5773470401538351	0.006730770450552256	-0.0183527180184992	0.1431894694464084	0.024610582124781295	0.013742332485675133	0.9616470853895437	partial	0.0
ATCTTCATCATAGATC-E15S	63241.0	0.09668551376051121	0.023032817068625033	0.47315237885085315	0.03572759476121724	0.7496376681110452	reverted	reverted	0.4407334181560899	0.3679191844512212	0.5654488975257692	0.0666319180230096	0.26079701928462545	0.11495448529783538	0.05524940498672323	0.008963322128735855	0.935787272884541	partial	0.0
GGATAACAGCATAGGG-E15S	64001.0	-0.3094723747690692	-0.35545984748473564	0.8755291235844823	0.05058794844694099	0.5829561115174777	partial	partial	0.8483755309779266	0.4254782230343437	0.5709366928254924	0.003585084140163841	-0.07348711806725224	0.14540342645505083	0.022321653024865308	0.015818863820785	0.9618594831543495	partial	0.0
TACATGACAATTGCTT-E15S	59718.0	-0.17304509016420755	0.25390588613070697	-0.6703347612300653	0.023592963333848468	0.9630832958901213	reverted	reverted	-0.6913767406221075	0.16262598059237376	0.19979688493153605	0.6375771344760902	0.13096843787887177	0.1510575696469594	0.03611159071110159	0.010598921296997616	0.9532894879919008	reverted	0.0
CATCGTCCAGGTTCAG-E15S	63648.0	-0.38226367414541457	-0.4338692091009172	2.735058895701226	0.10350022424812426	0.03971687129873439	persistent	persistent	2.7363027918997127	0.8561089709657507	0.1438910290342418	7.40583725813649e-15	0.09527462173932036	0.10429979633734689	0.030833137014499783	0.010388652203760607	0.9587782107817397	persistent	1.0
ATCCTAAGTTTACCAA-E15S	65429.0	0.21020674701655667	0.2642637384399522	0.17595133984784256	0.03113249602646745	0.8401477114142121	reverted	reverted	0.17711614510645593	0.2873315975096584	0.4543760407566658	0.25829236173367587	-0.1687197174112388	0.18656729061728541	0.02108112687615093	0.021898326182182203	0.9570205469416668	partial	0.0
CCGCCATTCGACCGAT-E15S	58929.0	0.06407756226544187	0.119570606569531	0.1125938220662678	0.027726304974670487	0.8556070659274424	reverted	reverted	0.11946282248578456	0.2663489007352883	0.4204395375062767	0.313211561758435	0.031739059683962983	0.1500166940374222	0.02774947400991129	0.0124815906605892	0.9597689353294996	partial	0.0
AAACTCACAACTTCAT-E15S	68946.0	-0.060690204737262055	0.07286286362302019	0.7225458065619549	0.05114264008486138	0.6512506481859605	partial	partial	0.7165794660137343	0.40614434828088675	0.5814465071254374	0.012409144593675717	-0.7671892659886409	0.3423451432999858	0.020466863819568724	0.1364133207104562	0.843119815469975	partial	0.0
TGAATGGGTAATGCCT-E15S	66294.0	-0.19965237901653354	-0.361373525187759	1.2818388539458325	0.05609055628347818	0.3931034243895557	partial	partial	1.3170011438684273	0.48903296439136784	0.5109018613545616	6.517425407069116e-05	0.23073946408462584	0.1076444586397438	0.048991210448285326	0.0090332316965824	0.9419755578551321	partial	0.0
TGCCTCTGTAAGCATG-E15S	58652.0	-0.06517280262835912	-0.04432949107412665	-0.41644031619405975	0.02671210685969808	0.9416302546015863	reverted	reverted	-0.4274807450218699	0.15457426676977118	0.21574982357214478	0.6296759096580841	0.3316086574212276	0.12180280798754368	0.07427697616876726	0.008869261389587123	0.9168537624416456	reverted	0.0
ATGCTCAAGGTAGCCT-E15S	56446.0	-0.11351748917340854	0.23158693028249022	0.680560624870253	0.04391937709845853	0.6690796601538657	partial	partial	0.6797287251069272	0.4007097376703046	0.5823048397172209	0.01698542261247448	0.2906243310489933	0.11108586780697749	0.062452349668264795	0.008844908302998418	0.9287027420287369	partial	0.0
GTTGATTAGGAACTAA-E15S	65977.0	-0.20382504161828172	-0.21889953094647535	2.6536596737033635	0.08369520751983911	0.04602946728576824	persistent	persistent	2.710914191451404	0.8378743846480796	0.16212561535188177	3.8519864303401516e-14	-0.551948621747711	0.1942903323686247	0.019623244042912	0.09805620982653426	0.8823205461305539	persistent	1.0
TACGAGTCATGATATG-E15S	63378.0	0.28611622455442726	-0.10908248468455928	0.32516731668983706	0.0416154288457935	0.7984828504991128	reverted	reverted	0.3475001226906147	0.3330768250861096	0.5231931057485627	0.14373006916532774	-0.06109605908668752	0.16761301732449294	0.023708166318936925	0.015836336431136785	0.9604554972499263	partial	0.0
CCACCTTGTTCGGGTC-E15S	65560.0	0.07093169376420355	0.1983286001211646	-0.32369562138785263	0.02484719959441824	0.9311977480958377	reverted	reverted	-0.33756410888535265	0.16196124390955996	0.2342352572534579	0.6038034988369821	0.008531708814272327	0.1622098179437818	0.0268758133212416	0.013365259593759147	0.9597589270849991	reverted	0.0
ATGGTTTAGAATCCAT-E15S	64543.0	-0.14627512440569213	0.5727751624107631	1.2828056010237217	0.06811904675711551	0.3926668735865779	partial	partial	1.226153624986397	0.48921604574094424	0.5107194768123081	6.447744674748197e-05	-0.050563630142771494	0.14296058547569515	0.023130313314238034	0.014851568012717172	0.9620181186730449	partial	0.0
GCTGTATGTTCACGCA-E15S	61609.0	0.24245008851122057	-0.09687597086426097	-0.2064871171407508	0.027830695934087366	0.9155481700611132	reverted	reverted	-0.20716045030794691	0.17917778954348637	0.26874328574559797	0.5520789247109156	-0.1625385071269468	0.1918238837509785	0.021441493498825268	0.021622836400840024	0.9569356701003346	reverted	0.0
CCTCAATTCATGGACC-E15S	62903.0	0.28292724009557696	0.048350640905614806	-0.17369103996857815	0.02890401041507151	0.9106220318781421	reverted	reverted	-0.19513683563338066	0.18558671090428083	0.28072949345417225	0.533683795641547	0.1431584988017725	0.14480279189116815	0.03719425153440001	0.010322318271139587	0.9524834301944606	reverted	0.0
CGCATGGTCAGGTGAG-E15S	64662.0	-0.0703285212467108	-0.31915006654091294	1.081180330467592	0.049250648833799184	0.4864012149388419	partial	partial	1.1141949288451414	0.45448149696810847	0.5449828985753817	0.0005356044565098432	0.21455323162342346	0.11319764190462965	0.04618454487504544	0.009186930976267998	0.9446285241486865	partial	0.0
TGACCCAGTCTAGTGT-E15S	65791.0	0.1950781228208161	-0.13958034715359247	0.7159207487609839	0.046741580085384794	0.6540938518467359	partial	partial	0.7115211050601167	0.40529819959510954	0.5816522062585306	0.013049594146359807	-0.4892291822270167	0.25653473800101795	0.019751360291584336	0.0654058276936132	0.9148428120148023	partial	0.0
CATTCGCCATCACTAT-E15S	64461.0	0.05522556506971482	-0.24513227637354168	1.9498468849286785	0.06953695460046358	0.15460553572252408	persistent	persistent	1.9642942747721064	0.6491381235707135	0.3508618668511288	9.578157692337909e-09	-0.24746611716746514	0.1548465126751037	0.018688543031720767	0.027850540087566194	0.953460916880713	persistent	1.0
TCACATGAGTAAGGGT-E15S	66179.0	0.07325235574892458	0.24918164109788998	0.41719671647522993	0.03941488217655961	0.7689893593489147	reverted	reverted	0.4228207521797913	0.3561226487666146	0.5528342833076828	0.09104306792570253	-1.5174663193290896	0.6625952329429604	0.02234308079295437	0.2021932460701316	0.7754636731369141	partial	0.0
TACCGGACAAAGGATG-E15S	60474.0	-0.08821998508359713	0.4451741871648043	-0.6732034788848191	0.02846449285661261	0.963275901146572	reverted	reverted	-0.6721419707569165	0.1629700501722606	0.19988037671993836	0.637149573107801	0.5134906067762559	0.1055032976839273	0.18271185424940795	0.009521245539007886	0.8077669002115841	reverted	0.0
ACAAGCCTCATGGTTG-E15S	64972.0	0.1886478538728849	-0.07565967475791024	-0.04845655639767535	0.029967549413362937	0.8893546250080986	reverted	reverted	-0.06315045673720138	0.21617289042367985	0.33547528912206515	0.4483518204542549	0.005955770721457104	0.16309965194099899	0.02676834362114211	0.013458919075639567	0.9597727373032184	reverted	0.0
CGAAGCAAGTGATCCA-E15S	64089.0	-0.35161957694441154	-0.4424180178264596	1.5141444011806957	0.05663781547353299	0.2944070121013539	persistent	persistent	1.524704417451056	0.5375580143315172	0.46243781858139593	4.167087086895753e-06	-0.33676845775263303	0.16657162425934155	0.01837230446731241	0.03949808634007513	0.9421296091926123	persistent	0.5301204819277109
TCAGCTGGTGCGTGGA-E15S	65664.0	-0.21495652519700614	0.47684248002288365	2.3301247417716042	0.09664120333804577	0.08174652338136311	persistent	persistent	2.3118728113510545	0.7554438237698952	0.24455617621262515	1.747976145134414e-11	-0.3351987402652151	0.1612486283222129	0.018277453864882987	0.03932930782574119	0.9423932383093758	persistent	1.0
CAGCGGTCAAGTAGGA-E15S	65716.0	-0.028137816893885725	0.21869669398517821	-0.1142897006750918	0.02763788539784487	0.9010367915815822	reverted	reverted	-0.13167623045362603	0.19892968623029844	0.30500007500122767	0.49607023876847384	0.20404882759415702	0.12757030162144062	0.04481047054205387	0.00943148235017357	0.9457580471077727	reverted	0.0
AATCAGCCACCTTCCC-E15S	61687.0	-0.21062649545219056	-0.24360218735854577	0.7369238253259601	0.048461758928754775	0.645043231880557	partial	partial	0.7676427678913593	0.4079699823235779	0.5809159212363691	0.01111409644005307	0.06718291853165856	0.13097043724266452	0.029457815425326248	0.011318890687670476	0.9592232938870032	partial	0.0
GGAATGGTCGCATGAC-E15S	64656.0	-0.29715336449370255	-0.35438216165580416	3.166713694887135	0.09968925792105644	0.017939635246119707	persistent	persistent	3.2177566739940464	0.9312848252652655	0.0687151747347345	5.649520359028853e-19	-0.2649467796758057	0.14841014914808817	0.018362715906864585	0.02969735307026837	0.9519399310228672	persistent	1.0
TGCCCAAGTTGGCGAG-E15S	64990.0	0.2358414028486136	-0.10399942789054584	0.6055226174426476	0.041939258493191994	0.6997449854945517	partial	partial	0.6097622257540292	0.39031906555346285	0.5807999647310291	0.02888096971550796	-0.3649712752713761	0.20926043276699857	0.019169763101551943	0.04323360553004636	0.9375966313684018	partial	0.0
CGACACTAGTTACAGT-E15S	60221.0	-0.04663792016897861	-0.342945158027547	1.4560583696628309	0.07177997565604873	0.3177546772016265	partial	partial	1.4716561648275435	0.5245904046529801	0.47540104188439875	8.553462621123703e-06	0.1604287129968267	0.11374160288042934	0.03816246049384736	0.00965602318886447	0.9521815163172882	persistent	0.34146341463414637
AATCAGCCATAGACCG-E15S	60594.0	0.01233974505257357	0.47678476700604344	1.4728755573314365	0.050443158929874825	0.3108931259527892	partial	partial	1.4594209138677727	0.5282895275090193	0.4717035115971457	6.960893835167193e-06	0.1324869140025936	0.11844967117230779	0.03501404850463763	0.010049504922263502	0.9549364465730987	persistent	0.2
TGGTGGTTCCCAGGCA-E15S	53441.0	0.016071323036863483	0.374418971639758	1.3225760763817604	0.06681089386618974	0.37486365574505476	partial	partial	1.3184865272104098	0.4968868348418063	0.5030719376640592	4.1227494134630996e-05	-0.1632569659228174	0.16389283957396006	0.02036509132912283	0.02102115864069261	0.9586137500301846	partial	0.0
CCCAATCCAAATCGGT-E15S	64148.0	-0.0022227553577041648	-0.31075527773128236	0.6755589238898193	0.04221725337629551	0.6711728398229694	partial	partial	0.6803507581186004	0.40004853606333424	0.5823328460832877	0.01761861785337805	-0.06389219251164016	0.1502255633031461	0.022874531512622007	0.015532779888670339	0.9615926885987077	partial	0.0
CGGTTCTCAAGGTCAT-E15S	63923.0	0.11193157097918732	-0.22621234086697012	0.43722923751539083	0.03850614722752209	0.7621836412854754	reverted	reverted	0.4283834543581613	0.36053185857808157	0.5578120142291241	0.0816561271927944	-0.6968783828127686	0.30630175867835185	0.02025887101417043	0.12249474270236532	0.8572463862834641	partial	0.0
GCTAGGGGTTGAAGCA-E15S	61792.0	0.21348095313581378	0.07640043866809076	1.7231009040290906	0.06668363217208534	0.2193151541108619	persistent	persistent	1.7591146241964704	0.5883293883872726	0.4116703485715127	2.63041214779822e-07	0.2133575540150912	0.10702913488725241	0.04584302007245815	0.009130034949034704	0.945026944978507	persistent	1.0
CAGCGCATCCCGTTCA-E15S	53822.0	-0.04224892085746573	0.5381651280403283	-1.3190970137313531	0.03515928219685595	0.9889003647585698	reverted	reverted	-1.2864549829339171	0.4399891986767797	0.3188213162863095	0.24118948503691068	0.18032704364916924	0.16837946464022832	0.04274522787535394	0.010277539742331577	0.9469772323823145	persistent	0.0
TGTATCAGTGCAAGTA-E15S	61184.0	-0.2733641253889326	-0.2799131989331337	2.001104891938015	0.07355292483435097	0.14234288006327964	persistent	persistent	2.018418385570209	0.663411078316036	0.33658891735809243	4.325871513351009e-09	-0.06609876237715885	0.1295619260319405	0.022020430724920777	0.015173600586882791	0.9628059686881965	persistent	1.0
GGGATTAGTATTGGGA-E15S	61411.0	0.1303134503044719	-0.24506836363949835	-0.7189891272382766	0.029038615843365853	0.9662220640482393	reverted	reverted	-0.693995645518401	0.1693193857323512	0.20196768037349505	0.6287129338941536	0.30765558031558	0.13403741392820478	0.06684651943264547	0.00899007657805444	0.9241634039893002	reverted	0.0
AGGCGTTTCACGGATC-E15S	64587.0	0.16122404511970806	-0.10650598019673324	-0.6045884280926229	0.025520046486920103	0.9583937363200519	reverted	reverted	-0.6219778771988242	0.15638788608295598	0.1994361973853365	0.6441759165317076	0.36543991607089604	0.1174506151941394	0.08663534172615171	0.008863452695730552	0.9045012055781179	reverted	0.0
AAGGTCAGTGACTTCG-E15S	61333.0	0.20587256035976692	-0.03579907886941436	-0.6684926990555928	0.024731315588842583	0.9629591083520403	reverted	reverted	-0.6491735667527174	0.16240830656947877	0.19974623230498498	0.6378454611255364	0.019457763902432357	0.17407473281841598	0.028086386900087693	0.013345641476493957	0.9585679716234184	reverted	0.0
CACATAGTCTGGGAAG-E15S	62273.0	-0.0018659467978270339	0.018826232744395655	-0.9077115375962366	0.0269114456484892	0.9761275011279447	reverted	reverted	-0.900011579316795	0.21485866574757034	0.22504989499493708	0.5600914392574926	0.09609822963174673	0.16563262146809588	0.03337227033609676	0.011446825460687232	0.9551809042032159	reverted	0.0
GGGCTTGTCGCTTCCA-E15S	64056.0	-0.08401836598311474	-0.18347546015638555	-0.36976115114148955	0.026721185253261854	0.9365793204905025	reverted	reverted	-0.34141254547845423	0.15761158079384993	0.22412400915847205	0.618264410047678	-0.3814727286971157	0.24398201175785675	0.019959133097753396	0.04499911047941558	0.9350417564228309	reverted	0.0
GCCTGTGAGATAGGCG-E15S	64830.0	0.01154045787757807	0.2927910020032465	-0.2757943654433326	0.031031777399797372	0.9251556121877142	reverted	reverted	-0.2797359918993223	0.16792394581160952	0.24678183212064053	0.5852942220677501	-1.3493541268316993	0.7062250893788241	0.025613623664005936	0.13956866982512345	0.8348177065108706	reverted	0.0
AATGACTTCCCGTGAG-E15S	63996.0	0.028668565248129496	-0.32085023877211594	0.5113777803764735	0.045107942520085355	0.7358121182041121	reverted	reverted	0.5333169867142904	0.37509830028353647	0.571836954988925	0.05306474472753862	-0.788946806614436	0.31100361899208556	0.020337316321160218	0.16681772322178642	0.8128449604570532	partial	0.0
AACCATTAGGATCTCA-E15S	61223.0	-0.32640532532027455	-0.40790838061055934	1.2505026567070594	0.06377185584155326	0.40734270370595577	partial	partial	1.2416503514577844	0.48318563188412345	0.5167223159039545	9.205221192211894e-05	-0.37857931063878747	0.1960105595868153	0.018838122177871498	0.04598380022692722	0.9351780775952013	partial	0.0
CTCGAATGTTCCAGAT-E15S	64856.0	-0.0036403162572988257	0.2354602118817286	-0.3686734971523076	0.025751144171031543	0.9364569033769132	reverted	reverted	-0.3963959154881554	0.15769874952095478	0.22434126240779756	0.6179599880712477	-0.22083787020845236	0.21158942893967284	0.02093848253461269	0.026301927470953616	0.9527595899944338	reverted	0.0
AAGGGCCAGATTCCTC-E15S	60315.0	0.2945717117393905	-0.04641089381321983	0.5461514745690749	0.047227357276516974	0.7228178532933545	reverted	reverted	0.5692279879087312	0.3810854550800549	0.576199457971404	0.04271508694854099	0.21747641437120152	0.125853236604327	0.04698382839336243	0.00931045302362216	0.9437057185830156	partial	0.0
ACTCGTCCAACCTGTC-E15S	64857.0	0.09215070214846505	-0.048901624266426524	1.7952288284156466	0.073477867450081	0.19683238292144115	persistent	persistent	1.7947141674935607	0.6071500555097703	0.39284984944962126	9.504060834699583e-08	-0.16980308109479075	0.14543475673937636	0.0196118068836443	0.021081529761971234	0.9593066633543846	persistent	1.0
GCGGCTATCTGGGAAG-E15S	64024.0	-0.11522153634199273	-0.2438021419239968	-0.8295702547909743	0.02974085197423085	0.9724263240482236	reverted	reverted	-0.8117648500111115	0.19189910180543535	0.21274821328064958	0.5953526849139149	0.1922662182578868	0.14534780318668505	0.04356113864881977	0.009778472327865792	0.9466603890233145	reverted	0.0
GGAGGTTGTAGTCATC-E15S	62994.0	0.2698871515341557	0.151679531752286	-0.16622601274613175	0.02400694417722532	0.9094651052028538	reverted	reverted	-0.15542379404548462	0.18714186304548097	0.2836001816369633	0.5292579553175557	-0.6156227408897833	0.3341965067420777	0.020824526618129387	0.08603584100339767	0.8931396323784728	reverted	0.0
CTTAGCTTCGCTGAGT-E15S	63183.0	0.16648552005697442	0.18076817056145855	-0.40279857908884714	0.02134696136447011	0.9401944982142426	reverted	reverted	-0.4215779289191212	0.1553198837699916	0.2180073751373468	0.6266727410926616	-0.1356148469136625	0.20043757387714958	0.022545389222773465	0.020233570030471344	0.9572210407467552	reverted	0.0
GCAGTGAAGGTCACTA-E15S	63939.0	0.23770428829911722	-0.06748715669348515	0.21721850188059694	0.03075752987294446	0.8293747566894865	reverted	reverted	0.21793816832847626	0.30073597640678623	0.47542116049136635	0.22384286310184734	-0.27037135313099264	0.19892240207087306	0.01969937945883635	0.03071961857561236	0.9495810019655512	partial	0.0
TGCATAGTCGCTCTCA-E15S	62519.0	0.013411248143853638	0.2539699307267622	-0.34819035261722386	0.022723293606633096	0.934109994679849	reverted	reverted	-0.3744646034016475	0.15948036047969202	0.22862518357102474	0.6118944559492833	-0.3121880423460915	0.2392243013296552	0.02050980383420293	0.035646202751719515	0.9438439934140775	reverted	0.0
CCTAATTCAGTAAGTC-E15S	64308.0	0.05950765879881931	-0.17816301025061948	0.44899251267867035	0.03368281816565253	0.7581235088028886	reverted	reverted	0.46405281085081457	0.3630228831665121	0.5604928488763533	0.07648426795713449	-0.04544514613869752	0.15248503393367582	0.02372920312433827	0.014876404765185258	0.9613943921104765	partial	0.0
ACATGAGGTTGCCTGA-E15S	64199.0	-0.005658810722843077	0.32891772112764295	1.4196482461357898	0.0646236169835997	0.332881798686103	partial	partial	1.4324738359969487	0.5167391477818399	0.4832475710737329	1.3281144427128628e-05	0.10176223384726377	0.11962257836343808	0.03195570603240372	0.010510927292021107	0.9575333666755751	persistent	0.09876543209876543
ACCAAATTCGTTACTC-E15S	61808.0	-0.26716370794087474	-0.3727623845854583	1.7725082258462999	0.06400542689781541	0.20372113926844934	persistent	persistent	1.7854377458414452	0.6011600891450709	0.3988397794125245	1.314424044548465e-07	-0.3456550068836671	0.1717887683951083	0.018449426503910543	0.04086698804592257	0.9406835854501668	persistent	1.0
CTGATAGTCATGACTG-E15S	52065.0	-0.05779370027559744	0.031582192227931016	-0.23775072367207944	0.027573909769075092	0.9200133493838826	reverted	reverted	-0.23720918143671046	0.17371557187204142	0.25827173712902235	0.5680126909989363	0.4239229523741975	0.11412960543009247	0.11464412755734106	0.009012630870850124	0.8763432415718088	reverted	0.0
ATGCACGCAATTGGCG-E15S	54341.0	0.07067585743100296	0.05752251313765844	-0.9214891400340418	0.02924138278735717	0.9767278158764909	reverted	reverted	-0.9210864673491531	0.21957058135242843	0.22759422375535338	0.5528351948922182	0.5764262330558955	0.10940067761457489	0.24987667583831089	0.009899667055644497	0.7402236571060447	reverted	0.0
CTCCCTAAGGCTACAC-E15S	61028.0	0.1441026608226607	-0.20604770890524976	-0.08037512474189008	0.032793725950864605	0.8951623836733259	reverted	reverted	-0.06759887725953713	0.20750792679274524	0.3202626915949452	0.47222938161230943	0.36153020251688206	0.11620972195817827	0.0851753246130942	0.008853186316996555	0.9059714890699093	reverted	0.0
CAGGCACCAATGCCAG-E15S	55933.0	0.05923845229784369	0.11126735866975879	-0.352268140064021	0.023153840980138837	0.9345835519176497	reverted	reverted	-0.35395041780387065	0.15910445116532654	0.22774302516877762	0.6131525236658958	0.18353818526065108	0.13948487620154087	0.04211006622291418	0.009776129472098737	0.948113804304987	reverted	0.0
CTTCTATGTCTAGGAA-E15S	62701.0	-0.3112187910443629	-0.40830398157427794	1.8984920975236366	0.07543504500864348	0.16774359509287828	persistent	persistent	1.8958727377872475	0.6349868444918764	0.3650131346282865	2.087983704760625e-08	-0.05976947470275507	0.1278962319092232	0.022204602965395587	0.014886964707714688	0.9629084323268897	persistent	1.0
GGCATGAAGATAGGTA-E15S	64950.0	0.018987729321310487	0.0807974702247608	2.6230011666391286	0.08851685118393603	0.04864631766062175	persistent	persistent	2.6262254314637907	0.8307051599603035	0.16929484003962575	7.086467833536704e-14	-0.9853011711299828	0.31125044781766503	0.020160831250674117	0.3287950376681033	0.6510441310812226	persistent	1.0
TCGACTAAGGATGTCC-E15S	63437.0	-0.10978855188170811	0.38513138233391375	-0.6578911568244816	0.023688368403388227	0.9622365327118744	reverted	reverted	-0.6871926083467836	0.16120474504469648	0.19949979420902797	0.6392954607462755	0.1362676384261043	0.14921034735236746	0.03660580174660984	0.01049121831585941	0.9529029799375307	reverted	0.0
ACCAATTAGCGGAGAC-E15S	62560.0	-0.102723633440223	0.19407226471733352	-0.5339424045622064	0.02213832675107657	0.9527213795320054	reverted	reverted	-0.5307089869217244	0.1530190146252524	0.20244771167359138	0.6445332737011562	-0.40159678904873247	0.2459793129884205	0.019872868027438328	0.04822832986531475	0.9318988021072468	reverted	0.0
CTGTCATTCCTTAGCT-E15S	60531.0	-0.308123515698134	-0.41547151874514815	1.4500277322556696	0.07870474066699601	0.32023484500994015	partial	partial	1.4513491052325906	0.5232750343722782	0.47671576025608103	9.205371640839631e-06	-0.2111207338990434	0.15502676975658777	0.019169415033416667	0.024440623907293183	0.95638996105929	persistent	0.25333333333333335
CGACTATGTGATGCCC-E15S	53195.0	-0.2730009441442238	-0.3674225033537996	-0.16926410296467248	0.03742371011632047	0.9099375656021134	reverted	reverted	-0.15341231415817289	0.18650466835143922	0.2824255475937288	0.5310697840548319	0.390702126964842	0.11919472304384507	0.09724603381369336	0.008916553692953372	0.8938374124933532	reverted	0.0
TGGTTCCCATCCCGTG-E15S	63723.0	-0.1287746475835232	-0.30430757572053385	0.6997831095544675	0.04890395644313841	0.6609732505259958	partial	partial	0.6736880696582842	0.4032209275863065	0.5820458340899325	0.01473323832376094	-0.24485249438686585	0.18262604480739483	0.01952104130992718	0.0279360599933473	0.9525428986967255	partial	0.0
ATAGGCCTCCTCAGCC-E15S	58206.0	-0.25992178600789945	-0.3871246560869941	-0.8738033827790831	0.0414647353741298	0.9745850151723237	reverted	reverted	-0.8588022030370246	0.20412613142667055	0.21925677286457754	0.5766170957087517	0.16674024172854018	0.1491161376877195	0.040207743236110156	0.010104360850491016	0.949687895913399	reverted	0.0
CATGTTGAGAACGGCA-E15S	64523.0	0.04590496840689989	-0.1335206995670914	1.5837948229869472	0.07013981577738242	0.2677762881162939	persistent	persistent	1.6015323400937727	0.5537959324876475	0.44620235663724583	1.7108751065823725e-06	-0.21665617412588464	0.15634241557066425	0.019124588204082336	0.02494004080259409	0.9559353709933236	persistent	0.8192771084337349
TCAAAGGGTTGCGCGT-E15S	66224.0	0.017739307877585153	0.04378028394214606	1.881467701899698	0.07297502705904467	0.17229136023804695	persistent	persistent	1.8656370039785142	0.6303357636876775	0.3696642093789911	2.6933331318065378e-08	-0.7870264469331163	0.2724542903887077	0.020630288999966846	0.19819415356403722	0.7811755574359959	persistent	1.0
ACCCGAACACAACCTC-E15S	62200.0	-0.3037836722116623	-0.38911677082075014	3.864752229027111	0.13633258485472038	0.004848945349281294	persistent	persistent	3.9156682250566557	0.9853680549673693	0.014631945032630673	9.236498584858346e-27	-0.4164765986406338	0.1513773900485869	0.018362047253628572	0.05681544869721143	0.92482250404916	persistent	1.0
CTTCTATGTGAGGATC-E15S	63294.0	-0.05032429884745254	-0.2630307682622704	-0.027289650756645946	0.0333456303534107	0.8853494502769286	reverted	reverted	-0.018481075659755687	0.22221113893045677	0.34597143238097117	0.43181742868857215	0.13071385825095314	0.1355258937057371	0.03545207918082276	0.01033578766143685	0.9542121331577404	reverted	0.0
ACCTGCCTCGACCCAG-E15S	60355.0	0.0721823334429264	-0.10705662537373861	0.8709458816681631	0.04026494680207473	0.5850640633300933	partial	partial	0.8450764548900259	0.42488683556678714	0.5713841111831325	0.003729053250080396	-0.059957155698990926	0.14851704322390183	0.022963143548306097	0.015337144944594589	0.9616997115070993	partial	0.0
GCATCCCTCACGGACT-E15S	60461.0	0.02899799774338374	-0.038250708516477494	-0.7469232088735906	0.026180716860366715	0.9679061076537947	reverted	reverted	-0.744914909875885	0.17401777585325687	0.20393228064377056	0.6220499435029725	-0.04238146552659988	0.18492591445390888	0.025311588476689406	0.015568409438928213	0.9591200020843825	reverted	0.0
TACCCATTCCCGCTGT-E15S	62011.0	0.053530940525515935	0.3614605113179895	0.1204932563372798	0.033980033466815496	0.8537496489757623	reverted	reverted	0.13688398448956818	0.2689671856357721	0.4247317422369554	0.30630107212727253	-0.17593113321211015	0.1879160737460225	0.02096507718471634	0.022414977873409188	0.9566199449418746	partial	0.0
CATCTCACAAGTCGAT-E15S	63573.0	0.15977492313455616	-0.10153634403063772	0.4554079032368044	0.03240029805766903	0.7558894196235999	reverted	reverted	0.450633398308339	0.36435150732176624	0.5618804255583767	0.0737680671198571	0.029544353522675062	0.14250252392586762	0.027286387072513685	0.012379145749910088	0.9603344671775761	partial	0.0
CTAATCCTCTATCGAG-E15S	59877.0	0.20283676668827838	-0.08186492907777221	-0.31836151779128896	0.023806653045170385	0.9305479431724071	reverted	reverted	-0.3028824383783936	0.16255229777539373	0.2355283822450134	0.6019193199795928	0.4114875513752759	0.11368298647816166	0.10799615948091215	0.008966338079824226	0.8830375024392636	reverted	0.0
TGGTACGCATGATAGC-E15S	57111.0	-0.13772456061679078	0.15087748949984703	-1.2749763420474836	0.031623650228494664	0.9879450795725377	reverted	reverted	-1.3070602351911318	0.4097692545378335	0.3106227936612069	0.27960795180095954	-0.00896243384385719	0.19775610673907715	0.027629593692472518	0.014781491712563155	0.9575889145949643	persistent	0.0
AGCTTATAGTGATGCC-E15S	61877.0	-0.19222277611812016	-0.17807843253454297	-1.0348098779497015	0.027711622204891644	0.9811364966013367	reverted	reverted	-1.0582470470460552	0.26641427866339207	0.25214807030598746	0.48143765103062036	-0.2515939847525021	0.23945574397745625	0.02146320224336866	0.029457735522228613	0.9490790622344026	reverted	0.0
CCTGTCGCAAATCGAC-E15S	60085.0	-0.32576258019064963	-0.4187885165192855	2.698835247937555	0.08370312218435084	0.04241651049162355	persistent	persistent	2.7066084945157676	0.8481416582038384	0.15185834179614613	1.5510335767427896e-14	-0.3584821626851145	0.1555072390260803	0.018171504205414964	0.04354915252927981	0.9382793432653053	persistent	1.0
CTCGGATAGTTACGGC-E15S	61117.0	0.17276167741627962	-0.008795285789389928	1.3741002153934028	0.053136516671555424	0.352298656355322	partial	partial	1.3838200654182164	0.50722628586304	0.49275095082642145	2.276331053857769e-05	-0.07398645024047053	0.14791799969420635	0.022399238695107904	0.01589659892247888	0.9617041623824132	persistent	0.0
GGGATTAGTGGAGCAT-E15S	61109.0	0.01748120351539223	0.5965752615000863	-0.08117402343537237	0.029662354940042147	0.895304236043441	reverted	reverted	-0.0956513822432481	0.2072982175665772	0.3198921261446137	0.4728096562888091	-0.2551057949922372	0.21123499051084807	0.020329159505287058	0.029332702545584063	0.9503381379491289	reverted	0.0
ACATCATAGCCACTAA-E15S	59990.0	-0.21799633105308575	-0.37015391927545366	1.304194478776962	0.047926111158080494	0.3830533584778238	partial	partial	1.3404970509263137	0.49330773107355874	0.5066415134676695	5.0755458771677593e-05	-0.0345765942410404	0.13887931665924716	0.023668983284307506	0.014187420650030043	0.9621435960656625	partial	0.0
ATCGATTAGGCGTAAG-E15S	56286.0	-0.003835654519429077	0.207088361841819	0.2400948534357726	0.03819125918208018	0.8231583820375633	reverted	reverted	0.2565475834219333	0.3079745847709459	0.4865318259570524	0.20549358927200181	0.13353006003422724	0.1416352819242795	0.035997731929523616	0.010398455635286963	0.9536038124351893	partial	0.0
GCGGTTTAGCGCTACG-E15S	62230.0	-0.0208110897723216	0.27926141957640216	-0.8688096047719326	0.02412748902509444	0.9743497953069681	reverted	reverted	-0.8853173529693383	0.2026470206757556	0.21846155471661405	0.5788914246076304	-0.8890499539878741	0.5043817509225416	0.02329947895153329	0.11230094714603452	0.8643995739024324	reverted	0.0
TGTACTGAGCCGATGT-E15S	63087.0	0.051801119674603824	-0.2496814553911647	1.5003554054118007	0.06215866545173752	0.2998587233574037	persistent	persistent	1.5490422336984884	0.5344313024538622	0.46556374529840433	4.952247733563939e-06	-0.05564302557159559	0.14345035984130086	0.022939665639315772	0.015055515885904352	0.9620048184747799	persistent	0.39285714285714285
GTAAATGAGCCCGTTC-E15S	54197.0	-0.03410079678162037	0.329254510695436	-0.4879343184142233	0.028779456663003664	0.9486397214569342	reverted	reverted	-0.4949903201407261	0.15258339597557785	0.2063807757882039	0.6410358282362182	0.5439319315976193	0.10329943713742697	0.2148698745390381	0.009739549272172765	0.7753905761887893	reverted	0.0
AGCACGTTCCTCTCTC-E15S	62372.0	0.04894110909880711	0.4597985437622607	-0.8181260867494446	0.026523265793877867	0.9718394133870999	reverted	reverted	-0.8228853229490286	0.18904865267134566	0.2112640703834903	0.599687276945164	0.08895535239372007	0.16573562590550808	0.03275296036492701	0.011580569745201308	0.9556664698898716	reverted	0.0
CTACTTGCAGGGCACT-E15S	58649.0	-0.24708352885652873	-0.3673989211623449	-0.061650502566778606	0.03157724919460426	0.8917887496051077	reverted	reverted	-0.07181553209425856	0.21252455492222735	0.3290928548934118	0.45838259018436084	0.16806506269269628	0.1324199155253983	0.039767001364904235	0.009831497096454384	0.9504015015386416	reverted	0.0
AGTACGGAGTGAATCT-E15S	61664.0	0.11920311397775202	-0.2754712071745919	1.293740073478189	0.05712858306792633	0.3877413181421978	partial	partial	1.3120302751929798	0.4912979881724801	0.5086449385801151	5.7073247404771326e-05	-0.00012077562358196354	0.1381567054260897	0.02535716640543257	0.013083411058754534	0.961559422535813	partial	0.0
AAGCCGCCACAGCCTT-E15S	58374.0	-0.30108002024652747	-0.3250949343359441	0.35216203026789905	0.04455113018778117	0.7901340973967752	reverted	reverted	0.3777808981471444	0.3403112570737397	0.5330332828732813	0.12665546005297895	-0.35325061462801677	0.20878190402369895	0.019221651148115484	0.04137851405990491	0.9393998347919795	partial	0.0
CGCATCTCATAAGTGC-E15S	61354.0	-0.20259394194934505	-0.339463916623132	1.969681018443874	0.07464357419429067	0.149761174281077	persistent	persistent	1.993501311547151	0.6546458112120588	0.3453541817315431	7.0563982308106464e-09	-0.7053547582621269	0.24836377385357125	0.020487372983581942	0.159030294910296	0.820482332106122	persistent	1.0
GCCCTCACAGCTCTGT-E15S	57317.0	-0.25047304855913244	-0.41822382163003125	1.1695126542502665	0.06019594827265172	0.44481693880843187	partial	partial	1.2264722410692366	0.4688536682592498	0.5309278469654295	0.0002184847753206624	0.41638846128828827	0.0942734637850278	0.11317553528249827	0.008976525860500531	0.8778479388570012	partial	0.0
ACGCCATAGGTTAGGG-E15S	64496.0	0.020240154494894635	0.2906302296050496	-0.8809398552014902	0.022854675223252637	0.9749175187791259	reverted	reverted	-0.8961695183231725	0.20628458242849051	0.220419359084514	0.5732960584869956	-0.08894235367659237	0.21448628645285875	0.024799949156706528	0.018281612104273866	0.9569184387390197	reverted	0.0
CACTCACCAATGAAGG-E15S	57695.0	0.11719652059918145	-0.21283884954640908	0.07002880126698588	0.031039311995697687	0.8652800460293529	reverted	reverted	0.09092439051708902	0.2523619104684864	0.39726258412106125	0.35037550541045237	0.18412521210799096	0.13443809090740003	0.04202403329917268	0.009697742796717522	0.9482782239041099	partial	0.0
CATCAATAGCCAATGC-E15S	58060.0	-0.040681955141029014	0.20551832702091222	0.2768061541355595	0.031506802894814806	0.8128131646462183	reverted	reverted	0.2583974791101557	0.3191986575182144	0.5033309475776379	0.17747039490414776	0.11903739383222217	0.13620693393981434	0.034263247603551907	0.010514440729675112	0.9552223116667731	partial	0.0
GTTAGGGAGTGCTCGG-E15S	61836.0	0.10874908367760877	-0.28149130045328047	2.2901778557318826	0.07299193637936481	0.08760582127769238	persistent	persistent	2.3282602877215632	0.7444685085530807	0.2555314914114672	3.5452218527968756e-11	-1.0645242892048037	0.3908143266050537	0.019750825905182477	0.26900116470893554	0.7112480093858821	persistent	1.0
CCATCTTAGCGAAGGC-E15S	57669.0	0.13673073896836635	-0.2875581868463967	1.7197856604847213	0.06602919092565022	0.220391643216342	persistent	persistent	1.737792279836664	0.5874785255041581	0.412521199074149	2.754216928164844e-07	-0.1449699545098515	0.14693279334314863	0.020211087646510535	0.01949640628293422	0.9602925060705553	persistent	1.0
TGAACATTCCGCCAAG-E15S	57751.0	-0.2431722454173925	-0.38016479680599785	1.1813920850312114	0.0623158863630242	0.439270148879968	partial	partial	1.2110356260478266	0.4708857755268682	0.5289212682791078	0.0001929561940239052	-0.31896449418919937	0.1884992448886262	0.018933869337064233	0.03658872184008102	0.9444774088228547	partial	0.0
TCCAGTAAGTCATCGA-E15S	59614.0	-0.35695375411373964	-0.37780162838269915	1.3764185737887353	0.0594824569475562	0.35129780471421707	partial	partial	1.3611543485044149	0.5077020901798975	0.49227575539786805	2.2154422234465024e-05	-0.055551486868233246	0.13932741883430125	0.022786224459803658	0.014961918670794853	0.9622518568694015	persistent	0.0
AGAATAGTCTAATGCG-E15S	54749.0	-0.019959846831077932	0.1077325931862102	-0.3906768324385342	0.026406849795655725	0.9388910321993672	reverted	reverted	-0.38973795091289476	0.15608075300794194	0.22014394018231356	0.6237753068097446	0.27435492799407063	0.1314729315888753	0.05844030989208644	0.009067118348838768	0.9324925717590747	reverted	0.0
CTTAGCGGTGCAACGG-E15S	60122.0	-0.32565089684012355	-0.383797944702593	-0.22982174015013318	0.03765261398219111	0.9189017374189582	reverted	reverted	-0.19632606050086165	0.1750408790638144	0.2608392572387413	0.5641198636974443	0.2069087268566632	0.12631957551184878	0.04523520068564503	0.00939352597916849	0.9453712733351864	reverted	0.0
TATACCCTCACGGACT-E15S	56539.0	0.2522960354346349	0.07097813272701459	-0.20751296596563784	0.027658487386306416	0.9156982106061149	reverted	reverted	-0.17938550820658303	0.1789885072304396	0.2683848815978431	0.5526266111717174	0.03199176064390976	0.16364724853430632	0.028382476842984877	0.012775262048135968	0.9588422611088793	reverted	0.0
TCACATTCATAGAGTC-E15S	59164.0	0.3578413272617091	-0.01083409862585627	1.6311558627994693	0.06739557336525229	0.2505660093014634	persistent	persistent	1.6737274886046947	0.5652435503170099	0.4347555318965564	9.177864336470166e-07	0.09790606876722592	0.1206784705390027	0.0316400451992253	0.010589628480644531	0.9577703263201303	persistent	0.9761904761904762
GGGACCTCATAACGGT-E15S	59623.0	0.16397567349179537	0.24657065778285003	1.1225514266246621	0.04935604265530964	0.46686604694561523	partial	partial	1.1074279346359472	0.46105274129010665	0.5385932203119884	0.00035403839790483873	-0.17962371277406558	0.16831169334123827	0.0201644184698642	0.02223812959893073	0.9575974519312052	partial	0.0
ACGGGTAAGCGCAACT-E15S	61083.0	0.1340282955448701	-0.06515364528969003	2.208482003135375	0.08524149574273214	0.10078233848829907	persistent	persistent	2.2269565849945128	0.7217261269233433	0.2782738729309567	1.4570012100283122e-10	0.2745297221233112	0.09981029894259545	0.05837434849643561	0.00879859567591766	0.9328270558276467	persistent	1.0
TAACTGACATCATACT-E15S	59073.0	0.24949348099265006	0.14917358519211232	-0.7283194816752409	0.021121301713393104	0.9667938330606688	reverted	reverted	-0.7171478647312992	0.17081719121870753	0.20256602034887788	0.6266167884324145	0.02230877425250469	0.17554969354665662	0.028334578149645046	0.013304995632229982	0.9583604262181251	reverted	0.0
CACGCCAAGGCGCTTG-E15S	63203.0	-0.06509995385427175	0.007038673922654115	3.8670128409941515	0.1345350226055525	0.004828337730524069	persistent	persistent	3.9249233596638167	0.9854505534186444	0.014549446581355575	8.670670737413599e-27	-0.374960777714348	0.15000739384013964	0.018135375664852987	0.047031944618776446	0.9348326797163704	persistent	1.0
TCGATCAAGGATCCAC-E15S	60124.0	0.045553202642053425	-0.15171641526556962	0.6058308696239979	0.04572826386438192	0.6996223623849502	partial	partial	0.6265507619833771	0.39036426782176137	0.5808153257331474	0.028820406445091228	0.07492473771527804	0.1404042155360343	0.030453706096621697	0.01134096716742051	0.9582053267359578	partial	0.0
TGCTAACGTGCGCCAT-E15S	60441.0	-0.2573386934671168	-0.38288963205544135	1.5768999201688159	0.050890734395354936	0.27034338233231003	persistent	persistent	1.6104917252763695	0.5521561767669557	0.44784195219804757	1.8710349966723886e-06	-0.34246047353058806	0.1822183132425546	0.01866661064384363	0.040152037556756365	0.9411813517994	persistent	0.9176470588235294
CGGATAAGTTTCGTCC-E15S	58535.0	0.03619332188875213	0.3325782388877434	2.155615860882948	0.06134160492551032	0.11022171852864561	persistent	persistent	2.156227285965012	0.7068727478660056	0.29312725177877935	3.552150029370424e-10	0.021396177006500892	0.12311753885769636	0.026012609513882352	0.012207382381931925	0.9617800081041857	persistent	1.0
TAGTTCCTCAGGAGAT-E15S	61034.0	0.11119885092859777	0.2820193004532028	-0.5003050103006198	0.025488242440908502	0.9497688651186754	reverted	reverted	-0.494942750342779	0.1525671518299615	0.20516607119117417	0.6422667769788643	0.15962084057480616	0.14508383463361665	0.03915764902539904	0.0101216155640909	0.95072073541051	reverted	0.0
GCGCTTAGTGATTACC-E15S	57073.0	-0.1901753918248401	-0.22636484203164603	-0.2538017841240537	0.030060720430444183	0.9222211509813006	reverted	reverted	-0.25808918919379936	0.17115758280722249	0.25325715652223163	0.5755852606705459	-0.1581276720832376	0.19331566498753153	0.02161488438248788	0.021380969964782583	0.9570041456527296	reverted	0.0
GCCATAATCCTGCCTA-E15S	62226.0	-0.16598546917773715	-0.2988569453057292	2.3839463825968688	0.08387669665858616	0.07441677005518273	persistent	persistent	2.383634454353619	0.7700276265137888	0.2299723734795813	6.629845588546966e-12	-0.4856536406906692	0.19538232916937878	0.019058678942360317	0.07231799081520815	0.9086233302424316	persistent	1.0
AGCACGTTCTCATCTA-E15S	62166.0	0.024463469205541266	0.4377594897863293	-0.04412635554966776	0.028547890229047128	0.888545365649512	reverted	reverted	-0.06142552985505713	0.2173899684915534	0.33759749714952036	0.44501253435892624	-1.1864325438972418	0.523569269240113	0.021173751649860583	0.19462719459545508	0.7841990537546843	reverted	0.0
ACGAATCCATTACATC-E15S	58282.0	-0.19964254098475762	-0.36568740235212505	3.0390336034175065	0.10466256612800982	0.02273344113956197	persistent	persistent	3.101916712706316	0.9129104043185703	0.08708959568142963	1.0615049363446904e-17	0.21007261116330897	0.09834308993095665	0.045098200680838446	0.00906557442510182	0.9458362248940598	persistent	1.0
GCGTGTTAGCCGAGTT-E15S	62317.0	0.048928667432146355	-0.2642419596839081	0.05043491940592972	0.036256943702228685	0.8695458449494694	reverted	reverted	0.06271636328001294	0.24603952031588106	0.3866557799242382	0.3673046997598808	0.044669278299945485	0.1487690946414207	0.028558339272532	0.012146820158521842	0.9592948405689462	partial	0.0
CGCATGGTCTAACCAG-E15S	54283.0	0.0719649895175331	0.39781505391547867	-1.2114238835244762	0.02987726933048669	0.9864247630155503	reverted	reverted	-1.2148031820520822	0.3673520929491855	0.296461049860015	0.33618685719079944	0.5416311648672829	0.11845448251280266	0.20473644603609553	0.00962033171032368	0.785643222253581	reverted	0.0
AAAGTGATCCTCGTTG-E15S	42575.0	-0.044851097982985644	0.6458808454897513	0.5277618705257796	0.044814080141321426	0.7297385933195155	reverted	reverted	0.5331975745553282	0.3779793366715678	0.5740571279802901	0.04796353534814227	0.3510593946059707	0.12073588387313067	0.08099189294238045	0.008864585715960124	0.9101435213416593	partial	0.0
CATCACTTCGCATCCC-E15S	57013.0	0.2558108472089818	0.1405553278754701	-0.818903025848246	0.02616815378107405	0.9718796394281349	reverted	reverted	-0.8019262726931764	0.18923821157297374	0.21136218870156337	0.5993995997254629	-0.09802624608390693	0.21160503640254394	0.024315224017508116	0.018616353432991988	0.9570684225495	reverted	0.0
CTAGCATGTCAACTTA-E15S	56299.0	0.26159247552882176	0.148638392490129	0.6595836054730742	0.0436957084086813	0.6778127413094963	partial	partial	0.6449762421132833	0.3979116246471837	0.5823076728858094	0.019780702467006844	0.058882752881566136	0.1432943652362401	0.02933785150653356	0.011721718375116812	0.9589404301183496	partial	0.0
CCTGTGGAGCATGTCA-E15S	58486.0	-0.11985154661326197	0.4796086612222752	2.736027016248564	0.08668894232581546	0.039647028294205404	persistent	persistent	2.738609129114805	0.85631858468966	0.14368141531033268	7.260084434927971e-15	0.022234791722340604	0.11837069519410269	0.025890163357846396	0.012100801474966116	0.9620090351671875	persistent	1.0
ATAGCGAGTGCGAGCA-E15S	59486.0	-0.09832602575560778	0.07785511391994249	2.965469775967848	0.10626295289549476	0.02604206696197239	persistent	persistent	2.9898525051354303	0.9008578891775642	0.0991421108224358	5.477520905362924e-17	-0.01826600933039669	0.11880885189322597	0.023698746537820774	0.01324934488427561	0.9630519085779036	persistent	1.0
GTTAGGGAGGCTATAT-E15S	56707.0	-0.2903359530777191	-0.3448462123504805	0.26742480397110113	0.046694903365987576	0.8155003609754375	reverted	reverted	0.27909319898054236	0.31638185601696023	0.4991693928321093	0.18444875115093048	-0.21775756583582792	0.19610433205085942	0.020413718570505494	0.025741317774449695	0.9538449636550449	partial	0.0
CATGGTTGTGGCTTGC-E15S	60910.0	-0.0034162148077060417	-0.19597404995174544	0.23298268573153091	0.03528589766329656	0.8251098582099886	reverted	reverted	0.2803091993619533	0.30574203365575886	0.4831261813940464	0.21113178495019486	-0.2932841540524578	0.20433333331334497	0.01959818882844993	0.033312052021952934	0.9470897591495971	partial	0.0
TGGAATGGTTTGGTCG-E15S	60215.0	-0.1777712446192623	-0.37503257391144923	-0.8403950318529058	0.02799638195705752	0.9729705213839077	reverted	reverted	-0.8081751768539159	0.19471166571278967	0.21422837377422652	0.5910599605129838	-0.12998376008761287	0.21879463634091834	0.023563875489242637	0.020426991055103202	0.956009133455654	reverted	0.0
TACCCTTAGCTGGTGT-E15S	45030.0	0.15225535857749944	0.7916464765829787	0.5155563765766984	0.045199116182551756	0.7342714668802751	reverted	reverted	0.511907996835806	0.3758436894759283	0.5724317842764562	0.0517245262476154	0.585383105655631	0.0981201055579114	0.2693355134921714	0.010055001446776306	0.7206094850610523	partial	0.0
ACGTAAGGTCAGGCGA-E15S	57839.0	0.40728048465759664	-0.10002973126919884	0.4849280696282243	0.043512213765713265	0.7454304223985683	reverted	reverted	0.5197861988287623	0.37020240283452427	0.5676025561778403	0.06219504098763548	0.010882393490234631	0.1543328103121981	0.026658623458533502	0.013120580508656731	0.9602207960328096	partial	0.0
CAATCGATCGTCTCTG-E15S	64108.0	0.03300366474653965	-0.003377140073187568	0.32019411211478405	0.046545785285979246	0.7999935478385681	reverted	reverted	0.33648978344993014	0.3317025370512503	0.5212798632572765	0.14701759969147316	-0.12163512771611758	0.16506966662153033	0.02148881167204927	0.01857306691865433	0.9599381214092964	partial	0.0
GCAAGTGAGTCGATCA-E15S	58665.0	-0.12526116181386815	-0.07627944560481625	0.340003433234978	0.03536658194693215	0.7939255172010582	reverted	reverted	0.33817952175843885	0.33710047322520104	0.528716305744237	0.13418322103056196	-0.010297814647943363	0.15605327857589282	0.02556289425683992	0.013777105070032856	0.9606600006731271	partial	0.0
ACAGATGGTTAATCTG-E15S	55746.0	-0.01647214096545413	-0.10463673065010193	-0.5293914509790791	0.021416449716455368	0.9523317847093	reverted	reverted	-0.5181149212978413	0.15291515533661462	0.20276608109645333	0.644318763566932	0.3181914223607725	0.1296768247252958	0.06992218158286703	0.008935854376019646	0.9211419640411135	reverted	0.0
CACCCTTGTAACGGGT-E15S	58869.0	-0.3334567541657043	-0.4324146135764942	2.159216616642341	0.0730610313699612	0.10955495160122095	persistent	persistent	2.1894431654164874	0.707886402524169	0.2921135971413407	3.344902276836856e-10	0.13492480571769064	0.11005337420584561	0.035000755909210875	0.009901851350272535	0.9550973927405165	persistent	1.0
TGGCTGACATGGTGAT-E15S	55385.0	0.4537575243770275	0.19612750356766573	-1.2888948323428282	0.03611132046678861	0.988254894054696	reverted	reverted	-1.240947395660988	0.4192679929900077	0.31337843389163417	0.26735357311835806	0.26959365916532	0.1597280374450892	0.05764618587977849	0.009406708743747624	0.9329471053764741	persistent	0.0
ATGCCTGGTTGGTCAT-E15S	55673.0	-0.1355926079994827	-0.28951396167318283	-0.15931433253977434	0.03536291775900551	0.9083819316379846	reverted	reverted	-0.12238817933721638	0.18861332426533478	0.28630474761066166	0.5250819281240037	-1.0141059260348424	0.4290248748789305	0.020475318263024102	0.19536988538914551	0.7841547963478304	reverted	0.0
AACAGGCGTCAGCTAT-E15S	61310.0	-0.0008586285518951131	-0.24939548941083717	2.1830685374043752	0.07362940072646748	0.1052269711815429	persistent	persistent	2.202825129326248	0.7145947129829308	0.28540528679293553	2.241337044269533e-10	-0.42308168360447107	0.18264171667459334	0.01865877029484817	0.05612940934219876	0.9252118203629531	persistent	1.0
CTATCAAGTGATTACC-E15S	56298.0	0.07314444001757553	-0.03221973852824378	1.5042613898725252	0.06313145907247616	0.29830857192443927	persistent	persistent	1.5478313432719946	0.5353139815783677	0.4646813019375146	4.716484117620619e-06	0.13214658179161642	0.12229180449218986	0.0351123621033811	0.010110106068637187	0.9547775318279818	persistent	0.3707865168539326
TCTATGCTCCGCGAAT-E15S	51764.0	-0.20192692493705802	-0.14978034522199546	0.06464500470333237	0.032991838862464026	0.8664637554282396	reverted	reverted	0.05570532002900768	0.25061543424279803	0.39434050246530883	0.3550440632918931	0.08007812273556891	0.15193721658587525	0.031372249392225285	0.01146557932435672	0.9571621712834181	partial	0.0
GGTGGCAGTAACGGGT-E15S	57670.0	0.022613983404629667	0.04582590596030167	0.36562901416206905	0.0332656475680932	0.785875179903203	reverted	reverted	0.3546524527371992	0.3437747019229575	0.5375909262496562	0.11863437182738625	-0.13072444978350292	0.17255547563168708	0.021519308621182637	0.019249774220585682	0.9592309171582317	partial	0.0
GTTAATGCAAGCTCAG-E15S	54650.0	-0.11570362127746558	-0.24492310962631048	0.9439499062613447	0.05500466566095327	0.5511676254696042	partial	partial	0.943897732803964	0.4345385013293744	0.5635006596484307	0.001960839022195035	0.1329481717056198	0.12280898562049769	0.03521840438681484	0.010107219929756623	0.9546743756834284	partial	0.0
AGGCCAAAGCAACCTA-E15S	58838.0	0.10489224435200645	0.06462918833037756	-0.6381242367990667	0.02992800033552323	0.9608529514788414	reverted	reverted	-0.6182353499045755	0.1591813335672991	0.19924637751691898	0.641572288915782	0.22976433751114592	0.13966475860059374	0.04947375717583138	0.009395626231300606	0.9411306165928681	reverted	0.0
CCTAGGTAGGTAATCT-E15S	57174.0	-0.05145667207935739	-0.1580631375824304	0.19838168369015208	0.0368446962478907	0.8343621110336605	reverted	reverted	0.1945675182886293	0.2946635273972994	0.465957371704582	0.23937910089811854	0.1600487410709514	0.13225431019544281	0.03873480381942371	0.009917133807975468	0.9513480623726007	partial	0.0
CCCAGGATCAGGACGA-E15S	55859.0	0.001766139652891019	-0.2593605247935491	-0.3520549389960787	0.02808962977630693	0.9345588712936088	reverted	reverted	-0.32947731518282425	0.15912384327448767	0.22778878453203344	0.6130873721934789	0.21753006493956822	0.13338748029783132	0.047182856366386146	0.009402379394338477	0.9434147642392753	reverted	0.0
AACCGATCACAGGCTA-E15S	59858.0	-0.115836102463242	-0.12342846261464335	1.230895817200471	0.053694967746319176	0.4163335977530357	partial	partial	1.2394847879878497	0.479612917318092	0.520273182941717	0.00011389974019102727	-0.11931108259144994	0.1562282622491799	0.021221247588775912	0.018241837462209046	0.960536914949015	partial	0.0
GTCTACTTCCTTGGTT-E15S	55504.0	-0.30683342456199864	-0.42013011477201645	0.9530577661621599	0.053470069462304384	0.5468984670943656	partial	partial	0.9352339678988916	0.435782713136188	0.5624117653181033	0.0018055215457085424	-0.614500649459362	0.24824041570545474	0.019905084585443416	0.10900533423808341	0.8710895811764731	partial	0.0
GTAAATGAGTCATTCC-E15S	52233.0	-0.1209362034872748	0.4265057522899758	-0.5972902830204664	0.030518827788414412	0.9578392982825088	reverted	reverted	-0.6207771511855046	0.15588402315331398	0.1995819020091168	0.6445340748375693	0.34054385425984224	0.13228957156434562	0.07683902513530405	0.008931583314664659	0.9142293915500312	reverted	0.0
CCATAACGTGAGGTTA-E15S	59988.0	0.09365050066943809	-0.05066060369872716	-0.4690145345755234	0.026174484671883387	0.9468662725655623	reverted	reverted	-0.4696867796480338	0.15279631114065548	0.20846655691354032	0.6387371319458042	-0.2193827746333802	0.22591415280407529	0.02154202332633907	0.026483311039813114	0.9519746656338478	reverted	0.0
GTTCAATAGGTAGTGG-E15S	57020.0	0.33824748160069645	-0.14344834725570582	1.8230451262309932	0.06748265899699614	0.18864000346749518	persistent	persistent	1.858892263372949	0.6145544289892758	0.3854455073982019	6.361252236310262e-08	0.08655451323386512	0.12500622903477526	0.0308008928184803	0.0108525012870378	0.958346605894482	persistent	1.0
AGCGGTAAGGGGTCAA-E15S	60101.0	0.03517741465605906	-0.311401473160231	1.4453165622312476	0.06015775570827166	0.32217946944653053	partial	partial	1.4843286686923391	0.5222515715355861	0.47773868097775807	9.747486655869459e-06	-0.05487831340348807	0.13832757442499133	0.02277595749162059	0.014914529887184986	0.9623095126211944	persistent	0.1566265060240964
TACCGCCTCTGGATCA-E15S	58471.0	0.1255569681362278	-0.012143285940757975	0.7248042620915772	0.0485038943852081	0.6502789332212251	partial	partial	0.7451768484919482	0.4064320300235632	0.5813707054649971	0.012197264511439767	-0.11526453230249213	0.17006228374531387	0.021877395467190048	0.01835892802565658	0.9597636765071533	partial	0.0
TGATGAAAGTTAGCAT-E15S	58357.0	-0.27024382110932577	-0.3657626696807098	0.8992892637812141	0.04920773558093565	0.5719811700081588	partial	partial	0.9037323287134269	0.4285722878253242	0.568510713949821	0.002916998224854834	0.0012892190367262686	0.1423106509853818	0.02560286997174114	0.013129612056057883	0.9612675179722009	partial	0.0
TGCTACCCAACTACTT-E15S	53139.0	-0.01234259715519681	-0.3020221868963107	1.1969934835643217	0.0545692651235241	0.4320086784200591	partial	partial	1.2147156503992607	0.47359099121945347	0.5262453211387166	0.00016368764182999947	0.05114530726247052	0.13576913071678356	0.028462122143521226	0.01174258577082184	0.9597952920856568	partial	0.0
CGTACTAAGAAGGTCG-E15S	59181.0	-0.11954629156924768	0.1729483235379602	2.350613215438551	0.0807913389089975	0.0788817892924853	persistent	persistent	2.358654508696558	0.761025456407055	0.23897454358083223	1.2112741385356993e-11	-0.18819863169265413	0.14870709065509133	0.019361473935567048	0.02248187535511566	0.9581566507093171	persistent	1.0
ACGTTCAAGTTAGTAC-E15S	58683.0	0.03490869140838376	-0.010362971486368111	-0.7270614334299049	0.028367819591603234	0.9667172878021775	reverted	reverted	-0.7252843088651482	0.17061109612662356	0.20248195021923665	0.6269069536541398	-0.11661742670135414	0.22467886513434113	0.024296226691795073	0.019897812181617555	0.9558059611265872	reverted	0.0
GGTACGGGTAGCCAGG-E15S	57906.0	0.14466806754632006	-0.21478556711091734	-0.45105180624923913	0.02437823465300646	0.9451291737842967	reverted	reverted	-0.4351145480049269	0.15320794779853625	0.21070599346729366	0.6360860587341701	-0.40910254075164076	0.26816557709794514	0.020434765830859306	0.04865269250952307	0.9309125416596176	reverted	0.0
AGTAACGGTAGCGATA-E15S	55124.0	0.15433698307075444	-0.026686519954867816	-0.6416154069490667	0.02290935658648905	0.9611008021297007	reverted	reverted	-0.6167361108815204	0.15951806238291563	0.19927155157016918	0.6412103860469152	-0.14595863858407318	0.2153793654363179	0.02291259663560794	0.021224150131236654	0.9558632532331555	reverted	0.0
ACCTAAGTCGTTACAG-E15S	57755.0	-0.31177136384089293	-0.4328538181488837	1.5559424450972947	0.056887806942505975	0.2782406446227811	persistent	persistent	1.5741737440153822	0.5472150405032484	0.4527825081123442	2.451384407435417e-06	-0.08263808480089528	0.13784850519565914	0.021715592566874633	0.016048907905931102	0.9622354995271942	persistent	0.7040816326530612
TGGACGAAGTAAGTTC-E15S	58702.0	0.3295391967848342	0.042263133031200995	2.653537592936397	0.09145819812398806	0.04603961689245504	persistent	persistent	2.739793156879691	0.837846154377783	0.16215384562217838	3.861396047016482e-14	-0.3736225582073834	0.17899481240385992	0.018538977301377216	0.0456586010368314	0.9358024216617913	persistent	1.0
ACGCTGACACCAGCAA-E15S	43217.0	0.03297282586701766	0.5019266674474587	-0.5736335979351026	0.03185153518113885	0.955993163603157	reverted	reverted	-0.5697858131823391	0.15450060433826757	0.2003139062674747	0.6451854893942578	0.6447051274373986	0.10182307033940384	0.3574735744683225	0.010297869768340066	0.6322285557633376	reverted	0.0
GGTAATTTCCCGTTGC-E15S	57985.0	-0.22562075616475913	-0.10134036748924913	0.9904518793220957	0.05429364503718748	0.52930492339024	partial	partial	0.9830558423853337	0.44100054038043524	0.5577197319720419	0.0012797276475228646	0.08823109683752225	0.13092128648115656	0.031174746251973612	0.010923549220559683	0.9579017045274667	partial	0.0
AGGTGCTTCCAGCACG-E15S	57556.0	-0.049319309940826284	-0.38396567565925827	0.031476846904009204	0.036889359844811946	0.8735633996406613	reverted	reverted	0.04541160675006278	0.2400232368939955	0.37648968104088953	0.383487082065115	-0.27670403670680677	0.2111416268953918	0.020015650694993455	0.03151292367813678	0.9484714256268697	reverted	0.0
CACCACCTCAGTACCA-E15S	55024.0	-0.180038883514554	-0.2581725493403638	0.5365491116238245	0.04178062232824534	0.7264452098074733	reverted	reverted	0.5717706042242927	0.37947978905279767	0.5751259579499961	0.04539425299720617	-0.07335370098439857	0.16491710106097404	0.02310775571022638	0.01627140271324475	0.9606208415765289	partial	0.0
ACTTAACAGCGAGACA-E15S	56813.0	-0.29732714566520135	-0.3505440432384489	1.7391367166378073	0.07244794335143621	0.21416164802024468	persistent	persistent	1.7912965801886847	0.5924633029925419	0.4075364866400567	2.1036740135730583e-07	0.17423332120759716	0.10780500542336131	0.03981975572839815	0.009445950526163089	0.9507342937454387	persistent	1.0
CACCATCCATGCTCAC-E15S	57345.0	-0.1631000374519041	-0.2968391686387962	0.04946145157525133	0.02909215441262444	0.869754756136733	reverted	reverted	0.02687246278771808	0.24572799469493264	0.3861311117488328	0.36814089355623464	0.09869320995023292	0.13916827867118392	0.0324344108105594	0.01088842937696027	0.9566771598124804	partial	0.0
CTTAGCAAGTAGGGCA-E15S	58245.0	0.10273747642517267	0.4463799045082675	-0.1808300044191592	0.03477695564150324	0.9117159360030931	reverted	reverted	-0.16476585690862863	0.1841327733256724	0.2780333917198819	0.5378338349544456	-0.11236831992618196	0.1818148404453498	0.02245537904586818	0.01850624174008334	0.9590383792140484	reverted	0.0
AATCATCAGTAGCATT-E15S	56967.0	0.06151454753569113	0.263993607144275	-0.6647947090517012	0.022670842703241906	0.9627085847761297	reverted	reverted	-0.6757705331862613	0.161978986497248	0.19965154006903227	0.6383694734337197	-0.038565954332744214	0.19053835723968843	0.025761197976403492	0.015580006956841556	0.9586587950667549	reverted	0.0
ACTCACTTCCGGTTAA-E15S	49632.0	0.2347517214197567	-0.041514818437440426	0.38112356470387887	0.04002588837332207	0.7808976843007793	reverted	reverted	0.40176330396205406	0.3476374819554609	0.5425403259432962	0.1098221921012429	0.4999528815379346	0.10362359101869387	0.17103944846252395	0.009441729557439573	0.8195188219800364	partial	0.0
AACTGAAAGTAACGGG-E15S	56729.0	-0.2663651336363484	-0.28515099826903445	-1.2151256957832355	0.03606232347699961	0.9865182888386729	reverted	reverted	-1.184954097579071	0.3697638197234991	0.2973437959743	0.33289238430220086	0.15177525633733382	0.1651501698540022	0.0390382880962083	0.010569427798779629	0.950392284105012	persistent	0.0
GGTTGGTTCTAGCTTC-E15S	58746.0	0.023041716553892366	-0.31640718945716945	-0.3234880568644753	0.030689790554767653	0.9311725680351572	reverted	reverted	-0.30492886384670725	0.16198390296649792	0.23428509499773809	0.603731002035764	-0.9868551979158232	0.4360318862796831	0.020757580949520155	0.17683871264093	0.8024037064095498	reverted	0.0
CACGTTGGTTCATCGG-E15S	49129.0	0.026201450571447293	0.4764430003149105	-0.47876024354920976	0.030270235476777475	0.9477868910226624	reverted	reverted	-0.4720080842867904	0.15265829989829646	0.20735749107092902	0.6399842090307745	0.16543197717889965	0.15189965973564373	0.040149629444624246	0.010165467074693511	0.9496849034806822	reverted	0.0
ACCGATGCACTAACGG-E15S	48468.0	0.3031791798626838	0.27002923566651205	-0.7593144877278556	0.02357514586312098	0.9686268773505693	reverted	reverted	-0.7611090389730907	0.17631128112418196	0.2049696731702928	0.6187190457055254	0.33914348713782805	0.1400812181759506	0.07609088797338849	0.00898639194691106	0.9149227200797004	reverted	0.0
GGAGATTAGGATCTAT-E15S	60204.0	0.05877283311815734	-0.15798215049116132	2.319428478834693	0.07362149078880868	0.08327947476411462	persistent	persistent	2.3084817731944156	0.7525164816614965	0.24748351831735804	2.1145445714581996e-11	-0.42017176978605986	0.18595230523428485	0.018688124173408163	0.05518888749835355	0.9261229883282384	persistent	1.0
AACGATTTCACGCAAC-E15S	53873.0	0.13125252364597623	-0.11940596868541686	-0.5914794504028182	0.02342975995312246	0.9573928071623837	reverted	reverted	-0.5661515422784222	0.1555089881092311	0.19972483026711577	0.6447661816236531	0.572397247588615	0.10639927036633584	0.24676004587697944	0.009900917221275089	0.7433390369017455	reverted	0.0
TGTAGGTCAAACCCAG-E15S	55999.0	0.07618808870812138	0.1606483337458302	0.35671817615066354	0.035945085103065544	0.7887002223688544	reverted	reverted	0.35108075003040795	0.3414939963392225	0.5346017084232204	0.12390429523755701	-0.15061051283290902	0.17766923169527876	0.021182198474612727	0.020534270286027115	0.9582835312393603	partial	0.0
AGTATGAAGCCTACCC-E15S	53586.0	-0.010628078518970796	0.14669636308592637	1.6375920034135056	0.05548095683976636	0.2482849148408229	persistent	persistent	1.6446926332862155	0.5668234468042668	0.4331757108124653	8.423832680134603e-07	-0.0870580163107022	0.1522008299807742	0.022095429448829165	0.016566489630563792	0.961338080920607	persistent	1.0
GCGAGGTAGGTACCCG-E15S	53192.0	0.18234161694944057	0.10609792303933874	-1.501694864162246	0.04546613734329924	0.9921188323993764	reverted	reverted	-1.432254770863325	0.5596676136047444	0.3317161256855863	0.10861626070966926	0.4499214251322907	0.14675411531317756	0.12358080304339378	0.009122727486584818	0.8672964694700214	persistent	0.0
CTCATGGGTTCCCAAG-E15S	59508.0	0.21519458203764913	-0.14075347045702696	0.8349262154551211	0.0512274155211987	0.601516510003341	partial	partial	0.8458395403566427	0.42028946214216084	0.5746525685031298	0.005057969354709179	-0.10629427002672331	0.16122452523426864	0.021807407137943897	0.017690385234162838	0.9605022076278933	partial	0.0
CTACGAATCCCCAATT-E15S	57954.0	0.2732820876080729	-0.1599999413033285	0.5372188873102076	0.04606305794065465	0.7261931598006731	reverted	reverted	0.555316941656569	0.3795929208098651	0.5752040100638587	0.04520306912627624	-0.5624191389706944	0.28385922836064875	0.020079449176773838	0.08087354675024508	0.8990470040729811	partial	0.0
TCCACTTAGTAATGAG-E15S	53624.0	-0.3160624105639901	-0.36660723988074945	1.5960679669214481	0.07006672639550153	0.26324521818458324	persistent	persistent	1.623456118659264	0.5567318346074629	0.4432667075264678	1.4578660692423881e-06	0.11999667026001123	0.12419791074706694	0.033899859304264354	0.010306318303711854	0.9557938223920239	persistent	0.8876404494382022
GTGACGTTCGTTCGGG-E15S	55871.0	-0.29563651327302753	-0.4190590830249985	-0.2091193764987337	0.033353583647067565	0.9159326778411063	reverted	reverted	-0.20845892937149632	0.17869347191804738	0.267825662790449	0.5534808652915036	0.08959754761932161	0.14253149267570273	0.03176815493151234	0.01110784378428927	0.9571240012841984	reverted	0.0
TATAGGTTCCTGCCAC-E15S	52475.0	0.2896247643400915	-0.00473209547996567	-0.18525087784638108	0.029415694017446068	0.9123872705279125	reverted	reverted	-0.1573603623978271	0.1832487811464209	0.27638800466974695	0.5403632141838323	-0.03987192343766889	0.18450849726183155	0.02540780776694798	0.015466543641799188	0.9591256485912528	reverted	0.0
AACTCGATCCAACTCT-E15S	54548.0	-0.029191372178409614	0.09479965888479647	0.4597895099290648	0.038811735164898546	0.7543555654458982	reverted	reverted	0.4721081376420552	0.36524698557325447	0.5627981918950866	0.07195482253165894	0.05409835392457726	0.14822996493033286	0.02920081567771782	0.011923799676788928	0.9588753846454934	partial	0.0
CCTGTAAAGTTACGGC-E15S	56953.0	0.12256302539006741	-0.15073669976026483	-0.1825583988755893	0.02677866355192886	0.9119789538082955	reverted	reverted	-0.17064552173727554	0.18378567267595078	0.27738790070357594	0.5388264266204732	-0.11509181565077942	0.18877701367883248	0.02266837997261845	0.018826167257960408	0.9585054527694211	reverted	0.0
TACAGCGCATCCGCAT-E15S	50813.0	0.10460153320828297	0.450813179973502	-1.027217355929394	0.030147471831677434	0.9808686231244251	reverted	reverted	-1.019643244569139	0.26281576867360185	0.2503315291550973	0.4868527021713008	0.3357427719494832	0.14474068802273746	0.07485365942427565	0.009025781442645538	0.9161205591330788	reverted	0.0
ACGATTGTCCCTCAGC-E15S	51091.0	-0.1827831486207937	0.1820032067472115	-0.3434300675565598	0.028901040109953913	0.9335531482653893	reverted	reverted	-0.3530865537327376	0.15993256017949764	0.2296735735757989	0.6103938662447035	0.3432704656957785	0.12820688435926636	0.07791738032751495	0.008904824882599603	0.9131777947898855	reverted	0.0
CGTACCCTCTGGCCTC-E15S	57005.0	-0.19312107099987025	-0.3258640267117528	1.0142366731113628	0.051546876075151765	0.5180736124205286	partial	partial	1.003744006253768	0.4444173377168392	0.5545591736352506	0.0010234886479100374	0.18943189224321316	0.11733745629438068	0.042271952005714375	0.009424737443105674	0.94830331055118	partial	0.0
GTCCCTTGTGAACCTT-E15S	55825.0	-0.029841498418529067	-0.18099790575892666	-0.12403746861800351	0.025889351919003076	0.902670191252994	reverted	reverted	-0.1058364452750376	0.19659031061101076	0.3007969625116311	0.5026127268773581	-0.0613101866456884	0.1770333625628058	0.024116578272682432	0.0160830958044458	0.9598003259228718	reverted	0.0
TCATGCTTCGTTAAGT-E15S	57119.0	-0.29864493578759144	-0.43413426721480786	2.8996272818876	0.09086178138889114	0.029397565747386847	persistent	persistent	2.9583112250815957	0.8891463359712815	0.11085366402871832	2.307817066726533e-16	-0.24506834448586684	0.14444721152010412	0.018450700678563713	0.02749150457381912	0.9540577947476172	persistent	1.0
TGTCAGGCATTAACGA-E15S	56837.0	0.1238880884466203	-0.15069260034084775	0.7090728994066201	0.055333953045709934	0.6570211384822429	partial	partial	0.7269560296403812	0.4044197340529766	0.5818381669467946	0.01374209900022891	-0.3101830997187487	0.20376687602201854	0.019411576751700965	0.03537211482262625	0.9452163084256728	partial	0.0
GTTATCCTCACATAGT-E15S	56499.0	-0.06013332854951148	0.3324099427713252	3.070438638305792	0.09810909437399115	0.02144937667499645	persistent	persistent	3.11932108563326	0.9177261178727796	0.0822738821272204	5.2111169581781155e-18	-0.1044566175574683	0.13147457760982922	0.0207917322465275	0.016938980226402976	0.9622692875270695	persistent	1.0
CCTTGAAAGCAAGCGA-E15S	50008.0	0.049587354719722254	0.23384044759516298	-0.3313742881612351	0.024147387521773526	0.9321232866197514	reverted	reverted	-0.34479230126233157	0.16114234610507874	0.23241884009472616	0.606438813800195	0.14065737146312415	0.1491560608253174	0.03708927221642668	0.01043020539033825	0.9524805223932352	reverted	0.0
GTCCGTTCAACTACTT-E15S	52329.0	0.12936956788413106	0.07884766768530749	-0.7255788393274949	0.028920189886901083	0.966626861462423	reverted	reverted	-0.7191182549022528	0.17036987791661995	0.20238423134669475	0.6272458907366852	0.02584284567791187	0.1795521380864401	0.028754061437427984	0.013309163415526683	0.9579367751470452	reverted	0.0
TCAGTTGAGAAGGGAA-E15S	56076.0	-0.1921921052641425	-0.30152170944552903	-0.3120107104402256	0.029130506241141413	0.9297668784969592	reverted	reverted	-0.32166720465832405	0.16327977543448285	0.237101655090317	0.5996185694752002	-0.18076429836255448	0.1996718481615309	0.02131810911197227	0.02302287853453261	0.9556590123534952	reverted	0.0
CCTTTAGCAGGCAATT-E15S	54925.0	0.22360958685175608	-0.10948513644879704	1.0193854713543422	0.04251632270667893	0.5156395224910781	partial	partial	1.0166722968500315	0.44516755689979426	0.5538577274969189	0.0009747156032868505	-0.6642849100817173	0.2670298642368405	0.020109961003974542	0.12482324748282067	0.8550667915132047	partial	0.0
TAGTCCCCACCTTGCG-E15S	51816.0	0.07373159644899602	-0.013243971754134387	-0.6801857336245095	0.026236752142066652	0.9637406574773338	reverted	reverted	-0.6600907432815716	0.1638334758955385	0.20010700890179864	0.6360595152026629	0.4742764436860345	0.11760817479611248	0.14618355315810633	0.009240531553718193	0.8445759152881754	reverted	0.0
CGCTACCTCGAACCCG-E15S	52803.0	-0.12983585131577624	-0.12645729109362197	1.5544144998479836	0.0634471216115495	0.2788219236398849	persistent	persistent	1.568521384720299	0.5468573537306713	0.45314014639271555	2.499876613063847e-06	0.20472576812580476	0.11529692376013047	0.04459452315655208	0.00927908211289657	0.9461263947305513	persistent	0.7619047619047619
CAGTAAGGTGAGGTCG-E15S	54026.0	0.05878154500564642	-0.04107007735352863	0.4436293771821496	0.033339536945404265	0.7599804470257687	reverted	reverted	0.47649556426759115	0.36189604255625085	0.5592926222118461	0.07881133523190316	-0.17395002183201522	0.18527929097631965	0.020908935220869677	0.022218908812789658	0.9568721559663408	partial	0.0
AACCGATCAAGGTCTG-E15S	54040.0	-0.2878229479240597	-0.4220991590959065	2.1819467275890854	0.08378101101802625	0.10542709960827255	persistent	persistent	2.2218395387393994	0.7142794918337178	0.285720507937869	2.284132815698057e-10	-1.3199673276687356	0.46073429996019344	0.018602626073168666	0.34754081497861045	0.6338565589482208	persistent	1.0
CCTTGGGAGCGAACCT-E15S	54914.0	-0.19458132548352614	-0.39032901125575853	1.0265538363415463	0.05171685255330004	0.5122494732000227	partial	partial	1.0606316406809364	0.4462184605340517	0.552871129330652	0.0009104101352962615	-0.296662925811393	0.18787856689162366	0.019090880494825862	0.033665835381257385	0.9472432841239168	partial	0.0
ATCACGATCCGGGCTA-E15S	55636.0	-0.3073658413015069	-0.38866049099037603	2.3719212808825216	0.07471968214973661	0.07600009407534176	persistent	persistent	2.3752596530565477	0.7667919102127502	0.23320808977900293	8.246998661984109e-12	-0.12295051278480282	0.13693613367471882	0.02044363264562043	0.018015677463037963	0.9615406898913416	persistent	1.0
CTCGAATGTCTGTGTG-E15S	56967.0	0.05185813456743921	-0.27277613821564406	1.633486017304164	0.07204731374843464	0.2497385484825637	persistent	persistent	1.6568065289141702	0.5658148842341044	0.43418422600100065	8.897648949918269e-07	-0.7431199488478675	0.29236779111795536	0.020306047555511082	0.15296099632619073	0.8267329561182982	persistent	0.9390243902439024
GTACGATCACAGCGGT-E15S	55553.0	-0.12486383529906897	0.010948130552070556	1.620712793759445	0.06327380981683826	0.25429680904301877	persistent	persistent	1.6245216996640996	0.5626922030021455	0.4373067428278836	1.0541699709727116e-06	0.12272702691622012	0.1156364319531849	0.033874985539786004	0.010139987200210029	0.9559850272600039	persistent	0.9367088607594937
CTTGGGACAAGGTGCC-E15S	54636.0	0.058886358374035164	-0.23599033848404793	0.891861967020934	0.040157731607406016	0.5754200291346119	partial	partial	0.9072975160144913	0.42759974017434066	0.5692878387608615	0.0031124210647979285	0.022274073735623793	0.14020087114942797	0.026735982925885825	0.012515544574387832	0.9607484724997263	partial	0.0
AGAGACCGTCTTGCCT-E15S	59217.0	-0.07401422636085536	0.49074314031606314	-0.7916823599876793	0.024428125206869003	0.9704364926308685	reverted	reverted	-0.7889256415042294	0.1829336651315742	0.20815576878138775	0.6089105660870381	-0.34106002497203597	0.2702477658707941	0.021240183350033758	0.03906134715886776	0.9396984694910984	reverted	0.0
ATAGGCTCATTGCGTC-E15S	56875.0	-0.237565045139222	-0.40869426228611605	1.1438596081664196	0.0496346746723633	0.45684018766508033	partial	partial	1.130352387104071	0.4645466655284577	0.535168453415332	0.0002848810562103633	-0.33312463031577194	0.19278036943676102	0.01894964148178514	0.038574382375947645	0.9424759761422674	partial	0.0
GGTTAAGGTGATGACA-E15S	54348.0	-0.14618990786926123	-0.19875789470354094	1.2359921292913956	0.05335550794253358	0.413991020824159	partial	partial	1.2814953014108972	0.480535199041268	0.519357010151464	0.00010779080726795627	-0.42609304227223244	0.21269431747663806	0.019074728591029027	0.05468431383023452	0.9262409575787364	partial	0.0
TCATGCTTCCAACTAG-E15S	57490.0	0.06393383881988252	-0.0926762843591653	0.3290446656523627	0.03802540935385917	0.7972991315354717	reverted	reverted	0.34139121187739746	0.334139462318971	0.5246633677028633	0.14119716997816573	-0.29059812340975816	0.2138090452224228	0.01992695261099953	0.03305538695172957	0.9470176604372706	partial	0.0
GTAGTAAAGTGGGTCT-E15S	51288.0	0.16190339817196814	0.14212960918984563	-1.0347805183615146	0.024717719315551626	0.9811354678773936	reverted	reverted	-1.0161667210351786	0.2664002359568829	0.25214100852628935	0.4814587555168278	0.5010067845032082	0.1199031689733873	0.1663369930685137	0.0093770479525889	0.8242859589788972	reverted	0.0
CTTAGTAGTCTTGAGT-E15S	58909.0	-0.1851783906473763	-0.3742974782678935	0.3674086926454287	0.037838386979170746	0.7853076801037835	reverted	reverted	0.4158297126625437	0.3442250359853866	0.538175472636885	0.1175994913777283	-0.7654281014581834	0.3255931130101151	0.02035352879457316	0.14463257953934622	0.8350138916660806	partial	0.0
TGACATTAGTTAGACT-E15S	51840.0	0.07896409558814571	-0.07461944732778847	-1.1653306074296943	0.027673760993497266	0.9852052579773501	reverted	reverted	-1.1323507345176764	0.33815505183958805	0.28507908810325533	0.3767658600571565	0.5884084778603164	0.11014509701082159	0.2648853141815818	0.009962687623829508	0.7251519981945888	reverted	0.0
TACAGGTCACTTGACC-E15S	51663.0	0.10285323946453656	0.21103112690082226	-0.23814419197349257	0.02971083971052327	0.9200681481783608	reverted	reverted	-0.2049409240470533	0.1736508674448262	0.2581458854902162	0.5682032470649576	-0.13162637708515215	0.20030199322362063	0.02265946764486254	0.020008970007853108	0.9573315623472842	reverted	0.0
CCGAATGCAAGGTCAT-E15S	49554.0	0.36191052704651955	0.07908795753343056	-0.1914960331785628	0.031213142272767898	0.9133277683563221	reverted	reverted	-0.16787326861363125	0.18202140799875438	0.274095272291767	0.5438833197094787	0.15363364407176086	0.1520878267431105	0.038708157248554066	0.010311746205044138	0.9509800965464018	reverted	0.0
ACATGTTAGCCCGTGA-E15S	52289.0	0.0357928571214603	-0.015640829535679357	-1.1302557006606186	0.02696306624954931	0.9842055479603625	reverted	reverted	-1.124690737822011	0.3171468659380285	0.2761306333087904	0.40672250075318106	0.4648855093971655	0.12361371845285762	0.13805415042389108	0.009182720509766892	0.8527631290663419	reverted	0.0
GCTTTGGGTTGGAGCG-E15S	51904.0	-0.016098897415517288	-0.04334194778247846	-0.7085522862700231	0.02957321418990995	0.9655712310655487	reverted	reverted	-0.723879127820384	0.16772724922018575	0.20136748035884788	0.6309052704209664	0.46723235355299003	0.11701041621231933	0.14129408495000015	0.009205838304504122	0.8495000767454957	reverted	0.0
GCATAGTCATCGCTGT-E15S	52698.0	-0.04779767298063403	0.3545815862636227	-0.48135519227165524	0.02880942431613332	0.9480294678610579	reverted	reverted	-0.4472335587055392	0.15263169522643655	0.20707462681006308	0.6402936779635006	0.0942258764484202	0.16120485898567377	0.0329999048455657	0.011389310599315512	0.9556107845551187	reverted	0.0
GGTTACATCAAGTCCA-E15S	48548.0	-0.09417293486056522	0.21104955862412011	-0.7997976991907282	0.02908177865966866	0.9708740944812112	reverted	reverted	-0.7942172061356562	0.18474141602107677	0.20906170430573953	0.6061968796731838	0.16143575714212077	0.16505745292139937	0.040189092288979454	0.010443113704775395	0.949367794006245	reverted	0.0
TCTGCCTGTCAGGAGT-E15S	54299.0	0.04927281436764308	-0.24596104531264812	0.7955732385747968	0.04662446221623825	0.61923184647678	partial	partial	0.799641675123406	0.41533699178543193	0.5776725450201913	0.006990463194376749	-0.2412025053728815	0.19155892581604134	0.01986363836053173	0.027721080991892175	0.9524152806475762	partial	0.0
CTCATCACAATGGGCC-E15S	54145.0	0.11304022437593325	0.336937847687413	-1.3254485950272732	0.032923046940199735	0.9890315780235752	reverted	reverted	-1.282058238707208	0.44435347259268926	0.31986442658040265	0.235782100826908	0.38117955111001484	0.1448878452925171	0.09089174439347514	0.009004918694467368	0.9001033369120576	persistent	0.0
CGCTTAGGTGCAGCCT-E15S	54365.0	-0.05325762001192702	-0.2778533052818642	-0.6990856051709499	0.024275148461352276	0.9649704499954309	reverted	reverted	-0.6705305723513871	0.1663580349000615	0.2008864029331809	0.6327555621667577	0.2161237594061083	0.15331410220699812	0.047507929574889994	0.009684537660555506	0.9428075327645545	reverted	0.0
CGCTAATGTTTAGCCG-E15S	54938.0	-0.12254031877146204	0.048002421899902226	0.8162721206092346	0.0490330065824105	0.6099502147878134	partial	partial	0.827325395935448	0.4179357780647904	0.5761604892830793	0.005903732652130291	-0.09979542063307642	0.1615054629732726	0.022028537852682023	0.017379575476161653	0.9605918866711565	partial	0.0
GGAGATTAGTCATGTG-E15S	55680.0	-0.2895097372383118	-0.4138279579011164	1.5836650777183345	0.06214683481381856	0.26782445157808576	persistent	persistent	1.562709737893568	0.5537650122455161	0.446233273991226	1.7137632579240463e-06	-0.3324333362595979	0.18458250650479507	0.01876213130079759	0.03856667944309942	0.9426711892561029	persistent	0.9125
TGTAGCGCAAGGTGAA-E15S	56038.0	-0.09776095338302593	-0.36145889125943653	0.6001751248353018	0.05440393791640223	0.7018676664602143	reverted	partial	0.6344895562846028	0.38953089331055774	0.580520274619525	0.02994883206991718	-0.2077238782813689	0.17628530789852062	0.019898334912932383	0.024537394497992176	0.9555642705890753	partial	0.0
AACCACGCAGTTGAGT-E15S	50492.0	0.2351146828287401	0.16067894365766155	-0.4966561469272493	0.025611802007986035	0.9494382796928508	reverted	reverted	-0.4757216989052011	0.15256180019872292	0.20551220778009754	0.6419259920211796	0.022902170468320333	0.19033724335399246	0.029114185947418464	0.01365801266408931	0.9572278013884923	reverted	0.0
CACCCATCATCACTTG-E15S	48036.0	-0.2910186591904803	-0.38197600246154184	4.016210157961849	0.13021740234910265	0.003644568065454835	persistent	persistent	4.075620863795583	0.9900682046179458	0.009931795382054128	1.2427465242828528e-28	0.35826108112762584	0.09225419197967849	0.08525042065348545	0.00876403412384678	0.9059855452226677	persistent	1.0
CCTATAGAGTAGCGGA-E15S	74018.0	0.03466348770914479	0.02519923843418259	-0.3715673847554728	0.024262897533310256	0.9367821291893692	reverted	reverted	-0.38171062110003207	0.15746847608914505	0.22376548347920794	0.618766040431647	-0.6153588316625224	0.29068796387971374	0.020122182619787474	0.09612870423310632	0.883749113147106	reverted	0.0
GCTTTGAAGTAACGGG-E15S	55847.0	-0.05371969747870481	0.4274823320300505	2.7690402851531033	0.10453637580934608	0.037334648498803316	persistent	persistent	2.7953302139728406	0.8633610792478011	0.13663892075219533	3.672371441083518e-15	0.06810602021449681	0.11576225466927952	0.028953763911803477	0.011041136098873238	0.9600050999893233	persistent	1.0
CTTGCTTAGGTACAGG-E15S	54056.0	0.0606577772747397	-0.08629612760783723	-0.16354488052354135	0.02388139603893063	0.9090463035497774	reverted	reverted	-0.1625707922278939	0.1877090651696127	0.28464400479084745	0.5276469300395398	0.022195956043354025	0.16658492852077877	0.027897856295480528	0.013094791390069551	0.9590073523144499	reverted	0.0
ACTATCCTCCCGTGAG-E15S	51393.0	0.17621438231933778	0.23395550395536835	-1.0199043661704938	0.024332946964840844	0.980607087114406	reverted	reverted	-1.0296786686024662	0.2594124782203424	0.2486009706058411	0.4919865511738164	-0.4295934970741605	0.31290896997806883	0.021681168386480282	0.05021089577941728	0.9281079358341026	reverted	0.0
TAACGAGGTTACACGT-E15S	50785.0	-0.3214732310828362	-0.43411758919916776	-0.250576919495976	0.041841825543684166	0.9217821018184679	reverted	reverted	-0.22367450069758474	0.17165809674374352	0.2542450295707788	0.5740968736854776	-0.4872114143026373	0.3043771078803044	0.020864857588325233	0.06046193299750455	0.9186732094141702	reverted	0.0
TAGGGTTCAAGCTCCT-E15S	50305.0	0.3082035976592418	-0.052772447531731714	-0.8867158193589671	0.03020882943844038	0.975183526680481	reverted	reverted	-0.8329410384779912	0.2080703646363537	0.22138266392957037	0.570546971434076	0.07294008438580074	0.18587118683833548	0.03242504253416019	0.012350752823181098	0.9552242046426588	reverted	0.0
ACCCTATTCCCATAGA-E15S	46544.0	-0.2415394315373445	-0.3383478656057621	1.1370946778282645	0.05332099347892288	0.4600198055503767	partial	partial	1.1790517090809813	0.46342924409357233	0.5362654318960468	0.00030532401038090186	0.39961597474893323	0.10237534432533021	0.10323246625861329	0.00891033169683699	0.8878572020445498	partial	0.0
AGCTTACGTCAGTAGA-E15S	50689.0	0.07097755477543083	-0.1998538050382352	1.4563097215825758	0.05615848641348582	0.3176515287899508	partial	partial	1.4831927107681668	0.5246453562131275	0.4753461165116472	8.52727522532964e-06	0.1980748467578548	0.11843620224719364	0.043618908882788715	0.009366723144009437	0.9470143679732017	persistent	0.21518987341772153
CATCCGGAGCTAAGTT-E15S	52631.0	-0.3149158608493645	-0.44541038750642115	2.683923351646213	0.10067460552249602	0.04357808590871037	persistent	persistent	2.7459194990959195	0.8447925147585019	0.15520748524147698	2.0973944477346355e-14	-0.005835877268910253	0.1194571241362838	0.02434768413014611	0.012884009433405263	0.9627683064364486	persistent	1.0
GTGAGTGAGTGAAGGT-E15S	53128.0	-0.28380980401310174	-0.40188888889280144	1.483165230001748	0.06868287160582358	0.30673522481727145	partial	persistent	1.5239520488857088	0.5305752312467136	0.46941863764167807	6.1311116084485745e-06	-0.2810843307066909	0.17639563935881697	0.018922225492830815	0.031742328623294194	0.949335445883875	persistent	0.4246575342465753
GGTCATCAGGAACCTC-E15S	49587.0	0.14932050590717943	-0.13868322733215138	0.558558337516668	0.03826211582238763	0.7180874256546057	reverted	reverted	0.5703312187984491	0.3831099837272916	0.5774444004789858	0.03944561579372262	0.2828504407933142	0.12099578695690946	0.060441449115447805	0.008942387814677313	0.9306161630698748	partial	0.0
GCGGAGTAGGCGTCAT-E15S	56748.0	-0.13243437903803945	0.10582442239024781	0.7835782735971437	0.04765290569496017	0.6245714065491693	partial	partial	0.8193157629772486	0.413833984958821	0.5784661916472047	0.007699823393974276	-0.6538950852190555	0.2800493471925841	0.020085769756116277	0.11454755331944222	0.8653666769244416	partial	0.0
TCACGAATCAGGCTTA-E15S	53193.0	-0.1290413336938671	0.3337938676114407	0.8186398058920101	0.04104692362504146	0.6088832815187647	partial	partial	0.7984492859529548	0.41823377397062245	0.5759765134824729	0.005789712546904704	-0.5010928357604425	0.2624911573450682	0.019833929101731054	0.06762810435235757	0.9125379665459113	partial	0.0
TCGATAGTCGTGAACC-E15S	54068.0	0.30370391936176916	-0.09071371723831384	-1.218049028318451	0.038417546209837734	0.9865916971065318	reverted	reverted	-1.197880301673065	0.37167454952347434	0.29803675895994214	0.33028869151658347	0.3643158039653105	0.14028656593715638	0.08475805315060046	0.00897518427743552	0.906266762571964	persistent	0.0
AATGAACGTTGCGGTC-E15S	50597.0	0.1292432708420394	0.08893767506251293	0.5533353259852081	0.04415230289405326	0.7200847987267551	reverted	reverted	0.5501138683667997	0.3822644011819221	0.5769395278352973	0.04079607098278068	0.17750236072613682	0.13495544100672288	0.04111758144730661	0.009770301070835128	0.9491121174818581	partial	0.0
ACCGTTGGTCAACCGC-E15S	49154.0	0.19575107535576636	-0.011487348224488492	0.21499210565597351	0.03072079272876568	0.8299703898853389	reverted	reverted	0.2298162277001255	0.3000230561815856	0.47431653469216395	0.22566040912625054	0.22775055276804027	0.13117006845032195	0.04891381503201421	0.00930443851125659	0.9417817464567291	partial	0.0
TGGCCTGAGGTTGATT-E15S	52258.0	-0.2947913418140319	-0.31139254826239116	-0.5946993537643076	0.031034638280558142	0.957640772439037	reverted	reverted	-0.5783333492089661	0.15571394935246324	0.1996426770136866	0.6446433736338502	0.07396762160642892	0.163792362439534	0.0314197920570197	0.01183135875227468	0.9567488491907057	reverted	0.0
GCATCAGCATTAACGA-E15S	53164.0	-0.2644496323492238	-0.35939016674791147	0.41956985625075	0.043633596478019086	0.7681902880178182	reverted	reverted	0.45859305662501104	0.3566561355990735	0.5534513328841237	0.08989253151680265	-0.2757452565601049	0.2050853504677609	0.019829042646810298	0.0313527113860773	0.9488182459671123	partial	0.0
TAAGGGGTCATATGGT-E15S	49058.0	-0.11240485448282156	0.19737823341205252	-0.07368582682782224	0.03991991247100653	0.8939679612643128	reverted	reverted	-0.05368359654341506	0.2092778957280647	0.3233856015863964	0.46733650268553895	-0.02196154299932913	0.1772183945415463	0.025928203131519837	0.014660684840897662	0.9594111120275826	reverted	0.0
CAATTTCCAATCCCGT-E15S	50982.0	0.03858972771354485	-0.07442249896391873	-1.6391702625467974	0.03824329451525002	0.9939138126042723	reverted	reverted	-1.6301052771687399	0.6333187364015036	0.31780869639505915	0.04887256720343727	0.45152260670484934	0.13712629478721697	0.1264974488566519	0.009121036676092624	0.8643815144672556	persistent	0.0
GGTGACTTCACTCGTT-E15S	49761.0	0.11891664158483911	0.20850614270686074	-0.17348050311489682	0.022755984490533527	0.9105895864636482	reverted	reverted	-0.16331295132297866	0.18563008404121153	0.2808097360566981	0.5335601799020904	0.22439446252776496	0.1417285898511271	0.04857733575626199	0.009459903660151535	0.9419627605835865	reverted	0.0
CAAGTAAAGGGGTTAG-E15S	52235.0	-0.3174705748362225	-0.39484012813228436	2.4675831355702327	0.0783976475950915	0.06421915221102717	persistent	persistent	2.47116724810134	0.7921100206824997	0.20788997931608566	1.4147227759430847e-12	-0.20195654916410452	0.14965109033772628	0.01915567683276891	0.023584828911983262	0.9572594942552477	persistent	1.0
AGGCGCAGTAATCAGG-E15S	54336.0	-0.3164443473976216	-0.3994111560230751	0.5527652201360108	0.0543280363124474	0.7203022930477253	reverted	reverted	0.5352704170630144	0.3821715203668605	0.5768827384144252	0.0409457412187144	-0.3122149924600199	0.20553274713516453	0.019443378304702014	0.035629208393260545	0.9449274133020373	partial	0.0
AGGGAAGGTTCTGGCA-E15S	50659.0	0.23729060752359526	0.16023723520077493	-0.15614569249940033	0.03221860151902069	0.9078814686863808	reverted	reverted	-0.15291531979687822	0.18929802267808157	0.2875595813794079	0.5231423959425104	-0.10757868564217704	0.19951969718885842	0.023401137485716293	0.018737497961284846	0.9578613645529988	reverted	0.0
CGTGGATTCATATCCC-E15S	55261.0	0.26994147413527075	0.0009531732422871642	1.1235759319049867	0.052878205797309945	0.4663833214055879	partial	partial	1.130847329318222	0.46121901004937355	0.5384306094137902	0.0003503805368362893	-0.07490108470913641	0.15911195617714882	0.022808681007828794	0.016196217518275127	0.9609951014738961	partial	0.0
ACCATCCCATAGACAC-E15S	48365.0	-0.1883835120518812	-0.2606307244888542	0.8512568855445019	0.055403801704590576	0.5940832749188227	partial	partial	0.8547865752743018	0.4223637322325039	0.5732266561351775	0.004409611632318674	0.13472362179806824	0.13303675960391484	0.035791260796517704	0.01024112767699506	0.9539676115264872	partial	0.0
TGCATAACACATTACT-E15S	54479.0	-0.04263393817524053	-0.25694793482201744	-0.9620254588574497	0.02960943707264637	0.9784098318892056	reverted	reverted	-0.9403906650347629	0.2346491081064653	0.2356796637833444	0.5296712281101903	-0.6214416563194052	0.34602017579111255	0.021056179003604816	0.08524111684013061	0.8937027041562644	reverted	0.0
TACTACTCACTTCGAC-E15S	34875.0	0.029166524966012297	0.5359081194077553	-0.7446010849206502	0.045077738996109874	0.9677692654493347	reverted	reverted	-0.7511434104238905	0.17360248533040787	0.2037491806635978	0.6226483340059944	0.7576534204617018	0.10506610547878058	0.5687271674007531	0.009955429970473767	0.4213174026287732	reverted	0.0
CATATAGCATAGGTCG-E15S	53881.0	-0.06433773985685742	0.35361166874139394	-0.08343664061473835	0.027219473730951526	0.8957050666688683	reverted	reverted	-0.09995354072210785	0.2067062422390763	0.31884543086680744	0.4744483268941162	-0.19169683513025854	0.20242584273762393	0.0211806518654107	0.0238598533863323	0.9549594947482571	reverted	0.0
AACGTAAAGGTCATTG-E15S	45211.0	0.11135029915268185	0.3319445608513678	0.5692124514373258	0.045677282392108394	0.7139863820107839	reverted	reverted	0.5509449352336298	0.3848057933253013	0.5783895113136291	0.03680469536106958	0.31167528441512654	0.11772131404068716	0.06823179825181717	0.00885863510893234	0.9229095666392506	partial	0.0
CGTATCCCATTCATAC-E15S	52415.0	-0.05345069179275974	-0.04119710429789736	-0.24444898239838814	0.026734997545940824	0.9209415594942534	reverted	reverted	-0.22160692735183068	0.17262777248139183	0.25614936656698567	0.5712228609516226	0.4378753273357524	0.11024531815004318	0.12343610356278001	0.009072330709165268	0.8674915657280547	reverted	0.0
AGCGCATTCGTGCCAG-E15S	49370.0	0.059021605775691544	0.05102961965822306	-0.005058120282261007	0.03798262458951701	0.881007529590801	reverted	reverted	0.0	0.22878142082379307	0.3573032511310098	0.41391532804519726	-0.1547928473713829	0.1979743207578335	0.021896889735281703	0.021291868373456847	0.9568112418912614	reverted	0.0
GCGCTAGTCCGCGATG-E15S	51251.0	0.15963267172008494	0.21918792425233402	1.1395946088037903	0.05742806386528817	0.4588444077087813	partial	partial	1.1525620721547853	0.4638412906751157	0.5358610956167477	0.0002976137081366101	0.0169630216768149	0.1424793101827556	0.026509000295569393	0.012700899597696016	0.9607901001067346	partial	0.0
CGGGTCATCCGTCATT-E15S	53899.0	0.17436557668905733	0.22180426201228765	-0.014268936941441285	0.02848483670924784	0.882823446482674	reverted	reverted	0.004796572364347406	0.22603230258751378	0.35257276246833885	0.4213949349441475	-0.26609465830994206	0.23085648362274797	0.020873727484755647	0.030670235835928056	0.9484560366793164	reverted	0.0
CAAAGGGTCATCAAGT-E15S	48091.0	-0.2821485905964945	-0.32989598705749	1.204632194571487	0.06189922836182476	0.42846376711770046	partial	partial	1.2391644121244683	0.4749306484095103	0.5249184135181701	0.0001509380723195734	0.005178135666343788	0.1424791262773233	0.025826120101163568	0.013022602385411575	0.9611512775134248	partial	0.0
GTATTAGCATCGGTGA-E15S	52346.0	-0.28966248184543586	-0.3414143951871327	2.777209808593356	0.09114100045727487	0.03678274337009729	persistent	persistent	2.815406892053193	0.8650719044469911	0.13492809555300575	3.09893280121115e-15	-0.06745627471028394	0.13065881060762963	0.02200782051522486	0.015251418273145188	0.9627407612116299	persistent	1.0
CTTGTAAGTAGCTGAA-E15S	52533.0	0.19981018376484477	-0.09741810402291445	0.9746364053179077	0.05329157541742266	0.5367573890580661	partial	partial	0.9882090000628568	0.43877153373209715	0.5597466323388502	0.0014818339290525503	-1.3864880055277913	0.5774631133075275	0.020882114164409143	0.22788543263663186	0.7512324531989589	partial	0.0
AGCATCTGTTAACGTC-E15S	45783.0	0.022896045610340254	-0.011497642904275018	-1.4224670390585639	0.031988266745412795	0.990855141206483	reverted	reverted	-1.4158267321614075	0.5099117978636688	0.33069164937769613	0.15939655275863515	0.7062792718736594	0.11027028498526217	0.4590089591233229	0.010220670816429137	0.530770370060248	persistent	0.0
AGCACCACAACTGGGC-E15S	36104.0	-0.007976594661409542	0.46830970142497086	-1.0882193700703682	0.0324695152122598	0.9829195855734323	reverted	reverted	-1.0887300007063128	0.2935787527651101	0.26538575429182926	0.4410354929430607	0.31025628111479886	0.16410862722901298	0.06721071068152139	0.009272758490115354	0.9235165308283632	reverted	0.0
ATCAGGGAGGATGCAG-E15S	49826.0	0.3169483593216354	-0.13089762157830725	-0.8349688525732268	0.02669528583398094	0.9726990473110956	reverted	reverted	-0.7960920833536141	0.19328753246606772	0.21347717260679042	0.5932352949271418	0.05480114289825665	0.19263414782779573	0.031396768459995436	0.012917081849766952	0.9556861496902376	reverted	0.0
GGTTACATCGTTGCTT-E15S	52915.0	0.1303354622433987	-0.2598872189304572	2.032785215118189	0.06807111563090824	0.13517683236606953	persistent	persistent	2.0553975694060127	0.6722873692870359	0.3277126280887038	2.6242602653007137e-09	-0.029270983532928212	0.13092363300623266	0.02361084494329536	0.01384146010628213	0.9625476949504225	persistent	1.0
CACGACTAGGCTTCCC-E15S	51808.0	0.21032389948815916	0.4291904571795926	0.9111570717305185	0.05055518741469152	0.566472011917722	partial	partial	0.9201063943797472	0.4301372330564139	0.5672347644674319	0.0026280024761541846	-0.2725260513257715	0.19187455794585725	0.019453850852251726	0.030883796127729752	0.9496623530200183	partial	0.0
CCACGGATCTGTGGAC-E15S	50464.0	-0.32653504318578996	-0.4482039682415111	2.5546910471270063	0.09431171258120342	0.05499290059411621	persistent	persistent	2.6241729280632993	0.8141806155969654	0.18581938440276502	2.6947807470915067e-13	-0.027570441222109537	0.12158652556803783	0.023353526536514138	0.013601218868533693	0.9630452545949524	persistent	1.0
CCCTATGTCAGGGCAA-E15S	49894.0	-0.3244179297295179	-0.3957541377555174	0.4530068198307229	0.047948009171526744	0.7567272034860232	reverted	reverted	0.48053276648660886	0.3638566908353369	0.5613672140164044	0.07477609514825856	-0.2527104910838967	0.19828218411004184	0.019918191598563204	0.02891718846654376	0.9511646199348931	partial	0.0
AAGCCTATCCAGAGCT-E15S	49014.0	-0.29113467687438954	-0.42786347710121775	2.9513313302899506	0.09675606732162059	0.026729643865134184	persistent	persistent	3.021882445509938	0.8984167210561294	0.10158327894387066	7.477636118785405e-17	0.2712798103493164	0.09702689053472456	0.05757645733316035	0.008786844882941805	0.9336366977838978	persistent	1.0
TCAGTATAGCAGGGAC-E15S	48834.0	-0.008788044152276298	0.14963825118329566	-1.0671090748159364	0.0291197354306215	0.982235514819019	reverted	reverted	-1.024149027906644	0.2824587561028788	0.26007196211977546	0.4574692817773458	0.2661638897480229	0.14946534426551877	0.056785985593096035	0.009299217146659518	0.9339147972602446	reverted	0.0
CACGTTGGTTAGAGTG-E15S	51606.0	0.22072862579384817	-0.06731648105765209	0.10637396255536354	0.029668389040608423	0.8570557264859748	reverted	reverted	0.10818447681996014	0.26429045096469356	0.4170544816163578	0.3186550674189486	0.05403299448497451	0.15143477938047092	0.02933736388755619	0.011991183349405491	0.9586714527630382	partial	0.0
CTAAGCATCCTCTAGT-E15S	46950.0	0.09842826626395412	0.17075196742930399	-0.32099331220233507	0.02418612383947328	0.9308692572739661	reverted	reverted	-0.31929495315459405	0.1622584016137449	0.23488714811243572	0.6028544502738193	0.784475252554028	0.08961766463129267	0.6467141453684577	0.009707828613033678	0.3435780260185087	reverted	0.0
AAGCTAGGTAGTCATC-E15S	51270.0	0.21365736641177907	-0.16815975408791506	-0.3000261524216204	0.03130218555933934	0.928270779811311	reverted	reverted	-0.25905984948380884	0.16472310550987768	0.24017091982798847	0.5951059746621339	-0.5665293292715342	0.3578539058119447	0.021778239154646984	0.07086571456279431	0.9073560462825586	reverted	0.0
TGTCATGAGTCTAGCA-E15S	50481.0	0.23031933347593142	-0.11810867470936043	0.03367555234244142	0.029143769543800758	0.8731029363813845	reverted	reverted	0.05654948389745665	0.24071523716708612	0.37766259472003566	0.38162216811287825	-0.17112368900161434	0.19822055415081052	0.021489203225948	0.02233695402896471	0.9561738427450872	reverted	0.0
CGTTCCATCCACCTTG-E15S	50516.0	-0.2564163191957141	-0.39444835030015096	1.7827522276938024	0.0776077397817303	0.20059322653809886	persistent	persistent	1.8175794190750976	0.6038540998260616	0.3961457865632847	1.1361065363019713e-07	0.21323545750162765	0.1092463404421029	0.04587041249169569	0.009153729962839287	0.944975857545465	persistent	1.0
TCCATTGCAGCACGAC-E15S	47763.0	-0.30571503512301057	-0.3755181346531462	1.9761041740511383	0.07277408891923158	0.14821939189370945	persistent	persistent	1.9854260749461161	0.6564337821444036	0.3435662114674945	6.388101842067957e-09	0.08774479989511533	0.12480156888081326	0.03089526052786609	0.010828206722189006	0.958276532749945	persistent	1.0
TACCGGACATAGAGCT-E15S	53479.0	-0.26928315462390257	-0.42127269787127447	1.0656685366196574	0.050923628956483794	0.4937397335172529	partial	partial	1.1252806859066293	0.45208830584402837	0.5472878475033605	0.0006238466526111313	-0.10512430330645292	0.15713875982472142	0.021686315768313674	0.017535859962773185	0.9607778242689131	partial	0.0
TGCCGTAGTGACTCGC-E15S	50798.0	0.42446671290845767	0.06990185143091476	0.1213028663080195	0.038789455376762524	0.8535581686119991	reverted	reverted	0.16986581750191848	0.2692357233510297	0.42517109454325513	0.3055931821057153	0.03734281542340109	0.17313647624966935	0.029188264066850263	0.012862041981042314	0.9579496939521074	partial	0.0
GGATAACAGGAGCTAG-E15S	46074.0	0.09723956335547906	-0.006319111118466392	0.39008837638405913	0.036850752628728105	0.7779800378683079	reverted	reverted	0.4142016765570045	0.34981244758261837	0.5452591860722897	0.10492836634509198	-0.1440543759453663	0.20010359143015172	0.022284734620301654	0.02070600959978374	0.9570092557799147	partial	0.0
ATACACTAGCTTCCCA-E15S	49233.0	0.0974908520186401	-0.24602156604081377	-0.14813886627695758	0.0278762952406953	0.9066058903384923	reverted	reverted	-0.14106842213822357	0.19105637605518855	0.2907720248095199	0.5181715991352914	0.25272340230028756	0.139646140832106	0.05385021187648358	0.009255059954791495	0.936894728168725	reverted	0.0
GTCCGCAAGTATCTGG-E15S	47768.0	-0.29441297216454854	-0.38459587535541684	-0.1081830431085	0.05005317468355921	0.9000011280174055	reverted	reverted	-0.04212798830373027	0.2004243878478656	0.3076758095982548	0.4918998025538796	0.20454254402611868	0.1460867360243137	0.045437362837056336	0.009677792448636082	0.9448848447143077	reverted	0.0
GCCGATTAGATAGGGT-E15S	49398.0	0.23782991186017227	-0.11086406287460854	-0.9231317153415575	0.02651370469726143	0.9767983952475914	reverted	reverted	-0.9047190866178323	0.22014613772115083	0.22790467598578296	0.5519491862930662	-0.01014034725744263	0.19926807853604084	0.027643830850671437	0.01485959078528929	0.9574965783640393	reverted	0.0
CTATTCGCACATACTT-E15S	50778.0	-0.21472794790693736	-0.3742160442937963	2.6723894583362995	0.08651536873959245	0.044497289304014316	persistent	persistent	2.709706574174234	0.8421748742689119	0.1578251257310616	2.6461140730684867e-14	0.1581872519084007	0.10547590220050809	0.03762591788819343	0.00957652334501917	0.9527975587667874	persistent	1.0
ACTAACTAGTAAGGGT-E15S	51134.0	-0.09741753816115861	0.43364267658919897	3.0961998219386255	0.10500227433750882	0.020449271409550624	persistent	persistent	3.130976196430275	0.921530791237146	0.07846920876285397	2.8930079549100468e-18	-0.3620608684039798	0.16977373938694454	0.0183918356128626	0.04379617889564856	0.9378119854914887	persistent	1.0
TCGCGGATCGTACAGC-E15S	52904.0	-0.05556017088393589	0.08314206093359444	0.22789788296186042	0.03453976438161423	0.8264946239641588	reverted	reverted	0.2204487267380909	0.30413566397978986	0.4806638363804527	0.21520049963975746	-0.10290309231190194	0.18329780224680203	0.02283197731317765	0.018075505732232714	0.9590925169545896	partial	0.0
AACCGATCACTATATC-E15S	43588.0	0.10242981657866673	0.40107930564773575	-0.5948065801390208	0.02921194336934063	0.9576490061842954	reverted	reverted	-0.6145457219181357	0.15572089671200162	0.19964006759324482	0.6446390356947536	0.7021059406154081	0.10159011227669028	0.46307650499561204	0.010313345647924915	0.526610149356463	reverted	0.0
GTGTTATAGAACGGCA-E15S	48707.0	0.1723308684910581	-0.047380842547324	0.09551412901831313	0.03213484569156469	0.859556030742765	reverted	reverted	0.11923174786771347	0.2607057060648675	0.4111377322789913	0.32815656165614127	0.13212996934588694	0.15449363012273207	0.03638217311037463	0.010644547742437113	0.9529732791471883	partial	0.0
CGTTATAGTGGGTAAC-E15S	51279.0	-0.35994785657883616	-0.39885745137182466	3.5681265842646646	0.11282996436496859	0.008471199538753247	persistent	persistent	3.6194824830979595	0.9703294052303052	0.02967059476969487	2.774206622365858e-23	-0.05725709140501792	0.12385340670836081	0.02216379231125083	0.01470842276606559	0.9631277849226837	persistent	1.0
TAGTGCATCGAACGCT-E15S	41944.0	-0.0043830598340294236	0.14519313389807553	-0.6440910948373856	0.03917045012030512	0.9612756468918171	reverted	reverted	-0.6198195668414959	0.1597621799895703	0.19929450509358387	0.6409433149168458	0.44285127637874283	0.13184872225690608	0.12243533310408039	0.00908990552797561	0.868474761367944	reverted	0.0
CGTTCACCAACATGAC-E15S	50901.0	0.173675023979939	-0.03959895407237424	0.8482042282822713	0.05066279968088899	0.5954761447377949	partial	partial	0.8676592562027062	0.42197483932956603	0.5735004320495772	0.0045247286208567215	-0.6494314540012192	0.2749351936269294	0.020060403981420324	0.11457607771144526	0.8653635183071343	partial	0.0
TACATCAGTTGCAGGG-E15S	45966.0	0.2629594531933361	0.13017663452284245	0.05207783351227871	0.03225956107147996	0.8691926212301665	reverted	reverted	0.05863138727758571	0.24656587403276908	0.3875418271935994	0.3658922987736316	0.48187649002297356	0.11158221219242148	0.1535737514005504	0.009299211032576544	0.8371270375668731	reverted	0.0
AAGGGTTAGGATACCC-E15S	51937.0	0.12614306354320776	0.4258602363512436	-0.7491258804701962	0.025515303204850907	0.9680353913259689	reverted	reverted	-0.7471746923612768	0.1744159133465312	0.20410926467190763	0.6214748219815612	-1.64001413102451	0.778946160750553	0.02534025620665771	0.1632548188669169	0.8114049249264254	reverted	0.0
ATCCACTTCTATCAGG-E15S	42736.0	0.05414545646442964	0.27086316832669477	0.6063652317863919	0.0474627630405734	0.6994097247457461	partial	partial	0.6223777216517012	0.39044256806620986	0.580841759065584	0.028715672868206192	0.36342998952155053	0.11718401635363157	0.08585873315234742	0.008859675136913199	0.9052815917107394	partial	0.0
ACGTGGTTCCAGATTG-E15S	49847.0	0.0754273982612848	-0.01972569295695259	-0.6833580390306384	0.021321234222107473	0.9639499392599805	reverted	reverted	-0.6639932088126599	0.16423800928670262	0.20022092597600383	0.6355410647372935	0.15461281712584418	0.16308270611736006	0.03928304495797113	0.010494128409382799	0.9502228266326461	reverted	0.0
TGATGAGGTGATCCTG-E15S	51036.0	-0.05377472830963126	-0.2499834978823708	0.4144307247873496	0.041825133137938036	0.7699182752328696	reverted	reverted	0.4295463259944003	0.3554970298045591	0.5521057549438154	0.09239721525162542	0.13012218163707956	0.13948020093058444	0.03554475921423699	0.010409537735837304	0.9540457030499256	partial	0.0
CATAACTAGGGGTCAA-E15S	46787.0	-0.2774131438069055	-0.367167800516935	-1.0273381431064819	0.0413466181450812	0.9808729137007809	reverted	reverted	-1.004529179192159	0.2628724972566595	0.25036027288459656	0.4867672298587441	0.029353167601139697	0.18367287899030058	0.02918548951881615	0.013319251286875885	0.957495259194308	reverted	0.0
AGCCCCAAGGGGCTAA-E15S	50471.0	-0.12952075674751823	0.2834406457318964	-0.1217614014066362	0.02800455218617792	0.9022909644193626	reverted	reverted	-0.12692660094363814	0.19713138977550862	0.30177082393180243	0.501097786292689	0.3183119108143994	0.1280863060859764	0.06999059628417555	0.008923848674493222	0.9210855550413314	reverted	0.0
TCGCAATGTCATTACA-E15S	48036.0	0.009698235911804687	-0.0034312979447240766	1.1652514330344368	0.05419310961571671	0.4468100343360241	partial	partial	1.1633927174456347	0.46813056042027823	0.5316410449515935	0.00022839462812835714	0.049799740603104825	0.14280059319827157	0.028659431150395313	0.011909281295510823	0.9594312875540938	partial	0.0
ACCCATGGTAGCAGTA-E15S	48816.0	-0.06789144611667297	-0.09288159657962658	-1.1905469295556952	0.02879285439365623	0.9858852063991319	reverted	reverted	-1.1499517869607658	0.353926605685056	0.29138464760511984	0.3546887467098242	0.33740436525087536	0.15264025613080381	0.07511196577651318	0.00908721311073948	0.9158008211127474	reverted	0.0
TATGTCAGTCAGCATT-E15S	47842.0	-0.14957043189432728	-0.11186036885925366	1.7978698484304074	0.06454235252620061	0.19604315722801932	persistent	persistent	1.818776638830988	0.6078497788573808	0.3921501296372565	9.150536279461318e-08	-0.37178377112679883	0.19212998332940603	0.01877844353443581	0.04487968498042357	0.9363418714851407	persistent	1.0
TGAGGATAGGATCACC-E15S	46657.0	0.5585566457155582	0.2882693376066522	-1.5974042600699743	0.0550908962817549	0.9934163415157748	reverted	reverted	-1.5050189176828161	0.6127421063501365	0.32387908177733066	0.06337881187253291	0.7071557177635049	0.11635433050106299	0.4518530946447934	0.010160692965435399	0.5379862123897712	persistent	0.0
GTCTGCCTCCTGACCC-E15S	45696.0	0.3023106190567108	-0.046102281604077144	0.4091686544287359	0.034503893428171985	0.7716782202628716	reverted	reverted	0.42357321504432754	0.35429545438990284	0.550692004375195	0.09501254123490217	0.5060815086584309	0.10663093145645058	0.17546140319029607	0.00946716214121224	0.8150714346684916	partial	0.0
CGTGAGGGTTCCGGTA-E15S	46508.0	0.2681910399419974	-0.07530892502041686	-0.8548745318384139	0.02471422406547725	0.9736821527980211	reverted	reverted	-0.8197780199617578	0.19865411060272217	0.216323098071824	0.5850227913254539	-0.021015479291954003	0.2054849271292389	0.02739050966935549	0.015383615036869438	0.957225875293775	reverted	0.0
GGCGAATGTGATAGTG-E15S	50216.0	-0.12274037760346784	-0.3555054483852674	-0.06804399266724213	0.0377812611048915	0.8929512630664644	reverted	reverted	-0.035186645130741157	0.2107900014088786	0.32604703675354185	0.4631629618375795	-0.187133823089791	0.20965837219207223	0.0215786139255998	0.02370418342313412	0.9547172026512661	reverted	0.0
AACACTTAGGTTGCGT-E15S	50439.0	-0.04833619612397955	-0.14787586821986282	-1.0611889553845562	0.03096171649448731	0.982038892297366	reverted	reverted	-1.0397063754648503	0.2794294182386859	0.2585985531591814	0.46197202860213277	0.0748585385772757	0.19141531395466074	0.03286471083245115	0.012442705366718572	0.9546925838008302	reverted	0.0
CCTTCGATCTGTCAAG-E15S	45087.0	-0.10189048269233891	0.1358731597868923	-0.6184501959761967	0.03164551276360879	0.9594276613590392	reverted	reverted	-0.591044436800332	0.15744654722566112	0.1992625654973902	0.6432908872769487	0.6008412313517748	0.10522394587552443	0.28575202416181433	0.01007761414106855	0.7041703616971171	reverted	0.0
CATCGCCTCACTCAAG-E15S	44554.0	0.13897072045912767	-0.06638346819849728	-0.06040908774508394	0.031697304934213556	0.8915617439419722	reverted	reverted	-0.036364366179112484	0.21286390467457253	0.329687868358265	0.4574482269671624	-0.11024193927997357	0.2089156593912734	0.023750091542767866	0.01912931798668606	0.9571205904705461	reverted	0.0
CAAGCTATCTGGGAAG-E15S	48721.0	-0.33314534830560344	-0.41703038783431956	2.4152108266084333	0.08891512742030887	0.07044124342691667	persistent	persistent	2.4578223683067066	0.7783726731255899	0.2216273268706681	3.7419628152361446e-12	-0.33871019787635215	0.17716940081412097	0.0185753237419006	0.03963875449205936	0.94178592176604	persistent	1.0
AGGAGATTCGCGCTTC-E15S	48615.0	-0.2598155920906531	0.4132532333341994	0.20900993642232352	0.03709753776429773	0.8315626235341668	reverted	reverted	0.18531458486002242	0.2981008375860302	0.47132946219366134	0.23056970022030854	-0.1321367350177986	0.18079422660442868	0.02181038209972998	0.019531917095357485	0.9586577008049126	partial	0.0
AAACGAATCCATCCTG-E15S	49306.0	0.08694997209479621	0.0004634534909961907	-0.48500861733181766	0.025072514506141588	0.948369186409317	reverted	reverted	-0.47125826427226186	0.15260148025220532	0.20668520727894468	0.6407133124688501	0.12012847843258222	0.16470799713565917	0.03559628202219217	0.011020852083089464	0.9533828658947183	reverted	0.0
GGTGCATTCGCTCTAT-E15S	49320.0	-0.021410759568176452	-0.3074357895564757	1.1937778014554532	0.05837548187932434	0.4335030934469756	partial	partial	1.2688151903346256	0.4730300130234621	0.5268006333111837	0.00016935366535423738	0.19915205135890635	0.11829230856443193	0.043783406635141194	0.009356471007494297	0.9468601223573645	partial	0.0
GGTAATTTCCCCAGGA-E15S	49531.0	-0.1949196326254123	-0.11773078827083688	-0.7727928392426883	0.024553427021002116	0.9693930927296971	reverted	reverted	-0.7524663725051522	0.17895638549554435	0.20621302333891492	0.6148305911655406	0.3056051942200722	0.14046315031638448	0.06621567885956688	0.009051268769055416	0.9247330523713778	reverted	0.0
CACCCTTGTTATCGCG-E15S	45345.0	0.07779419427463202	-0.10955790109269359	-0.1232961478921919	0.02704616206529515	0.9025468205530973	reverted	reverted	-0.09781040102979517	0.19676619501494233	0.30111364385354417	0.5021201611315135	0.31164501418309365	0.13044711660189953	0.06801328792215733	0.008952659768360743	0.923034052309482	reverted	0.0
AATTACGCATTAGGCG-E15S	49618.0	-0.28299795905144864	-0.4147417751190242	3.680773171920183	0.12436574917901619	0.006855445079171958	persistent	persistent	3.728961753635445	0.977126669622999	0.022873330377001018	1.4180833566921131e-24	-0.5931149948336232	0.20192274197590207	0.020013120246772174	0.11594311562146031	0.8640437641317675	persistent	1.0
CCGCATTCAAAGGTGA-E15S	48295.0	-0.033461546632977845	-0.2433837491811779	-0.35763447453093555	0.027429228442186263	0.9352019261504352	reverted	reverted	-0.3237099942213683	0.15862585114965538	0.22660439931992704	0.6147697495304175	-0.21392157281374843	0.21375526241046214	0.021160979508193963	0.02579157768622272	0.9530474428055834	reverted	0.0
TGTCACCCATTGCCGT-E15S	47368.0	0.15975486636001585	-0.04121601943708253	-0.9857831030092544	0.023143453861508193	0.9793397576558007	reverted	reverted	-0.958281435396407	0.24434828100450665	0.2408040901613307	0.5148476288341627	0.08714571755449678	0.18068593892608212	0.033327012866728296	0.011942402620703523	0.9547305845125683	reverted	0.0
ACCCCTTGTGGGTATA-E15S	49959.0	-0.11898098887927117	0.33526554446824275	0.9485694515323166	0.0514636501327801	0.5490031921724491	partial	partial	0.9441845220457927	0.43516832548554624	0.5629510934433054	0.0018805810711484514	-0.28648198379476414	0.19534840475585732	0.019401875273527363	0.032474996511664043	0.9481231282148086	partial	0.0
AGAGTAATCAGCCTAA-E15S	49331.0	-0.10367309639629241	-0.17916107544129473	-0.5410570069050369	0.025877194392075354	0.9533243834556623	reverted	reverted	-0.5239565438915658	0.1532083838901627	0.20198063374529027	0.644810982364547	-0.06129914653840881	0.19554584170546513	0.024985863426627865	0.016575563905472657	0.9584385726678996	reverted	0.0
CTGGGTTAGTCAAGTT-E15S	50843.0	0.21348482667468255	0.016760277739634066	0.8963290320281267	0.04578596265970841	0.5733526185453476	partial	partial	0.9139223047463618	0.42818405537520515	0.5688224499063741	0.0029934947184207025	-0.578357665328912	0.30872770175528835	0.020468522346095225	0.08080407992376207	0.8987273977301427	partial	0.0
CTACGTTTCCTGTATC-E15S	49428.0	0.18173522096162492	0.10560811229813138	2.4864837660090524	0.07898202881816094	0.06210208242198857	persistent	persistent	2.527157887328789	0.7969860109028571	0.20301398909615137	9.91463777947786e-13	0.04968793488274316	0.12756986257616096	0.028032558261129104	0.011622046172883472	0.9603453955659875	persistent	1.0
ATCCTGAAGTAATGTC-E15S	47253.0	0.1536297083832014	0.11062791039931674	-0.6045834298837476	0.022741644214948037	0.958393359004716	reverted	reverted	-0.5909635869408828	0.15638752843855705	0.19943628432444035	0.6441761872370025	0.22312127926478573	0.15246129616540283	0.04864832297780705	0.009616054036672766	0.9417356229855202	reverted	0.0
TGCCCAAGTGCGGTCT-E15S	48203.0	0.2505674169698819	0.29347047986734376	-0.18281341171847026	0.030583270930235284	0.9120177003106448	reverted	reverted	-0.17930880188356252	0.18373462255730758	0.2772929026661717	0.5389724747765207	-0.05013614910915409	0.18887737056225992	0.025149867531891714	0.015961312410078775	0.9588888200580293	reverted	0.0
CTCCCTAAGCCTGGTG-E15S	41696.0	0.009429487613215659	-0.20215876685301992	-0.950307001383949	0.027768278641378336	0.977936191468435	reverted	reverted	-0.9276471694465155	0.2301012415689966	0.233253702240768	0.5366450561902353	0.12983129846848793	0.17511082715340437	0.03707098699412363	0.011078692150937292	0.951850320854939	reverted	0.0
AGAGACTAGTAAGTTC-E15S	48121.0	-0.2598877706943124	-0.3188958867036392	0.8523658959453129	0.04137413442887911	0.5935768780463545	partial	partial	0.8561588093560873	0.42250515650329407	0.5731263876937127	0.0043684558029931765	0.07415750256686256	0.14105379576785065	0.030419464102906916	0.011368119193600461	0.9582124167034928	partial	0.0
GGCATCACAACCAACG-E15S	43247.0	-0.09745120816886277	-0.28180297163191237	-0.2922169391662208	0.029696008941445633	0.9272801438103715	reverted	reverted	-0.26157614061213447	0.16571329366046197	0.24224194525587395	0.592044761083664	0.46362912801561856	0.1142652794457092	0.13943883890398126	0.009193018840935563	0.8513681422550832	reverted	0.0
ACCATTAGTTGGCCTA-E15S	49910.0	-0.25404189613012024	0.10907401148104423	4.446686472602104	0.1493760154062096	0.001616582075045258	persistent	persistent	4.479494771292392	0.9969911955761013	0.0030088044238987485	2.667322644316165e-34	-0.43592493004494587	0.16153155547581952	0.018558691613684338	0.061313290482323715	0.920128017903992	persistent	1.0
GTGTAGTCACAGCGTA-E15S	54193.0	-0.07312970396712115	0.06453819677640282	0.09152440806663426	0.031720022951364925	0.8604653688430485	reverted	reverted	0.09085885261375617	0.25939241215932357	0.4089633038875602	0.3316442839531162	-0.15611290881490542	0.19444289840089907	0.021714001400996667	0.021283905854646925	0.9570020927443564	partial	0.0
GCCATCAGTAGTGCCC-E15S	46114.0	0.3599442600406331	0.08771640350145982	0.8592456879346237	0.04588852696249892	0.5904310160339736	partial	partial	0.8855920018569466	0.4233842566972954	0.572494870585691	0.0041208727170135235	0.23260384125471045	0.12741648178254208	0.049718677877251136	0.009229988770501693	0.9410513333522471	partial	0.0
GGCGATTTCGTTCAAG-E15S	43114.0	0.054808828772837825	0.017123383903237088	-0.9336855515018794	0.02831317020367973	0.977246920386417	reverted	reverted	-0.8997976370022861	0.22391496149056345	0.2299348522950722	0.5461501862143644	0.05442557383402259	0.19806065529399794	0.031656636133822746	0.013062344893579672	0.9552810189725977	reverted	0.0
GCACGAAAGGCGTTAC-E15S	47884.0	-0.3081444631297954	-0.3683375964509662	1.8454858890314985	0.07288355625993857	0.18222349229249066	persistent	persistent	1.855983636822681	0.6205812347796046	0.37941871937452115	4.584587425827291e-08	0.22371074295641635	0.10695037914117696	0.047673468574444766	0.009065724390827349	0.9432608070347278	persistent	1.0
ACCTAAGTCTGGTACA-E15S	46089.0	0.16532185004553773	-0.11110331949734942	0.351254645127214	0.038399997601227955	0.7904188077987403	reverted	reverted	0.3659303175624347	0.3400743714817915	0.5327177011389778	0.12720792737923084	-0.12093679826652785	0.19370202865072939	0.02269828726777409	0.019259269112472728	0.9580424436197532	partial	0.0
TCAGTATAGGGTTGAG-E15S	50492.0	0.07379709478057267	0.2401164236726363	-1.0060346828625495	0.025431575854075197	0.9801014018573742	reverted	reverted	-0.9965031377209741	0.25312724676125714	0.2453740723685949	0.5014986808701478	-0.5769926402405595	0.39425603378651425	0.022879529143778932	0.06885294197317074	0.9082675288830503	reverted	0.0
CTCCGTTGTGGAGAGA-E15S	51107.0	-0.023657858840966495	-0.16865985686552354	0.8081712207498268	0.049634909707096435	0.613592659644358	partial	partial	0.8538766935916585	0.41691750232431374	0.5767731085194467	0.006309389156239428	-0.13710534852078968	0.17286099740293434	0.021353241722118832	0.01961812685740006	0.959028631420481	partial	0.0
ACAGTCATCACGGCCA-E15S	45464.0	0.20509016634169613	0.07610445673863186	0.26665420444798954	0.036144959206592976	0.815719759639293	reverted	reverted	0.32152084892019916	0.31614882846546444	0.49882339084675487	0.1850277806877806	0.34677541781476323	0.12120530567116403	0.07943582689273718	0.008865151501648906	0.9116990216056139	partial	0.0
TAATAGCTCCTTCACG-E15S	52156.0	-0.3074299037674997	-0.43274992833474013	1.6593865966191867	0.06328426412735294	0.24066430703700303	persistent	persistent	1.6708666620790942	0.5722150718630523	0.42778429923115574	6.289057919839e-07	-0.7856885543717628	0.29518161736363197	0.02039585502673814	0.17700403804311898	0.8026001069301428	persistent	0.98989898989899
CATAGAGGTTGAATGG-E15S	47432.0	-0.008736973446187235	0.31127048020296244	1.3999302771834274	0.060608740934587915	0.3412225954724366	partial	partial	1.4124273804506389	0.5125784702934201	0.48740473301531245	1.6796691267565443e-05	0.25171098251421503	0.11391438620285203	0.053276027936639894	0.008990950718368024	0.9377330213449919	persistent	0.012987012987012988
ACATTCAGTCTCAGGC-E15S	46771.0	0.01930459084251701	0.2643856406420281	-0.9423384002865449	0.023069467676472624	0.9776083280971571	reverted	reverted	-0.92990186917281	0.22709694181229106	0.23164436141353237	0.5412586967741766	0.5843272249456163	0.11684315141695607	0.2547448568181612	0.009879641056568102	0.7353755021252706	reverted	0.0
ATGACGGAGCAACCTA-E15S	45948.0	0.0014061681864122044	0.510924693993889	0.9961503150435618	0.057470227727282885	0.526616362736586	partial	partial	0.9574732796891828	0.44181195626286174	0.5569746328152392	0.0012134109218991242	0.2005113241593104	0.12726172405637565	0.04424405289705376	0.009456016661066812	0.9462999304418793	partial	0.0
GGGTAATAGCCTGCCT-E15S	46721.0	-0.3191893419515235	-0.40564862268090784	1.3339549290369814	0.05673565213386881	0.3698292738526751	partial	partial	1.3459630791328616	0.49913139235687953	0.5008323970989288	3.621054419167196e-05	-0.22569831638517454	0.1734934148329409	0.01951112929836554	0.026017412824231378	0.954471457877403	partial	0.0
TGCGATTGTTAACCAC-E15S	48274.0	-0.08143804006423538	0.16940815311238355	2.0567819538700283	0.0927269961660038	0.12995341238627642	persistent	persistent	2.099794065859011	0.6790306105720147	0.3209693876386316	1.7893537294379065e-09	-0.2423157036763878	0.16331244671054004	0.01897812931908609	0.027430081754335714	0.9535917889265784	persistent	1.0
TCATAACAGGTGCTGT-E15S	47636.0	-0.03624576708840915	0.3974755736250022	0.2544583412507546	0.03584423473451407	0.8191651966194544	reverted	reverted	0.25617008938410396	0.3124288016957228	0.49326581464818586	0.19430538365609126	0.14935368206708602	0.1451101883403664	0.037921996032564444	0.010247667938648676	0.9518303360287869	partial	0.0
GTAGGCAAGCTAATGT-E15S	42874.0	-0.07338903999531016	0.22596866746376287	0.7881697751268522	0.0462998660658595	0.6225309965242074	partial	partial	0.8194641460291857	0.41440921725788593	0.5781698053735208	0.007420977368593411	0.2030201412948387	0.12628623956953103	0.04461141119325137	0.009423497075896306	0.9459650917308523	partial	0.0
GCCGCTAAGGGGTAGC-E15S	46640.0	-0.18450906110440535	-0.25811235065979793	1.1780643018108865	0.05673625303055668	0.44082250243010895	partial	partial	1.2244609063500094	0.47031410915034755	0.5294860826690401	0.00019980818061241884	-0.04149088515620533	0.15422841823803898	0.023975522730620306	0.014773228515604789	0.9612512487537748	partial	0.0
GGTCTAATCAGGGACA-E15S	46286.0	0.03581548536428736	0.15596209859958565	-1.0496241171452816	0.0245328731700671	0.9816486115573638	reverted	reverted	-1.0258098499254285	0.2736258719893154	0.2557459253629301	0.4706282026477546	0.17184114835452394	0.17671491812114043	0.04198569395472819	0.010529785032501326	0.9474845210127704	reverted	0.0
ACGGACAAGCATATAC-E15S	49580.0	-0.05732396112137478	-0.28910161642372506	1.357666208206377	0.05681647393228208	0.35943013958460807	partial	partial	1.4019919979647075	0.5038794930594244	0.4960929463658441	2.756057473148191e-05	-1.8356445215128074	0.7954199432348855	0.02405638295240788	0.19366890607558315	0.782274710972009	persistent	0.0
CCATCCTGTTCGGTAT-E15S	47995.0	0.22096814766155431	-0.19219404007621566	-0.021687956311889606	0.03143410078413647	0.8842685886600054	reverted	reverted	0.030075092992223402	0.22384546413880207	0.3487986195808171	0.4273559162803808	0.005067234934290596	0.17205298790909515	0.027135505299564423	0.013697860749899319	0.9591666339505363	reverted	0.0
CCATAATAGGTGAGGC-E15S	45891.0	0.32943904495899695	-0.03963401927764332	1.7458271498158264	0.07476736351895968	0.21203772208731891	persistent	persistent	1.7806298413529154	0.5941968614823926	0.405802946969124	1.9154848334443337e-07	0.31909498464834296	0.10795331095802446	0.07067035302021513	0.008791317877820275	0.9205383291019645	persistent	1.0
GTGCAATCATGGCAAT-E15S	46922.0	-0.299960186717273	-0.35133694398194026	0.6641148307000928	0.0438607179727021	0.6759365396784547	partial	partial	0.6954138038487443	0.39852183953412873	0.5823329193202778	0.0191452411455935	-0.33945513484788387	0.23139286297321035	0.01995112422852112	0.039088151995543066	0.9409607237759358	partial	0.0
TCTGTGTTCCTCTCCT-E15S	48313.0	0.07166939923971077	0.3501123148209908	1.1379177800771374	0.04560298319327866	0.4596327560649896	partial	partial	1.1458795276821145	0.4635647955585046	0.5361324395701955	0.0003027648712998785	-0.031723959490855845	0.15508520911688758	0.024458060606476727	0.014450450199477735	0.9610914891940455	partial	0.0
CATAGGCTCCATCGAA-E15S	48915.0	0.3249360150602946	-0.09012079050027283	-0.0482336004015786	0.03769482366831389	0.8893130833094998	reverted	reverted	0.02664360453343884	0.21623532174057963	0.3355842331926052	0.4481804450668151	0.40504156090637566	0.12241170130889964	0.10366743048732165	0.008960709305712116	0.8873718602069662	reverted	0.0
ACAAGCGAGGTCAAGG-E15S	48239.0	0.14420223419492811	0.14505433426444736	0.658223817060574	0.03731920892349176	0.6783746631674324	partial	partial	0.6510767280895196	0.3977278321555693	0.5822972385755504	0.019974929268880243	-0.06185282561377935	0.17218176213987776	0.023877232677987435	0.015980886258567608	0.960141881063445	partial	0.0
CACTGGACATAAGCGT-E15S	48239.0	0.027337398110091782	0.09490917539825405	-0.7020297056454964	0.023353778449360596	0.9651583650251148	reverted	reverted	-0.6827082289619139	0.16677628550029563	0.20102954833682088	0.6321941661628835	0.15090110624725112	0.15923028798919564	0.03868222506704641	0.010472594127380398	0.9508451808055731	reverted	0.0
AGAAGTTGTTGGCCTA-E15S	48241.0	-0.02994754705060615	-0.024993519181691237	1.0055225272534365	0.05017946901192602	0.5221912031170268	partial	partial	1.010589291251043	0.4431562825070444	0.5557324718851878	0.001111245607767771	0.04884449602210225	0.1416633965642454	0.028543946436130917	0.01190799138683771	0.9595480621770314	partial	0.0
GCGATCCGTTGTCCCT-E15S	47932.0	-0.20159242959117332	-0.28353520741163546	-1.1267691428968678	0.038913852283259075	0.9841026133585797	reverted	reverted	-1.0770538335151651	0.31512285431382947	0.27523651052816633	0.4096406351580041	0.16959637352922852	0.18469332483077577	0.042053305558737125	0.01071161157969564	0.9472350828615672	reverted	0.0
ATGTGCATCTATGAGT-E15S	46792.0	-0.22439119234001118	-0.40785632125201443	-0.1208100122079132	0.03427522187273475	0.9021320586314979	reverted	reverted	-0.07399703292694838	0.1973584930923453	0.30217926340999685	0.5004622434976578	-0.15735566372006127	0.2013597555650961	0.021972134020346427	0.021535770461232267	0.9564920955184213	reverted	0.0
GCCATAATCGCGACAT-E15S	43664.0	0.22508412607395728	-0.022749107284554038	-0.3885230653820294	0.030321575640163998	0.9386566731988535	reverted	reverted	-0.3735546122073399	0.15622563270736065	0.22053653680273688	0.6232378304899024	0.37662681544020377	0.13693597519867337	0.08970817157992649	0.00896202659247378	0.9013298018275998	reverted	0.0
CAAGCGCCATTACCGC-E15S	38697.0	0.003070818342985837	0.6255044513011825	0.20374757064169666	0.04305300981923992	0.8329534219303609	reverted	reverted	0.18356141960780717	0.296402305076641	0.468679673109325	0.23491802181403393	0.40290589868231175	0.1185143296384666	0.10307759581315781	0.008946754083180615	0.8879756501036618	partial	0.0
TGACGAAGTTCCGCTT-E15S	46387.0	0.0746073989555423	-0.2681748383532513	-0.5800490219164514	0.02578035260468507	0.9565013018688092	reverted	reverted	-0.5455137347262714	0.1548383395248933	0.20007596787665044	0.6450856925984563	-0.08935802880868964	0.21566839823249334	0.02484310474027187	0.018334439505372144	0.956822455754356	reverted	0.0
GGAAGGCTCGTTAAGT-E15S	47384.0	0.05432408460960064	0.05549561407890102	-0.1479544114206809	0.0310825671247545	0.906576318708127	reverted	reverted	-0.1006644977100504	0.19109735807604125	0.2908467304536532	0.5180559114703055	0.03984425597251021	0.17012342809613037	0.029210737225284944	0.012730407890136679	0.9580588548845785	reverted	0.0
TGGATTTAGCAACCAC-E15S	39067.0	0.25063382709638343	-0.03950039497650715	-0.5279891379685316	0.02862046444414496	0.9522111230752249	reverted	reverted	-0.492864814610242	0.15288586127918793	0.20286727452171754	0.6442468641990945	0.4767104912534888	0.12421595640190916	0.14615423642928774	0.009237121084494775	0.8446086424862175	reverted	0.0
CTCAGTTTCCTTCCAG-E15S	43946.0	-0.25862541371315695	-0.3006938334646828	3.192630538026942	0.10813701692537316	0.017095364160707827	persistent	persistent	3.206720679062382	0.9346315655194354	0.0653684344805647	3.074057678778592e-19	-0.08000917431913043	0.13348834365294038	0.02165308264814631	0.01584093069640621	0.9625059866554476	persistent	1.0
CGGTTAATCATGTCAG-E15S	42775.0	0.047696738119709314	0.08962775599784589	1.2672191967362678	0.05703690034214423	0.39972563816733364	partial	partial	1.2948561182213223	0.48628391057089204	0.5136394652657199	7.662416338804897e-05	-0.14157583684698324	0.17757214674374439	0.021416806417974738	0.019991534717413544	0.9585916588646116	partial	0.0
TATGCAACAATCGTCC-E15S	40972.0	-0.14187963223630962	-0.261753521791989	-0.4135015717639165	0.036813785234781606	0.9413237176992638	reverted	reverted	-0.3615692428095987	0.15472499238405416	0.21622310559518199	0.6290519020207639	0.0013764635922811832	0.18811434366211602	0.027712599872463002	0.014209942081572254	0.9580774580459646	reverted	0.0
TGTAACCGTCAAGTAG-E15S	47877.0	0.22756480441639443	-0.06073787348763582	-1.0122952341627134	0.03354653368496206	0.9803312400859071	reverted	reverted	-0.9583485586057569	0.2559368215383289	0.2468213790811419	0.4972417993805293	-1.4011227288678096	0.7415707962373143	0.02641798325916405	0.13604194848831153	0.8375400682525244	reverted	0.0
AACGGTAGTATGGCTT-E15S	44572.0	0.027402071601680733	0.3655307198614641	-0.7762062389289436	0.030097016377896198	0.9695842431077633	reverted	reverted	-0.7507840631502076	0.17965152871166482	0.20654683022671302	0.6138016410616222	-0.8050077915832523	0.4529886964582316	0.02249629034032509	0.10679916485068161	0.8707045448089934	reverted	0.0
GGCTAATCACTAGCTC-E15S	39751.0	0.04369884776396993	0.02839375059901783	-0.8557403335381949	0.022189950919097742	0.9737241223503248	reverted	reverted	-0.8291718293264927	0.19889647339106234	0.2164524812913467	0.584651045317591	0.4621299867121451	0.13058628983576914	0.13455803969095292	0.009162373677434117	0.8562795866316131	reverted	0.0
CCCTTTAGTTTGAGAG-E15S	47241.0	0.22675876576692405	0.05145533055358398	-0.23629011498965624	0.02650303892738806	0.9198096285650071	reverted	reverted	-0.23866532259599735	0.1739566424963152	0.25874020449116736	0.5673031530125174	0.03829269145938547	0.1748594969987444	0.029336232995442038	0.012879380989633076	0.9577843860149249	reverted	0.0
AGCCTGGTCTAGATAC-E15S	46694.0	0.1762142790188273	-0.013295670032220208	-0.23434997807932867	0.0255455449208341	0.9195382923696004	reverted	reverted	-0.23349754283015453	0.17427899953223497	0.25936561379123485	0.5663553866765302	-0.10448059620485525	0.19357168378706635	0.02323521400129753	0.018424459130797047	0.9583403268679054	reverted	0.0
CAAGCTGCAACTCGTC-E15S	40527.0	-0.24234012699429777	-0.38738594462472403	2.4829930318381828	0.10033146499585383	0.062488112387547166	persistent	persistent	2.51286123700152	0.7960889186685886	0.2039110813303525	1.0589354115267288e-12	0.3561845630591188	0.10130567757968562	0.08393219858537959	0.008788125161568502	0.9072796762530521	persistent	1.0
AAAGCAATCATAGGCC-E15S	45021.0	0.1927260716073233	-0.006836073154706468	-0.1813018146877509	0.032040424102470336	0.9117878039154523	reverted	reverted	-0.13466397893198295	0.18403783306393062	0.27785690715761124	0.5381052597784581	0.0032296794837239078	0.1920147735028245	0.02801686333121741	0.01425690189156404	0.9577262347772186	reverted	0.0
GGCGATGGTAAGCGGT-E15S	46196.0	-0.30794104524767707	-0.3580077417997304	-0.6018377099006796	0.036976455924669006	0.9581855888047776	reverted	reverted	-0.5848887771256286	0.15619366814561317	0.19948670323244824	0.6443196286219387	0.3315059695140173	0.1303490179148204	0.07397693618459503	0.00892504571680676	0.9170980180985983	reverted	0.0
AGCCATTGTGAAGGTC-E15S	39343.0	-0.21889740279316133	-0.36935713935188197	0.715969712997903	0.04824122696675967	0.6540728784375195	partial	partial	0.7620745035703793	0.405304466242017	0.5816507781853884	0.013044755572594659	0.4562965080484079	0.11296014038749688	0.1347200627234938	0.009158156718677228	0.856121780557829	partial	0.0
CAAGGTGAGGAATCAA-E15S	46735.0	-0.3447013667274244	-0.44500636627397955	1.2424486874374459	0.05843589867262194	0.4110287824214434	partial	partial	1.2456736845123577	0.4817100556933439	0.518189447853013	0.00010049645364311466	0.1383744646988566	0.12344878839910797	0.035843507842705305	0.01004651060854841	0.9541099815487463	partial	0.0
AAGTACCCATTAGAGC-E15S	47439.0	0.01197134575402975	0.1424574671811094	-0.20782439682102938	0.025958380615327337	0.9157437125389404	reverted	reverted	-0.22596324562671727	0.17893117896320881	0.2682762747411199	0.5527925462956713	0.040128674337680914	0.16903184212182368	0.02917755150534991	0.01269827059683366	0.9581241778978165	reverted	0.0
CTGTGCCTCACTTCCG-E15S	46155.0	-0.10671404402544626	0.009873942578307093	1.0127590363610548	0.05920424347439044	0.518772010620202	partial	partial	1.0424250235394577	0.4442027402748981	0.5547593597496319	0.0010378999754700482	-0.26494180081964247	0.20106320751728157	0.019839456108435946	0.03017632769165234	0.9499842161999118	partial	0.0
TAACACTAGTTAGACT-E15S	46406.0	0.025290905475277903	-0.061679479958617556	0.5869876738841258	0.0359197076724464	0.7070652916419782	reverted	partial	0.6281000530270338	0.38755337496194164	0.5797215037216518	0.03272512131640656	-0.096828550205263	0.17856401676496295	0.02283488170349115	0.017662573841386163	0.9595025444551227	partial	0.0
AATATCGCAGGATTAC-E15S	41993.0	-0.3027502140396835	-0.34900300406547324	2.3036524039475705	0.07724579494183136	0.08558816589266548	persistent	persistent	2.3422739251621927	0.7481833071626087	0.2518166928094295	2.796177167526297e-11	0.3380789623713788	0.10347904552500159	0.07709868310908698	0.008772954682908778	0.9141283622080042	persistent	1.0
AGCTTACGTGGCTGCT-E15S	30499.0	0.016942099901291974	0.09242660888330656	1.0437829173047521	0.05820798594564947	0.5040975157132372	partial	partial	1.1385432190177702	0.44877539369934305	0.5504529335463361	0.0007716727543208139	0.8348624802788491	0.0869050528245405	0.7449344571939011	0.008858219188459205	0.24620732361763983	transitioning_out	0.0
AACAGGTAGGTTCGCG-E15S	39396.0	0.0875344249215359	0.3979524333922486	-1.0152590475887757	0.03036079797582436	0.9804391387669733	reverted	reverted	-0.9985520352210521	0.2572826752724669	0.24751191949541862	0.4952054052321145	0.4549313643269784	0.13425039794240085	0.1291777334664533	0.00913278893635757	0.8616894775971891	reverted	0.0
ATACGCGCAGTTGCAG-E15S	38369.0	0.10777723513361409	-0.2200511480774558	1.3281940734589064	0.061866220346674765	0.372374607188793	partial	partial	1.3921427341023138	0.4979922597297393	0.5019690672313231	3.867303893762233e-05	0.33976690281021876	0.11914302290738503	0.07708610301169033	0.008852396857413762	0.9140615001308959	partial	0.0
AGCCTTGGTAATGCGA-E15S	45033.0	0.17938386470752882	0.17826715268012694	0.23957422668425168	0.03449160613210915	0.8233018125371779	reverted	reverted	0.2373869365872105	0.30781174113698506	0.48628408240400633	0.20590417645900866	0.19978139736506176	0.14108542830492815	0.04454556720005222	0.009647966835154901	0.9458064659647929	partial	0.0
GGGTTGGGTCTCCACT-E15S	45283.0	-0.25036004342939056	-0.21163044729028185	0.26487183378352824	0.03666880084239599	0.8162264474226091	reverted	reverted	0.30874932786127984	0.31560890364074223	0.4980207165714172	0.18637037978784057	0.14952735002695108	0.147563234568523	0.038040143440753675	0.010286597578517662	0.9516732589807286	partial	0.0
GCGACAGGTTTCGTCC-E15S	47126.0	-0.10258180424683311	0.23906196695075888	-0.01871507937515189	0.029262190060647883	0.8836913744862241	reverted	reverted	0.007790471138690112	0.22471874162254563	0.35030696279809026	0.4249742955793641	-0.12700582415449985	0.19964937616517228	0.022772436249037586	0.019740436974479983	0.9574871267764825	reverted	0.0
GCAGTGAAGTCAGGAG-E15S	44828.0	-0.2801479428666954	-0.38166049088987963	1.8637270873251193	0.07517786040766505	0.1771337567133014	persistent	persistent	1.8784516171804184	0.6255129552940385	0.3744870096597715	3.504618997356913e-08	-0.20906902951738954	0.17290953226814765	0.019762075620152652	0.024583714369786316	0.9556542100100611	persistent	1.0
CCACATAAGGATCACC-E15S	44065.0	0.3091772701314987	0.02057011925798813	1.0844308920117258	0.06030134784454605	0.4848640346468286	partial	partial	1.1260193133950225	0.4549878210919715	0.5444935184331499	0.0005186604748785999	0.08100962716599129	0.14454246716965666	0.031126049424918093	0.011303403332961506	0.9575705472421204	partial	0.0
GCATCACAGTTACGGC-E15S	42431.0	-0.06353000528183761	-0.028576575648277758	0.6105805175265802	0.049097723628485294	0.697729341100332	partial	partial	0.6603622504814467	0.391057645488576	0.5810416415550648	0.027900712956359104	0.27666280205065574	0.12393441210558634	0.058946431507404806	0.008987522323063327	0.9320660461695319	partial	0.0
CACGACCGTCTAGCAT-E15S	43855.0	-0.06982182080016697	-0.04509667092910907	-1.6868928241751533	0.03908777759443453	0.9944366431711279	reverted	reverted	-1.6559458808557064	0.6550212880633314	0.3092999803863809	0.03567873155028785	0.5389922152671264	0.13467670145428667	0.1939673818289606	0.009507183909736185	0.7965254342613032	persistent	0.0
CGCGATTAGGTCAACC-E15S	45497.0	-0.3106951987353781	0.19811830381032447	3.9656406978779506	0.10286481318044484	0.004009263013416364	persistent	persistent	4.001662447398607	0.9886745821123409	0.011325417887659077	5.324439892409213e-28	-0.15177510365409114	0.1300936715763171	0.019526779595570892	0.019584872646058515	0.9608883477583705	persistent	1.0
ATGAGTTTCCCGCTTA-E15S	42896.0	0.07713421360406597	-0.12207322080261734	-0.2808373221185426	0.026135882732934965	0.9258140006878639	reverted	reverted	-0.25913040461208275	0.16722658234939303	0.24536101628585585	0.5874124013647511	0.32928331837832936	0.1420199159144202	0.07294744535314689	0.009014206233684792	0.9180383484131684	reverted	0.0
AGGGAGTCAGCCAAGC-E15S	41877.0	0.06019485777448014	0.42188367287803197	-0.5010287419152945	0.031205731875588876	0.9498341911590605	reverted	reverted	-0.48898020660060243	0.1525692236630609	0.20509862065500936	0.6423321556819297	0.4411013865139566	0.12382709501574982	0.12291520876124534	0.009081845641884953	0.8680029455968697	reverted	0.0
CCCATTTAGTTGGACC-E15S	40646.0	-0.30116771501544415	-0.40913437629686306	3.542308231322792	0.09958765573429365	0.00889176827435027	persistent	persistent	3.628855342211255	0.9685523433808976	0.03144765661910253	5.42095341511736e-23	0.4947410055958115	0.086917582894004	0.17168826819612856	0.009483164582442312	0.8188285672214292	persistent	1.0
GGTACGCCACAGGCGT-E15S	46553.0	0.03461493957416728	0.06435879025650959	0.011662006431011935	0.031404837928235355	0.8776489393649934	reverted	reverted	0.017738976686139694	0.23386287522779942	0.3660067763075656	0.4001303484646349	0.36189106511255426	0.11958741522406899	0.08511143122476	0.008868086183778599	0.9060204825914615	reverted	0.0
ACGTTAGTCCCCAAGG-E15S	43292.0	0.07615425300566409	0.03750386588677168	0.47015378688200615	0.0375228215669267	0.7507015834382071	reverted	reverted	0.45272633837776205	0.36732716444509156	0.5648733727082236	0.06779946284668491	0.12317086189614972	0.14572510975594083	0.035072295284167776	0.010617624709348487	0.9543100800064839	partial	0.0
CTAAACCGTCTTGGGC-E15S	43676.0	-0.29757633372660963	-0.40497026559973515	0.031949233396756885	0.03817709771282324	0.8734645909185665	reverted	reverted	0.04965951449924072	0.2401717769845753	0.3767415295466091	0.3830866934688156	0.48172164292936126	0.11054924735861733	0.1537486479348711	0.009301678800087502	0.8369496732650413	reverted	0.0
CGTTGGGTCTATGAGT-E15S	44490.0	-0.13644504555738357	-0.14051355469333315	2.756159329268842	0.08932005050634126	0.038221042783342395	persistent	persistent	2.836515353924434	0.8606377628634753	0.13936223713651985	4.795256806474377e-15	-0.14918605892224743	0.1519102564973803	0.020277447248817124	0.019861366671562904	0.9598611860796198	persistent	1.0
CTCGACTCACAGCGTA-E15S	40252.0	0.07331513662149852	0.3142949213547974	0.022275702127014647	0.029599063746099424	0.8754748666743328	reverted	reverted	0.028519591144686635	0.2371451201817631	0.3716013439413069	0.3912535358769301	0.47015946069076353	0.11859193091589201	0.1429640137930954	0.00921725553105251	0.847818730675852	reverted	0.0
CCTTTCAGTTGGTGAA-E15S	44281.0	0.17872867082861005	-0.09090622970753981	0.9476661530036209	0.04812860328666959	0.5494265705077225	partial	partial	0.9831768603469618	0.43504497038037254	0.5630589979591974	0.001896031660429892	-0.17004645580525393	0.1868994183847468	0.02106260702938669	0.021994194277740426	0.9569431986928729	partial	0.0
TCGCTTGTCTCATCCG-E15S	48044.0	-0.24066153338188254	-0.4075812898057237	1.8581264736946146	0.07006889888148034	0.17868448912981233	persistent	persistent	1.9019373220295106	0.6239957541562473	0.37600420777594823	3.806780445518556e-08	1.5224038921269055e-05	0.14465203205162938	0.02562961541926624	0.01321616309790771	0.9611542214828261	persistent	1.0
TCATTCATCCGGATGT-E15S	39336.0	-0.29662757778678894	-0.4267769016198901	5.320602153666794	0.15968213263273556	0.0003094889808440515	persistent	persistent	5.373138045231177	0.9998222169336466	0.000177783066353375	2.1548222611330485e-47	0.27655190919749983	0.09419721588354747	0.058872998191544665	0.008755692413782363	0.9323713093946729	persistent	1.0
AGTTGAAAGCATAGGG-E15S	48056.0	-0.3206766608473174	-0.37188786190988055	0.44930786593341654	0.03745160215120368	0.758014016561003	reverted	reverted	0.4495485177098384	0.363088682226744	0.5605622787523448	0.07634903902091124	-0.4138772289076685	0.23629175662387925	0.019569899092755874	0.05084374855657357	0.9295863523506706	partial	0.0
ATAACGTTCATCTCAC-E15S	43349.0	0.2264257440046344	-0.1714153976177561	0.12230598147610773	0.03192410839416994	0.8533206344253024	reverted	reverted	0.15974245467052386	0.26956848326365723	0.42571529420854126	0.30471622252780145	0.5240460923588774	0.10690042058445863	0.19234002547892629	0.009582833656746906	0.7980771408643268	partial	0.0
GCTCCGTTCTGGTCAA-E15S	45268.0	0.004723093877542106	0.11721120502630056	-1.3172774369003446	0.03195076720316524	0.9888624900999758	reverted	reverted	-1.2806980221568187	0.4387389063591139	0.3185157135692701	0.24274538007161595	0.5261395246494014	0.13157948876931977	0.1835306986095535	0.00945869741877483	0.8070106039716716	persistent	0.0
AAGTCATTCCCCTGTA-E15S	44775.0	0.2955958799556366	-0.095334334084411	0.6189178667899794	0.0414253837744752	0.6943901217978988	partial	partial	0.6595685384774713	0.39226106627971313	0.5813925123564371	0.026346421363849837	-0.19502642321179448	0.19164026128458928	0.02069102810077408	0.023863268569447534	0.9554457033297784	partial	0.0
GTTCATTCAATTCGTT-E15S	44045.0	-0.08927015494968393	-0.33017306251819917	1.5439350272084194	0.0676768770874413	0.28282865221686443	persistent	persistent	1.5766812006470574	0.54441360857585	0.45558353321965656	2.858204493424699e-06	-0.459780898490775	0.23339423842789075	0.019394527691350468	0.06070027620486017	0.9199051961037894	persistent	0.5925925925925926
TCCTTCTCATGACGTG-E15S	34587.0	-0.02440111454034377	0.26492186984183763	-1.0812024944973662	0.03204656836974586	0.9826951280067313	reverted	reverted	-1.0634792950793546	0.2898279524060404	0.26361029981635964	0.4465617477776	0.44635778945178994	0.141485753814878	0.12259696033527843	0.009107446567819349	0.8682955930969023	reverted	0.0
GCGTTAATCTAGCTTC-E15S	45639.0	0.3683573719901599	-0.09683414167459087	1.5588383466354752	0.06766788052297815	0.2771409970878778	persistent	persistent	1.6309501789774956	0.5478939200978146	0.45210371795396753	2.3619482178947786e-06	0.3375887224046041	0.10630673975093075	0.07682180108848158	0.00878565091580011	0.9143925479957183	persistent	0.6785714285714286
GTAAACTTCGATCGGT-E15S	47963.0	0.016222949675966714	0.055518297134455885	2.3574127944347776	0.08689655756912512	0.07795152626712934	persistent	persistent	2.3778668281591693	0.7628699954146848	0.23713000457459724	1.0717917663790703e-11	-0.17949864436405447	0.1567883517758999	0.01977918479725138	0.02199224116555794	0.9582285740371905	persistent	1.0
AGCCGAAAGGAGGCAC-E15S	38001.0	-0.2214681876115915	-0.3471476075978014	0.4653750989424826	0.04520713092518571	0.7523908343922096	reverted	reverted	0.5457361842187575	0.36637463252961666	0.5639331951760254	0.06969217229435792	-0.26201980010875536	0.20673550269446372	0.020069548808949383	0.029948898218498533	0.949981552972552	partial	0.0
TAGTTTGGTTTGGTTA-E15S	43754.0	-0.13106616736409654	-0.22539826259063322	-1.3860544532937855	0.0361584374817925	0.9902088983230699	reverted	reverted	-1.3275253041055055	0.4856957567417306	0.3278145480406296	0.18648969521763967	-0.1951583415340153	0.2675327490612089	0.024023825829266807	0.025718206843838975	0.9502579673268943	persistent	0.0
ACCATTTCATGATTGA-E15S	39672.0	0.11963612005014362	0.055174821934635965	0.4494069826004486	0.036329802495229886	0.7579795957854907	reverted	reverted	0.4569178785284754	0.3631093526111272	0.5605840746386676	0.07630657275020523	0.23790895573512671	0.13581871544347246	0.05088492562739054	0.009295619351282779	0.9398194550213265	partial	0.0
GTCGCTAGTAGGTGTA-E15S	40731.0	-0.015093955701868222	-0.22883742342545765	-1.3216853003919615	0.04033936800166341	0.9889540208556177	reverted	reverted	-1.2566080161652897	0.44176771883090704	0.3192508525905024	0.23898142857859064	0.585405849105512	0.13079870212124914	0.24600231983957913	0.0097650477287597	0.7442326324316613	persistent	0.0
ACATGAAAGGATGGCA-E15S	40236.0	0.07596323235617225	-0.14579807223813906	-1.079137014872058	0.028055002279702777	0.9826285066405612	reverted	reverted	-1.0471068840317521	0.28873417306757543	0.2630892872706172	0.4481765396618073	0.2680418118199568	0.16746741219356023	0.057428105705217024	0.009516439138593544	0.9330554551561894	reverted	0.0
TCCCAGCTCCAGCCCT-E15S	41424.0	0.30742364515458337	-0.10926504169610052	-0.21526469236039067	0.02998544639860701	0.9168241732733032	reverted	reverted	-0.19245294594831758	0.17758023753957808	0.2657091127381277	0.5567106497222942	0.26847317544274224	0.14279729890895224	0.05720856509466686	0.009211089613150553	0.9335803452921827	reverted	0.0
GCTTCAGGTTGGGACG-E15S	41439.0	-0.1358501753067799	0.32240888593874717	-0.15948729493479313	0.027524244371163017	0.9084091792672883	reverted	reverted	-0.13012690875718047	0.18857613218637856	0.28623652135193917	0.5251873464616823	0.174954743935149	0.15594651920720237	0.04153916857790619	0.010124304288572333	0.9483365271335216	reverted	0.0
ACGCAATCAATGTCAA-E15S	42525.0	-0.1658346848395012	-0.185923540005567	-0.43352025511424913	0.028037096868104135	0.9433822977763987	reverted	reverted	-0.40662105648103514	0.15380580545103023	0.2131394607281168	0.633054733820853	0.07945974521796431	0.1763083840023637	0.03246841964067255	0.011995676932661594	0.955535903426666	reverted	0.0
GGCACCTGTAACGCGG-E15S	41339.0	0.04583748563434947	5.4078840654114835e-05	1.261117047479327	0.04582969537754891	0.4025007382881294	partial	partial	1.2822715458516278	0.4851473522397843	0.5147707004833713	8.194727684444595e-05	0.10023916767377886	0.1410949561313091	0.032655283274089036	0.01089706348393587	0.9564476532419751	partial	0.0
TGGACTATCAGGTAGG-E15S	44466.0	-0.39493476340615985	-0.4324856373545384	3.110874194332754	0.12444895621089037	0.01990014209636772	persistent	persistent	3.173170984923348	0.9236398824156875	0.07636011758431249	2.0649488052443215e-18	-0.3300132016515436	0.16353472904393856	0.018332596648447993	0.038463551578710085	0.943203851772842	persistent	1.0
GTATTGGTCGATCATG-E15S	43073.0	-0.3743345467615603	-0.4597101603404604	2.2951557571304084	0.08913625511955815	0.08685547887543214	persistent	persistent	2.3925409606607086	0.7458422834236439	0.2541577165438755	3.2480579416479724e-11	0.17641293740633968	0.11255329237942116	0.04025871121894645	0.009482475188266974	0.9502588135927865	persistent	1.0
AAGTACCCAATGACGT-E15S	42739.0	-0.16366760722345275	0.17203399856837442	-0.9876233994463746	0.030668954912462684	0.9794101324219999	reverted	reverted	-0.9573211020067762	0.2451265464394144	0.241212002521676	0.5136614510389096	0.45149312178985984	0.1301009139273611	0.12795059148631013	0.009120929387232586	0.8629284791264574	reverted	0.0
AGGTGCAAGGGCTATC-E15S	41731.0	0.40343443779014704	0.07894970901286713	-0.42549478850618	0.03017512842200444	0.9425652962754375	reverted	reverted	-0.3343554246181732	0.15414403050287975	0.21433630442852283	0.6315196650685975	-0.3190624701336488	0.2833456437767451	0.022080442780508153	0.036575982546083394	0.9413435746734083	reverted	0.0
CCCTAGCTCACTCCAT-E15S	42731.0	-0.27741701464484175	-0.3281034300549327	-0.6226442810035661	0.04398286120270847	0.959735612171308	reverted	reverted	-0.5697147247660087	0.1577933532856136	0.19923652862772556	0.6429701180866609	0.08475946093796242	0.1729313245389476	0.03274206745822967	0.011815768642044939	0.9554421638997252	reverted	0.0
CCGCCATTCCATCCCA-E15S	45365.0	-0.3256764930179789	-0.43868781514888655	1.1578313743366826	0.058860162583835605	0.4502846558919524	partial	partial	1.1698575808934364	0.46687872533389496	0.5328746050568277	0.0002466696092774279	-0.4301029507690052	0.23268502071693056	0.01943474693022263	0.054227615773499216	0.9263376372962782	partial	0.0
TCCCCTAAGGATAGGT-E15S	46165.0	-0.05904298600761504	-0.04099272319159353	-0.8940021817732593	0.026983656407157	0.9755151754751576	reverted	reverted	-0.8829786756297271	0.21037311202618614	0.2226261184110154	0.5670007695627984	0.06935615632310659	0.18844092910484986	0.03227565492199609	0.012488467467419396	0.9552358776105845	reverted	0.0
GGTATGAGTTAGACGA-E15S	42697.0	-0.24706146969505696	-0.08790715079407013	-1.4019188388299753	0.0369235691025097	0.990495835979928	reverted	reverted	-1.3562512687918222	0.49632684009728373	0.32925136387245774	0.17442179603025862	-0.2843094348864285	0.30392113945311894	0.02364430376230373	0.03341135685276305	0.9429443393849334	persistent	0.0
TGGCCATAGTTGCTGA-E15S	41746.0	0.11505498019883126	0.34405470896049706	-1.1208628848002486	0.023075687519182705	0.9839267332645173	reverted	reverted	-1.1125849456013415	0.31172196433497007	0.27372179434303284	0.41455624132199703	0.04780444708475295	0.21647482891035771	0.032190224989565946	0.013706270296905732	0.9541035047135283	reverted	0.0
GTAGACTCAGGAAGCG-E15S	42635.0	-0.27713459763837545	-0.28107614012418775	-1.454771965666007	0.043078255538748556	0.9913929952743314	reverted	reverted	-1.4399082882423757	0.5307545120182046	0.3319780008594575	0.1372674871223379	-0.022055891709590974	0.21713376694824882	0.027958149454461356	0.01574903778293326	0.9562928127626054	persistent	0.0
AGAGGCATCTATCACC-E15S	42661.0	-0.057315466308807794	-0.2584529188171345	0.4743677712973556	0.04078655141038879	0.7492055805661743	reverted	reverted	0.5015438611917882	0.36815790347712335	0.5656790164403417	0.06616308008253483	-0.11476552846973305	0.19037089621071263	0.02274885443573107	0.018851508246092205	0.9583996373181769	partial	0.0
ACGGCCATCCTCATAC-E15S	43521.0	-0.010292870295232126	0.09761709491726889	0.5805394162152362	0.03952243785149702	0.7095873575864051	reverted	reverted	0.5951799762237286	0.3865679703840013	0.5792728949962508	0.03415913461974791	-0.5080275535681883	0.29871224094515786	0.02057744758639098	0.06520870206820918	0.9142138503453998	partial	0.0
TGTGCAATCCATGCCC-E15S	37885.0	0.13814159284974198	0.08125654669869065	-0.8017979550278114	0.025704048448955356	0.970980984995138	reverted	reverted	-0.7920200280934836	0.185196275466943	0.20929154542391534	0.6055121791091417	-0.00964897325115787	0.21297539111818067	0.02839815871355185	0.015224648527874366	0.9563771927585737	reverted	0.0
TACCCCATCCTCATGT-E15S	32630.0	0.02213557489497564	-0.23873549101611113	-1.395845516449598	0.036583232873402656	0.9903869856470627	reverted	reverted	-1.334665689488741	0.4922702981895426	0.32873438407703104	0.17899531773342633	0.5942565513630745	0.13458272394281384	0.253882972811125	0.009774000238198736	0.7363430269506763	persistent	0.0
AACACACCAAACCGTG-E15S	37834.0	0.2027859330903476	0.06420713794492738	5.264364375156225	0.17582852779794145	0.0003442452655441748	persistent	persistent	5.384310210011716	0.9997832819925214	0.00021671800747848966	1.7368448485255087e-46	0.1323274478361255	0.10111455258179165	0.03443183319722589	0.009819177877138218	0.9557489889256359	persistent	1.0
TGCCTAGGTAGGTATG-E15S	44764.0	-0.18534191280940715	0.04485896416493396	-0.12018033034870901	0.03584807735174141	0.9020267593451001	reverted	reverted	-0.079994856473982	0.19750910484438244	0.30245003386965646	0.500040861285961	-0.17519750081545138	0.22408022687026216	0.022497018117101194	0.023255517859923358	0.9542474640229753	reverted	0.0
CGGTTAGCAATCTCTG-E15S	41504.0	-0.25505597285891857	-0.3503202018207424	2.766800133342435	0.09220519198516745	0.037487370876933115	persistent	persistent	2.8290588060472475	0.8628897289663899	0.13711027103360635	3.847082093873061e-15	-0.14208610008350941	0.15133019023026334	0.020430954649374316	0.019416404920637016	0.9601526404299887	persistent	1.0
TCTACGTTCTAGGCGT-E15S	35709.0	0.28582340962655256	0.009203802631026714	1.5341783659837387	0.06768821912642724	0.2865901971736107	persistent	persistent	1.541868000636051	0.5421533685442267	0.4578433956246125	3.2358311607240094e-06	0.31076079891672803	0.1231431605985558	0.06787659003358079	0.008898420147714138	0.923224989818705	persistent	0.7142857142857143
AGCGGATGTTCGTTAA-E15S	41694.0	-0.03475980450808225	0.014368639899349112	-0.6719250382822209	0.02507927991360254	0.9631901865265742	reverted	reverted	-0.6623021131884697	0.1628159509270719	0.19984247571853733	0.6373415733543907	0.2006789076232266	0.1648150637972171	0.04548056583536752	0.010002251880605028	0.9445171822840275	reverted	0.0
GGGCAATGTTTCAGCG-E15S	37684.0	-0.32672373557372447	-0.3588096217044242	0.3667667856247593	0.045171642629984514	0.7855124958605775	reverted	reverted	0.4050600481458235	0.344062805213485	0.5379651138247697	0.11797208096174526	0.4850546991547271	0.11272004213043733	0.15572849413664128	0.009313648619976599	0.834957857243382	partial	0.0
CCGACTTCAACTGCCT-E15S	36421.0	0.03775129665050875	0.3975905854536882	-1.473831548075993	0.04756710243917686	0.9916954898231043	reverted	reverted	-1.417456103411341	0.5427080997891912	0.3321735577210736	0.12511834248973516	0.5669272784280636	0.13491269579074383	0.22216653007508344	0.009643684274724604	0.768189785650192	persistent	0.0
GGTAAATGTATGGTGA-E15S	41646.0	0.04500882927487182	0.13680799252130627	-0.35387511786305303	0.024654079781754042	0.9347693008458638	reverted	reverted	-0.33428289831909197	0.15895921425816198	0.22739940564730554	0.6136413800945324	0.056818765697696526	0.18360269111423416	0.03107758607098963	0.012649880345783454	0.9562725335832268	reverted	0.0
TCTCACTAGTTAACCG-E15S	37985.0	0.3699390273826589	-0.10950096231930473	-0.9922270106206336	0.028730430713525074	0.9795851528473377	reverted	reverted	-0.9477885750047573	0.2470904706756867	0.2422390225348334	0.5106705067894799	0.19701571885503627	0.18093965610291776	0.04555452067038674	0.010318164554544025	0.9441273147750693	reverted	0.0
TACTCCACAAAGGACA-E15S	37913.0	0.280084665222087	-0.1766829479312318	0.5618569565213566	0.047217169346198025	0.7168215242718574	reverted	reverted	0.6037694307645121	0.3836391276715166	0.5777490709364986	0.038611801391984675	0.4684893226004619	0.11566225882602225	0.14251923071723477	0.009215123801909914	0.8482656454808554	partial	0.0
CTTGATAGTCAATCAC-E15S	41124.0	-0.29636651036151423	-0.4150356738663464	2.0519332077327013	0.09349929501402439	0.13099481772186533	persistent	persistent	2.0920885887233514	0.6776669811225333	0.32233301694357475	1.933891922907029e-09	0.10096442718725711	0.12964260436803665	0.032259867718812216	0.01068567580879822	0.9570544564723896	persistent	1.0
AACATTCAGGTTCACA-E15S	36026.0	0.23185971945944467	0.07938723600029296	1.737314015564118	0.08711009534660955	0.21474295293553347	persistent	persistent	1.8254223963133245	0.5919919138321308	0.4080078703711066	2.1579676272175637e-07	0.3108496989692443	0.12078273310181714	0.06794035667354915	0.008881170608218317	0.9231784727182326	persistent	1.0
AGGCCCATCACACACA-E15S	34900.0	0.1633586825474606	0.31913436981169274	-1.257154853205492	0.03221141630341955	0.9875365778493329	reverted	reverted	-1.2353073301060602	0.39769045195180686	0.3068924168546387	0.2954171311935544	0.8720617642917373	0.10409333495188275	0.7809542360593664	0.008181326254254785	0.2108644376863788	persistent_exiting	0.0
TGCCAGGTCGCGTGAT-E15S	40845.0	-0.04604204446763199	0.1308330691081232	-1.0939156580155731	0.024939473693355366	0.9830996938993738	reverted	reverted	-1.108174074978232	0.2966631109849313	0.2668326070540453	0.43650428196102337	0.30386687040132176	0.15681824932048039	0.06562434853950112	0.00921756965966935	0.9251580818008296	reverted	0.0
CGAAACCTCACGCCTC-E15S	42324.0	-0.09752705726863159	0.08607946088691087	-1.1477169224952437	0.029823585970234698	0.9847112738465855	reverted	reverted	-1.1632361720667868	0.3274618405165315	0.2806008719138931	0.3919372875695754	0.21860061194692196	0.17033455531716132	0.048444760502345606	0.00992463987098046	0.9416305996266738	reverted	0.0
AACGACTCACAAGCCA-E15S	39637.0	-0.14080282724022258	0.10230519630480928	0.9197708383261108	0.05010033803639911	0.5624630164165842	partial	partial	0.9239944102368591	0.4312819890829871	0.5662830061159894	0.0024350048010235792	-0.04533853235644487	0.16890166359393277	0.024437509070172687	0.015265955651093325	0.9602965352787339	partial	0.0
GTAGGTTCAACTGGAT-E15S	41387.0	0.2938486717867383	-0.07190966569791601	-0.09244439746073056	0.03853139463221791	0.8972874043267097	reverted	reverted	-0.02297957743101377	0.20437845630578333	0.3147200668162485	0.4809014768779682	0.045732111568857634	0.1905541441033629	0.03064044955909283	0.01308032694311819	0.9562792234977888	reverted	0.0
ATGTAGCCAGGTTGGC-E15S	37153.0	0.1048186749580185	0.2997734009134969	-1.1528967936031187	0.02651897612021095	0.9848582076717317	reverted	reverted	-1.134809222783363	0.3305773336036245	0.28192219954915104	0.3875004668472244	0.6712947367850436	0.11578417140278716	0.3873893194266555	0.010198210814029702	0.6024124697593148	reverted	0.0
AGGTTCATCATGAACT-E15S	39324.0	-0.12341267700256314	-0.17160015684191682	0.5727517318518955	0.04802403566068883	0.7126161358000854	reverted	reverted	0.583216264609385	0.3853608039344296	0.5786787861545295	0.035960409911040846	0.22414137817966595	0.13236609709369224	0.048299820936615626	0.00934303300386279	0.9423571460595216	partial	0.0
ACCCCGAAGTGATCCA-E15S	39276.0	-0.27477412591375855	-0.3422715190269547	3.588316573960384	0.12953818360792513	0.008156108320587774	persistent	persistent	3.6815415403692073	0.9716596870987135	0.028340312901286423	1.6379864745946067e-23	0.3166446633038339	0.09661207250631762	0.07015187296058342	0.008730495594560576	0.921117631444856	persistent	1.0
TCCATAGAGATAGCTT-E15S	40143.0	-0.03715811965752719	-0.21047481355249992	-1.3356428472593367	0.03229230059909758	0.9892389748894762	reverted	reverted	-1.2857591650979026	0.4513544470778468	0.32145986244567454	0.2271856904764786	0.12019584648935804	0.2001813363865901	0.03734423633258462	0.011783839898512916	0.9508719237689024	persistent	0.0
CAGGTAAGTTGGCTTG-E15S	44671.0	-0.05805193411183046	-0.28235703020728126	1.2243195913317553	0.07025859383417266	0.41936201254030997	partial	partial	1.2626197141274365	0.4784294077390288	0.5214483241683482	0.00012226809262302796	-0.02089695371054581	0.1514627777820609	0.024826245181370755	0.014006968590092102	0.9611667862285372	partial	0.0
ACTCTGTTCTATCCTA-E15S	38755.0	0.3304176826910153	0.04375087481095985	-0.2371641358919108	0.031614712889402805	0.9199315909227316	reverted	reverted	-0.1918127625729831	0.17381222066184376	0.25845963197870775	0.5677281473594485	0.4330282348228158	0.1260505924515964	0.11784942599275273	0.009052851536082452	0.8730977224711649	reverted	0.0
AAGTAACGTAGCTCAT-E15S	36387.0	-0.2209510250582576	-0.055817946739888824	1.0154066102663477	0.05989805461977324	0.5175205967869396	partial	partial	1.0395021417265509	0.44458747049589575	0.5544003187976505	0.0010122107064537364	0.7494472594032145	0.09153611596790465	0.5729022453887552	0.01010914872060014	0.41698860589064474	transitioning_out	0.0
ACTCCACCAACGGGCT-E15S	41179.0	-0.07590795044696141	0.1602321886227639	2.3999854477966394	0.08490481684907003	0.0723521428583225	persistent	persistent	2.4477103445698893	0.7743213232577808	0.22567867673727127	4.9478998091497015e-12	0.21926653267506835	0.10994578733271475	0.046935503488653524	0.009122449485163102	0.9439420470261832	persistent	1.0
GTATCCGGTATTAGGG-E15S	44496.0	-0.25148844389009184	-0.19403912715464272	-0.7361493573194763	0.0340125141642202	0.9672664294356692	reverted	reverted	-0.7107683963630903	0.17212916617936042	0.2031129868421133	0.6247578469785262	0.16433671369537367	0.1640601123124107	0.04050497124937084	0.010389129195114121	0.9491058995555149	reverted	0.0
ATGGTTTAGGGCTTCG-E15S	45707.0	-0.1299050650815709	-0.3535463893321218	2.550604086028265	0.09560642392205274	0.0553963819090461	persistent	persistent	2.636883262967163	0.8131690530322832	0.1868309469674252	2.916097847840357e-13	0.04417451497862361	0.12097070895901986	0.027399549474533536	0.011626353530827688	0.9609740969946388	persistent	1.0
CTGATTTCAAGGTCCA-E15S	43626.0	-0.16501827734082763	0.2180427394601211	-0.5894863854955871	0.0217070170124353	0.9572386265878309	reverted	reverted	-0.5980071232888977	0.15538566496027464	0.19977936608481867	0.6448349689549067	-0.11078794502158266	0.2165456041670564	0.024098796115117258	0.019372271651142955	0.9565289322337397	reverted	0.0
CGCCAAGTCCTTAGTC-E15S	42962.0	0.04099630092256057	0.06363391259308337	0.7755340278668895	0.04732546308369301	0.6281354974030148	partial	partial	0.7838843723981371	0.41282611657928003	0.5789627340213913	0.00821114939932859	0.03372632706140453	0.15645195862587086	0.02816498175231738	0.01257151102698452	0.9592635072206982	partial	0.0
TGAGGCGGTAGCTGGG-E15S	41984.0	0.121769899914354	0.3106048794361159	-0.1501563679044853	0.03294493995196717	0.9069287865422274	reverted	reverted	-0.13873779159304522	0.19060952188956728	0.28995697476086413	0.5194335033495686	0.31574168568530386	0.13709734962115638	0.06906911713409	0.008998576279624262	0.9219323065862857	reverted	0.0
ACACGGTTCTAGTGCA-E15S	42249.0	0.038686921687543285	-0.1866412315427407	0.8035016672127507	0.04859325837075071	0.6156865197137902	partial	partial	0.8290879388168328	0.4163313161925307	0.577114173803934	0.006554510003535222	0.3380819215310926	0.11820848836279328	0.07654793084435833	0.008847045294162583	0.9146050238614792	partial	0.0
GGGTTTGCATCGCTCG-E15S	39216.0	0.0004520663667904601	0.1791369430405414	-1.1976370522259552	0.03818662203688108	0.9860707775325982	reverted	reverted	-1.1711084483971492	0.35845118148167204	0.29312591506366964	0.34842290345465826	0.32743162034940887	0.16343885802732902	0.07187396940577886	0.009209581308648504	0.9189164492855725	reverted	0.0
ACACGATCACTTGCAC-E15S	36230.0	-0.059030991603848115	0.40956724125216304	-0.1793151192560204	0.0373645123919467	0.9114848254018519	reverted	reverted	-0.19297007663311216	0.18443857138140343	0.2786014727750494	0.5369599558435472	0.48962614270075566	0.1209053788202957	0.15681793599425595	0.00931161031348036	0.8338704536922635	reverted	0.0
CCACCATCACTTCGTA-E15S	43125.0	-0.18185048359959166	0.1409569837368858	-0.2355685924868546	0.028057167775979837	0.919708818338407	reverted	reverted	-0.22725791691635155	0.17407623934056232	0.25897237093924813	0.5669513897201895	0.010370306222639162	0.18578509671749147	0.02811701457765176	0.013888393399525007	0.9579945920228233	reverted	0.0
CAAGACTCAGCTATGG-E15S	44070.0	-0.0053649643735654284	0.3144241138102576	-0.04516365139861047	0.0310451386499485	0.8887396932472609	reverted	reverted	-0.035738907972559984	0.21709754751695626	0.337087915936003	0.4458145365470406	0.3443851827176307	0.12252034782708175	0.07854009715457895	0.008871750324446176	0.9125881525209748	reverted	0.0
AGGCTCACATAGAGAG-E15S	42992.0	-0.010461836330507124	-0.22124748360221053	0.44796507156402676	0.042367919761870945	0.7584800074792587	reverted	reverted	0.45894199166896826	0.3628081527135868	0.5602657623318753	0.07692608495453795	0.05290129366469225	0.16600041070653737	0.029925577816112728	0.012330550003721786	0.9577438721801654	partial	0.0
CAAGCGCCAGGATCTG-E15S	43710.0	-0.051654314781211574	-0.15348621462177875	-0.6580434814136933	0.02551476038916462	0.9622470100586655	reverted	reverted	-0.6432533384697362	0.16122144764862997	0.19950279022850814	0.639275762122862	0.30210367557513973	0.1422313815229756	0.06527126935801554	0.009077381339772856	0.9256513493022116	reverted	0.0
AGTGGCTTCGCGCAAT-E15S	40869.0	-0.23049883790003672	-0.3483532884131598	-0.3126751374168174	0.0365819556307197	0.9298489729889522	reverted	reverted	-0.24042825864269882	0.16320245496520508	0.23693533830346547	0.5998622067313295	-0.14909107734755814	0.21865921144505213	0.02297173166316784	0.02149576082818968	0.9555325075086424	reverted	0.0
AATCGGCTCCAGATAT-E15S	39773.0	0.005517432403163325	-0.09294574695520519	-0.8486928640522408	0.025048308724290484	0.9733805968403079	reverted	reverted	-0.8310831810430556	0.1969454951719116	0.21541282731266945	0.5876416775154188	0.1797568483251442	0.18147236011027146	0.043212782723782484	0.010523802541194326	0.9462634147350232	reverted	0.0
CCGGAAGGTCTTACCC-E15S	43714.0	0.006986623691535798	0.0753690832988464	0.3531041227463404	0.038236227321684066	0.7898381964289658	reverted	reverted	0.33879305751731253	0.3405567346851305	0.5333598052541368	0.12608346006073268	-0.12501933906425516	0.19179228592940556	0.02248714242818275	0.019425236531485788	0.9580876210403314	partial	0.0
CCATCATTCCAGATAT-E15S	36906.0	0.25004948655569575	0.12311646570321111	3.2257132703558984	0.09912723976936529	0.016074193153320954	persistent	persistent	3.306123333061489	0.9387221553993441	0.06127784460065598	1.404548089046092e-19	0.48624560740830836	0.093819937703007	0.1622106823714044	0.009392313978338491	0.8283970036502571	persistent	1.0
CTATCGAAGGTACGAG-E15S	39204.0	0.06914489947545016	-0.1892879968222047	0.1245591197792594	0.03294219991170642	0.8527859359209246	reverted	reverted	0.1640339191325563	0.27031604851784946	0.42693695517770247	0.30274699630444807	-0.33371569344321167	0.25541838488101987	0.02080190715340947	0.038216822039033205	0.9409812708075573	partial	0.0
TGGCCTGAGCGCTACG-E15S	40079.0	-0.11520464799585317	-0.3127661380430969	-0.277429972413463	0.026353970115624886	0.9253697368845896	reverted	reverted	-0.25868406547149725	0.16769596541759957	0.24631840777337416	0.5859856268090262	-1.6869243163786702	0.8904722814206898	0.029237462054673972	0.1302087483298312	0.8405537896154948	reverted	0.0
ACTTCGTTCCTGACTT-E15S	26956.0	0.4016532414483475	0.08981547079313623	1.3482791034687422	0.07794969823630599	0.36353192515908717	partial	partial	1.4286233340636287	0.5019883277643543	0.49798095365286593	3.071858277980022e-05	0.6591151988658877	0.10577009478048867	0.3780306421447238	0.010288982198893458	0.6116803756563827	persistent	0.011363636363636364
CACTACCCATCCTACA-E15S	36133.0	-0.27554060063785335	-0.35924509118475756	0.1714093531654418	0.04154924507438056	0.8412991341626259	reverted	reverted	0.2319102048638611	0.2858366449191788	0.45199545958638976	0.26216789549443154	0.06651762437315532	0.1802425157714922	0.031637310920952996	0.012355489826542759	0.9560071992525043	partial	0.0
AACACCATCAGTTACG-E15S	41834.0	-0.23574531588952644	-0.35231237161894957	-0.20596422417216842	0.0348241265434209	0.9154715985521981	reverted	reverted	-0.17902588987093654	0.17927453198130316	0.26892635702605244	0.5517991109926444	-0.11860034477543745	0.22253714109982362	0.024122222186037885	0.01993679089386324	0.9559409869200989	reverted	0.0
ACAGCCCGTGCAGCGA-E15S	37747.0	-0.1296669997465742	-0.09726126513541544	-0.9429741266515774	0.025048840052993435	0.9776346585001784	reverted	reverted	-0.9318110358007347	0.22733401202248207	0.2317715312334482	0.5408944567440697	0.22536256193193083	0.17877338898589443	0.049818817035823915	0.010002311181274814	0.9401788717829012	reverted	0.0
AGTTATCAGGGTGACA-E15S	42128.0	-0.13122601988601085	-0.06737205793469125	-0.5857065503742838	0.02970348950317158	0.9569447590274615	reverted	reverted	-0.5680263086012937	0.15515920495306473	0.19989054508535578	0.6449502499615795	0.14085131247219482	0.16451463295566787	0.037768596079781794	0.010706984249315741	0.9515244196709026	reverted	0.0
GGTGACTTCCGTGCGA-E15S	36057.0	-0.15497992465145044	-0.1683843116623781	0.19207930704660894	0.02847743033394411	0.8360044766603518	reverted	reverted	0.2063639675683926	0.2926131437222427	0.4627349384744706	0.24465191780328682	0.058390406387411796	0.17947152245892026	0.03098483101702501	0.012516210854848308	0.9564989581281268	partial	0.0
TCCTTCTCATAAGGAG-E15S	40994.0	-0.11805163931955215	0.24447518643833877	-1.251671574353024	0.027714346573482207	0.9874081627992415	reverted	reverted	-1.2209099762335258	0.3939978606037033	0.3057027279883034	0.3002994114079933	0.4083716171857021	0.15083213154246575	0.10182358483325923	0.009054069648585494	0.8891223455181553	persistent	0.0
AAACGAATCGAACGTC-E15S	38666.0	0.09288678620721219	0.028085833475347766	1.535111849681943	0.05699706147914877	0.28622901296271186	persistent	persistent	1.5583359429101187	0.5423689931757194	0.4576278091012747	3.19772300589537e-06	0.20023410013554152	0.12758672364000775	0.04421006034303402	0.009462427833990233	0.9463275118229758	persistent	0.6455696202531646
GGACGAATCTATCCGT-E15S	29302.0	0.09203748277080254	0.28426294236747973	-0.37016768634459574	0.031908747610058755	0.9366250201726813	reverted	reverted	-0.31875552700686166	0.15757919171565332	0.2240430686318764	0.6183777396524703	0.32349035641924173	0.15503433764755628	0.07093417992514846	0.009139144699991783	0.9199266753748597	reverted	0.0
TACCCAGGTCAGGAGT-E15S	39429.0	-0.2202485776227952	0.06162913828065808	0.678724760136668	0.05109851287148187	0.6698487408001538	partial	partial	0.7206569498906699	0.40046744995626277	0.5823170597089903	0.01721549033474695	0.14326933510103584	0.1465823272709351	0.03727855421486225	0.01035102008966465	0.952370425695473	partial	0.0
AGTACCGCATCATACT-E15S	38255.0	-0.23352669689138497	0.04035429168518745	-0.49921844330172827	0.03982038230517822	0.949670637242062	reverted	reverted	-0.45551798649580344	0.15256466954311443	0.2052680849802701	0.6421672454766154	0.48293848885722845	0.12830100067470837	0.14951354097306813	0.009257253878608925	0.8412292051483229	reverted	0.0
CCTCTTGAGAATCAGA-E15S	41319.0	-0.07194127753302709	-0.03698689948259637	-0.35204449770135665	0.028044562103806316	0.9345576623639864	reverted	reverted	-0.34699456611273755	0.15912479372394517	0.22779102657546765	0.6130841797005873	0.15781204359419412	0.15993272781508802	0.03953291331834808	0.010396452367629585	0.9500706343140224	reverted	0.0
AATGACAAGCCGCACA-E15S	32496.0	0.16707640598985013	0.12091571834580939	-1.7372669799659628	0.04692178200219688	0.9949401243523871	reverted	reverted	-1.6797062229277293	0.6760426212652495	0.2988626755527424	0.025094703182008085	0.10789149030622278	0.2177628902617722	0.037121396411560856	0.012432172331925753	0.9504464312565134	persistent	0.0
TCTCGAGGTTAAGCAG-E15S	42080.0	0.015195725364495094	-0.14187519247880404	1.491044626094473	0.06960886976830225	0.30357234312657083	partial	persistent	1.576345058345109	0.5323369223595986	0.467657516913271	5.5607271303740454e-06	-0.24792254728048735	0.18687699890382897	0.019613154519863615	0.028292945974207614	0.9520938995059288	persistent	0.5116279069767442
GCAATCATCGCTCACC-E15S	37645.0	-0.12076515817745032	-0.2687396716130852	-1.085929989598086	0.03749111408649254	0.9828466685177554	reverted	reverted	-1.0222363938025225	0.2923490640602743	0.2648055982223193	0.4428453377174064	0.5696226085898459	0.12733691663948438	0.22996216843393338	0.009713568346759334	0.7603242632193072	reverted	0.0
ATATTCCCACCTAACC-E15S	37005.0	-0.12638312929394202	-0.2565397543169069	-1.3706289349000966	0.03429703114522935	0.9899216785051517	reverted	reverted	-1.3234146363202268	0.4752616938278275	0.32615267714939744	0.198585629022775	0.3562025765902947	0.15739646012390573	0.08095497345829786	0.009096592098931967	0.9099484344427701	persistent	0.0
CAACCAGCAAACTGCG-E15S	34622.0	0.10312438495941806	0.05408381519160932	-0.7533873331756356	0.03015460006320059	0.9682840849623001	reverted	reverted	-0.7197077639101365	0.1751978710641846	0.20446078938405113	0.6203413395517643	0.5782849974499901	0.11936151449489647	0.2454575170407196	0.00982473505599361	0.7447177479032867	reverted	0.0
TGGATTTAGGTTACGC-E15S	36516.0	-0.26832030159652376	-0.33916113940925313	-0.9853183395669985	0.04831342090810008	0.9793219474301476	reverted	reverted	-0.9172850931496713	0.2441523466459727	0.24070131372465162	0.5151463396293756	0.6296711582933848	0.12242111966534822	0.3125689270803147	0.010033865214171874	0.6773972077055135	reverted	0.0
AATGCGAGTCATGCTG-E15S	41785.0	0.4571550118569963	0.1397265735916534	-0.8400303949864018	0.03684291745648316	0.9729523609919742	reverted	reverted	-0.7439606093740848	0.19461506078555368	0.21417731327822923	0.5912076259362171	-0.22933986859335348	0.2499104833119927	0.022356605775390354	0.02778919824790697	0.9498541959767027	reverted	0.0
TGTAGGTCAGGGATGG-E15S	37398.0	0.06472306266223066	-0.14878603674788127	-1.1270630182636239	0.03668531629872661	0.9841113149328266	reverted	reverted	-1.0542884881985357	0.31529298697158525	0.27531187976423077	0.4093951332641839	0.34415447989104875	0.16831180143956517	0.07664729210455593	0.009212681097414521	0.9141400267980296	reverted	0.0
AATGCGGAGGTATCGC-E15S	36948.0	0.025206110725915387	0.11524867392053584	-0.7009190772591832	0.018832764267461093	0.9650875906299059	reverted	reverted	-0.6786202730468713	0.16661770565561201	0.20097486187797078	0.6324074324664172	0.40373167233522395	0.135932384447716	0.1014606015728796	0.008993320908694629	0.8895460775184257	reverted	0.0
TCAGTATAGATTGGCC-E15S	42469.0	0.052303647809616716	0.046677944881690414	0.690673665055558	0.04634939387679581	0.6648269738838178	partial	partial	0.7359945647362889	0.4020364537192311	0.5821979487659069	0.01576559751486192	-0.15139363298826902	0.20583112932295758	0.02232809643302521	0.021289044838143617	0.9563828587288311	partial	0.0
AGCAATTTCCGTTAAG-E15S	42506.0	-0.33023753833733493	-0.2612215010863061	-0.9906890717380565	0.041279065770544	0.9795268460173694	reverted	reverted	-0.9790875754341796	0.246431667252448	0.24189488244451918	0.5116734503030329	-1.8143571387457555	1.1702298661434616	0.03905269129545747	0.09201252118617725	0.8689347875183654	reverted	0.0
TGGTTCCCAACTTCGC-E15S	37441.0	0.15199600511505768	0.04877319462159224	1.1202361091290738	0.05284188310172205	0.46795720348094494	partial	partial	1.1614610927402158	0.4606776211266677	0.5389599412759962	0.0003624375973361458	0.5468030103554877	0.09806652823839507	0.22075224038876048	0.009797387427138532	0.769450372184101	partial	0.0
TGCCGTAGTAATGGAT-E15S	35803.0	-0.10038424991148043	0.05672637582548157	-0.3319680614462383	0.02978290342538752	0.9321943734831574	reverted	reverted	-0.308506194541901	0.1610805914403555	0.23228058864898557	0.606638819910659	0.44759414348451737	0.12900732859332162	0.12580134313688526	0.009106408911313561	0.8650922479518013	reverted	0.0
GTTAGCTGTCCCGATA-E15S	35996.0	-0.016018428783730443	-0.09721711695444807	1.1840121456651729	0.06222923723929314	0.438048769720404	partial	partial	1.2238579198943438	0.47133718850445133	0.5284750933410766	0.00018771815447214083	-0.025874358453283834	0.16603972089703897	0.025217231540361314	0.014512821066670534	0.9602699473929681	partial	0.0
TATGGCTGTAGTTGCT-E15S	43088.0	-0.0759834962428576	-0.28882017177464053	-0.08100586324250245	0.03249012119068007	0.8952743916271714	reverted	reverted	-0.03539508523980096	0.20734232935582328	0.3199700835612785	0.4726875870828982	0.26985328892669663	0.13836942035818586	0.05747033133263551	0.009156469236453234	0.9333731994309112	reverted	0.0
AGAGTATGTATGTCCG-E15S	37550.0	0.08062880367195796	0.059800032246930424	-1.1856626723657708	0.031442657713642054	0.9857559543658674	reverted	reverted	-1.1336250794270226	0.3508318081819057	0.2901760532552096	0.35899213856288487	0.1682971839991422	0.19072026980370002	0.042165487070578794	0.010848961661616542	0.9469855512678047	reverted	0.0
GTATTCCTCCTGAGCG-E15S	36533.0	-0.2946206582525658	-0.3475463904687456	1.1428182263612132	0.06114939229772835	0.45732943021328537	partial	partial	1.1581058838066542	0.4643741546310645	0.5353379035962	0.0002879417727354131	0.28422931944989127	0.12523435488053292	0.06078232976084574	0.008975110170857696	0.9302425600682966	partial	0.0
CCTGATTTCGTTGCTT-E15S	36246.0	-0.32286083121400605	-0.3894803286143855	2.0407609094006314	0.08088750947541104	0.13342137777856286	persistent	persistent	2.0999581472562716	0.6745269947378639	0.32547300295054055	2.311595588611404e-09	0.02989783220522875	0.14350522737042662	0.027351172190542394	0.01239095516112939	0.9602578726483282	persistent	1.0
TGGCTTGGTTCACTGG-E15S	36677.0	-0.26084241361776644	-0.34982185991921977	-0.07858007083240766	0.03941560595082619	0.8948430349921276	reverted	reverted	-0.0852472388319842	0.20798043512098582	0.3210971980160655	0.47092236686294864	0.4287630876752007	0.1252897220470358	0.1155962086933638	0.009037626250982946	0.8753661650556531	reverted	0.0
AACACACCAATTGCCC-E15S	34672.0	0.16706140087145066	0.1417244820038911	-0.8701263978453996	0.026795803690461428	0.974412024659181	reverted	reverted	-0.8387568390921138	0.2030345552808956	0.21866977304179203	0.5782956716773124	0.6381256963858034	0.1146170107207004	0.33343797176673984	0.010143415559955628	0.6564186126733046	reverted	0.0
AGTGCTCAGCTAGCAC-E15S	29785.0	-0.06609545303018188	0.013564063376823587	-1.0997514204597179	0.040493034490296044	0.9832822763551534	reverted	reverted	-1.0424056582757177	0.29985928066853124	0.26831924127545514	0.4318214780560137	0.7692748128563252	0.10876096368481934	0.5859019319099666	0.009821875037246786	0.4042761930527867	reverted	0.0
CGTGAAAGTTTGGTTA-E15S	39299.0	0.10613385232520095	-0.0857563111022927	0.6491532545080592	0.04872516983972748	0.6821097501156076	partial	partial	0.6638106536085578	0.39649351453717707	0.5821932483051416	0.02131323715768134	0.21760895398344637	0.13863566027554985	0.0473350199704718	0.009469333745325267	0.9431956462842029	partial	0.0
TGGTGTTGTGGCGACA-E15S	38640.0	-0.12581921784483624	-0.05047483694944599	0.6890328548525972	0.04222582786165966	0.6655188030649208	partial	partial	0.7029155433240628	0.40182207583934115	0.5822197848336849	0.01595813932697391	0.1859926136746944	0.1393433302289538	0.04245290619734035	0.009750125555668	0.9477969682469916	partial	0.0
GCCATAGCAAATGGAG-E15S	40227.0	-0.3622706205053814	-0.43574557861270957	2.7135407250450867	0.09049587070200714	0.041300030437736585	persistent	persistent	2.7638412741388567	0.8514051106663162	0.14859488933367238	1.1501273656145841e-14	-0.36191835519027976	0.18829023086324623	0.01872787482638146	0.043252222634911124	0.9380199025387075	persistent	1.0
CACCTCATCATGAACT-E15S	31596.0	-0.20359009872044473	-0.2299729213193018	2.086209851054027	0.07791818476523381	0.12378316512707296	persistent	persistent	2.1542197573696757	0.6873155025900187	0.31268449629692735	1.1130539531554918e-09	0.6266767717617232	0.0933964169530788	0.3354476016106021	0.010321107480776246	0.6542312909086215	persistent	1.0
ATGTCAACAACTAATG-E15S	37248.0	-0.11491226662658621	-0.3645209232236814	1.3736056818828515	0.060174375763750204	0.352512318225941	partial	partial	1.4247931262487143	0.5071249083239436	0.4928521964312134	2.289524484285582e-05	0.2258697383456965	0.1267523067895707	0.048476158936207964	0.009264613745368735	0.9422592273184233	persistent	0.0
CTTGTCCGTAATGGCA-E15S	32731.0	-0.016536500156202116	-0.19967758305617633	3.3361018402672906	0.09869408971523339	0.013082412562833372	persistent	persistent	3.3915273481378616	0.9509563931401789	0.04904360685982104	9.767779610454865e-21	0.3771752249690599	0.10197631794194376	0.09265351549480504	0.008837777574919844	0.8985087069302752	persistent	1.0
CACAACATCGATAGCC-E15S	34389.0	0.402401160016248	0.015236268714448609	0.6252311406785458	0.044290320467817966	0.6918478847089987	partial	partial	0.6890589617993638	0.39316123844165723	0.5816197394390507	0.02521902211929199	0.19740058134993296	0.15543932188588983	0.04466283082448586	0.009883664828938188	0.9454535043465758	partial	0.0
ACATCCGGTTTGATGC-E15S	38143.0	-0.010255438276303264	-0.05313797539202658	3.5397826274921163	0.12071087438262014	0.008934004013479878	persistent	persistent	3.64747503299905	0.9683738317468896	0.03162616825311039	5.786744229239184e-23	0.055615725037731996	0.1217304833617097	0.02823431930931147	0.011392110429768959	0.9603735702609197	persistent	1.0
CCGAATATCAGTGCGT-E15S	41024.0	-0.29857127968819674	-0.3923340422166549	-0.45899374069922105	0.034431832068248416	0.9459037059036058	reverted	reverted	-0.3837075879886281	0.15300083784749305	0.2096844382336422	0.6373147239188648	0.23567517795414195	0.15657600703015112	0.05095060171945908	0.009579803916771525	0.9394695943637694	reverted	0.0
CCCTTAACAACTGGGC-E15S	39353.0	0.013382365841528021	0.33289457355785346	-0.36705180151033334	0.026148622254290328	0.9362739699792663	reverted	reverted	-0.3172012181008038	0.1578301088769199	0.22466709036786917	0.6175028007552109	0.06122721267551299	0.17332187557687784	0.03089144133230368	0.012310710726402998	0.9567978479412934	reverted	0.0
ATCCACTTCCCTGGTC-E15S	34188.0	-0.31341784625262414	-0.35914310157993046	-1.0205377861494425	0.03677730916025597	0.9806298782017522	reverted	reverted	-0.9808686199383965	0.2597048188352511	0.24875009526095893	0.49154508590379004	0.5013593559158214	0.13415268053122884	0.1616130822592737	0.009327032032684694	0.8290598857080416	reverted	0.0
CCTAACTTCTATCGGA-E15S	39371.0	-0.026356558195638258	0.05960021298763507	1.2948795211240542	0.058986795358865786	0.3872293398177792	partial	partial	1.2979965496125445	0.4915161230431385	0.508427526983185	5.634997367650014e-05	-0.0381369241898599	0.15918080424028386	0.024336333782716237	0.014769852387270912	0.9608938138300128	partial	0.0
CATTTAGGTTATCGCG-E15S	39788.0	-0.15275235460972603	-0.3253095661026102	0.09372495176242761	0.03551163623975783	0.8599644320574077	reverted	reverted	0.11563721812824351	0.2601164908699566	0.4101626109439174	0.329720898186126	-0.11497739641448569	0.19739824588870455	0.02305573316823731	0.01905017049514839	0.9578940963366144	partial	0.0
CACCCAAGTTTACTCT-E15S	36226.0	-0.11289908710358881	-0.059039718267708596	-1.5964473879271714	0.0353172579664185	0.9934044831120407	reverted	reverted	-1.5595573834287648	0.6122525464479753	0.3240011478102583	0.06374630574176639	0.40993183565500924	0.1567370400444964	0.10181047357778533	0.009080850903948522	0.8891086755182662	persistent	0.0
ACACGTTGTTAAGTGG-E15S	38803.0	-0.024207740224281238	-0.21142667400491333	0.603320856671858	0.04620850771441688	0.7006200168483178	reverted	partial	0.655805789633029	0.389995470034642	0.5806878398311957	0.02931669013416236	-0.0580940257609797	0.1765315974462961	0.024228316033543147	0.015943217369835675	0.9598284665966211	partial	0.0
CGCCATGAGGCTTACA-E15S	31971.0	0.1580213094673681	0.008690863630639978	-0.6631886729135553	0.022523468797642388	0.9625992758582974	reverted	reverted	-0.6207368140634376	0.16179570998120385	0.1996133263010695	0.6385909637177267	0.437833312368982	0.13921998476812297	0.1182381783135159	0.009080590528872773	0.8726812311576114	reverted	0.0
CTAATGGTCCTCTAAC-E15S	38072.0	-0.011218117002827821	0.02617181054207307	-0.4478300364342922	0.02222752063268836	0.9448120038457716	reverted	reverted	-0.4294991405720266	0.15330330058926905	0.2111347040815645	0.6355619953291665	-0.2682438714109816	0.282286772497911	0.02298076519052081	0.031659245633090236	0.9453599891763889	reverted	0.0
CGGGTTACAATCGAGT-E15S	39710.0	0.0722857524727128	0.04412396818349962	0.5539559374416083	0.04079238649795532	0.7198479191227367	reverted	reverted	0.581529522422027	0.38236537880378524	0.577000970402487	0.040633650793727626	-0.838274365923136	0.3904209667611505	0.020821794134116358	0.14166556483740067	0.837512641028483	partial	0.0
AGGCATGAGGCGAGGT-E15S	34023.0	0.35349037040974435	0.14508428336229373	-0.5749289841796094	0.02992589508027688	0.9560962197983168	reverted	reverted	-0.5278458110668575	0.1545665702199123	0.20026348685380865	0.645169942926279	0.18221213846324874	0.17758825659358526	0.04337428228850282	0.010422293365502459	0.9462034243459948	reverted	0.0
CATGGGTTCGACCATA-E15S	32471.0	0.19086761977090344	-0.1603727985203091	0.6214273601907614	0.04083905644992685	0.6933810015622557	partial	partial	0.6485471983877696	0.39261999435424555	0.581486753529305	0.025893252116449366	-0.027873377378584883	0.18618205589764247	0.02606447112503344	0.01509055807888978	0.9588449707960768	partial	0.0
AACACCGCACAATCCC-E15S	30348.0	0.1386395431131619	0.10468596788426832	-0.48764757093900973	0.03224400716819214	0.9486132657396861	reverted	reverted	-0.45127551693278534	0.15258492795751155	0.20641032194581543	0.6410047500966731	0.4783739816877033	0.13108130498853343	0.14543370294207786	0.009230490903945088	0.845335806153977	reverted	0.0
AATTGTCAGGTGCTCG-E15S	31594.0	-0.34210158364090043	-0.3740383533237708	2.8661373728239576	0.1043296843479458	0.03126161563381063	persistent	persistent	2.9224522547518528	0.8828550893578483	0.11714491064215121	4.743504097581739e-16	0.23320744861849685	0.12083264843056352	0.049699746209550665	0.009153588670695835	0.9411466651197535	persistent	1.0
AACGAACAGTCAGGTC-E15S	37300.0	-0.22151179139852234	-0.4165114626941918	0.38802308900160876	0.05013619936203722	0.7786546499860179	reverted	reverted	0.42723698387895764	0.34931528347109586	0.5446422475384882	0.10604246899041597	-0.3270004465175766	0.2586997899363105	0.021006617669977443	0.03740552036503325	0.9415878619649892	partial	0.0
CTAAGGTCAACGTGAT-E15S	33730.0	0.17747307223813064	0.2752796833540069	1.103305035878274	0.056260128796805885	0.4759450873647861	partial	partial	1.1400334654949067	0.45796120181895505	0.54160900289158	0.0004297952894649936	0.08022710836157045	0.15215515562470544	0.03139424181218758	0.011467073891118784	0.9571386842966935	partial	0.0
GGTATGTCAAGGTCTG-E15S	24088.0	0.3181592105536086	0.16872267811509156	-0.3934831627567852	0.03926983770478493	0.9391951430468192	reverted	reverted	-0.34201599703726027	0.1558963652949718	0.21963828521917672	0.6244653494858514	0.6206544624975003	0.12457567764111406	0.29736270049496094	0.009978508237469862	0.6926587912675694	reverted	0.0
GCGTATTGTCTTGCCT-E15S	30149.0	0.09495185432112202	-0.012539705856408623	-0.8372495677396894	0.025754261840105416	0.9728134738258911	reverted	reverted	-0.7923673903827477	0.19388261178257118	0.2137906584896865	0.5923267297277423	0.41281126751230074	0.1439967657279363	0.10472571086995108	0.009035208137993182	0.8862390809920557	reverted	0.0
CAAGCAAGTAAGTTCC-E15S	36907.0	-0.26472870171686613	-0.3880277978321163	3.139889152975625	0.10915175729868194	0.018856568982628743	persistent	persistent	3.207022370392681	0.9276870185593136	0.0723129814406865	1.055693353183567e-18	0.09256636642520966	0.12506271303244954	0.03132566019507182	0.010749409502447396	0.9579249303024809	persistent	1.0
CTTGGCTCATGCTCAC-E15S	34714.0	0.024790019621105552	-0.23406637535956115	0.00799669279866358	0.031860490797231834	0.8783921071599289	reverted	reverted	0.054464197396195166	0.2327393169486006	0.36408678801309197	0.4031738950383075	0.13812578661627808	0.1592004863657938	0.03723478153818249	0.010645751003349007	0.9521194674584685	reverted	0.0
TCCTGCATCAGGCATC-E15S	36748.0	-0.25785479958592705	-0.09320173255379455	2.171529001854592	0.09338632503619981	0.10730168432663642	persistent	persistent	2.1973087555542508	0.7113507410415468	0.2886492586862889	2.7216423796793987e-10	-0.07981913949121536	0.15838110237458536	0.02259687421687392	0.01639035426373381	0.9610127715193922	persistent	1.0
ACCTCACCAGTTAGGT-E15S	36347.0	-0.01944349574781301	-0.2221048625657409	-1.2380515876145946	0.037165701215506504	0.9870835121472845	reverted	reverted	-1.2014646619430598	0.3848838859552142	0.3026699620822268	0.31244615196255904	0.6382998439776186	0.12066759153085996	0.327440701455781	0.010080616750976545	0.6624786817932424	reverted	0.0
CAAACCGCATGCAGTG-E15S	31855.0	0.2796560576609904	-0.005678992010094586	-1.3537889536713184	0.03003491024531282	0.9895985944277876	reverted	reverted	-1.3011349611100935	0.4637864260915501	0.324049577128989	0.21216399677946096	0.45148203419930744	0.15211853299223543	0.12337358350139732	0.009133526395145756	0.867492890103457	persistent	0.0
ACGATTTAGGTGCGAA-E15S	38695.0	0.03356671445606896	-0.11619508217242785	0.6244112257845348	0.03779295332937277	0.6921787114737771	partial	partial	0.6249157502933744	0.3930448535358296	0.5815920721306579	0.02536307433351252	-0.13211786598318628	0.19637825708199758	0.02247140652770703	0.019931841774167916	0.957596751698125	partial	0.0
AGGCCCATCGATCAGC-E15S	32665.0	-0.12813515334442394	-0.04130300288313349	0.5271349616928873	0.03807434711495603	0.7299725970468849	reverted	reverted	0.5591509493384105	0.3778711223336622	0.5739776641010574	0.04815121356528036	0.23559255441549923	0.14775276869845272	0.0507199973730888	0.00946049031774944	0.9398195123091618	partial	0.0
AGTCGAAGTTGCTGAT-E15S	41522.0	-0.2486746333845915	-0.30552489054310883	-0.09752460634783042	0.038819646206930986	0.8981704084715586	reverted	reverted	-0.061268101382509585	0.2030862687924389	0.3124232512375817	0.4844904799699794	-0.8523528023426271	0.44738211507921	0.0219366189728016	0.12150036952363387	0.8565630115035644	reverted	0.0
AACCAATTCATCGTCT-E15S	35042.0	0.08071982475745726	-0.131446954665972	0.025248391060948883	0.031028673577438246	0.8748600393304858	reverted	reverted	0.04966081187868397	0.23807176899360397	0.3731769795733321	0.38875125143306377	0.0594287268210274	0.1817386512641143	0.03117613324772299	0.012546521127690608	0.9562773456245863	reverted	0.0
ATGTGGGAGCTTACTC-E15S	29991.0	0.035198503778171575	-0.0883948131223245	-1.3197994386277374	0.0379488496867645	0.9889149517022128	reverted	reverted	-1.2522004666869664	0.4404718653128772	0.3189384891997391	0.24058964548738374	0.48235091372773375	0.14907286774490666	0.14306584283410195	0.009220869321294844	0.8477132878446032	persistent	0.0
CGAACTTGTCTTACCC-E15S	33774.0	0.24985860253613118	-0.22883049525509164	-0.24785454304139157	0.03474745706839695	0.9214096996341314	reverted	reverted	-0.18741459630521826	0.17208587375487627	0.255086646148238	0.5728274800968858	0.2991635970929164	0.14506478884305885	0.06449053583640844	0.009113633431058745	0.9263958307325327	reverted	0.0
CGCAAATCAAATGGAG-E15S	35592.0	0.08526854271599366	0.28633879476031565	-0.322991254172539	0.02643467858783541	0.9311122652612297	reverted	reverted	-0.3242620116847726	0.1620382490116687	0.2344045389813776	0.6035572120069538	0.3048489654199012	0.14593834457694727	0.06596209711425516	0.009104491281235623	0.924933411604509	reverted	0.0
GCATTACGTTGACCAT-E15S	36301.0	0.07788634096328689	-0.25242944365225933	-0.12519436044394702	0.02860618028821996	0.9028624429560544	reverted	reverted	-0.0700813240672879	0.19631649824787326	0.30030373718091474	0.503379764571212	-0.21834785363724385	0.2441839514875649	0.02234740177647478	0.02680568094844112	0.9508469172750841	reverted	0.0
GGCATGTTCCCGCTAC-E15S	36123.0	-0.0958933557663666	0.5835461298223314	-0.32338490233330486	0.03611140775205907	0.931160050981729	reverted	reverted	-0.3292270770167862	0.1619951742188743	0.23430987762331446	0.6036949481578112	-0.1320689191478986	0.22112246013611297	0.023608408877140732	0.02060511087428146	0.9557864802485779	reverted	0.0
CCCAATCCATGGTGCA-E15S	28844.0	-0.2643505367966057	-0.33181087189576297	1.7385148137489754	0.07560257502491495	0.21435985964076143	persistent	persistent	1.7857031515996877	0.5923024226206882	0.4076973651744428	2.1220486897438714e-07	0.4677138010978466	0.10700813635765766	0.14410554472137294	0.009231564676829188	0.8466628906017977	persistent	1.0
CGTAAAGGTTGTGCCA-E15S	37786.0	0.1391848795987411	0.06804948354951978	-0.3020390069174189	0.024270462738579638	0.9285240942532232	reverted	reverted	-0.27173317491758936	0.16447424314195572	0.23964621846297587	0.5958795383950684	0.13284530544206674	0.1817600901650369	0.037703487637599245	0.011169916958895855	0.9511265954035049	reverted	0.0
GCGATGTTCTATGCGA-E15S	34989.0	0.12319155027720091	0.24733884844063236	1.6686912132808256	0.056378596149120073	0.23745996502977257	persistent	persistent	1.6686301206050944	0.5745361261524078	0.42546331922148245	5.546261097407971e-07	-0.4582858325047695	0.23778779831739785	0.019471464626780607	0.059960189371761084	0.9205683460014584	persistent	1.0
CGAATCTGTTTCAGTA-E15S	36388.0	0.23169916197945067	-0.0472159377465774	0.7739127352888625	0.05040710556214524	0.6288521585022188	partial	partial	0.8310086941905452	0.41262293265581657	0.5790592440039968	0.008317823340186667	0.21446546149127219	0.1355436618870471	0.04672516526314056	0.009452739053994361	0.943822095682865	partial	0.0
TCCAACTTCCGTATAG-E15S	35523.0	-0.2846997610702793	-0.34138830189513175	1.922649058066489	0.0693217975470992	0.16145567747792625	persistent	persistent	1.9781688918280362	0.641622244905742	0.3583777405916029	1.4502655001236394e-08	0.2958159565172187	0.11746270039887895	0.06379243992217834	0.008882190623457905	0.9273253694543638	persistent	1.0
TCAGTAGTCATGCCTT-E15S	24992.0	0.03743899113201282	-0.26725094451641196	1.1293051057692005	0.06201251234823844	0.46368503950496165	partial	partial	1.19616558718509	0.46215200080183566	0.5375174275878657	0.00033057161029868365	0.5663909566805809	0.10853889093603347	0.2380120448975476	0.009845599601762154	0.7521423555006902	partial	0.0
CAATGGCTCGCGACAT-E15S	32242.0	0.05213771492402558	0.031729297777739696	-0.5033951276407854	0.034994716273025445	0.9500472264717092	reverted	reverted	-0.47811331476096064	0.15257833482588226	0.20488085344814275	0.642540811725975	0.5443405007245755	0.12422728033138908	0.20454793415034112	0.009598273489848999	0.7858537923598098	reverted	0.0
ACGGAGGCAAATGCGT-E15S	36458.0	-0.29191328109397763	-0.3062119843414453	-1.6402865815396703	0.05002937257601086	0.9939265833012181	reverted	reverted	-1.5754181020572364	0.633847868756179	0.3176276324906858	0.04852449875313521	0.11392761706159289	0.21180704129072858	0.03735824482891348	0.012172028107540792	0.9504697270635456	persistent	0.0
CGCAGATTCATATCCC-E15S	33687.0	-0.35772982018471683	-0.41064627359214867	3.87651030405626	0.13135382212603852	0.004742707399604115	persistent	persistent	3.9482797995309236	0.985792712923679	0.014207287076320952	6.645858914638067e-27	0.3881274302150877	0.094398811390873	0.0983413139330409	0.008857915092345016	0.8928007709746141	persistent	1.0
AGCACTTGTTTCAGCG-E15S	26295.0	0.3717002800734321	-0.060803235701894054	-0.6598893798531058	0.03858019481367373	0.9623737547562957	reverted	reverted	-0.5985333641355728	0.16142521567414558	0.1995403606934676	0.6390344236323868	0.5163359567084298	0.1396210240033701	0.1716454941149979	0.009376519409084095	0.8189779864759179	reverted	0.0
AAAGTAGTCATCAGGC-E15S	32348.0	0.09140084145319344	0.21269866562644446	-0.08693869588786565	0.02731136469391092	0.8963227946339922	reverted	reverted	-0.04963423025315034	0.20579572080499595	0.31723360743472767	0.47697067176027635	0.14610218124248478	0.1741192738305447	0.0387874596911679	0.010818684965571276	0.9503938553432609	reverted	0.0
GTGGATAGTAGTTAGG-E15S	35085.0	0.14378924387649045	-0.001950408830421524	-0.5856629878290973	0.026207717807161017	0.956941360991325	reverted	reverted	-0.5520250616588578	0.1551566515455959	0.19989188566544264	0.6449514627889614	0.05441326939912657	0.1982276292722831	0.03166465536155524	0.013066876388862817	0.9552684682495818	reverted	0.0
CCTGCATCAGGAACCC-E15S	34849.0	0.06497248635119707	0.02539818239854663	-1.1722566147345623	0.028430117235953758	0.9853951654864394	reverted	reverted	-1.1374853678920875	0.34243475089662	0.2868258824578057	0.37073936664557433	0.2112685307282645	0.19269534335271737	0.048098414445459224	0.010382627808735308	0.9415189577458054	reverted	0.0
TGAACCATCGCTCAGG-E15S	31158.0	-0.3202650638626697	-0.4231957489260604	-0.1944873773841844	0.03212125628133717	0.9137750097513478	reverted	reverted	-0.12865439037203824	0.18144240613615292	0.27301022495304	0.545547368910807	0.4849868422187062	0.12225434435132422	0.1528330568643858	0.00928329472478554	0.8378836484108286	reverted	0.0
CTTATCGCATCGAAGT-E15S	33408.0	0.14279249429960233	-0.07040038620361833	-0.23773914421649797	0.02966527124130546	0.9200117361799623	reverted	reverted	-0.17441894555685325	0.17371747759340184	0.2582754430731676	0.5680070793334305	0.62899576657523	0.10970556250887839	0.3239651598579022	0.010162729712349161	0.6658721104297486	reverted	0.0
GCTCACCTCCGGTACG-E15S	30187.0	-0.25422019682622277	-0.3896045862817391	1.2480778342314098	0.06610671511877757	0.4084514010758174	partial	partial	1.3188652425731047	0.48274020356876524	0.5171652754269792	9.45210042554799e-05	0.2286018147445745	0.13280521715064716	0.04910438983166547	0.009318504208849856	0.9415771059594846	partial	0.0
CTGACCCTCCATCGTT-E15S	28856.0	0.0002903579006437451	0.20212831941984544	1.041928830861971	0.055070862400224484	0.5049749601317867	partial	partial	1.0622010334944885	0.448498096729179	0.5507163088476226	0.0007855944231983329	0.40857276256835745	0.12580787047244726	0.10498829707852363	0.008977397736564176	0.8860343051849122	partial	0.0
ATCGCATGTTATGGTC-E15S	35166.0	-0.0015198915140044456	0.2580770093405512	-0.8766561690393151	0.028270705930401936	0.9747184445712924	reverted	reverted	-0.8456745812756522	0.2049826344517473	0.2197178333769608	0.5752995321712918	0.32452907681579835	0.16216251529683556	0.07108304339705672	0.009205286976633448	0.9197116696263099	reverted	0.0
CCGGTCAAGGGTGATG-E15S	33250.0	-0.10218715373072695	0.1720213846453893	-0.8293151061565631	0.021732856690717818	0.97241336929277	reverted	reverted	-0.8131294133662581	0.19183418036754338	0.21271421737791543	0.5954516022545412	0.4580099506544254	0.1412612664962646	0.12951496661020317	0.009143242464102586	0.8613417909256942	reverted	0.0
ATCCTCCGTGATGAAT-E15S	34081.0	-0.2482335079886642	-0.07842592064421217	0.09938070116583357	0.04126651573064745	0.8586700352780289	reverted	reverted	0.12348120711542085	0.26198047131832897	0.41324490640519496	0.3247746222764762	-0.006333546583951763	0.19878845991232844	0.027827519373593092	0.0147273878663565	0.9574450927600503	partial	0.0
ACGGGCAGTCATGCTG-E15S	31033.0	0.19903996395570084	0.06777796356503207	-0.1749937728257227	0.03135268609663024	0.9108225574098611	reverted	reverted	-0.1384572151370686	0.18531896181970953	0.2802339092194642	0.5344471289608262	0.33960103800528296	0.15395220516739266	0.07574681620936696	0.009094273020479092	0.9151589107701539	reverted	0.0
GGTATGTCAGGTATGT-E15S	35852.0	-0.19751878311395601	-0.15794257922390564	0.05018124633223705	0.04044345771439096	0.8696003119154028	reverted	reverted	0.07851491491244017	0.2459583153644797	0.38651903371786284	0.3675226509176575	-0.4625340780111282	0.31199224481780174	0.021303203280336063	0.05548628380244559	0.9232105129172183	partial	0.0
TCCACTTAGTGGGTCT-E15S	28124.0	0.22955497188238344	-0.03408869965089989	-0.8599968109219898	0.029748251704198675	0.9739295088730877	reverted	reverted	-0.783069387545015	0.200098960421265	0.21709528888652924	0.5828057506922057	0.6192399895368851	0.12562999277193002	0.2943772673857041	0.009962513537252483	0.6956602190770433	reverted	0.0
AGAAGTTGTTTGGAGA-E15S	35674.0	0.03702481691029569	0.13687638044185957	-0.3430103946493556	0.030379542906059903	0.9335038468396779	reverted	reverted	-0.3227285812713304	0.15997311827708036	0.22976696410357017	0.6102599176193495	0.03680728397056627	0.19608788065147878	0.03031896487518576	0.013442138479613156	0.9562388966452011	reverted	0.0
ACGGACAAGGTGCAGA-E15S	34144.0	-0.34123717008970106	-0.4532737402555931	4.283937868501463	0.14346728689430022	0.002198639518399443	persistent	persistent	4.393375835662967	0.9951986922242062	0.004801307775793806	4.264270632433487e-32	0.10344292051082056	0.12620501856730745	0.03235754870488315	0.0105889168591871	0.9570535344359298	persistent	1.0
ATAGCGGAGTGATAGA-E15S	34889.0	0.2358817738974402	-0.1261852715320469	-0.7175123847235417	0.03187510085760963	0.9661307018632512	reverted	reverted	-0.6726626037479492	0.16908879725213247	0.20187831867841985	0.6290328840694477	-0.683890097751637	0.3610509941943665	0.021041922078355323	0.09910629546439238	0.8798517824572524	reverted	0.0
GTTCTCACAGGTAGCC-E15S	33170.0	-0.33788213300462633	-0.38458073308993374	1.899261183335291	0.06279191849743662	0.16754042805039054	persistent	persistent	1.9738368644282354	0.6351974666550526	0.36480251270478126	2.0640166063925234e-08	0.09091621836308866	0.14335211013663185	0.03191751720351817	0.01109960571609726	0.9569828770803847	persistent	1.0
CTCTCGATCGCATCCC-E15S	31169.0	-0.32103583987271656	-0.36416260584920596	1.419511108175509	0.05706887933120733	0.3329394560595579	partial	partial	1.4882827803695233	0.5167099877573254	0.4832767092773613	1.3302965313283335e-05	0.08385017204919984	0.15382845836661282	0.03177058215643134	0.01143165317897134	0.9567977646645973	persistent	0.04938271604938271
AGCTAAGGTTCGCACA-E15S	32900.0	0.10487231626132337	-0.09556348642066348	-0.939960975106883	0.030665027302712124	0.9775095916252512	reverted	reverted	-0.922876996207021	0.22621436879103896	0.23117068053530057	0.5426149506736605	0.31732205558084975	0.1574636405535434	0.0691717908147329	0.009179836135470442	0.9216483730497965	reverted	0.0
ACAAGGCGTAGCTGCC-E15S	32141.0	-0.22997995280351144	-0.3777907852584902	0.6293929942863324	0.04637704157226447	0.690165587309064	partial	partial	0.6959172774215773	0.39374966422137025	0.581751797257653	0.02449853852097676	0.00941164704017553	0.17275286880705606	0.02742032345497115	0.013590836120711906	0.958988840424317	partial	0.0
CTGAACATCCAACTCT-E15S	30837.0	0.27093445942269917	0.26561791802802914	-0.3336529665215448	0.02950045259878666	0.9323957155215763	reverted	reverted	-0.2731987704090382	0.16090658014213396	0.23189000372625868	0.6072034161316072	0.3007519590982025	0.15254894784898504	0.06485598437139657	0.00918385536171874	0.9259601602668848	reverted	0.0
CCGTTGGAGCTAACGC-E15S	32474.0	0.11715918653857332	-0.17256863097902791	0.03722342397150934	0.030266957561612125	0.8723569026209571	reverted	reverted	0.10625347906597346	0.24183517308115726	0.37955886239041	0.3786059645284327	0.3390492337358912	0.14431775270235023	0.07590908639224055	0.00901797778924048	0.9150729358185189	reverted	0.0
CTCAGTTTCACTGGGT-E15S	34464.0	-0.04602674882878044	-0.0015665967996038033	-0.43539099219285027	0.025611045580274914	0.9435711648815206	reverted	reverted	-0.44188640486312203	0.15373278903535942	0.21286799570717835	0.6333992152574621	-0.12311485240865286	0.217650506139954	0.023732918644834032	0.020030596234965867	0.9562364851202	reverted	0.0
CCACGTAGTCTGTGGC-E15S	32503.0	0.18405964929960544	0.2136566001452005	-0.48708076349818197	0.026795586234925922	0.9485609333803294	reverted	reverted	-0.4522007075489753	0.15258810996274733	0.2064689111955362	0.6409429788417165	0.409645551151674	0.14115850612130068	0.10359323930846327	0.009020628962638302	0.8873861317288985	reverted	0.0
TAGGGCTTCCGCAACG-E15S	32163.0	-0.15552726018286772	0.11891975367558227	-0.1882028930235441	0.027046642825300504	0.9128329776967582	reverted	reverted	-0.1610752234534545	0.1826654890967054	0.2752996355760778	0.5420348753272168	0.3242934041807142	0.1398879834108032	0.07150336961604371	0.009005465825337596	0.9194911645586188	reverted	0.0
TGCCACCTCAATCTGG-E15S	28706.0	0.034388084684699505	0.15129964949211905	0.049134579141690934	0.03487122700108996	0.8698248408169912	reverted	reverted	0.06423727617979409	0.24562344956980603	0.38595499535214495	0.3684215550780491	0.5566321185652738	0.11855536803774563	0.22073556708865086	0.009708077853707427	0.7695563550576417	reverted	0.0
CGTAAACCATTACGTT-E15S	34019.0	-0.34760436082972046	-0.3771859230608692	1.8813473216366758	0.08286235868607211	0.17232386254584778	persistent	persistent	1.8969485599859883	0.6303029540236726	0.36969701899464796	2.698167942135478e-08	-0.38159342116149575	0.23018924344598268	0.01958963617649899	0.04540272241421888	0.9350076414092822	persistent	1.0
AGTACCTGTTGGCCTA-E15S	32320.0	-0.03496142397805574	-0.09204159889037089	-0.5332067474448536	0.02774870287328072	0.9526586076023231	reverted	reverted	-0.4751215110624947	0.15300131419821253	0.20249813757814822	0.6445005482236392	0.4901053296337637	0.12844680332201655	0.15481433699480773	0.009290965239751306	0.8358946977654409	reverted	0.0
TCCTCGATCACAGACC-E15S	31533.0	-0.27413513325079686	-0.41140503634519415	-1.6253959320984175	0.054723195590121995	0.9937540206025169	reverted	reverted	-1.5721939763490242	0.6267016893078002	0.3199652780863866	0.053333032605813124	-0.07572396574343933	0.26403570092733913	0.028023278363131225	0.019213470571483347	0.9527632510653854	persistent	0.0
CGTGAGGGTGGCGAAT-E15S	36019.0	-0.1507978749273225	0.28865072069981434	0.06356384842350245	0.030358630432534013	0.8667004006499702	reverted	reverted	0.06634818046593913	0.2502655124154477	0.39375430850867255	0.3559801790758797	-0.24273389500364193	0.24179256887480904	0.021728982483348	0.02872736007922184	0.94954365743743	partial	0.0
GCGTTCTCATGAGTTA-E15S	21445.0	0.20702432655469832	-0.07657656350387021	-1.2966305647623428	0.03731909921496559	0.988423670090002	reverted	reverted	-1.2484434530948376	0.42456507094513124	0.31484519075383033	0.26058973830103854	0.5521506282649634	0.15179149218037225	0.19744082894254417	0.009474955421180719	0.7930842156362751	persistent	0.0
TATCATCCAACCGCTT-E15S	26568.0	0.23147775711429713	-0.15340086837325484	0.33230361658259056	0.03871142555330587	0.7963001989887017	reverted	reverted	0.41750111157010233	0.33502658759142073	0.525884531859119	0.13908888054946025	0.3223062781003317	0.15269134959895128	0.07064528294462377	0.009120316015418801	0.9202344010399575	partial	0.0
CTTCGCGCAGTTAGAC-E15S	30612.0	0.002513778755831142	-0.22370370730373773	0.5431366576892729	0.04601184534300368	0.7239599093404789	reverted	reverted	0.5775569970898844	0.38058506309271045	0.5758728965268339	0.04354204038045564	-0.13244828052173996	0.2032177891218757	0.022764834686377706	0.02013231373375361	0.9571028515798687	partial	0.0
ATCAGGCTCCATAGCA-E15S	35074.0	-0.31184344460711244	-0.45158547355369616	1.7882421947038378	0.06404517676702803	0.19893178119630173	persistent	persistent	1.8364346929028563	0.6053024117223902	0.394697483234774	1.0504283577202138e-07	-0.15694308277822883	0.17161040920551515	0.020793228441732946	0.02078627475823971	0.9584204968000272	persistent	1.0
CCAGCCTTCACATAGT-E15S	30413.0	-0.011800834280262629	0.37703939994878255	0.47943985665080363	0.05090481908228747	0.7473970408511399	reverted	reverted	0.5052124348128273	0.36914647651435534	0.5666198187829741	0.06423370470267059	0.26902368703332297	0.1467088664989432	0.05736998628414787	0.009252700440327978	0.9333773132755241	partial	0.0
CTGTCAAAGTGCAACC-E15S	33107.0	-0.1205211660865041	-0.16606148521990072	2.150226322558139	0.07612418749379257	0.11122636410981698	persistent	persistent	2.2011106767663553	0.7053551627332407	0.2946448368781618	3.885974553461397e-10	0.2308987750107543	0.11849595951648952	0.04922197035531449	0.009141989590894121	0.9416360400537915	persistent	1.0
ACCTGTCCAGCCTACT-E15S	24835.0	0.2284663402232237	0.0727856316804123	0.8041810315793325	0.055545241859429315	0.615382152352895	partial	partial	0.8727679921571584	0.4164165694058197	0.5770651093603787	0.0065183212338016105	0.7764218350809367	0.09912354434025389	0.6159935774166262	0.009783340359655291	0.37422308222371864	transitioning_out	0.0
ACAGGCAAGTGAGGAT-E15S	32444.0	0.12776724875797502	0.023884169384131293	0.4725355183284911	0.04088693611574589	0.7498567801368482	reverted	reverted	0.5539986878668575	0.3677977520749571	0.5653314079584585	0.06687083996658447	-0.4501635936218961	0.27378598173679586	0.020292609965955534	0.055571915892703466	0.924135474141341	partial	0.0
GTGGTAAGTTAAGCAG-E15S	33587.0	-0.13930066528514223	-0.24413125211881254	0.06617671356240931	0.039977923180806764	0.8661278842651248	reverted	reverted	0.0957045352185745	0.2511116458191103	0.3951713463411563	0.3537170078397334	0.2424318535852761	0.1548831441024947	0.05214705851586417	0.009509259166085759	0.9383436823180502	partial	0.0
CTCACATTCTAGTGTG-E15S	34367.0	-0.28417845760172994	-0.14555570490495662	0.00916061827112141	0.038315116687038055	0.8781565355599841	reverted	reverted	0.0521966154328555	0.23309553596610597	0.36469578285777376	0.4022086811761202	-0.20557530679696528	0.23885637090793269	0.022405251860905855	0.02572615416760647	0.9518685939714877	reverted	0.0
ACCCAGACACTTGCGT-E15S	31515.0	-0.13273690201027732	0.4155096084347373	0.02500085082287021	0.03164015260393562	0.8749113360500164	reverted	reverted	0.07989946123826182	0.237994486703487	0.3730456362210845	0.3889598770754285	0.47662581471447013	0.11963894521600485	0.14735060849843817	0.00924757554778512	0.8434018159537767	reverted	0.0
CCCTAATTCCCTGTGC-E15S	32657.0	0.07890347768992417	0.496365911956542	-1.305443820638443	0.034403894371413	0.9886130356809432	reverted	reverted	-1.25253938892558	0.43061074564882496	0.3164566395845747	0.2529326147666003	0.4508489242705987	0.14722888478344667	0.12401373293244476	0.009125724781044533	0.8668605422865108	persistent	0.0
ACCTGATGTTCGCAAT-E15S	25558.0	-0.30322916243292924	-0.3075814630574248	-1.9998285749819622	0.05229554622090358	0.9969159096288587	reverted	reverted	-1.9339424471434268	0.7641479808434022	0.23289541854726478	0.0029566006093329393	0.5807279800638752	0.14973384010186358	0.22730003576269667	0.009600518860494721	0.7630994453768086	persistent	0.0
ACAACAGGTTCCTCAC-E15S	31398.0	0.302220678933184	0.02640214875671265	-0.1134692710038475	0.03439221774395719	0.9008982074027501	reverted	reverted	-0.04935476988599196	0.19912920024248135	0.3053576636025928	0.4955131361549259	0.29987207431944785	0.14777226459270276	0.06465713248194285	0.009138147825542217	0.926204719692515	reverted	0.0
ACAGTGAGTTGGCTGC-E15S	33121.0	-0.2587454768435601	-0.19168876911536326	0.8086924350608918	0.04434512587997276	0.6133586811244324	partial	partial	0.8695900620903543	0.416982964052023	0.5767344865527397	0.006282549395237289	-0.4766983189595167	0.2660075339099915	0.01997391324628389	0.06156877684551002	0.9184573099082061	partial	0.0
TGAGCGAAGTTGGACC-E15S	32274.0	0.13749991771348674	0.07329367739267045	-0.1363813425606652	0.0335022014152282	0.9047040687204992	reverted	reverted	-0.11838448541958621	0.19371111863268975	0.29559648817203255	0.5106923931952777	0.2326057973348275	0.16388202284693892	0.050599693866409626	0.00970814656439026	0.9396921595692002	reverted	0.0
CACGCCAAGTAGTGCC-E15S	29214.0	0.051160042897699154	0.13902118933292462	-0.23710837488457548	0.03107765824612785	0.9199238149973618	reverted	reverted	-0.22169324557397785	0.17382141971536771	0.25847751029944455	0.5677010699851877	0.42928767884610125	0.13529190706697342	0.11427011733357771	0.009051186232757717	0.8766786964336646	reverted	0.0
AGCACGCCATAGATTG-E15S	30383.0	-0.19287027957118874	-0.03121632935501828	-0.5142850055048649	0.03293261977991662	0.9510165910339482	reverted	reverted	-0.4943556570053641	0.1526664952034501	0.2039332853125207	0.6434002194840293	0.32435283841279317	0.1494642633386782	0.07130065262970711	0.009086239365480746	0.9196131080048122	reverted	0.0
TCCAAAGTCTATGGGC-E15S	26760.0	0.20696564234149223	0.1781609680982582	-0.4062378379918857	0.03302635640242558	0.9405595586025176	reverted	reverted	-0.3644512579635208	0.1551208608661015	0.21742362629746875	0.6274555128364298	0.3296195060323402	0.1637064808269841	0.07249096191045769	0.009206047924147866	0.9183029901653945	reverted	0.0
AGACTGCTCCGTAGTA-E15S	26133.0	-0.02779668954837089	0.27769344916535044	-0.8421564991420845	0.03303310232808394	0.9730580827601335	reverted	reverted	-0.8059571826546242	0.19518018006833895	0.21447620856250907	0.590343611369152	0.49914432156088073	0.1426268504394321	0.15697465129869723	0.009293473805969735	0.8337318748953331	reverted	0.0
CTGGTTAAGGTAATCT-E15S	36258.0	-0.10066309254947936	-0.14745564770366548	-0.6333237212490939	0.03550939777520446	0.9605096710160548	reverted	reverted	-0.5860053688287955	0.1587326227543136	0.19922553268196186	0.6420418445637245	-1.511386469863566	0.9405654040205341	0.03335332643264489	0.10223416602987341	0.8644125075374819	reverted	0.0
CATTTCGCATTCGGGA-E15S	31407.0	0.15764145636827637	0.15248574233343593	-0.9627376835345888	0.026823005040539652	0.978438296104432	reverted	reverted	-0.9450748929647751	0.2349305254260964	0.2358293350012055	0.5292401395726981	0.45264249157077796	0.14473242852861126	0.12556633648494836	0.00912838170939806	0.8653052818056536	reverted	0.0
GCCTGCAAGTGAACCC-E15S	30507.0	-0.32120219822338836	-0.3518876018681123	1.7214480153575829	0.07275267201805335	0.2198513885966236	persistent	persistent	1.7761570051913043	0.5879050078698522	0.41209472298518407	2.691449637267646e-07	0.2010939553729604	0.12855655833561458	0.04437208488609655	0.009467819032642705	0.9461600960812608	persistent	1.0
TAGTCCTTCACTGGTA-E15S	27967.0	0.038383744172845125	0.10544426076927571	-0.3672602946121825	0.03750844096870299	0.9362975162539997	reverted	reverted	-0.28411425485422864	0.15781312741539227	0.22462507263895942	0.6175617999456484	0.47430122319985646	0.1369761878940069	0.14100761052834523	0.009204186177026025	0.8497882032946288	reverted	0.0
CCGGCAATCGATCCGG-E15S	27280.0	-0.08301819032864316	0.009024511924829559	-1.0676121492466502	0.03612039558034979	0.982252125465765	reverted	reverted	-1.0151495889914512	0.2827179948572264	0.26019754568252207	0.4570844594602515	0.5998996658500005	0.13329903085462178	0.2619074729376016	0.009809875391874587	0.7282826516705238	reverted	0.0
CCCGTTGCACCTCAAC-E15S	26835.0	-0.060081307913483095	-0.27149067809302857	-1.4003185613034934	0.03993974133616083	0.990467273699661	reverted	reverted	-1.3241411429545353	0.4952596647306479	0.32911915111353174	0.17562118415582026	0.26252089243126214	0.1882076604389991	0.05669809602333767	0.009854057691259254	0.9334478462854032	persistent	0.0
AAAGGTTGTTGAGCGG-E15S	34440.0	-0.00498502814655899	-0.318120098045293	2.0658800519463596	0.07549974750920188	0.1280183438759795	persistent	persistent	2.1173077614916385	0.6815905571220893	0.318409441331892	1.5460187394525185e-09	-0.256609618923928	0.19250498168847993	0.019674237511003556	0.029226349581390938	0.9510994129076055	persistent	1.0
GCGTTATGTTGTGGCC-E15S	29897.0	-0.3234032428280449	-0.3853155181545035	3.8859748519593227	0.12880452409946497	0.00465887755833953	persistent	persistent	3.931124019921658	0.9861266409504846	0.013873359049515411	5.0956296500251204e-27	-0.14427258985307356	0.15212586791744753	0.02040410707320812	0.019565156947347687	0.960030735979444	persistent	1.0
TATCCATCAGGGCCAT-E15S	28737.0	0.025201778240451334	-0.009563359181000042	-1.722575007387249	0.03823943820874083	0.9947981551394128	reverted	reverted	-1.6739476037885155	0.67009686340006	0.3020389286576091	0.02786420794233088	0.5773885577559804	0.14289401657964634	0.22834197037788262	0.009634585498587292	0.7620234441235301	persistent	0.0
GCTAGTCAGTGAGTAA-E15S	33652.0	-0.1808592083760291	-0.23627515463938065	1.2815390650614216	0.06191259676619377	0.39323883380576996	partial	partial	1.3103070449043106	0.4889762233959568	0.5109583848204613	6.539178358188324e-05	0.27372731128355443	0.12010475273683965	0.05823697890270048	0.008962978680975469	0.932800042416324	partial	0.0
TGCACGTAGGGTTGCT-E15S	32144.0	-0.18801910239322756	-0.22020499076750655	-0.67163489799728	0.03000194749008495	0.9631707069422916	reverted	reverted	-0.6357109409683577	0.1627811496845028	0.19983402923936838	0.6373848210761288	0.1296629789040452	0.18755059615804773	0.037654641156425514	0.011343353762835066	0.9510020050807395	reverted	0.0
CCACGAACATGGCTAG-E15S	29366.0	-0.03620073235876725	0.41035308114707714	-1.5770557927584634	0.03787077067747357	0.9931595412518741	reverted	reverted	-1.4913112846935181	0.6021527133444544	0.32629818700226115	0.07154909965328435	-0.049140830305227916	0.2625299611580888	0.029167768437050757	0.018102474069677812	0.9527297574932714	persistent	0.0
GCCGATTAGTGAAGTA-E15S	34113.0	0.22179657613991616	0.03495987800627898	-0.5844755548155033	0.028831038383281184	0.9568486382237503	reverted	reverted	-0.563744822505034	0.15508754586514256	0.1999289478315665	0.644983506303291	-0.3838043928518223	0.3190489571031037	0.02252065182554368	0.04387060515451903	0.9336087430199373	reverted	0.0
GGGACACAGGTAGGAT-E15S	26667.0	-0.06624889104417586	0.7070557032429696	-0.0193305320272733	0.04656290633989801	0.88381107568935	reverted	reverted	0.05074574902927472	0.22453762032213823	0.3499942582523927	0.4254681214254689	0.08078513084750645	0.1876616234553883	0.033150478405099756	0.012230362500417587	0.9546191590944827	reverted	0.0
GGCCAATTCAAGTAGA-E15S	28013.0	0.15706123400741284	0.07217543912064339	-0.8080129249079838	0.023741486349730143	0.9713106804226638	reverted	reverted	-0.7669183731559137	0.18663320828136343	0.2100221508942634	0.6033446408243731	0.5075563347210806	0.14008554759084732	0.164356822853049	0.009336022241504427	0.8263071549054465	reverted	0.0
GCCTCATCATGCTTCA-E15S	23585.0	0.12557155379323687	0.20052601270944892	-0.3337607866068514	0.036005565178437275	0.9324085808630697	reverted	reverted	-0.2984016846300764	0.16089550651831178	0.2318650960629407	0.6072393974187476	0.5607857655763883	0.1368808272273704	0.21444341897809438	0.009600438817458421	0.7759561422044471	reverted	0.0
TCTCGCATCAGCCTAA-E15S	24896.0	0.08260020658392458	0.28704929486299746	0.7186910706144437	0.056176792432926635	0.6529062682437737	partial	partial	0.7994359835489837	0.4056524467269478	0.5815692385481269	0.012778314724925343	0.2762004411660373	0.14948109077303523	0.058983363353068204	0.00925031539577025	0.9317663212511615	partial	0.0
GTACCAGCAATTGCCC-E15S	20682.0	0.04682939214022752	0.08865675766149339	-1.8136539549527582	0.04393136302996915	0.9956184118220269	reverted	reverted	-1.7255389321710537	0.704814651745108	0.28100427632668745	0.014181071928204461	0.3594507918160636	0.20822242412896888	0.07971919822679772	0.009594980149081247	0.910685821624121	persistent	0.0
AGTGAGTAGCCTGATA-E15S	31926.0	-0.19202029036599022	-0.08359506817519213	-0.3217420337458055	0.02933246159949259	0.9309604164726248	reverted	reverted	-0.29038110057445	0.16217560096418351	0.23470586906719385	0.6031185299686227	-0.17297363090137904	0.27219230465268224	0.024898575373807675	0.02442513046814228	0.9506762941580501	reverted	0.0
TAGGACTCATCATCAT-E15S	30036.0	0.0027305003826810226	0.14418536077414934	0.8722234427606338	0.05768100012948271	0.5844767893134	partial	partial	0.9127915828953196	0.4250515181580496	0.5712600818582563	0.003688399983694072	0.3682071191691262	0.1217672506690037	0.08745018998469938	0.008884898612492826	0.903664911402808	partial	0.0
GCATGAGAGTGTCATG-E15S	33061.0	-0.32272086787368226	-0.45175965232829135	1.888234278055744	0.08674885968685739	0.1704722032256438	persistent	persistent	1.9595690721959547	0.6321817878311711	0.36781818782199016	2.434683873932706e-08	-0.06122620180591515	0.1595579168863534	0.02336017764095322	0.015645055439020533	0.9609947669200262	persistent	1.0
ATCAAGGGTCAAGTCT-E15S	33759.0	-0.03261494091542455	0.21149221681348906	-0.5461258745652082	0.028366889636647324	0.953749530077962	reverted	reverted	-0.5328927987852136	0.15336346984490612	0.20167055568642028	0.6449659744686737	-0.3177896229569625	0.26031587081478164	0.021194585112611932	0.036346298866653595	0.9424591160207344	reverted	0.0
TGATTGGTCACTTCGT-E15S	32442.0	-0.33173132511439135	-0.4208460671382137	2.1400416250509857	0.0805315676682945	0.11314674206592522	persistent	persistent	2.1879105642356507	0.7024863411032414	0.2975136584365135	4.6024511804234294e-10	-0.26584123417334554	0.20330960465336823	0.019901243010670307	0.030294674812529593	0.9498040821768002	persistent	1.0
TGTCCTTAGAACGAAC-E15S	28168.0	-0.3224798142352482	-0.3936569583115116	2.8118924335856623	0.0994941358649419	0.034525894741923004	persistent	persistent	2.8629657731427325	0.8721917491551008	0.12780825084489772	1.4997942228708408e-15	0.5252118560285545	0.0971900538355448	0.19761960812856996	0.009650149399515383	0.7927302424719146	persistent	1.0
CTAGTTAGTTAAGCTC-E15S	28877.0	0.030783689802495184	0.09506388733795323	3.0301545019418246	0.11026842973957483	0.02310990270312111	persistent	persistent	3.078491484747308	0.9115132650035627	0.08848673499643729	1.2964853279233843e-17	0.5228052929530779	0.09698045023213087	0.19523477774561257	0.009634270652665738	0.7951309516017218	persistent	1.0
CCTTTGGTCTGGTGAC-E15S	29379.0	-0.14449947432750243	0.17521396058363625	-0.8238019145619684	0.03814556592202266	0.9721319972929806	reverted	reverted	-0.7561857182557697	0.19044668492072017	0.21198972888928763	0.5975635861899922	0.4706745329660783	0.13500015450017083	0.13909285233072577	0.009192184864706085	0.8517149628045682	reverted	0.0
TATAGGTTCATGTAAC-E15S	32295.0	-0.02557445740011971	0.08132825264060173	-0.7964047403809961	0.0245762440520128	0.9706919061793321	reverted	reverted	-0.7626153334111587	0.18397827628312918	0.20867774958580568	0.6073439741310651	0.6093680322242149	0.1217491857659954	0.2840612273297874	0.009958940136856668	0.705979832533356	reverted	0.0
GTGCTATGTTGTAGTC-E15S	27905.0	-0.025119015323695093	-0.14236571254042152	-1.5687116558270486	0.03827882195805392	0.993051383266456	reverted	reverted	-1.5256727449615821	0.5977015228707537	0.3271797064211607	0.07511877070808565	0.09721071453434955	0.25390479503667074	0.03825217341220016	0.013613943747585957	0.9481338828402138	persistent	0.0
TCTGGGTAGCCGACCA-E15S	26216.0	0.2332071707951912	0.010705144863827565	-0.5134388737514849	0.028736157558613435	0.9509419161830577	reverted	reverted	-0.4371772164020703	0.15265691826090996	0.20400370909033316	0.6433393726487568	0.5055478449639129	0.13989186408366172	0.16284671873939263	0.009327892533358207	0.8278253887272492	reverted	0.0
TGCCGATAGCCTAGAC-E15S	30711.0	0.300911615024478	-0.18619866564970744	0.4736404675046948	0.04454272701601273	0.74946420595121	reverted	reverted	0.5315117788223663	0.3680151370877589	0.5655415289699245	0.06644333394231654	-0.17073476212769542	0.22639069743430837	0.02271989122325592	0.023027586076516032	0.954252522700228	partial	0.0
TCCATAAGTATGGCCC-E15S	27898.0	-0.14978917252037943	0.3170919174339205	0.4286365985515677	0.04535098665230198	0.7651196378560676	reverted	reverted	0.45220458814009196	0.3586666506284215	0.5557409318463767	0.08559241752520175	0.5110999203253423	0.11731935805245787	0.17597007357447345	0.009446025752705735	0.8145839006728207	partial	0.0
GTGAGGATCGTTCGTT-E15S	24818.0	0.2131236773940341	-0.0519292424892519	0.43283375128813595	0.049725219368090226	0.7636886699976996	reverted	reverted	0.4791687170296345	0.35958258185798214	0.5567645364426297	0.08365288169938827	0.5952188567487228	0.1167074958249361	0.2690023716328385	0.009938726696492418	0.7210589016706691	partial	0.0
GGACGTTTCTGGATAT-E15S	31939.0	-0.05047730610537832	-0.37155715553073076	-0.23661470393029904	0.030681143901718246	0.919854942037929	reverted	reverted	-0.1791429033531121	0.1739029500555592	0.2586359221758008	0.56746112776864	0.03967202226904347	0.20198756868251977	0.030827697202704285	0.013522917895864116	0.9556493849014316	reverted	0.0
TAGGTGAGTGGCCTGT-E15S	31055.0	0.10308482634482746	0.1738487675073389	0.9011952769488607	0.06667157983700382	0.5710975443114846	partial	partial	0.9935115965992486	0.4288226986742708	0.5683086026847746	0.002868698640954632	-0.7367000776821034	0.37583630875863644	0.021064162049399947	0.1110024808527995	0.8679333570978004	partial	0.0
AACATTGCAAATGGAG-E15S	25224.0	0.2554960181151506	-0.01223504682307719	-0.1445755285827032	0.03083696001883328	0.9060331316030338	reverted	reverted	-0.09927179084087884	0.19185184308538158	0.2922207588491418	0.5159273980654767	0.5425781083753384	0.12632564154444761	0.20168132663536797	0.009575184269805607	0.7887434890948264	reverted	0.0
GTATGAGGTTGCATGT-E15S	27336.0	0.03664022723559379	0.716923820009232	-1.2258156203205335	0.043539940717500454	0.9867848153809502	reverted	reverted	-1.1926631394832998	0.3767763383656627	0.2998590312264252	0.32336463040791197	0.3435297787216774	0.18193428903470532	0.07600926550578645	0.00935146868266855	0.9146392658115449	persistent	0.0
GCTTACCCATTCCTAG-E15S	33440.0	0.09932834769454718	0.49968215160923113	0.9177155257327809	0.05096692955821558	0.5634203560165751	partial	partial	0.9120688637145485	0.43100813811237243	0.5665120302696115	0.0024798316180160407	0.10365615002153165	0.15425522023759022	0.03353722489687436	0.011085820218411868	0.9553769548847139	partial	0.0
AAACGACAGGCGTCCA-E15S	30807.0	-0.33244895729280927	-0.4619265306756689	3.289252025643202	0.11985933691284921	0.014278429765199144	persistent	persistent	3.341864417030057	0.9460234206156217	0.053976579384378186	3.0577756957715175e-20	-0.023416007347811775	0.13740736013671098	0.02413357822158003	0.01378204925863147	0.9620843725197886	persistent	1.0
GCAAGCAAGTGCTCGG-E15S	25517.0	-0.30916969839018127	-0.35565830158671663	-0.6184779106348205	0.048566265643926465	0.9594297036933356	reverted	reverted	-0.4990235307592506	0.15744879832167877	0.1992623531406976	0.6432888485376237	0.22830466193236765	0.18332023356098023	0.05045009297014639	0.01005202359653652	0.939497883433317	reverted	0.0
TAACACTAGGGTTAGG-E15S	27676.0	-0.2042843002552423	-0.29286427127796016	-0.2568205256078767	0.03086108046593981	0.9226300915030499	reverted	reverted	-0.1853736411690045	0.17069517208135832	0.2523413440520806	0.576963483866561	0.5112649223284403	0.12941920614295063	0.17143699217963565	0.009392675811071916	0.8191703320092926	reverted	0.0
GGACATAGTTACACAC-E15S	22389.0	-0.2955169471545629	-0.37223062547808516	0.3912864579083102	0.045771730247024155	0.7775880198218188	reverted	reverted	0.49017415178974594	0.3500997854339765	0.5456144878863654	0.10428572667965812	0.6270951160864303	0.11270109090585208	0.3181415896704386	0.010124387139504155	0.6717340231900572	partial	0.0
CGTTTGGGTTACACTA-E15S	34121.0	-0.1141227840418571	-0.0682272857138988	-0.848868695824711	0.02674100274367544	0.9733892205754087	reverted	reverted	-0.8075186398105331	0.1969935682428705	0.2154383910539188	0.5875680407032107	-1.6554964290313496	0.9523337216107642	0.032116094066457324	0.11255627043391454	0.8553276354996282	reverted	0.0
GTCAAATTCGTTCCGC-E15S	23732.0	-0.0619940985232158	0.22781391980547228	-0.5082028410397895	0.03584331978949987	0.9504774067996138	reverted	reverted	-0.48115714718712027	0.1526078811700453	0.2044514850868378	0.6429406337431168	0.6713710809501526	0.11793565909165975	0.38483843356001485	0.010175631784330858	0.6049859346556542	reverted	0.0
CGTTTGAAGCAGGTAG-E15S	31690.0	-0.03670755487615157	-0.019806893889401045	-0.11433607799869007	0.030015072222142745	0.9010446203269956	reverted	reverted	-0.09592757397474963	0.19891842016537292	0.3049798788499101	0.49610170098471684	0.07050149438039588	0.1871562048384513	0.03229884711225498	0.012433104031745947	0.955268048855999	reverted	0.0
GGCGTTGTCGCGAATC-E15S	25002.0	-0.06121038018446212	0.08874157644725367	-0.9415601807058784	0.02857136420477497	0.9775760547002508	reverted	reverted	-0.8803038732569451	0.22680734855470083	0.23148897824263678	0.5417036732026623	0.7006082592546675	0.1203230463431064	0.4338918512389782	0.010136735016678193	0.5559714137443436	reverted	0.0
AAGCCTATCGAATGAA-E15S	30547.0	0.18043401150790933	0.08079148652134538	-1.1954984104341886	0.024040416539454566	0.9860150572338702	reverted	reverted	-1.1592682200060447	0.3570824831892839	0.2926024126836177	0.3503151041270984	-1.05315697638612	0.6744587536350607	0.027905050544911467	0.10081278613488935	0.8712821633201991	reverted	0.0
TATGAGAAGGATTGCC-E15S	29969.0	-0.28520695107971694	-0.29874084955649416	-1.6416950070299396	0.044463021561171684	0.9939426577063254	reverted	reverted	-1.584450852529554	0.6345139465792541	0.31739787570085987	0.04808817771988591	0.4113147337020858	0.16753244838882	0.10111908196880882	0.009134686325572584	0.8897462317056187	persistent	0.0
GTAAGTTTCACGGAAG-E15S	30619.0	-0.3008702811064217	-0.4084167819957638	3.3861205482130816	0.12780329675300453	0.01191452715570568	persistent	persistent	3.5073283449588835	0.9558203092514124	0.04417969074858757	2.8428231433238645e-21	-0.09811036360206839	0.1529906879646855	0.021753530123705577	0.017098455710520304	0.9611480141657741	persistent	1.0
CCACTATTCAGCAATT-E15S	24187.0	0.08958949355996199	-0.03919823499453401	-1.704742806707506	0.03716028162626796	0.9946205086832958	reverted	reverted	-1.64799870707596	0.6626789998823235	0.30575301524885795	0.031567984868818476	0.7197114765043535	0.13211162739392046	0.4510872213466981	0.009976408295563734	0.5389363703577381	persistent	0.0
AGTCCTGGTGAACGCG-E15S	21459.0	-0.24117827104789105	0.458472938523244	0.5789838782655077	0.04813793883672648	0.7101938413883514	reverted	reverted	0.5881146448424167	0.386328363260909	0.5791588386505179	0.0345127980885731	0.5164172611898159	0.12604356470022077	0.17721874374623733	0.009434479074575713	0.8133467771791869	partial	0.0
TGCACAATCCCTCGAC-E15S	26820.0	-0.12013018828314181	-0.0507740697215644	-0.6822093978864538	0.039377794287269854	0.9638742962955366	reverted	reverted	-0.5939541678189436	0.1640906466932156	0.2001788892525456	0.6357304640542387	0.16577537015290858	0.1915895854695646	0.04189714099385045	0.01090012636608637	0.947202732640063	reverted	0.0
ACAATGGGTAGCCCGT-E15S	25965.0	0.03676415155883683	-0.016635452632492442	-0.10013014351027026	0.034343885953254896	0.8986206675598438	reverted	reverted	-0.016923404979282523	0.2024293720613937	0.3112537236247244	0.48631690431388186	-0.2811162438991515	0.24853032025649768	0.02130787400981928	0.03237082205943667	0.9463213039307441	reverted	0.0
ACGGAGGCATCCTGCG-E15S	13203.0	-0.12305067809991649	-0.0538993024200749	-0.1529229342878607	0.05791772899284634	0.9073699398386263	reverted	reverted	-0.038502960970321805	0.1900009134287224	0.28884543958842396	0.5211536469828536	1.0289622394577087	0.10447055277206155	0.940705022984497	0.004894349626579326	0.05440062738892376	reverted	0.0
CAGCGATTCTAGCTCT-E15S	23998.0	-0.016603695589980927	-0.010443578707459378	-1.7447535073163423	0.04021267748391144	0.9950109775733299	reverted	reverted	-1.6740842387356991	0.6790171560158041	0.2972069773387522	0.02377586664544368	0.6179463619024189	0.1490967676975199	0.2711359702581705	0.009739999034082535	0.719124030707747	persistent	0.0
ATGGGGATCGCTCCAC-E15S	27445.0	0.14831201960197732	0.03909357768202115	0.0480866856108735	0.0373932928933791	0.8700493033804928	reverted	reverted	0.10619080014340135	0.2452884999334863	0.38539059612956017	0.36932090393695355	0.5873532384507556	0.11505251307370859	0.2599188263442226	0.009912162271197712	0.7301690113845798	reverted	0.0
TAGCTAGTCACGCTAA-E15S	25857.0	-0.26711177678191267	-0.3338321582093017	2.0645027277432195	0.08762327946633379	0.12830969883680723	persistent	persistent	2.1494422021134594	0.6812029196839128	0.3187970787354216	1.5806656989684156e-09	-0.1730089688928898	0.18869677481118355	0.021063096151848777	0.02223482970800732	0.956702074140144	persistent	1.0
GCGGCTATCGACCGAT-E15S	28180.0	-0.2095001931477948	-0.2597542368943498	0.20060306922235097	0.041579532611503524	0.8337800960664059	reverted	reverted	0.2659549986091402	0.2953841572013538	0.46708679540701953	0.23752904739162664	0.16388903413503875	0.1608837053971463	0.040317502710500226	0.010338081604495218	0.9493444156850045	partial	0.0
GTAGTCGCATCCAAGG-E15S	28598.0	-0.20752488520393536	-0.2622620826321551	1.164812644646169	0.061015534786648	0.44701536650317075	partial	partial	1.2192607644421876	0.468056274380454	0.5317142868195904	0.0002294387999556211	-0.054204306017675896	0.18284183912516144	0.024684930559409318	0.015956215709973617	0.9593588537306171	partial	0.0
AAGTAAGTCCGTTAAG-E15S	25388.0	-0.06519847944744761	0.2778520823518297	-0.44845528042963984	0.044744171465459094	0.9448736912353004	reverted	reverted	-0.36875603534015106	0.15328428421006385	0.21105085710023708	0.6356648586896991	0.7817784241185527	0.10857784205741207	0.611029992158423	0.009683994649656238	0.3792860131919207	reverted	0.0
GGCTGAGGTTAGGTCT-E15S	28214.0	0.09476031256759293	-0.21636786320294205	2.077928975780628	0.08748674275084718	0.125493554481946	persistent	persistent	2.1234514202852317	0.6849829163480661	0.3150170823790677	1.2728662088823955e-09	0.3102840942616635	0.12010085762525728	0.06778786102786125	0.008877087613038423	0.9233350513591003	persistent	1.0
AACTCAACAGGACTCA-E15S	25016.0	0.1561852943707725	0.05268946119223772	-1.115617492211291	0.03070075917772348	0.9837689289519567	reverted	reverted	-1.0837111286711796	0.30873131774719775	0.27237711099828515	0.41889157125451704	-0.25687744713885335	0.31413884621641247	0.024771676961640697	0.03130814503302946	0.9439201780053298	reverted	0.0
AACCTCAAGCTTCCTG-E15S	23499.0	0.005675917792532348	0.329156410576398	2.7192691570896885	0.11012101454996318	0.04087276766052333	persistent	persistent	2.7525967979150927	0.8526656847596772	0.14733431524031257	1.023256076186585e-14	0.6392925566070008	0.09861247686376684	0.3515612247693692	0.010314836131588678	0.6381239390990422	persistent	1.0
AGGACATAGTAACCTG-E15S	27466.0	-0.06547895979983814	0.3289702853991636	0.43176194893295433	0.03817679240045197	0.764054659503515	reverted	reverted	0.4754204396612652	0.359349569576269	0.5565053207976262	0.08414510962610468	0.22861088079996542	0.1588674349950445	0.049767234127104674	0.009665463842711	0.9405673020301845	partial	0.0
ACTCACAAGGATGGTG-E15S	26425.0	0.069964872063429	-0.0011801203857381148	0.20828094450426474	0.044654435612361626	0.8317558394421102	reverted	reverted	0.24844182272404924	0.2978659542058386	0.4709636029761585	0.23117044281800297	0.37388724770927284	0.1369723432249289	0.08862231440491775	0.008960335246429004	0.9024173503486532	partial	0.0
TGAGCAAGTTCGCTGA-E15S	24610.0	0.21673619217374446	0.00459642848551467	-0.8405349518262739	0.030637184871473697	0.9729774868172968	reverted	reverted	-0.7856286884258837	0.19474877002688804	0.2142479890731802	0.5910032408999318	0.11561749540152857	0.20555693471334086	0.03718388118765305	0.011990630969116673	0.9508254878432303	reverted	0.0
ATGGCCCGTTGTGGTT-E15S	29549.0	-0.018751254789704797	0.37738176381950816	0.7605081936864829	0.05330439436187222	0.634755419097716	partial	partial	0.8041272786460248	0.41094152069307766	0.5798099649808073	0.00924851432611514	0.3737882550146216	0.12398319840872878	0.08954304279626762	0.008901369799137259	0.9015555874045953	partial	0.0
GTAATGTTCAGTTGGC-E15S	27398.0	0.23478849678147645	-0.11015781065715335	0.4154892812288488	0.03968281203698571	0.7695630849332935	reverted	reverted	0.44324810466536163	0.3557369429515347	0.5523857532419959	0.09187730380646948	-0.08636997718968012	0.23242155381933255	0.0258244352378515	0.018694719190599098	0.9554808455715493	partial	0.0
GTGCTTGGTTCCAGTG-E15S	27471.0	0.0712805791023397	0.20533280511063212	0.4301469045179124	0.047022941948521475	0.7646054100879561	reverted	reverted	0.44776732222612753	0.3589973112863636	0.5561119039805493	0.08489078473308721	0.4069799979550697	0.12891507471165142	0.103829639586578	0.008980511772254196	0.8871898486411679	partial	0.0
AGAGATTGTAATCGGA-E15S	23735.0	0.12490251453645201	0.0906831466608442	-0.6626755791454275	0.024185508377154878	0.962564289162338	reverted	reverted	-0.6343079067474111	0.16173756153955274	0.19960148969925648	0.6386609487611907	0.13083343746368664	0.20422166111148887	0.03861987465662035	0.011697588501141306	0.9496825368422381	reverted	0.0
ATGATCCGTTGAAGCA-E15S	25071.0	0.10386504549729864	0.023611814814287424	0.8753015758139959	0.04761038688941099	0.5830608388803125	partial	partial	0.9446272419077703	0.4254488230311749	0.5709590668164372	0.0035921101523879438	0.3533266482747492	0.14230854743392804	0.08072484884307363	0.008990599449185614	0.9102845517077408	partial	0.0
TGTGCCTCAGGATAGA-E15S	26789.0	-0.3669264818360384	-0.42032584683116064	0.15701203857355736	0.06125398392849158	0.8449044947870443	reverted	reverted	0.24413091901652573	0.2810814057155215	0.44438270519196016	0.2745358890925184	0.2792219724987384	0.14905706389782333	0.05966509449983504	0.009231838435522275	0.9311030670646427	partial	0.0
GTCGGCTGTAAGGGCT-E15S	27364.0	-0.1242741057405436	0.05363767195639335	0.4539004570820515	0.04234000694327999	0.7564156244634054	reverted	reverted	0.46957616304045985	0.36404119281920627	0.5615590744178175	0.07439973276297625	0.22478585084941277	0.1518364511721753	0.04891464529098489	0.009594357707155771	0.9414909970018593	partial	0.0
GCCCATAGTTCGCTTC-E15S	21743.0	-0.17174709233368834	-0.0823258110574574	0.46645444789527407	0.057158047486145204	0.7520099602751211	reverted	reverted	0.5092164679086341	0.3665907575242688	0.5641480299405672	0.06926121253516407	0.963486197702403	0.09044239113207339	0.9060933150900561	0.006081148272204569	0.08782553663773938	transitioning_out	0.0
CATCTTGCAATCCGCT-E15S	20020.0	0.349808710056077	-0.05227936357134999	-1.0589503045813475	0.04433373010752862	0.9819639855155967	reverted	reverted	-0.982139048049651	0.27829418206841056	0.25804361720335983	0.46366220072822956	0.7614336318680957	0.1271956775210986	0.5383571349892103	0.009788383297896327	0.4518544817128932	reverted	0.0
GCGGACTCAATATCTC-E15S	19545.0	0.019834552813221717	0.22079277371157768	0.7448875758749663	0.06499833006195535	0.6415837591392967	partial	partial	0.7977399718428547	0.4089759975251445	0.580574271582298	0.010449730892557442	0.7136585306154993	0.11720844274810488	0.4628888194384602	0.010133474556199545	0.5269777060053402	partial	0.0
TCTCGATTCGATAGTT-E15S	27710.0	0.13565869631750432	-0.1519404390495273	-0.05022030529584412	0.030924651061366458	0.8896827700345321	reverted	reverted	-0.03835336734984321	0.21567991485843005	0.33461471707711343	0.4497053680644564	0.24805823950544958	0.166955164409558	0.05347562621143396	0.009638900233699085	0.936885473554867	reverted	0.0
AATTCAGCAACCAACG-E15S	24716.0	0.22721291486111955	0.5007309085695093	-0.6345844020717004	0.03336291895813955	0.9606000996271065	reverted	reverted	-0.5800141902094281	0.15884886112218755	0.19922946122434146	0.6419216776534711	0.4946483036499314	0.13968348940633699	0.1546074113666711	0.009282016809567526	0.8361105718237614	reverted	0.0
AAGCTAGGTGAGCAGT-E15S	27040.0	0.0051108302405624695	-0.030086994461035244	-0.8912540265415161	0.034828520591424515	0.9753906000014541	reverted	reverted	-0.8171814594037919	0.2094980183356696	0.2221534499279514	0.568348531736379	-0.2623508394830869	0.3027365588561028	0.024074690058656763	0.03152486832006031	0.9444004416212829	reverted	0.0
TGTGTACGTGCAGCCT-E15S	24922.0	-0.02905105904203603	-0.17068633469960498	-0.6976911252873604	0.034677926163980896	0.9648811030955756	reverted	reverted	-0.6331047871555019	0.16616230126076004	0.20082064220871718	0.6330170565305228	0.26524556284261847	0.17117984296266378	0.0569139176894983	0.009584304433737527	0.933501777876764	reverted	0.0
TCCCTTAGTTATCTCT-E15S	24990.0	-0.10545235331035929	0.09115279274646992	0.14173816768521	0.03632569981602594	0.8486559661597679	reverted	reverted	0.18596001133766404	0.2760182119362629	0.4362126136358333	0.2877691744279038	0.2419609627357983	0.1654686090977348	0.052311646785167386	0.00966104735089462	0.938027305863938	partial	0.0
TACCAGGCATAGACCG-E15S	18516.0	-0.046583362784908766	0.4256816391561893	1.0104658695511604	0.06793153525391914	0.5198557191154363	partial	partial	1.0492824964306295	0.4438703226399309	0.5550690376600501	0.001060639700018795	0.5831291611132582	0.11862509815225755	0.2519642872496996	0.009857464041822297	0.7381782487084783	partial	0.0
GGGCCTATCCAACTTC-E15S	25149.0	0.10415390431627974	0.5281510676658279	-0.4424011275632555	0.03232245104666126	0.9442736420548656	reverted	reverted	-0.40184711551853164	0.15347876738524616	0.21187588803580643	0.6346453445789475	0.12936789703658952	0.1888861199698117	0.03769037387407365	0.011377085364081557	0.9509325407618446	reverted	0.0
CAAAGCGAGCATGCCG-E15S	10090.0	-0.20421202270310654	0.15818896461255305	-1.84424673719596	0.058197637333882196	0.9958639506951861	reverted	reverted	-1.7650414806238868	0.7154690978663135	0.2733837064141983	0.011147195719488148	1.1874900360564526	0.10453462753676242	0.9876366329333348	0.0025316217773997643	0.009831745289265522	persistent_exiting	0.0
TGCCGAACAACTAGAC-E15S	23934.0	0.2382935270606517	-0.06654351331815433	0.5290820551619733	0.045175714824068326	0.7292453959826076	reverted	reverted	0.580744589978548	0.3782067074249242	0.5742230609589405	0.047570231616135376	0.286154244387088	0.16153449564003577	0.06132631954942625	0.00934445033708023	0.9293292301134934	partial	0.0
CACGGTTAGGTCAAGG-E15S	26045.0	-0.15024787124220973	0.04137246152102114	0.07613322508721816	0.03148910699471194	0.8639271913850939	reverted	reverted	0.15296346308031078	0.25434971027625314	0.4005810097418535	0.34506927998189335	0.37332028893215874	0.14596162375898047	0.08775280482053534	0.009008755433079139	0.9032384397463855	partial	0.0
TGTGCCAGTCTCAGGC-E15S	27527.0	-0.3087125106684899	-0.3973541860324895	0.27809818689493493	0.03873586115788223	0.8124407238437457	reverted	reverted	0.3247747281362517	0.31958363003646134	0.5038966384237977	0.1765197315397409	0.405181848456901	0.13190187262492675	0.10261137124177779	0.008984235680723091	0.8884043930774993	partial	0.0
AGGCCATTCCGTGCGA-E15S	22115.0	0.20003777969361164	0.020521398012155467	0.3128330078915613	0.048440833038153795	0.8022139933095155	reverted	reverted	0.34566128428301257	0.3296453316091804	0.5183919722370594	0.1519626961537602	0.3010851850324095	0.16029771485764774	0.06490466407136912	0.009265730306704538	0.9258296056219263	partial	0.0
CAGCAAAGTTCCTTCA-E15S	18347.0	-0.27989880077455187	-0.3723538897027755	0.7924337711353024	0.05640818727736093	0.6206322282206898	partial	partial	0.8712173606614285	0.41494350649920164	0.5778862962921956	0.007170197208602842	0.6640764626087184	0.11289440341880579	0.3783676529702457	0.010221245897804366	0.6114111011319499	partial	0.0
GTGCTAATCACGTACA-E15S	21149.0	-0.17961931878135856	-0.26177469487398064	-0.5887277907228057	0.041872069989037246	0.9571798028799913	reverted	reverted	-0.5203653204688367	0.15533943671647302	0.19980086447663012	0.6448596988068968	0.6131699802682133	0.132522747500424	0.2797932379965737	0.009872095538535549	0.7103346664648909	reverted	0.0
CTTATGGAGTCAAGCC-E15S	23163.0	-0.21840319036950856	-0.20006941511811488	0.13535109860564745	0.039632699643422906	0.8502024726205597	reverted	reverted	0.2036585359538338	0.27389822215974907	0.43277300869405516	0.29332876914619566	0.3526495829691264	0.14125643780930253	0.08054290310547758	0.00898399521273457	0.910473101681788	partial	0.0
CCTGGTTCACCTCAGT-E15S	17489.0	-0.3309263258460825	-0.3707117372359696	1.3128106885359463	0.06300743985310384	0.379205923010123	partial	partial	1.3691058224605581	0.49497819705771884	0.5049757486028041	4.6054339477079494e-05	0.4751458825065368	0.1287879408950549	0.14379403794580614	0.009220454907563026	0.8469855071466308	partial	0.0
AACGGATAGGATGCCT-E15S	27784.0	0.15805483907141377	-0.001162911739512329	0.1774025692399172	0.04013505381718836	0.8397783922578143	reverted	reverted	0.2455310048217317	0.28780862833725646	0.45513434910214207	0.25705702256060153	-1.2407427935183324	0.790017744274842	0.03038193543027685	0.10212400116147319	0.86749406340825	partial	0.0
TCACGGGTCGATTAAC-E15S	19910.0	0.16147620005582414	0.08038480877702647	-0.2596862481011542	0.03584760522143543	0.9230164794887478	reverted	reverted	-0.22788280916334	0.17026166757407357	0.2514799230752222	0.5782584093507042	0.4366612791074074	0.1519843187684232	0.11537557189076073	0.00910123335408853	0.8755231947551507	reverted	0.0
ACTAATGCAGGCTTGA-E15S	23727.0	0.0553779016866483	-0.288593818454466	0.6042791539124427	0.042480473560099895	0.7002393465395068	reverted	partial	0.6397109934146881	0.39013646971756755	0.5807371607894775	0.02912636949295492	0.3198794662644916	0.14125574476473893	0.07017969571937704	0.009024935102663662	0.9207953691779593	partial	0.0
TCTATTGTCTGGTAAT-E15S	20434.0	-0.2771668258760958	-0.35070256790850995	1.0065673113394218	0.06801885037453878	0.521697671873767	partial	partial	1.1278770572791066	0.44330690736679274	0.5555927262967897	0.0011003663364175954	0.6849880934596274	0.11035344236583855	0.418882614394077	0.010255772835701041	0.570861612770222	partial	0.0
CAGGAACGTCAATGTC-E15S	23310.0	0.0014405175353267574	-0.2170260759268679	-0.22121147948754102	0.034961602510713105	0.9176786756202202	reverted	reverted	-0.17380956890535215	0.17652626490255052	0.2636952659568458	0.5597784691406037	0.16510700303929474	0.19190652615102216	0.04183076777223352	0.010915584710888616	0.9472536475168778	reverted	0.0
AACCCAGCATCCTTAG-E15S	23144.0	0.007182695443037512	-0.09734647795850204	-0.45663135222786216	0.029175347162877948	0.9456743988192982	reverted	reverted	-0.4101999342652466	0.15305828829051524	0.20998308188101414	0.6369586298284706	-0.37393675189275877	0.3202463870012944	0.022721578058940078	0.04267057423727218	0.9346078477037876	reverted	0.0
ATTCGGGCATGCTGCT-E15S	28935.0	-0.0977452716201957	0.047913909749937145	1.0497331061208741	0.051345727719372916	0.501281451649646	partial	partial	1.117688686346773	0.4496688247038221	0.5496026398651136	0.0007285354310643923	-1.8014673725512118	0.9395453837639552	0.029986611387545593	0.12985051598981606	0.8401628726226383	partial	0.0
TCTCACTAGTATGGAA-E15S	20816.0	-0.31554426722703544	-0.38606937252741413	0.8753955212889335	0.08291070633466668	0.583017602001978	partial	partial	0.9465671855265279	0.42546096063035305	0.57094983150552	0.003589207864127057	0.5272015079267456	0.13377203808832944	0.1835097060182761	0.009453283755790916	0.8070370102259329	partial	0.0
CACTGGGTCACGGATC-E15S	25913.0	-0.033488170299245	-0.05307111560157496	0.8119701836967367	0.04859014060263657	0.6118860698574692	partial	partial	0.872260023848434	0.41739479488906656	0.5764890893768015	0.006116115734131935	-0.23397804435890335	0.22572145659354315	0.021242355970078584	0.027675052586649616	0.951082591443272	partial	0.0
GTAATCACATAACCGG-E15S	24358.0	-0.11546139323281163	-0.35533248638077136	0.4488186738407988	0.04632570232580804	0.7581838520987361	reverted	reverted	0.5586710350517834	0.36298658962016295	0.5604545213823114	0.0765588889975256	0.07070754260752567	0.1789312375037272	0.03189724217634537	0.012235677518633432	0.9558670803050213	partial	0.0
CAGTACGCATGAAGTC-E15S	23166.0	0.15195113620298456	0.08555818513464597	0.4432728180032847	0.036091677544632925	0.7601035560603536	reverted	reverted	0.4886913418984351	0.3618206012426225	0.5592115215255691	0.07896787723180841	0.18464191235691785	0.1715832692103885	0.04345644844695247	0.010285836806928076	0.9462577147461194	partial	0.0
ACAGCCCGTGGCCATC-E15S	25433.0	-0.07509970044851666	0.03550074840291262	-1.6830405706313891	0.0388212035263407	0.9943961500457685	reverted	reverted	-1.63492223472617	0.6533369984604986	0.31004135500154123	0.03662164653796007	0.2532001231860067	0.20156239786512165	0.055285376888180866	0.01014702127026036	0.9345676018415586	persistent	0.0
ATGCCAGCAATTAGGC-E15S	26780.0	0.25231552196080526	0.2987935030477413	-0.5046125866070009	0.03598168572482988	0.950156494769197	reverted	reverted	-0.4143652829329853	0.15258441759735078	0.20477047069031476	0.6426451117123345	0.015766378220885474	0.22392923475699433	0.030489850303934824	0.014769424880867108	0.9547407248151981	reverted	0.0
GTGGGCAGTAAGCGAC-E15S	20712.0	-0.25988566562571686	0.5165204927405662	0.5010130187577542	0.0592185056525225	0.7396088145715264	reverted	reverted	0.5305839125423829	0.3732169619627288	0.5702752219881154	0.05650781604915584	0.14101593883150912	0.17322933397609452	0.03818042592244715	0.01087367334703427	0.9509459007305185	partial	0.0
TGATTGGTCCCCAGAG-E15S	27148.0	0.03569260023681836	-0.01417826525346022	1.2159729109467519	0.06053840009099555	0.42321447566234843	partial	partial	1.2847643879134867	0.4769379612357672	0.5229283095907524	0.00013372917348031976	0.001980812093064561	0.1772453864487967	0.027209155009546074	0.013915544501197905	0.9588753004892561	partial	0.0
CGGATCACAGGATCGC-E15S	16993.0	0.1999508500312997	-0.09222255684662334	0.8985257116959781	0.07839426353522772	0.5723350235129933	partial	partial	0.9586799929887947	0.4284720696233042	0.5685913746073159	0.0029365557693799113	0.3208314397911276	0.1508456118480967	0.07026309117795757	0.009106991435559628	0.9206299173864828	partial	0.0
TCCAACTTCCCTGGAG-E15S	29439.0	-0.17372399373388037	-0.17880997896651207	1.4533467658091461	0.08359362181332024	0.31886858640083215	partial	partial	1.4997420686190954	0.5239982339993159	0.47599292508313434	8.840917549688831e-06	-1.7209295937483038	0.9380015871574363	0.030792157285162877	0.12184452575262456	0.8473633169622127	persistent	0.3037974683544304
CACAATTAGATTCACG-E15S	24210.0	0.3322963463148732	0.09959855736969869	-1.0563619734792618	0.03940073723752055	0.9818769958906083	reverted	reverted	-0.9665800441341791	0.27698868081545736	0.25740359457635925	0.4656077246081834	0.12829988357897257	0.22109867326184446	0.03926084916481489	0.012143674991742046	0.948595475843443	reverted	0.0
TCGTTCCGTCTTGACG-E15S	17631.0	-0.06877059205297908	0.10281487808346867	-0.13955288290657816	0.045775874724009305	0.9052204628607129	reverted	reverted	-0.08568266961805786	0.19298653907206975	0.29428262980405856	0.5127308311238716	0.7494449854075447	0.12096181004187863	0.525948304620459	0.009919319613524767	0.46413237576601624	reverted	0.0
GCAGGATGTTGGTTCG-E15S	26749.0	-0.2918751207693163	-0.3672408839299587	-0.674489581593265	0.03916583780702269	0.9633619357520079	reverted	reverted	-0.5994290744090012	0.16312631657159915	0.19991962848527323	0.6369540549431277	0.40667358278663246	0.15289554641301212	0.10082030281046511	0.00906107510292259	0.8901186220866123	reverted	0.0
CTCACATTCACAGCAC-E15S	20218.0	0.23165581055822787	-0.08655520136737538	-1.4931379399822173	0.04423265760643603	0.9919911520764938	reverted	reverted	-1.3743995905361384	0.5545272784774663	0.3319494467562548	0.11352327476627881	0.7305128819184621	0.13967890758291773	0.4584649860204795	0.009870983167619252	0.5316640308119012	persistent	0.0
CGTTGGGTCTAACTGG-E15S	26734.0	0.0844545640446302	0.0605203988151779	-0.5798859883186994	0.03043986404025153	0.9564884583029327	reverted	reverted	-0.5588646339694521	0.15482941368204475	0.20008164984912666	0.6450889364688285	0.1639598327079342	0.19088728247474912	0.041644710041091736	0.010910090202541498	0.9474451997563668	reverted	0.0
TGCACCCTCACACCGG-E15S	20919.0	0.3898788846090067	0.16866193225189485	0.5240684400204257	0.04711807302525922	0.7311153840006552	reverted	reverted	0.5983834998320873	0.37733951214034317	0.5735827408095856	0.049077747050071126	0.654967850194415	0.11695238964731386	0.3582059939087241	0.010162883282797191	0.6316311228084787	partial	0.0
TATGCTAGTGGCGTGA-E15S	36101.0	-0.11779020698463255	-0.12282515600796345	1.5790885709008644	0.07146001980416111	0.26952683280273754	persistent	persistent	1.621828106663939	0.5526759321491241	0.4473222491573088	1.8186935670241e-06	-0.33060234547351763	0.21433669210619205	0.019531354241160974	0.03801983948773107	0.9424488062711078	persistent	0.7763157894736842
GCGCTAACAATCAATG-E15S	24303.0	-0.06881251182708809	-0.006733984093331036	-1.781726042320605	0.0556670816932908	0.9953466719394904	reverted	reverted	-1.7057330006937323	0.6931955685940667	0.2887065139828746	0.01809791742305855	0.4912069598939685	0.17001723898848722	0.14273340163952583	0.009241168615001235	0.8480254297454728	persistent	0.0
TGCGACCGTCCATCCT-E15S	12859.0	0.016878008849297632	-0.16286910698776796	-0.7414957185700557	0.04714028506718445	0.9675853852129088	reverted	reverted	-0.6473163984723684	0.173054209116885	0.20350991283894426	0.6234358780441708	0.9926033973488197	0.11318872417374738	0.9091596228489653	0.0057148543428708265	0.0851255228081636	reverted	0.0
TACTCATCAATCGTCC-E15S	27436.0	0.04398070962119616	-0.16865680721228737	-0.6725828614820257	0.029644276615033674	0.9632343150949959	reverted	reverted	-0.624208892795524	0.16289508909426026	0.19986183861101706	0.6372430722947227	-0.27330100157190396	0.3250897947911115	0.02492747152530076	0.03282218453954696	0.9422503439351523	reverted	0.0
TAAACGAAGTTGCAGC-E15S	25762.0	-0.0057984411429038984	0.49510899782737305	0.7244698470568687	0.04757207134711899	0.6504228964007982	partial	partial	0.764560247609791	0.4063894556262641	0.581382109741957	0.01222843463177897	0.016201556484080892	0.18738062605286285	0.028547965655954	0.013765415722123553	0.9576866186219224	partial	0.0
ACTGCAATCTGGCCGA-E15S	21584.0	-0.209468641516646	-0.2826895472129696	0.8517418972999296	0.05880765220248282	0.5938618331642008	partial	partial	0.9251833201188202	0.4224255729078567	0.5731828577305343	0.0043915693616089395	0.26166851892287823	0.1540018423478439	0.05590607595489072	0.009378756376451166	0.9347151676686581	partial	0.0
CTTAGCGGTTAATTCG-E15S	26517.0	0.02841328099118534	-0.19836413110116274	-0.41197613695813007	0.028659637086574877	0.9411640068991681	reverted	reverted	-0.3798720725382124	0.1548053730655885	0.2164715912264381	0.6287230357079734	0.24468826003351096	0.1713195037062342	0.05295550263421349	0.00972720609106871	0.9373172912747177	reverted	0.0
ACAGTTACAACATCGG-E15S	23331.0	0.0795175767504564	-0.011517886152866863	-0.431839155348151	0.03276789110321495	0.9432120694471343	reverted	reverted	-0.396545398039453	0.15387329865530414	0.2133858272176482	0.6327408741270476	0.4450306875258863	0.15371689647282913	0.11950318885260393	0.00912193116320369	0.8713748799841925	reverted	0.0
TACCTCACACTCAACC-E15S	17137.0	-0.12439300744486381	-0.03874383182159691	-1.0209202330414224	0.04206878255775199	0.9806436263109892	reverted	reverted	-0.9179454702426117	0.2598815524683903	0.24884020557909461	0.49127824195251507	1.144192361978148	0.09244119064963803	0.9836790328113018	0.0029420416307108575	0.013378925557987439	reverted	0.0
ATGCATTAGGTGAACG-E15S	22908.0	0.013473357093175542	0.06840464337471319	0.03280663107507242	0.04391211148044394	0.8732850810108879	reverted	reverted	0.09092885956298684	0.24044157082116482	0.37719885260450087	0.3823595765743343	0.37064423176244177	0.1523874275086678	0.08630967681967948	0.009048663613627925	0.9046416595666924	reverted	0.0
GGAGAAGGTGAAGGAG-E15S	24481.0	0.2421888801141055	-0.09778864400947246	-1.0265062130270415	0.034449869571558565	0.9808433429176	reverted	reverted	-0.9515006343696332	0.26248211574240204	0.2501624023924288	0.48735548186516925	0.06999274004506452	0.23229689260346764	0.03474401713046906	0.013610881597594077	0.9516451012719368	reverted	0.0
GTTGCTGGTAACGCGG-E15S	10312.0	0.3466536469596972	-0.07390879420161278	0.08952429074482639	0.05823325419220859	0.8609193768127364	reverted	reverted	0.23336096251884741	0.25873489338911	0.40787329679097334	0.3333918098199168	0.89132031094862	0.11467461518078116	0.7935772877935938	0.007854182059207961	0.19856853014719827	reverted	0.0
TGCAGTCAGTATCTCC-E15S	25595.0	-0.3056522215927952	-0.3960267802994064	-0.8207230150893442	0.04637789824778242	0.9719736510871257	reverted	reverted	-0.7398469347157575	0.18968450151303629	0.21159354054447188	0.5987219579424918	0.04571720892993834	0.22752549246465983	0.03267172218097766	0.014063770724578003	0.9532645070944444	reverted	0.0
CAGCTAATCCAGATAT-E15S	26162.0	-0.22377917552671991	0.016861656120558344	-0.8440509942384119	0.03852686371723019	0.9731519490274458	reverted	reverted	-0.7806688880172455	0.19568748831354038	0.21474492977856907	0.5895675819078906	-0.07108082704692402	0.2408123127574849	0.02691722154993582	0.018294006239307613	0.9547887722107565	reverted	0.0
GTGCATATCCATCGGG-E15S	24816.0	-0.18973099479873223	-0.3133748450630906	-1.4352972219346432	0.035457938964383	0.9910726301094284	reverted	reverted	-1.3784893277449553	0.5182711415802469	0.33134638255911425	0.1503824758606389	0.50959771849944	0.16094993654110729	0.15822228004176841	0.00929362080890649	0.832484099149325	persistent	0.0
TCGCGCAAGGCGTAGA-E15S	25302.0	0.11249216471540874	-0.051495122292611994	0.13296268919166077	0.03414595870470998	0.8507774269893364	reverted	reverted	0.18756185450460616	0.2731053478069663	0.43148384544861823	0.2954108067444154	0.3769998792543529	0.14633609222470742	0.08913714201100102	0.009011404700114268	0.9018514532888845	partial	0.0
ACCTGGACATGACCAG-E15S	14798.0	0.21810808291618083	-0.11369999116978269	1.8485638316555106	0.08901015819362014	0.18135676924850977	persistent	persistent	1.9747418594472517	0.6214113869846821	0.37858856919446204	4.382085580583604e-08	1.0830881932817755	0.08651576649174014	0.971590527413956	0.0037625213179368847	0.02464695126810714	persistent_exiting	1.0
ACCAATTAGCGGTCTG-E15S	9761.0	0.20046518807974695	-0.008991174512098743	-0.9266827941206588	0.046261309263126056	0.9769502670932103	reverted	reverted	-0.801334110828393	0.22140054750004126	0.2285809513678232	0.5500185011321355	0.6374265332861053	0.16378069556125327	0.28173243575191825	0.009669068341018217	0.7085984959070636	reverted	0.0
AGCCGTTAGGCGTCTG-E15S	19792.0	-0.3132465580593088	-0.41056825368032945	0.07501617000019141	0.043675204846402894	0.864175604372563	reverted	reverted	0.19121169638147725	0.2539853913650312	0.3999734114926702	0.3460411971422986	0.3309993080221928	0.16722841523684756	0.072801522700168	0.009237143352016482	0.9179613339478155	partial	0.0
AAGCAACAGGCGTAGA-E15S	12360.0	-0.17006226347471987	0.011406799055495132	-1.837810702233902	0.04226132180201826	0.9958134594506106	reverted	reverted	-1.7514826963107963	0.7132637689175659	0.27500334459149867	0.011732886490935387	0.7787640309873025	0.1456818024424897	0.5368287550091135	0.00954034747328852	0.4536308975175979	persistent_exiting	0.0
GTTCATTCATCCAATT-E15S	15950.0	0.11811744019324216	0.14789051459062352	-1.2626309839914827	0.040456003591837444	0.9876635347677697	reverted	reverted	-1.1584670593207862	0.4013901583923144	0.30806144665237256	0.2905483949553129	0.15888658219284055	0.2333798833647798	0.043171462460301034	0.011938803837631656	0.9448897337020672	persistent	0.0
AATCGCATCCCTCGAC-E15S	13848.0	-0.09112244016874166	0.09278174151870666	-0.4906833129148827	0.042619561403123514	0.9488926944920273	reverted	reverted	-0.4029567505215279	0.15257136269796143	0.20610072725417872	0.6413279100478598	0.8541165295382417	0.12255310191669204	0.7206153399588451	0.008601260542131433	0.27078339949902347	reverted	0.0
CAATTTCCACTAGGCA-E15S	22598.0	-0.16484253178478286	0.09652956316939942	1.3027400678097194	0.06941894214112085	0.3837042657150699	partial	partial	1.380714670181617	0.49302701335605087	0.5069213939197271	5.1592724221955806e-05	0.46329189864985065	0.11541635401312045	0.13893152269839082	0.009189084205591084	0.8518793930960181	partial	0.0
GGTTAGCTCGCTCGTC-E15S	20286.0	0.2306292298091684	0.09482548218241771	-0.944623993773636	0.03555626265846623	0.9777028513437355	reverted	reverted	-0.8891363957601411	0.22795137536902288	0.2321025620260249	0.5399460626049523	0.3509842089927693	0.18504101670548473	0.07810226823740438	0.009361048912960405	0.9125366828496353	reverted	0.0
ACTTCTATCCATAGAT-E15S	20428.0	0.22589013855409784	-0.1705064846754964	-0.6372236132712302	0.03895590700184254	0.9607887675924617	reverted	reverted	-0.5614513695208374	0.1590958909809077	0.1992412508595253	0.6416628581595669	0.4286443906469363	0.16547206025290936	0.10922005340969168	0.00913374022045669	0.8816462063698517	reverted	0.0
TCGAATGTCCATTGAG-E15S	19873.0	-0.3931123651704581	-0.3605125531602251	-0.9623199155823762	0.041562766795109854	0.9784216043697147	reverted	reverted	-0.8777966495994429	0.2347653853672229	0.23574151219912368	0.5294931024336536	0.5772288821242716	0.14313236412050304	0.22800684113930766	0.00963219396000005	0.7623609649006922	reverted	0.0
CGGTTATGTTAGGGTA-E15S	20991.0	0.1841470561437319	-0.11353543378772507	-0.238172953875116	0.029107424913510132	0.9200721525375082	reverted	reverted	-0.18910616146770723	0.17364614159612907	0.25813669171538833	0.5682171666884825	0.45489050051921004	0.1430074175487098	0.12725615921026778	0.009133965674883305	0.863609875114849	reverted	0.0
GTATTGGTCGTTCCTG-E15S	22911.0	-0.19983721222578507	-0.3138752908928766	1.0599028279865415	0.05200246331910694	0.4964683058260662	partial	partial	1.10921511186534	0.4512083660182314	0.5481316508177412	0.0006599831640275387	0.16023558130864432	0.15171364106671342	0.039493316284310395	0.010224022820831942	0.9502826608948575	partial	0.0
CTTATGGAGGAATGGT-E15S	14961.0	-0.18008947430390604	-0.12491307769176418	2.0816675365610435	0.08221028754972214	0.12471887343675132	persistent	persistent	2.1688937673330124	0.6860359107186811	0.31396408808319615	1.1981227336586812e-09	0.3935895248934413	0.13663500665039321	0.09681803877997394	0.008979151269643427	0.8942028099503826	persistent	1.0
AAGCAATGTCAACCTG-E15S	14265.0	0.11033060191303651	-0.08459884963746983	-1.4886996107131285	0.053911269220436264	0.9919241205132825	reverted	reverted	-1.3499430852260443	0.5518369920640585	0.33203823119257353	0.11612477674336799	0.9756910342785012	0.12528524933149568	0.8807772640146877	0.006207255152195538	0.11301548083311687	persistent_exiting	0.0
AGTTTCAGTTCGTCCT-E15S	12767.0	-0.006966011473528988	-0.16348535036264067	-0.12385014066475834	0.05908048767571952	0.902639029271454	reverted	reverted	-0.04627030429335772	0.19663472407131433	0.30087693989893677	0.5024883360297488	0.8035548645296879	0.11693201926210108	0.638696938683928	0.009384729394469904	0.3519183319216021	reverted	0.0
GCGTTTGGTTAATCTG-E15S	18725.0	-0.03321249977555624	0.13408028325564547	-0.6662696885842949	0.03993075786380586	0.9628087032319833	reverted	reverted	-0.5844991540667854	0.1621490003484241	0.19968818895871482	0.6381628106928611	0.2743573262283425	0.1864804950981467	0.05902031589222567	0.009745498660937256	0.931234185446837	reverted	0.0
GGATGCTTCGTCTATC-E15S	21304.0	-0.06003871303062175	-0.27133888998044736	-0.3242197106726887	0.02788016174041736	0.9312612884367464	reverted	reverted	-0.2796452357364251	0.16190415363411592	0.23410959276472926	0.6039862536011548	0.4135402250576389	0.15599851709067455	0.10352385942938935	0.00908078380529697	0.8873953567653137	reverted	0.0
AATGACAAGAATCGCC-E15S	14145.0	-0.13149716200119455	-0.22240705582539072	-0.09964842194883518	0.04533540754294188	0.8985375552634829	reverted	reverted	-0.014887161145911092	0.20255052186399541	0.31146951539268053	0.48597996274332417	0.9187440724606101	0.10469098508001087	0.844884212569012	0.007196481776386783	0.147919305654601	reverted	0.0
TGCCTTTAGTTACGGC-E15S	19807.0	0.2835733716898902	0.005948588806665045	-0.31737878430244604	0.0359828322207301	0.9304276078843643	reverted	reverted	-0.23631875370632088	0.16266317835930713	0.23576943489994787	0.601567386740745	0.4914101020928515	0.14596545976668227	0.15023881177090587	0.00925657697702828	0.8405046112520658	reverted	0.0
ATGACCCAGCCGCAAT-E15S	15873.0	-0.01392682260578526	0.3963706912779281	1.8722145568927169	0.09156568349891882	0.1748038540504006	persistent	persistent	1.980789803000431	0.6278171343462505	0.37218283474773506	3.090601447143362e-08	0.41721962245678956	0.1300412598747911	0.10876360722912351	0.009009065571348871	0.8822273271995276	persistent	1.0
GCGATGAAGAAGGTTA-E15S	22680.0	0.1486642700369331	0.05214159765300619	0.2631214818511448	0.042765441594945906	0.8167229817698985	reverted	reverted	0.33556115235278083	0.31507741095224634	0.49722924257128315	0.18769334647647043	0.2372107785993835	0.1589122489100984	0.051285910800491316	0.009601566438330517	0.9391125227611782	partial	0.0
CCAGTTGGTAATCCAC-E15S	9733.0	0.025911490618424737	0.10914483221714955	-2.538465647524764	0.06653523193741276	0.9988853855969239	reverted	reverted	-2.4106145258781866	0.8908879657995826	0.10910362832291985	8.405877497595689e-06	0.9571528020142772	0.13737478680600249	0.8439698400074319	0.006727519063020366	0.14930264092954787	persistent_exiting	0.0
GTTCGTTTCGAGTCTA-E15S	13363.0	-0.05684551857180059	0.7509516647644827	1.7067426079071193	0.09367633541871612	0.22466356200974263	persistent	persistent	1.8714647629541286	0.5841438419435258	0.41585582822857003	3.2982790418021966e-07	0.9429173011119488	0.0980637581507469	0.8797584629053329	0.00660578265391364	0.11363575444075358	persistent_exiting	0.9506172839506173
TCGTCAAAGGAGTAGT-E15S	22876.0	-0.35373040052888916	-0.4137731721361386	0.38801986432436253	0.04652491465009998	0.7786557021569198	reverted	reverted	0.4611216226738669	0.34931450538983155	0.54464127985649	0.10604421475367858	0.21378062304756543	0.17855943269168148	0.04796188346381447	0.010105761548508745	0.9419323549876768	partial	0.0
TATGCTAGTTCACTCC-E15S	20538.0	-0.3618510675059694	-0.42504055393618134	1.1109768790374692	0.058974309473022526	0.4723238289838159	partial	partial	1.2280023753319895	0.4591862689604251	0.5404157955933827	0.00039793544619225234	0.41222335908041413	0.12567638663825484	0.10682226517807063	0.008987043617834893	0.8841906912040944	partial	0.0
GCGGTTACAATGACGT-E15S	19031.0	-0.1953583248772227	-0.33699781349462554	-0.7038267406086609	0.04413372691210501	0.9652725876079055	reverted	reverted	-0.5935580464148957	0.16703492979601361	0.20111979341229536	0.631845276791691	0.2017128421817979	0.19763164844683628	0.04689755720045162	0.010579630802796116	0.9425228119967523	reverted	0.0
ACAACCTGTGCAACCC-E15S	22607.0	0.09480869660722874	0.2939498726207068	-0.11182660223849727	0.03594072110714499	0.9006202142156696	reverted	reverted	-0.06367658042480578	0.19952988267563848	0.3060754029729811	0.4943947143513804	0.3557373093380097	0.1550043189917548	0.08091733267212503	0.00907880246593554	0.9100038648619395	reverted	0.0
ATTACGTAGCCATGAC-E15S	21775.0	0.06621314211763824	-0.06963058622612717	-0.06326964473466877	0.03499871266543803	0.8920841991237602	reverted	reverted	-0.002357059335533626	0.2120831930202628	0.32831854971113317	0.459598257268604	0.06649088775933329	0.22495715460127352	0.034049797457411345	0.013490122122663128	0.9524600804199254	reverted	0.0
TCTATTGTCATCTACC-E15S	13198.0	-0.1291630779369503	0.1098937704801134	-0.5188785343189173	0.07529540605481154	0.9514201121532396	reverted	reverted	-0.3856774921064243	0.15272652588744454	0.20356033539571508	0.6437131387168404	1.3405934261360786	0.09021552815394077	0.9976741647337198	0.001223043796401379	0.001102791469878754	reverted	0.0
ACCCTCATCGATGATT-E15S	18224.0	0.08123983019648878	0.1077447763047249	-0.5028379588770928	0.030539442729607204	0.9499971442918299	reverted	reverted	-0.45030680833774733	0.15257586732404224	0.20493174466236005	0.6424923880135978	0.74197794872807	0.11912056315002373	0.5144760247496619	0.00998238446846302	0.4755415907818751	reverted	0.0
AGCACGTTCCCGTAGG-E15S	20012.0	0.014195122649504954	0.21314927051394805	-1.3004131351294324	0.03235670906080857	0.9885053223767801	reverted	reverted	-1.230013814947006	0.42715865122722424	0.3155447416130849	0.257296607159691	0.7912580996345927	0.12354021687408573	0.6028823240721448	0.009519541025640364	0.3875981349022147	persistent_exiting	0.0
CTATCGCCAAACCACG-E15S	13148.0	-0.3191541794643863	-0.2993687567225226	0.5939697319837449	0.06178321333797855	0.704320033077041	reverted	partial	0.6715783401972472	0.3886065084512697	0.5801639824230087	0.03122950912572161	0.49506189636799525	0.14703149451828268	0.15250732240170276	0.009268251109774715	0.8382244264885225	partial	0.0
GGGTTGAAGGTTCACA-E15S	22592.0	-0.09839478179270306	-0.12288733442227334	-0.5303437980799794	0.02892612019305881	0.9524135640815268	reverted	reverted	-0.44484708624195823	0.15293577674599124	0.20269818945352816	0.6443660338004805	0.38922390683106045	0.16299630325287792	0.09252976518635436	0.00910986219036516	0.8983603726232804	reverted	0.0
CAGCGCATCAGGACGA-E15S	23140.0	-0.2920424070156299	-0.3305460651974355	0.6184851705180733	0.048571275306521555	0.6945639300488703	partial	partial	0.6363643634370779	0.3921990274246501	0.5813757360710629	0.026425236504287047	-0.08340080076874581	0.22021417260745618	0.02530756606868407	0.018201782222055936	0.9564906517092601	partial	0.0
GTTCCACCACTTGATT-E15S	17998.0	-0.1045819215912871	-0.2238112585072361	1.7891366972054554	0.07546495885033497	0.19866205740585274	persistent	persistent	1.8664206457507424	0.6055386870157524	0.39446120927674766	1.0370749997411195e-07	0.502092267994846	0.12177990185005794	0.16657957388938327	0.00937547491781853	0.8240449511927983	persistent	1.0
AGGTTGCTCACCCTAT-E15S	17103.0	-0.09564232785175653	-0.43803664928954156	-1.6306695954797337	0.0489502482227828	0.9938156855160766	reverted	reverted	-1.5650760410395035	0.6292544505278262	0.31915679107174627	0.051588758400427454	0.6200388268518161	0.1561177081771658	0.26740075628368415	0.009687848994505246	0.7229113947218107	persistent	0.0
GCTTTGGGTTGAATGG-E15S	24425.0	-0.03772861125104848	0.02573239368213609	-0.7823939617505895	0.028864915716506172	0.9699278114470367	reverted	reverted	-0.7307442065932206	0.18093803287677396	0.2071713801128693	0.6118905870103566	0.35529026313850576	0.1652123163453924	0.08027754663029509	0.00916158712755604	0.9105608662421488	reverted	0.0
TCACTTATCGCTAGAC-E15S	17463.0	0.08907864976944962	0.09200611256707791	-2.1743906926829015	0.054892675086755625	0.9977818967862306	reverted	reverted	-2.0549376542707507	0.8113541456077393	0.18809863414592307	0.0005472202463375789	0.4530967752614392	0.20779435042593997	0.11369109382097115	0.009357688341724787	0.8769512178373041	persistent	0.0
CGTTTCCGTCTAAGCT-E15S	15519.0	-0.13455809542574249	-0.18584469211479282	-1.1244448187775358	0.03600787758551395	0.9840336253329172	reverted	reverted	-1.0470699449183927	0.3137802870387028	0.27464039012249436	0.41157932283880283	0.6975900679540818	0.1412855653916801	0.3981350065801735	0.009933278601123629	0.5919317148187029	reverted	0.0
AACACCGCAATCAGTA-E15S	24171.0	0.3424341569766785	-0.07370544163544945	0.1399711425256575	0.038983758513316265	0.8490851254822587	reverted	reverted	0.205741181095145	0.27543178134809104	0.43526223359739535	0.28930598505451366	-0.24844059042716632	0.26174000706759193	0.022471490785755357	0.02959179789849546	0.9479367113157492	partial	0.0
GTGCCTAGTATAGCCT-E15S	18506.0	-0.36990010760944303	-0.38324657330161516	-1.8248487760114775	0.052106169723972674	0.99570990169926	reverted	reverted	-1.725671668273238	0.708764767103233	0.27823960241742773	0.012995630479339245	0.40050151170220805	0.204894982491046	0.09306931262203791	0.00942565127013549	0.8975050361078266	persistent	0.0
CCTGGCAAGTACGCTA-E15S	17759.0	0.0629065273817348	0.16282624513568755	-0.6108440269891162	0.028604922422904626	0.9588634149009103	reverted	reverted	-0.559592393640603	0.1568490720886078	0.19934115540564248	0.6438097725057497	0.3060853109661316	0.1789931481526837	0.06606950150816625	0.009464407936758361	0.9244660905550754	reverted	0.0
GGCAATTCATCGGTTC-E15S	21154.0	-0.09967944817773228	0.22325224790622145	-1.2651270940478463	0.030958439192456062	0.9877209792748511	reverted	reverted	-1.2187595329488399	0.4030802286790229	0.3085877606467857	0.28833201067419134	0.08976524351009882	0.2428851284907874	0.03696443700406801	0.013464668325158202	0.9495708946707738	persistent	0.0
AGCAAATGTTGGCTTG-E15S	13752.0	-0.3083274461816844	-0.3518903630796727	-0.6033666695672169	0.050839167983567884	0.9583014081850753	reverted	reverted	-0.49483615669836895	0.15630097742931784	0.19945797207092839	0.6442410504997538	0.8422125232568548	0.12108034187244882	0.7025505993797847	0.008800481770576362	0.288648918849639	reverted	0.0
GGCTAATCATCACACC-E15S	16218.0	0.15459317049710614	-0.050871786874399194	-0.01340395682930534	0.03914469790629709	0.8826539430756725	reverted	reverted	0.1041085692462491	0.22628888365378316	0.35301492742223584	0.42069618892398086	0.8491418618161872	0.11567481466350857	0.7243841620509204	0.00866799594403269	0.266947842005047	reverted	0.0
GTTAGAGGTAGGTTAG-E15S	11087.0	-0.12592837068102447	-0.02092806550140247	-1.3157483958699663	0.04927160617147242	0.9888305641857866	reverted	reverted	-1.230549815749583	0.43768829311207813	0.31825660449649323	0.2440551023914287	0.9292392795381097	0.12584005715810404	0.8279463940515587	0.007170892998382252	0.1648827129500592	persistent_exiting	0.0
AGCAATCCACCTACCG-E15S	12459.0	-0.31532607790547845	-0.4356257605578543	-0.3648378621272843	0.055768956484467086	0.9360234367978072	reverted	reverted	-0.21663214080221613	0.15801212903857612	0.225115594077147	0.6168722768842767	0.6346526750083105	0.14608741084901597	0.29589082683307233	0.009816652506016064	0.6942925206609115	reverted	0.0
TAACTGACATGGATGT-E15S	20246.0	0.10043445054713879	0.435520910240377	0.6442278892514599	0.05150774324028502	0.6841281881220557	partial	partial	0.6962606139441482	0.3958169198930291	0.5821112467859539	0.022071833321016827	0.4473419116951945	0.13061297555175116	0.12532794191745547	0.009105463450360859	0.8655665946321837	partial	0.0
ACATGGCTCCCCTTGA-E15S	13529.0	-0.06504132780625016	-0.2647802319246271	-0.6469535737669425	0.04198502313149796	0.9614768684862818	reverted	reverted	-0.536752429310621	0.16004997564455367	0.19932631505379791	0.6406237093016484	0.5704380107856839	0.16598064588205333	0.20643451050700898	0.009469391015441501	0.7840960984775496	reverted	0.0
ACGGGATGTAAGCTGA-E15S	16220.0	-0.17661548893404394	0.18890874213299658	-1.2561832793128498	0.0478640934447518	0.9875139188188393	reverted	reverted	-1.1247815719128635	0.3970352674611754	0.30668299072403904	0.2962817418147855	0.851687164038961	0.12171693367086912	0.7179611743490381	0.00864095487177304	0.2733978707791891	reverted	0.0
TACTACTCAGGAATCT-E15S	15937.0	-0.05265587572048652	0.3613381767674163	-0.6519216488440501	0.034195751444347076	0.961823725091062	reverted	reverted	-0.607179628930224	0.16056363255012324	0.19939492079411858	0.6400414466557581	0.34413455074478694	0.1823165484068319	0.07617342524390047	0.00935361877032267	0.9144729559857768	reverted	0.0
AGCCCCAAGTGGCTAC-E15S	20386.0	0.09865114253309298	0.09745099807583801	-0.4570500482194768	0.03304745628404623	0.945715106564501	reverted	reverted	-0.37810717147362893	0.15304784942981484	0.20992983001426435	0.6370223205559208	0.1605354394808893	0.21999543838154614	0.04266371916583035	0.011595398963808371	0.9457408818703612	reverted	0.0
CCGGCATGTGAGGACT-E15S	14858.0	0.2825445187670396	-0.025696633059108964	-0.5724379774267963	0.03502022828143073	0.9558978396429489	reverted	reverted	-0.48219615957258266	0.15444071742621496	0.20036151108387523	0.6451977714899099	0.43846576174061414	0.16690625360887376	0.1137478957108822	0.009148581178745807	0.8771035231103719	reverted	0.0
TGGAGCGGTTGAGGTA-E15S	18659.0	-0.2942690375935172	-0.3213715703419813	2.672063135043978	0.08823350536057056	0.04452356300513182	persistent	persistent	2.7537517507620244	0.8421004727710811	0.1578995272288922	2.663535460063525e-14	0.057558671473561314	0.15923652256322504	0.02994817712059003	0.01207867404061295	0.9579731488387969	persistent	1.0
ACGAACCTCCATTACC-E15S	22174.0	0.07245547865737029	0.15327017371717389	0.41600363583351474	0.05031541268373543	0.7693903586700832	reverted	reverted	0.4840769357165108	0.3558532994936346	0.5525212732916686	0.09162542721469694	-1.6425212894742143	0.8610709885491358	0.028533877173431737	0.1331644026493651	0.8383017201772032	partial	0.0
GGTACGAAGGTGGCAA-E15S	17956.0	0.02346643135018034	-0.19414050993737775	1.0121756691604142	0.05497923814001359	0.5190477163956659	partial	partial	1.0828169242852907	0.4441181039748335	0.5548382546523662	0.001043641372800234	0.36622136836769137	0.14871314385221868	0.08493259036415515	0.009026626636155806	0.906040782999689	partial	0.0
TAATGGGGTTAATCCA-E15S	20268.0	0.13036321982468463	-0.00446592932444323	-0.5908990737185595	0.030928572352550178	0.9573479649742773	reverted	reverted	-0.5435178448021394	0.15547279730549887	0.19974042002294087	0.6447867826715603	0.8406478345623367	0.11309174504000709	0.7140769667616979	0.008810723476170656	0.2771123097621315	reverted	0.0
CAAGCGGGTGACGACG-E15S	22941.0	-0.24026702201395	-0.4576109306492271	1.128280528156957	0.05583096937850934	0.46416743562098794	partial	partial	1.2070756523757489	0.4619847509647437	0.5376812140566082	0.00033403497864810687	0.028459033428602672	0.17773298962901413	0.028831078839310843	0.013196534750937983	0.9579723864097514	partial	0.0
CAATCCTTCCGTTGGG-E15S	21072.0	-0.0849663647721704	-0.04374036396817771	0.5024687282675722	0.03952456320829279	0.739077715963258	reverted	reverted	0.5427540690800603	0.37348402810858883	0.5705020614446327	0.056013910446778566	0.5236061983630552	0.12385365342869863	0.184612077705698	0.009484584011951838	0.8059033382823502	partial	0.0
GGGACACAGGAGCTTC-E15S	21378.0	0.059377560731126044	0.2675602079583119	1.0511046467004108	0.04752120539959391	0.50063232041475	partial	partial	1.1351898615933076	0.4498755288270398	0.5494055542715203	0.0007189169014398492	0.48265855347038	0.13014712301544096	0.14876834709642067	0.009251668048532951	0.8419799848550462	partial	0.0
TCCTTTGGTTCGCAAT-E15S	15598.0	0.07488639488560483	0.21231213140451033	-0.8454301061462218	0.03745854344713902	0.9732200795942015	reverted	reverted	-0.7485493120022154	0.19605901635123907	0.21494195945668768	0.5889990241920734	0.72074815763671	0.13738017400095506	0.4445651729405698	0.009924993372324078	0.5455098336871063	reverted	0.0
CCCTTAACATTGCCAC-E15S	17667.0	-0.18342947046603703	-0.26666967525752805	-0.4130268455984875	0.03537609564691448	0.9412740581803658	reverted	reverted	-0.3789971786666784	0.15474985048579062	0.21630022960242257	0.628949919911787	0.3691628452898637	0.1627080776083287	0.08510995007700937	0.009121840612853852	0.9057682093101368	reverted	0.0
CACCGTAGTGCATCCA-E15S	24093.0	-0.33448435422764633	-0.3586076610637362	2.2061326215416788	0.08804857519430921	0.10118613207587213	persistent	persistent	2.286065426894395	0.7210677060370331	0.2789322938113215	1.5164537721737436e-10	0.3114371548794984	0.1273440087833438	0.06800330507324125	0.00892886781094128	0.9230678271158175	persistent	1.0
TCGCGGATCCAGCCCT-E15S	16432.0	-0.13210051990057298	0.17099868388691042	-1.7202235461881465	0.0443004559411052	0.994775067867375	reverted	reverted	-1.6275731710141221	0.6691315555385821	0.30253784610950024	0.028330598351917768	0.33335679282966896	0.21414807379825312	0.07253065880758086	0.009796844201130346	0.9176724969912889	persistent	0.0
GCATCAGCACCTTGCG-E15S	23415.0	-0.09228604194491152	0.2959090203665705	1.5425948745065923	0.06063251578816596	0.2833435549926625	persistent	persistent	1.5800198286212435	0.5441022899735488	0.45589480258314524	2.9074433059715842e-06	0.09506857207088638	0.16213719042053745	0.03311756533843965	0.011393173402941374	0.9554892612586189	persistent	0.6986301369863014
CAAGGCAAGTACGGCT-E15S	22819.0	-0.1502059695102711	-0.34826348712912525	2.022900013810355	0.08047601593626873	0.13737957157531097	persistent	persistent	2.070841784934404	0.6695140960081396	0.3304859009225363	3.069324115958806e-09	0.0252552380043848	0.1743691054089131	0.028461974586786645	0.013198699261244765	0.9583393261519686	persistent	1.0
CATAGCGCATCAATTC-E15S	17768.0	-0.281393851611415	-0.1652906623263075	-0.8284272434811838	0.057095248695079905	0.9723682434048313	reverted	reverted	-0.7448861103964424	0.19160875744544936	0.2125962404044959	0.5957950021500548	-0.15206538088702432	0.27731621588166355	0.025835790474881326	0.023350986047821543	0.9508132234772972	reverted	0.0
ACTCTGTTCCAATGCA-E15S	21252.0	0.008452176406911538	0.3047681625444669	-0.7708836482444934	0.02691407371501487	0.9692856712333081	reverted	reverted	-0.7070282124698133	0.17857205796263792	0.20602964773514915	0.6153982943022129	0.8434422941732359	0.10724997813828474	0.7288841307111743	0.008747190767536264	0.2623686785212893	reverted	0.0
CGAGCCATCACTTCCG-E15S	20538.0	-0.05759158650352575	0.4397920769564818	-1.9096407339699948	0.04755582570472664	0.9963438085583046	reverted	reverted	-1.806060668962624	0.7369144220804982	0.2565709034730824	0.006514674446419318	0.920839038216169	0.11905123237151884	0.8275239929694111	0.007280518697802939	0.16519548833278602	persistent_exiting	0.0
AACGTTGTCTATGCTC-E15S	18629.0	0.037528686750995355	-0.0304534218980812	-1.0172008618033932	0.032368297990792834	0.980509516444094	reverted	reverted	-0.9213421630263201	0.2581699382333033	0.24796617013159203	0.49386389163510463	1.029750284316	0.09757739565494283	0.9455178927726077	0.004802480345411803	0.04967962688198048	reverted	0.0
CTTCTGGTCTAGTCGA-E15S	16390.0	-0.12353224260937751	0.5771915075916139	-1.153940709334531	0.04366804289822647	0.9848876509275776	reverted	reverted	-1.0997720047460668	0.33120819870368545	0.28218810860186194	0.3866036926944525	0.8417180743347491	0.12120964495981813	0.7014362644434656	0.008808953412652771	0.2897547821438815	reverted	0.0
ACCCAACAGCTTAGTG-E15S	23044.0	-0.0808345052440852	-0.28551041693179985	0.03382645646473233	0.03064887047559484	0.8730712808284042	reverted	reverted	0.10805445084388214	0.2407627894963886	0.37774315975258865	0.3814940507510227	-0.1619798594357222	0.24550878864937464	0.02387516291183261	0.02300474625042501	0.9531200908377424	reverted	0.0
TACAGCCAGTAAGGAC-E15S	21520.0	-0.15991181053167547	-0.20743677689435464	-0.9723287718929395	0.03810612227404984	0.9788180494130383	reverted	reverted	-0.8997317231823597	0.2387763597992493	0.23786907737008656	0.5233545628306641	0.7020905464109436	0.12222910759243305	0.4338518350491135	0.010115238837511805	0.5560329261133746	reverted	0.0
AACAGGCGTGAAGCCG-E15S	18933.0	0.40491002047182795	0.11321124577365627	-0.03996842024857312	0.0638884697853951	0.8877634335929091	reverted	reverted	0.0901524759244629	0.21856757293965007	0.3396476580131713	0.44178476904717867	0.6566539357036343	0.13065208049971191	0.34506964916768496	0.010021946376422128	0.6449084044558928	reverted	0.0
CGATGGGGTTATCTCT-E15S	26917.0	-0.07903690343920439	0.42003426209234496	1.0673151715045148	0.06650141431049857	0.492960538987304	partial	partial	1.121611103673676	0.4523405590926094	0.5470455695003307	0.0006138714070599515	-0.31813038421380896	0.2525487512451414	0.020903309054536037	0.03636564240126642	0.9427310485441975	partial	0.0
GCGTGCATCCATTGAG-E15S	23569.0	-0.15645237318859517	-0.3063142056828155	1.978854089864713	0.08457895114672415	0.14756333416543554	persistent	persistent	2.0416819737301437	0.6571998672836217	0.34280012659518017	6.121198204327076e-09	0.21760144892345712	0.1375899193821905	0.04730566914842578	0.009455721287639603	0.9432386095639347	persistent	1.0
GCTAAATTCCGCAGTG-E15S	14074.0	-0.38480290093619607	-0.4122651633230017	-0.5421833507959636	0.05275147134025271	0.9534191745401575	reverted	reverted	-0.4483551269594517	0.15324139233355713	0.20191010335270573	0.6448485043137372	0.3338521359622128	0.17854296398909275	0.07333832706309569	0.009346867766468795	0.9173148051704356	reverted	0.0
TACGATTAGTATGATC-E15S	21046.0	-0.3373320095176292	-0.38563779541052	-1.0527467165946112	0.04477383613946139	0.981754803284508	reverted	reverted	-0.9827623156452028	0.2751779244021383	0.2565126079065911	0.46830946769127074	0.026545639843445063	0.24316236329583857	0.03228997446488514	0.015025464501995314	0.9526845610331196	reverted	0.0
AGGCGAATCACTTCAC-E15S	16294.0	-0.16616122297300534	-0.12716059613339936	0.9999883455930334	0.062775006549079	0.524804673959411	partial	partial	1.0686176507996819	0.4423609903981882	0.5564684489708042	0.0011705606310075814	0.10021695862385593	0.20326685437152653	0.03563772486460029	0.012220151791803097	0.9521421233435967	partial	0.0
CCGCGTTTCCCGTTGC-E15S	14886.0	0.2839751040404855	0.39042875361360685	-1.4949016165338072	0.05050255461088431	0.9920176351896577	reverted	reverted	-1.3869865565599695	0.5555917886789261	0.3319080356704887	0.1125001756505852	0.5989099207532247	0.1673119325277287	0.23403910374453313	0.009546823882250477	0.7564140723732165	persistent	0.0
TCGACGTAGCAATTAC-E15S	13569.0	-0.0819601010015128	0.26156713064928805	-0.725266948031097	0.04120077308971142	0.9666078084207677	reverted	reverted	-0.6265525353300697	0.1703193617673321	0.20236386130949466	0.6273167769231733	0.9294179599229282	0.11851433635755454	0.8391269402232252	0.007096085422802623	0.1537769743539723	reverted	0.0
ATCACATAGCTAGATT-E15S	10410.0	0.21985610817615736	-0.046952031929803906	-0.8667049992769745	0.04205585527092651	0.9742500292228077	reverted	reverted	-0.7165403396193311	0.20203131819760328	0.21813095620783265	0.5798377255945641	0.7245470949038839	0.15483484397493152	0.42299929201587194	0.009758048659973904	0.5672426593241542	reverted	0.0
CAAGTAAAGATTCCGA-E15S	18945.0	0.15406080396641791	0.20541828620000124	-1.394720914976219	0.03264914795955475	0.9903666947077583	reverted	reverted	-1.3060493675311353	0.49151726855183386	0.32863413362521876	0.17984859782294735	-0.8218889585598625	0.6298912003423801	0.029330849956565225	0.07840662033571386	0.8922625297077208	persistent	0.0
CCATCCTGTGACTTCG-E15S	15411.0	-0.06715966558525566	0.3199022392429084	-0.6252911942629433	0.03896113930769076	0.959928807958199	reverted	reverted	-0.5196291499969279	0.15801861018899185	0.19922640950014803	0.6427549803108601	0.41156374359924214	0.17172928666149911	0.10072828697243259	0.009157997153267976	0.8901137158742994	reverted	0.0
AAGTTGAAGCCGACAT-E15S	17481.0	-0.13316382017956774	0.11998389435789014	-1.5136864652825712	0.03508975611663107	0.9922943713183627	reverted	reverted	-1.4777962684125805	0.5667662162738795	0.3312529733034065	0.10198081042271415	-0.0664844035463116	0.31888215557559507	0.03177257849252258	0.020627953066805524	0.9475994684406719	persistent	0.0
AGTGCTCAGATTCGGC-E15S	9295.0	-0.15165117029106034	-0.0546209063357882	-1.8303446853076375	0.06196263650126587	0.9957541184708706	reverted	reverted	-1.733914470130835	0.7106819288690889	0.27687178961196457	0.012446281518946549	0.7409740140588459	0.16236373002396234	0.4383088909909215	0.009643437152857866	0.5520476718562205	persistent	0.0
TGAATGGGTGATGGCG-E15S	14592.0	-0.35431873705609185	-0.3741529180575077	-1.9714183917791646	0.05732125036962776	0.9967460450976005	reverted	reverted	-1.9036546890856163	0.7558185156599867	0.24036633830720716	0.0038151460328061395	0.7151604835766089	0.15834015716910724	0.401762942081738	0.009748503989968271	0.5884885539282936	persistent	0.0
TGGGTCCGTGACGAAC-E15S	17398.0	-0.2776626265588783	-0.32780790898447976	1.3301313196386801	0.07333920835737637	0.3715178709285464	partial	partial	1.4025084816889097	0.4983746921815078	0.5015874801363313	3.78276821608936e-05	-0.13494581430330868	0.23519375450705446	0.024203712862135164	0.021163039685720704	0.9546332474521442	partial	0.011904761904761904
GTGCATATCTGTGGCG-E15S	15972.0	-0.030773493528284568	-0.02752851636999143	-0.9096248171269634	0.056862166471479104	0.9762117607550264	reverted	reverted	-0.8268644016333923	0.21550069958100831	0.22539678556530673	0.5591025148536849	0.5930051784833869	0.161003758546703	0.2324432437809207	0.009569091570379757	0.7579876646486996	reverted	0.0
TCTCTGGTCGATAGTT-E15S	20563.0	-0.2047577990117695	-0.3295672667745406	1.3291121782963344	0.07239819399991419	0.3719684801622858	partial	partial	1.3863971608745382	0.49817342323719727	0.501788306576127	3.827018667564044e-05	-0.266205932024879	0.22802896188253613	0.020765826522838572	0.030642312303448025	0.9485918611737134	partial	0.010101010101010102
TCAGCATGTCTAGTCG-E15S	10302.0	-0.1522213546593873	-0.3537219202588697	-0.9269205852286269	0.05532325917824359	0.9769604021504785	reverted	reverted	-0.8566993699665487	0.2214850417329124	0.22862648540214495	0.5498884728649426	1.0656457095374638	0.11483963495308668	0.9524142532000216	0.004353059346117215	0.043232687453861274	reverted	0.0
ATGATCCGTCTTGCGA-E15S	16652.0	0.08667945154035012	0.051537726547579044	-1.4454229343935039	0.03502935724489492	0.9912406488613629	reverted	reverted	-1.3536903163912508	0.5247940988737311	0.33172935128954156	0.1434765498367274	0.693780212766779	0.14167384773929131	0.39117212068656027	0.009932516891431103	0.5988953624220087	persistent	0.0
AACTTTGGTCTCAGTG-E15S	17602.0	0.09681008878229297	0.14401303649309471	-1.253195397121024	0.03234379566808176	0.9874439802960995	reverted	reverted	-1.1688135619133193	0.39502278829462484	0.30603522217818624	0.2989419895271889	-0.22603989404430044	0.3464724782546234	0.027340829783365807	0.02981675543159731	0.9428424147850369	persistent	0.0
ACCTCTTAGCAAGGCA-E15S	14612.0	0.23539563451413598	-0.12502858437682635	-0.7218442656542013	0.040023423142173595	0.966398029983364	reverted	reverted	-0.624581978937696	0.16977020597779421	0.20214459367027535	0.6280852003519305	1.0575757776304213	0.10083980873969041	0.9567606590686881	0.0043315591312400705	0.03890778180007186	reverted	0.0
CGTCACCTCTAGCTGA-E15S	13998.0	0.03853275748048657	-0.17877109205084563	-0.6813439491688376	0.034154565045018834	0.963817201878332	reverted	reverted	-0.5852469367332175	0.1639802816094486	0.20014780820037353	0.6358719101901779	0.714614233293918	0.14151232822680748	0.4271191354881135	0.009903291233844942	0.5629775732780415	reverted	0.0
ACGAGTGAGGTAGCGA-E15S	17419.0	0.11532031287545846	0.6578811124857666	1.4147885790837107	0.08156428633588414	0.3349280078157693	partial	partial	1.4770129788436526	0.5157077214439113	0.48427820288543666	1.4075670652026424e-05	0.38402264833318006	0.13932886147202975	0.09250808654275168	0.008979431964766079	0.8985124814924824	persistent	0.08450704225352113
CCTCGTTGTTAGCGTT-E15S	12465.0	0.0647982912283846	-0.1133322424720214	-0.2839467046417307	0.04703591402608096	0.9262172901361142	reverted	reverted	-0.13800503364772151	0.1668047911633876	0.244496799493264	0.5886984093433484	0.5025985869227778	0.1660712340124241	0.15149761451403201	0.00926835512429625	0.8392340303616718	reverted	0.0
CTACTGTTCAAGTGCC-E15S	8999.0	0.2138137840168593	-0.03223169847255347	-0.12080216491285545	0.05989475434591761	0.9021307469794706	reverted	reverted	0.017174494491468892	0.19736036858299175	0.3021826356688014	0.5004569957482069	0.490601702574363	0.17142886400140317	0.14193442766996286	0.009240737420440834	0.8488248349095964	reverted	0.0
TCATAGTAGTAATGAG-E15S	12834.0	0.05887180781976703	-0.12015609865783394	-0.5477531469123395	0.04351822329183083	0.9538852330064701	reverted	reverted	-0.4356323381682506	0.15341682739116871	0.20157500085967234	0.6450081717491589	0.767557642035615	0.1275317106266454	0.5496045549063195	0.00973643481851526	0.44065901027516524	reverted	0.0
CTTGGCGAGGTAGATA-E15S	15725.0	-0.3098113172769867	-0.3485438623671874	0.8248202164325924	0.06748084801694022	0.6060933604337079	partial	partial	0.9146068178187188	0.41901258257548546	0.5754859931379817	0.005501424286532862	0.43519022355130194	0.14544278392343685	0.11572406403470263	0.009083888484755604	0.8751920474805417	partial	0.0
CCAGTATGTAGCGACG-E15S	17713.0	-0.3496165688420602	-0.4449638687459758	-0.5651290756835708	0.03938325956459738	0.9553108231883751	reverted	reverted	-0.5075721885369899	0.1540954049028448	0.20067487203665238	0.6452297230605029	0.06352127910977683	0.21833147567950975	0.03344660815672715	0.013379792531420494	0.9531735993118523	reverted	0.0
CGCCACTTCTAAGTCG-E15S	16876.0	-0.07748816135384023	0.3799285891673454	-0.27557690402595403	0.03294748541189751	0.925127100840005	reverted	reverted	-0.21012227116074458	0.16795438711710256	0.2468436350023016	0.5852019778805958	0.6638104898828894	0.12965751415418036	0.3576865554308596	0.010044027708334428	0.632269416860806	reverted	0.0
TATGATGCATAGGTAC-E15S	14574.0	0.11239426609120257	0.1294940328522025	-1.2882603236000973	0.038930073676511634	0.9882409431057794	reverted	reverted	-1.2092982571460125	0.4188339994325827	0.3132560199288482	0.26790998063856913	0.38839917110606176	0.194941816078913	0.08962491802650602	0.009360136636437026	0.9010149453370571	persistent	0.0
TGCGGCTGTGGCGTGA-E15S	16050.0	-0.3655321198222146	-0.3172064215622723	-1.6257277003962254	0.05996821780740322	0.993757917914223	reverted	reverted	-1.5314827940138491	0.6268629971927012	0.3199150560920849	0.053221946715213686	-0.20420870143315284	0.38095865408810725	0.03004610967163236	0.029346447657358284	0.9406074426710093	persistent	0.0
GCATGAGAGTGGGTCT-E15S	12261.0	0.22400013025300397	-0.027320446570317847	0.29841160099631747	0.049903288711120326	0.8065101834004271	reverted	reverted	0.388850762726905	0.3255371516957168	0.5125442934447568	0.1619185548595264	0.41170106911485654	0.17037417295097707	0.10094677270873124	0.009150306728083162	0.8899029205631858	partial	0.0
TCCACTTAGTATGTAC-E15S	6863.0	-0.27997031516813864	-0.47319361961698636	-2.6996537424441724	0.09264321115524679	0.9991782769587594	reverted	reverted	-2.5277910883238475	0.9177111589491036	0.08228784296304618	9.980878501147757e-07	0.6277779266784057	0.18528042735144687	0.2504176665811832	0.009502769877037983	0.7400795635417787	persistent	0.0
TCAGTAACATTCGTGC-E15S	12310.0	-0.17509565047402342	-0.2292029722365198	-0.6300086418325349	0.04345386336849788	0.9602709297588212	reverted	reverted	-0.5736903409612245	0.1584323806294688	0.1992204627897194	0.6423471565808118	0.8074156261321636	0.12818344965593836	0.6250372706560523	0.009311830431947984	0.36565089891199976	reverted	0.0
GGGATTAGTTTAGTCA-E15S	16737.0	0.10976147177511647	-0.0200807197334657	-0.18476568117521658	0.03900232843043867	0.9123138167327092	reverted	reverted	-0.14161260014135582	0.18334518756162013	0.27656768221383726	0.5400871302245427	-0.004427856667043866	0.2503550859699475	0.030818985328969935	0.01616525403516638	0.9530157606358637	reverted	0.0
GCGCTTAGTGCGGTTC-E15S	18983.0	0.014941644871464987	0.20174923242429954	-0.2168749382228859	0.03948964911804344	0.9170563448412414	reverted	reverted	-0.15923755836300812	0.1772925839988267	0.26516047862056	0.5575469373806132	0.42593606224850694	0.14909823363230074	0.11038049156406725	0.00907357073342851	0.8805459377025042	reverted	0.0
AGGTTCGCAACATTGA-E15S	17846.0	-0.2706135881093269	-0.2807079820597431	1.3549798779116224	0.05405538876261979	0.3606018911330852	partial	partial	1.4416771402107644	0.5033367665986332	0.4966348022171721	2.8431184194793586e-05	0.2679384454773918	0.15256412594247418	0.05720337257348219	0.00932708971354449	0.9334695377129733	persistent	0.0
ATGCAGGAGGCGTTCG-E15S	17272.0	-0.15709439272203402	-0.12375642414866822	0.5211368340070351	0.04700521632875671	0.7322050293020268	reverted	reverted	0.5593620255649634	0.37682771811833177	0.573195473076275	0.04997680880539316	0.45599599553861186	0.13858530888379184	0.1288822807258305	0.009136282139048138	0.8619814371351213	partial	0.0
GCTCCAAGTAACGTCT-E15S	16536.0	-0.06226985029206228	-0.11933007162014792	-0.575480499148612	0.03680212319916372	0.9561400263939006	reverted	reverted	-0.46776761427372443	0.15459499722472866	0.20024238581242787	0.6451626169628435	0.7555300599625241	0.11781023066095199	0.543260298369407	0.009895438402160287	0.44684426322843274	reverted	0.0
CCCAGTGAGTGATACT-E15S	18705.0	0.04736172004393907	0.09222614698880593	2.345183839448136	0.08184263053443683	0.07963186935290192	persistent	persistent	2.4349779491974317	0.7595497462847131	0.24045025370193412	1.3352794258103128e-11	0.2547762150628287	0.1368165295988883	0.054225079801863266	0.009211794562740148	0.9365631256353966	persistent	1.0
TCGCAATGTGAGATCA-E15S	20883.0	-0.05151743812763587	0.2929612616156133	-0.04115966974837162	0.034426010112853525	0.8879879458418519	reverted	reverted	-0.015822865948538444	0.21822930108337124	0.3390590615322337	0.4427116373843951	0.5112757539096816	0.1430575516489305	0.16618635656668718	0.009342508887688462	0.8244711345456243	reverted	0.0
CTCGGTTCAAAGGAGC-E15S	19472.0	0.14007836838408255	0.3130750727907342	-0.4009481978386733	0.03142054589447534	0.9399972217314004	reverted	reverted	-0.36817657245760677	0.15543004320485912	0.21832553380373068	0.6262444229914101	0.23259104016747653	0.1937669730423025	0.051497979977127704	0.010193000266745467	0.9383090197561269	reverted	0.0
AGCAATTTCCCGGCTT-E15S	11606.0	0.05022081118204086	-0.12476202961535665	-2.033190463777292	0.04944380106837304	0.997104127596855	reverted	reverted	-1.924257084592523	0.7736730747048325	0.22415066982623102	0.002176255468936549	1.147267070714049	0.10700053736787664	0.9807740305769228	0.0030345630239234623	0.01619140639915371	persistent_exiting	0.0
TGCTACTTCCTGTATC-E15S	8988.0	0.1680694117980927	-0.0871112043691199	-2.033778212980367	0.06388028825086177	0.9971073387223245	reverted	reverted	-1.8737184888244613	0.7738385434777808	0.22399706545539783	0.0021643910668214836	0.8905051078677844	0.1414320536695225	0.7447708321658748	0.008045493712607009	0.24718367412151826	persistent_exiting	0.0
CAATCCGGTCATGATC-E15S	20393.0	0.044254397888290664	-0.09984960159398693	-0.8408424608357844	0.027452418561514688	0.972992788961252	reverted	reverted	-0.7881515970588499	0.19483038360039195	0.214291141745007	0.5908784746546011	0.4941380054841005	0.14711484983320414	0.15181706759999392	0.009264690889790855	0.8389182415102152	reverted	0.0
TGCTATAGTCTAATCA-E15S	15166.0	-0.3334422144360581	-0.33188633261421496	-1.7061001659160393	0.05713185688564519	0.9946342404690119	reverted	reverted	-1.597271356869988	0.6632516463816324	0.30547608585677904	0.031272267761588673	0.7443790786783001	0.13109199760041354	0.49880275517186595	0.009875948917423268	0.4913212959107107	persistent_exiting	0.0
GTGACTATCTTGAACG-E15S	20664.0	-0.07945787219542394	0.2947228063123194	-0.8986837339171639	0.04347555620168622	0.9757259786206367	reverted	reverted	-0.8020638852825119	0.21188230054055396	0.22344152353816935	0.5646761759212766	0.420176450058145	0.17762079214347787	0.10368900007502654	0.009190721272082042	0.8871202786528913	reverted	0.0
AATGAACGTTTGGAGA-E15S	14856.0	-0.07145765606073623	-0.10020547492151166	0.6115215679410271	0.06421378128087951	0.6973534740492392	partial	partial	0.6715505648782031	0.3911943403080289	0.5810841853028172	0.027721474389153886	0.507955334056995	0.14527853050538353	0.16274433265893223	0.009322178311652891	0.8279334890294149	partial	0.0
CATGATTAGTTAGGAA-E15S	17534.0	-0.29417463712453457	-0.23421819012720507	-0.5278835273306943	0.04321153787580012	0.9522020240997344	reverted	reverted	-0.42052353910181295	0.15288370670036272	0.20287495466047487	0.6442413386391624	0.5119068529901274	0.14716407550959074	0.16511189811762675	0.009332577823686475	0.8255555240586869	reverted	0.0
CGTGAGGGTATAGCGA-E15S	13747.0	-0.02723596447787524	0.04784821798785355	0.24059480671638284	0.043898023272165985	0.8230205609670169	reverted	reverted	0.33729935494995456	0.3081308734474122	0.48676949695340954	0.20509962959917838	0.5071854473784385	0.15210136988723716	0.15965830065874884	0.00930223095634053	0.8310394683849107	partial	0.0
CTTACATCATAGGGTT-E15S	14623.0	-0.036875983953958136	0.10065139782631527	-0.8425078351573678	0.031905964384620324	0.9730755144214127	reverted	reverted	-0.7496064419228233	0.1952739935827747	0.21452587345322066	0.5902001329640046	0.8458657013449828	0.11730723176876227	0.7158090922185114	0.008729932944661588	0.275460974836827	reverted	0.0
CAGCACTAGGTGGAGC-E15S	23048.0	-0.32820680065808283	-0.44226830716837157	3.4076306777021763	0.11386025383147694	0.01144453163748034	persistent	persistent	3.520114737298966	0.9577889239688547	0.042211076031145295	1.6635477522433749e-21	-0.22973499646371415	0.1991639229460812	0.020312077233389656	0.02681475359067018	0.9528731691759402	persistent	1.0
GTCCATAAGTCATGCA-E15S	11310.0	0.30122996826027254	0.06451532262621651	-1.6254208757308364	0.042845295259218846	0.9937543137016315	reverted	reverted	-1.504492462901171	0.626713820398036	0.3199615052112497	0.05332467439071423	0.7929191081928171	0.14566474391197481	0.563318260750496	0.009416153369205869	0.42726558588029817	persistent_exiting	0.0
CAAGTAAAGCTTACGA-E15S	13897.0	-0.09799607752543116	-0.31603513348857576	-1.170372695885722	0.04940426131701904	0.9853437484807913	reverted	reverted	-1.0067711424917274	0.34126659766400275	0.2863517037350506	0.37238169860094666	0.4985815244553662	0.17499572928551763	0.14593646357140386	0.009258739060879257	0.8448047973677171	reverted	0.0
CTCAGTAAGGTAGTCC-E15S	17101.0	0.05117311171187078	0.0823316487953577	-0.8739854619823861	0.03877866450113035	0.974593551761313	reverted	reverted	-0.7849017859716027	0.20418054659954699	0.21928605316423497	0.5765334002362179	0.7806642022446947	0.1249672230780507	0.5797184261313071	0.009628004378190815	0.4106535694905021	reverted	0.0
GTGTGTTGTAAGCGGT-E15S	13528.0	-0.2923695948692667	-0.2832950374706333	-1.208476607442574	0.05515593996863851	0.9863498431697268	reverted	reverted	-1.077877204010008	0.36543836405180735	0.2957541962671508	0.33880743968104177	0.3248068436713938	0.19640707469576144	0.07060201340477108	0.009598385158256409	0.9197996014369724	persistent	0.0
GGAATCTCAAGTGAGA-E15S	10426.0	-0.1622601907762879	-0.16745187867439199	-1.1593681591214426	0.04374289297358163	0.9850398239944188	reverted	reverted	-1.0350078641952303	0.3345040618575167	0.28356821733533044	0.38192772080715287	1.32199242820966	0.09224612895818117	0.9971893986540367	0.0013388167533040182	0.0014717845926593223	reverted	0.0
CTTGTGTTCCTCACCA-E15S	19571.0	0.14087225377724127	-0.15986724943939035	1.4793552235842578	0.061143608704376726	0.30827117781922264	partial	persistent	1.5876344849731685	0.5297269222618508	0.4702666510908281	6.42664732116824e-06	0.05341216203821705	0.17759166091044723	0.030526444452068854	0.012584853043193076	0.9568887025047381	persistent	0.43661971830985913
GCCATAATCAGCACGT-E15S	17899.0	0.17315571512342948	0.011394978012797097	-0.13421331889020074	0.02940235301898134	0.9043496213235955	reverted	reverted	-0.06684641977042124	0.1942100166157853	0.29649989888009853	0.5092900845041161	0.4216261419563423	0.16233532051340188	0.10638836826139196	0.009114777934844127	0.884496853803764	reverted	0.0
TGTAACCGTGGGAACT-E15S	21024.0	0.12248571323289087	-0.22203681106999046	-0.1959311763608517	0.035710208216634697	0.9139901261289064	reverted	reverted	-0.10301634696149102	0.18116500952116235	0.27248956587576634	0.5463454246030713	0.33309337253738514	0.16673591671296734	0.07341514939590547	0.009226243940440124	0.9173586066636545	reverted	0.0
TGTCCGGAGTTACCCT-E15S	22359.0	-0.3953806461924604	-0.409476419100571	2.328478460957216	0.09024271842865515	0.08198077760054917	persistent	persistent	2.4103561547594525	0.754993849625024	0.24500615035697554	1.8000416269081527e-11	-0.7886145099376802	0.38149456777622537	0.020910039966043792	0.1267476490094071	0.852342311024549	persistent	1.0
GGCACCATCAGCTAAT-E15S	17104.0	-0.217387004474186	0.04194797587085464	0.3925521219746466	0.04235468541427745	0.7771733519141251	reverted	reverted	0.43606112570947686	0.35040247939770425	0.5459877687961843	0.10360975180611146	-0.06327893855154193	0.2443302959418589	0.027458155493808378	0.018083736920403132	0.9544581075857884	partial	0.0
AGTAACCCATCCTGAC-E15S	10331.0	-0.2330099448307321	-0.368465838679242	-1.5818559407718271	0.053934560757159494	0.9932210022244686	reverted	reverted	-1.4489561388539753	0.6046846028207435	0.3257614876756851	0.06955390950357135	0.45804070241466277	0.19847530948352393	0.11763137842442764	0.009297108966518097	0.8730715126090544	persistent	0.0
GGCCTAACATCCTATG-E15S	16820.0	0.31223577077654213	-0.12269674716274143	-0.22939950759858144	0.03424394149661717	0.9188421488099936	reverted	reverted	-0.11065583685498945	0.17511259828518724	0.2609776622593936	0.5639097394554192	0.36520620929596803	0.1674585857689522	0.083458225808098	0.009164036664799207	0.9073777375271027	reverted	0.0
AAAGGTTGTAGCTTCG-E15S	14145.0	0.3051595468567812	-0.020531301593328388	-0.22293157466041813	0.04197153281338368	0.9179243445735702	reverted	reverted	-0.12037600369889513	0.1762256811074535	0.2631190594377812	0.5606552594547654	0.559403569854941	0.15534420806826146	0.20227470719371776	0.009484747791060564	0.7882405450152217	reverted	0.0
CAAATCCGTATGTGAG-E15S	9856.0	-0.23286816887156886	0.00794170380902548	-2.157199526021756	0.06262711702661566	0.9977086880896205	reverted	reverted	-2.032171920570478	0.8069761369621045	0.1923718178421587	0.0006520451957367449	0.3179260906238542	0.21847761212493777	0.06877148968979974	0.009951138029873232	0.921277372280327	persistent	0.0
ACATGCATCACTTGAG-E15S	16629.0	-0.18954139567941358	-0.2285892904007773	0.2589040534669708	0.04514057449232483	0.8179150931598203	reverted	reverted	0.3426603481767855	0.3137917111710931	0.4953092503973068	0.19089903843160017	0.2775505076888412	0.17507529264409966	0.059532099784600494	0.009563222095908354	0.9309046781194913	partial	0.0
CTTATAGGTTCGCAGC-E15S	10844.0	0.045542154865234497	-0.2402985188039256	-2.137253252637577	0.06375521036530402	0.9976207205389711	reverted	reverted	-1.9822670967816218	0.8018262631205832	0.1973766408228239	0.0007970960565929407	0.7277533805945896	0.17467755202170135	0.39623886808567793	0.009585618050985989	0.594175513863336	persistent	0.0
GGTTAGCTCCTCTCCT-E15S	8600.0	-0.3575242868610207	-0.48065442539631786	-0.4870085753304945	0.058347006632480075	0.9485542647530625	reverted	reverted	-0.33689027715527986	0.15258852988015156	0.20647639081814004	0.6409350793017083	0.9225846531072274	0.12291104929478547	0.8239156787629717	0.007279836745091203	0.16880448449193713	reverted	0.0
ACAAGTTTCAGTATGT-E15S	12907.0	-0.32589690356779916	-0.18113009434394162	-0.8328972231922613	0.05620668121251981	0.9725947053094629	reverted	reverted	-0.7180510969499094	0.19275139941576616	0.21319526815348405	0.5940533324307498	0.819106929273213	0.13005070428459975	0.6434000064498768	0.00915543859836033	0.34744455495176274	reverted	0.0
AGTGTCATCTGGGATC-E15S	14065.0	-0.020034537380613116	0.023617207263287976	-0.9397486212435743	0.03818967897001662	0.9775007517243531	reverted	reverted	-0.863585604476551	0.22613584318498303	0.2311285169025724	0.5427356399124446	0.647620135668593	0.13800780915832964	0.32288358119847516	0.009927768898202892	0.6671886499033219	reverted	0.0
CCGCAAGTCCGTGAGT-E15S	13427.0	0.016447939025691527	-0.2818176443987528	1.0904635424536586	0.0626699523591509	0.48201199403224315	partial	partial	1.1944193900888906	0.4559319642267331	0.5435794977699024	0.0004885380033644547	0.5962875600775805	0.131739579199463	0.2586151011364588	0.009807630082075873	0.7315772687814653	partial	0.0
GCTTATAGTTCGCGGT-E15S	15001.0	-0.19958348073972343	0.5882809989377116	2.711993499726679	0.09625774676516474	0.04141616346144032	persistent	persistent	2.7448088996498585	0.8510636034138396	0.14893639658614855	1.1869710735234617e-14	0.3635203688274346	0.1385874417458336	0.08456880230827876	0.008965267648814102	0.9064659300429072	persistent	1.0
TCCCCAGCAATATGTG-E15S	12867.0	-0.29312055103617973	-0.35763965145475074	1.603803438176221	0.07920643596991708	0.26041483763893203	persistent	persistent	1.6686678843019975	0.5585933927517553	0.4414052898992292	1.317349015420685e-06	0.6299574610038333	0.12351746838128554	0.3119096518799893	0.010023668528138682	0.678066679591872	persistent	0.8333333333333334
ATTCACCTCAATTCGG-E15S	15122.0	0.0699980822667407	0.47274432973887004	-0.9963510018132984	0.04942918431048677	0.9797407015025505	reverted	reverted	-0.8926074569656285	0.24887049171347578	0.2431669181773513	0.5079625901091728	0.5375788684309052	0.17701542585679667	0.17264496602777757	0.009342307066893868	0.8180127269053286	reverted	0.0
CGTTTGAAGGAGTCGA-E15S	13361.0	-0.2863286068798192	-0.42327140689631915	-1.8584941888219908	0.05161745541555145	0.9959735763862936	reverted	reverted	-1.7165200720776121	0.7202865352449177	0.2697714932191655	0.009941971535916846	0.41207504746718715	0.19540988871189607	0.09827064298540288	0.00931955994496643	0.8924097970696306	persistent	0.0
ATACTTGGTTCGGTTG-E15S	12501.0	-0.011926491862717825	0.08656783165094639	-1.162548887932718	0.0387764010523812	0.9851283018752217	reverted	reverted	-1.0868375605020975	0.33644782784777894	0.28437495485546965	0.37917721729675136	-0.18895333469671305	0.3820185564392943	0.030641155030360263	0.028502852385408044	0.9408559925842317	reverted	0.0
ATCCGTCCAACGGTCA-E15S	13575.0	-0.3234728754450438	-0.36377615446486267	4.134982092609786	0.14040756482121033	0.0029128112908895078	persistent	persistent	4.253794995749085	0.9927586402232288	0.007241359776771262	3.820519853944289e-30	0.3757725265256756	0.1205286097227202	0.09062253829155564	0.00889100209446878	0.9004864596139757	persistent	1.0
ATACGGTCAAGTTCCC-E15S	13208.0	-0.26713085487218435	-0.382402090837485	-2.0169851044742018	0.06411239194201329	0.9970141770420707	reverted	reverted	-1.9290411487784853	0.7690793774326016	0.22839268354536008	0.0025279390220383402	0.7657404032848268	0.15531510899173911	0.49448491346130935	0.009574363505930479	0.4959407230327601	persistent	0.0
CACCAGACACTTGATT-E15S	10230.0	0.16702562461623288	0.1885312520490986	-1.6681161126293946	0.043004115049826784	0.9942364849326164	reverted	reverted	-1.5704646987954336	0.6467021586378228	0.3128274608455058	0.04047038051667149	0.9191224958418265	0.131993888155014	0.8045332205741735	0.007432659418864953	0.18803412000696154	persistent_exiting	0.0
CTAGAAGGTCTAACGT-E15S	11472.0	-0.18631174513559345	-0.3586316210766728	-0.4785990586130688	0.04270016182406949	0.947771788150918	reverted	reverted	-0.3833540128124393	0.15266009328077157	0.2073752332312999	0.6399646734879285	0.7767387991682645	0.11887372962416161	0.5831146558417752	0.009696368432416062	0.40718897572580864	reverted	0.0
ACACGATCAGGGCAGA-E15S	11756.0	0.05468315953556474	0.13479099502104663	-1.5167123652951953	0.03812641209667715	0.9923380494900708	reverted	reverted	-1.3992328789446158	0.5685377457839276	0.33111128763514613	0.10035096658092635	0.458531493382743	0.1965345731425378	0.11823197964666371	0.00928654897768247	0.8724814713756539	persistent	0.0
GCGTACCGTTCGAATC-E15S	11613.0	0.33515601492054586	-0.040617644394042696	-0.09570784532733757	0.03983709720731251	0.8978554083163721	reverted	reverted	-0.0005205657423217933	0.20354665077310335	0.3132421314535795	0.4832112177733172	0.62343396200665	0.15666623058815532	0.2710804000043432	0.00969294947400494	0.7192266505216519	reverted	0.0
TAGTGTTAGCGAGGAC-E15S	16091.0	0.13941099068148038	0.03498276721557125	-0.22705656945985966	0.03364725899135863	0.9185107700839461	reverted	reverted	-0.20039702446421706	0.17551266512541372	0.26174875059423314	0.5627385842803531	0.458536296625099	0.16151533385078368	0.12536206077296097	0.009164106652998532	0.8654738325740405	reverted	0.0
CTACTCACACTATCTG-E15S	18222.0	-0.16570511461644727	-0.2640967112434784	0.2711660798370329	0.05407808629135808	0.8144323034315871	reverted	reverted	0.36108516217248987	0.31750968233497134	0.5008403202087803	0.18164999745624835	-1.6145022198880916	0.9802381503703312	0.03375327134626537	0.10416185186032308	0.8620848767934115	partial	0.0
CTCGGTTCAACCCGTT-E15S	11572.0	-0.1881341920358433	-0.3206421026059652	1.3200753130487763	0.06869909363106605	0.3759737573297358	partial	partial	1.3918290740687203	0.4963965079054679	0.5035610765699571	4.241552457498253e-05	0.15106816550235672	0.1777477662310712	0.03951871802641289	0.010821026838727137	0.9496602551348599	partial	0.022727272727272728
GCACTAATCGCGCCTT-E15S	11880.0	-0.27136804457630115	-0.38635361970137494	-0.9596613757672056	0.06532624753976043	0.9783150871248628	reverted	reverted	-0.8155770367043648	0.233719123309785	0.23518467028324228	0.5310962064069726	0.5427891906343287	0.17723338877134048	0.17659018291935816	0.009354182074324535	0.8140556350063172	reverted	0.0
TGAGCGAAGGTGCTTA-E15S	11695.0	-0.3234442034447249	-0.12461210471554901	0.08302656511167228	0.06875879453882056	0.8623857571595476	reverted	reverted	0.16860104157695005	0.25660317325799137	0.4043332848571217	0.3390635418848869	0.8937100590019869	0.11590257425294025	0.7951201249905333	0.007814192196496183	0.19706568281297068	reverted	0.0
GCGATAAGTTGCCCAA-E15S	12890.0	0.11422806909399236	-0.14797528830290058	-1.6515846175700266	0.04391964411433067	0.9940543434439126	reverted	reverted	-1.506935794957444	0.6391438221792495	0.3157440342656183	0.045112143555132156	0.449898596150711	0.18503207887430795	0.116186051697766	0.009230150140246331	0.8745837981619877	persistent	0.0
TGAGCTGCAACCCTTA-E15S	6696.0	0.20953198900820907	-0.20301015457828459	-0.7267184766890379	0.04738471238981771	0.9666963912501094	reverted	reverted	-0.5826824174559412	0.17055513727122562	0.2024592151578835	0.6269856475708908	1.3795532149043803	0.08915272429193026	0.9983420703401745	0.001022865960907453	0.0006350636989179348	reverted	0.0
CTGTGAATCATCACAG-E15S	14350.0	-0.023033801966324596	-0.29572206122135897	-0.7840756956276441	0.03306030993876395	0.9700205366004879	reverted	reverted	-0.673889126306418	0.18129359603170092	0.20734544498307192	0.6113609589852271	0.23300721506057123	0.2027452344360219	0.05186539634375146	0.010350514108554395	0.9377840895476942	reverted	0.0
GTCTGCCTCATGTCGA-E15S	12631.0	0.0696157221525518	-0.11695438587336837	0.672398471002671	0.05743682904698549	0.6724919801858827	partial	partial	0.7825496086184835	0.39962889833267856	0.5823418614636341	0.01802924020368731	0.5899024389703327	0.14110189634252335	0.24373085338330744	0.009701580582878925	0.7465675660338136	partial	0.0
TACGTAGTCACATTGG-E15S	8612.0	-0.0009264321969849054	0.24116819082782703	-0.8150575216426741	0.048682327132382124	0.9716799915301217	reverted	reverted	-0.6594140517123769	0.18830556948982674	0.2108803177608247	0.6008141127493486	0.4967834497444233	0.19137316168111637	0.1398946433798394	0.009279268544336534	0.8508260880758239	reverted	0.0
GTAGTAAAGCTGGTCG-E15S	10905.0	-0.0825762252291079	0.005641822854280165	-0.5469872901168743	0.03830074229099785	0.9538214132677921	reverted	reverted	-0.48755978931420835	0.1533914988398622	0.20161973139434353	0.6449887697657942	0.45956025011615914	0.17710664888593844	0.1226135850215022	0.009204813710811721	0.8681816012676861	reverted	0.0
CCTGTTGTCTATGCAG-E15S	15684.0	0.0098664110832693	-0.24830961406026186	1.3536439503188615	0.0651609811823948	0.3611852296638284	partial	partial	1.4353326129734814	0.5030673212264863	0.496903804926299	2.8873847214667293e-05	0.22884899225499072	0.16719571657417073	0.050045696008933514	0.009787978676365711	0.9401663253147008	persistent	0.023255813953488372
GTCTACCCACAATGCG-E15S	13298.0	0.18353485146681175	0.18390292075926895	0.6314014774016343	0.04532587483401969	0.6893519136706401	partial	partial	0.7317439702233923	0.39403226156351945	0.5818105594695576	0.02415717896692298	0.6809427639468835	0.12387849549073332	0.3937876074903652	0.010117380429784554	0.5960950120798503	partial	0.0
TACCAATAGTAACCGC-E15S	14134.0	0.13064941660735535	-0.13797904699335795	-0.6545364245508487	0.03972139804771281	0.962005074594299	reverted	reverted	-0.5836642356175792	0.16084122998103415	0.1994378464076266	0.6397209236113391	0.0928486235713144	0.2663052129134704	0.03862801118872322	0.014064201321753247	0.9473077874895235	reverted	0.0
TCGTTCCGTTCCCAAG-E15S	15243.0	0.07316650072966285	0.21600321902665154	0.10012651450017208	0.041081146285484545	0.8584986016131921	reverted	reverted	0.1919384286388777	0.26222656821705287	0.413651306576508	0.324122125206439	0.38647648299431697	0.15598326492009656	0.09206100309680243	0.009067651211440758	0.8988713456917568	partial	0.0
GTTATCCTCGATTACG-E15S	11309.0	-0.31724414979906934	-0.3714458523197831	-0.0503925408599651	0.052715826993228285	0.8897147686852088	reverted	reverted	0.08071064131609303	0.2156318603896666	0.3345307995627695	0.4498373400475638	0.5061221130875933	0.15739548216387866	0.15697537002915052	0.009288461653915047	0.8337361683169344	reverted	0.0
TATCCGCCACAGGCTA-E15S	9063.0	-0.044556171060732064	-0.07459957667932171	-0.06338819712568855	0.04807448314984513	0.8921058038353787	reverted	reverted	0.015593346427985912	0.21205093224611277	0.3282619339751213	0.45968713377876597	0.5923692486105637	0.1534084007849051	0.23736287542991205	0.009618586833410658	0.7530185377366774	reverted	0.0
TAGGGTAGTGGGTTGG-E15S	13348.0	0.040194552689699625	-0.058843194122558895	-0.16504320525530608	0.0441751697239137	0.9092805612592259	reverted	reverted	-0.09998485943205349	0.18739152697112468	0.2840598428584387	0.5285486301704366	-1.1012049089470084	0.7106853630580298	0.028815237215780262	0.10025307984560397	0.8709316829386159	reverted	0.0
CATGGGTTCAATTGCG-E15S	13715.0	0.20144612891407948	-0.1894108794816609	0.6141597671991788	0.0491730223325023	0.696298336377814	partial	partial	0.7167641657347839	0.3915763753922083	0.5811994442318246	0.027224180375967244	0.6209547096794136	0.12670613170944256	0.29579870105690476	0.00995855839087513	0.6942427405522201	partial	0.0
TGAGCTATCGATACAT-E15S	14261.0	0.27567606159706043	-0.025738647769584233	-1.0286250045996808	0.035801818292239884	0.9809185667883165	reverted	reverted	-0.9171857102403318	0.26347792367840756	0.2506668238601554	0.48585525246143707	0.5135017540128137	0.1602781180463418	0.1613379701770738	0.009306808412114958	0.8293552214108113	reverted	0.0
ATGGATGGTGACGAAC-E15S	13603.0	-0.051096626834063186	-0.1190325155563941	-2.1318754658214853	0.05124522614545241	0.9975964319627202	reverted	reverted	-2.036702464569728	0.8004247467899994	0.19873418560412462	0.000841067605875933	0.5932669885981113	0.18165385461667247	0.21801959197742388	0.009456470752781502	0.7725239372697947	persistent	0.0
TCTACAAGTGAGCAAC-E15S	14499.0	-0.32359263501861935	-0.36878933307103	-2.098466559623009	0.0618896366702185	0.9974399020120979	reverted	reverted	-1.9540640570975478	0.7915915879779876	0.20723942572280293	0.00116898629920954	-1.0163245343024068	0.6273474076647019	0.02641683909264499	0.10520389300396123	0.8683792679033937	persistent	0.0
CAGGCCATCGTACTTC-E15S	9920.0	-0.04762954562118549	0.02483292084766131	-0.9337131986844495	0.041048088873496466	0.9772480841640805	reverted	reverted	-0.8100031370493296	0.22392499594029405	0.22994025043186533	0.5461347536278407	0.6686292155257254	0.14503094148081086	0.3463235559959936	0.009893037472672648	0.6437834065313337	reverted	0.0
ACTGGTCAGCCATTGA-E15S	14856.0	0.07784076988853866	-0.202044002112786	-0.03054531870329439	0.036690298161689054	0.885973594302713	reverted	reverted	0.05047709730111272	0.22126809908998812	0.34433747840777457	0.4343944225022373	0.3084703778724828	0.19309636473853747	0.06660644220870489	0.009636788279233562	0.9237567695120616	reverted	0.0
GTCCCATCAAACCGTG-E15S	10236.0	-0.10979736724740019	0.35513311460594654	-0.21870147552455446	0.06010929260590591	0.9173189885049206	reverted	reverted	-0.11671531234090568	0.17696832666050907	0.26454114744275664	0.5584905258967344	0.6934034416215124	0.14699033936972317	0.38299640622528414	0.009880639226997405	0.6071229545477185	reverted	0.0
CAAGCTCAGTAACCTG-E15S	12684.0	-0.06682909026010642	0.19820870513542455	0.4137014478947777	0.053816614124493116	0.7701627549374577	reverted	reverted	0.4990056075744211	0.3553313940308602	0.5519119970601414	0.09275660890899844	0.1321564732622827	0.22709069345233193	0.039976114200334464	0.012225096552138501	0.947798789247527	partial	0.0
GGACAATAGTCAGCTA-E15S	9292.0	-0.31903178432402296	-0.3251798762957262	-3.2571011282327347	0.09725295600383765	0.9997138241142702	reverted	reverted	-3.1496635039980063	0.9741158582261242	0.025884141606116372	1.6775949675228917e-10	0.6032368807728204	0.20598129773017046	0.21068484402226678	0.009390463469635343	0.7799246925080979	persistent	0.0
ACTATGGTCCCTCGAC-E15S	9290.0	-0.2918613107382146	-0.3295496412269765	0.17551518847463032	0.06602360140401918	0.8402585715116838	reverted	reverted	0.30763090476306054	0.2871881696879266	0.4541479159995758	0.25866391431249747	0.6619047901979744	0.1500113922820201	0.33015207743381886	0.009836098348216025	0.6600118242179651	partial	0.0
TAGCTTGAGTAACCCA-E15S	13332.0	-0.23654693847401956	-0.3311747810636865	2.3582924545678514	0.08637408700148841	0.07783191460166733	persistent	persistent	2.4672552924662696	0.7631083259615038	0.23689167402794675	1.0549381945290149e-11	0.6509901463288159	0.10707020920430065	0.36257339190696514	0.010258929169733979	0.6271676789233008	persistent	1.0
TCCTTTGGTTTACTTC-E15S	13345.0	0.1751203500202571	-0.28010693566664213	-1.2976560020791268	0.03670298596656793	0.9884458621136962	reverted	reverted	-1.2085943472724368	0.42526798127811477	0.3150359989168683	0.25969601980501694	0.22805146359524062	0.21618595856905798	0.05155518564657793	0.010656928691695587	0.9377878856617264	persistent	0.0
GCACCATAGTTAACGT-E15S	11400.0	-0.2128835132144107	0.10620040039191381	-1.913922932405594	0.06404416235356632	0.9963732218791508	reverted	reverted	-1.7930018265834828	0.7382634856095888	0.2554536445569363	0.006282869833474928	0.5975968013996351	0.17935624428209251	0.2238475762599752	0.00947665351226104	0.7666757702277637	persistent	0.0
CTAGTTGAGTCGAATT-E15S	8082.0	-0.35358495846576504	-0.29251749870950755	0.3389448694370257	0.0754774338056474	0.794253197718786	reverted	reverted	0.5334124182582445	0.33681720917018887	0.5283314705001636	0.1348513203296475	1.1640778199450885	0.10078576373326147	0.9851259251951389	0.0027679039572972588	0.01210617084756398	transitioning_out	0.0
GTGGTGAAGCGAGTCT-E15S	12659.0	0.09310238596162818	0.11472130173328676	-0.7027424163148267	0.047085671941655825	0.9652037093875855	reverted	reverted	-0.5952250012755808	0.1668785603149226	0.20106507954288458	0.6320563601421929	0.6864568666601033	0.14416576198577852	0.3756227439107865	0.009910551935374939	0.6144667041538385	reverted	0.0
ATGCTCCCAGCACCAA-E15S	12004.0	-0.007106063669331586	0.38631844034004204	-0.6250708380529075	0.044483256854508116	0.9599127583143843	reverted	reverted	-0.5635457425036986	0.15799966844096722	0.19922706571478174	0.6427732658442511	0.9342805304164733	0.11692911436482337	0.8472451178980565	0.00697817669069554	0.14577670541124801	reverted	0.0
CACCGCTTCTGTAAGT-E15S	12378.0	-0.3645952428351675	-0.42434421915212006	-0.997465450351916	0.05599641038526498	0.9797825366731301	reverted	reverted	-0.8888741847524121	0.2493548777531401	0.24341892447570818	0.5072261977711519	0.6316905605080562	0.1647662294931971	0.273646443263437	0.009648796127614061	0.7167047606089488	reverted	0.0
ATTGGCCAGAAGGTGT-E15S	9986.0	-0.07488666921789128	0.14508428857064837	-1.2388339196161462	0.04865322433455241	0.9871023817020238	reverted	reverted	-1.160652962583175	0.3854049691372897	0.30284701281972587	0.3117480180429844	0.6664351899486515	0.1698512400033843	0.31304689285026893	0.00966319649107079	0.6772899106586603	reverted	0.0
TGTGCCAGTTAAGTCC-E15S	9155.0	0.040921546253391616	0.10598593446894056	0.0955263911049932	0.04788659828031259	0.8595532283385211	reverted	reverted	0.18691505333836697	0.2607097457191596	0.4111444151909567	0.32814583908988365	0.07945302423494573	0.26586742573180144	0.03750050924349144	0.014354242679554518	0.948145248076954	partial	0.0
TAAGCGCTCCGGAACT-E15S	6788.0	-0.28894640825698487	0.22071804932137784	-1.7747040357426775	0.05921910330852075	0.9952846925048616	reverted	reverted	-1.598545941618452	0.690565341355123	0.2903589206087411	0.019075738036135957	0.4554847779368582	0.20625077462011587	0.11503382678622091	0.009345090199650997	0.8756210830141281	persistent	0.0
TGGGTGAAGCAGGCAA-E15S	16053.0	-0.2348347668807355	-0.41638986662168676	0.072262198542882	0.05134111369178688	0.8647864056162146	reverted	reverted	0.19602235967758977	0.2530882813202049	0.398476104406571	0.34843561427322406	-1.6319242104406888	1.0016117494936736	0.034429886625499145	0.10214901148674937	0.8634211018877513	partial	0.0
TAAGCACCAACATCAA-E15S	12881.0	0.24280355438598494	-0.06470102707692205	-0.5936880036757801	0.0353683971902871	0.9575630371467689	reverted	reverted	-0.4619507331087189	0.1556488093479414	0.19966768940160434	0.6446835012504543	0.5088135372232244	0.16420826906602248	0.15648398258354765	0.009286848223427987	0.8342291691930244	reverted	0.0
GTACCCAGTTTAGCGT-E15S	10841.0	-0.3621089223398082	-0.4053185354596069	1.1232881071490894	0.05723787213292527	0.46651893211388723	partial	partial	1.1988952339911518	0.4611722809914845	0.5384763144363697	0.0003514045721458278	0.574592437351847	0.13482021305570835	0.23066742704476997	0.00968129913691344	0.7596512738183167	partial	0.0
ACCCGATAGGCGTCCA-E15S	8130.0	-0.2163237907954126	-0.3136640683968163	-0.8850410726727409	0.04962518525044743	0.9751066817061628	reverted	reverted	-0.7324541087984929	0.20754898199984606	0.2211013049161062	0.5713497130840477	0.9380076083574653	0.1316470159358599	0.8298900519484461	0.007050500402224241	0.16305944764932961	reverted	0.0
CCAAGGGGTTCTGGCA-E15S	11059.0	0.29463649393860875	0.0754561249071124	-0.4116208634720247	0.03774278586137472	0.9411267518147876	reverted	reverted	-0.282855333219338	0.15482430394329677	0.21652974021990093	0.6286459558368022	0.14146091267413843	0.2362130475391889	0.041434053310403035	0.012294104719907238	0.9462718419696897	reverted	0.0
CTACACCCACCTATAT-E15S	9809.0	0.00344435628846812	-0.011250171162791145	-0.3838319937444102	0.042489325092263684	0.9381433109157485	reverted	reverted	-0.26668272059522463	0.15655132012058326	0.22140528182073518	0.6220433980586816	0.4994538465964985	0.18032622217412397	0.14483180231168138	0.009264320539204377	0.8459038771491142	reverted	0.0
TAGGCTGCAACCTCGT-E15S	12859.0	-0.3803264287063794	-0.48264419496044997	-1.2291387319739817	0.06486680590431523	0.9868666047237455	reverted	reverted	-1.065940220185539	0.37897007863606297	0.3006299720300933	0.3203999493338438	0.33530022583778196	0.2085852058880345	0.07311268795557396	0.009709300740344732	0.9171780113040813	persistent	0.0
ACAGAATGTTCATCCC-E15S	11381.0	0.2838466028800261	0.1104176037206458	-0.268435101352327	0.03973857623147748	0.9241851760346055	reverted	reverted	-0.13478646490692645	0.16897113100903963	0.24889797518193757	0.5821308938090228	0.651676261330361	0.1453449974683866	0.3206266970752341	0.009863971877411315	0.6695093310473547	reverted	0.0
CGGCCTAAGCGCATTA-E15S	12384.0	0.26438669993522784	0.07982818637712341	0.0004399425201651236	0.0388214261730601	0.8799120202359307	reverted	reverted	0.08094170765027502	0.23043975092111388	0.3601493381217284	0.4094109109571577	0.28548683268007163	0.2017023100308959	0.061539211334085825	0.00990266834397547	0.9285581203219386	reverted	0.0
GCGACTTAGGTATGAA-E15S	13064.0	0.43717751199730975	0.061487961117216106	1.482917704526465	0.070678568721437	0.30683488174710105	partial	persistent	1.6255900396654548	0.5305200487600253	0.46947380133095057	6.1499090240542075e-06	-0.2625627490079394	0.2723083515789046	0.022648668408043037	0.030994021958669123	0.9463573096332878	persistent	0.44047619047619047
TACCTCACACTCGCTG-E15S	8376.0	-0.2544021640012145	-0.4118419602289853	-1.6301139662527402	0.06376865836685507	0.9938092171648708	reverted	reverted	-1.4939992515192049	0.6289866303891744	0.31924299024090513	0.05177037936992048	0.5634627894481717	0.1838038405057775	0.19002479460741842	0.009385186754957106	0.8005900186376246	persistent	0.0
ACCCCGTTCCGTGGAT-E15S	15058.0	0.04134961758959621	0.025095537965180714	0.10706455352625027	0.03985903502957	0.8568954813239279	reverted	reverted	0.15376703737967878	0.26451883460106485	0.41743050543531146	0.3180506599636237	-1.4266702237221704	0.8971839652079576	0.032579255281560436	0.10200263451939823	0.8654181101990415	partial	0.0
CATAGGCTCGATTGCA-E15S	10145.0	-0.014954512383162644	0.16512608302710152	-0.12759366768758232	0.04152122246381109	0.9032600786685282	reverted	reverted	-0.047672651305016696	0.19575123877261508	0.2992846486627555	0.5049641125646295	0.5738861201267983	0.15209666413822442	0.2185432269881098	0.00955844924398112	0.771898323767909	reverted	0.0
GCACCAACAACTATCT-E15S	8905.0	-0.06962460217088673	0.4753558985139692	-1.7829809242258416	0.0667246465813619	0.9953576623878571	reverted	reverted	-1.646872513761648	0.6936626578464657	0.28840951121588937	0.017927830937644936	1.0646004900732524	0.12561195084222326	0.9446871390645705	0.00450771534426496	0.05080514559116454	persistent_exiting	0.0
AGAGACCGTGGAGCCA-E15S	13054.0	0.14240996564523672	-0.14079864081836646	-0.8262141381320701	0.04196028192348232	0.9722554492573723	reverted	reverted	-0.752248235693587	0.19105016989726603	0.2123043445227265	0.5966454855800075	0.48210023419526365	0.18165698970368116	0.13398616759131293	0.009241880857412173	0.856771951551275	reverted	0.0
TACCTCACAACATCCC-E15S	9147.0	-0.10976852262481057	0.033477795247919384	1.863651075166149	0.09807289322346757	0.1771547325509941	persistent	persistent	1.9434473179311877	0.6254923461779206	0.37450761873648253	3.5085596769581457e-08	0.7081558101281084	0.12482401304695107	0.4411465744452528	0.010077067305749266	0.5487763582489981	persistent	1.0
TCCTCTTCAGCTAGGC-E15S	10050.0	0.0881766158387653	0.0357704242900615	0.18223869876105184	0.051635307282121616	0.8385426745183879	reverted	reverted	0.28038934857936265	0.28939592168055217	0.45765289358346006	0.2529511847359879	0.7474496097729627	0.1299919423572943	0.5065459335172556	0.009866216612856414	0.483587849869888	reverted	0.0
TATACCTCAGCTACTC-E15S	13019.0	-0.31115868936742697	-0.3913435229853155	0.7873130247222252	0.06283895676201291	0.6229120585598583	partial	partial	0.8645498322552929	0.41430187734903107	0.5782258142631576	0.007472308387811437	0.2840572216377748	0.16547376998996202	0.060871353639046215	0.009402698451550177	0.9297259479094037	partial	0.0
GTGGATTCATGGTTGG-E15S	10464.0	0.10111594316921552	0.15649370955341413	-1.1003902983286662	0.05474095951542485	0.9833021466746454	reverted	reverted	-0.9975391291669975	0.300211399609422	0.26848222751403766	0.4313063728765404	0.4980370218779057	0.19688806539332512	0.13904379544973777	0.00929435609750594	0.8516618484527564	reverted	0.0
CCTACCATCATAGAGA-E15S	13982.0	-0.23469691949282934	-0.32004644038146146	2.8823647478556222	0.11007619509844177	0.03034453240060217	persistent	persistent	2.9745582677549702	0.8859315162112683	0.11406848378873137	3.3488134654619724e-16	-0.19517613015484322	0.2171394939603358	0.021705315956788488	0.024454203377039928	0.9538404806661716	persistent	1.0
CGTACTAAGCATTAGT-E15S	12544.0	-0.03581859628708878	-0.23481248064880023	0.380241920264484	0.0603901116620993	0.781183125327564	reverted	reverted	0.49931485346399	0.34742120976551033	0.5422672003468031	0.11031158988768673	-0.017434410520888	0.24385791477586152	0.029708261472648673	0.016389078976830066	0.9539026595505213	partial	0.0
GGAAGATTCTGGCTAA-E15S	10641.0	0.09626174882351785	-0.1671158500131943	0.2557353952799581	0.06842098563782316	0.8188067839904685	reverted	reverted	0.34645358599135445	0.31282109270056263	0.49385482949086273	0.19332407780857472	0.3599415910766447	0.17918329923143006	0.08111446462204376	0.009277734719689847	0.9096078006582664	partial	0.0
GCATAGCTCGTTGCCC-E15S	11910.0	-0.3817745547599748	-0.44582198572216614	-1.630621671104011	0.054119307049738	0.9938151278697783	reverted	reverted	-1.5372930729428889	0.6292313609109946	0.31916423533745936	0.05160440375154586	0.40959917961889347	0.21982984362716715	0.09495371622331415	0.00955060381112976	0.8954956799655561	persistent	0.0
CTTAGTAGTTGTGCTG-E15S	7822.0	0.05209522673928302	0.07510163656998914	-0.6218547076246458	0.042629495877386236	0.9596778093325837	reverted	reverted	-0.5134263496661149	0.15772711734415318	0.19924049257442913	0.6430323900814175	0.6460694531353967	0.16800882931193625	0.2883675906301409	0.009651544687043727	0.7019808646828154	reverted	0.0
CCTATTCAGGTACGAG-E15S	11492.0	0.05990895333941931	0.1097730629979593	-1.2453708401476373	0.048462366045942847	0.9872589900115273	reverted	reverted	-1.136639821699607	0.38977081560621823	0.30431306907881384	0.30591611531496793	0.4104872183410574	0.20891882069117979	0.09629318769232396	0.009439757263315241	0.8942670550443608	persistent	0.0
CCCTTACGTTATATCG-E15S	7554.0	-0.27986135794959516	-0.27405291323561115	-0.02336644862702364	0.07658616360032931	0.8845933841189839	reverted	reverted	0.057565745973512356	0.22335421369093272	0.34794941322138084	0.42869637308768643	0.9221523587731936	0.12170009346999229	0.8252159579897975	0.007277565174950511	0.16750647683525202	reverted	0.0
TATGAGGGTGGGTATA-E15S	12161.0	0.16243164007964744	0.1646120162761745	-0.5358392366943606	0.04565480713077799	0.9528828671245293	reverted	reverted	-0.4292595730116259	0.1530662778872986	0.2023195364208764	0.644614185691825	0.5915742172174491	0.1556201005210893	0.23485304568688992	0.009600308107235903	0.7555466462058741	reverted	0.0
CAAGCGAAGGCAATCC-E15S	10880.0	-0.2704357255846146	-0.42945472160374176	-0.8491813354404372	0.04524776306120853	0.9734045473914569	reverted	reverted	-0.725471892364707	0.19707912107661954	0.21548389247841157	0.5874369864449689	0.22532146361961916	0.23561505570104713	0.05189797068391487	0.011088713600498741	0.9370133157155864	reverted	0.0
CGACTAATCACCTCAT-E15S	16334.0	-0.36947108924036937	-0.4675474814102676	-1.2332756899328305	0.08039197779923675	0.9869677270379082	reverted	reverted	-1.123697080732504	0.3817097094057975	0.30158199330090446	0.31670829729329797	-2.4920564813424217	0.9236486643040965	0.02306367003418849	0.24348432642737616	0.7334520035384354	persistent	0.0
TGACCAGCACTTAGCC-E15S	7505.0	0.16737617446018332	-0.13087852689388696	-2.408674105431219	0.07617096094691064	0.9985753684389164	reverted	reverted	-2.255175247010704	0.8654855304020502	0.13447324161323718	4.122798471257382e-05	0.5249511069406324	0.2206566973606065	0.1473749494562363	0.009374984779221732	0.8432500657645419	persistent	0.0
CGCTACTCATTCGGAG-E15S	8494.0	-0.17483415401788166	-0.13445333498259587	-1.0787288265210124	0.05554036710577583	0.9826153108750155	reverted	reverted	-0.9349932670299385	0.28851857309028006	0.26298641511838866	0.4484950117913313	0.4911229115163303	0.18084428608680927	0.13953397813119647	0.009252235623353137	0.8512137862454504	reverted	0.0
CTAAGCCAGGTACTTG-E15S	10820.0	0.11660044052801738	-0.06349972560293504	-0.9615834474538708	0.040295835971637994	0.9783921483306223	reverted	reverted	-0.8402922690881132	0.23447474792335166	0.23558690346136427	0.529938348615284	0.9606982265459946	0.11495225139045494	0.8786872689339871	0.006398564122856788	0.114914166943156	reverted	0.0
GCTTTGAAGAAGCTAA-E15S	7419.0	-0.11657967451332191	-0.32238424824206885	-1.6518029304994262	0.051746740212862026	0.9940567856719639	reverted	reverted	-1.4825561388825403	0.6392451020862462	0.31570673855480796	0.04504815935894582	0.7356794816588067	0.1688946654824082	0.4183919346844369	0.009609768409801194	0.571998296905762	persistent	0.0
ACACGATCAAGCTACG-E15S	12171.0	-0.3322762148432551	-0.4083702910700496	1.3052796175939236	0.08238596945988985	0.38256798818905813	partial	partial	1.4311760704258134	0.49351741149092604	0.5064324493004486	5.0139208625330745e-05	-0.5395727937255712	0.32359075054463843	0.021014509825387915	0.06927151766603692	0.9097139725085751	partial	0.013513513513513514
ACAGTCGCAGCATGTG-E15S	11203.0	-0.22425931231030166	0.24943978589598415	0.4127217833153531	0.04802993893366618	0.7704908865987673	reverted	reverted	0.5238480419001688	0.355108438086163	0.5516506137415179	0.09324094817231911	-0.29257542453451596	0.3362354117509677	0.025036052493442644	0.03459675223136477	0.9403671952751925	partial	0.0
TCATAACAGCGCATGT-E15S	13220.0	0.0022293071737357617	-0.015558396332791102	1.6141509532193388	0.0661652162542403	0.2566596804064508	persistent	persistent	1.717862537398253	0.5610968419701008	0.43890200838366383	1.149646235297805e-06	0.40545985994737016	0.13923352061670088	0.10187531929390105	0.009007109258156244	0.8891175714479428	persistent	0.9895833333333334
CATGGGTTCTGTGGCG-E15S	7714.0	-0.14857731934178875	-0.21460506560771375	-1.9586764126098037	0.05794433674842908	0.9966668619808208	reverted	reverted	-1.769164369416619	0.7520124326410446	0.24371800071662048	0.004269566642334892	1.0575668998891217	0.1301591727640225	0.9373967111020036	0.0046922798987691855	0.05791100899922707	persistent_exiting	0.0
CCAGATTGTTTCGTCC-E15S	7586.0	-0.23983109844236927	-0.4269980919589105	-0.6188836669963773	0.06361499785049979	0.9594595932106919	reverted	reverted	-0.443052841814948	0.15748181725230448	0.19925930556508983	0.6432588771826057	0.843063099962397	0.14047553064966328	0.666355242115972	0.008817547841366952	0.3248272100426611	reverted	0.0
CGCCATTCAATCGACG-E15S	10533.0	0.14077326444302946	-0.12185358296190246	-0.6130951000515694	0.03433371930684749	0.9590311836141449	reverted	reverted	-0.5123701116403976	0.15702168528894184	0.19931367594152832	0.6436646387695298	0.24266477716686452	0.24986308468773397	0.0550906188867433	0.011198656370427985	0.9337107247428287	reverted	0.0
GCCAATTGTAAGTACG-E15S	9170.0	-0.2596448512553342	-0.3467886061768232	0.15531043119537488	0.06898483799693236	0.8453261612290113	reverted	reverted	0.24363913401043266	0.2805180566405782	0.4434768761120016	0.27600506724742024	0.5306018873168528	0.15892865467285605	0.17517505616660667	0.009366219725091472	0.8154587241083018	partial	0.0
GGACGTAAGGGGCTAA-E15S	8164.0	-0.24696283054683613	-0.15413283423429985	-1.744035379918066	0.08926272601684034	0.9950042241711148	reverted	reverted	-1.5586623575294394	0.6787334094315598	0.2973668359705675	0.023899754597872757	1.096314478574814	0.1263532468662108	0.9583649528556721	0.003988815776687953	0.03764623136763983	persistent_exiting	0.0
CGTGAGAAGCGATGTC-E15S	13166.0	-0.13467196944610005	0.29104179363767146	0.7759097375844655	0.055653389060918386	0.6279693415891547	partial	partial	0.8933402526870331	0.4128731978328524	0.5789401968887027	0.008186605278444998	-0.8202894106363544	0.5083596033173963	0.024190565349261343	0.09664514776635516	0.8791642868843834	partial	0.0
GGTATGGAGGGTTGCT-E15S	8396.0	-0.04586650558355215	0.025957638837624142	0.09366961966790045	0.04602428314775237	0.8599770464129888	reverted	reverted	0.22249041591352087	0.26009827575099487	0.41013245426551853	0.32976926998348643	0.512960663622796	0.17730338652035268	0.15470037629561628	0.00928782752645082	0.836011796177933	partial	0.0
TATCCTTGTCATTACA-E15S	9972.0	-0.1108469334141361	0.13891036576961624	-2.342853180419901	0.06470894490822242	0.9983866170188612	reverted	reverted	-2.2171340403555733	0.8513306456669408	0.14858088801911504	8.84663139441665e-05	0.4657354244125249	0.22083761126088156	0.11705191662585346	0.00943253807998949	0.873515545294157	persistent	0.0
CTGCTGCTCACCTATC-E15S	7803.0	0.04639840584885746	-0.14328032316614153	-1.881916258686953	0.052328858154939685	0.9961475409642557	reverted	reverted	-1.7676157160417991	0.7280240306711278	0.26376478808960585	0.008211181239266332	0.4938344121963652	0.20795612198579416	0.1336784297165244	0.009332955505845314	0.8569886147776303	persistent	0.0
AGTGGTTCATTAGTTC-E15S	9920.0	-0.15707757718276288	-0.17488446662783852	1.7752330901343738	0.07526860428962842	0.20288559892030741	persistent	persistent	1.8732829761799454	0.6018755980484471	0.39812427550061896	1.2645093393700806e-07	0.13872513977881162	0.19398001478366184	0.03892557645448418	0.011340763974429596	0.9497336595710862	persistent	1.0
GCTTCATTCAGGACTC-E15S	6842.0	0.05027612514489466	-0.18508041425617255	-0.9892348355576002	0.06021663087169789	0.979471562587278	reverted	reverted	-0.8536748532002153	0.2458112215787333	0.24157043064786016	0.5126183477734065	1.0493051762405432	0.12252229013905977	0.9389029830422118	0.004738796833353028	0.056358220124435254	reverted	0.0
TCTGACAAGCGGATGA-E15S	9389.0	-0.27647894369619064	-0.21837038084441535	-1.1812532047100808	0.043767991353441484	0.9856382651896632	reverted	reverted	-1.0277752856693165	0.34805385261485944	0.28907914583745487	0.36286700154768564	0.9860865300628209	0.12038187411561656	0.896188024233731	0.0059348346214402724	0.09787714114482875	reverted	0.0
TACAGCGCATTACCGC-E15S	10510.0	-0.08770208349373176	0.28979227017430675	-0.8946553210970317	0.04240441978114084	0.9755446921216336	reverted	reverted	-0.8107869167207855	0.21058226686078443	0.22273910806048544	0.5666786250787301	0.5210206798161184	0.17440833909230874	0.1614238623654643	0.009307089484938623	0.829269048149597	reverted	0.0
CCAGCAACATCCTATG-E15S	7098.0	-0.08270414105726998	0.2738133052895405	-1.1884255320234502	0.04828127804022411	0.9858292105100054	reverted	reverted	-1.0288698623315053	0.3525801740200021	0.2908605782764109	0.356559247703587	0.6364261850134695	0.17099653037092588	0.27341821460456023	0.00961121571626956	0.7169705696791702	reverted	0.0
GTACACGCAGGTATCG-E15S	10284.0	-0.21637831673244234	0.0354114321548169	1.3512306972502028	0.05916366929932217	0.36224002462442667	partial	partial	1.4646146572377456	0.502581356044185	0.49738895376171643	2.9690194098658348e-05	0.06915824049564387	0.20580782317634153	0.03318412501682129	0.012923804232817955	0.9538920707503608	persistent	0.0
TCACATAGTCATCAAC-E15S	12304.0	0.06578529526491944	0.04453930842293885	0.4130028790924178	0.046983607935062566	0.7703967692338611	reverted	reverted	0.490386155768761	0.3551724639326114	0.5517257418129643	0.0931017942544242	0.3343831360292535	0.16769372622821985	0.07376333367136927	0.009232130950543297	0.9170045353780875	partial	0.0
ACCGACTAGCATGCAC-E15S	6183.0	-0.17870949421941634	-0.32378348665336615	-0.8515137722013925	0.04740001666580294	0.9735186218773075	reverted	reverted	-0.6952441269520349	0.1977204588238794	0.21582527271298596	0.5864542684631346	0.6352232782252366	0.18399630556911903	0.2597625865969623	0.00952150574505915	0.7307159076579786	reverted	0.0
CAATCCGGTTGCAGGG-E15S	13015.0	-0.014390809510529012	-0.18036157454428947	-0.7707940219599593	0.03690678062163448	0.9692806194084614	reverted	reverted	-0.6714449410573279	0.17855409462010832	0.20602109798927992	0.6154248073906117	-0.40238366425801264	0.43012755728206925	0.02736790405191009	0.04482065932176989	0.9278114366263199	reverted	0.0
ACACTCCCAAGCGGAG-E15S	9612.0	-0.27903349243140574	-0.4273484864601739	1.5407903989926774	0.08680411818896695	0.28403775076078996	persistent	persistent	1.6519721713776214	0.543683539161291	0.4563134858072375	2.9750314716014864e-06	0.13129214821912724	0.20398411587758206	0.03865459357513145	0.01168452236513147	0.949660884059737	persistent	0.7142857142857143
CGAACTATCGCGACAT-E15S	8207.0	-0.07424080887921014	-0.1773643021499014	-0.9678418147759824	0.05398578361774977	0.9786412125835056	reverted	reverted	-0.8720298383652612	0.23696414848236105	0.23690926228629966	0.5261265892313393	0.9575815169460783	0.13298844798755027	0.8511550171978536	0.006668305577418975	0.14217667722472746	reverted	0.0
TCCCGTTGTTTGCGGC-E15S	7244.0	-0.10222895505199509	-0.32192031074580435	-1.777406603355811	0.049425323997731266	0.9953086432659676	reverted	reverted	-1.620987643146896	0.6915809792387236	0.2897249013741513	0.01869411938712513	0.9975020220354749	0.13189349758552388	0.8927778322278825	0.005850950441582936	0.10137121733053465	persistent_exiting	0.0
TGATTCCTCCATAGGC-E15S	10576.0	0.015877822372436456	-0.11496228784514756	-0.43044646034665424	0.04687534902586666	0.9430706808310156	reverted	reverted	-0.29855982865071806	0.15393055959465798	0.21359166565576546	0.6324777747495767	0.32603380437525914	0.20071024339063845	0.0708606678950497	0.009649315804352793	0.9194900163005976	reverted	0.0
ACCACCTCATAGAGTC-E15S	10784.0	-0.3649924937889817	-0.37255501390301937	-0.19891806155419456	0.05516106978060559	0.9144336093578137	reverted	reverted	-0.06320503150568414	0.1805954090435073	0.2714187477142656	0.5479858432422271	0.07686205630634037	0.25044479962541005	0.03635775436360361	0.013964686446672883	0.9496775591897235	reverted	0.0
ACCATCAAGCATGAGG-E15S	8269.0	-0.17898354270191674	-0.34841500373227474	-0.07230395596145293	0.06390208532557719	0.8937197282123575	reverted	reverted	0.06259491696579124	0.2096466388900354	0.3240351657262676	0.46631819538369695	0.3386728560274679	0.19957977950330863	0.07417878051725763	0.0095754337812506	0.9162457857014918	reverted	0.0
CCACGCAAGAACGATA-E15S	7690.0	-0.003952653132543171	-0.00146348185044487	-1.8034095094989067	0.061051003232118733	0.995532987925413	reverted	reverted	-1.6420522001846078	0.7011451078207793	0.2835068883818998	0.015348003797320995	0.4138357494364631	0.23139865431053472	0.0953748568988519	0.009663309468516927	0.894961833632631	persistent	0.0
AGAGAATCAGGCTATG-E15S	7905.0	-0.15421806545816363	-0.21893460716820262	-0.5446913384142332	0.0619750835928659	0.9536295849223925	reverted	reverted	-0.4008516777066922	0.15331787226770552	0.20175639988335944	0.6449257278489351	0.7523388485594763	0.151433901740849	0.47750766901270425	0.00967744806924865	0.5128148829180471	reverted	0.0
CCAGAGAAGGGTTAGG-E15S	10398.0	-0.1841128056834052	-0.10946995393244391	1.5842701921912472	0.0679593156148961	0.2675998706196074	persistent	persistent	1.6345397901711833	0.5539092410236874	0.4460890586430226	1.700333289836989e-06	0.4080716034249943	0.15286776901482493	0.10144562264873265	0.009062266150946798	0.8894921112003206	persistent	0.8607594936708861
ATGCACGCAGCTCTCG-E15S	10016.0	-0.10928426678582803	-0.05635593949344686	-0.2935252692316539	0.040616422105954036	0.9274469864997933	reverted	reverted	-0.24192603066012783	0.16554466186734454	0.24189104368203346	0.5925642944506221	0.8827399967242401	0.11724712647760503	0.7765304797110965	0.008042770129848692	0.21542675015905488	reverted	0.0
GTCTGGACAAATCTAG-E15S	7584.0	-0.262630619385551	0.04339073142470884	-1.1494974739269936	0.048611709672964444	0.9847619391679704	reverted	reverted	-1.0311971386856296	0.3285299722616601	0.2810554060583157	0.39041462168002417	0.3496220273836447	0.22355807518387674	0.07653374553010309	0.009843724062470275	0.9136225304074267	reverted	0.0
GCGCATTAGAAGCGGC-E15S	6868.0	0.029975801225229692	-0.16065836890501906	-1.8987495450472436	0.05770371229911001	0.9962679244496071	reverted	reverted	-1.7542610014196465	0.7334548362105013	0.2594058059198733	0.0071393578696254765	0.41607063737011296	0.21886488806367618	0.09734033802101683	0.009521928878789956	0.8931377331001932	persistent	0.0
AGACGTTCAGGGACTC-E15S	7396.0	-0.3676590069181466	-0.40299468616093304	0.022248804018960063	0.05450399571058599	0.8754804180372084	reverted	reverted	0.11197875310358912	0.23713674979993205	0.3715871036184203	0.3912761465816477	0.32441246306652805	0.21280797143766167	0.07033726656971895	0.009827196028962502	0.9198355374013184	reverted	0.0
CGCTTCATCATCTAGG-E15S	8598.0	-0.3584720253207857	-0.3315303587595728	-0.26226376388013695	0.058644957175722524	0.92336249666126	reverted	reverted	-0.17697534189595215	0.16987630764919323	0.25071175729449363	0.579411935056313	0.5375886421263918	0.15651795687590128	0.18208289290638946	0.009398989898056759	0.8085181171955537	reverted	0.0
GGCATTCAGTAGTTAC-E15S	6926.0	-0.2545972391128065	-0.10197901821729866	0.16465290861576826	0.05866739807455217	0.8429994740406692	reverted	reverted	0.3052761659540923	0.28360786998332105	0.4484349027581494	0.2679572272585295	0.569869110563297	0.1618966632718191	0.20838208154819882	0.009487933350447958	0.7821299851013531	partial	0.0
CTCCAGCTCCCATTAC-E15S	11628.0	-0.2707937786020953	-0.059603920690219026	0.8312550213091457	0.059353295644002546	0.6031812356428542	partial	partial	0.9713373628003553	0.4198250805707753	0.5749597575882515	0.005215161840973247	0.30480189165594185	0.17876071843904562	0.06575816798273434	0.009467536079143557	0.9247742959381221	partial	0.0
AGGCAATAGGCGCTTG-E15S	9716.0	-0.08962742112311528	0.19945792970346776	0.8521246949255544	0.06723838736759068	0.5936870323441487	partial	partial	0.9385783202620865	0.42247439129220266	0.5731482317480515	0.004377376959745747	0.5907548605939208	0.14437721068272616	0.24227376507552315	0.009679489573476852	0.7480467453509999	partial	0.0
GTAACCCAGCTAGCAC-E15S	10078.0	-0.12377230845421322	0.007673303816652655	-2.409144481256039	0.056612529135666424	0.9985766346936706	reverted	reverted	-2.287837184441116	0.8655836445266561	0.13437535609085652	4.099938248726922e-05	-0.37502677385998096	0.4522118487910216	0.029194510280053525	0.042407472170187775	0.9283980175497587	persistent	0.0
ACAGCTATCACGCTAA-E15S	7265.0	0.09504381500286979	-0.04419758686896802	2.5916036906216724	0.11847668329604848	0.05147218308484824	persistent	persistent	2.7700111202647504	0.8232016318086331	0.17679836819123546	1.3144256551893606e-13	0.6709748619642047	0.13101307308575777	0.3676872444257459	0.010038161482360409	0.6222745940918937	persistent	1.0
GCCACAACAAAGGGTA-E15S	11313.0	-0.023317228740492857	-0.029548023322574335	1.085580969615961	0.06390783879349785	0.48432023365611077	partial	partial	1.1265716837474453	0.45516736605067687	0.5443198471272048	0.0005127868221182875	0.20216659317294802	0.19297036420645047	0.04677255007449663	0.010485157565225488	0.9427422923602781	partial	0.0
ATCCTAAGTTCTGGTG-E15S	5793.0	-0.1369028187900112	-0.13845361464390338	-2.4297122769402675	0.06114587507510068	0.9986309180617156	reverted	reverted	-2.30133716468467	0.8698311812840088	0.13013671459401227	3.210412197895057e-05	0.9680628565670983	0.15179598814121426	0.8331676960767458	0.006684685169996943	0.16014761875325714	persistent_exiting	0.0
TCACTCACAACTTCGC-E15S	10532.0	-0.44722188889121767	-0.4634591939950833	0.6161697438043853	0.06890136651450453	0.6954930636081091	partial	partial	0.7516587724789315	0.39186628243927285	0.5812833140042628	0.0268504035564644	0.01841662310838874	0.21545131507281157	0.03017903099626391	0.014454569649281419	0.9553663993544547	partial	0.0
ACGATATTCGTCTATC-E15S	8364.0	0.14624554988656085	-0.009370496244467175	0.5670052479332395	0.05046680049249868	0.7148389238863724	reverted	partial	0.6670637976115603	0.3844575992948341	0.578202929509019	0.037339471196146994	0.2521213709617998	0.20687600813053658	0.05524008050109305	0.010249485540373967	0.934510433958533	partial	0.0
GGATTAGGTTCAATGC-E15S	7166.0	-0.3552831036410471	-0.47419503832330334	-1.6849770058781408	0.05659626402719187	0.9944165414669209	reverted	reverted	-1.5349816400548246	0.6541850799892999	0.30966979141207157	0.03614512859862865	0.708464771456381	0.16755495826036287	0.3771083507123011	0.009678502952087279	0.6132131463356116	persistent	0.0
CTGCATCCACTATATC-E15S	5737.0	-0.42375495396100854	-0.42719613221691755	-2.5734714235600773	0.09476728351533192	0.9989567834906207	reverted	reverted	-2.4249279324891013	0.8971587800511661	0.1028358498769415	5.37007189235174e-06	0.6266887343894935	0.19779078385820098	0.23874526897810125	0.009439641254639957	0.7518150897672586	persistent	0.0
AAACCAAAGCTAGCCG-E15S	8530.0	-0.06431498751809994	0.2563361235649272	-0.38804125893178393	0.04811747963811571	0.9386041312754364	reverted	reverted	-0.2649003890645428	0.15625844334288835	0.22062490087992775	0.6231166557771839	0.31113996832438495	0.20569572231087105	0.06721677611391655	0.009800082061371734	0.9229831418247115	reverted	0.0
TGCTAAGTCGACTTAG-E15S	7773.0	-0.2710659510650244	0.623508338538151	-1.0591426993256003	0.0644276727933412	0.981970435201877	reverted	reverted	-0.9441284248712005	0.27839152455932503	0.25809126000043664	0.46351721544023833	0.34472294796621566	0.21617387252692435	0.0754181800027075	0.009765724584173165	0.9148160954131195	reverted	0.0
GTGTCCCTCCGTTACT-E15S	6114.0	-0.2894602458399495	-0.4208481741485195	-1.4580016848486201	0.07439794430966304	0.9914450121049854	reverted	reverted	-1.3195996425206789	0.5327991350048383	0.33204049719697193	0.1351603677981898	0.763941680935862	0.1604641275262302	0.4816042156498523	0.009550798424293953	0.5088449859258538	persistent	0.0
TACAACTAGCTTAACG-E15S	6605.0	-0.21139291016101688	-0.235989008727844	-0.14483199860133678	0.05329109825043277	0.9060744606419187	reverted	reverted	0.04386521182763272	0.19179432447861977	0.2921160958921456	0.5160895796292347	0.9569207348075974	0.12004655888111802	0.8684567851894317	0.006534807505040223	0.12500840730552812	reverted	0.0
ATACAGCCAACCTTGC-E15S	7873.0	-0.34155613693427345	-0.45133628866618736	2.0616631354359467	0.08713152921659843	0.12891216238296282	persistent	persistent	2.220381477091886	0.6804038443378005	0.3195961540076977	1.6545017188304217e-09	0.1178526687082737	0.20897274297430474	0.03758049747902408	0.01203255971392862	0.9503869428070472	persistent	1.0
TCGAATTAGCGCCTAG-E15S	8615.0	0.06454055038300949	-0.14666726577666367	-0.6240853404866371	0.04332686690939292	0.9598409041957683	reverted	reverted	-0.4856812450591636	0.1579153757949704	0.19923041423177082	0.6428542099732588	-0.626838136209304	0.5809011037929627	0.030438549127477933	0.06185492485387202	0.90770652601865	reverted	0.0
AACGGTGAGGCGTCTG-E15S	9016.0	-0.31590732272457506	-0.36163000103840026	2.8046094490297526	0.10938730090346764	0.03498845652677521	persistent	persistent	2.9324254935865297	0.8707160144942677	0.12928398550573053	1.747853318359934e-15	0.45203636078351345	0.14265503957702788	0.1256465670938228	0.009125134342420089	0.865228298563757	persistent	1.0
TCGTTTCAGGGCTATC-E15S	9107.0	-0.3070142667902123	-0.38456099762774304	-0.801038841475696	0.062113771208131406	0.9709404640464697	reverted	reverted	-0.6354406333628874	0.18502321788641282	0.20920401449686277	0.6057727676167244	0.2953051623622639	0.2045868628492639	0.06365710709794274	0.009881726813616694	0.9264611660884406	reverted	0.0
CCGACCTTCCATCTCG-E15S	7077.0	-0.01825487462703912	-0.0372312510078463	0.5665210374564907	0.05372611397810095	0.7150257478389124	reverted	partial	0.6943562354629562	0.3843809980422018	0.5781613585898688	0.037457643367929214	0.6709522125601645	0.1405380501193012	0.35558222982866045	0.009940353578417951	0.6344774165929215	partial	0.0
AAGTACCCAATTAACG-E15S	5933.0	-0.15668667499387806	0.03412919021164407	-2.5944314763089213	0.07796933967154927	0.9989973276783505	reverted	reverted	-2.398462982906743	0.9007947947600755	0.09920111483874705	4.090401177301019e-06	0.8011039932072277	0.17879592075340509	0.510537212220519	0.009207320378665656	0.4802554674008153	persistent_exiting	0.0
ATACGTTAGAAGGTGT-E15S	6246.0	0.1650204759460993	-0.03070418061627722	0.04067035101666435	0.07072536415627441	0.8716285123778158	reverted	reverted	0.137757718174061	0.24292705534570405	0.3814052733361859	0.3756676713181101	0.8999691925646193	0.1376127928700527	0.7667689034087256	0.007847411806471223	0.22538368478480317	reverted	0.0
TGAGTCTGTTAGTTCA-E15S	8013.0	-0.05600277437377016	0.14018862101795693	-0.4974506890728024	0.04180117506642411	0.9495104398422581	reverted	reverted	-0.3950215502174861	0.15256224180631253	0.20543597277461792	0.6420017854190696	-0.18359184197297934	0.3716885072280324	0.030204665574371264	0.02791168433257042	0.9418836500930582	reverted	0.0
GGTATCTGTCCCGAAC-E15S	7214.0	-0.29728777002249296	-0.3738991248101186	0.4252075330037123	0.05641324879348314	0.7662842705907023	reverted	reverted	0.5161382120407021	0.3579114157133356	0.5548876272249532	0.08720095706171112	0.2472060086263363	0.22333157856202665	0.0548955444484091	0.010601932398676156	0.9345025231529148	partial	0.0
CCACATGGTCATTACA-E15S	5310.0	-0.23078060992385344	-0.4202494726723014	-3.213456809102356	0.08691989001707064	0.9996891820757239	reverted	reverted	-3.076297424644024	0.9713892317624606	0.028610767881002565	3.565368875538168e-10	0.9026853730031943	0.1650112462089591	0.71516189130744	0.00798481584450427	0.27685329284805577	persistent_exiting	0.0
CATATGGTCAGCGGTT-E15S	6670.0	-0.2871785284429058	-0.3959716450062323	-0.1858068315914352	0.06482858999574284	0.9124713678324732	reverted	reverted	-0.015237736471019246	0.18313850153446026	0.2761823992109855	0.5406790992545543	0.12922175599470687	0.26274970305996576	0.041709255569846164	0.01321770265321763	0.9450730417769362	reverted	0.0
GCTAAACCATCCGTCG-E15S	7862.0	-0.2754611745107937	-0.49240334203215697	0.8095159839549417	0.06513062386625848	0.6129888748020468	partial	partial	0.9918150213672255	0.4170864114647625	0.5766732371542848	0.0062403513809527805	0.9435571504873829	0.11713919725451609	0.8576952179585661	0.006784357485197643	0.13552042455623625	transitioning_out	0.0
AGCATAGGTGAGTATG-E15S	7657.0	0.04152477658720455	0.2834819012132459	-1.7263860947450815	0.05464240977480145	0.994835358076858	reverted	reverted	-1.5999809891329462	0.67165325623754	0.3012246597887804	0.027122083973679725	0.7663574327263343	0.16285627427300728	0.48137671726119685	0.009521308835648236	0.5091019739031549	persistent	0.0
AGACGCAAGGATGCAG-E15S	8682.0	-0.3303251280936387	-0.30560598605944067	-1.3972831715184446	0.052674956402831964	0.9904128633173922	reverted	reverted	-1.2823724212061067	0.4932321084554236	0.3288604881031356	0.17790740344144076	-0.6432130261617148	0.6275337345123929	0.03249872972686933	0.06108237807792771	0.906418892195203	persistent	0.0
TCGACGTAGTGATTCG-E15S	5703.0	-0.34154296706291687	-0.27762759904483836	-2.5339668476351163	0.07138101655888113	0.99887586270029	reverted	reverted	-2.391505712517459	0.8900640885422989	0.10992701256628394	8.898891417095706e-06	-0.3795415959656079	0.47949294304986995	0.03059715949564985	0.04280620598066034	0.9265966345236898	persistent	0.0
CTTACAAGTTGGATCT-E15S	8776.0	-0.12298499355686315	0.03491451182668304	0.35472110511020877	0.0672236024125956	0.7893296063894845	reverted	reverted	0.4496825185779536	0.34097695111106013	0.5339175520215458	0.1251054968673941	0.10880133991751026	0.229915289282264	0.03788478335334748	0.012726261404519875	0.9493889552421326	partial	0.0
TCTATGAGTCCATAGT-E15S	8421.0	-0.2589470488106661	0.04443171516788491	-1.4238461902577557	0.04673606853797856	0.9908787692662793	reverted	reverted	-1.2617375682590817	0.5108151710515204	0.33077109188611925	0.15841373706236034	0.624319646743326	0.17129767153835432	0.2588612864345868	0.009584341230501043	0.7315543723349122	persistent	0.0
CATTAGGTCCCTTGAT-E15S	7549.0	0.01723355194584325	0.356429989814555	-1.5162882537921274	0.05549488197463844	0.9923319423734295	reverted	reverted	-1.3491288757228916	0.5682899301166624	0.3311317441501462	0.10057832573319145	0.8835448490096354	0.1404998795412534	0.7354680584700056	0.00816314377590715	0.2563687977540873	persistent_exiting	0.0
TGAAACCCATTACGTT-E15S	8587.0	-0.19968835676156144	-0.16204183294258995	0.6317386851057142	0.04836257996085055	0.689215189552605	partial	partial	0.723386978946137	0.3940796211722311	0.581820110512014	0.02410026831575501	-0.12316389501670237	0.2898944499444538	0.0275721984792984	0.02221242132809821	0.9502153801926034	partial	0.0
CGGCCAATCGTTCCGC-E15S	7402.0	-0.33726362372409147	-0.4061160408484618	0.10427265453601214	0.06917507383403076	0.8575423958658756	reverted	reverted	0.2305363834525882	0.26359581576722213	0.4159101035037994	0.32049408072897845	0.2642870823208221	0.21599214418454096	0.0576714900592622	0.010306830577942544	0.9320216793627953	partial	0.0
ATCTCCACACTTGGAG-E15S	9974.0	-0.13494428224085853	-0.0470275967730337	-1.326428062739382	0.03633165236299497	0.9890516752514065	reverted	reverted	-1.2191991300123293	0.4450263951857661	0.3200219699878944	0.23495163482633946	-1.6436225541343967	1.0410302932887203	0.03591291139928311	0.09739620959458735	0.8666908790061295	persistent	0.0
ATCGAAGGTCCATATA-E15S	6390.0	-0.3157888017703393	-0.3561887334502675	-0.23689128783269192	0.05824669144415393	0.9198935354348304	reverted	reverted	-0.09798504872394136	0.17385725241227568	0.2585471418212672	0.5675956057664572	0.5781402112503438	0.173175137573466	0.2092352120450281	0.009458052067611692	0.7813067358873602	reverted	0.0
CCTAGTAAGGAACTGG-E15S	6864.0	-0.02687818329114	-0.11465957154961443	-0.2525517791346863	0.05321238446212111	0.9220512375260901	reverted	reverted	-0.11945587357979008	0.17135078876578924	0.25363890181843424	0.5750103094157765	0.14815581304718184	0.23026036591908267	0.04182151884233549	0.012034130360013589	0.9461443507976508	reverted	0.0
TACACCGGTATGTGTC-E15S	8457.0	-0.22512481165411333	-0.15831829832225736	1.8272813367263865	0.07864335826244657	0.18741559877411995	persistent	persistent	1.9563676721043761	0.6156885915419712	0.38431134864460026	5.981342854110816e-08	0.3773142473941348	0.1547679159609458	0.08862425943021883	0.009061590377411438	0.9023141501923698	persistent	1.0
TATCATCCATGCTGTC-E15S	8142.0	-0.40995705902554486	-0.36536966374438984	1.6439735782830167	0.08100617004726618	0.24603693203020952	persistent	persistent	1.7542706803111061	0.5683955249639991	0.4316037014991552	7.735368455923863e-07	0.05917234623727659	0.2274629049461364	0.033640969314061936	0.013730858920165585	0.9526281717657725	persistent	0.9726027397260274
CATTCGTTCCTTCAGT-E15S	8399.0	-0.27893339688020446	-0.42188009594317777	2.280426721246457	0.09866937649271325	0.08909265564463269	persistent	persistent	2.409725944743062	0.7417728308684615	0.25822716908947424	4.206427483320561e-11	-0.49963755970098156	0.3503440571558931	0.022202445655615907	0.05931680528485056	0.9184807490595335	persistent	1.0
CTCGTAGGTCCATCAG-E15S	8065.0	-0.16701157902667263	0.11890026291419653	0.16568270658158482	0.051600402458429326	0.8427412740031631	reverted	reverted	0.27595277379948574	0.283947921466235	0.44897901894338277	0.2670730595903823	0.4358932782754471	0.17960285178052504	0.11044955255133708	0.00920136574626488	0.880349081702398	partial	0.0
AACGTAAAGTAGTCCA-E15S	5308.0	-0.06206228862745272	-0.08481619262170675	-2.0369151069394285	0.06936911430945927	0.9971244169714035	reverted	reverted	-1.8497680169131319	0.7747203455712839	0.22317758359618825	0.0021020708325278047	0.6250414990881497	0.20667869757472287	0.23006704848718704	0.00940570150482762	0.7605272500079853	persistent	0.0
CTCAGTTTCATGGCTA-E15S	6537.0	-0.28513367165438697	-0.28087911402648685	-2.678750019430585	0.0882254144915083	0.9991451344880607	reverted	reverted	-2.4837889481031854	0.914526861410389	0.08547180994675889	1.3286428521547744e-06	0.988051165630464	0.1468600914786738	0.8633516769870929	0.0062346191938664475	0.13041370381904058	persistent_exiting	0.0
CTACTGTTCTATGGAT-E15S	5194.0	-0.025738899844626406	-0.2228782531396601	-1.561425412340053	0.06653483043535163	0.9929555500424394	reverted	reverted	-1.3730260842238384	0.5937627043607738	0.3278949723262942	0.07834232331293188	0.4520639810032868	0.22240356383681617	0.11087956309335788	0.009469096786153243	0.8796513401204887	persistent	0.0
CTCTGTTAGTCATCAG-E15S	6694.0	-0.26628952580427123	-0.15374107554392036	-0.4302269394069213	0.046401246699696745	0.9430483645591015	reverted	reverted	-0.26677614551405576	0.15393969657402512	0.21362425439265972	0.6324360490333152	0.787497609163764	0.1443110037274693	0.555845792283413	0.009472420794676327	0.4346817869219107	reverted	0.0
TCACTTATCGATACAT-E15S	6222.0	0.027364883679789287	-0.3011960946611558	-1.6746246740861488	0.06081147141871867	0.9943066636467174	reverted	reverted	-1.526696447139879	0.6496172438646649	0.31162962892386814	0.03875312721146697	0.5134265910326993	0.21824606845637817	0.1415606807046278	0.009370349906295206	0.8490689693890772	persistent	0.0
TAAGCGGAGTAATTGC-E15S	5301.0	-0.28761579686078925	-0.2775959774778603	-1.993048937791828	0.06211511591332995	0.996876195018763	reverted	reverted	-1.867174125106205	0.7621792388958185	0.23467712176321884	0.0031436393409627335	0.5720760782194273	0.20699786659430663	0.18458030742497233	0.009362520118896493	0.8060571724561312	persistent	0.0
AGCATGAGTCTAGCGC-E15S	8265.0	-0.31626800903992547	-0.4125589452368475	2.6174804795439264	0.0987547616785806	0.0491322996548011	persistent	persistent	2.865537448736946	0.8293974499387191	0.17060255006120187	7.903390494135228e-14	0.2504077697789323	0.1714837699744902	0.054020889695525535	0.009688072424798824	0.9362910378796756	persistent	1.0
AGTCCTAAGTGCTGCG-E15S	5136.0	-0.098419153359187	0.03624284270037004	-1.2650098120581044	0.061704131414591766	0.9877182861167147	reverted	reverted	-1.1216130471858494	0.4030007697946075	0.3085631248551014	0.28843610535029107	0.6013730318120665	0.18050285356151594	0.22676979266637146	0.009479221469125512	0.763750985864503	persistent	0.0
TGACTGATCGAACGTC-E15S	5772.0	-0.20203053618659964	-0.3403036487782185	-2.3401243169510884	0.06747700640869737	0.9983782740199306	reverted	reverted	-2.1707143642230857	0.8507257127895136	0.1491830327782949	9.125443219144739e-05	0.5591659500103322	0.1988409547191345	0.1788896756378307	0.009353926904449106	0.81175639745772	persistent	0.0
GCATAACCATGCTACC-E15S	7491.0	-0.04496430053855527	-0.19652153520773502	2.3083260880475676	0.10145135647192056	0.0848982310838148	persistent	persistent	2.4271038907608005	0.7494688864345477	0.2505311135397075	2.57448137693877e-11	0.4440490693884756	0.1440495721013597	0.12079739220346808	0.009103800134158027	0.8700988076623738	persistent	1.0
ACCTGGGTCGAATCCA-E15S	5131.0	-0.15253579968333975	-0.05137984734380241	-2.761857526689981	0.07338097805900502	0.9992694968986608	reverted	reverted	-2.6387391712997936	0.9266781471666694	0.07332143401135942	4.1882197125193893e-07	-0.20322320791909218	0.4446435782934256	0.033993934419580187	0.030961004657002907	0.935045060923417	persistent	0.0
TATACGTAGCGCTCTC-E15S	7549.0	-0.34057197019750707	-0.47294726781212515	2.741884236369099	0.11343611892020074	0.03922697650437517	persistent	persistent	2.9004725437469725	0.8575830358158109	0.14241696418418276	6.4365983594786205e-15	-0.5003185498533351	0.30122746142807333	0.020688510341730623	0.06334291406906743	0.9159685755892019	persistent	1.0
CGTGTATGTTGTGGCC-E15S	5926.0	-0.3322679883465805	-0.27807758431646334	0.05797103489113655	0.05191355194618258	0.867918903877255	reverted	reverted	0.15523799750998116	0.24845987645397885	0.3907256307270621	0.36081449281895894	0.7066339184632878	0.14198817712189654	0.412522327292187	0.00991468902354747	0.5775629836842654	reverted	0.0
GCGCTTGAGCGAGCTT-E15S	5275.0	-0.09590519864530622	-0.3569064627797218	-1.1658839208597889	0.05861423357344573	0.9852205185243754	reverted	reverted	-1.0034268485768376	0.3384954405837047	0.2852189820478153	0.37628557736848006	0.03635198724149841	0.3348810927447306	0.03873328177757172	0.01766736313414402	0.9435993550882843	reverted	0.0
GGCAATAGTTGCGGTC-E15S	7825.0	-0.3323458568157559	-0.2877641803108483	2.1985776588264607	0.10804840719773033	0.10249436623338437	persistent	persistent	2.3195325657581005	0.7189491580934746	0.2810508417341097	1.7241576643147468e-10	-0.21805619322024325	0.2728977362815773	0.023688521527392033	0.02745542825075193	0.948856050221856	persistent	1.0
GTTAGCGCAAACTTAG-E15S	5977.0	-0.4014901950212959	-0.39658783291705324	3.1150205460254177	0.1278572035631852	0.019747616655546512	persistent	persistent	3.3278202046362293	0.9242282171255621	0.07577178287443788	1.8768057151719803e-18	0.3288200586618112	0.15610653584521975	0.0724432275028052	0.009135844973753604	0.9184209275234412	persistent	1.0
AGCAATTTCTAACTCC-E15S	7190.0	-0.14008333559471664	0.2425918139980554	-2.885175413328375	0.08129511238371596	0.99942150721146	reverted	reverted	-2.725451902560122	0.9422766689141261	0.05772326166086272	6.942501110289101e-08	-0.1817898482514916	0.4539552469565674	0.035394521442853516	0.030106582117574214	0.9344988964395723	persistent	0.0
ACTGCCTCATTCGCGT-E15S	6269.0	-0.28083490494105395	-0.3855340711400413	-2.0805214310499207	0.07097480458425713	0.9973516682155844	reverted	reverted	-1.9208417391919286	0.7867549993855023	0.21185422318005598	0.001390777434441757	0.8191186589195466	0.15495027188956204	0.5926959334170939	0.009117922915827647	0.3981861436670784	persistent_exiting	0.0
TCTGGCGAGGTTCAGC-E15S	6293.0	-0.009320319542015898	-0.06736109977340443	-1.902952165678991	0.04939740322649474	0.9962973902725485	reverted	reverted	-1.762316680073046	0.7347947027785582	0.2583131054690555	0.006892191752386454	0.07257967479701391	0.33605726937050456	0.04141223558899953	0.016722302149170316	0.9418654622618302	persistent	0.0
CTCAGTAAGGTGCGTT-E15S	7676.0	-0.37142786268049216	-0.4730158260536712	2.0002206318384794	0.08561060559111104	0.14254737142440194	persistent	persistent	2.1966824278492227	0.6631638428735254	0.3368361527402418	4.386232873349994e-09	-0.09126757804496367	0.24445904841345364	0.026272648923208082	0.01927870921970297	0.9544486418570889	persistent	1.0
AACAGGCGTTAGGTGA-E15S	5463.0	-0.14526374578554196	-0.18030251104777373	-0.8204055615899193	0.07934660945755069	0.9719572750122317	reverted	reverted	-0.6750902952985348	0.18960642999878405	0.21155303460695346	0.5988405353942624	0.6338042091990979	0.19041997565442964	0.2524158605929553	0.009482985409771428	0.7381011539972733	reverted	0.0
GCGCTAACATGGTCAG-E15S	6686.0	-0.25580355613917616	-0.13831447959467597	-0.10986778335866233	0.06303253891748942	0.9002878113941777	reverted	reverted	0.023228656298445737	0.20000979344135308	0.3069343626323429	0.49305584392630397	0.13012052914154698	0.25804284479922013	0.0415226997248055	0.013071458800115954	0.9454058414750786	reverted	0.0
TACCGTCCATGGCAGC-E15S	5527.0	-0.33957311316730776	-0.18583431512561965	-0.03829611549691866	0.04978609703017835	0.8874475946665888	reverted	reverted	0.07947795630077599	0.21904364165300844	0.3404755874471286	0.440480770899863	0.40229332906309273	0.19674020414351928	0.09444138489482062	0.009347357867950042	0.8962112572372294	reverted	0.0
ACGCATATCCCGTAGG-E15S	5356.0	-0.1156609765867313	0.10311875012721239	-0.3982554771864715	0.04928712193445792	0.9397090515846582	reverted	reverted	-0.2674830461947923	0.1555942024877437	0.2187936540289048	0.6256121434833515	-1.0123504373539487	0.7101205736911377	0.030054391030629755	0.08979334074135911	0.8801522682280111	reverted	0.0
TCAATTGGTTCGAGCC-E15S	6232.0	-0.4249593936829603	-0.4831183944637327	1.761293713705711	0.0947344413668681	0.207186840981101	persistent	persistent	1.925843404729596	0.5982237596243808	0.4017760863062811	1.540693381453115e-07	-0.5089759292527402	0.4029832222781787	0.024116502937528435	0.05759291029909198	0.9182905867633795	persistent	1.0
GTGATTGTCTAAGTAC-E15S	5973.0	-0.3557195183742269	-0.407531035070539	0.09875681598060299	0.06455906672984185	0.858813309061196	reverted	reverted	0.26634795972333225	0.2617746579472038	0.41290493120161126	0.32532041085118496	0.19910717116849858	0.21907860957619882	0.04745597742589564	0.011048089388573644	0.9414959331855307	partial	0.0
TCACAATAGTTGCGTA-E15S	5963.0	-0.11959835848638062	-0.020456477431288866	-0.5341727245101181	0.04816906565335173	0.9527410159388103	reverted	reverted	-0.36415337136059894	0.15302462862413876	0.2024320064928918	0.6445433648829694	-0.7211880389797565	0.6429411564818661	0.03173683689118543	0.06706281397661548	0.9012003491321992	reverted	0.0
GGTCACTAGCTGGTCG-E15S	5789.0	-0.33055282726995205	-0.4435592274549397	1.262245113123412	0.09341254949135223	0.4019872467025883	partial	partial	1.4555934369200578	0.4853569777582214	0.5145620847381059	8.09375036726037e-05	0.06860884786313166	0.24258568048289358	0.03524133665993565	0.013931614267080563	0.950827049072984	partial	0.0
ATTCAGGTCCATGAAT-E15S	5241.0	-0.36101465570780233	-0.4585951811243011	-0.2603484203551269	0.048655390969967294	0.9231055088776552	reverted	reverted	-0.10289586315245873	0.1701622563735478	0.25128198050320655	0.5785557631232456	-0.037159844058103526	0.335755621916011	0.03434713147771676	0.020076800556372107	0.9455760679659112	reverted	0.0
ACCATCAAGTCGCACG-E15S	5438.0	-0.3142796703310189	-0.3335747584273341	-0.8685178646134759	0.05495599992479744	0.9743359882467194	reverted	reverted	-0.7519695809666531	0.20256140148852705	0.21841556601717	0.5790230324943029	-0.3931799713660374	0.4938414366809104	0.03104940581229673	0.0438507306453306	0.9250998635423726	reverted	0.0
CGATTAACAACCAGCA-E15S	6955.0	-0.12391129542008522	-0.2716073089887298	-0.98789701731064	0.04603683587724177	0.9794205757816997	reverted	reverted	-0.8358535897739403	0.24524259225394474	0.24127278113770148	0.5134846266083538	-0.1747223895683989	0.3799495526990029	0.03103071929960214	0.027664055930685664	0.941305224769712	reverted	0.0
CGTTGGACAGTTGGAT-E15S	7254.0	-0.3867690312311937	-0.37639949394771355	2.0596481291115656	0.08533195493008908	0.12934113783256068	persistent	persistent	2.2026318581975923	0.679836902044854	0.32016309624622125	1.708924800150358e-09	-2.064873431149803	1.1125107637375562	0.03410120090649722	0.1148961368674803	0.8510026622260224	persistent	1.0
CTGATAGTCGATCGGT-E15S	5647.0	-0.23462809824427966	-0.052361191346597113	-0.7660372806014047	0.0512017369553098	0.9690113461210861	reverted	reverted	-0.5928490049443461	0.17761082463992398	0.20557490531934097	0.6168142700407351	0.42524941052195075	0.20536439990637118	0.10230336102584495	0.009378512808417248	0.8883181261657379	reverted	0.0
CACCAAATCCTGATCT-E15S	5154.0	-0.3351121667695476	0.055223069430877736	-2.253204800464653	0.06567461435827929	0.9980887588794948	reverted	reverted	-2.0866288301262603	0.8307182092509555	0.16904290782907214	0.00023888291997241042	0.6996129760197372	0.18162778037182312	0.3439999199843953	0.009572574394045462	0.6464275056215594	persistent	0.0
CACCGAACAAACCCAG-E15S	5067.0	-0.29682931649280353	-0.38742726899383484	-0.15634218279730389	0.05340069571161271	0.9079125741631523	reverted	reverted	0.018313143338523543	0.18925537948901794	0.28748149571443193	0.5232631247965501	-0.27294825693840885	0.3792933127337806	0.027830449281211457	0.033783729748253014	0.9383858209705356	reverted	0.0
GTTAGCCAGGCTTACA-E15S	5422.0	-0.27705183837168124	-0.35727731741396296	-2.4338885685933613	0.07053495275177112	0.9986416851860471	reverted	reverted	-2.2497257477844896	0.8706834348963526	0.12928602687126745	3.053823238006142e-05	0.3540013825397603	0.24431708692512186	0.07717973681791952	0.010130494287910762	0.9126897688941695	persistent	0.0
AATGGGTAGTCGAGGA-E15S	7221.0	-0.12178140976751561	-0.2752901631841906	0.19978294768588142	0.05110670186270368	0.8339951627614918	reverted	reverted	0.3559333038972731	0.2951182353110689	0.46667021565863664	0.23821154903029454	-1.4560560724555816	0.9603009540310796	0.03489767534914889	0.09507631216570984	0.8700260124851412	partial	0.0
ATACGCGCATCGGGAC-E15S	5518.0	-0.2673316656873936	-0.20428365000279475	1.5865587815197104	0.08867438804483899	0.26675156974409725	persistent	persistent	1.7635276894095127	0.5544552066938642	0.4455431428556446	1.6504504912044884e-06	0.28727650590267045	0.1893759825934084	0.06178019556267582	0.00970572146784738	0.928514082969477	persistent	0.9117647058823529
CTATTGAGTTCGGGCT-E15S	6747.0	-0.042164000484562036	0.2117792705625704	-2.0022495636636037	0.05115241905181686	0.9969299692987507	reverted	reverted	-1.8668187333550212	0.7648482238098782	0.23225945571957382	0.0028923204705479867	-1.514746298414811	1.079530030441089	0.03912298905671364	0.08555523576233365	0.8753217751809528	persistent	0.0
TAACCGATCCATCACT-E15S	7501.0	-0.36841057008502964	-0.4871146006213438	1.5368842784481715	0.0735368812227279	0.28554397442209994	persistent	persistent	1.661566705319922	0.542778771112389	0.457218102337926	3.1265496850351635e-06	-0.6634273726634942	0.5090628198241087	0.026343175578596233	0.07099986410987584	0.9026569603115279	persistent	0.6615384615384615
TACGTCAAGCTTAGGC-E15S	6482.0	-0.002241316210022215	-0.2605508512693511	0.4541715614553914	0.04951351401164317	0.7563210466913552	reverted	partial	0.6117528737753039	0.3640970855773203	0.5616170794279206	0.07428583499475903	0.4242163945191704	0.19619200228593464	0.10302086832767521	0.00930911643181262	0.8876700152405123	partial	0.0
CTTGGGACATAACCGG-E15S	5018.0	-0.35105289273943124	-0.3041167445187953	2.4107702056807776	0.0881940935353403	0.07099370445369012	persistent	persistent	2.571205047799341	0.7771935980559	0.2228064019400397	4.06025218649636e-12	0.7659977891826996	0.11972887725109368	0.5605154684277179	0.0097952493526995	0.4296892822195827	persistent_exiting	1.0
TGGTCCTCACATGATA-E15S	6662.0	-0.39365141147956123	-0.5143959585045872	3.3083308659086295	0.11300972492480572	0.01377888703843699	persistent	persistent	3.480399539297775	0.9480773924754898	0.0519226075245102	1.9245673405583392e-20	-0.6924779881281166	0.41721754315577514	0.022448098919694653	0.08851975854000894	0.8890321425402964	persistent	1.0
GGCTGACCATGAAGTC-E15S	5740.0	-0.376844258705791	-0.15475533074669384	-1.9520371462992328	0.059299314438922564	0.9966248451978352	reverted	reverted	-1.8843433760880695	0.7500110663286921	0.2454635462436792	0.004525387427628636	-1.293249312337682	0.9684227371169711	0.03749246299223934	0.08323057237087791	0.8792769646368828	persistent	0.0
TAGGATGGTCCCGAAC-E15S	5336.0	-0.3981183215828446	-0.5236489892404179	2.5949173481179995	0.09479048345080926	0.05116676547524154	persistent	persistent	2.7209912662215565	0.8240010564290638	0.17599894357081305	1.2318389643340277e-13	0.00972276069602522	0.2339731978215766	0.030694828748351288	0.015237349670551362	0.9540678215810973	persistent	1.0
GGGTTGGGTCTAGCTG-E15S	5022.0	-0.34529746726066635	-0.41052751121321895	-1.9727603228568227	0.06344248780718893	0.9967542744146427	reverted	reverted	-1.7713547884491523	0.7562167468194467	0.24001330167502724	0.003769951505526041	-2.1508353035068994	1.141623612839098	0.03436379511450678	0.11557730253750978	0.8500589023479835	persistent	0.0
TAATGTCAGGATGGGC-E15S	6388.0	-0.4034019758990382	-0.43390445322299553	-2.851858680524248	0.06279081901048293	0.9993838674872844	reverted	reverted	-2.7222797493252857	0.9383396264021346	0.06166025965570848	1.1394215684463913e-07	0.07057547952547491	0.3419837731750614	0.04164436871547468	0.016968617970110386	0.9413870133144149	persistent	0.0
CTTCACTAGGAGCTAG-E15S	5836.0	-0.40079211221292255	-0.5087136821624058	3.89109923321	0.12072048607092387	0.004614106763224766	persistent	persistent	4.059989939186529	0.9863045461573801	0.013695453842619847	4.412018290964058e-27	-2.22824890837319	1.0842451585590474	0.03142352668370603	0.13373296491588246	0.8348435084004115	persistent	1.0
CACCCATCAAGCCGTA-E15S	5143.0	-0.2714239194662834	-0.44231320046482325	-2.5142833379633025	0.08290290082809051	0.9988332325127514	reverted	reverted	-2.349512423924713	0.8864113080848389	0.11357729076453693	1.140115062407615e-05	-1.5229533422670778	1.1124845234489815	0.04035504360564143	0.08308530390296924	0.8765596524913891	persistent	0.0
GCGAGGTAGGATGCGA-E15S	5103.0	-0.3715196937166337	-0.5220190947752874	1.459085441606813	0.08160287660725822	0.31651363592915627	partial	persistent	1.646980681150846	0.5252528752282245	0.4747388816274625	8.243144313012606e-06	0.0022678959678250456	0.2637735407092651	0.03201899646245338	0.016371695352887555	0.9516093081846589	persistent	0.4342105263157895
ACCCTATTCGCTCCAC-E15S	6443.0	-0.38185638299059554	-0.5388022726473863	-3.684828458462362	0.09198093660323575	0.9998726406525501	reverted	reverted	-3.5187362699303777	0.991043839569489	0.008956160430457017	5.394098095253549e-14	-1.6708102224986756	1.201316903763553	0.04196332198799138	0.08264244512781775	0.8753942328841908	persistent	0.0
CGCCATAGTGGACACG-E15S	5486.0	0.23613729898743901	-0.22228960709314755	1.1760042497500274	0.09474538688602817	0.4417840633818271	partial	partial	1.3863075979689743	0.4699611628370645	0.5298346728700367	0.0002041642928988656	-0.9541349074649143	0.7509450318210672	0.03286199688693324	0.07918692753946137	0.8879510755736055	partial	0.0
CACTTAGAGCAATCTG-E15S	5828.0	-0.3238950428658295	-0.2072885685138377	-2.569026053894985	0.07475237624217046	0.9989479762586835	reverted	reverted	-2.426628991256934	0.8963761991357807	0.10361811379064285	5.687073576430456e-06	-0.1712312975133894	0.4136509756469001	0.033261699131059294	0.028455186903517705	0.9382831139654231	persistent	0.0
TAAACGAAGCTATGTG-E15S	5202.0	-0.3724044123016324	-0.42456566622117775	1.4285551463197437	0.0842877496715057	0.3291478138857458	partial	persistent	1.5323096111960155	0.5186396938115595	0.4813483712324614	1.193495597923782e-05	-0.14663336982480854	0.2827987565909304	0.026320073350348572	0.023215542873387462	0.950464383776264	persistent	0.18309859154929578
CACCTCGCAAGCTAGT-E15S	5048.0	-0.37101819353588156	-0.4622937572689406	0.07678834857607796	0.06987194138865153	0.863781325690851	reverted	reverted	0.21298257537189774	0.2545634881515769	0.4009374163101668	0.34449909553825614	0.31778285693631403	0.2122531127597105	0.06875671008972854	0.00985762512800461	0.9213856647822669	partial	0.0
ATCGTTGAGGGCTAAG-E15S	6668.0	-0.4259155924104814	-0.4378682572185879	-3.3158307527214146	0.09131394639963579	0.9997439295470588	reverted	reverted	-3.16572964085153	0.9774346165054066	0.022565383434944363	5.964908522915558e-11	-1.8811574419203883	1.261390673530502	0.04174441728560121	0.08649786539439391	0.8717577173200048	persistent	0.0
AGGAATATCAATGGTT-E15S	6339.0	-0.35914432044966815	-0.5121646308775185	-3.4782708483326745	0.1014893686051681	0.9998117074986783	reverted	reverted	-3.3116172552712384	0.9847803020330529	0.015219697963907356	3.0397728813236788e-12	-1.127504339538669	0.8415868634640694	0.03430951180866561	0.08434113086678116	0.8813493573245533	persistent	0.0
GTTCCTTAGTCGACGT-E15S	5102.0	-0.3849309709800491	-0.3607868932131954	-3.7795113825552966	0.09204335801781037	0.9998935384028569	reverted	reverted	-3.5853806906907164	0.9930512227494094	0.006948777250582965	7.75165101611165e-15	0.36490443020656893	0.2859278374341841	0.07897400968007807	0.010776608694415992	0.910249381625506	persistent	0.0
