cell	lineage	sample	cell_type	exposed	spliced_umi	h	theta	xi	xi_sd	p_away	p_toward	p_none	p_persist_gmm	p_partial_gmm	p_reverted_gmm	p_persist	p_partial	p_reverted	pheno_gmm	pheno	pheno_empirical	state_gmm	state	historical_state	historical_theta	p_persistent	p_persistent_exiting	p_persistent_deepening	p_transitioning_out	p_transitioning_in	p_reverted_entering
AAACGTAAGCGAGTCT-1	Tumor	E14S	Tumor	0	8556.492598742247	0.8612543091998566	0.5895111414613378	0.24794346269838732	0.2896647973816733	0.028182602107676886	0.01057206277199074	0.9612453351203324	0.01438947368749039	0.23766407148661464	0.747946454825895	0.01438947368749039	0.0	0.9894279372280093	reverted	reverted	partial	reverted	reverted	control		0.0	0.0	0.0	0.0	0.0	0.01057206277199074
AAACTTGCATTCAGCC-1	Tumor	E14S	Hypoxic Tumor	0	9049.541145056486	-0.1136346140094706	0.9009261504683429	0.9866750642051514	0.11866917523752367	0.8094354137109582	0.009496049406361009	0.18106853688268082	0.0014202448967136757	0.07786196226964483	0.9207177928336415	0.0014202448967136757	0.0	0.990503950593639	reverted	reverted	reverted	reverted	reverted	control		0.0	0.0	0.0	0.0	0.0	0.009496049406361009
AAAGCCTCAGTAAGGA-1	Tumor	E14S	Hypoxic Tumor	0	5877.089265823364	-1.2409121884112866	0.9871523767327455	0.6756547575638954	0.2110058923474736	0.15514571674630992	0.009359645338359115	0.8354946379153309	0.00025215025111883626	0.019574572257776847	0.9801732774911042	0.00025215025111883626	0.0	0.9906403546616409	reverted	reverted	reverted	reverted	reverted	control		0.0	0.0	0.0	0.0	0.0	0.009359645338359117
AACACATTCATCACCT-1	Tumor	E14S	Hypoxic Tumor	0	8874.321249723434	2.420467707105558	0.0697923681434381	-0.6683285950493975	0.61955741441993	0.015409453768749398	0.05548216135509772	0.9291083848761528	0.6374539247977311	0.2731122397291087	0.08943383547316028	0.6374539247977311	0.0	0.9445178386449022	persistent	reverted	persistent	persistent	reverted	control		0.0	0.0	0.0	0.0	0.0	0.055482161355097724
AACAGCTCATTAATCC-1	Tumor	E14S	Tumor	0	8548.395356535912	0.4321433267554751	0.7639244749242373	0.24844831349727156	0.3522944976500842	0.029530243495292936	0.012036347863490462	0.9584334086412166	0.004796837848535706	0.14887845563971586	0.8463247065117485	0.004796837848535706	0.0	0.9879636521365096	reverted	reverted	reverted	reverted	reverted	control		0.0	0.0	0.0	0.0	0.0	0.012036347863490462
AACAGGTAGATAGATG-1	Tumor	E14S	Tumor	0	8917.875932693481	0.5062890828263468	0.7376805752609331	0.5525539972851987	0.19919072322673423	0.09101266392530531	0.008741607636454247	0.9002457284382406	0.005753692661693742	0.16199443733938682	0.8322518699989193	0.005753692661693742	0.0	0.9912583923635458	reverted	reverted	reverted	reverted	reverted	control		0.0	0.0	0.0	0.0	0.0	0.008741607636454247
AACATCACAAATCACA-1	Tumor	E14S	Tumor	0	5224.0979108810425	1.9737727204327071	0.1487775010992568	-0.5497657728955291	0.6802877586798806	0.01828383639956708	0.04604339407875001	0.935672769521683	0.28700884015514583	0.4353429456087942	0.27764821423605995	0.28700884015514583	0.0	0.9539566059212501	partial	reverted	persistent	partial	reverted	control		0.0	0.0	0.0	0.0	0.0	0.04604339407875001
AACCCACAGGATCAGG-1	Tumor	E14S	Hypoxic Tumor	0	9080.437614440918	-1.246091016530271	0.9872761284334487	-0.1763963885792659	0.644220818910246	0.023136139318688503	0.030066658284268334	0.9467972023970432	0.00025081402942599677	0.019451877475418083	0.9802973084951561	0.00025081402942599677	0.0	0.9699333417157318	reverted	reverted	reverted	reverted	reverted	control		0.0	0.0	0.0	0.0	0.0	0.030066658284268334
AACCTTAGTTTGAGCT-1	Tumor	E14S	Hypoxic Tumor	0	8921.915969848633	-1.1445197918662033	0.9846198834097671	0.25908453063396664	0.23942313770618096	0.02817011470021639	0.009469338385784289	0.9623605469139992	0.0002796161333859798	0.022009314003998602	0.9777110698626155	0.0002796161333859798	0.0	0.9905306616142157	reverted	reverted	reverted	reverted	reverted	control		0.0	0.0	0.0	0.0	0.0	0.00946933838578429
AACGTAAAGCATTCGA-1	Tumor	E14S	Hypoxic Tumor	0	7253.696796417236	-1.3909358549388766	0.9902980895976137	-0.1524081082544491	0.7130938531757448	0.025517612275687825	0.030578810832635115	0.9439035768916771	0.00021835383442345667	0.01632282787832448	0.9834588182872519	0.00021835383442345667	0.0	0.969421189167365	reverted	reverted	reverted	reverted	reverted	control		0.0	0.0	0.0	0.0	0.0	0.030578810832635115
AACTTGGTCTAGATAC-1	Tumor	E14S	Hypoxic Tumor	0	5804.90109539032	-1.2378776481388287	0.987079313091517	-0.23492530892759628	0.6961745803167269	0.02346070625439248	0.03281860481463301	0.9437206889309745	0.00025293941579753425	0.019646835062777732	0.9801002255214248	0.00025293941579753425	0.0	0.9671813951853669	reverted	reverted	reverted	reverted	reverted	control		0.0	0.0	0.0	0.0	0.0	0.03281860481463301
AAGCAACAGTTACGAT-1	Tumor	E14S	Hypoxic Tumor	0	9193.02950233221	-0.4369595598242721	0.9437290686472954	-0.35542041125603924	0.7562391348122498	0.02302750427046449	0.037472093692142286	0.9395004020373932	0.0007721597173220648	0.05242228447724423	0.9468055558054338	0.0007721597173220648	0.0	0.9625279063078577	reverted	reverted	reverted	reverted	reverted	control		0.0	0.0	0.0	0.0	0.0	0.037472093692142286
AAGTGTCCATAGGTAC-1	Tumor	E14S	Hypoxic Tumor	0	8672.827423095703	0.057282419732084706	0.8680682773794578	-0.542056640477821	0.6875926649272281	0.018573905111346257	0.04553317519017274	0.9358929196984811	0.0020291566891466	0.09574253035016939	0.9022283129606838	0.0020291566891466	0.0	0.9544668248098274	reverted	reverted	reverted	reverted	reverted	control		0.0	0.0	0.0	0.0	0.0	0.04553317519017274
AAGTTTGCAAGTTACA-1	Tumor	E14S	Tumor	0	5949.656433105469	0.36971841351471085	0.7845695332201553	0.5325168210620103	0.26427492387599044	0.07096161881864317	0.00882618605960449	0.9202121951217525	0.004127543563678941	0.13854070857572512	0.8573317478605958	0.004127543563678941	0.0	0.9911738139403956	reverted	reverted	reverted	reverted	reverted	control		0.0	0.0	0.0	0.0	0.0	0.00882618605960449
AATCAGCCATCCATGC-1	Tumor	E14S	Hypoxic Tumor	0	8177.054977416992	-0.5146115958030212	0.9510453852172174	-0.2174945742722572	0.720140562737402	0.024432201487087624	0.03260867539360304	0.9429591231193093	0.0006759094601144577	0.047650196452977724	0.9516738940869078	0.0006759094601144577	0.0	0.967391324606397	reverted	reverted	reverted	reverted	reverted	control		0.0	0.0	0.0	0.0	0.0	0.03260867539360305
AATCCCAAGTGTCCGG-1	Tumor	E14S	Hypoxic Tumor	0	5695.478904724121	-1.0824594679519757	0.9827355483522396	-0.11087187324393499	0.6724559913903702	0.025313288955804186	0.02864116444951256	0.9460455465946831	0.00030021174953005195	0.023739361826560137	0.9759604264239098	0.00030021174953005195	0.0	0.9713588355504874	reverted	reverted	reverted	reverted	reverted	control		0.0	0.0	0.0	0.0	0.0	0.028641164449512563
AATGACAAGTAGTGAA-1	Tumor	E14S	Hypoxic Tumor	0	9183.189989089966	0.12087099330401023	0.8536603364664089	-0.5900804716927854	0.7168104308706261	0.01877340549192092	0.047573866313803725	0.9336527281942752	0.002330823318301479	0.10332631251429766	0.8943428641674008	0.002330823318301479	0.0	0.9524261336861962	reverted	reverted	reverted	reverted	reverted	control		0.0	0.0	0.0	0.0	0.0	0.047573866313803725
AATTACGCAAGTGGCC-1	Tumor	E14S	Hypoxic Tumor	0	5092.863287448883	0.6978796266784018	0.6617802996863628	-0.7133545254009525	0.7566005519524731	0.018432903298147955	0.053166037541453916	0.9284010591603981	0.009354055906069074	0.2002130783244934	0.7904328657694375	0.009354055906069074	0.0	0.9468339624585461	reverted	reverted	partial	reverted	reverted	control		0.0	0.0	0.0	0.0	0.0	0.05316603754145392
ACACATTAGGCGATAG-1	Tumor	E14S	Tumor Proliferating	0	8957.148403823376	0.31946620420760274	0.8002139484757003	0.32548341092425986	0.2995884300917327	0.034939791089184435	0.010072195869744978	0.9549880130410705	0.0036644210197587825	0.13067416682142982	0.8656614121588114	0.0036644210197587825	0.0	0.989927804130255	reverted	reverted	reverted	reverted	reverted	control		0.0	0.0	0.0	0.0	0.0	0.01007219586974498
ACATATCAGTCAGTGC-1	Tumor	E14S	Tumor	0	6697.562018275261	-0.29393215315117965	0.9274988017466346	0.7421068681806802	0.18081685311344578	0.2477344455385503	0.01028472451727703	0.7419808299441727	0.0010001862665437542	0.062478413948307436	0.9365213997851487	0.0010001862665437542	0.0	0.989715275482723	reverted	reverted	reverted	reverted	reverted	control		0.0	0.0	0.0	0.0	0.0	0.01028472451727703
ACGCCCAAGTCAGTCA-1	Tumor	E14S	Hypoxic Tumor	0	8730.443538665771	0.27027411683543395	0.8146873732441647	-0.5909025556237012	0.6743098961209556	0.01764110170326461	0.04845390567979035	0.9339049926169449	0.0032671033800239636	0.12335569822765144	0.8733771983923246	0.0032671033800239636	0.0	0.9515460943202096	reverted	reverted	reverted	reverted	reverted	control		0.0	0.0	0.0	0.0	0.0	0.048453905679790354
ACGCCTAGTAGTGATG-1	Tumor	E14S	Hypoxic Tumor	0	8632.653219223022	-0.3746785629895458	0.9371300430658347	1.245358879179033	0.09094730721658505	0.988606761857841	0.0033330862077333113	0.008060151934425618	0.000862402331725777	0.0565888733652061	0.942548724303068	0.000862402331725777	0.0	0.9966669137922667	reverted	reverted	reverted	reverted	reverted	control		0.0	0.0	0.0	0.0	0.0	0.0033330862077333113
ACGCTATGTTAGCGAA-1	Tumor	E14S	Hypoxic Tumor	0	8303.596199035645	-0.8328948095815311	0.9725945835171069	-0.28677709382264743	0.7349646854373117	0.023588291300891295	0.034989179093146444	0.9414225296059621	0.00041390016133744886	0.032222036200284965	0.9673640636383776	0.00041390016133744886	0.0	0.9650108209068535	reverted	reverted	reverted	reverted	reverted	control		0.0	0.0	0.0	0.0	0.0	0.03498917909314645
ACGCTTGGTTCCGTGA-1	Tumor	E14S	Hypoxic Tumor	0	7187.50451374054	-0.28834452840320646	0.926784246841174	-0.3626156194973763	0.7230114335424921	0.022029400808254735	0.03753918533140338	0.9404314138603419	0.0010107037265358395	0.06290745923993794	0.9360818370335262	0.0010107037265358395	0.0	0.9624608146685967	reverted	reverted	reverted	reverted	reverted	control		0.0	0.0	0.0	0.0	0.0	0.03753918533140338
ACGGAACGTTTGAGGA-1	Tumor	E14S	Tumor	0	7699.770304679871	-0.5237303541177445	0.9518428965108099	0.352198245496839	0.3595598860361407	0.03769680115777877	0.011083549401670417	0.9512196494405507	0.0006656527426503225	0.04711890683585591	0.9522154404214939	0.0006656527426503225	0.0	0.9889164505983296	reverted	reverted	reverted	reverted	reverted	control		0.0	0.0	0.0	0.0	0.0	0.011083549401670419
ACGTCTAAGCGAGTCT-1	Tumor	E14S	Tumor	0	5978.13059091568	1.3899059646257204	0.3455013176258846	0.5535848558108889	0.25381970216894834	0.0788196031371339	0.008782857076889547	0.9123975397859765	0.0619339275592842	0.37660623984032965	0.5614598326003861	0.0619339275592842	0.0	0.9912171429231105	reverted	reverted	partial	reverted	reverted	control		0.0	0.0	0.0	0.0	0.0	0.008782857076889548
ACGTTCAAGTTACCTC-1	Tumor	E14S	Tumor	0	7722.696525812149	-1.0313315545593238	0.9810142367654479	0.4716507270074491	0.28587185976191903	0.055131823268119315	0.009106665904676042	0.9357615108272047	0.0003191557157867986	0.025268929837599083	0.9744119144466139	0.0003191557157867986	0.0	0.990893334095324	reverted	reverted	reverted	reverted	reverted	control		0.0	0.0	0.0	0.0	0.0	0.009106665904676042
ACTAAGCCACTATGCC-1	Tumor	E14S	Hypoxic Tumor	0	5441.716858386993	0.04787934578554284	0.8700936772813163	-0.8538138197708095	0.6813831021529457	0.01526834271655205	0.06685500606602239	0.9178766512174255	0.001988519781652051	0.09466600518137884	0.903345475036969	0.001988519781652051	0.0	0.9331449939339777	reverted	reverted	reverted	reverted	reverted	control		0.0	0.0	0.0	0.0	0.0	0.0668550060660224
ACTAATGCAACATGAC-1	Tumor	E14S	Tumor Proliferating	0	8967.970831871033	0.5497714045941923	0.7214427296290976	0.4735330426825262	0.22973720694328212	0.06033376218697238	0.008599876193335102	0.9310663616196926	0.0064119602535912725	0.1701177584718069	0.8234702812746016	0.0064119602535912725	0.0	0.991400123806665	reverted	reverted	reverted	reverted	reverted	control		0.0	0.0	0.0	0.0	0.0	0.008599876193335102
ACTGCTGGTGATTAGG-1	Tumor	E14S	Tumor	0	8373.952846825123	3.1631814268926073	0.018057828191216912	0.4758946187607121	0.162275519706303	0.06932573982432699	0.00841948936914623	0.9222547708065267	0.9622238857278045	0.03419793739637779	0.0035781768758178433	0.9622238857278045	0.0	0.9915805106308537	persistent	reverted	persistent	persistent	reverted	control		0.0	0.0	0.0	0.0	0.0	0.00841948936914623
AGAAGGTTCCTTCGTG-1	Tumor	E14S	Hypoxic Tumor	0	9042.077670097351	0.10311658326744637	0.8578095558730973	-0.418955540426104	0.6914808903506956	0.020321277964573538	0.039680529581426066	0.9399981924540004	0.0022416443927633237	0.10115478076730472	0.8966035748399321	0.0022416443927633237	0.0	0.9603194704185739	reverted	reverted	reverted	reverted	reverted	control		0.0	0.0	0.0	0.0	0.0	0.039680529581426066
AGCAAATGTTCCTGTC-1	Tumor	E14S	Tumor	0	7047.059322953224	-0.07630679097227672	0.8944373758771696	0.5148854431210751	0.28697655718945747	0.0637505403160808	0.009023271098319774	0.9272261885855995	0.0015322821063920463	0.0814736535080277	0.9169940643855803	0.0015322821063920463	0.0	0.9909767289016802	reverted	reverted	reverted	reverted	reverted	control		0.0	0.0	0.0	0.0	0.0	0.009023271098319774
AGCAAGGTCTAGGCGT-1	Tumor	E14S	Hypoxic Tumor	0	5673.620277404785	-0.8962709015044845	0.9756175544126713	-0.2030419123854347	0.7221688096526895	0.024758789775693485	0.03220062268007272	0.9430405875442339	0.00037945631816799317	0.029811906716625747	0.9698086369652061	0.00037945631816799317	0.0	0.9677993773199274	reverted	reverted	reverted	reverted	reverted	control		0.0	0.0	0.0	0.0	0.0	0.03220062268007272
AGCGAATAGGTGACGA-1	Tumor	E14S	Hypoxic Tumor	0	9054.382195144892	0.2975662579752499	0.8067597999378611	0.6759959234119153	0.1586272868128224	0.19718526276669981	0.0101114357289632	0.792703301504337	0.0034811509312110485	0.12737001051050362	0.8691488385582854	0.0034811509312110485	0.0	0.9898885642710368	reverted	reverted	reverted	reverted	reverted	control		0.0	0.0	0.0	0.0	0.0	0.0101114357289632
AGCGCACCATGCTGTC-1	Tumor	E14S	Hypoxic Tumor	0	8707.731363475323	0.393881231192697	0.776737304263359	-0.4405857009927645	0.7127323795596291	0.0205931613359249	0.040603324314265665	0.9388035143498095	0.004373366689624547	0.1424668790446075	0.853159754265768	0.004373366689624547	0.0	0.9593966756857344	reverted	reverted	reverted	reverted	reverted	control		0.0	0.0	0.0	0.0	0.0	0.040603324314265665
AGCGTAAGTAGCTTCG-1	Tumor	E14S	Tumor	0	5271.563003540039	-1.298925080168226	0.9884732686849221	0.23109799853400279	0.4795943624406317	0.03136780829039112	0.015737644198788345	0.9528945475108204	0.00023791546791083088	0.0182444717139025	0.9815176128181868	0.00023791546791083088	0.0	0.9842623558012117	reverted	reverted	reverted	reverted	reverted	control		0.0	0.0	0.0	0.0	0.0	0.01573764419878835
AGGAATGCATCACTTG-1	Tumor	E14S	Tumor	0	8204.374748468399	2.910069644616511	0.028838707981334585	0.24405823159629633	0.21979457157939505	0.026577955292798536	0.00924372584273973	0.9641783188644619	0.9080597456169043	0.0795975892887847	0.012342665094310956	0.9080597456169043	0.0	0.9907562741572602	persistent	reverted	persistent	persistent	reverted	control		0.0	0.0	0.0	0.0	0.0	0.009243725842739728
AGTATGAAGTAAGGGT-1	Tumor	E14S	Tumor	0	8717.892835140228	1.2056421929388035	0.4279955961295307	0.7076714013259501	0.12138713490800182	0.27673166033071583	0.011221616491394288	0.7120467231778899	0.03699515408132993	0.32768054437036387	0.6353243015483062	0.03699515408132993	0.0	0.9887783835086057	reverted	reverted	partial	reverted	reverted	control		0.0	0.0	0.0	0.0	0.0	0.011221616491394288
AGTGGTTCACTAGTAA-1	Tumor	E14S	Hypoxic Tumor	0	9128.869047224522	-0.7465567782322777	0.9678845513713022	-0.3376273948933753	0.7234733177952252	0.022437354911931363	0.036630440033280504	0.9409322050547881	0.00046861645047573147	0.0358264200116324	0.9637049635378919	0.00046861645047573147	0.0	0.9633695599667195	reverted	reverted	reverted	reverted	reverted	control		0.0	0.0	0.0	0.0	0.0	0.036630440033280504
AGTTAGAAGCCACATA-1	Tumor	E14S	Hypoxic Tumor	0	9002.594299912453	-0.05361335327664095	0.8903116485855386	-0.4256184110081695	0.6941124100215166	0.02029778832937584	0.03996901527376136	0.9397331963968627	0.0016055534576313658	0.08374675227065762	0.9146476942717111	0.0016055534576313658	0.0	0.9600309847262386	reverted	reverted	reverted	reverted	reverted	control		0.0	0.0	0.0	0.0	0.0	0.039969015273761364
ATAGGCGAGTTACGAT-1	Tumor	E14S	Tumor	0	8669.264898002148	1.6829076431406522	0.23262108187812178	0.3318756644307743	0.2686635919145348	0.03551822496722893	0.009467154880293153	0.9550146201524777	0.1385817969886128	0.4357978429450069	0.4256203600663804	0.1385817969886128	0.0	0.9905328451197069	partial	reverted	persistent	reverted	reverted	control		0.0	0.0	0.0	0.0	0.0	0.009467154880293155
ATCAAGGGTCAAGTAG-1	Tumor	E14S	Tumor	0	8935.404043316841	-0.0018201002937769234	0.8803633925457567	0.8052210140421509	0.1674171780732324	0.3600139162946748	0.010950209176946415	0.6290358745283788	0.001788930316599428	0.0891616613020043	0.9090494083813963	0.001788930316599428	0.0	0.9890497908230536	reverted	reverted	reverted	reverted	reverted	control		0.0	0.0	0.0	0.0	0.0	0.010950209176946415
ATCACAACAATCGGTG-1	Tumor	E14S	Tumor Proliferating	0	9077.507846906781	0.2960908781101068	0.8071948696348153	0.24096853072794303	0.34606836419572	0.028904076758947097	0.011975970878561027	0.9591199523624918	0.003469181708245838	0.12715008239462844	0.8693807358971257	0.003469181708245838	0.0	0.9880240291214389	reverted	reverted	reverted	reverted	reverted	control		0.0	0.0	0.0	0.0	0.0	0.011975970878561027
ATCAGCCAGGGCTCCA-1	Tumor	E14S	Tumor Proliferating	0	9100.432726465166	-0.18432749443296023	0.9122474319273798	-0.27739046379453414	0.6265913598853055	0.020724256150906367	0.03337562567630902	0.9459001181727846	0.0012338538895043816	0.07143783013557459	0.9273283159749209	0.0012338538895043816	0.0	0.966624374323691	reverted	reverted	reverted	reverted	reverted	control		0.0	0.0	0.0	0.0	0.0	0.03337562567630902
ATCGCGCGTGCAAGCG-1	Tumor	E14S	Hypoxic Tumor	0	8399.905875205994	-0.5736293876384437	0.9559928282713882	0.8563264513161676	0.16309030694133136	0.46058691961242915	0.011106072635615144	0.5283070077519557	0.0006130074476169747	0.04431442082064107	0.955072571731742	0.0006130074476169747	0.0	0.9888939273643849	reverted	reverted	reverted	reverted	reverted	control		0.0	0.0	0.0	0.0	0.0	0.011106072635615144
ATCTACCTCACAGCTA-1	Tumor	E14S	Hypoxic Tumor	0	8528.485277175903	0.1358465977564702	0.8500829643194198	-0.388481736661048	0.6570240102232191	0.019808405084665394	0.038272828234821026	0.9419187666805137	0.0024092482149130055	0.10519125173025515	0.8923995000548317	0.0024092482149130055	0.0	0.9617271717651791	reverted	reverted	reverted	reverted	reverted	control		0.0	0.0	0.0	0.0	0.0	0.038272828234821026
ATGCAGCTCCGGATAC-1	Tumor	E14S	Tumor	0	8083.28652048111	0.4803630583082481	0.7470669301623049	0.7627135978093761	0.1651087508504785	0.29767041184783855	0.010758851318868296	0.6915707368332931	0.005396942798758247	0.15730347587985716	0.8372995813213847	0.005396942798758247	0.0	0.9892411486811317	reverted	reverted	reverted	reverted	reverted	control		0.0	0.0	0.0	0.0	0.0	0.010758851318868296
ATGCGAAGTAGCGGTG-1	Tumor	E14S	Hypoxic Tumor	0	9013.085949540138	-0.06798456851659063	0.8929405088945811	-0.45789361387034494	0.6786732168321602	0.01942140372727662	0.04144151175571315	0.9391370845170104	0.0015586809452579466	0.08230035984948716	0.9161409592052551	0.0015586809452579466	0.0	0.9585584882442868	reverted	reverted	reverted	reverted	reverted	control		0.0	0.0	0.0	0.0	0.0	0.041441511755713145
ATGGTAAAGGGGATCA-1	Tumor	E14S	Hypoxic Tumor	0	6789.073867797852	-1.2328170277197474	0.9869565536411637	0.7930069176823382	0.17664386722522796	0.3235368005540235	0.010699710403396102	0.6657634890425804	0.0002542657707800731	0.019767956757253912	0.9799777774719659	0.0002542657707800731	0.0	0.9893002895966039	reverted	reverted	reverted	reverted	reverted	control		0.0	0.0	0.0	0.0	0.0	0.010699710403396102
ATTCCTTGTTCGATGT-1	Tumor	E14S	Hypoxic Tumor	0	9039.76882147789	1.8566558651230591	0.17909343691533636	-0.695478425838987	0.7114927394886179	0.01747309147166199	0.05364916909828197	0.9288777394300561	0.21701695276523245	0.44545356075977705	0.3375294864749906	0.21701695276523245	0.0	0.9463508309017181	partial	reverted	persistent	partial	reverted	control		0.0	0.0	0.0	0.0	0.0	0.05364916909828197
ATTGAGGGTAACGAGC-1	Tumor	E14S	Hypoxic Tumor	0	9134.00540471077	2.7607987118688233	0.037899482178172364	0.43809200777640545	0.16478798210214693	0.05765418399557277	0.008263008599247433	0.93408280740518	0.851956750595331	0.1238730645577586	0.02417018484691044	0.851956750595331	0.0	0.9917369914007526	persistent	reverted	persistent	persistent	reverted	control		0.0	0.0	0.0	0.0	0.0	0.008263008599247432
CAAGCGAAGCAGGGAC-1	Tumor	E14S	Hypoxic Tumor	0	7976.411942481995	0.4011849221994159	0.7743303033573758	0.5736832480292217	0.23219145278672249	0.09074018983309712	0.008779318741389543	0.9004804914255133	0.004450865683673661	0.14367226226309335	0.8518768720532329	0.004450865683673661	0.0	0.9912206812586104	reverted	reverted	reverted	reverted	reverted	control		0.0	0.0	0.0	0.0	0.0	0.008779318741389543
CAAGGAACAAGTTACA-1	Tumor	E14S	Tumor	0	8841.25330004096	1.4425032731840546	0.32334365685879424	0.20223240521540864	0.3241254786426506	0.025964537119735016	0.011939902381391584	0.9620955604988733	0.07172777578756315	0.38962457653825894	0.5386476476741779	0.07172777578756315	0.0	0.9880600976186085	reverted	reverted	partial	reverted	reverted	control		0.0	0.0	0.0	0.0	0.0	0.011939902381391585
CACAAGCTCCATGTCT-1	Tumor	E14S	Hypoxic Tumor	0	5082.615355014801	-0.42272528997836856	0.9422807975197984	-0.27721079217610156	0.7442459522939203	0.023997687676304506	0.03477746113487974	0.9412248511888157	0.0007916821036162704	0.05334702425969079	0.9458612936366929	0.0007916821036162704	0.0	0.9652225388651202	reverted	reverted	reverted	reverted	reverted	control		0.0	0.0	0.0	0.0	0.0	0.03477746113487974
CACATTGAGGATGTGG-1	Tumor	E14S	Tumor	0	8665.120094299316	-1.237811232298706	0.9870777093978659	-0.1206228385049182	0.6796386382694262	0.025294619759153023	0.02905971612834915	0.9456456641124977	0.00025295673949194677	0.019648419716748165	0.9800986235437598	0.00025295673949194677	0.0	0.9709402838716509	reverted	reverted	reverted	reverted	reverted	control		0.0	0.0	0.0	0.0	0.0	0.029059716128349154
CACCACCTCTCATGCT-1	Tumor	E14S	Tumor	0	8465.05158483982	0.5079667209964907	0.7370655255984591	0.5243942218752744	0.2175904806799684	0.07639162911935601	0.008629730990726406	0.9149786398899175	0.005777660222390057	0.16230189478247473	0.8319204449951353	0.005777660222390057	0.0	0.9913702690092736	reverted	reverted	reverted	reverted	reverted	control		0.0	0.0	0.0	0.0	0.0	0.008629730990726408
CACCCAAGTCTTGCTC-1	Tumor	E14S	Hypoxic Tumor	0	8809.987969398499	-0.6003520811343416	0.9580727571026684	-0.2836207814901892	0.7327661190381817	0.023583841692106512	0.034862707256744195	0.9415534510511493	0.0005870729237703248	0.04288167677618808	0.9565312503000417	0.0005870729237703248	0.0	0.9651372927432558	reverted	reverted	reverted	reverted	reverted	control		0.0	0.0	0.0	0.0	0.0	0.034862707256744195
CACCGAACACATTCAT-1	Tumor	E14S	Hypoxic Tumor	0	9085.92049986124	0.4513357300403448	0.7573091260811482	-0.39530625725452156	0.6714503681216837	0.020111757648745794	0.03862019486149885	0.9412680474897553	0.005026323605099237	0.15218536771972552	0.8427883086751752	0.005026323605099237	0.0	0.9613798051385012	reverted	reverted	reverted	reverted	reverted	control		0.0	0.0	0.0	0.0	0.0	0.03862019486149885
CACGCCAAGGTACGTC-1	Tumor	E14S	Tumor	0	5979.4095890522	-0.5645101057566609	0.9552607697617974	0.1981623105280965	0.4795496295532755	0.029781396083812722	0.016292503058908333	0.9539261008572789	0.0006222065151954448	0.044814219266742	0.9545635742180626	0.0006222065151954448	0.0	0.9837074969410917	reverted	reverted	reverted	reverted	reverted	control		0.0	0.0	0.0	0.0	0.0	0.016292503058908336
CAGGATTCATGGTGTG-1	Tumor	E14S	Tumor Proliferating	0	8961.428197398782	0.2598603181018697	0.8176453219121409	0.4670002629023026	0.23539293582284523	0.05825868801311001	0.008636676777506862	0.9331046352093832	0.003189396312519865	0.12185383208811852	0.8749567715993617	0.003189396312519865	0.0	0.9913633232224932	reverted	reverted	reverted	reverted	reverted	control		0.0	0.0	0.0	0.0	0.0	0.008636676777506862
CAGTATTAGTCAAGTT-1	Tumor	E14S	Tumor	0	7232.952835559845	1.184917580652586	0.437626861847551	0.9596455706671112	0.1273584042386797	0.7486249428560767	0.01018353693589336	0.24119152020802992	0.03491830520930505	0.32204883823661434	0.6430328565540805	0.03491830520930505	0.0	0.9898164630641066	reverted	reverted	partial	reverted	reverted	control		0.0	0.0	0.0	0.0	0.0	0.01018353693589336
CATATAGCAGCATGGC-1	Tumor	E14S	Hypoxic Tumor	0	6791.074876785278	-1.3658118887339672	0.9898302888577413	-0.11204479102831	0.6947354955302755	0.025884433077714004	0.029115466427185398	0.9450001004951006	0.0002233563077191127	0.016825839228540893	0.9829508044637401	0.0002233563077191127	0.0	0.9708845335728147	reverted	reverted	reverted	reverted	reverted	control		0.0	0.0	0.0	0.0	0.0	0.029115466427185398
CATCCAGGTCTTACGG-1	Tumor	E14S	Tumor	0	8508.81521987915	-0.6230755476938243	0.9597671506766665	-0.5299951097918021	0.6872700207290138	0.018714504209080128	0.04491400683179676	0.936371488959123	0.0005661638268562966	0.041699865954173555	0.9577339702189701	0.0005661638268562966	0.0	0.9550859931682032	reverted	reverted	reverted	reverted	reverted	control		0.0	0.0	0.0	0.0	0.0	0.04491400683179676
CATCCCTGTTGAGCCC-1	Tumor	E14S	Hypoxic Tumor	0	6586.893068790436	-0.7504844574329436	0.968114880437083	-0.41209560464526723	0.6902979069086639	0.020388209267226853	0.039385475912657834	0.9402263148201152	0.00046590969807430266	0.035653927934129186	0.9638801623677965	0.00046590969807430266	0.0	0.9606145240873422	reverted	reverted	reverted	reverted	reverted	control		0.0	0.0	0.0	0.0	0.0	0.03938547591265784
CATCTCACACATACGG-1	Tumor	E14S	Hypoxic Tumor	0	5110.581321716309	0.73564199987766	0.6455986571254165	-0.5930458501493889	0.6629096858587299	0.01731518067927421	0.04883549059246485	0.9338493287282609	0.010320369789673782	0.20848319221777045	0.7811964379925558	0.010320369789673782	0.0	0.9511645094075352	reverted	reverted	partial	reverted	reverted	control		0.0	0.0	0.0	0.0	0.0	0.04883549059246486
CATGAACCATTAACCT-1	Tumor	E14S	Tumor	0	6512.808615207672	0.551857266020451	0.7206484623560504	0.39052968950228595	0.2014871599820733	0.0448816177508934	0.008400769524380724	0.9467176127247258	0.006445559200431122	0.17051553395408867	0.8230389068454803	0.006445559200431122	0.0	0.9915992304756193	reverted	reverted	reverted	reverted	reverted	control		0.0	0.0	0.0	0.0	0.0	0.008400769524380725
CATTAACAGAACGAAC-1	Tumor	E14S	Hypoxic Tumor	0	9128.672124385834	-0.9042868288502798	0.9759759515389319	-0.28333796664466004	0.7393655295436311	0.023763774877497285	0.034922812382902735	0.9413134127396	0.0003754058401235384	0.029520396158265592	0.9701041980016109	0.0003754058401235384	0.0	0.9650771876170973	reverted	reverted	reverted	reverted	reverted	control		0.0	0.0	0.0	0.0	0.0	0.034922812382902735
CCAACCCTCCTGATTC-1	Tumor	E14S	Tumor	0	6647.863838195801	-0.7070391604509478	0.9654758755904534	0.37880909421669395	0.14991025435898586	0.04471775341301213	0.008054936638176052	0.9472273099488118	0.0004971200684306174	0.0376094430247944	0.9618934369067749	0.0004971200684306174	0.0	0.991945063361824	reverted	reverted	reverted	reverted	reverted	control		0.0	0.0	0.0	0.0	0.0	0.008054936638176054
CCAACTGGTTCAAGCT-1	Tumor	E14S	Hypoxic Tumor	0	8739.092554092407	-0.7125919691180221	0.9658245647117257	-0.8324806814951088	0.6438345607786914	0.014564107861415878	0.06815851887751187	0.9172773732610723	0.0004929712257835918	0.03735360182906032	0.962153426945156	0.0004929712257835918	0.0	0.9318414811224882	reverted	reverted	reverted	reverted	reverted	control		0.0	0.0	0.0	0.0	0.0	0.06815851887751187
CCAATTTCATGGAACT-1	Tumor	E14S	Hypoxic Tumor	0	5333.36389541626	-1.7215853774462084	0.994788451082424	0.03753733970777121	0.6393294746483399	0.0281364159209645	0.024071279100939327	0.9477923049780962	0.00017116174393389024	0.010980538501509523	0.9888482997545563	0.00017116174393389024	0.0	0.9759287208990607	reverted	reverted	reverted	reverted	reverted	control		0.0	0.0	0.0	0.0	0.0	0.024071279100939327
CCACCTCAGAAGGATC-1	Tumor	E14S	Tumor	0	8749.441741123796	1.6377585195733915	0.24822608319326855	0.49018743209483157	0.2072813904405644	0.06743392124886205	0.00852075764706793	0.9240453211040701	0.1227564091859272	0.4294212531132808	0.447822337700792	0.1227564091859272	0.0	0.9914792423529322	reverted	reverted	persistent	reverted	reverted	control		0.0	0.0	0.0	0.0	0.0	0.00852075764706793
CCAGACCGTTAATTCG-1	Tumor	E14S	Hypoxic Tumor	0	9064.228622436523	-0.27724076863364455	0.9253449961988435	-0.5446075730784101	0.708412722518953	0.01909984002098269	0.045396424966714005	0.9355037350123031	0.0010320138654349351	0.06376860839229775	0.9351993777422675	0.0010320138654349351	0.0	0.954603575033286	reverted	reverted	reverted	reverted	reverted	control		0.0	0.0	0.0	0.0	0.0	0.04539642496671401
CCAGACTAGTGCAAGG-1	Tumor	E14S	Hypoxic Tumor	0	6161.404449462891	0.4328025335344259	0.7636993354987366	-1.0284442783965553	0.6444161792662376	0.013205059645996577	0.09041428712586498	0.8963806532281385	0.004804523844081269	0.14899102721552202	0.8462044489403966	0.004804523844081269	0.0	0.9095857128741349	reverted	reverted	reverted	reverted	reverted	control		0.0	0.0	0.0	0.0	0.0	0.09041428712586497
CCATAACGTTATCCGG-1	Tumor	E14S	Hypoxic Tumor	0	7796.962661743164	-0.3307550788683938	0.9320490809448826	1.590609305648586	0.06131338097803915	0.9993302439465808	0.0006400511008107495	2.9704952608570834e-05	0.0009341748570582939	0.0597216372072198	0.9393441879357219	0.0009341748570582939	0.0	0.9993599488991893	reverted	reverted	reverted	reverted	reverted	control		0.0	0.0	0.0	0.0	0.0	0.0006400511008107495
CCATATAGTGGCTTGC-1	Tumor	E14S	Tumor Proliferating	0	9023.0845733881	-0.23610326002761886	0.9197835325138158	0.38221780686853923	0.3082658809225803	0.04102566471727552	0.009835113286792325	0.9491392219959321	0.001115959371152247	0.06706018469111251	0.9318238559377352	0.001115959371152247	0.0	0.9901648867132077	reverted	reverted	reverted	reverted	reverted	control		0.0	0.0	0.0	0.0	0.0	0.009835113286792325
CCCATATTCAGGCAAG-1	Tumor	E14S	Hypoxic Tumor	0	8917.816199183464	1.223527350799818	0.4197272619529839	-0.6338753195920966	0.6602736984168159	0.01679950446277771	0.051465638848808705	0.9317348566884136	0.038888616542397614	0.3325372143678079	0.6285741690897945	0.038888616542397614	0.0	0.9485343611511913	reverted	reverted	partial	reverted	reverted	control		0.0	0.0	0.0	0.0	0.0	0.051465638848808705
CCCGACAAGTTGCGCG-1	Tumor	E14S	Tumor	0	8619.845130562782	-0.08951784785592007	0.8967756605923161	0.2095348908163193	0.3741055962528597	0.027684801825459845	0.013140823059590261	0.9591743751149497	0.0014914616242320037	0.0801775134965746	0.9183310248791934	0.0014914616242320037	0.0	0.9868591769404097	reverted	reverted	reverted	reverted	reverted	control		0.0	0.0	0.0	0.0	0.0	0.013140823059590263
CCCGTTATCCGTATAG-1	Tumor	E14S	Tumor	0	8654.525547653437	1.9581474706351067	0.15256276810236863	0.4129269701224842	0.1673748687790688	0.05119182009194383	0.008201665719699786	0.9406065141883564	0.2768683506988743	0.43756122289724825	0.28557042640387753	0.2768683506988743	0.0	0.9917983342803002	partial	reverted	persistent	partial	reverted	control		0.0	0.0	0.0	0.0	0.0	0.008201665719699786
CCCTTTAGTCTGGTCA-1	Tumor	E14S	Tumor	0	8366.288568139076	1.0597471944061694	0.4965419617338352	0.046796804890183806	0.41791697273684797	0.02190664085471669	0.01758995405401794	0.9605034050912653	0.02468195975182094	0.28829907232916835	0.6870189679190107	0.02468195975182094	0.0	0.982410045945982	reverted	reverted	partial	reverted	reverted	control		0.0	0.0	0.0	0.0	0.0	0.01758995405401794
CCGGCTAAGCTAAGGG-1	Tumor	E14S	Hypoxic Tumor	0	9094.875342488289	-0.29649437483644964	0.9278243086751199	-0.27395848033608977	0.6921258514799647	0.0226479390003093	0.03407841357767767	0.9432736474220131	0.0009954088690064173	0.06228263048719397	0.9367219606437994	0.0009954088690064173	0.0	0.9659215864223224	reverted	reverted	reverted	reverted	reverted	control		0.0	0.0	0.0	0.0	0.0	0.03407841357767767
CCGGTACGTCAGTTCG-1	Tumor	E14S	Hypoxic Tumor	0	9055.986328125	-1.5311464738759053	0.9925430447901464	-0.2604444172427547	0.6991581773500511	0.023080336455406743	0.033703431548885485	0.9432162319957078	0.0001945021329379149	0.013787365918412777	0.9860181319486492	0.0001945021329379149	0.0	0.9662965684511146	reverted	reverted	reverted	reverted	reverted	control		0.0	0.0	0.0	0.0	0.0	0.033703431548885485
CCGGTACGTTAACGCT-1	Tumor	E14S	Hypoxic Tumor	0	9010.569250106812	-0.4307208618480132	0.9430985646494383	-0.5773727275919153	0.7673306234489362	0.020245320666258185	0.04618579461225119	0.9335688847214906	0.0007806394229074545	0.05282561964339648	0.946393740933696	0.0007806394229074545	0.0	0.9538142053877489	reverted	reverted	reverted	reverted	reverted	control		0.0	0.0	0.0	0.0	0.0	0.046185794612251196
CCTATAGAGTAACGAA-1	Tumor	E14S	Tumor	0	8145.310441195965	1.082234109655128	0.48590285649827564	0.04925357560427263	0.4090978438183336	0.021704007467295828	0.017263310787500447	0.9610326817452037	0.026261293651361636	0.29429869566811967	0.6794400106805187	0.026261293651361636	0.0	0.9827366892124996	reverted	reverted	partial	reverted	reverted	control		0.0	0.0	0.0	0.0	0.0	0.017263310787500447
CCTTTAGCATGGCTTC-1	Tumor	E14S	Hypoxic Tumor	0	8147.0625	0.566370688386979	0.7150837423583577	-0.7499656927036845	0.702328683017432	0.01669985865027556	0.05755072280580231	0.9257494185439221	0.006684768784776997	0.1733038457471895	0.8200113854680334	0.006684768784776997	0.0	0.9424492771941977	reverted	reverted	reverted	reverted	reverted	control		0.0	0.0	0.0	0.0	0.0	0.05755072280580231
CGAGTAAGTCAGGGCA-1	Tumor	E14S	Hypoxic Tumor	0	7559.333457946777	-1.7379233481947542	0.9949463761190086	-0.032576082651106134	0.6889256477772681	0.02756417341728448	0.026924759430886815	0.9455110671518288	0.00016956185159662713	0.010769197688885207	0.989061240459518	0.00016956185159662713	0.0	0.9730752405691132	reverted	reverted	reverted	reverted	reverted	control		0.0	0.0	0.0	0.0	0.0	0.026924759430886815
CGATAAGGTCAGCCTA-1	Tumor	E14S	Tumor	0	7948.600603103638	0.6562873374653454	0.6791740074904463	0.7858652242224728	0.15716390003627903	0.3471628643318902	0.011079956855063348	0.6417571788130464	0.008401858852576936	0.1913829275442748	0.8002152136031483	0.008401858852576936	0.0	0.9889200431449366	reverted	reverted	partial	reverted	reverted	control		0.0	0.0	0.0	0.0	0.0	0.01107995685506335
CGATGTTGTTGGTTAC-1	Tumor	E14S	Hypoxic Tumor	0	9010.70327758789	1.4989214972581695	0.3004289466375814	0.6692153426052779	0.1203329029129153	0.22459023333201164	0.010766168885871813	0.7646435977821164	0.0839052779042849	0.40273292629445195	0.5133617958012632	0.0839052779042849	0.0	0.9892338311141282	reverted	reverted	partial	reverted	reverted	control		0.0	0.0	0.0	0.0	0.0	0.010766168885871815
CGATTCCCACAAGCTG-1	Tumor	E14S	Hypoxic Tumor	0	9076.38480246067	1.0708236057125688	0.49130045202312117	0.5481879802358404	0.16339169604742684	0.09913417006056473	0.008872858209285664	0.8919929717301497	0.025447171484347175	0.29124947863268336	0.6833033498829695	0.025447171484347175	0.0	0.9911271417907144	reverted	reverted	partial	reverted	reverted	control		0.0	0.0	0.0	0.0	0.0	0.008872858209285664
CGCCTGAAGCAACCAC-1	Tumor	E14S	Hypoxic Tumor	0	8959.193256378174	-1.011916412745807	0.9803174069881513	0.7768265183583944	0.18175370504031574	0.29153066855405674	0.01050361412412655	0.6979657173218167	0.0003268622751128021	0.02587582871194747	0.9737973090129397	0.0003268622751128021	0.0	0.9894963858758734	reverted	reverted	reverted	reverted	reverted	control		0.0	0.0	0.0	0.0	0.0	0.01050361412412655
CGCGTTAGTTAGCAGA-1	Tumor	E14S	Hypoxic Tumor	0	6086.101654052734	0.13459049622765884	0.8503857678469564	-0.39361124192043456	0.6229535795083169	0.018766749447381256	0.03839396777948583	0.9428392827731329	0.0024025542745534146	0.10503364709794862	0.8925637986274979	0.0024025542745534146	0.0	0.9616060322205142	reverted	reverted	reverted	reverted	reverted	control		0.0	0.0	0.0	0.0	0.0	0.03839396777948584
CGCTCATCAAGCATTA-1	Tumor	E14S	Tumor	0	8837.521955490112	-0.8384959128550213	0.9728758074910444	-0.6228260973900035	0.8308419490216382	0.021308232227340365	0.04723890627824688	0.9314528614944128	0.000410674339320434	0.03200129198482001	0.9675880336758594	0.000410674339320434	0.0	0.9527610937217531	reverted	reverted	reverted	reverted	reverted	control		0.0	0.0	0.0	0.0	0.0	0.04723890627824688
CGGGTCATCACAGCAC-1	Tumor	E14S	Hypoxic Tumor	0	8880.937521219254	0.44751571722453154	0.7586358105959821	-0.5239937334963682	0.7521224250819188	0.02051875712204975	0.043998265610141606	0.9354829772678086	0.004979690780557417	0.15152229465705377	0.8434980145623888	0.004979690780557417	0.0	0.9560017343898584	reverted	reverted	reverted	reverted	reverted	control		0.0	0.0	0.0	0.0	0.0	0.043998265610141606
CGTACAGCAATATCCT-1	Tumor	E14S	Tumor Proliferating	0	9051.489347279072	0.12784798457467048	0.8520025523910829	0.7928171660559682	0.15303427180011825	0.3665767989973124	0.011206269671356985	0.6222169313313306	0.0023669876284957234	0.10419135544551449	0.8934416569259899	0.0023669876284957234	0.0	0.988793730328643	reverted	reverted	reverted	reverted	reverted	control		0.0	0.0	0.0	0.0	0.0	0.011206269671356987
CGTACTAAGGCACTGT-1	Tumor	E14S	Hypoxic Tumor	0	9039.898797035217	-1.0445451143974198	0.9814745906058305	-0.2639820356405118	0.6711221145247477	0.02223752089134669	0.033464627228319645	0.9442978518803338	0.0003140765318331126	0.02486422026434164	0.9748217032038253	0.0003140765318331126	0.0	0.9665353727716804	reverted	reverted	reverted	reverted	reverted	control		0.0	0.0	0.0	0.0	0.0	0.033464627228319645
CGTATTAGTTGGTTCG-1	Tumor	E14S	Tumor	0	8709.384980380535	3.5019631501588373	0.009590756779642615	0.3287044117879014	0.18555630191931707	0.03549444168088128	0.008342827212165477	0.9561627311069533	0.9897867984810022	0.009622887747018012	0.0005903137719798051	0.9897867984810022	0.0	0.9916571727878345	persistent	reverted	persistent	persistent	reverted	control		0.0	0.0	0.0	0.0	0.0	0.008342827212165477
CGTGCAACAATCTACT-1	Tumor	E14S	Tumor Proliferating	0	9142.613551348448	0.37689554595267316	0.7822641093580838	0.4161710470101158	0.25843222782010444	0.04699500414264076	0.00893649405854175	0.9440685017988175	0.004198905509130065	0.13969706867026613	0.8561040258206039	0.004198905509130065	0.0	0.9910635059414583	reverted	reverted	reverted	reverted	reverted	control		0.0	0.0	0.0	0.0	0.0	0.00893649405854175
CGTTACCCAAGTGCAT-1	Tumor	E14S	Tumor	0	8970.259470134974	1.03317707592445	0.5091162146008293	0.534280763923329	0.20484083889551782	0.08241211541417454	0.008654496576158872	0.9089333880096666	0.022942485515345695	0.28126393859740134	0.695793575887253	0.022942485515345695	0.0	0.9913455034238412	reverted	reverted	partial	reverted	reverted	control		0.0	0.0	0.0	0.0	0.0	0.008654496576158872
CGTTATAGTGAGATAT-1	Tumor	E14S	Hypoxic Tumor	0	9173.096855163574	-1.0789554790088653	0.9826226392300601	-0.35046304097891673	0.7280882881668389	0.022357159867851802	0.03712449365344637	0.9405183464787017	0.00030145045369151755	0.023841100010850155	0.9758574495354584	0.00030145045369151755	0.0	0.9628755063465536	reverted	reverted	reverted	reverted	reverted	control		0.0	0.0	0.0	0.0	0.0	0.037124493653446375
CTACTTGCATCCTAAT-1	Tumor	E14S	Tumor	0	8702.49715167284	0.23411064587238012	0.8248014983844026	0.005837645797585583	0.46460497030046555	0.02211076629256922	0.020048229668288634	0.9578410040391423	0.0030061163298415222	0.11821009937947564	0.8787837842906829	0.0030061163298415222	0.0	0.9799517703317113	reverted	reverted	reverted	reverted	reverted	control		0.0	0.0	0.0	0.0	0.0	0.02004822966828863
CTATGCAAGCTGAGTC-1	Tumor	E14S	Hypoxic Tumor	0	8079.037488460541	-0.8803670191902248	0.9748909862981678	-0.34987193869646727	0.7087742770364637	0.02184235165703619	0.03697609391136617	0.9411815544315975	0.00038768890031615086	0.030398962307899888	0.9692133487917839	0.00038768890031615086	0.0	0.9630239060886339	reverted	reverted	reverted	reverted	reverted	control		0.0	0.0	0.0	0.0	0.0	0.03697609391136618
CTGAATGTCCAGATTG-1	Tumor	E14S	Hypoxic Tumor	0	5133.057728290558	0.021539512483781775	0.8756267284977427	-0.36208420449314555	0.7694976689554417	0.023269493619969262	0.03777362126081893	0.9389568851192118	0.0018796603020294362	0.09171033449645216	0.9064100052015183	0.0018796603020294362	0.0	0.962226378739181	reverted	reverted	reverted	reverted	reverted	control		0.0	0.0	0.0	0.0	0.0	0.03777362126081893
CTGCACCTCCAGGGTT-1	Tumor	E14S	Hypoxic Tumor	0	9076.084874629974	0.4591321386094853	0.7545861030417856	-0.4922851978031845	0.7087821663085738	0.019779507268854808	0.042895773586636675	0.9373247191445087	0.005123012062879986	0.15354619892962537	0.8413307890074948	0.005123012062879986	0.0	0.9571042264133632	reverted	reverted	reverted	reverted	reverted	control		0.0	0.0	0.0	0.0	0.0	0.04289577358663667
CTGGGTTAGCCTTGGG-1	Tumor	E14S	Hypoxic Tumor	0	7412.221633911133	-1.4250556448545595	0.990899440242139	-0.12502136730072164	0.7076106622443821	0.025943860358371765	0.029716129022847457	0.9443400106187807	0.00021193721699264611	0.01566446214694967	0.9841236006360576	0.00021193721699264611	0.0	0.9702838709771525	reverted	reverted	reverted	reverted	reverted	control		0.0	0.0	0.0	0.0	0.0	0.029716129022847457
CTTCACTAGCGGAGTA-1	Tumor	E14S	Tumor	0	7552.574984431267	1.0660623043445498	0.49355339807020626	0.650390517632466	0.1861273768124658	0.15302963143311307	0.009465981465286781	0.8375043871016	0.025115257395449148	0.28998002648122223	0.6849047161233286	0.025115257395449148	0.0	0.9905340185347132	reverted	reverted	partial	reverted	reverted	control		0.0	0.0	0.0	0.0	0.0	0.009465981465286783
CTTCGATTCCTGCGCT-1	Tumor	E14S	Hypoxic Tumor	0	8686.680975675583	0.2948366481705277	0.8075641385581108	-0.5656387618047194	0.6892320288049999	0.01833238872990722	0.04675738445049876	0.934910226819594	0.003459043205955401	0.12696338381353003	0.8695775729805146	0.003459043205955401	0.0	0.9532426155495012	reverted	reverted	reverted	reverted	reverted	control		0.0	0.0	0.0	0.0	0.0	0.04675738445049876
CTTGGATGTTTGGTTA-1	Tumor	E14S	Tumor	0	5170.123915672302	-0.3857851939022229	0.9383575430231739	0.17538404061319804	0.4689545450642915	0.028476045505551398	0.016393812806719043	0.9551301416877296	0.0008453643430912999	0.05582264673786271	0.9433319889190459	0.0008453643430912999	0.0	0.983606187193281	reverted	reverted	reverted	reverted	reverted	control		0.0	0.0	0.0	0.0	0.0	0.016393812806719043
GCAATTTAGAACGGAT-1	Tumor	E14S	Hypoxic Tumor	0	9054.541292190552	0.0018201002937768159	0.8796356545724873	0.7132111239678393	0.1612513626694216	0.236525286900363	0.010426556222116388	0.7530481568775206	0.0018027244259946115	0.08955440249446409	0.9086428730795414	0.0018027244259946115	0.0	0.9895734437778836	reverted	reverted	reverted	reverted	reverted	control		0.0	0.0	0.0	0.0	0.0	0.010426556222116388
GCACACTAGGCGAGAC-1	Tumor	E14S	Tumor	0	8525.677549600601	0.18964379178060684	0.8366356430476333	-0.013630187810203847	0.5299487870820334	0.023598739988784898	0.02246026637952866	0.9539409936316865	0.002717184465944193	0.11214773762294435	0.8851350779111115	0.002717184465944193	0.0	0.9775397336204714	reverted	reverted	reverted	reverted	reverted	control		0.0	0.0	0.0	0.0	0.0	0.02246026637952866
GCACCAACACATAGCG-1	Tumor	E14S	Hypoxic Tumor	0	9178.728954076767	0.3378403818738131	0.7945946823000157	-0.6043713579055016	0.7281816944572608	0.018904402220819017	0.048100588008851884	0.932995009770329	0.0038266133185490504	0.13350413570494388	0.862669250976507	0.0038266133185490504	0.0	0.9518994119911481	reverted	reverted	reverted	reverted	reverted	control		0.0	0.0	0.0	0.0	0.0	0.04810058800885189
GCATCAATCATGTCAG-1	Tumor	E14S	Hypoxic Tumor	0	9134.485967636108	-1.1829993179243665	0.9856849833049625	-0.4139108244955012	0.6672199084996238	0.019721459516821624	0.039432035320109096	0.9408465051630694	0.0002680360671497642	0.021002079272713532	0.9787298846601367	0.0002680360671497642	0.0	0.9605679646798908	reverted	reverted	reverted	reverted	reverted	control		0.0	0.0	0.0	0.0	0.0	0.03943203532010909
GCATCACAGTCGAAGG-1	Tumor	E14S	Tumor	0	5894.98353600502	2.922767512669666	0.028173018789607488	0.823652802079643	0.09210721407172895	0.5481881952609211	0.01238524316534396	0.439426561573735	0.9118738836144428	0.07649503092561115	0.011631085459945971	0.9118738836144428	0.0	0.987614756834656	persistent	reverted	persistent	persistent_exiting	reverted	control		0.0	0.0	0.0	0.0	0.0	0.01238524316534396
GCCAAATCATGACCAG-1	Tumor	E14S	Hypoxic Tumor	0	9064.087264299393	0.0945768205836785	0.8597701068436872	-0.42992658001116807	0.6466903117267816	0.01891970312450786	0.04017292699455699	0.9409073698809353	0.0022001628278848656	0.1001253645576283	0.897674472614487	0.0022001628278848656	0.0	0.9598270730054431	reverted	reverted	reverted	reverted	reverted	control		0.0	0.0	0.0	0.0	0.0	0.04017292699455699
GCCACCTTCGCGCTCT-1	Tumor	E14S	Hypoxic Tumor	0	8998.703694343567	-0.7985757104517711	0.9708086055061576	-0.5994418890594636	0.7127919561815665	0.018558319584689613	0.04813943574861319	0.9333022446666971	0.00043449293965592265	0.03360866717744922	0.9659568398828947	0.00043449293965592265	0.0	0.9518605642513868	reverted	reverted	reverted	reverted	reverted	control		0.0	0.0	0.0	0.0	0.0	0.048139435748613194
GCCGGTTGTAGTTAGG-1	Tumor	E14S	Hypoxic Tumor	0	8364.119832992554	0.5080736008783943	0.7370263102647153	-0.5497896066637231	0.6982879576381037	0.01876563899080844	0.04578928497207279	0.9354450760371187	0.005779190894193078	0.1623214985978578	0.8318993105079492	0.005779190894193078	0.0	0.9542107150279272	reverted	reverted	reverted	reverted	reverted	control		0.0	0.0	0.0	0.0	0.0	0.0457892849720728
GCCTCATCAACCTGGA-1	Tumor	E14S	Hypoxic Tumor	0	8665.06013584137	1.5345868869839996	0.28643209837014877	-0.704288905580731	0.7198405580631257	0.017594872843306082	0.05388824895762717	0.9285168781990666	0.0926009177955268	0.41044107732987395	0.4969580048745991	0.0926009177955268	0.0	0.9461117510423729	reverted	reverted	persistent	reverted	reverted	control		0.0	0.0	0.0	0.0	0.0	0.053888248957627186
GCCTCCACAGTTAGTA-1	Tumor	E14S	Hypoxic Tumor	0	8693.555809020996	-0.5005609675987399	0.9497919777437862	0.044398912284629284	0.3591259543226742	0.019903166726519896	0.015873641425295137	0.964223191848185	0.0006921216290667776	0.048480518584923755	0.9508273597860095	0.0006921216290667776	0.0	0.9841263585747049	reverted	reverted	reverted	reverted	reverted	control		0.0	0.0	0.0	0.0	0.0	0.015873641425295137
GCGCCAATCAGGGACA-1	Tumor	E14S	Hypoxic Tumor	0	8845.905166625977	-0.9744161808428993	0.9788998279612405	-0.14693827922248723	0.7034382064377949	0.025375063872724996	0.030253572562556605	0.9443713635647183	0.0003426101258611952	0.027090518993705518	0.9725668708804331	0.0003426101258611952	0.0	0.9697464274374434	reverted	reverted	reverted	reverted	reverted	control		0.0	0.0	0.0	0.0	0.0	0.03025357256255661
GCGCTTGAGTAGTTAC-1	Tumor	E14S	Tumor	0	8527.9465675205	0.2658525653830559	0.8159477812403462	-0.05670653441242579	0.5132427393421233	0.021921867939477112	0.023233872067684826	0.9548442599928382	0.0032338503361943024	0.12271602560822963	0.874050124055576	0.0032338503361943024	0.0	0.9767661279323151	reverted	reverted	reverted	reverted	reverted	control		0.0	0.0	0.0	0.0	0.0	0.023233872067684822
GCGTAGCCATCGGTAG-1	Tumor	E14S	Tumor	0	9061.504825592041	0.571552931565165	0.7130806945673392	-0.5228062893650569	0.7009712140481935	0.01917377434243532	0.04440591451514984	0.9364203111424148	0.006772531039344129	0.17430818708391912	0.8189192818767368	0.006772531039344129	0.0	0.9555940854848501	reverted	reverted	reverted	reverted	reverted	control		0.0	0.0	0.0	0.0	0.0	0.044405914515149844
GCTCCCACATCGTTGC-1	Tumor	E14S	Hypoxic Tumor	0	9137.035172581673	1.2634620762697755	0.4014335303029218	-0.6114035232713065	0.6861758127532843	0.01772212732508899	0.04937786904781583	0.9329000036270952	0.04347987546989922	0.3433447342690368	0.6131753902610639	0.04347987546989922	0.0	0.9506221309521841	reverted	reverted	partial	reverted	reverted	control		0.0	0.0	0.0	0.0	0.0	0.04937786904781582
GCTCTATTCATAGGCC-1	Tumor	E14S	Hypoxic Tumor	0	8820.818710327148	-0.692692242824515	0.9645590075594935	-0.519495363372872	0.7214596780834932	0.019764951172003147	0.044055879164659695	0.9361791696633371	0.00050806624369801	0.03827866224414	0.9612132715121621	0.00050806624369801	0.0	0.9559441208353403	reverted	reverted	reverted	reverted	reverted	control		0.0	0.0	0.0	0.0	0.0	0.044055879164659695
GCTCTCATCCACGGCA-1	Tumor	E14S	Hypoxic Tumor	0	9132.493182182312	2.8000874157142337	0.03527866241246921	-0.9006819454610799	0.7498768183736094	0.01650020195860406	0.0653186702202129	0.9181811278211829	0.8688618583165589	0.11078675780489948	0.02035138387854152	0.8688618583165589	0.0	0.9346813297797871	persistent	reverted	persistent	persistent	reverted	control		0.0	0.0	0.0	0.0	0.0	0.06531867022021291
GCTGCCTTCTGTCTAC-1	Tumor	E14S	Tumor	0	7208.664430618286	2.2674079823522586	0.09111320287006812	-0.1583615819355307	0.41284438951623853	0.01637933473034692	0.024110457641395067	0.959510207628258	0.5123905903509965	0.345290422459447	0.1423189871895564	0.5123905903509965	0.0	0.9758895423586049	persistent	reverted	persistent	persistent	reverted	control		0.0	0.0	0.0	0.0	0.0	0.024110457641395067
GCTGCGATCATAGGTT-1	Tumor	E14S	Hypoxic Tumor	0	8587.859979629517	-1.3663708356743842	0.9898409351979626	0.16466934171971054	0.4772550400211467	0.02822800403906401	0.01683407445472143	0.9549379215062146	0.0002232423608746632	0.016814476131848968	0.9829622815072765	0.0002232423608746632	0.0	0.9831659255452786	reverted	reverted	reverted	reverted	reverted	control		0.0	0.0	0.0	0.0	0.0	0.01683407445472143
GGAAGTTAGGTCAATT-1	Tumor	E14S	Tumor	0	8329.972692608833	-0.39600410208851883	0.939467119816312	0.24447062661136806	0.36315658235312326	0.029509910052161865	0.012362265658772787	0.9581278242890655	0.0008300628777936755	0.05512669035894825	0.9440432467632581	0.0008300628777936755	0.0	0.9876377343412271	reverted	reverted	reverted	reverted	reverted	control		0.0	0.0	0.0	0.0	0.0	0.012362265658772784
GGACAGGCAAGCCAGC-1	Tumor	E14S	Hypoxic Tumor	0	8702.338785648346	-0.1809291987432358	0.9117310500440859	-0.5172614164597727	0.675081641593547	0.01854454018231504	0.04439318051032949	0.9370622793073556	0.0012421101508302724	0.0717346180029263	0.9270232718462434	0.0012421101508302724	0.0	0.9556068194896704	reverted	reverted	reverted	reverted	reverted	control		0.0	0.0	0.0	0.0	0.0	0.044393180510329484
GGACGGACAGGAGCCT-1	Tumor	E14S	Hypoxic Tumor	0	7938.729832649231	-1.0539168462198751	0.9817944409108462	-0.30906989025012316	0.8100206639967883	0.02513640842352457	0.03636218981498366	0.9385014017614918	0.00031055310268530647	0.02458120049496257	0.9751082464023522	0.00031055310268530647	0.0	0.9636378101850164	reverted	reverted	reverted	reverted	reverted	control		0.0	0.0	0.0	0.0	0.0	0.03636218981498366
GGAGAGGAGGTAGTCC-1	Tumor	E14S	Tumor	0	8750.657481610775	0.5512161316931903	0.7208927450500102	0.13299214564019468	0.376132393148043	0.023917755566243634	0.014484746864736525	0.9615974975690198	0.006435211276781284	0.17039319000114972	0.823171598722069	0.006435211276781284	0.0	0.9855152531352634	reverted	reverted	reverted	reverted	reverted	control		0.0	0.0	0.0	0.0	0.0	0.014484746864736525
GGCCTAGTCCGTCCTA-1	Tumor	E14S	Hypoxic Tumor	0	9034.703772306442	-0.24142252488703883	0.9205233942902707	-0.1935002757499264	0.7096836343952289	0.024609928970836366	0.03172276337144885	0.9436673076577148	0.0011046438295095784	0.06662545128810318	0.9322699048823873	0.0011046438295095784	0.0	0.9682772366285511	reverted	reverted	reverted	reverted	reverted	control		0.0	0.0	0.0	0.0	0.0	0.03172276337144885
GGCGGTAGTTCGGCTA-1	Tumor	E14S	Tumor	0	8762.617967963219	1.5449404335733805	0.2824427352802849	0.24254059474298098	0.29497459138558213	0.027897211044560617	0.010746881826032891	0.9613559071294064	0.09528114077545768	0.4125814258505717	0.4921374333739706	0.09528114077545768	0.0	0.9892531181739671	reverted	reverted	persistent	reverted	reverted	control		0.0	0.0	0.0	0.0	0.0	0.010746881826032891
GGCTGTTAGATAGCAA-1	Tumor	E14S	Hypoxic Tumor	0	9112.36111959815	0.6523360305751373	0.6808017778531994	-0.5109220463485475	0.7236146037834291	0.019933246636199324	0.043644511440241604	0.936422241923559	0.008317032624659994	0.1905593745236911	0.801123592851649	0.008317032624659994	0.0	0.9563554885597584	reverted	reverted	partial	reverted	reverted	control		0.0	0.0	0.0	0.0	0.0	0.043644511440241604
GGGAATTAGGATGCCT-1	Tumor	E14S	Tumor	0	8602.474068462849	0.8503305280678516	0.5945061154490419	0.344869626692095	0.3116389607291618	0.03690713244217479	0.010155877271627207	0.9529369902861979	0.013975183538634613	0.23502845656063956	0.7509963599007258	0.013975183538634613	0.0	0.9898441227283727	reverted	reverted	partial	reverted	reverted	control		0.0	0.0	0.0	0.0	0.0	0.010155877271627207
GGGGTATGTCAACTCG-1	Tumor	E14S	Hypoxic Tumor	0	9051.84019947052	0.19793244651155606	0.8344796148394876	-0.4334056774188579	0.7125277020549527	0.020689481841835264	0.04030128873942986	0.9390092294187349	0.0027685433633991736	0.11325600026445917	0.8839754563721416	0.0027685433633991736	0.0	0.9596987112605702	reverted	reverted	reverted	reverted	reverted	control		0.0	0.0	0.0	0.0	0.0	0.04030128873942986
GGTAATTTCGCTCACC-1	Tumor	E14S	Tumor	0	9003.631661713123	0.5662044978933004	0.7151478391675586	0.12557635756269067	0.38504814351148076	0.023867077445326196	0.014884512272781833	0.961248410281892	0.006681975056480135	0.17327171338116262	0.8200463115623571	0.006681975056480135	0.0	0.9851154877272182	reverted	reverted	reverted	reverted	reverted	control		0.0	0.0	0.0	0.0	0.0	0.014884512272781833
GGTTAAGGTATGTGCT-1	Tumor	E14S	Tumor	0	6538.567540168762	-0.7460565652326993	0.9678551023782406	0.10970192809966725	0.5213763443334247	0.027272739267741805	0.0192270851093135	0.9535001756229445	0.0004689627608969238	0.03584844825166797	0.9636825889874351	0.0004689627608969238	0.0	0.9807729148906865	reverted	reverted	reverted	reverted	reverted	control		0.0	0.0	0.0	0.0	0.0	0.019227085109313504
GGTTAGCTCGCTTCCA-1	Tumor	E14S	Tumor	0	8364.732280731201	0.601372611247101	0.7013930759967272	0.3450571489861572	0.2833989218111727	0.0369509679625632	0.009636127933347042	0.9534129041040899	0.007302735191693087	0.1801767857673339	0.812520479040973	0.007302735191693087	0.0	0.990363872066653	reverted	reverted	reverted	reverted	reverted	control		0.0	0.0	0.0	0.0	0.0	0.009636127933347042
GGTTCCTCACATGAGT-1	Tumor	E14S	Hypoxic Tumor	0	8361.50287437439	-0.3659795487685002	0.9361527463998917	-0.4783246521823598	0.7584693896089818	0.021290580559837718	0.042056196376739116	0.9366532230634232	0.0008760507539013789	0.05719621930265497	0.9419277299434436	0.0008760507539013789	0.0	0.9579438036232609	reverted	reverted	reverted	reverted	reverted	control		0.0	0.0	0.0	0.0	0.0	0.042056196376739116
GTAAGTAAGTCGATAT-1	Tumor	E14S	Hypoxic Tumor	0	9014.02719116211	0.24747242925310434	0.8211160582637375	0.8228615585753309	0.13818044765461654	0.45267256375786386	0.01159801946313122	0.535729416779005	0.0030996804755521854	0.12008851751014035	0.8768118020143074	0.0030996804755521854	0.0	0.9884019805368687	reverted	reverted	reverted	reverted	reverted	control		0.0	0.0	0.0	0.0	0.0	0.011598019463131218
GTACAAGGTCAGGCTC-1	Tumor	E14S	Hypoxic Tumor	0	5138.016901016235	-0.2564780168439658	0.9225837920467332	-0.4569525582409882	0.7028876274847105	0.020097098030939967	0.04132830485134842	0.9385745971177115	0.0010733721162452582	0.06540978087794036	0.9335168470058143	0.0010733721162452582	0.0	0.9586716951486516	reverted	reverted	reverted	reverted	reverted	control		0.0	0.0	0.0	0.0	0.0	0.041328304851348426
GTACCCAGTTCACTCC-1	Tumor	E14S	Hypoxic Tumor	0	7002.646902084351	-1.4229919216777125	0.9908641408029861	-0.06418394789821219	0.689068636512619	0.026814260912619535	0.027726160875449775	0.9454595782119308	0.00021231340679725305	0.015703492382071364	0.9840841942111315	0.00021231340679725305	0.0	0.9722738391245501	reverted	reverted	reverted	reverted	reverted	control		0.0	0.0	0.0	0.0	0.0	0.027726160875449768
GTACGTTGTCAATCTA-1	Tumor	E14S	Tumor	0	6121.262574911118	1.8130469889024834	0.19155411374141523	0.41656604609687253	0.22430255986075417	0.04862521727075079	0.00857627497520143	0.9427985077540476	0.1945439325810457	0.44556216603492815	0.35989390138402616	0.1945439325810457	0.0	0.9914237250247986	partial	reverted	persistent	partial	reverted	control		0.0	0.0	0.0	0.0	0.0	0.008576274975201432
GTAGTGAGTGATAGAT-1	Tumor	E14S	Hypoxic Tumor	0	9101.00498509407	1.2284746189150013	0.41744786104648673	-0.6335644018250426	0.6918545644065413	0.017625068857033778	0.05053363848450038	0.9318412926584658	0.039429590227878654	0.3338794052560855	0.6266910045160358	0.039429590227878654	0.0	0.9494663615154996	reverted	reverted	partial	reverted	reverted	control		0.0	0.0	0.0	0.0	0.0	0.05053363848450038
GTCAATGTCACGCGAT-1	Tumor	E14S	Hypoxic Tumor	0	9149.162959098816	-1.092205341942438	0.9830458131679799	-0.2583958838045061	0.7121478919655243	0.023470969078035052	0.03379820569115546	0.9427308252308096	0.0002968106470089801	0.02345872129788276	0.9762444680551083	0.0002968106470089801	0.0	0.9662017943088445	reverted	reverted	reverted	reverted	reverted	control		0.0	0.0	0.0	0.0	0.0	0.03379820569115545
GTCTCACCAAGTGTAC-1	Tumor	E14S	Hypoxic Tumor	0	5920.995045661926	-0.7508237830399115	0.9681347042173131	0.5058394094316018	0.2589738156773774	0.06489233742278944	0.008796422353394513	0.9263112402238161	0.0004656768878520183	0.03563906513911439	0.9638952579730334	0.0004656768878520183	0.0	0.9912035776466055	reverted	reverted	reverted	reverted	reverted	control		0.0	0.0	0.0	0.0	0.0	0.008796422353394513
GTGAATCCATCCCTGG-1	Tumor	E14S	Tumor	0	8669.696476355195	1.2887901928260113	0.3899682717564575	0.5884519480115096	0.16361975929184563	0.1218956034141202	0.00919832132482816	0.8689060752610517	0.04667229657204632	0.3501524681927134	0.6031752352352403	0.04667229657204632	0.0	0.9908016786751719	reverted	reverted	partial	reverted	reverted	control		0.0	0.0	0.0	0.0	0.0	0.00919832132482816
GTGCATATCAGTAATC-1	Tumor	E14S	Tumor	0	7200.007192134857	-0.9503119079545802	0.9779363918937682	0.3851760025965373	0.2700770214472407	0.04202499088039407	0.009205564715899197	0.9487694444037068	0.00035336858365908196	0.02790184212401185	0.9717447892923291	0.00035336858365908196	0.0	0.9907944352841008	reverted	reverted	reverted	reverted	reverted	control		0.0	0.0	0.0	0.0	0.0	0.009205564715899197
GTGGTTATCCGCAACG-1	Tumor	E14S	Tumor Proliferating	0	9099.712982177734	-0.25470547066891736	0.9223437780065389	-0.5824646825686243	0.6867226919366785	0.018067347510408886	0.04772154057761561	0.9342111119119754	0.0010769968046585034	0.06555177928141119	0.9333712239139302	0.0010769968046585034	0.0	0.9522784594223844	reverted	reverted	reverted	reverted	reverted	control		0.0	0.0	0.0	0.0	0.0	0.04772154057761562
GTTGATTAGTCAGCCG-1	Tumor	E14S	Hypoxic Tumor	0	9108.880221396685	0.523544634616576	0.7313102821803505	0.5985245348806184	0.18029088348037328	0.12086391679619458	0.009127093393242329	0.8700089898105632	0.00600555508629261	0.16517961762100422	0.8288148272927032	0.00600555508629261	0.0	0.9908729066067578	reverted	reverted	reverted	reverted	reverted	control		0.0	0.0	0.0	0.0	0.0	0.009127093393242329
TAACCTAGTTCGTGGC-1	Tumor	E14S	Hypoxic Tumor	0	8650.467101812363	-0.9474683260387269	0.9778199374258489	-0.08084669453426728	0.6846102661383511	0.026313070662390744	0.028069272381246572	0.9456176569563628	0.0003546721372867706	0.027999172485028416	0.9716461553776848	0.0003546721372867706	0.0	0.9719307276187533	reverted	reverted	reverted	reverted	reverted	control		0.0	0.0	0.0	0.0	0.0	0.028069272381246565
TAGGCCACATAGGGCC-1	Tumor	E14S	Tumor	0	8422.5426813066	0.6092054532636731	0.698278082505028	0.22181515478770655	0.3338099737149895	0.02739809080688624	0.01191845482231051	0.9606834543708034	0.007449429098831581	0.18174359409793153	0.8108069768032369	0.007449429098831581	0.0	0.9880815451776894	reverted	reverted	partial	reverted	reverted	control		0.0	0.0	0.0	0.0	0.0	0.011918454822310506
TAGGCTGCATCACTGC-1	Tumor	E14S	Tumor	0	8160.317018687725	4.739050295986819	0.0009300771944551543	0.1343848171066115	0.2029687744684043	0.018912703153565944	0.010077229439639908	0.9710100674067943	0.9999633389520137	3.636558333703738e-05	2.95464649263415e-07	0.9999633389520137	0.0	0.98992277056036	persistent	reverted	persistent	persistent	reverted	control		0.0	0.0	0.0	0.0	0.0	0.010077229439639906
TAGTGGGAGGGCTGAA-1	Tumor	E14S	Hypoxic Tumor	0	7238.251966238022	-1.306018468082464	0.9886252759348112	-0.2679819797351365	0.7316686365892896	0.023825578809493694	0.03434275577721941	0.941831665413287	0.0002362812742073716	0.01808834914201948	0.9816753695837732	0.0002362812742073716	0.0	0.9656572442227807	reverted	reverted	reverted	reverted	reverted	control		0.0	0.0	0.0	0.0	0.0	0.03434275577721941
TATCATGGTTGACCAT-1	Tumor	E14S	Tumor Proliferating	0	8971.675572395325	0.5698826954702783	0.7137271951611339	0.2557821154702396	0.3190562148735109	0.029344141416715167	0.011147472935229719	0.9595083856480551	0.006744107929999694	0.1739839859248966	0.8192719061451037	0.006744107929999694	0.0	0.9888525270647702	reverted	reverted	reverted	reverted	reverted	control		0.0	0.0	0.0	0.0	0.0	0.011147472935229719
TCAAACTAGTGAGTAA-1	Tumor	E14S	Hypoxic Tumor	0	9176.508568286896	-0.6434654509577722	0.9612315323175394	-0.3426009244655063	0.7800132964900439	0.02384570276742378	0.037188230999126756	0.9389660662334496	0.0005482486698782651	0.04066721996547366	0.9587845313646481	0.0005482486698782651	0.0	0.9628117690008732	reverted	reverted	reverted	reverted	reverted	control		0.0	0.0	0.0	0.0	0.0	0.03718823099912675
TCAATCCTCAATCGCA-1	Tumor	E14S	Hypoxic Tumor	0	9052.040982842445	-0.08226777555190216	0.8954981676747769	0.6021305167113381	0.20190301270331168	0.11378358541023173	0.00899223570381278	0.8772241788859554	0.001513700503807643	0.08088636853223004	0.9175999309639623	0.001513700503807643	0.0	0.9910077642961872	reverted	reverted	reverted	reverted	reverted	control		0.0	0.0	0.0	0.0	0.0	0.008992235703812782
TCACGCCTCTAAGTCG-1	Tumor	E14S	Hypoxic Tumor	0	9064.98099577427	-0.4344244365505012	0.9434736567988186	0.8124685295459266	0.15679839191835834	0.39371221199333684	0.011200026966482464	0.5950877610401806	0.0007755911860060062	0.05258581303850862	0.9466385957754855	0.0007755911860060062	0.0	0.9887999730335175	reverted	reverted	reverted	reverted	reverted	control		0.0	0.0	0.0	0.0	0.0	0.011200026966482465
TCAGAGGAGTGATACT-1	Tumor	E14S	Hypoxic Tumor	0	5102.292494773865	-0.45157856709101585	0.9451808676325418	0.9428622347421745	0.13725135521499704	0.6954636000780499	0.010533642942621957	0.2940027569793282	0.0007527472290923225	0.05148904944520108	0.9477582033257066	0.0007527472290923225	0.0	0.9894663570573781	reverted	reverted	reverted	reverted	reverted	control		0.0	0.0	0.0	0.0	0.0	0.010533642942621957
TCAGTTAGTAGCCTCA-1	Tumor	E14S	Hypoxic Tumor	0	5163.859016418457	-1.1558041404373038	0.984940068245174	-0.2672994856912687	0.685204720723101	0.022573036402521316	0.033761982385397536	0.9436649812120811	0.00027613048921956024	0.02170890187557141	0.978014967635209	0.00027613048921956024	0.0	0.9662380176146025	reverted	reverted	reverted	reverted	reverted	control		0.0	0.0	0.0	0.0	0.0	0.03376198238539754
TCATAGGTCAAGTCCA-1	Tumor	E14S	Hypoxic Tumor	0	8567.432548046112	-0.09790775756737419	0.8982367312958174	-0.5803745089581808	0.6564894153363873	0.0172884812813337	0.0482141151991086	0.9344974035195576	0.0014662116649400976	0.07936460554959125	0.9191691827854686	0.0014662116649400976	0.0	0.9517858848008914	reverted	reverted	reverted	reverted	reverted	control		0.0	0.0	0.0	0.0	0.0	0.048214115199108606
TCATATGGTAAGTCAG-1	Tumor	E14S	Tumor	0	5104.105451345444	-0.09217117838397795	0.8972397238017156	0.40509207038803724	0.3405181701383681	0.043241020068775726	0.010271080009621028	0.9464878999216033	0.0014834204649474356	0.07991957460307883	0.9185970049319737	0.0014834204649474356	0.0	0.989728919990379	reverted	reverted	reverted	reverted	reverted	control		0.0	0.0	0.0	0.0	0.0	0.010271080009621028
TCATCTATCCGGGTTG-1	Tumor	E14S	Hypoxic Tumor	0	9163.702399492264	0.7082873438215391	0.6573561869392001	-0.5776477901268071	0.6978100333224542	0.01841796436557971	0.04725585380707214	0.9343261818273482	0.009610217298800633	0.2024685124012664	0.787921270299933	0.009610217298800633	0.0	0.9527441461929279	reverted	reverted	partial	reverted	reverted	control		0.0	0.0	0.0	0.0	0.0	0.04725585380707214
TCATGGATCACCTCGC-1	Tumor	E14S	Tumor	0	7939.32130086422	1.9677117747611186	0.15023650080781215	0.3090140064226023	0.2787915877884327	0.03320666485046316	0.009804031011041674	0.956989304138495	0.28304684530657065	0.43623597163940137	0.2807171830540281	0.28304684530657065	0.0	0.9901959689889583	partial	reverted	persistent	partial	reverted	control		0.0	0.0	0.0	0.0	0.0	0.009804031011041676
TCCACATTCTGTCACT-1	Tumor	E14S	Hypoxic Tumor	0	9087.969834566116	-0.41303440183265255	0.9412748489213248	-0.34987949953114134	0.7520658883622622	0.023004921964632948	0.037255726924752416	0.9397393511106145	0.0008053350453742923	0.05398580053603693	0.9452088644185888	0.0008053350453742923	0.0	0.9627442730752476	reverted	reverted	reverted	reverted	reverted	control		0.0	0.0	0.0	0.0	0.0	0.03725572692475242
TCCATTATCGTACTAG-1	Tumor	E14S	Hypoxic Tumor	0	9093.989922910929	0.5153501636369583	0.7343476320687341	-0.5929603360319978	0.7372593625339021	0.019275737743062994	0.047365238219610147	0.9333590240373268	0.005884462519505736	0.16366071205101218	0.8304548254294821	0.005884462519505736	0.0	0.9526347617803899	reverted	reverted	reverted	reverted	reverted	control		0.0	0.0	0.0	0.0	0.0	0.047365238219610147
TCCCCTGGTATAGCTC-1	Tumor	E14S	Tumor	0	7151.47957265377	0.13557332455925228	0.8501488841626758	0.47779081793412687	0.29647296083842145	0.05550710049282126	0.009216062387083324	0.9352768371200956	0.002407790072497452	0.10515694533713092	0.8924352645903716	0.002407790072497452	0.0	0.9907839376129166	reverted	reverted	reverted	reverted	reverted	control		0.0	0.0	0.0	0.0	0.0	0.009216062387083323
TCCCGTTGTTAGACAG-1	Tumor	E14S	Hypoxic Tumor	0	8693.141722202301	-0.05240276328900774	0.8900876353889972	-0.487616126132874	0.7146548111085697	0.019999749073699738	0.04264912666864709	0.9373511242576532	0.0016095778300354816	0.08386968759249061	0.914520734577474	0.0016095778300354816	0.0	0.9573508733313529	reverted	reverted	reverted	reverted	reverted	control		0.0	0.0	0.0	0.0	0.0	0.04264912666864709
TCCTTCCTCCCCAGAG-1	Tumor	E14S	Tumor	0	5799.255773067474	-0.271966778157454	0.9246523170462762	0.3530441447073311	0.3353216715396486	0.03773654667454469	0.010562489970525347	0.95170096335493	0.0010423302177276145	0.06418164618945213	0.9347760235928203	0.0010423302177276145	0.0	0.9894375100294746	reverted	reverted	reverted	reverted	reverted	control		0.0	0.0	0.0	0.0	0.0	0.010562489970525345
TCGAATGTCAATCGGC-1	Tumor	E14S	Hypoxic Tumor	0	7487.991123199463	-1.1438091202962812	0.9845994958216138	2.241637599807286	0.056458203764033876	0.9999679600983469	3.2039819809470814e-05	8.184367006312626e-11	0.000279838213088119	0.022028375660603974	0.977691786126308	0.000279838213088119	0.0	0.9999679601801905	reverted	reverted	reverted	reverted	reverted	control		0.0	0.0	0.0	0.0	0.0	3.2039819809470814e-05
TCGAGGTTCGCGCACA-1	Tumor	E14S	Tumor Proliferating	0	8816.338145717978	1.185797173654306	0.43721708200802933	0.5460928448047416	0.16887268839200897	0.09649265654124857	0.008825779064286955	0.8946815643944644	0.035003980975083615	0.32228785978785573	0.6427081592370606	0.035003980975083615	0.0	0.9911742209357131	reverted	reverted	partial	reverted	reverted	control		0.0	0.0	0.0	0.0	0.0	0.008825779064286955
TCGTACTTCCAATTCC-1	Tumor	E14S	Tumor	0	8564.952517092228	1.0331440441479514	0.5091318429385628	-0.07958226962082465	0.4446306551006657	0.019139896361811137	0.022029017398870015	0.9588310862393188	0.022940404465429498	0.281255232334966	0.6958043631996044	0.022940404465429498	0.0	0.97797098260113	reverted	reverted	partial	reverted	reverted	control		0.0	0.0	0.0	0.0	0.0	0.02202901739887002
TCGTTGGGTTATGCGT-1	Tumor	E14S	Hypoxic Tumor	0	9265.014015197754	-0.26631173983301076	0.9239030370184739	-0.49553049111100655	0.6925276793776529	0.019296989153740222	0.04315608856952474	0.937546922276735	0.001053533825380419	0.0646274212904034	0.9343190448842161	0.001053533825380419	0.0	0.9568439114304752	reverted	reverted	reverted	reverted	reverted	control		0.0	0.0	0.0	0.0	0.0	0.04315608856952474
TCTACAAGTTAACGTC-1	Tumor	E14S	Hypoxic Tumor	0	9222.056198120117	-1.7338931237981652	0.9949078674643088	-0.0545300287039573	0.7029870398482518	0.027395575126008966	0.02777255130863519	0.9448318735653558	0.0001699511767335719	0.010820934553326157	0.9890091142699403	0.0001699511767335719	0.0	0.9722274486913648	reverted	reverted	reverted	reverted	reverted	control		0.0	0.0	0.0	0.0	0.0	0.02777255130863519
TCTATGAGTTTGGAGA-1	Tumor	E14S	Hypoxic Tumor	0	9147.246569126844	0.3751906043603889	0.7828133751510554	-0.5158187394608232	0.7498715807917185	0.020565547751678785	0.04366282478635401	0.9357716274619672	0.0041818288974886635	0.13942162246823198	0.8563965486342795	0.0041818288974886635	0.0	0.956337175213646	reverted	reverted	reverted	reverted	reverted	control		0.0	0.0	0.0	0.0	0.0	0.04366282478635402
TCTCGCATCCTGACCC-1	Tumor	E14S	Tumor	0	8943.87680053711	1.3577976911522727	0.3593728308645971	-0.6901391842069415	0.615357046168119	0.015099895063968445	0.057453542135180356	0.9274465628008512	0.05661504192897913	0.3683705062778414	0.5750144517931794	0.05661504192897913	0.0	0.9425464578648197	reverted	reverted	partial	reverted	reverted	control		0.0	0.0	0.0	0.0	0.0	0.057453542135180356
TCTGAGGCAGGCATAT-1	Tumor	E14S	Hypoxic Tumor	0	9156.768880844116	1.5425744456742063	0.28335140838007483	-0.9194249521887843	0.7303681488190532	0.015883378116369782	0.0682336350003513	0.9158829868832788	0.09466228043260241	0.41209640943057824	0.49324131013681943	0.09466228043260241	0.0	0.9317663649996487	reverted	reverted	persistent	reverted	reverted	control		0.0	0.0	0.0	0.0	0.0	0.06823363500035132
TGACGGTTCCCCATGC-1	Tumor	E14S	Hypoxic Tumor	0	6415.830918312073	-0.2727670901752545	0.9247578076491731	0.429082533155014	0.29588051040233576	0.04754653097892389	0.009388016997658727	0.9430654520234173	0.001040756568094956	0.06411880162334452	0.9348404418085605	0.001040756568094956	0.0	0.9906119830023413	reverted	reverted	reverted	reverted	reverted	control		0.0	0.0	0.0	0.0	0.0	0.009388016997658729
TGAGGAACAATGCCAG-1	Tumor	E14S	Tumor	0	5721.112884521484	-1.2095130999157486	0.9863762372089961	0.4760032716677775	0.20268835285321585	0.06399318106326923	0.008474342265136449	0.9275324766715943	0.00026054302478570335	0.020335705473091645	0.9794037515021226	0.00026054302478570335	0.0	0.9915256577348636	reverted	reverted	reverted	reverted	reverted	control		0.0	0.0	0.0	0.0	0.0	0.008474342265136449
TGCCATTTCGATCGCG-1	Tumor	E14S	Hypoxic Tumor	0	9016.023868948221	1.1385049551134938	0.4593566769678681	-0.6284469322683193	0.7065528341746034	0.018064898864462754	0.049861063363720114	0.9320740377718171	0.030689525081055626	0.3094545363124149	0.6598559386065296	0.030689525081055626	0.0	0.9501389366362799	reverted	reverted	partial	reverted	reverted	control		0.0	0.0	0.0	0.0	0.0	0.04986106336372012
TGCCTCTGTGATGCAA-1	Tumor	E14S	Tumor	0	6065.516771316528	-0.2865919936773843	0.9265587968140353	0.17845052312489712	0.209189676511879	0.021582042367942277	0.009661926268719744	0.968756031363338	0.0010140306978010608	0.06304261879443569	0.9359433505077632	0.0010140306978010608	0.0	0.9903380737312802	reverted	reverted	reverted	reverted	reverted	control		0.0	0.0	0.0	0.0	0.0	0.009661926268719744
TGCGGTTAGTTGCTTC-1	Tumor	E14S	Hypoxic Tumor	0	6717.6068477630615	-1.4542501130462608	0.9913845611092602	-0.039054888121477976	0.6880081636838004	0.027383618862374674	0.027065523231771353	0.9455508579058541	0.00020677371367031118	0.01512294206808412	0.9846702842182454	0.00020677371367031118	0.0	0.9729344767682286	reverted	reverted	reverted	reverted	reverted	control		0.0	0.0	0.0	0.0	0.0	0.027065523231771346
TGCTACCCAATGCCTC-1	Tumor	E14S	Tumor	0	8970.870717823505	4.020286088544145	0.0036166548232282004	-1.0028252513467155	0.6784349062497966	0.014084577784005264	0.08173766079344404	0.9041777614225507	0.9988708152375261	0.0010998605320262614	2.932423044774184e-05	0.9988708152375261	0.0	0.918262339206556	persistent	reverted	persistent	persistent	reverted	control		0.0	0.0	0.0	0.0	0.0	0.08173766079344404
TGGAGGATCGCGCTCT-1	Tumor	E14S	Hypoxic Tumor	0	8688.109602928162	1.7308120054274543	0.2168259373402463	-0.6729683437422055	0.6833845021179898	0.016986547308684773	0.053229641230069305	0.929783811461246	0.15732241832216948	0.44099819435593324	0.40167938732189723	0.15732241832216948	0.0	0.9467703587699308	partial	reverted	persistent	partial	reverted	control		0.0	0.0	0.0	0.0	0.0	0.053229641230069305
TGGCCTGAGTTGGTGC-1	Tumor	E14S	Hypoxic Tumor	0	5213.401077270508	-1.0418157861937802	0.9813804083822555	0.22841292961022966	0.46238431786821876	0.030846352286681446	0.015294532905381374	0.9538591148079373	0.0003151148936416317	0.024947268779322247	0.9747376163270363	0.0003151148936416317	0.0	0.9847054670946187	reverted	reverted	reverted	reverted	reverted	control		0.0	0.0	0.0	0.0	0.0	0.015294532905381374
TGGCTGACAAGCTACG-1	Tumor	E14S	Hypoxic Tumor	0	8999.827922821045	-0.8630664234672928	0.9740766554329339	-0.23649355363188876	0.6946828787833531	0.023390887425364947	0.03284882271618381	0.9437602898584513	0.0003969500963000959	0.031050916565927855	0.9685521333377721	0.0003969500963000959	0.0	0.9671511772838163	reverted	reverted	reverted	reverted	reverted	control		0.0	0.0	0.0	0.0	0.0	0.03284882271618381
TGGCTTGGTTAGGCTT-1	Tumor	E14S	Tumor	0	8640.773236989975	-0.620627077192281	0.9595877794405419	0.35836209848016853	0.3636140313348695	0.038268921069865215	0.011115892638948998	0.9506151862911859	0.0005683681156824269	0.041825623032714886	0.9576060088516027	0.0005683681156824269	0.0	0.9888841073610509	reverted	reverted	reverted	reverted	reverted	control		0.0	0.0	0.0	0.0	0.0	0.011115892638948997
TGGGATTCAATGCGTG-1	Tumor	E14S	Tumor	0	8135.912320435047	0.1061416084698641	0.8571096084492382	0.4899484222758251	0.23920687453676434	0.06332110676145179	0.008664402779205483	0.9280144904593427	0.0022565554937017235	0.10152176863292497	0.8962216758733734	0.0022565554937017235	0.0	0.9913355972207946	reverted	reverted	reverted	reverted	reverted	control		0.0	0.0	0.0	0.0	0.0	0.008664402779205485
TGGGCAAAGAATCATC-1	Tumor	E14S	Tumor	0	6592.7275466918945	1.9831390568477516	0.14654584147338445	-0.0995726499791669	0.4419029504326758	0.018573565106685105	0.022637999823674527	0.9587884350696403	0.29320203292070435	0.4338814823177958	0.27291648476149993	0.29320203292070435	0.0	0.9773620001763255	partial	reverted	persistent	partial	reverted	control		0.0	0.0	0.0	0.0	0.0	0.02263799982367453
TGTAAGCCAACTGTCC-1	Tumor	E14S	Hypoxic Tumor	0	6960.643986463547	-1.2252584994715396	0.9867710542672131	-0.411448475624682	0.7439041857917431	0.02185102342244608	0.0394527606883481	0.9386962158892057	0.0002562710083529871	0.01995029565531731	0.9797934333363298	0.0002562710083529871	0.0	0.9605472393116519	reverted	reverted	reverted	reverted	reverted	control		0.0	0.0	0.0	0.0	0.0	0.039452760688348104
TGTATCAGTAACGACA-1	Tumor	E14S	Hypoxic Tumor	0	7913.439036846161	-0.7179465582043939	0.96615758775678	-0.33018739429151645	0.7234618850976364	0.022557183014182254	0.03636495963636819	0.9410778573494495	0.0004890159617757874	0.03710855346294251	0.9624024305752817	0.0004890159617757874	0.0	0.9636350403636318	reverted	reverted	reverted	reverted	reverted	control		0.0	0.0	0.0	0.0	0.0	0.03636495963636819
TGTCCACCACCTTGCG-1	Tumor	E14S	Hypoxic Tumor	0	8866.928576469421	-0.4720452245765634	0.9471541931236542	-0.49276843690870126	0.7181247128831992	0.020024539714626234	0.04286093704319006	0.9371145232421837	0.000726611759880867	0.05021009237319972	0.9490632958669195	0.000726611759880867	0.0	0.95713906295681	reverted	reverted	reverted	reverted	reverted	control		0.0	0.0	0.0	0.0	0.0	0.04286093704319006
TGTCCGCTCAAGTTCG-1	Tumor	E14S	Hypoxic Tumor	0	8740.737174987793	-0.8148570059079923	0.9716695436459651	-0.43690575480269384	0.745562487043197	0.021526703987724088	0.040436584893823964	0.9380367111184519	0.00042454297581376554	0.03294346008111864	0.9666319969430677	0.00042454297581376554	0.0	0.959563415106176	reverted	reverted	reverted	reverted	reverted	control		0.0	0.0	0.0	0.0	0.0	0.04043658489382397
TGTCTTGCAGGGCTGT-1	Tumor	E14S	Hypoxic Tumor	0	6416.659411430359	-1.7115524834901845	0.9946890486885497	-0.0489662869525015	0.7002183692965193	0.027456483420961065	0.027575112902977712	0.9449684036760613	0.0001721729638119794	0.011112453757042352	0.9887153732791457	0.0001721729638119794	0.0	0.9724248870970224	reverted	reverted	reverted	reverted	reverted	control		0.0	0.0	0.0	0.0	0.0	0.027575112902977712
AAACCATTCGAACGCT-1	Tumor	E15S	Tumor Proliferating	1	9030.936503786594	0.3565730423466482	0.788746008149057	-0.40197133394981555	0.48727210297575935	0.014808026654906726	0.03867862812250933	0.9465133452225839	0.004000340669641033	0.1364441881699257	0.8595554711604333	0.004000340669641033	0.0	0.9613213718774907	reverted	reverted	reverted	reverted	reverted	persistent		0.0	0.0	0.0	0.0	0.0	0.03867862812250933
AAACGAATCCATCCTG-1	Tumor	E15S	Tumor Proliferating	1	8954.222863078117	0.29120653596376067	0.8086298751326297	0.30955604260651143	0.14819177656541827	0.03313949018407768	0.008027556448657675	0.9588329533672646	0.0034298878619752546	0.12642438700928232	0.8701457251287424	0.0034298878619752546	0.0	0.9919724435513423	reverted	reverted	reverted	reverted	reverted	persistent		0.0	0.0	0.0	0.0	0.0	0.008027556448657675
AAACGACAGGCGTCCA-1	Tumor	E15S	Tumor	1	8830.426636219025	2.6828698620474762	0.043661286953842554	0.037287391953135234	0.17453140519874516	0.014143657596813668	0.011137602074510868	0.9747187403286754	0.8135328145837522	0.15286126444167308	0.03360592097457487	0.8135328145837522	0.0	0.0	persistent	persistent	persistent	persistent	persistent	persistent		0.9747187403286754	0.014143657596813668	0.011137602074510868	0.0	0.0	0.0
AAACGTAAGGTGAAGT-1	Tumor	E15S	Tumor	1	8830.949845217168	0.4566848768625769	0.755443064198295	0.039313056056244584	0.26007040253965935	0.016567421348726002	0.013152130090768373	0.9702804485605055	0.005092441205211208	0.15311794829741673	0.841789610497372	0.005092441205211208	0.0	0.9868478699092317	reverted	reverted	reverted	reverted	reverted	persistent		0.0	0.0	0.0	0.0	0.0	0.013152130090768375
AAAGCAATCCACCGTC-1	Tumor	E15S	Tumor Proliferating	1	8936.084171958268	1.8104012184128604	0.19233098789233535	0.2964560476861369	0.13186189975490603	0.03144152660574224	0.007913112212520147	0.9606453611817375	0.19324261225010905	0.4455095470445003	0.3612478407053906	0.19324261225010905	0.0	0.0	partial	persistent	persistent	partial	persistent	persistent		0.9606453611817376	0.031441526605742245	0.007913112212520149	0.0	0.0	0.0
AAAGCATGTCTAGAGA-1	Tumor	E15S	Tumor	1	8041.003894805908	0.7015290721022256	0.6602321638494226	0.18908400249953752	0.18744860047010597	0.02179113142555342	0.009164300508624162	0.9690445680658223	0.009443026763635268	0.20100186214145033	0.7895551110949144	0.009443026763635268	0.9690445680658224	0.0	reverted	partial	partial	reverted	partial	persistent		0.0	0.0	0.0	0.021791131425553424	0.009164300508624164	0.0
AAAGCTAAGCAGGTGA-1	Tumor	E15S	Tumor Proliferating	1	8909.032905511558	1.074909840222875	0.48936721145897133	-0.2320594079331479	0.35155225984616667	0.013293732692800781	0.02624860123297438	0.9604576660742249	0.025735661801090787	0.2923403322054664	0.6819240059934429	0.025735661801090787	0.9604576660742249	0.0	reverted	partial	partial	reverted	partial	persistent		0.0	0.0	0.0	0.013293732692800781	0.02624860123297438	0.0
AAAGCTGGTCTAATCA-1	Tumor	E15S	Tumor	1	8812.189480185509	1.4631678739057392	0.3148440485167495	0.1844693112819832	0.15589192605006855	0.02084797043030117	0.008713248394051713	0.970438781175647	0.07597555900968354	0.3945420035220986	0.5294824374682179	0.07597555900968354	0.9704387811756471	0.0	reverted	partial	partial	reverted	partial	persistent		0.0	0.0	0.0	0.020847970430301174	0.008713248394051715	0.0
AAAGGTTGTTGAGCGG-1	Tumor	E15S	Tumor Proliferating	1	8902.587462738156	1.4857655316459735	0.30568940193656796	-0.03631152208592048	0.2499335318286272	0.014062898417700689	0.014889741654495905	0.9710473599278034	0.0808990684134045	0.39976905077013253	0.519331880816463	0.0808990684134045	0.9710473599278034	0.0	reverted	partial	partial	reverted	partial	persistent		0.0	0.0	0.0	0.014062898417700689	0.014889741654495905	0.0
AAAGTAGTCATCAGGC-1	Tumor	E15S	Tumor	1	8815.257570400834	0.6661358277462657	0.6750978929312537	-0.34197860648801426	0.43481491455442256	0.014114280025880123	0.03443256370493339	0.9514531562691865	0.008617408537036207	0.1934472004671683	0.7979353909957955	0.008617408537036207	0.9514531562691865	0.0	reverted	partial	partial	reverted	partial	persistent		0.0	0.0	0.0	0.014114280025880123	0.03443256370493339	0.0
AAAGTAGTCTAGCTGA-1	Tumor	E15S	Tumor	1	8380.145530700684	1.065042368088296	0.4940360472778231	-0.13290925997460232	0.257259243029493	0.012276582473597206	0.01873200576028569	0.9689914117661172	0.025044744263523926	0.2897083234782327	0.6852469322582433	0.025044744263523926	0.968991411766117	0.0	reverted	partial	partial	reverted	partial	reverted		0.0	0.0	0.0	0.012276582473597203	0.018732005760285688	0.0
AAAGTCAAGTACGGAG-1	Tumor	E15S	Tumor Proliferating	1	8867.542572632432	1.1170106430135798	0.46947780111589144	-0.06526358207650589	0.2683678693448061	0.013908119853043742	0.016350814097990756	0.9697410660489656	0.028913309157735875	0.30364530905355663	0.6674413817887075	0.028913309157735875	0.9697410660489656	0.0	reverted	partial	partial	reverted	partial	persistent		0.0	0.0	0.0	0.013908119853043742	0.016350814097990756	0.0
AAAGTGATCCTCGTTG-1	Tumor	E15S	Tumor	1	8242.847402602434	1.296165337249783	0.3866518941090509	-0.47054524010071797	0.48444225966203863	0.013954597620797413	0.04381508860739101	0.9422303137718115	0.04764552195401987	0.3521251477201652	0.6002293303258148	0.04764552195401987	0.9422303137718115	0.0	reverted	partial	partial	reverted	partial	reverted		0.0	0.0	0.0	0.013954597620797413	0.04381508860739101	0.0
AAATGCAAGGAATGCG-1	Tumor	E15S	Tumor Proliferating	1	8975.224912852049	1.0999660361933286	0.4775219726755072	-0.17080078138965393	0.31780864315234963	0.013293647056515237	0.02214790467122304	0.9645584482722618	0.027580485436788926	0.29905514151888085	0.6733643730443304	0.027580485436788926	0.9645584482722618	0.0	reverted	partial	partial	reverted	partial	persistent		0.0	0.0	0.0	0.013293647056515237	0.02214790467122304	0.0
AAATGGGCATGATTGA-1	Tumor	E15S	Tumor	1	6731.12082028389	0.3678049627466944	0.7851811697433944	-0.1526439564426031	0.40700513750055695	0.016308887558658686	0.023713173807102392	0.9599779386342391	0.004108748589065616	0.1382338163413225	0.8576574350696119	0.004108748589065616	0.0	0.9762868261928975	reverted	reverted	reverted	reverted	reverted	reverted		0.0	0.0	0.0	0.0	0.0	0.023713173807102386
AAATGTGAGGTGAGAT-1	Tumor	E15S	Hypoxic Tumor	1	7107.090928554535	1.4367678021214974	0.3257238744121869	-0.5977156583341316	0.5069764007299884	0.0133079147640278	0.054694283404197255	0.9319978018317749	0.07059029895542986	0.3882383150237275	0.5411713860208426	0.07059029895542986	0.9319978018317749	0.0	reverted	partial	partial	reverted	partial	persistent		0.0	0.0	0.0	0.0133079147640278	0.054694283404197255	0.0
AAATTCGCATAGGGCC-1	Tumor	E15S	Tumor	1	8942.059917852283	1.1942843022554106	0.4332676277521237	-0.11361020776692468	0.27773836195702845	0.013175268375049525	0.018451516794863832	0.9683732148300866	0.03584179032096317	0.32459427232049054	0.6395639373585463	0.03584179032096317	0.9683732148300866	0.0	reverted	partial	partial	reverted	partial	persistent		0.0	0.0	0.0	0.013175268375049525	0.018451516794863832	0.0
AAATTGCTCCTCAACT-1	Tumor	E15S	Hypoxic Tumor	1	5667.553047180176	0.2086708532945879	0.8316525179380553	-0.16501213734444872	0.3149079092889163	0.013307976857650622	0.02178783803841127	0.9649041851039379	0.0028367434496129394	0.11470655547954961	0.8824567010708375	0.0028367434496129394	0.0	0.9782121619615888	reverted	reverted	reverted	reverted	reverted	persistent		0.0	0.0	0.0	0.0	0.0	0.021787838038411275
AACACACCAAACCGTG-1	Tumor	E15S	Tumor Proliferating	1	8518.684409186244	4.97008937827123	0.0006007657230579165	-0.00748794497773992	0.13429396397146182	0.011968592324192038	0.011391115836682572	0.9766402918391255	0.9999889033767428	1.1035918486120042e-05	6.070477092774967e-08	0.9999889033767428	0.0	0.0	persistent	persistent	persistent	persistent	persistent	persistent		0.9766402918391255	0.011968592324192038	0.011391115836682572	0.0	0.0	0.0
AACACACCAATTGCCC-1	Tumor	E15S	Tumor	1	8632.196920394897	0.06137093595342287	0.8671792990137309	0.24714458076254073	0.18629240991951734	0.026339291991536867	0.00869558057085336	0.9649651274376098	0.0020471278989823076	0.09621415963405129	0.9017387124669666	0.0020471278989823076	0.0	0.9913044194291466	reverted	reverted	reverted	reverted	reverted	persistent		0.0	0.0	0.0	0.0	0.0	0.00869558057085336
AACACCATCAGTTACG-1	Tumor	E15S	Tumor	1	8715.614530414343	0.5123975447048094	0.7354366589987139	-0.1138235115241582	0.33581251853780325	0.01487853106329442	0.020115592631505353	0.9650058763052001	0.005841493153820622	0.16311621569833554	0.8310422911478438	0.005841493153820622	0.0	0.9798844073684947	reverted	reverted	reverted	reverted	reverted	persistent		0.0	0.0	0.0	0.0	0.0	0.020115592631505357
AACACCATCCAGGTCG-1	Tumor	E15S	Tumor Proliferating	1	8996.56844985485	0.0714177767286126	0.8649732245395525	-0.1228407604282821	0.3557141654208166	0.015306448470471693	0.02105136595861614	0.9636421855709121	0.00209208357344013	0.09738230902153712	0.9005256074050227	0.00209208357344013	0.0	0.9789486340413839	reverted	reverted	reverted	reverted	reverted	persistent		0.0	0.0	0.0	0.0	0.0	0.021051365958616144
AACACCATCGCGCGTA-1	Tumor	E15S	Hypoxic Tumor	1	5522.465138435364	0.05425638580678141	0.8687229835574655	0.0405786715177173	0.20023555014559064	0.014903162635994168	0.011630056242212035	0.9734667811217939	0.0020159742182350136	0.09539485113370638	0.9025891746480585	0.0020159742182350136	0.0	0.988369943757788	reverted	reverted	reverted	reverted	reverted	persistent		0.0	0.0	0.0	0.0	0.0	0.011630056242212035
AACACCGCAATCAGTA-1	Tumor	E15S	Tumor Proliferating	1	8890.39653122425	0.47299223730726664	0.7496945634929381	-0.21055918235451557	0.3082438100639256	0.012428797293239749	0.02403291589351475	0.9635382868132454	0.005300041844868488	0.1559904883174313	0.8387094698377001	0.005300041844868488	0.0	0.9759670841064852	reverted	reverted	reverted	reverted	reverted	persistent		0.0	0.0	0.0	0.0	0.0	0.024032915893514754
AACACCGCACAATCCC-1	Tumor	E15S	Tumor	1	8266.941482543945	0.20913040793482482	0.8315306760899113	-0.18421083133732566	0.3710230668069627	0.014614593721768149	0.024186101582674552	0.9611993046955575	0.0028397047208780033	0.11476900560635964	0.8823912896727623	0.0028397047208780033	0.0	0.9758138984173254	reverted	reverted	reverted	reverted	reverted	persistent		0.0	0.0	0.0	0.0	0.0	0.024186101582674546
AACACGAGTTCTGGCA-1	Tumor	E15S	Tumor	1	8679.200170457363	0.6805920537560408	0.6690664860788684	0.017199803766638995	0.24415000030188078	0.015378029462535726	0.013253796651657783	0.9713681738858064	0.008944763498467621	0.1965071914896396	0.7945480450118928	0.008944763498467621	0.9713681738858065	0.0	reverted	partial	partial	reverted	partial	persistent		0.0	0.0	0.0	0.015378029462535728	0.013253796651657785	0.0
AACACTTAGGTTGCGT-1	Tumor	E15S	Tumor Proliferating	1	8904.789176940918	-0.1014891443100615	0.8988548129547028	0.48188464424273364	0.12876490277197658	0.07669914841516119	0.008528487155335635	0.9147723644295033	0.0014555891242206789	0.07902000105129242	0.9195244098244868	0.0014555891242206789	0.0	0.9914715128446643	reverted	reverted	reverted	reverted	reverted	persistent		0.0	0.0	0.0	0.0	0.0	0.008528487155335633
AACAGGCGTCAGCTAT-1	Tumor	E15S	Tumor	1	8927.581244930625	2.1654628604613246	0.10840669758060702	0.020371551293648323	0.18587996325025707	0.013887693622382319	0.011754417601404072	0.9743578887762135	0.42859943337262973	0.3860899125515199	0.18531065407585032	0.42859943337262973	0.0	0.0	persistent	persistent	persistent	persistent	persistent	persistent		0.9743578887762137	0.01388769362238232	0.011754417601404074	0.0	0.0	0.0
AACAGGCGTTAGGTGA-1	Tumor	E15S	Tumor	1	6976.477558732033	1.0784389919489525	0.48769778644150324	0.3042021626835592	0.16656584940110988	0.03235554010196926	0.008207329522940735	0.95943713037509	0.025987556446323636	0.29328347056446796	0.6807289729892083	0.025987556446323636	0.95943713037509	0.0	reverted	partial	partial	reverted	partial	persistent		0.0	0.0	0.0	0.03235554010196926	0.008207329522940735	0.0
AACAGGTAGGTTCGCG-1	Tumor	E15S	Tumor	1	8582.13853597641	0.29557697338783756	0.8073462380497994	-0.08457834505257486	0.3095936090415423	0.014701576098722503	0.018229645544996145	0.9670687783562814	0.003465023525273973	0.12707355573604467	0.8694614207386813	0.003465023525273973	0.0	0.9817703544550038	reverted	reverted	reverted	reverted	reverted	persistent		0.0	0.0	0.0	0.0	0.0	0.018229645544996145
AACATCCGTCCCGTAA-1	Tumor	E15S	Tumor Proliferating	1	8957.98798006773	0.8419414265224312	0.5983289112702632	-0.30047714367161976	0.4223541250041869	0.014315073417787438	0.03162469242683382	0.9540602341553788	0.013665659893913457	0.2330165879903	0.7533177521157866	0.013665659893913457	0.9540602341553788	0.0	reverted	partial	partial	reverted	partial	persistent		0.0	0.0	0.0	0.014315073417787438	0.03162469242683382	0.0
AACATTGCAAATGGAG-1	Tumor	E15S	Tumor	1	8445.63609790802	0.4333279505357151	0.7635197832452375	0.1485430894077813	0.24443003255934062	0.02076042989904273	0.010770443310433387	0.9684691267905239	0.004810659747702986	0.14908080317608857	0.8461085370762084	0.004810659747702986	0.0	0.9892295566895666	reverted	reverted	reverted	reverted	reverted	persistent		0.0	0.0	0.0	0.0	0.0	0.010770443310433387
AACATTGCAACCTGGA-1	Tumor	E15S	Tumor	1	8318.56506216526	0.7024475417921747	0.6598419971800044	0.09277052640349276	0.23437207486358982	0.01782702333934409	0.011417989781180884	0.970754986879475	0.009465562438323541	0.20120073235219643	0.7893337052094801	0.009465562438323541	0.970754986879475	0.0	reverted	partial	partial	reverted	partial	reverted		0.0	0.0	0.0	0.01782702333934409	0.011417989781180884	0.0
AACATTGCACAATCAA-1	Tumor	E15S	Hypoxic Tumor	1	6117.323406219482	0.552381229715774	0.720448726403784	-1.2137590174615964	0.9713588662876784	0.019052905928884253	0.06863447089753952	0.9123126231735763	0.006454029575424384	0.1706155710598285	0.8229303993647471	0.006454029575424384	0.0	0.9313655291024605	reverted	reverted	reverted	reverted	reverted	persistent		0.0	0.0	0.0	0.0	0.0	0.06863447089753952
AACCAATTCATCGTCT-1	Tumor	E15S	Tumor	1	8757.981641501188	0.4849688361574805	0.7454157766670636	-0.27820774324396164	0.40194838205571043	0.01404820976968581	0.029953451512000278	0.955998338718314	0.00545848887166509	0.15812855186009545	0.8364129592682394	0.00545848887166509	0.0	0.9700465484879998	reverted	reverted	reverted	reverted	reverted	persistent		0.0	0.0	0.0	0.0	0.0	0.029953451512000278
AACCATTAGGATCTCA-1	Tumor	E15S	Tumor	1	8845.718829005957	1.1032577382365225	0.47596742100708206	-0.5237467716819001	0.5197345719950344	0.014309151279756464	0.047429421427938316	0.9382614272923051	0.027832839266728197	0.2999403158175543	0.6722268449157174	0.027832839266728197	0.9382614272923052	0.0	reverted	partial	partial	reverted	partial	persistent		0.0	0.0	0.0	0.014309151279756465	0.04742942142793832	0.0
AACCCACAGTCGCGCA-1	Tumor	E15S	Tumor	1	8754.726829946041	1.754848623513376	0.20919823202365412	-0.09750671695380447	0.2826581035342208	0.01363054274300795	0.01794193230372488	0.9684275249532673	0.16752399337526822	0.44293444159520856	0.3895415650295232	0.16752399337526822	0.0	0.0	partial	persistent	persistent	partial	persistent	persistent		0.9684275249532671	0.013630542743007946	0.017941932303724876	0.0	0.0	0.0
AACCCAGCATCCTTAG-1	Tumor	E15S	Tumor	1	8216.202203273773	0.3505948970750459	0.790625638791245	-0.5151468725112914	0.5055488280939072	0.014035557023895459	0.04707468732921997	0.9388897556468847	0.003943953609277634	0.1354998772321758	0.8605561691585467	0.003943953609277634	0.0	0.95292531267078	reverted	reverted	reverted	reverted	reverted	persistent		0.0	0.0	0.0	0.0	0.0	0.047074687329219954
AACCCTAAGCCTTCGC-1	Tumor	E15S	Hypoxic Tumor	1	5043.7692584991455	-1.5032010928149562	0.9921410973298745	-0.8729055369391848	1.0299947771731814	0.023233474811885754	0.052445907647889194	0.924320617540225	0.00019874896058121464	0.014258014177614407	0.9855432368618043	0.00019874896058121464	0.0	0.9475540923521109	reverted	reverted	reverted	reverted	reverted	reverted		0.0	0.0	0.0	0.0	0.0	0.0524459076478892
AACCGATCACTATATC-1	Tumor	E15S	Tumor	1	8613.009722948074	0.19792262962311705	0.8344821818276419	0.29802610866956764	0.16476489119403417	0.031583037091480415	0.008205113842327834	0.9602118490661918	0.002768481880711265	0.11325468181627639	0.8839768363030124	0.002768481880711265	0.0	0.9917948861576722	reverted	reverted	reverted	reverted	reverted	persistent		0.0	0.0	0.0	0.0	0.0	0.008205113842327834
AACCTCAAGCTTCCTG-1	Tumor	E15S	Tumor	1	8154.167896866798	3.1570369452351827	0.01826525210305161	-0.04316582717863247	0.19124929382733202	0.01234974486645709	0.013595025857595854	0.974055229275947	0.9613605454478514	0.034947550708889434	0.0036919038432592028	0.9613605454478514	0.0	0.0	persistent	persistent	persistent	persistent	persistent	persistent		0.974055229275947	0.01234974486645709	0.013595025857595854	0.0	0.0	0.0
AACCTCAAGGTAACTT-1	Tumor	E15S	Tumor	1	8731.385534971952	0.4319630213580395	0.7639860289521028	0.08227360955374519	0.24745747493781176	0.01777564874957592	0.011929387346313231	0.9702949639041107	0.004794737971023992	0.1488476777106379	0.8463575843183381	0.004794737971023992	0.0	0.9880706126536868	reverted	reverted	reverted	reverted	reverted	persistent		0.0	0.0	0.0	0.0	0.0	0.011929387346313233
AACGAACAGTCAGGTC-1	Tumor	E15S	Tumor	1	8810.949021816254	0.7433688153417259	0.6422446637392841	0.09512978596037275	0.23547823363198517	0.0179589390266113	0.011402844372202433	0.9706382166011862	0.010531081805047558	0.2102047485969151	0.7792641695980373	0.010531081805047558	0.9706382166011862	0.0	reverted	partial	partial	reverted	partial	persistent		0.0	0.0	0.0	0.0179589390266113	0.011402844372202433	0.0
AACGACTCACAAGCCA-1	Tumor	E15S	Tumor Proliferating	1	8643.82513101399	1.1304181975547818	0.4631610458017525	0.17640169153257726	0.18610783500948921	0.02092584632583243	0.009265498572032658	0.9698086551021348	0.030008410699762223	0.3072665640611996	0.6627250252390381	0.030008410699762223	0.9698086551021349	0.0	reverted	partial	partial	reverted	partial	persistent		0.0	0.0	0.0	0.020925846325832432	0.00926549857203266	0.0
AACGATGGTAGCCAGG-1	Tumor	E15S	Tumor Proliferating	1	8989.281282663345	0.4780317076502338	0.7479000053345464	-0.8508893892587164	0.734562544604431	0.016563890374755485	0.06278462682271514	0.9206514828025294	0.005366082844785968	0.15688719870810353	0.8377467184471105	0.005366082844785968	0.0	0.9372153731772849	reverted	reverted	reverted	reverted	reverted	persistent		0.0	0.0	0.0	0.0	0.0	0.06278462682271514
AACGATGGTTAATCGC-1	Tumor	E15S	Tumor	1	8430.362299144268	0.04871205035584984	0.8699153876434763	-0.11391301376557517	0.3560945787174416	0.015503882006557751	0.02070581546361782	0.9637903025298246	0.001992079822165393	0.09476088109202972	0.9032470390858048	0.001992079822165393	0.0	0.9792941845363823	reverted	reverted	reverted	reverted	reverted	persistent		0.0	0.0	0.0	0.0	0.0	0.02070581546361782
AACGATTTCACGCAAC-1	Tumor	E15S	Tumor Proliferating	1	8723.7154417485	0.2639658197536713	0.8164835926579176	0.43763206200059257	0.1237271162109047	0.06142142581315264	0.008229768350502592	0.9303488058363448	0.0032197778616354237	0.12244396716263767	0.874336254975727	0.0032197778616354237	0.0	0.9917702316494975	reverted	reverted	reverted	reverted	reverted	persistent		0.0	0.0	0.0	0.0	0.0	0.008229768350502592
AACGATTTCCAGGTCG-1	Tumor	E15S	Tumor	1	6398.882681131363	0.7525329264670447	0.6382486716353287	0.04480722047448615	0.15203756148693462	0.013876759406952707	0.010542421635095051	0.9755808189579521	0.010787019550769805	0.21225934834931295	0.7769536320999173	0.010787019550769805	0.9755808189579522	0.0	reverted	partial	partial	reverted	partial	persistent		0.0	0.0	0.0	0.013876759406952708	0.010542421635095053	0.0
AACGCAAGTTAGTAGG-1	Tumor	E15S	Tumor	1	8512.72262698412	0.5562939440326273	0.718954432756531	-0.46166239317047975	0.5247269425328375	0.015115658676511688	0.04261047601818262	0.9422738653053058	0.006517670650586795	0.17136408428993946	0.8221182450594737	0.006517670650586795	0.0	0.9573895239818174	reverted	reverted	reverted	reverted	reverted	persistent		0.0	0.0	0.0	0.0	0.0	0.04261047601818262
AACGCGAAGTATGGCC-1	Tumor	E15S	Tumor	1	8880.107621729374	0.17504412612199696	0.8403782352618767	0.08602571523334793	0.23614397259531464	0.017597298474964638	0.011581657442820139	0.9708210440822153	0.002629355002452356	0.11021954933798749	0.8871510956595603	0.002629355002452356	0.0	0.9884183425571799	reverted	reverted	reverted	reverted	reverted	persistent		0.0	0.0	0.0	0.0	0.0	0.011581657442820139
AACGCTATCATGGCGT-1	Tumor	E15S	Tumor	1	8370.450919151306	1.9019815386784666	0.16682337715283568	-0.01764250424201067	0.25082642459955323	0.014570610148592348	0.014359941078936792	0.9710694487724707	0.24244256733269934	0.4432969209138629	0.3142605117534377	0.24244256733269934	0.0	0.0	partial	persistent	persistent	partial	persistent	reverted		0.9710694487724708	0.01457061014859235	0.014359941078936794	0.0	0.0	0.0
AACGCTTGTATGGGTA-1	Tumor	E15S	Tumor Proliferating	1	9049.601415380836	1.4876451851257995	0.30493466290232635	0.3213252490369438	0.13069290209654877	0.03500303178005208	0.007890304356141332	0.9571066638638067	0.08132216196695699	0.4001962202449613	0.5184816177880818	0.08132216196695699	0.9571066638638065	0.0	reverted	partial	partial	reverted	partial	persistent		0.0	0.0	0.0	0.035003031780052075	0.00789030435614133	0.0
AACGGATAGGATGCCT-1	Tumor	E15S	Hypoxic Tumor	1	9122.557265639305	0.34381072761400683	0.7927437686112738	-1.2709111587670525	0.9893295122787296	0.019018557991953632	0.07024127447966602	0.9107401675283804	0.0038810436997217144	0.13443512742537253	0.8616838288749057	0.0038810436997217144	0.0	0.929758725520334	reverted	reverted	reverted	reverted	reverted	reverted		0.0	0.0	0.0	0.0	0.0	0.07024127447966602
AACGGCAAGCTACTGA-1	Tumor	E15S	Tumor	1	8570.583508968353	1.4060485982118047	0.3386236845162527	0.17658251115310483	0.13906085836253657	0.020005764995252882	0.008548249515421859	0.9714459854893254	0.06479130692078112	0.38067045777909014	0.5545382353001287	0.06479130692078112	0.9714459854893254	0.0	reverted	partial	partial	reverted	partial	persistent		0.0	0.0	0.0	0.020005764995252882	0.008548249515421859	0.0
AACGGTAGTATGGCTT-1	Tumor	E15S	Tumor	1	8901.971682667732	0.06439294065425633	0.8665189593595888	-0.7255418625466196	0.7289224363419833	0.017608242049256918	0.05483875522538371	0.9275530027253595	0.0020605306573676335	0.09656415107911825	0.9013753182635141	0.0020605306573676335	0.0	0.9451612447746164	reverted	reverted	reverted	reverted	reverted	persistent		0.0	0.0	0.0	0.0	0.0	0.05483875522538371
AACGGTGAGGCGTCTG-1	Tumor	E15S	Tumor	1	7117.431570053101	4.2329784219651465	0.0024207807010336647	0.07496322208396258	0.14531344202453503	0.014834680087113075	0.009879984133881484	0.9752853357790054	0.9995714864422685	0.0004205929015505399	7.920656181108973e-06	0.9995714864422685	0.0	0.0	persistent	persistent	persistent	persistent	persistent	persistent		0.9752853357790054	0.014834680087113075	0.009879984133881484	0.0	0.0	0.0
AACGTAAAGGTCATTG-1	Tumor	E15S	Tumor	1	8673.526260912418	0.9186490398668152	0.5629855946266121	-0.14175301345614447	0.31269322600768823	0.013649585796429303	0.020642334792477044	0.9657080794110936	0.016791627731430083	0.25179647237934094	0.731411899889229	0.016791627731430083	0.9657080794110936	0.0	reverted	partial	partial	reverted	partial	persistent		0.0	0.0	0.0	0.013649585796429303	0.020642334792477044	0.0
AACGTAAAGTAGTCCA-1	Tumor	E15S	Tumor	1	6489.417447209358	0.3373732415043699	0.7947389858665546	0.05483763078900799	0.2536259067555136	0.016914834802561632	0.012638462287458503	0.9704467029099797	0.003822390880422628	0.13343152932917204	0.8627460797904054	0.003822390880422628	0.0	0.9873615377125415	reverted	reverted	reverted	reverted	reverted	persistent		0.0	0.0	0.0	0.0	0.0	0.012638462287458506
AACGTTGTCTATGCTC-1	Tumor	E15S	Tumor	1	8401.252496480942	0.24984802668962494	0.8204545105753053	0.2426922723190911	0.1575580311056804	0.02556710276516574	0.008340556280029408	0.9660923409548048	0.00311666025299842	0.1204252663717664	0.8764580733752352	0.00311666025299842	0.0	0.9916594437199706	reverted	reverted	reverted	reverted	reverted	persistent		0.0	0.0	0.0	0.0	0.0	0.00834055628002941
AACTCAACAGGACTCA-1	Tumor	E15S	Tumor	1	7958.776930212975	0.3076309685701853	0.8037719333987893	-0.9979786612975158	0.896962487973942	0.01912242941692527	0.062226447791890266	0.9186511227911844	0.003564059471650775	0.12887928136912663	0.8675566591592225	0.003564059471650775	0.0	0.9377735522081098	reverted	reverted	reverted	reverted	reverted	persistent		0.0	0.0	0.0	0.0	0.0	0.06222644779189027
AACTGACCATAGATCA-1	Tumor	E15S	Tumor Proliferating	1	8994.703653872013	0.8184469950667762	0.6089702055914997	-0.0701459062973588	0.2776486959373729	0.014068440487301612	0.016785056551268634	0.9691465029614297	0.01283712147028521	0.22743953883098494	0.7597233396987298	0.01283712147028521	0.9691465029614298	0.0	reverted	partial	partial	reverted	partial	persistent		0.0	0.0	0.0	0.014068440487301614	0.016785056551268638	0.0
AACTGACCATCGCTAC-1	Tumor	E15S	Tumor	1	8616.191885352135	0.9357168341630666	0.5550202818502763	-0.2964808782138795	0.37940376367897427	0.013184852761347884	0.030772966416809693	0.9560421808218424	0.01758535970707981	0.2560870328832454	0.7263276074096747	0.01758535970707981	0.9560421808218424	0.0	reverted	partial	partial	reverted	partial	persistent		0.0	0.0	0.0	0.013184852761347884	0.030772966416809693	0.0
AACTGCATCGACTAAT-1	Tumor	E15S	Tumor Proliferating	1	8976.166822172701	0.45077049897645305	0.7575057419393275	-0.3246018267025042	0.42626936897450296	0.014101781013654998	0.033204191077999046	0.9526940279083459	0.0050193930408678426	0.1520871026027222	0.8428935043564101	0.0050193930408678426	0.0	0.9667958089220009	reverted	reverted	reverted	reverted	reverted	persistent		0.0	0.0	0.0	0.0	0.0	0.033204191077999046
AACTTTGGTCTCAGTG-1	Tumor	E15S	Tumor	1	8658.115029752254	-0.2102131928100509	0.9160919891481573	-0.7776165682278992	0.7644462677335858	0.017978694519878335	0.056517655589352477	0.925503649890769	0.0011731060006012898	0.06921571057017549	0.9296111834292232	0.0011731060006012898	0.0	0.9434823444106475	reverted	reverted	reverted	reverted	reverted	persistent		0.0	0.0	0.0	0.0	0.0	0.05651765558935248
AAGCAATGTCAACCTG-1	Tumor	E15S	Tumor	1	7625.3298926353455	0.7608987005977609	0.6345840045569704	0.23982573322777026	0.18673030531609583	0.025694467703885962	0.008748630151476186	0.9655569021446379	0.011026516771239166	0.21414703799282858	0.7748264452359322	0.011026516771239166	0.9655569021446379	0.0	reverted	partial	partial	reverted	partial	persistent		0.0	0.0	0.0	0.025694467703885962	0.008748630151476186	0.0
AAGCAATGTTTGATGC-1	Tumor	E15S	Tumor	1	8713.917202875018	2.443453127291373	0.06701966429143283	-0.0760773306506754	0.24437626032240495	0.013000301875665999	0.016068462971682653	0.9709312351526512	0.6553334589251063	0.26184616576481123	0.0828203753100824	0.6553334589251063	0.0	0.0	persistent	persistent	persistent	persistent	persistent	persistent		0.9709312351526513	0.013000301875666	0.016068462971682657	0.0	0.0	0.0
AAGCCGCCAATCAATG-1	Tumor	E15S	Tumor Proliferating	1	8988.596765980124	0.7706460798079907	0.6302943967257585	-0.006551553202450343	0.2544451082921668	0.014981205894211353	0.014148590652663521	0.9708702034531252	0.01131280653777649	0.216360937340118	0.7723262561221056	0.01131280653777649	0.970870203453125	0.0	reverted	partial	partial	reverted	partial	persistent		0.0	0.0	0.0	0.01498120589421135	0.014148590652663518	0.0
AAGCCGCCACAGCCTT-1	Tumor	E15S	Tumor Proliferating	1	9023.29100240767	0.6784827016143913	0.6699500763341429	-0.468692925346611	0.4543880648152983	0.013216599709572176	0.0441914717666481	0.9425919285237796	0.008896168222779102	0.19605848456124106	0.7950453472159799	0.008896168222779102	0.9425919285237797	0.0	reverted	partial	partial	reverted	partial	persistent		0.0	0.0	0.0	0.013216599709572178	0.04419147176664811	0.0
AAGCCTATCCAGAGCT-1	Tumor	E15S	Tumor	1	8814.341827854514	2.8863028176380796	0.03012593409765991	0.06389487932030305	0.15809648036585744	0.014690382036153329	0.010297413263583133	0.9750122047002634	0.9005441107143844	0.08567437631261135	0.013781512973004197	0.9005441107143844	0.0	0.0	persistent	persistent	persistent	persistent	persistent	persistent		0.9750122047002635	0.01469038203615333	0.010297413263583135	0.0	0.0	0.0
AAGCGCAAGTAGCCCG-1	Tumor	E15S	Hypoxic Tumor	1	7679.996583938599	0.16632174567659716	0.8425808748771486	0.05094092036444673	0.16041724738466331	0.014275019270590378	0.010581189881759212	0.9751437908476505	0.002578439695885161	0.10908201936598966	0.8883395409381252	0.002578439695885161	0.0	0.9894188101182408	reverted	reverted	reverted	reverted	reverted	persistent		0.0	0.0	0.0	0.0	0.0	0.010581189881759212
AAGCTAGGTGAGCAGT-1	Tumor	E15S	Tumor Proliferating	1	8507.80921947956	0.30336951478264007	0.8050412555484356	-0.2865519880075743	0.4169180483970142	0.014354987407975233	0.03069724038966342	0.9549477722023615	0.0035286860167659186	0.12823833495298945	0.8682329790302445	0.0035286860167659186	0.0	0.9693027596103365	reverted	reverted	reverted	reverted	reverted	persistent		0.0	0.0	0.0	0.0	0.0	0.030697240389663413
AAGCTAGGTTTCACGG-1	Tumor	E15S	Tumor Proliferating	1	9080.284156374633	0.16116866474496802	0.8438705166378837	-0.1395680265856482	0.3517271589662673	0.01485057754693631	0.021635329733450046	0.9635140927196136	0.002548892594314981	0.10841501946607109	0.8890360879396141	0.002548892594314981	0.0	0.9783646702665499	reverted	reverted	reverted	reverted	reverted	persistent		0.0	0.0	0.0	0.0	0.0	0.021635329733450046
AAGGACTAGGTGAACG-1	Tumor	E15S	Tumor	1	7044.074290037155	-0.4711412161219948	0.947068465344268	-0.16265495643124087	0.4242512904420437	0.016653631010907572	0.02459231055848614	0.9587540584306063	0.000727741210369221	0.05026591324323846	0.9490063455463924	0.000727741210369221	0.0	0.9754076894415139	reverted	reverted	reverted	reverted	reverted	persistent		0.0	0.0	0.0	0.0	0.0	0.02459231055848614
AAGGCCCCACTATCGC-1	Tumor	E15S	Tumor Proliferating	1	9048.418236196041	1.3577760523747329	0.3593822621590984	0.03431360610359035	0.20944273897155535	0.014941766478448509	0.011980840860401623	0.9730773926611497	0.05661161447579052	0.36836489491269125	0.5750234906115183	0.05661161447579052	0.9730773926611499	0.0	reverted	partial	partial	reverted	partial	persistent		0.0	0.0	0.0	0.014941766478448512	0.011980840860401626	0.0
AAGGCCCCATAGATCA-1	Tumor	E15S	Tumor	1	8907.495473787189	2.0307630234294063	0.13562500346208833	0.21088304739534167	0.15747957121370823	0.022828488076780173	0.00853193184792745	0.9686395800752924	0.3259754919460543	0.4249166559463888	0.24910785210755698	0.3259754919460543	0.0	0.0	partial	persistent	persistent	partial	persistent	persistent		0.9686395800752924	0.022828488076780173	0.00853193184792745	0.0	0.0	0.0
AAGGTAATCTGTGAAT-1	Tumor	E15S	Tumor	1	8910.603026360273	1.3439018655363693	0.365451450050705	0.27622916523398283	0.1626592281756548	0.02902653935799154	0.008252036761925423	0.9627214238800831	0.05445592668627048	0.36475192406155227	0.5807921492521771	0.05445592668627048	0.9627214238800831	0.0	reverted	partial	partial	reverted	partial	persistent		0.0	0.0	0.0	0.02902653935799154	0.008252036761925423	0.0
AAGGTATGTCAATCAC-1	Tumor	E15S	Hypoxic Tumor	1	5399.875202178955	0.6054933946059203	0.6997566088929804	0.3679111343448418	0.17034280913023217	0.041923414421255474	0.00816611152126335	0.9499104740574813	0.007379511665570773	0.1809997570847226	0.8116207312497068	0.007379511665570773	0.9499104740574811	0.0	reverted	partial	partial	reverted	partial	persistent		0.0	0.0	0.0	0.04192341442125547	0.008166111521263349	0.0
AAGGTTAAGGCGTATC-1	Tumor	E15S	Tumor	1	8812.494164079428	1.4617964760873408	0.3154043766689028	-0.2110687261934176	0.3311021187680104	0.013035758374612553	0.02459489647551063	0.9623693451498767	0.07568626204809396	0.39421956904878447	0.5300941689031216	0.07568626204809396	0.9623693451498768	0.0	reverted	partial	partial	reverted	partial	persistent		0.0	0.0	0.0	0.013035758374612554	0.024594896475510632	0.0
AAGGTTGGTGGCGTAG-1	Tumor	E15S	Tumor Proliferating	1	8902.387626886368	0.20658846660965346	0.8322037410044029	-0.22372023135321906	0.3926748665931206	0.01459782240995419	0.02669649730085084	0.958705680289195	0.002823369190688846	0.11442395877999079	0.8827526720293203	0.002823369190688846	0.0	0.9733035026991492	reverted	reverted	reverted	reverted	reverted	persistent		0.0	0.0	0.0	0.0	0.0	0.02669649730085084
AAGTAACGTAGCTCAT-1	Tumor	E15S	Tumor	1	8317.290730074048	2.0251828021756064	0.13686822859328993	0.29938512301600634	0.12062772891586035	0.031880923259796655	0.007829180531369244	0.9602898962088342	0.32202765510435605	0.42609962911260335	0.25187271578304066	0.32202765510435605	0.0	0.0	partial	persistent	persistent	partial	persistent	reverted		0.9602898962088342	0.031880923259796655	0.007829180531369244	0.0	0.0	0.0
AAGTAAGTCCGTTAAG-1	Tumor	E15S	Tumor	1	8191.911018013954	1.3355739862015543	0.3691152156760322	0.24202745455462368	0.14445862257818998	0.025358508785946865	0.008191658900416893	0.9664498323136363	0.05320142229598808	0.36256957638217846	0.5842290013218335	0.05320142229598808	0.9664498323136363	0.0	reverted	partial	partial	reverted	partial	persistent		0.0	0.0	0.0	0.025358508785946865	0.008191658900416893	0.0
AAGTAAGTCGCTGGCA-1	Tumor	E15S	Tumor	1	6514.292013168335	0.11422318681939983	0.8552255607714327	-0.45595331048091	0.5266500364091666	0.015234427056937535	0.0421925100902991	0.9425730628527635	0.002296958908095352	0.10250823885589071	0.895194802236014	0.002296958908095352	0.0	0.9578074899097009	reverted	reverted	reverted	reverted	reverted	persistent		0.0	0.0	0.0	0.0	0.0	0.04219251009029909
AAGTACCCAATGACGT-1	Tumor	E15S	Tumor	1	8739.136167526245	0.31156184395428244	0.8025955480898571	0.28036981989530696	0.16016687196495896	0.029479525246343213	0.00821036809705366	0.9623101066566031	0.0035970444915623917	0.12947300478851775	0.8669299507199199	0.0035970444915623917	0.0	0.9917896319029463	reverted	reverted	reverted	reverted	reverted	persistent		0.0	0.0	0.0	0.0	0.0	0.00821036809705366
AAGTACCCAATTAACG-1	Tumor	E15S	Tumor	1	7009.655624389648	-0.09997081628317833	0.89859318523087	-0.0027214463122636062	0.18182513275297127	0.013124223523036903	0.012227121948677089	0.974648654528286	0.0014600812652893918	0.07916592127667087	0.9193739974580398	0.0014600812652893918	0.0	0.9877728780513229	reverted	reverted	reverted	reverted	reverted	persistent		0.0	0.0	0.0	0.0	0.0	0.012227121948677089
AAGTACCCATTAGAGC-1	Tumor	E15S	Tumor Proliferating	1	8789.516010984778	0.441938860991795	0.7605637474504215	-0.046362234930437236	0.2939670376021125	0.015119514588320324	0.016456510012266713	0.9684239753994129	0.004912472872509267	0.15055862480000518	0.8445289023274857	0.004912472872509267	0.0	0.9835434899877333	reverted	reverted	reverted	reverted	reverted	persistent		0.0	0.0	0.0	0.0	0.0	0.016456510012266716
AAGTCAAAGGCTTCCC-1	Tumor	E15S	Tumor Proliferating	1	9032.352175414562	0.21178204420201077	0.830826273380038	0.003930427573408432	0.29390448972815836	0.016490200777540404	0.014976153611186337	0.9685336456112733	0.0028568605048167254	0.1151299436138626	0.8820131958813208	0.0028568605048167254	0.0	0.9850238463888137	reverted	reverted	reverted	reverted	reverted	persistent		0.0	0.0	0.0	0.0	0.0	0.014976153611186337
AAGTCATTCCCCTGTA-1	Tumor	E15S	Tumor	1	8761.794289112091	0.8744481143474877	0.5834535720591444	-0.026498691658677805	0.2427316269141738	0.01410564951966518	0.014397637034961214	0.9714967134453736	0.014907365251726385	0.24087099355615635	0.7442216411921173	0.014907365251726385	0.9714967134453736	0.0	reverted	partial	partial	reverted	partial	persistent		0.0	0.0	0.0	0.01410564951966518	0.014397637034961214	0.0
AAGTCCATCCTGACGG-1	Tumor	E15S	Tumor	1	8937.173039406538	0.813319211431944	0.6112793893462386	-0.046860592968314276	0.2709008306015467	0.01441319155412363	0.015808058846503263	0.9697787495993732	0.012663528867761946	0.22623371353151267	0.7611027576007254	0.012663528867761946	0.9697787495993732	0.0	reverted	partial	partial	reverted	partial	persistent		0.0	0.0	0.0	0.01441319155412363	0.015808058846503263	0.0
AAGTGGACAATACAGC-1	Tumor	E15S	Tumor	1	8767.023641586304	0.5312751723757337	0.7284248369805544	0.05184799752947406	0.25478882258840624	0.016842819455609805	0.01273312083566488	0.9704240597087254	0.006122315635261501	0.1666229923723786	0.8272546919923599	0.006122315635261501	0.0	0.9872668791643352	reverted	reverted	reverted	reverted	reverted	persistent		0.0	0.0	0.0	0.0	0.0	0.01273312083566488
AAGTGGACATAGGCTG-1	Tumor	E15S	Hypoxic Tumor	1	7300.2250781059265	-1.035386743458229	0.9811566981035401	-1.0353948085160203	1.0148645161759866	0.021434718572520772	0.058600310056557324	0.9199649713709219	0.0003175828932200371	0.025144015144633238	0.9745384019621466	0.0003175828932200371	0.0	0.9413996899434427	reverted	reverted	reverted	reverted	reverted	persistent		0.0	0.0	0.0	0.0	0.0	0.058600310056557324
AATATCGCAGGATTAC-1	Tumor	E15S	Tumor	1	8834.836055010557	2.8855063774620353	0.03017002025302278	0.04829743353978138	0.1421681714877019	0.013785312490345659	0.01029770202657819	0.9759169854830761	0.9002835613287183	0.08588418657520848	0.013832252096073121	0.9002835613287183	0.0	0.0	persistent	persistent	persistent	persistent	persistent	persistent		0.9759169854830761	0.013785312490345659	0.01029770202657819	0.0	0.0	0.0
AATCAGCCACTATCGC-1	Tumor	E15S	Tumor	1	7772.486812710762	1.0067923494774826	0.52159136361233	-0.35426963531171546	0.44419884215303884	0.014216961728485453	0.03532550954402857	0.950457528727486	0.02134147287479542	0.2743438344928067	0.7043146926323979	0.02134147287479542	0.950457528727486	0.0	reverted	partial	partial	reverted	partial	persistent		0.0	0.0	0.0	0.014216961728485453	0.03532550954402857	0.0
AATCAGCCATAGACCG-1	Tumor	E15S	Tumor Proliferating	1	8913.611477315426	1.4066108597401477	0.33838533449757585	-0.004544520287329247	0.2324896523004587	0.014404354660837183	0.01350712561447495	0.9720885197246878	0.06489313238442918	0.3808109974084664	0.5542958702071045	0.06489313238442918	0.9720885197246879	0.0	reverted	partial	partial	reverted	partial	persistent		0.0	0.0	0.0	0.014404354660837185	0.013507125614474952	0.0
AATCAGCCATAGGCCA-1	Tumor	E15S	Tumor	1	8850.317247778177	1.2164260774002142	0.42300506949289524	0.38433827829107015	0.11642943462288831	0.0473848392923459	0.007954050027980303	0.9446611106796737	0.038125275868396424	0.33060958588316647	0.6312651382484372	0.038125275868396424	0.9446611106796738	0.0	reverted	partial	partial	reverted	partial	persistent		0.0	0.0	0.0	0.04738483929234591	0.007954050027980305	0.0
AATCATCAGTAGCATT-1	Tumor	E15S	Tumor Proliferating	1	8923.821289494634	-0.004902116399965685	0.8809765647490316	-0.07740516348267998	0.3314889253381859	0.015539404420419536	0.0186156663723254	0.9658449292072551	0.0017773484916388086	0.08883041006758219	0.909392241440779	0.0017773484916388086	0.0	0.9813843336276746	reverted	reverted	reverted	reverted	reverted	persistent		0.0	0.0	0.0	0.0	0.0	0.0186156663723254
AATCCCAAGTAAGGAC-1	Tumor	E15S	Tumor Proliferating	1	8889.296754479408	1.088974537675867	0.48271584524470873	-0.12730986859138982	0.2651800449229341	0.012581896019269997	0.0186933988194977	0.9687247051612324	0.026754875085916483	0.296104306191309	0.6771408187227744	0.026754875085916483	0.9687247051612322	0.0	reverted	partial	partial	reverted	partial	persistent		0.0	0.0	0.0	0.012581896019269994	0.018693398819497695	0.0
AATCGCATCCAGCTCC-1	Tumor	E15S	Tumor Proliferating	1	8995.746835067868	0.9245845127786847	0.560219055857773	-0.3334551890982446	0.40979801952294426	0.01354073757843667	0.033646163084352705	0.9528130993372107	0.017063270351401358	0.2532841625646363	0.7296525670839622	0.017063270351401358	0.9528130993372107	0.0	reverted	partial	partial	reverted	partial	persistent		0.0	0.0	0.0	0.01354073757843667	0.033646163084352705	0.0
AATCGCATCCCTCGAC-1	Tumor	E15S	Tumor	1	7754.634707629681	1.5009523158030371	0.29962153206641456	-0.02697605492624583	0.21498449911904444	0.013332959044414514	0.013686126187310112	0.9729809147682753	0.08437876218963213	0.4031849402304706	0.5124362975798973	0.08437876218963213	0.0	0.0	reverted	persistent	persistent	reverted	persistent	reverted		0.9729809147682753	0.013332959044414514	0.013686126187310112	0.0	0.0	0.0
AATCGCGCAAAGGACA-1	Tumor	E15S	Tumor Proliferating	1	9067.30175805837	0.4007463455293152	0.7744753579822421	-0.07855733707859464	0.2636937182308358	0.013483226702499585	0.016691635955634786	0.9698251373418656	0.0044461688809930185	0.14359963550859967	0.8519541956104074	0.0044461688809930185	0.0	0.9833083640443652	reverted	reverted	reverted	reverted	reverted	persistent		0.0	0.0	0.0	0.0	0.0	0.016691635955634786
AATCTCCTCACCTGAA-1	Tumor	E15S	Tumor	1	8936.748314246535	0.7762104730666124	0.6278363209706203	0.16843800299594414	0.19432234864173734	0.02061368929482901	0.009494970460347476	0.9698913402448235	0.011479813185764624	0.21763170538362964	0.7708884814306057	0.011479813185764624	0.9698913402448235	0.0	reverted	partial	partial	reverted	partial	persistent		0.0	0.0	0.0	0.02061368929482901	0.009494970460347476	0.0
AATGAACGTTGAGGCG-1	Tumor	E15S	Tumor Proliferating	1	8946.350944772363	0.4534794710681519	0.7565624407745999	0.1432128145132824	0.20359159468860752	0.019393660780310115	0.009972792350127685	0.9706335468695623	0.0050527058642359166	0.15255853931224234	0.8423887548235217	0.0050527058642359166	0.0	0.9900272076498724	reverted	reverted	reverted	reverted	reverted	persistent		0.0	0.0	0.0	0.0	0.0	0.009972792350127685
AATGAACGTTTGGAGA-1	Tumor	E15S	Tumor	1	7120.688879966736	2.084995625925089	0.12403270125779291	-0.17619789554254106	0.28574290594747126	0.012334807957362926	0.02159381427238439	0.9660713777702528	0.3657197183797948	0.4116096444029507	0.22267063721725464	0.3657197183797948	0.0	0.0	partial	persistent	persistent	partial	persistent	persistent		0.9660713777702525	0.012334807957362923	0.021593814272384385	0.0	0.0	0.0
AATGACAAGAATCGCC-1	Tumor	E15S	Tumor	1	7789.646319925785	1.1337706812715083	0.46158334289407293	0.07109499056218882	0.2016546386773323	0.01604148363790613	0.01105603435074322	0.9729024820113508	0.030288865548903456	0.30817329943379895	0.6615378350172977	0.030288865548903456	0.9729024820113505	0.0	reverted	partial	partial	reverted	partial	persistent		0.0	0.0	0.0	0.016041483637906126	0.011056034350743218	0.0
AATGGCCTCAAGTATC-1	Tumor	E15S	Tumor	1	8744.479293823242	0.04663536642210005	0.8703596373311119	-0.19435331676591797	0.39694559354301484	0.015218242727624747	0.025324267101014614	0.9594574901713606	0.001983215276076647	0.0945244349427279	0.9034923497811954	0.001983215276076647	0.0	0.9746757328989853	reverted	reverted	reverted	reverted	reverted	persistent		0.0	0.0	0.0	0.0	0.0	0.025324267101014614
AATGGGCGTCTAGAGA-1	Tumor	E15S	Tumor Proliferating	1	8394.277057290077	0.9979694323936982	0.525757758203153	0.4213385229682647	0.14889892252172626	0.054556375271798525	0.008168136373375028	0.9372754883548263	0.02083256780445877	0.27204581722450205	0.7071216149710391	0.02083256780445877	0.9372754883548264	0.0	reverted	partial	partial	reverted	partial	persistent		0.0	0.0	0.0	0.05455637527179853	0.00816813637337503	0.0
AATGGGTAGCCGCATG-1	Tumor	E15S	Tumor	1	8707.087904214859	0.5357740446953387	0.7267367024029754	-0.07791459175594254	0.28877307580733	0.014223587537805933	0.01738168094704959	0.9683947315151443	0.0061914160227976986	0.1674676627359333	0.826340921241269	0.0061914160227976986	0.0	0.9826183190529504	reverted	reverted	reverted	reverted	reverted	persistent		0.0	0.0	0.0	0.0	0.0	0.017381680947049595
AATTCAGCAACCAACG-1	Tumor	E15S	Tumor	1	8712.047715425491	0.40434652936882964	0.7732826797265043	-0.0029582010526481156	0.26475658792597984	0.015390465026398384	0.014335028698282348	0.9702745062753193	0.004484888494497829	0.14419674150202627	0.8513183700034758	0.004484888494497829	0.0	0.9856649713017177	reverted	reverted	reverted	reverted	reverted	persistent		0.0	0.0	0.0	0.0	0.0	0.014335028698282348
AATTGGGGTTCACTAA-1	Tumor	E15S	Tumor	1	7853.891223907471	1.0773062849615382	0.4882335724589784	0.17908525015792734	0.23228509589818008	0.02218300949926622	0.010112812828300724	0.967704177672433	0.025906431117796936	0.29298066368852094	0.6811129051936822	0.025906431117796936	0.9677041776724331	0.0	reverted	partial	partial	reverted	partial	persistent		0.0	0.0	0.0	0.022183009499266222	0.010112812828300725	0.0
AATTGTCAGCAATCCA-1	Tumor	E15S	Tumor Proliferating	1	8852.760560274124	1.2125307942305248	0.42480595781025726	0.31372719735449517	0.14985566247494583	0.03370715955757202	0.008036010604963735	0.9582568298374643	0.03771305618642574	0.32955178353289916	0.6327351602806751	0.03771305618642574	0.9582568298374643	0.0	reverted	partial	partial	reverted	partial	persistent		0.0	0.0	0.0	0.03370715955757202	0.008036010604963735	0.0
AATTGTCAGGTGCTCG-1	Tumor	E15S	Tumor	1	7984.35037446022	3.7174671636114898	0.006398324150784835	-0.32947136667297594	0.2677362593076493	0.010297399567160177	0.032539254935616865	0.9571633454972228	0.9957969958160149	0.004027845236215127	0.00017515894777004042	0.9957969958160149	0.0	0.0	persistent	persistent	persistent	persistent	persistent	reverted		0.957163345497223	0.010297399567160179	0.03253925493561687	0.0	0.0	0.0
ACAACAGGTGCGGTAG-1	Tumor	E15S	Tumor Proliferating	1	8998.50470405817	0.211444697191341	0.8309160190964934	-0.2028736774380402	0.3704204024878844	0.014281707018040619	0.02509712338217804	0.9606211695997813	0.002854671341484686	0.115083967469709	0.8820613611888064	0.002854671341484686	0.0	0.9749028766178219	reverted	reverted	reverted	reverted	reverted	persistent		0.0	0.0	0.0	0.0	0.0	0.02509712338217804
ACAACCTGTGCAACCC-1	Tumor	E15S	Tumor	1	8844.569654464722	0.5956326068620049	0.7036640145895442	-0.05231684541521	0.2830490856839871	0.014642723164325133	0.016333435732261686	0.9690238411034131	0.00719724283585792	0.1790352891386697	0.8137674680254722	0.00719724283585792	0.0	0.9836665642677384	reverted	reverted	reverted	reverted	reverted	persistent		0.0	0.0	0.0	0.0	0.0	0.01633343573226169
ACAACTTAGCATAGCC-1	Tumor	E15S	Tumor Proliferating	1	8919.470808044076	0.32309305012978784	0.7991139798203521	-0.12484113202184063	0.33469257630305593	0.01462170668940316	0.020532095510555976	0.9648461978000409	0.0036958119793911405	0.1312285735783583	0.8650756144422506	0.0036958119793911405	0.0	0.9794679044894441	reverted	reverted	reverted	reverted	reverted	persistent		0.0	0.0	0.0	0.0	0.0	0.020532095510555976
ACAAGCCTCACCAAGC-1	Tumor	E15S	Tumor	1	8697.06359115243	2.6332405117258695	0.04775700821719595	0.01719035422999677	0.21570478750475547	0.014571809259258849	0.012528157650813327	0.9729000330899278	0.7855859855006999	0.17331343102042476	0.04110058347887532	0.7855859855006999	0.0	0.0	persistent	persistent	persistent	persistent	persistent	persistent		0.9729000330899279	0.01457180925925885	0.012528157650813328	0.0	0.0	0.0
ACAAGCCTCAGCTCAA-1	Tumor	E15S	Tumor	1	8610.51770478487	0.7103850104308651	0.6564611591819769	0.1807047432925719	0.2118815436779442	0.021787776265238125	0.009688601881889162	0.9685236218528728	0.009662760044015704	0.20292530275039816	0.7874119372055861	0.009662760044015704	0.9685236218528728	0.0	reverted	partial	partial	reverted	partial	persistent		0.0	0.0	0.0	0.021787776265238125	0.009688601881889162	0.0
ACAAGCGAGCCCGTAG-1	Tumor	E15S	Tumor	1	7093.189180612564	-0.8390110968113345	0.9729015328683341	0.011383688486368976	0.34229255683355037	0.01827392400534	0.0162053570108229	0.965520718983837	0.0004103794772408945	0.03198106527219786	0.9676085552505613	0.0004103794772408945	0.0	0.9837946429891771	reverted	reverted	reverted	reverted	reverted	persistent		0.0	0.0	0.0	0.0	0.0	0.016205357010822905
ACAAGCGAGGTCAAGG-1	Tumor	E15S	Tumor Proliferating	1	8879.4699074924	0.6856928309978135	0.6669248873477989	0.15315135939982358	0.21454864286960526	0.02021628321500038	0.01006580319848209	0.9697179135865175	0.009063469673005486	0.19759536384614815	0.7933411664808464	0.009063469673005486	0.9697179135865175	0.0	reverted	partial	partial	reverted	partial	persistent		0.0	0.0	0.0	0.02021628321500038	0.01006580319848209	0.0
ACAAGGCGTAGCTGCC-1	Tumor	E15S	Tumor	1	8788.950002670288	0.9062624502470445	0.5687462172441725	-0.18390095444097165	0.3188087044436893	0.013110381082695115	0.022835320047952933	0.964054298869352	0.016239379369403863	0.24870723164259176	0.7350533889880045	0.016239379369403863	0.964054298869352	0.0	reverted	partial	partial	reverted	partial	persistent		0.0	0.0	0.0	0.013110381082695115	0.022835320047952933	0.0
ACAAGGTAGCTACGCG-1	Tumor	E15S	Tumor Proliferating	1	9079.056871592999	0.03990486457527767	0.8717905773234657	-0.00941641670449963	0.29650706668500365	0.016182718361644904	0.01541826897862512	0.9683990126597299	0.0019548008629590866	0.09376189636296726	0.9042833027740734	0.0019548008629590866	0.0	0.9845817310213749	reverted	reverted	reverted	reverted	reverted	persistent		0.0	0.0	0.0	0.0	0.0	0.015418268978625123
ACAAGTTTCAGTATGT-1	Tumor	E15S	Tumor	1	8077.797157406807	1.2257005099332143	0.418725574236152	0.28319002036944857	0.11269556850053276	0.029745231015601212	0.007788817236140183	0.9624659517482587	0.03912531132344329	0.33312687348265974	0.627747815193897	0.03912531132344329	0.9624659517482587	0.0	reverted	partial	partial	reverted	partial	persistent		0.0	0.0	0.0	0.029745231015601212	0.007788817236140183	0.0
ACAATCACAAGGGATA-1	Tumor	E15S	Tumor Proliferating	1	8843.156629413366	0.0740481387369702	0.8643905679012165	0.3173569414823612	0.1804561373640627	0.034005085486489374	0.008317319144194838	0.9576775953693156	0.0021040428249822357	0.09769031250456987	0.9002056446704477	0.0021040428249822357	0.0	0.9916826808558051	reverted	reverted	reverted	reverted	reverted	persistent		0.0	0.0	0.0	0.0	0.0	0.00831731914419484
ACAATTCAGTAGCCCG-1	Tumor	E15S	Tumor	1	6504.0435962677	3.276665322535169	0.014617716791028622	-0.29303118519161964	0.27837227810703885	0.010788547883778686	0.029251817668806402	0.9599596344474151	0.9753045670460697	0.022706813364590434	0.0019886195893398777	0.9753045670460697	0.0	0.0	persistent	persistent	persistent	persistent	persistent	persistent		0.9599596344474148	0.010788547883778685	0.029251817668806395	0.0	0.0	0.0
ACACCAATCGTGAACC-1	Tumor	E15S	Hypoxic Tumor	1	7704.661235332489	0.3602654465603063	0.787578896172799	0.1993499817906752	0.19730269418427127	0.022708252092369048	0.009236400574370683	0.9680553473332603	0.0040356204646403845	0.1370302884605203	0.8589340910748393	0.0040356204646403845	0.0	0.9907635994256293	reverted	reverted	reverted	reverted	reverted	persistent		0.0	0.0	0.0	0.0	0.0	0.009236400574370683
ACACCAGCAGCCTATC-1	Tumor	E15S	Tumor	1	8801.364467740059	2.983795035705388	0.02517645053658409	-0.08464817913415548	0.19427281418382716	0.011572291247150276	0.015100982063929902	0.9733267266889197	0.9283690887670548	0.062925596307586	0.00870531492535916	0.9283690887670548	0.0	0.0	persistent	persistent	persistent	persistent	persistent	persistent		0.9733267266889197	0.011572291247150276	0.015100982063929902	0.0	0.0	0.0
ACACGATCAAGCTACG-1	Tumor	E15S	Tumor	1	8106.461475789547	2.5054736974896117	0.06004078422013084	-0.5617017489883358	0.4174987236178878	0.011642322865889246	0.055799439797007536	0.9325582373371031	0.701602220893991	0.23168100887643278	0.06671677022957624	0.701602220893991	0.0	0.0	persistent	persistent	persistent	persistent	persistent	persistent		0.9325582373371032	0.011642322865889248	0.05579943979700754	0.0	0.0	0.0
ACACGATCACTTGCAC-1	Tumor	E15S	Tumor	1	8458.379420816898	0.46864651081386016	0.7512352306886427	-0.11365298083778094	0.2926197485574459	0.013596898144723483	0.018871239289515264	0.9675318625657613	0.0052438154674016284	0.15522064069084984	0.8395355438417483	0.0052438154674016284	0.0	0.9811287607104848	reverted	reverted	reverted	reverted	reverted	persistent		0.0	0.0	0.0	0.0	0.0	0.018871239289515264
ACACGATCAGGGCAGA-1	Tumor	E15S	Tumor	1	7438.78623431921	0.01181289985920751	0.8776182610687839	-0.5362794795559881	0.5839220095868071	0.01585335210316457	0.04690002092600104	0.9372466269708345	0.0018412392327505234	0.09064090165912721	0.9075178591081222	0.0018412392327505234	0.0	0.953099979073999	reverted	reverted	reverted	reverted	reverted	reverted		0.0	0.0	0.0	0.0	0.0	0.04690002092600104
ACACGGTTCTAGTGCA-1	Tumor	E15S	Tumor	1	8786.574271321297	1.4632093214696942	0.3148271221747466	-0.009069580101640592	0.2177147224970328	0.013871981134369119	0.013250065721627234	0.9728779531440036	0.07598431902151657	0.3945517394584391	0.5294639415200444	0.07598431902151657	0.9728779531440036	0.0	reverted	partial	partial	reverted	partial	persistent		0.0	0.0	0.0	0.013871981134369119	0.013250065721627234	0.0
ACACTCCCAAGCGGAG-1	Tumor	E15S	Tumor	1	7194.588228344917	2.1043686018406165	0.1201025402375581	-0.16323623377377486	0.2553572621851356	0.011751200559733818	0.020151925293798972	0.9680968741464672	0.38047513539634154	0.4060763759907021	0.21344848861295637	0.38047513539634154	0.0	0.0	partial	persistent	persistent	partial	persistent	persistent		0.9680968741464673	0.01175120055973382	0.020151925293798976	0.0	0.0	0.0
ACACTCCCATAGAGCT-1	Tumor	E15S	Tumor Proliferating	1	9027.982775866985	0.6315411333954086	0.6892952928087309	0.12148401749395171	0.22649314048143535	0.018897484629892283	0.010763422005493508	0.9703390933646142	0.007885707590342128	0.1862691777081022	0.8058451147015556	0.007885707590342128	0.9703390933646142	0.0	reverted	partial	partial	reverted	partial	persistent		0.0	0.0	0.0	0.018897484629892283	0.010763422005493508	0.0
ACACTGATCCCTCGTA-1	Tumor	E15S	Tumor	1	8887.213964954019	0.8784580237687026	0.5816074393968521	-0.06734215020333345	0.28011880362613156	0.014204190404740887	0.016757617887792026	0.9690381917074672	0.0150686658341006	0.24185070441904008	0.7430806297468594	0.0150686658341006	0.9690381917074672	0.0	reverted	partial	partial	reverted	partial	persistent		0.0	0.0	0.0	0.014204190404740887	0.016757617887792026	0.0
ACAGAATGTTCATCCC-1	Tumor	E15S	Tumor	1	7895.70517718792	0.47859561051780186	0.747698669502959	-0.1385684394666095	0.31969878576230915	0.013911647723198268	0.020695527567833123	0.9653928247089686	0.005373529223333821	0.1569878033535433	0.837638667423123	0.005373529223333821	0.0	0.9793044724321669	reverted	reverted	reverted	reverted	reverted	reverted		0.0	0.0	0.0	0.0	0.0	0.020695527567833123
ACAGATGGTAATCGTC-1	Tumor	E15S	Tumor	1	8138.704419493675	0.6895872323227382	0.6652851354584833	-0.2155021151951266	0.337267769239681	0.013140105501805048	0.024986220193240368	0.9618736743049544	0.009155250924590722	0.1984291447719149	0.7924156043034943	0.009155250924590722	0.9618736743049546	0.0	reverted	partial	partial	reverted	partial	reverted		0.0	0.0	0.0	0.013140105501805052	0.024986220193240375	0.0
ACAGATGGTTAATCTG-1	Tumor	E15S	Tumor	1	8683.57832467556	0.35320361977836146	0.7898069276269151	0.2695440090615799	0.16862957690584704	0.028342437211158214	0.008347123281502096	0.9633104395073396	0.003968449008141951	0.13591125267254903	0.8601202983193091	0.003968449008141951	0.0	0.9916528767184979	reverted	reverted	reverted	reverted	reverted	persistent		0.0	0.0	0.0	0.0	0.0	0.008347123281502096
ACAGATGGTTGGTAGA-1	Tumor	E15S	Tumor	1	7461.527418851852	-0.1626046324662332	0.9088990212661329	-0.48275811631562726	0.4216163485324677	0.012314358217770742	0.046334640914730184	0.941351000867499	0.0012878027971714877	0.07335557575379834	0.9253566214490303	0.0012878027971714877	0.0	0.9536653590852698	reverted	reverted	reverted	reverted	reverted	persistent		0.0	0.0	0.0	0.0	0.0	0.04633464091473019
ACAGCAAGTGAAGCTA-1	Tumor	E15S	Tumor Proliferating	1	9083.028165638447	0.3330985683813452	0.7960559755532194	-0.04638346213292556	0.2954433192062933	0.015164239339249182	0.016500299648409336	0.9683354610123414	0.0037839952602745975	0.1327687267862994	0.8634472779534261	0.0037839952602745975	0.0	0.9834997003515906	reverted	reverted	reverted	reverted	reverted	persistent		0.0	0.0	0.0	0.0	0.0	0.01650029964840934
ACAGCAAGTGATTCCG-1	Tumor	E15S	Tumor Proliferating	1	8922.691321201622	0.41688882249906517	0.7690928904648129	-0.1723251049164661	0.36072045683594156	0.014515271759449515	0.02335253781357254	0.9621321904269778	0.004622750792750148	0.14629348417094062	0.8490837650363092	0.004622750792750148	0.0	0.9766474621864275	reverted	reverted	reverted	reverted	reverted	persistent		0.0	0.0	0.0	0.0	0.0	0.023352537813572542
ACAGCAAGTGGACCGA-1	Tumor	E15S	Tumor Proliferating	1	8966.706864491105	0.31832464309408987	0.8005592305921315	0.5676983966340685	0.10501118638599376	0.13179887038820126	0.009623082859736865	0.8585780467520617	0.0036546029462144114	0.13050009097206544	0.8658453060817201	0.0036546029462144114	0.0	0.9903769171402631	reverted	reverted	reverted	reverted	reverted	persistent		0.0	0.0	0.0	0.0	0.0	0.009623082859736867
ACAGCAAGTTGCTCTC-1	Tumor	E15S	Tumor	1	8512.139462172985	0.4126695317222725	0.7705083786542162	0.6097012356309888	0.1171983326237768	0.1617888248756686	0.010023554892105425	0.828187620232226	0.004575851976812283	0.14558525380631643	0.8498388942168713	0.004575851976812283	0.0	0.9899764451078946	reverted	reverted	reverted	reverted	reverted	persistent		0.0	0.0	0.0	0.0	0.0	0.010023554892105425
ACAGCCCGTGCAGCGA-1	Tumor	E15S	Tumor	1	8573.129660367966	-0.015797327545630336	0.8831224341854195	-0.11399929230386241	0.3711187510211122	0.015973894886423017	0.021143547694249802	0.9628825574193273	0.001737108240191621	0.08766867307826982	0.9105942186815386	0.001737108240191621	0.0	0.9788564523057502	reverted	reverted	reverted	reverted	reverted	persistent		0.0	0.0	0.0	0.0	0.0	0.021143547694249802
ACAGCCCGTGGCCATC-1	Tumor	E15S	Tumor Proliferating	1	8739.563099622726	-0.3107879903732461	0.929615570933763	0.11326104521701277	0.23952055461710775	0.018877797741936674	0.011192127470552198	0.9699300747875111	0.0009692717326240351	0.061201380735448736	0.9378293475319271	0.0009692717326240351	0.0	0.9888078725294478	reverted	reverted	reverted	reverted	reverted	persistent		0.0	0.0	0.0	0.0	0.0	0.011192127470552198
ACAGCCCGTTCATCGG-1	Tumor	E15S	Tumor	1	7834.910754561424	2.1610437832479144	0.10921796224677156	-0.16332308630373618	0.26643927731993944	0.012028775696748184	0.02043704807475387	0.967534176228498	0.42504835296244314	0.3876589171848939	0.18729272985266282	0.42504835296244314	0.0	0.0	persistent	persistent	persistent	persistent	persistent	persistent		0.967534176228498	0.012028775696748184	0.02043704807475387	0.0	0.0	0.0
ACAGCTATCACGCTAA-1	Tumor	E15S	Tumor	1	6955.431309461594	3.7595953272357696	0.005910743849952335	0.017413957324325748	0.12889106087082303	0.012544190164348348	0.010704909895472634	0.9767508999401788	0.9964831618332658	0.0033794885336986408	0.00013734963303565432	0.9964831618332658	0.0	0.0	persistent	persistent	persistent	persistent	persistent	persistent		0.9767508999401789	0.01254419016434835	0.010704909895472636	0.0	0.0	0.0
ACAGCTTGTAAGGTCA-1	Tumor	E15S	Tumor	1	5174.177158355713	1.6188519848668839	0.2549654143128685	0.4575608979134392	0.1176697638138117	0.06887527398217327	0.00837448636384751	0.9227502396539792	0.11662881301352014	0.4263697964763577	0.45700139051012223	0.11662881301352014	0.0	0.0	reverted	persistent	persistent	reverted	persistent	persistent		0.9227502396539792	0.06887527398217327	0.00837448636384751	0.0	0.0	0.0
ACAGGCAAGTGAGGAT-1	Tumor	E15S	Tumor	1	8760.331967025995	1.3978034674106132	0.3421282608333526	-0.29937188904477746	0.2858157234950842	0.010889400804419429	0.02986093477690452	0.959249664418676	0.06331601675890455	0.37860153494463955	0.5580824482964559	0.06331601675890455	0.9592496644186761	0.0	reverted	partial	partial	reverted	partial	persistent		0.0	0.0	0.0	0.01088940080441943	0.029860934776904522	0.0
ACAGGGATCCATCCCA-1	Tumor	E15S	Tumor	1	5556.0326981544495	0.9716443217487166	0.5381655560615201	0.025688266116518345	0.22123789566464216	0.014988299416455516	0.012463225603901102	0.9725484749796434	0.0193884442129576	0.26524064826156674	0.7153709075254757	0.0193884442129576	0.9725484749796434	0.0	reverted	partial	partial	reverted	partial	persistent		0.0	0.0	0.0	0.014988299416455516	0.012463225603901102	0.0
ACAGTCGCAGCATGTG-1	Tumor	E15S	Tumor Proliferating	1	8869.482156395912	0.818381920282856	0.6089995414151923	-0.37264621041043355	0.43930431116524693	0.013860089421908804	0.03658968773107284	0.9495502228470182	0.012834902590260848	0.22742421036373725	0.7597408870460021	0.012834902590260848	0.9495502228470184	0.0	reverted	partial	partial	reverted	partial	reverted		0.0	0.0	0.0	0.013860089421908807	0.036589687731072844	0.0
ACAGTGAGTAAGCATG-1	Tumor	E15S	Tumor	1	8665.779616892338	0.18579352941749952	0.83762945269016	0.07431942045514928	0.263646043857656	0.017946772716013342	0.012497932609734348	0.9695552946742525	0.002693699251109636	0.11163627826654529	0.8856700224823452	0.002693699251109636	0.0	0.9875020673902656	reverted	reverted	reverted	reverted	reverted	persistent		0.0	0.0	0.0	0.0	0.0	0.012497932609734344
ACAGTGAGTTGGCTGC-1	Tumor	E15S	Tumor	1	9018.271564111114	0.9382971804972976	0.5538135009215565	0.11594073038889649	0.19140627814775787	0.017702356932154578	0.010103902878098358	0.9721937401897469	0.01770876709804423	0.25673902389586606	0.7255522090060895	0.01770876709804423	0.972193740189747	0.0	reverted	partial	partial	reverted	partial	persistent		0.0	0.0	0.0	0.01770235693215458	0.01010390287809836	0.0
ACAGTTACAACATCGG-1	Tumor	E15S	Tumor	1	8470.549225151539	0.41732812513952355	0.7689451625449263	-0.08685179430964918	0.3031313686085802	0.014456628789153284	0.018125179731038513	0.967418191479808	0.004627664542140293	0.14636739134751475	0.8490049441103449	0.004627664542140293	0.0	0.9818748202689614	reverted	reverted	reverted	reverted	reverted	persistent		0.0	0.0	0.0	0.0	0.0	0.018125179731038516
ACAGTTACACAAGCCA-1	Tumor	E15S	Tumor	1	8942.359067678452	1.2752766287520474	0.39607119048315365	-0.20202432863073352	0.2794692194096685	0.011808816247319064	0.022869633449791937	0.965321550302889	0.044940654836405414	0.34652608911008415	0.6085332560535104	0.044940654836405414	0.965321550302889	0.0	reverted	partial	partial	reverted	partial	persistent		0.0	0.0	0.0	0.011808816247319064	0.022869633449791937	0.0
ACATCCGGTCTTGGAT-1	Tumor	E15S	Tumor	1	8398.988645792007	1.1719614065837054	0.443672385538548	0.1308523838487193	0.19890188183105795	0.01862783124218266	0.010043679081191787	0.9713284896766254	0.03368091023231039	0.31852886203959	0.6477902277280996	0.03368091023231039	0.9713284896766256	0.0	reverted	partial	partial	reverted	partial	persistent		0.0	0.0	0.0	0.018627831242182664	0.01004367908119179	0.0
ACATCCTTCAGCTCGG-1	Tumor	E15S	Tumor	1	8505.330518126488	1.180232943806644	0.43981073503048934	-0.14355974264834684	0.3211973315324671	0.013863717188520948	0.020958765364684072	0.9651775174467949	0.03446560592090809	0.32077591226559	0.6447584818135019	0.03446560592090809	0.965177517446795	0.0	reverted	partial	partial	reverted	partial	reverted		0.0	0.0	0.0	0.01386371718852095	0.020958765364684075	0.0
ACATGCATCACTTGAG-1	Tumor	E15S	Tumor	1	8318.953766047955	0.8094428512316675	0.6130217195914687	-0.0005573361018100659	0.2566903509576221	0.015218395751087377	0.014047799042926487	0.9707338052059861	0.012533969057272883	0.2253249072836117	0.7621411236591153	0.012533969057272883	0.9707338052059862	0.0	reverted	partial	partial	reverted	partial	persistent		0.0	0.0	0.0	0.015218395751087379	0.014047799042926488	0.0
ACATGCATCCGTTGCC-1	Tumor	E15S	Tumor Proliferating	1	9053.673158869147	1.3256869134947833	0.3734845751452547	0.005348421264108942	0.22884011675085356	0.014583816886412656	0.01315306736487776	0.9722631157487095	0.05174940680350987	0.3599664221505444	0.5882841710459457	0.05174940680350987	0.9722631157487096	0.0	reverted	partial	partial	reverted	partial	persistent		0.0	0.0	0.0	0.014583816886412658	0.013153067364877761	0.0
ACATGCCAGGGTCTCG-1	Tumor	E15S	Tumor Proliferating	1	8993.895294174552	1.033973100649954	0.5087395857837754	-0.14010472581765196	0.2906708559976927	0.013054315556039331	0.01996167126607142	0.9669840131778891	0.02299269590338349	0.28147377984408195	0.6955335242525347	0.02299269590338349	0.9669840131778893	0.0	reverted	partial	partial	reverted	partial	persistent		0.0	0.0	0.0	0.013054315556039335	0.019961671266071422	0.0
ACATGGCTCCCCTTGA-1	Tumor	E15S	Tumor	1	7746.653933167458	0.4272446395392406	0.7655928811095288	-0.0013951325020238256	0.3345475979154445	0.01763377050573933	0.01631967784204256	0.9660465516522181	0.004740149065438378	0.14804416326680128	0.8472156876677605	0.004740149065438378	0.0	0.9836803221579574	reverted	reverted	reverted	reverted	reverted	reverted		0.0	0.0	0.0	0.0	0.0	0.01631967784204256
ACATTCCTCATACTGG-1	Tumor	E15S	Tumor	1	8479.360067725182	0.9187448375076394	0.562940973729497	-0.42712548566243724	0.3168018319912933	0.010582284514403338	0.04300592086303987	0.9464117946225569	0.016795975487966037	0.25182044587129876	0.7313835786407351	0.016795975487966037	0.9464117946225569	0.0	reverted	partial	partial	reverted	partial	persistent		0.0	0.0	0.0	0.010582284514403338	0.04300592086303987	0.0
ACATTCCTCCCCAGCT-1	Tumor	E15S	Tumor	1	8760.79344624281	2.679318004198664	0.043942919201337007	-0.203535118365989	0.2680278408141552	0.011509295852857284	0.0226963501910838	0.9657943539560588	0.811622949064185	0.15427561586278732	0.03410143507302768	0.811622949064185	0.0	0.0	persistent	persistent	persistent	persistent	persistent	persistent		0.9657943539560588	0.011509295852857284	0.0226963501910838	0.0	0.0	0.0
ACCAAACCAACATAGC-1	Tumor	E15S	Tumor	1	8924.831677436829	0.17418750104633535	0.8405956572270423	-0.023489881481814863	0.28951825480931337	0.015575025782124522	0.015621328044026198	0.9688036461738494	0.0026243037664774637	0.1101073560300429	0.8872683402034797	0.0026243037664774637	0.0	0.9843786719559737	reverted	reverted	reverted	reverted	reverted	persistent		0.0	0.0	0.0	0.0	0.0	0.015621328044026194
ACCAAATTCGTTACTC-1	Tumor	E15S	Tumor	1	8924.963014826179	1.6221550668449911	0.25377938289848756	-0.27749132128492815	0.3055911880212412	0.011543907871503518	0.028369455627919964	0.9600866365005765	0.11767881200790774	0.42691811925608186	0.45540306873601044	0.11767881200790774	0.0	0.0	reverted	persistent	persistent	reverted	persistent	persistent		0.9600866365005766	0.01154390787150352	0.028369455627919968	0.0	0.0	0.0
ACCAACATCTGGGATC-1	Tumor	E15S	Tumor	1	8863.974600300193	0.4550766744894	0.7560051077226685	-0.4533965019485233	0.4856425019204065	0.014169188995284417	0.04243572899446988	0.9433950820102457	0.0050724621293364094	0.15283706998814955	0.8420904678825141	0.0050724621293364094	0.0	0.9575642710055301	reverted	reverted	reverted	reverted	reverted	persistent		0.0	0.0	0.0	0.0	0.0	0.04243572899446988
ACCAATGTCGTCTCTG-1	Tumor	E15S	Tumor	1	7441.083557963371	0.9847746200084686	0.5319818031441956	-0.11096722446192886	0.30696027927158165	0.014068113514574175	0.019169976647133415	0.9667619098382926	0.020095116259895757	0.26862501939279043	0.7112798643473137	0.020095116259895757	0.9667619098382924	0.0	reverted	partial	partial	reverted	partial	reverted		0.0	0.0	0.0	0.014068113514574172	0.01916997664713341	0.0
ACCAATTAGCGGTCTG-1	Tumor	E15S	Tumor	1	7356.372324228287	0.4356912634301189	0.7627109975911835	-0.5631069343918215	0.5733747576058178	0.015285183918570604	0.04908632615766061	0.9356284899237688	0.004838367021405688	0.14948517761877522	0.845676455359819	0.004838367021405688	0.0	0.9509136738423394	reverted	reverted	reverted	reverted	reverted	reverted		0.0	0.0	0.0	0.0	0.0	0.04908632615766061
ACCACAATCGATGCAC-1	Tumor	E15S	Tumor Proliferating	1	9082.853546127677	0.7013940307878409	0.6602895111915272	-0.13094493661599108	0.3120519179858551	0.013830274491315162	0.020148939671499975	0.9660207858371848	0.009439718276078344	0.20097263453193137	0.7895876471919901	0.009439718276078344	0.9660207858371849	0.0	reverted	partial	partial	reverted	partial	persistent		0.0	0.0	0.0	0.013830274491315164	0.02014893967149998	0.0
ACCATCAAGCATGAGG-1	Tumor	E15S	Tumor	1	8359.265641629696	1.0081746420496476	0.5209383245542125	-0.08988015493721843	0.24078524082245484	0.012624749948132471	0.016487010073367996	0.9708882399784995	0.021422376500497862	0.27470461833076737	0.7038730051687347	0.021422376500497862	0.9708882399784995	0.0	reverted	partial	partial	reverted	partial	reverted		0.0	0.0	0.0	0.012624749948132471	0.016487010073367996	0.0
ACCATCAAGCTACAGC-1	Tumor	E15S	Tumor Proliferating	1	9006.484360396862	0.6479915403263703	0.6825864468352215	-0.13704447774934578	0.33706014463655587	0.01445542315717164	0.021115309494764686	0.9644292673480637	0.008224839899394739	0.18965695059264442	0.802118209507961	0.008224839899394739	0.9644292673480637	0.0	reverted	partial	partial	reverted	partial	persistent		0.0	0.0	0.0	0.01445542315717164	0.021115309494764686	0.0
ACCATCAAGTCATCTC-1	Tumor	E15S	Tumor	1	7057.969566047192	1.7228576003305867	0.21939402826850773	-0.361009172383425	0.4322280321159512	0.013809134536560491	0.03573243932268551	0.9504584261407539	0.15406587498786647	0.4402550957280871	0.40567902928404653	0.15406587498786647	0.0	0.0	partial	persistent	persistent	partial	persistent	reverted		0.9504584261407539	0.013809134536560491	0.03573243932268551	0.0	0.0	0.0
ACCATCCCACAGGACC-1	Tumor	E15S	Tumor	1	8414.145529359579	0.9685187313515914	0.539635905081019	0.23056656328619976	0.11402506306467897	0.023967133841388988	0.00793604845482634	0.9680968177037846	0.019224107457853006	0.2644380039779437	0.7163378885642033	0.019224107457853006	0.9680968177037846	0.0	reverted	partial	partial	reverted	partial	persistent		0.0	0.0	0.0	0.023967133841388988	0.00793604845482634	0.0
ACCATCCCAGGACTAT-1	Tumor	E15S	Tumor	1	7736.382666289806	1.1452991724418218	0.45616401574642124	-0.13226942715456708	0.34544087407134344	0.014801448621740924	0.02114817861339161	0.9640503727648675	0.031274080390043014	0.3112947131816828	0.6574312064282742	0.031274080390043014	0.9640503727648675	0.0	reverted	partial	partial	reverted	partial	reverted		0.0	0.0	0.0	0.014801448621740924	0.02114817861339161	0.0
ACCATCCCATAGACAC-1	Tumor	E15S	Tumor	1	8819.758410289884	1.0202358509969358	0.5152374317426732	-0.016415834589883913	0.26982556207872593	0.015166160269314003	0.014852158702282446	0.9699816810284034	0.02214207759605572	0.2778610422495395	0.6999968801544048	0.02214207759605572	0.9699816810284035	0.0	reverted	partial	partial	reverted	partial	persistent		0.0	0.0	0.0	0.015166160269314005	0.014852158702282448	0.0
ACCATTAGTTGGCCTA-1	Tumor	E15S	Tumor	1	9000.347300380468	3.923145298795496	0.00434367979716695	0.018152858287403546	0.15646822292619986	0.01312979012750295	0.011189810322836882	0.97568039954966	0.9982642058761909	0.0016832509960070373	5.2543127802001615e-05	0.9982642058761909	0.0	0.0	persistent	persistent	persistent	persistent	persistent	persistent		0.9756803995496602	0.013129790127502953	0.011189810322836884	0.0	0.0	0.0
ACCATTTCATGATTGA-1	Tumor	E15S	Tumor	1	8771.4404848665	0.8266431912226327	0.6052691130219998	-0.1841822725404987	0.3197623978580565	0.013132455788801291	0.022874101175778507	0.9639934430354202	0.01311989698286468	0.2293754421312175	0.7575046608859178	0.01311989698286468	0.9639934430354202	0.0	reverted	partial	partial	reverted	partial	persistent		0.0	0.0	0.0	0.013132455788801291	0.022874101175778507	0.0
ACCCAACAGCTTAGTG-1	Tumor	E15S	Tumor	1	8261.062524318695	0.8083021931320297	0.6135338697108982	-0.3383333068081283	0.4010246817153321	0.0132488592345027	0.033922683784834665	0.9528284569806627	0.012496115555702738	0.22505793263636625	0.7624459518079311	0.012496115555702738	0.9528284569806627	0.0	reverted	partial	partial	reverted	partial	persistent		0.0	0.0	0.0	0.0132488592345027	0.033922683784834665	0.0
ACCCAGACACTTGCGT-1	Tumor	E15S	Tumor	1	8576.280517727137	0.677289798307834	0.6704492434543246	0.3077489507400385	0.15250900455576277	0.03287052795387294	0.008067310517112049	0.9590621615290151	0.00886881299749864	0.19580506164873585	0.7953261253537655	0.00886881299749864	0.9590621615290149	0.0	reverted	partial	partial	reverted	partial	persistent		0.0	0.0	0.0	0.032870527953872936	0.008067310517112047	0.0
ACCCAGGTCGCGCATG-1	Tumor	E15S	Tumor Proliferating	1	8991.113673985004	-0.17903748300184433	0.9114424100799704	-0.0271422656126594	0.32631430006182127	0.01663593198354143	0.016815809539586408	0.9665482584768723	0.0012467351864036147	0.07190034458604777	0.9268529202275487	0.0012467351864036147	0.0	0.9831841904604135	reverted	reverted	reverted	reverted	reverted	persistent		0.0	0.0	0.0	0.0	0.0	0.016815809539586404
ACCCAGTAGCGGGTAA-1	Tumor	E15S	Tumor Proliferating	1	9012.468811534345	0.25693429315259453	0.8184698031385657	-0.9183377971375243	0.7940901425698528	0.017401138706398263	0.06357754361562175	0.91902131767798	0.0031679419526428696	0.12143478704449068	0.8753972710028665	0.0031679419526428696	0.0	0.9364224563843783	reverted	reverted	reverted	reverted	reverted	persistent		0.0	0.0	0.0	0.0	0.0	0.06357754361562175
ACCCATAAGGCACATC-1	Tumor	E15S	Tumor	1	8810.637994468212	1.6453472682219672	0.24555483151138005	0.06865366476706822	0.19495831764342578	0.01577099001851769	0.010954449404200492	0.973274560577282	0.1252970915309909	0.43058520229346803	0.4441177061755412	0.1252970915309909	0.0	0.0	reverted	persistent	persistent	reverted	persistent	persistent		0.9732745605772818	0.015770990018517686	0.01095444940420049	0.0	0.0	0.0
ACCCCAAGTCTGTCGA-1	Tumor	E15S	Tumor	1	7855.094002485275	0.6425127030631097	0.6848294579507894	-0.3815909562112741	0.4296788736261594	0.013501666756657642	0.03723885984099045	0.9492594734023518	0.00811015860303379	0.1885235040388709	0.8033663373580952	0.00811015860303379	0.949259473402352	0.0	reverted	partial	partial	reverted	partial	reverted		0.0	0.0	0.0	0.013501666756657644	0.03723885984099046	0.0
ACCCCGAAGTGATCCA-1	Tumor	E15S	Tumor	1	8855.049311801791	3.5951555465893317	0.00805203490420522	-0.04531615060656281	0.1760204110912393	0.011947795541372552	0.013311546663064413	0.9747406577955632	0.9930085042978211	0.006640312016092389	0.0003511836860865869	0.9930085042978211	0.0	0.0	persistent	persistent	persistent	persistent	persistent	persistent		0.974740657795563	0.011947795541372548	0.01331154666306441	0.0	0.0	0.0
ACCCCGTTCCGTGGAT-1	Tumor	E15S	Hypoxic Tumor	1	9076.346608519554	0.3555510865465218	0.7890682018287949	-1.2640182052090287	0.9870362359287101	0.019019536185434054	0.0700604776563661	0.9109199861581998	0.003990637508045048	0.13628235611140302	0.859727006380552	0.003990637508045048	0.0	0.9299395223436339	reverted	reverted	reverted	reverted	reverted	persistent		0.0	0.0	0.0	0.0	0.0	0.0700604776563661
ACCCCTGCAAGGTATC-1	Tumor	E15S	Hypoxic Tumor	1	6340.456451654434	0.09300309653480703	0.8601289225447325	-0.03941488616926843	0.276208262059881	0.014755112428989208	0.015722747958670756	0.9695221396123401	0.0021926161372253223	0.09993672228119155	0.897870661581583	0.0021926161372253223	0.0	0.9842772520413293	reverted	reverted	reverted	reverted	reverted	persistent		0.0	0.0	0.0	0.0	0.0	0.015722747958670756
ACCCCTTGTGGGTATA-1	Tumor	E15S	Tumor Proliferating	1	8956.368270337582	0.9856816758095558	0.5315542375459333	-0.2789921513160803	0.36600275205404154	0.013048732491253396	0.029413095499313577	0.957538172009433	0.02014492309133807	0.2688595508021535	0.7109955261065083	0.02014492309133807	0.957538172009433	0.0	reverted	partial	partial	reverted	partial	persistent		0.0	0.0	0.0	0.013048732491253396	0.029413095499313577	0.0
ACCCGAACACAACCTC-1	Tumor	E15S	Tumor	1	8979.875915139914	3.3914600557498926	0.011796109385413645	-0.23809830545645697	0.2204887616194412	0.01011249614628643	0.024070394545199436	0.9658171093085142	0.9841550437566255	0.014765823932456412	0.001079132310918001	0.9841550437566255	0.0	0.0	persistent	persistent	persistent	persistent	persistent	persistent		0.9658171093085142	0.01011249614628643	0.024070394545199436	0.0	0.0	0.0
ACCCGATAGCGAACTC-1	Tumor	E15S	Tumor	1	8345.316464692354	0.3838653359129575	0.7800082978676931	0.16162601678478514	0.19481282586957482	0.02021620011898453	0.009580135689622815	0.9702036641913926	0.004269531974151244	0.1408279668349438	0.8549025011909049	0.004269531974151244	0.0	0.9904198643103772	reverted	reverted	reverted	reverted	reverted	persistent		0.0	0.0	0.0	0.0	0.0	0.009580135689622817
ACCCGATAGGCGTCCA-1	Tumor	E15S	Tumor	1	6757.005278289318	1.3633553781915506	0.35695411944297495	0.08187693245481431	0.18359116555222563	0.016001505745912477	0.010481171093828312	0.9735173231602593	0.05750219747242487	0.36980917233409843	0.5726886301934766	0.05750219747242487	0.9735173231602593	0.0	reverted	partial	partial	reverted	partial	persistent		0.0	0.0	0.0	0.016001505745912477	0.010481171093828312	0.0
ACCCTAGGTTAAGGGC-1	Tumor	E15S	Tumor Proliferating	1	8907.982313301414	0.11388040222956694	0.8553058910409601	-0.42025944788606	0.5149616473271665	0.015345355919398233	0.03984831957440526	0.9448063245061965	0.002295228242411256	0.10246621829648962	0.8952385534610992	0.002295228242411256	0.0	0.9601516804255947	reverted	reverted	reverted	reverted	reverted	persistent		0.0	0.0	0.0	0.0	0.0	0.03984831957440526
ACCCTAGGTTGAGTTC-1	Tumor	E15S	Tumor	1	8286.699371933937	-0.14222966594169054	0.9056543490020669	-0.18404612764129505	0.31742281539627004	0.013069643624095817	0.022807589023625122	0.9641227673522792	0.0013410183763732425	0.07519928377981382	0.9234596978438129	0.0013410183763732425	0.0	0.9771924109763748	reverted	reverted	reverted	reverted	reverted	persistent		0.0	0.0	0.0	0.0	0.0	0.02280758902362512
ACCCTATTCCCATAGA-1	Tumor	E15S	Tumor	1	8666.273837685585	1.6875035378971568	0.23107154256296586	0.1629692983471247	0.16202368790801375	0.01956846844639211	0.009004748468618188	0.9714267830849898	0.14029056282619445	0.43636988492324874	0.42333955225055675	0.14029056282619445	0.0	0.0	partial	persistent	persistent	partial	persistent	persistent		0.9714267830849898	0.01956846844639211	0.009004748468618188	0.0	0.0	0.0
ACCCTATTCTGTCAAG-1	Tumor	E15S	Tumor Proliferating	1	8872.592479266226	0.4468240220159374	0.758875505779097	-0.06311709490967626	0.30239211729528953	0.014971501171001442	0.017258395824788605	0.9677701030042101	0.004971298456129513	0.15140249049848964	0.8436262110453807	0.004971298456129513	0.0	0.9827416041752115	reverted	reverted	reverted	reverted	reverted	persistent		0.0	0.0	0.0	0.0	0.0	0.017258395824788605
ACCCTCATCGATGATT-1	Tumor	E15S	Tumor	1	8394.228502035141	0.3298644217107219	0.7970482045553252	0.35298191485324115	0.13462597455373024	0.04024492798196027	0.007937013652349357	0.9518180583656902	0.0037552344181568005	0.13226917359877827	0.8639755919830651	0.0037552344181568005	0.0	0.9920629863476507	reverted	reverted	reverted	reverted	reverted	persistent		0.0	0.0	0.0	0.0	0.0	0.007937013652349358
ACCGACTAGCATGCAC-1	Tumor	E15S	Tumor	1	7932.902936935425	0.4556140014235039	0.7558174170721326	-0.005550907227595256	0.29181030410264164	0.01614638636498265	0.015174038363373145	0.9686795752716442	0.005079127763636045	0.15293086810172474	0.8419900041346392	0.005079127763636045	0.0	0.9848259616366268	reverted	reverted	reverted	reverted	reverted	persistent		0.0	0.0	0.0	0.0	0.0	0.015174038363373145
ACCGATGCAACTTCCA-1	Tumor	E15S	Hypoxic Tumor	1	6292.43967628479	-0.6936767804780064	0.9646226690032913	-0.1064901905272253	0.39062252316667206	0.01675869145392434	0.021420748018139573	0.9618205605279361	0.0005073044756040623	0.0382323574523114	0.9612603380720844	0.0005073044756040623	0.0	0.9785792519818605	reverted	reverted	reverted	reverted	reverted	persistent		0.0	0.0	0.0	0.0	0.0	0.021420748018139573
ACCGATGCACTAACGG-1	Tumor	E15S	Tumor	1	8603.80819940567	0.112817053717789	0.8555548471343024	-0.3260728630046005	0.4765693008228948	0.015508293417349791	0.033823742013066156	0.950667964569584	0.002289869165020292	0.10233596776542209	0.8953741630695576	0.002289869165020292	0.0	0.9661762579869339	reverted	reverted	reverted	reverted	reverted	persistent		0.0	0.0	0.0	0.0	0.0	0.033823742013066156
ACCGCTAGTTTACCGG-1	Tumor	E15S	Tumor	1	8951.012758277357	0.17533810706072703	0.8403035639410796	0.1401039932342109	0.22004006845499618	0.019655197071786035	0.010352561784086984	0.9699922411441269	0.0026310910850166837	0.11025807638067026	0.8871108325343131	0.0026310910850166837	0.0	0.9896474382159131	reverted	reverted	reverted	reverted	reverted	persistent		0.0	0.0	0.0	0.0	0.0	0.010352561784086986
ACCTAAGTCGTTACAG-1	Tumor	E15S	Tumor	1	8907.9186642766	1.381707999890474	0.34901922086922077	0.027053883939142327	0.19805373620128075	0.014405406411963044	0.011877078782397266	0.9737175148056397	0.060530704591096836	0.37452166121630603	0.5649476341925972	0.060530704591096836	0.9737175148056397	0.0	reverted	partial	partial	reverted	partial	persistent		0.0	0.0	0.0	0.014405406411963044	0.011877078782397266	0.0
ACCTAAGTCTGGTACA-1	Tumor	E15S	Tumor	1	8876.388025462627	0.41189349462866276	0.7707680592674915	-0.4596204014252329	0.4811787449120728	0.01398592989107887	0.042983547651191785	0.9430305224577294	0.004567284021710878	0.14545530963800457	0.8499774063402846	0.004567284021710878	0.0	0.9570164523488083	reverted	reverted	reverted	reverted	reverted	persistent		0.0	0.0	0.0	0.0	0.0	0.042983547651191785
ACCTACTTCCGCACTC-1	Tumor	E15S	Tumor	1	8936.445179283619	1.1333005099345341	0.4618045632444125	-0.4017261323087945	0.4171992623011007	0.012964237790279214	0.0388694351183096	0.948166327091411	0.030249370587831947	0.3080461056043036	0.6617045238078645	0.030249370587831947	0.9481663270914112	0.0	reverted	partial	partial	reverted	partial	persistent		0.0	0.0	0.0	0.012964237790279217	0.038869435118309606	0.0
ACCTCACCAGTTAGGT-1	Tumor	E15S	Tumor	1	8870.34210574627	-0.06135905736933375	0.8917354933435889	0.27667477616638997	0.16671812073489792	0.02909754016071828	0.008295993576525653	0.962606466262756	0.001580085391288277	0.0829642134195099	0.9154557011892017	0.001580085391288277	0.0	0.9917040064234743	reverted	reverted	reverted	reverted	reverted	persistent		0.0	0.0	0.0	0.0	0.0	0.008295993576525653
ACCTCCATCAATGGTT-1	Tumor	E15S	Tumor Proliferating	1	8909.441879838705	0.719105390322169	0.6527284932152911	0.06041986371344139	0.24715022910313422	0.01692473193122892	0.012353856072476098	0.9707214119962951	0.009884544009258282	0.20483218721236252	0.7852832687783792	0.009884544009258282	0.9707214119962949	0.0	reverted	partial	partial	reverted	partial	persistent		0.0	0.0	0.0	0.016924731931228915	0.012353856072476094	0.0
ACCTCCGCATCCTGAC-1	Tumor	E15S	Tumor	1	8617.619589686394	-0.0043818051246355	0.8808732390061335	-0.11074718983668813	0.3597331052405335	0.015684972295604355	0.020687409216082125	0.9636276184883135	0.0017792975426284662	0.08888625108450496	0.9093344513728666	0.0017792975426284662	0.0	0.9793125907839179	reverted	reverted	reverted	reverted	reverted	persistent		0.0	0.0	0.0	0.0	0.0	0.020687409216082125
ACCTCTTAGCAAGGCA-1	Tumor	E15S	Tumor	1	7975.293917179108	0.3528996472019186	0.7899024459732187	0.3119080851336966	0.1259930865998288	0.03363376921633894	0.007860162607100896	0.9585060681765601	0.003965585980743765	0.13586326280659763	0.8601711512126586	0.003965585980743765	0.0	0.9921398373928991	reverted	reverted	reverted	reverted	reverted	persistent		0.0	0.0	0.0	0.0	0.0	0.007860162607100896
ACCTGATGTAGGCCAG-1	Tumor	E15S	Tumor Proliferating	1	8963.099616475403	1.113915375835425	0.47093755181946345	-0.2426190163969713	0.3168357087002314	0.012225356372797843	0.026165480390840674	0.9616091632363616	0.02866641090639482	0.30281055636810966	0.6685230327254955	0.02866641090639482	0.9616091632363616	0.0	reverted	partial	partial	reverted	partial	persistent		0.0	0.0	0.0	0.012225356372797843	0.026165480390840674	0.0
ACCTGATGTTCGCAAT-1	Tumor	E15S	Tumor	1	8326.154858320951	-0.6297617236133557	0.9602530922479525	-0.12844892640355876	0.37787940706447387	0.015883091135463615	0.02190995381683524	0.9622069550477013	0.0005602029585883812	0.041358380465111554	0.9580814165763001	0.0005602029585883812	0.0	0.9780900461831649	reverted	reverted	reverted	reverted	reverted	persistent		0.0	0.0	0.0	0.0	0.0	0.02190995381683524
ACCTGCCTCGACCCAG-1	Tumor	E15S	Tumor Proliferating	1	9037.775747984648	0.709160284073531	0.6569838582421196	0.023861782969742597	0.2439628792929542	0.015580687729791834	0.01308669853107516	0.971332613739133	0.009632045223305673	0.2026585149741861	0.7877094398025083	0.009632045223305673	0.971332613739133	0.0	reverted	partial	partial	reverted	partial	persistent		0.0	0.0	0.0	0.015580687729791834	0.01308669853107516	0.0
ACCTGGACATGACCAG-1	Tumor	E15S	Tumor	1	7841.78414452076	3.057945337685726	0.02195146923677321	0.16093614934645237	0.12102514402803356	0.018678818721206063	0.008455385202033044	0.972865796076761	0.9447291182507316	0.049204261637119315	0.006066620112149064	0.9447291182507316	0.0	0.0	persistent	persistent	persistent	persistent	persistent	reverted		0.9728657960767608	0.01867881872120606	0.008455385202033042	0.0	0.0	0.0
ACCTGGGTCGAATCCA-1	Tumor	E15S	Tumor	1	5940.591639041901	-0.9446206047434778	0.9777027114757036	-0.4856151051201124	0.6571764118949346	0.018460354451889864	0.0429153330582211	0.938624312489889	0.000355985017777103	0.028096991054940467	0.9715470239272824	0.000355985017777103	0.0	0.9570846669417788	reverted	reverted	reverted	reverted	reverted	persistent		0.0	0.0	0.0	0.0	0.0	0.0429153330582211
ACCTGTCCAGCCTACT-1	Tumor	E15S	Tumor	1	8284.884540259838	1.8494567576462702	0.18110593003767111	-0.05314081547282036	0.2462101785183818	0.013554721911208456	0.015324626087868942	0.9711206520009225	0.21317315157336558	0.4456010344463737	0.34122581398026064	0.21317315157336558	0.0	0.0	partial	persistent	persistent	partial	persistent	reverted		0.9711206520009227	0.01355472191120846	0.015324626087868946	0.0	0.0	0.0
ACCTTAAGTTAGGCCC-1	Tumor	E15S	Tumor	1	8438.065773248672	0.5004940834199673	0.7397979726251542	-0.17370717376246256	0.34368913776021776	0.01398787276448149	0.02297027118250025	0.9630418560530183	0.00567174396176914	0.16093606361616333	0.8333921924220675	0.00567174396176914	0.0	0.9770297288174998	reverted	reverted	reverted	reverted	reverted	persistent		0.0	0.0	0.0	0.0	0.0	0.02297027118250025
ACGAAATGTCATGCTG-1	Tumor	E15S	Tumor Proliferating	1	8989.877320438623	0.591805534420278	0.7051725643484793	0.1379892376519902	0.2236368263374513	0.01964131914406134	0.010458935833942388	0.9698997450219963	0.007127834505996624	0.17827735044507548	0.814594815048928	0.007127834505996624	0.0	0.9895410641660576	reverted	reverted	reverted	reverted	reverted	persistent		0.0	0.0	0.0	0.0	0.0	0.010458935833942388
ACGACGAAGCCACTCC-1	Tumor	E15S	Tumor Proliferating	1	8913.242232561111	0.07178633581079961	0.8648917117494745	-0.47838933958557284	0.5491587693807117	0.015581392332947449	0.043494360137946914	0.9409242475291056	0.0020937544906086776	0.0974254112021019	0.9004808343072894	0.0020937544906086776	0.0	0.9565056398620531	reverted	reverted	reverted	reverted	reverted	persistent		0.0	0.0	0.0	0.0	0.0	0.043494360137946914
ACGATATTCGTCTATC-1	Tumor	E15S	Tumor	1	8158.612372636795	1.3092959692274624	0.3807735632903522	-0.3200430402268657	0.37669153936518046	0.012828161917909581	0.03238612019417379	0.9547857178879167	0.049428969688699594	0.3556244542518288	0.5949465760594717	0.049428969688699594	0.9547857178879167	0.0	reverted	partial	partial	reverted	partial	persistent		0.0	0.0	0.0	0.012828161917909581	0.03238612019417379	0.0
ACGATTGTCCCTCAGC-1	Tumor	E15S	Tumor	1	8739.695605054498	0.5428865146276937	0.7240545362293439	0.01595710565685919	0.2634327201979205	0.015913898939042718	0.013804095436388622	0.9702820056245687	0.006302419116600669	0.1688100772222252	0.8248875036611741	0.006302419116600669	0.0	0.9861959045636114	reverted	reverted	reverted	reverted	reverted	persistent		0.0	0.0	0.0	0.0	0.0	0.013804095436388622
ACGATTTAGGTGCGAA-1	Tumor	E15S	Tumor Proliferating	1	9029.317789137363	0.7977148066747222	0.6182754440397705	0.32176450780621585	0.15820346469532695	0.03477579746865276	0.008096254420541809	0.9571279481108056	0.012150552857079855	0.22258974925253278	0.7652596978903874	0.012150552857079855	0.9571279481108054	0.0	reverted	partial	partial	reverted	partial	persistent		0.0	0.0	0.0	0.03477579746865275	0.008096254420541807	0.0
ACGCAATCAATGTCAA-1	Tumor	E15S	Tumor Proliferating	1	8954.614108532667	0.3616483197090571	0.7871405810954896	-0.14668627651099161	0.33829145985387654	0.014310622163398108	0.02157178628912796	0.9641175915474739	0.004048923233883768	0.1372503542955923	0.858700722470524	0.004048923233883768	0.0	0.9784282137108721	reverted	reverted	reverted	reverted	reverted	persistent		0.0	0.0	0.0	0.0	0.0	0.021571786289127964
ACGCATATCCCGTAGG-1	Tumor	E15S	Tumor	1	8074.808685302734	0.05153522464964636	0.869309370972884	-0.6323854710528347	0.41760278681402435	0.011231449975342523	0.06622371223403725	0.9225448377906201	0.002004205238681412	0.09508320587614931	0.9029125888851692	0.002004205238681412	0.0	0.9337762877659628	reverted	reverted	reverted	reverted	reverted	persistent		0.0	0.0	0.0	0.0	0.0	0.06622371223403727
ACGCCTAGTTGAGTAG-1	Tumor	E15S	Tumor	1	7149.646868824959	1.4888612309207427	0.3044469405417689	-0.3452224745998838	0.34551239046525223	0.011794717983499067	0.03416191267422544	0.9540433693422756	0.08159701445720419	0.40047193018773286	0.5179310553550629	0.08159701445720419	0.9540433693422754	0.0	reverted	partial	partial	reverted	partial	persistent		0.0	0.0	0.0	0.011794717983499063	0.034161912674225435	0.0
ACGCGCATCGACTGCG-1	Tumor	E15S	Tumor Proliferating	1	8884.205952584743	1.0053770306458047	0.522259928851714	0.0452619405426093	0.22218652482514806	0.015661726394211265	0.01204892516161901	0.9722893484441698	0.021258967889102663	0.2739746397755978	0.7047663923352995	0.021258967889102663	0.9722893484441698	0.0	reverted	partial	partial	reverted	partial	persistent		0.0	0.0	0.0	0.015661726394211265	0.01204892516161901	0.0
ACGCTGACACCAGCAA-1	Tumor	E15S	Tumor	1	8181.049339443445	0.28274117186948466	0.8110976356064972	-0.2940830827199903	0.4404082929345589	0.014921175913272616	0.03149816021525553	0.9535806638714718	0.0033629729223942687	0.1251753107008279	0.8714617163767778	0.0033629729223942687	0.0	0.9685018397847445	reverted	reverted	reverted	reverted	reverted	reverted		0.0	0.0	0.0	0.0	0.0	0.03149816021525554
ACGGAGGCATCCTGCG-1	Tumor	E15S	Tumor	1	7344.313922166824	1.3064132826788515	0.3820611627327633	-0.2811578137530706	0.2883331704677089	0.011112800972770669	0.02840730325104198	0.9604798957761874	0.04903178107329102	0.35485771834140933	0.5961105005852997	0.04903178107329102	0.9604798957761874	0.0	reverted	partial	partial	reverted	partial	reverted		0.0	0.0	0.0	0.011112800972770669	0.02840730325104198	0.0
ACGGCAGGTTAAGGAT-1	Tumor	E15S	Tumor Proliferating	1	8932.44574330002	-0.06542389459501592	0.8924761917918511	0.16118984877704795	0.23132921441036322	0.021102665586759616	0.010312666999354961	0.9685846674138856	0.0015669123388136394	0.0825563301427079	0.9158767575184785	0.0015669123388136394	0.0	0.989687333000645	reverted	reverted	reverted	reverted	reverted	persistent		0.0	0.0	0.0	0.0	0.0	0.01031266699935496
ACGGCCATCGATGCTA-1	Tumor	E15S	Tumor	1	5165.162401199341	0.6259082953120902	0.6915745115458076	-0.04661003306014219	0.3445466618287883	0.01670698770116999	0.017967945500094715	0.9653250667987353	0.007773112463336561	0.18511980774732384	0.8071070797893396	0.007773112463336561	0.9653250667987353	0.0	reverted	partial	partial	reverted	partial	persistent		0.0	0.0	0.0	0.01670698770116999	0.017967945500094715	0.0
ACGGGATGTAAGCTGA-1	Tumor	E15S	Tumor	1	8299.459833234549	0.32517989867002095	0.7984790177077662	0.25353754279254226	0.18459406452611454	0.026907183248469312	0.008633364088603226	0.9644594526629273	0.0037140114214693986	0.13154850641153196	0.8647374821669986	0.0037140114214693986	0.0	0.9913666359113967	reverted	reverted	reverted	reverted	reverted	persistent		0.0	0.0	0.0	0.0	0.0	0.008633364088603228
ACGGGCAGTCATGCTG-1	Tumor	E15S	Tumor	1	8696.523207813501	0.4437347370107749	0.7599440612109116	-0.1351300365968411	0.33016312919211	0.014285556064817467	0.02083888621546572	0.9648755577197167	0.0049340077595439475	0.1508683850644428	0.8441976071760131	0.0049340077595439475	0.0	0.9791611137845343	reverted	reverted	reverted	reverted	reverted	persistent		0.0	0.0	0.0	0.0	0.0	0.020838886215465723
ACGGGCTCAGCTCGAA-1	Tumor	E15S	Tumor Proliferating	1	8965.582830682397	0.7205789446037275	0.6520958801702325	-0.07241257972671399	0.28063312990901923	0.014105343591873069	0.016950570161627477	0.9689440862464994	0.009922561198606898	0.20515566880731242	0.7849217699940806	0.009922561198606898	0.9689440862464994	0.0	reverted	partial	partial	reverted	partial	persistent		0.0	0.0	0.0	0.014105343591873069	0.016950570161627477	0.0
ACGGGTAAGCTTACAG-1	Tumor	E15S	Tumor Proliferating	1	8903.733292102814	0.7317505097053629	0.6472824623173642	-0.4350880893704754	0.45630604056867496	0.013605994434935815	0.04130733481191537	0.9450866707531489	0.010215974009066679	0.20761991275851976	0.7821641132324135	0.010215974009066679	0.9450866707531489	0.0	reverted	partial	partial	reverted	partial	persistent		0.0	0.0	0.0	0.013605994434935815	0.04130733481191537	0.0
ACGGGTTTCGTGCGAT-1	Tumor	E15S	Tumor Proliferating	1	8856.989549338818	-0.06561731828204462	0.8925113263104235	-0.5962009546347208	0.6507014001186696	0.01695754956980078	0.04932315076340046	0.9337192996667988	0.0015662887670981674	0.0825369687287314	0.9158967425041705	0.0015662887670981674	0.0	0.9506768492365996	reverted	reverted	reverted	reverted	reverted	persistent		0.0	0.0	0.0	0.0	0.0	0.04932315076340046
ACGTCCCTCGTTCCTG-1	Tumor	E15S	Tumor	1	8713.497289478779	-0.08570734814527249	0.8961059667384444	-0.15748657273454417	0.4222122963478976	0.016691678770764405	0.024321474425193675	0.9589868468040419	0.0015031009590374157	0.08054933300829861	0.917947566032664	0.0015031009590374157	0.0	0.9756785255748063	reverted	reverted	reverted	reverted	reverted	persistent		0.0	0.0	0.0	0.0	0.0	0.024321474425193675
ACGTGGTTCCAGATTG-1	Tumor	E15S	Tumor Proliferating	1	9025.655000030994	0.06165580191070438	0.8671171711090769	-0.08307118648508469	0.32932215439395485	0.015342179077594942	0.018754775669151923	0.9659030452532531	0.0020483869441540875	0.09624710072170459	0.9017045123341413	0.0020483869441540875	0.0	0.981245224330848	reverted	reverted	reverted	reverted	reverted	persistent		0.0	0.0	0.0	0.0	0.0	0.018754775669151923
ACGTTAACAATTGCTT-1	Tumor	E15S	Tumor	1	8660.967288672924	1.0960073084938127	0.4793921106289909	0.3306337210047568	0.14701243152694998	0.03623042750247671	0.008001062822286801	0.9557685096752365	0.027280130626652577	0.2979914733743397	0.6747283959990078	0.027280130626652577	0.9557685096752365	0.0	reverted	partial	partial	reverted	partial	persistent		0.0	0.0	0.0	0.03623042750247671	0.008001062822286801	0.0
ACGTTATAGATAGTGA-1	Tumor	E15S	Tumor	1	8232.668015003204	1.487157795761413	0.3051302643684323	0.2692226653249641	0.15929565901981615	0.028242977229843133	0.008241057839410409	0.9635159649307464	0.08121225123707489	0.4000855728308761	0.5187021759320489	0.08121225123707489	0.9635159649307464	0.0	reverted	partial	partial	reverted	partial	persistent		0.0	0.0	0.0	0.028242977229843133	0.008241057839410409	0.0
ACGTTCAAGTTAGTAC-1	Tumor	E15S	Tumor Proliferating	1	8968.200120434165	-0.0035401186286710567	0.8807059289061786	0.005886084593814726	0.3048735534920082	0.016896037897668647	0.015242436909846967	0.9678615251924844	0.0017824557786039607	0.08897665280097543	0.9092408914204206	0.0017824557786039607	0.0	0.984757563090153	reverted	reverted	reverted	reverted	reverted	persistent		0.0	0.0	0.0	0.0	0.0	0.015242436909846967
ACGTTCCCATAGGCCA-1	Tumor	E15S	Tumor	1	6595.557764053345	1.9701078248608308	0.1496583173201009	0.0524257121707584	0.192946692510255	0.015121221572859445	0.011222253749875899	0.9736565246772648	0.28460881885788214	0.43588787624767295	0.27950330489444497	0.28460881885788214	0.0	0.0	partial	persistent	persistent	partial	persistent	persistent		0.9736565246772646	0.015121221572859441	0.011222253749875897	0.0	0.0	0.0
ACTAAGGGTGCGGTTC-1	Tumor	E15S	Tumor Proliferating	1	8923.821064710617	1.4045217623594446	0.3392713431125033	0.060770218775720634	0.2198097141145301	0.016148163903828224	0.011671311624469367	0.9721805244717023	0.06451558785773656	0.3802884617588709	0.5551959503833925	0.06451558785773656	0.9721805244717024	0.0	reverted	partial	partial	reverted	partial	persistent		0.0	0.0	0.0	0.016148163903828228	0.011671311624469369	0.0
ACTAATGCAGGCTTGA-1	Tumor	E15S	Tumor	1	8913.353091955185	0.8021853584430177	0.6162759916283224	0.046524984898692924	0.22950466646785267	0.01591298884279161	0.012201863174621467	0.9718851479825867	0.012295202188364225	0.22362977698619996	0.7640750208254359	0.012295202188364225	0.971885147982587	0.0	reverted	partial	partial	reverted	partial	persistent		0.0	0.0	0.0	0.015912988842791614	0.01220186317462147	0.0
ACTACAACAAACTAGC-1	Tumor	E15S	Tumor Proliferating	1	8978.319393888116	1.477936274433124	0.308844296532588	-0.5074819206995428	0.42704963790962397	0.012233793260301875	0.048780449526665375	0.9389857572130328	0.07915942586615404	0.3979769065271118	0.5228636676067341	0.07915942586615404	0.9389857572130328	0.0	reverted	partial	partial	reverted	partial	persistent		0.0	0.0	0.0	0.012233793260301875	0.048780449526665375	0.0
ACTATCCTCCCGTGAG-1	Tumor	E15S	Tumor Proliferating	1	8978.890909999609	-0.267775397559322	0.9240976216941943	-0.7090315217180931	0.7369235959340561	0.017979761153089104	0.053572896344092076	0.9284473425028188	0.0010506198672607374	0.06451175580903941	0.9344376243236998	0.0010506198672607374	0.0	0.9464271036559079	reverted	reverted	reverted	reverted	reverted	persistent		0.0	0.0	0.0	0.0	0.0	0.053572896344092076
ACTATCCTCGTGCAAC-1	Tumor	E15S	Tumor	1	8836.469901323318	-0.06277285113645235	0.8919936232543761	0.17901439136391076	0.19144744561894095	0.021211513296245134	0.00933178187587176	0.9694567048278832	0.0015754887777748913	0.08282213068233264	0.9156023805398924	0.0015754887777748913	0.0	0.9906682181241283	reverted	reverted	reverted	reverted	reverted	persistent		0.0	0.0	0.0	0.0	0.0	0.00933178187587176
ACTATCTCAGTTGCTC-1	Tumor	E15S	Tumor Proliferating	1	9099.259597927332	0.22833646054785073	0.8263755264731323	-0.2403172015133525	0.41076063845619015	0.014866960649300102	0.027965251136073958	0.957167788214626	0.002966682604858023	0.117406544549593	0.879626772845549	0.002966682604858023	0.0	0.9720347488639259	reverted	reverted	reverted	reverted	reverted	persistent		0.0	0.0	0.0	0.0	0.0	0.02796525113607395
ACTATGGTCCCTCGAC-1	Tumor	E15S	Tumor	1	7801.067395806313	1.7721928179398392	0.20381801972413527	-0.02061841651740239	0.2425577661282833	0.01425361691147766	0.01422128907142055	0.9715250940171017	0.17522840212981045	0.44403167849822484	0.38073991937196466	0.17522840212981045	0.0	0.0	partial	persistent	persistent	partial	persistent	persistent		0.9715250940171019	0.014253616911477661	0.014221289071420552	0.0	0.0	0.0
ACTATGGTCTATCTCA-1	Tumor	E15S	Tumor	1	9059.636025734246	1.41795953198245	0.33359213856338754	-0.23855501907668775	0.33600549752343833	0.012779836520783761	0.026303472693536667	0.9609166907856794	0.06698225014349585	0.3836321046552142	0.5493856452012901	0.06698225014349585	0.9609166907856795	0.0	reverted	partial	partial	reverted	partial	persistent		0.0	0.0	0.0	0.012779836520783763	0.02630347269353667	0.0
ACTATTCCATGTCGTC-1	Tumor	E15S	Tumor	1	8811.476542949677	0.6953835519558015	0.6628371734420818	0.5030828432188374	0.12021259103478715	0.08765864133947647	0.008750693346093625	0.9035906653144299	0.009293726444861731	0.1996748771435484	0.7910313964115898	0.009293726444861731	0.9035906653144299	0.0	reverted	partial	partial	reverted	partial	persistent		0.0	0.0	0.0	0.08765864133947647	0.008750693346093625	0.0
ACTCACAAGGCGTCCA-1	Tumor	E15S	Tumor	1	9055.992113500834	0.19311702488843493	0.8357349560378569	-0.41224690049161594	0.5084684942048884	0.015265299120470543	0.03933565523380346	0.9453990456457259	0.002738571550038292	0.11261093599017573	0.8846504924597858	0.002738571550038292	0.0	0.9606643447661966	reverted	reverted	reverted	reverted	reverted	persistent		0.0	0.0	0.0	0.0	0.0	0.03933565523380347
ACTCACTTCACACATG-1	Tumor	E15S	Tumor	1	8418.914066582918	3.8402044559924855	0.005078435585412289	-0.24806464740828024	0.27444066741053547	0.011138803388591627	0.02572540064884625	0.9631357959625623	0.9975098368978612	0.0024043423829302603	8.58207192085621e-05	0.9975098368978612	0.0	0.0	persistent	persistent	persistent	persistent	persistent	persistent		0.963135795962562	0.011138803388591625	0.025725400648846243	0.0	0.0	0.0
ACTCACTTCACTCTCG-1	Tumor	E15S	Tumor	1	8838.694118887186	1.204816739683128	0.42837821415661825	0.2001917795901293	0.1499218318764194	0.02187821092457745	0.008507151290259966	0.9696146377851627	0.0369100689537742	0.32745627684238315	0.6356336542038427	0.0369100689537742	0.9696146377851627	0.0	reverted	partial	partial	reverted	partial	persistent		0.0	0.0	0.0	0.02187821092457745	0.008507151290259966	0.0
ACTCCCGCAGCACTAG-1	Tumor	E15S	Tumor Proliferating	1	9087.996031589806	0.034988119578466564	0.8728273697195922	-0.2270314007522429	0.4107547213438804	0.015080388069713476	0.02726902691382834	0.9576505850164582	0.0019343446323491255	0.0932084862473496	0.9048571691203012	0.0019343446323491255	0.0	0.9727309730861716	reverted	reverted	reverted	reverted	reverted	persistent		0.0	0.0	0.0	0.0	0.0	0.02726902691382834
ACTCCCGCATCCTCGG-1	Tumor	E15S	Tumor	1	8878.513649374247	1.9993508925044838	0.14274874363429835	-0.016735492929396356	0.18039355422970202	0.012722446341371159	0.012567840818367025	0.9747097128402619	0.30412103571835164	0.43111766987464145	0.26476129440700696	0.30412103571835164	0.0	0.0	partial	persistent	persistent	partial	persistent	persistent		0.9747097128402619	0.012722446341371159	0.012567840818367025	0.0	0.0	0.0
ACTCCCTGTATGTGGA-1	Tumor	E15S	Tumor Proliferating	1	5757.566735267639	-0.21801626182215567	0.9172205482338558	0.2322196076730003	0.21792874265741288	0.025579739261102484	0.009306807853958066	0.9651134528849394	0.0011555132622130555	0.06855908201835557	0.9302854047194314	0.0011555132622130555	0.0	0.9906931921460419	reverted	reverted	reverted	reverted	reverted	persistent		0.0	0.0	0.0	0.0	0.0	0.009306807853958066
ACTCCGCTCCCGTTGC-1	Tumor	E15S	Tumor	1	8929.623725764453	1.4027623724009863	0.3400183938184666	-0.21589870618190668	0.3255593951388529	0.012814724142528811	0.024738970740461486	0.9624463051170097	0.06419930234808333	0.3798476414129799	0.5559530562389369	0.06419930234808333	0.9624463051170097	0.0	reverted	partial	partial	reverted	partial	persistent		0.0	0.0	0.0	0.012814724142528811	0.024738970740461486	0.0
ACTCCTTAGCCTATCT-1	Tumor	E15S	Tumor Proliferating	1	9052.287567779422	0.17014162587750611	0.8416193075745517	-0.1514660781247889	0.34614889818684175	0.014456846041619554	0.022001822178144104	0.9635413317802363	0.0026005967711975496	0.10957886643696178	0.8878205367918408	0.0026005967711975496	0.0	0.9779981778218559	reverted	reverted	reverted	reverted	reverted	persistent		0.0	0.0	0.0	0.0	0.0	0.022001822178144108
ACTCGCCTCATGTGGC-1	Tumor	E15S	Tumor	1	6085.182318687439	0.9216457674849794	0.5615892910683281	-1.2998134043744423	0.8656332345058368	0.01613977312021415	0.08386543814744048	0.8999947887323454	0.01692819941341519	0.2525469931296968	0.7305248074568879	0.01692819941341519	0.8999947887323454	0.0	reverted	partial	partial	reverted	partial	persistent		0.0	0.0	0.0	0.01613977312021415	0.08386543814744048	0.0
ACTCGTCCAACCTGTC-1	Tumor	E15S	Tumor Proliferating	1	8978.017086178064	1.6833478375309692	0.23247235408192768	0.2004830235653448	0.17038843506960968	0.022259273962267866	0.0087933721681249	0.9689473538696073	0.1387446610570805	0.43585327681267955	0.42540206213023996	0.1387446610570805	0.0	0.0	partial	persistent	persistent	partial	persistent	persistent		0.9689473538696073	0.022259273962267866	0.0087933721681249	0.0	0.0	0.0
ACTCTGTTCCAATGCA-1	Tumor	E15S	Tumor	1	8265.769586145878	0.20588135745161001	0.8323905899844073	0.36726501045047166	0.15219938199947067	0.0423808419402529	0.008050251565550497	0.9495689064941967	0.002818844155979557	0.1143281415118722	0.8828530143321482	0.002818844155979557	0.0	0.9919497484344496	reverted	reverted	reverted	reverted	reverted	persistent		0.0	0.0	0.0	0.0	0.0	0.008050251565550497
ACTCTGTTCTATCCTA-1	Tumor	E15S	Tumor	1	8805.472073838115	0.8145135982662961	0.6107419655121337	0.06955042636491154	0.213901498783385	0.01631416905938787	0.011362064358257743	0.9723237665823543	0.012703737237935574	0.2265142116516324	0.7607820511104321	0.012703737237935574	0.9723237665823544	0.0	reverted	partial	partial	reverted	partial	persistent		0.0	0.0	0.0	0.016314169059387873	0.011362064358257744	0.0
ACTGAAGGTTGCAGTT-1	Tumor	E15S	Tumor Proliferating	1	9044.410155549645	0.7579493398898907	0.6358777912886427	-0.0021164219182094046	0.24142129567353898	0.014727105405837581	0.013677403242271244	0.971595491351891	0.010941434858097317	0.21348021965675149	0.7755783454851514	0.010941434858097317	0.9715954913518912	0.0	reverted	partial	partial	reverted	partial	persistent		0.0	0.0	0.0	0.014727105405837583	0.013677403242271246	0.0
ACTGCAATCTGGCCGA-1	Tumor	E15S	Tumor	1	8512.82172524929	1.3308649423738639	0.37119364081192835	-0.49080107245718485	0.4387265000575761	0.012637765410522235	0.04665172997514038	0.9407105046143375	0.052504849789387124	0.3613313318709443	0.5861638183396686	0.052504849789387124	0.9407105046143375	0.0	reverted	partial	partial	reverted	partial	reverted		0.0	0.0	0.0	0.012637765410522235	0.04665172997514038	0.0
ACTGCATGTTCCCAAG-1	Tumor	E15S	Tumor Proliferating	1	8492.04877448082	2.554827600849731	0.05497946735425563	0.3747810444047476	0.09791083934927831	0.045940888099888666	0.007877059984960492	0.946182051915151	0.7360029477215118	0.20833146497081076	0.05566558730767753	0.7360029477215118	0.0	0.0	persistent	persistent	persistent	persistent	persistent	persistent		0.9461820519151508	0.04594088809988866	0.00787705998496049	0.0	0.0	0.0
ACTGCCTCATTAGTGA-1	Tumor	E15S	Tumor	1	8832.453004136682	1.087647465384716	0.483343209008991	0.05708155084690152	0.23812688267743112	0.016537075694497808	0.012194342719525252	0.9712685815859771	0.026656942127650057	0.29574856701406	0.67759449085829	0.026656942127650057	0.9712685815859768	0.0	reverted	partial	partial	reverted	partial	persistent		0.0	0.0	0.0	0.016537075694497805	0.012194342719525249	0.0
ACTGGTCAGCCATTGA-1	Tumor	E15S	Tumor	1	8528.036952078342	0.7313421379185296	0.6474589492857679	-0.1381237189644477	0.28140546849408515	0.012833082444996416	0.019618914566676315	0.9675480029883273	0.010205085000647051	0.20752946663305621	0.7822654483662969	0.010205085000647051	0.9675480029883273	0.0	reverted	partial	partial	reverted	partial	persistent		0.0	0.0	0.0	0.012833082444996416	0.019618914566676315	0.0
ACTGGTCAGCCTCTGC-1	Tumor	E15S	Tumor Proliferating	1	8986.745815992355	0.8396345728857387	0.5993780403969284	-0.08901556756306567	0.29533874631464424	0.014177547754345408	0.017980194801767508	0.9678422574438871	0.013581834372879532	0.2324652341308358	0.7539529314962847	0.013581834372879532	0.9678422574438871	0.0	reverted	partial	partial	reverted	partial	persistent		0.0	0.0	0.0	0.014177547754345408	0.017980194801767508	0.0
ACTTCGCCACTTCGAC-1	Tumor	E15S	Tumor Proliferating	1	8952.414296656847	0.3102004491275188	0.8030035709204821	-0.03352920226114722	0.29473377930108297	0.015470011384191195	0.016075602266928238	0.9684543863488806	0.003585581785781688	0.1292671066292261	0.8671473115849923	0.003585581785781688	0.0	0.9839243977330718	reverted	reverted	reverted	reverted	reverted	persistent		0.0	0.0	0.0	0.0	0.0	0.016075602266928238
ACTTCGTTCCTGAATG-1	Tumor	E15S	Tumor	1	9034.0222209692	2.1676842427833147	0.10800089345340182	0.3051128435352066	0.13407175389164824	0.032606747039469745	0.007920645941344189	0.959472607019186	0.43038804541578224	0.3852942770656851	0.18431767751853262	0.43038804541578224	0.0	0.0	persistent	persistent	persistent	persistent	persistent	persistent		0.959472607019186	0.032606747039469745	0.007920645941344189	0.0	0.0	0.0
ACTTCGTTCCTGACTT-1	Tumor	E15S	Tumor	1	8200.36766013503	2.377433900045226	0.07527045494767023	-0.25258930496638043	0.26533565856597596	0.010889873624843345	0.02589316456253034	0.9632169618126263	0.6031298174517619	0.29410754957108737	0.10276263297715077	0.6031298174517619	0.0	0.0	persistent	persistent	persistent	persistent	persistent	reverted		0.9632169618126263	0.010889873624843345	0.02589316456253034	0.0	0.0	0.0
ACTTCTATCCATAGAT-1	Tumor	E15S	Tumor	1	8500.540577173233	0.517931766762967	0.7333931073211696	-0.2156989286580921	0.37406804096298363	0.014181208302927724	0.025849997579424785	0.9599687941176475	0.005922318537626966	0.16413800091930397	0.8299396805430691	0.005922318537626966	0.0	0.9741500024205753	reverted	reverted	reverted	reverted	reverted	persistent		0.0	0.0	0.0	0.0	0.0	0.02584999757942479
ACTTCTATCCCGCACT-1	Tumor	E15S	Tumor	1	8649.093274757266	0.2484443958300062	0.8208456192832801	0.4541638353658299	0.11810232069547186	0.06759223679554645	0.008348377428591023	0.9240593857758626	0.0031066149282771233	0.1202261950895569	0.876667189982166	0.0031066149282771233	0.0	0.991651622571409	reverted	reverted	reverted	reverted	reverted	persistent		0.0	0.0	0.0	0.0	0.0	0.008348377428591023
ACTTGAGTCACACCGG-1	Tumor	E15S	Tumor	1	8234.082935333252	2.8660335436233986	0.03126756900471962	-0.13582448469644723	0.21925603370655367	0.011292664244262821	0.017892930303450065	0.9708144054522873	0.8937331898663153	0.09114044977924471	0.015126360354439941	0.8937331898663153	0.0	0.0	persistent	persistent	persistent	persistent	persistent	persistent		0.9708144054522873	0.011292664244262821	0.017892930303450065	0.0	0.0	0.0
ACTTTGGAGGAGCCTT-1	Tumor	E15S	Hypoxic Tumor	1	8325.596586227417	3.575625172830255	0.008352789601415623	0.10556995990827081	0.10860330893716541	0.015453079961827782	0.00889419035615956	0.9756527296820127	0.9924257457532901	0.007182385552284919	0.00039186869442487163	0.9924257457532901	0.0	0.0	persistent	persistent	persistent	persistent	persistent	persistent		0.9756527296820127	0.015453079961827782	0.00889419035615956	0.0	0.0	0.0
AGAAGTTGTTGGCCTA-1	Tumor	E15S	Tumor Proliferating	1	8935.766237705946	1.3016922118364749	0.3841734818443534	-0.017270100536843164	0.24066443069842422	0.014288413451168358	0.014074646375039091	0.9716369401737925	0.048388193714681	0.3536001538310322	0.5980116524542869	0.048388193714681	0.9716369401737925	0.0	reverted	partial	partial	reverted	partial	persistent		0.0	0.0	0.0	0.014288413451168358	0.014074646375039091	0.0
AGAAGTTGTTTGGAGA-1	Tumor	E15S	Tumor Proliferating	1	8960.910152718425	0.3908484646080106	0.7777313906247227	-0.19760626593694408	0.37355658751004034	0.014461416118127008	0.024907427078667378	0.9606311568032057	0.004341630664114267	0.1419689070762914	0.8536894622595943	0.004341630664114267	0.0	0.9750925729213327	reverted	reverted	reverted	reverted	reverted	persistent		0.0	0.0	0.0	0.0	0.0	0.024907427078667378
AGAATAGTCTAATGCG-1	Tumor	E15S	Tumor	1	8830.12090241909	0.20623848896645805	0.8322962410895675	0.14586459892796286	0.21605107594181702	0.01985599189695454	0.010191119979433236	0.9699528881236125	0.0028211285253804405	0.11437652577478236	0.8828023456998372	0.0028211285253804405	0.0	0.9898088800205668	reverted	reverted	reverted	reverted	reverted	persistent		0.0	0.0	0.0	0.0	0.0	0.010191119979433234
AGACAGACAATATACG-1	Tumor	E15S	Tumor	1	8774.283528499305	1.2664606860387224	0.40007024307845057	-0.20842286815985286	0.3107882431440862	0.012525930340358477	0.02396964574213683	0.9635044239175049	0.0438460280970472	0.3441530506659299	0.612000921237023	0.0438460280970472	0.9635044239175047	0.0	reverted	partial	partial	reverted	partial	persistent		0.0	0.0	0.0	0.012525930340358473	0.023969645742136822	0.0
AGACATGGTCATCAGT-1	Tumor	E15S	Tumor Proliferating	1	8995.20836803317	0.060937421037099225	0.8672737993437937	-0.05595732149422665	0.31529642349806486	0.015542771049248163	0.017398036796308265	0.9670591921544435	0.002045213590382595	0.09616404934352393	0.9017907370660934	0.002045213590382595	0.0	0.9826019632036918	reverted	reverted	reverted	reverted	reverted	persistent		0.0	0.0	0.0	0.0	0.0	0.017398036796308268
AGACGCAAGGATGCAG-1	Tumor	E15S	Tumor	1	7744.370153903961	-0.36592787294311	0.936146898763261	-0.2001045169779611	0.45176390175474657	0.016801798569128057	0.026905535477692564	0.9562926659531795	0.0008761326420751543	0.057199846273353894	0.9419240210845711	0.0008761326420751543	0.0	0.9730944645223074	reverted	reverted	reverted	reverted	reverted	persistent		0.0	0.0	0.0	0.0	0.0	0.026905535477692557
AGACGCAAGTATCTCC-1	Tumor	E15S	Tumor	1	6627.117784380913	0.8573724479203964	0.5912883211761931	-0.26890947449331026	0.35523180177098523	0.012891177022943996	0.02857640164147276	0.9585324213355831	0.014240772761483948	0.23672543850300254	0.7490337887355136	0.014240772761483948	0.9585324213355833	0.0	reverted	partial	partial	reverted	partial	reverted		0.0	0.0	0.0	0.012891177022943998	0.028576401641472765	0.0
AGACGTTCAGGGACTC-1	Tumor	E15S	Tumor	1	7607.597149372101	0.7757511997864822	0.6280394578582199	-0.09930630578653254	0.3449200175989964	0.015468047883936778	0.01981592348353746	0.9647160286325257	0.011465928993902334	0.217526628537351	0.7710074424687466	0.011465928993902334	0.9647160286325258	0.0	reverted	partial	partial	reverted	partial	persistent		0.0	0.0	0.0	0.01546804788393678	0.019815923483537463	0.0
AGACTCGCAACTGTAA-1	Tumor	E15S	Tumor	1	7517.507055282593	0.43059673927285985	0.7644521001925387	-1.254700727960164	1.0388111476815862	0.02019198785665672	0.06632142490702866	0.9134865872363147	0.004778859180748492	0.1486146294036839	0.8466065114155676	0.004778859180748492	0.0	0.9336785750929713	reverted	reverted	reverted	reverted	reverted	persistent		0.0	0.0	0.0	0.0	0.0	0.06632142490702865
AGACTGCTCCGTAGTA-1	Tumor	E15S	Tumor	1	8289.83431249857	0.015442279126645695	0.8768783718716057	-0.36564737954687654	0.4359507709760106	0.013853518480562427	0.03607765481073479	0.9500688267087027	0.0018554667531507924	0.0910385731188376	0.9071059601280116	0.0018554667531507924	0.0	0.9639223451892652	reverted	reverted	reverted	reverted	reverted	reverted		0.0	0.0	0.0	0.0	0.0	0.0360776548107348
AGACTGCTCCTGCGTC-1	Tumor	E15S	Tumor Proliferating	1	8937.605805844069	1.6404931446979591	0.24726125213459577	-0.11146279398894235	0.2549431952866469	0.012592033899514422	0.01773485421569224	0.9696731118847934	0.12366652468605638	0.4298447948061083	0.44648868050783536	0.12366652468605638	0.0	0.0	reverted	persistent	persistent	reverted	persistent	persistent		0.9696731118847932	0.012592033899514419	0.017734854215692236	0.0	0.0	0.0
AGAGAATCAGGCTATG-1	Tumor	E15S	Tumor	1	7519.786900699139	1.0167625146390635	0.5168796230120121	0.13575476310448464	0.1834703987118768	0.018500702371148318	0.009682093450712144	0.9718172041781395	0.02193226257025701	0.27695054341250747	0.7011171940172356	0.02193226257025701	0.9718172041781395	0.0	reverted	partial	partial	reverted	partial	persistent		0.0	0.0	0.0	0.018500702371148318	0.009682093450712144	0.0
AGAGACCGTGGAGCCA-1	Tumor	E15S	Tumor	1	8029.349898576736	0.2753613913120039	0.8132289568926956	0.1819299479818703	0.16487930569271447	0.020846671514350656	0.00886823682078661	0.9702850916648629	0.0033058442597964513	0.12409534864563253	0.8725988070945709	0.0033058442597964513	0.0	0.9911317631792134	reverted	reverted	reverted	reverted	reverted	persistent		0.0	0.0	0.0	0.0	0.0	0.008868236820786609
AGAGACTAGTAAGTTC-1	Tumor	E15S	Tumor	1	8864.345065131783	1.6245237502486982	0.25293110898792986	0.27213843152087686	0.11675058315583044	0.02838590533068376	0.00783465885742648	0.9637794358118897	0.11843708923073806	0.42730741925812393	0.45425549151113803	0.11843708923073806	0.0	0.0	reverted	persistent	persistent	reverted	persistent	persistent		0.9637794358118897	0.02838590533068376	0.00783465885742648	0.0	0.0	0.0
AGAGAGGGTTGGAGTA-1	Tumor	E15S	Tumor Proliferating	1	8909.170260764658	1.7819039407188995	0.20085087120233172	0.1178888314086296	0.1814583969882017	0.017549248395020284	0.009882954471051732	0.972567797133928	0.1796700132574352	0.44453203675356345	0.3757979499890013	0.1796700132574352	0.0	0.0	partial	persistent	persistent	partial	persistent	persistent		0.972567797133928	0.017549248395020284	0.009882954471051732	0.0	0.0	0.0
AGAGATTGTAATCGGA-1	Tumor	E15S	Tumor	1	8316.653923034668	0.0788203840509561	0.8633280474241726	-0.34213870517243195	0.4591551715524468	0.014789855843593705	0.03463648993090734	0.9505736542254991	0.0021259442881099134	0.09825143162385815	0.899622624088032	0.0021259442881099134	0.0	0.9653635100690926	reverted	reverted	reverted	reverted	reverted	persistent		0.0	0.0	0.0	0.0	0.0	0.03463648993090733
AGAGGCATCTATCACC-1	Tumor	E15S	Tumor Proliferating	1	9013.32023370266	0.8227064651646563	0.6070483250448127	-0.3116373273631181	0.4045194163086173	0.013671218676212536	0.032108215569210494	0.9542205657545768	0.012983254362584401	0.22844430105324637	0.7585724445841693	0.012983254362584401	0.9542205657545769	0.0	reverted	partial	partial	reverted	partial	persistent		0.0	0.0	0.0	0.013671218676212538	0.0321082155692105	0.0
AGAGGCGCAAGCTGGC-1	Tumor	E15S	Tumor	1	8767.540160059929	3.3551489960452106	0.012624925303296093	-0.1308444809247352	0.18241524966110953	0.010565011645801156	0.016792638773981645	0.9726423495802172	0.9817413426328702	0.016947026701720908	0.0013116306654087785	0.9817413426328702	0.0	0.0	persistent	persistent	persistent	persistent	persistent	persistent		0.9726423495802172	0.010565011645801156	0.016792638773981645	0.0	0.0	0.0
AGAGGCTGTTTACGAC-1	Tumor	E15S	Tumor	1	7514.26253080368	1.0897798258370563	0.48233517756455047	-0.17710342635433135	0.2659449922677829	0.011814332816490757	0.021146696528708497	0.9670389706548007	0.02681448419129981	0.2963202319226521	0.6768652838860479	0.02681448419129981	0.9670389706548007	0.0	reverted	partial	partial	reverted	partial	persistent		0.0	0.0	0.0	0.011814332816490757	0.021146696528708497	0.0
AGAGTAATCCATTGAG-1	Tumor	E15S	Tumor Proliferating	1	8963.364521078765	-0.025653068843380752	0.8850345793394728	0.07947037749412367	0.2512402051198773	0.017775730186413003	0.012077897883728563	0.9701463719298585	0.0017016306880061637	0.08663012805172043	0.9116682412602733	0.0017016306880061637	0.0	0.9879221021162715	reverted	reverted	reverted	reverted	reverted	persistent		0.0	0.0	0.0	0.0	0.0	0.012077897883728563
AGCAAATGTTGGCTTG-1	Tumor	E15S	Tumor	1	7970.255193591118	0.39738317271827744	0.7755854948089549	0.06126734931364796	0.24717834447481102	0.01695682700674482	0.012337069544895645	0.9707061034483594	0.004410335623194258	0.14304374747725784	0.852545916899548	0.004410335623194258	0.0	0.9876629304551043	reverted	reverted	reverted	reverted	reverted	reverted		0.0	0.0	0.0	0.0	0.0	0.012337069544895647
AGCAAGGTCCGCGTAG-1	Tumor	E15S	Tumor Proliferating	1	8892.228651076555	1.2205222636532258	0.4211135041396695	-0.12668766556151473	0.29277444991932966	0.013354621626183744	0.019425183018503614	0.9672201953553126	0.0385637083011842	0.3317216270396669	0.6297146646591489	0.0385637083011842	0.9672201953553127	0.0	reverted	partial	partial	reverted	partial	persistent		0.0	0.0	0.0	0.013354621626183746	0.019425183018503617	0.0
AGCAATCCACCTACCG-1	Tumor	E15S	Tumor	1	8053.439485907555	1.4613693925955786	0.31557898497831377	0.018423733182731605	0.18633401790112555	0.013840064030997141	0.011809715749797244	0.9743502202192057	0.07559638642638891	0.3941190387423602	0.5302845748312508	0.07559638642638891	0.9743502202192057	0.0	reverted	partial	partial	reverted	partial	reverted		0.0	0.0	0.0	0.013840064030997141	0.011809715749797244	0.0
AGCAATTTCCCGGCTT-1	Tumor	E15S	Tumor	1	6682.281701862812	-0.3925848680058061	0.939097952763066	0.09090372421194581	0.29194123059018956	0.01948242708767272	0.012924488056638244	0.9675930848556891	0.0008351433479405195	0.05535859968388439	0.9438062569681752	0.0008351433479405195	0.0	0.9870755119433617	reverted	reverted	reverted	reverted	reverted	reverted		0.0	0.0	0.0	0.0	0.0	0.012924488056638244
AGCAATTTCCGTTAAG-1	Tumor	E15S	Hypoxic Tumor	1	8877.780319303274	-0.5776091615204644	0.9563087143076748	-1.1276028451334692	1.0314065515105677	0.02102185023370684	0.06148670080439947	0.9174914489618938	0.0006090494941412476	0.044098050553824826	0.9552928999520339	0.0006090494941412476	0.0	0.9385132991956004	reverted	reverted	reverted	reverted	reverted	reverted		0.0	0.0	0.0	0.0	0.0	0.061486700804399455
AGCAATTTCTAACTCC-1	Tumor	E15S	Hypoxic Tumor	1	6071.058759212494	-0.9133157212457946	0.9763734868524707	-0.20006392165382447	0.46091471784532717	0.017087327049246672	0.027115452286707534	0.9557972206640458	0.000370921007068453	0.02919551561250598	0.9704335633804256	0.000370921007068453	0.0	0.9728845477132925	reverted	reverted	reverted	reverted	reverted	persistent		0.0	0.0	0.0	0.0	0.0	0.027115452286707534
AGCACGCCAATCATAG-1	Tumor	E15S	Tumor Proliferating	1	9015.991003990173	0.29015031895456156	0.8089391142963347	0.051991240821282765	0.27054731992629577	0.017327826569823714	0.013149914927102694	0.9695222585030736	0.003421457149392784	0.1262679409009961	0.8703106019496111	0.003421457149392784	0.0	0.9868500850728973	reverted	reverted	reverted	reverted	reverted	persistent		0.0	0.0	0.0	0.0	0.0	0.013149914927102694
AGCACGCCACTCAGCT-1	Tumor	E15S	Tumor	1	7599.1753987669945	0.19043736282400195	0.8364302032458762	0.10028541326054444	0.25098103752261797	0.018632032116544305	0.01168827101897085	0.9696796968644851	0.00272205410059961	0.11225341753505552	0.8850245283643448	0.00272205410059961	0.0	0.9883117289810291	reverted	reverted	reverted	reverted	reverted	reverted		0.0	0.0	0.0	0.0	0.0	0.011688271018970848
AGCACGCCATAGATTG-1	Tumor	E15S	Tumor	1	8135.4698631465435	0.4064963583261491	0.7725683559746731	-0.08375444260105938	0.2742948407093	0.013675062429915742	0.017181508562796002	0.9691434290072884	0.004508189297625372	0.14455430875986341	0.8509375019425112	0.004508189297625372	0.0	0.982818491437204	reverted	reverted	reverted	reverted	reverted	persistent		0.0	0.0	0.0	0.0	0.0	0.017181508562796
AGCACGTTCCCGTAGG-1	Tumor	E15S	Tumor	1	7642.515766531229	0.3270972882688132	0.7978942950132246	0.07696843379382534	0.2155973648438676	0.016650193336163206	0.011262661233919509	0.9720871454299173	0.0037308221341756428	0.13184306135056764	0.8644261165152567	0.0037308221341756428	0.0	0.9887373387660805	reverted	reverted	reverted	reverted	reverted	persistent		0.0	0.0	0.0	0.0	0.0	0.011262661233919509
AGCACGTTCTCATCTA-1	Tumor	E15S	Tumor Proliferating	1	8946.11525399983	0.5005359458768887	0.7397827165693598	-0.5123811560367637	0.5444473752979827	0.015070828889768694	0.04598474773313931	0.938944423377092	0.005672331303707283	0.16094368882786872	0.8333839798684238	0.005672331303707283	0.0	0.9540152522668608	reverted	reverted	reverted	reverted	reverted	persistent		0.0	0.0	0.0	0.0	0.0	0.04598474773313931
AGCACTATCCATCACT-1	Tumor	E15S	Tumor	1	8705.703336715698	0.8380289050879366	0.6001077419243582	-0.41012305046297975	0.4815550551240293	0.014553665745005443	0.039256588997992274	0.9461897452570023	0.01352381228084649	0.23208194804187213	0.7543942396772814	0.01352381228084649	0.9461897452570023	0.0	reverted	partial	partial	reverted	partial	persistent		0.0	0.0	0.0	0.014553665745005443	0.039256588997992274	0.0
AGCACTTGTAATCCAC-1	Tumor	E15S	Tumor Proliferating	1	9027.125728197396	-0.06494151970993624	0.8923885266160749	-0.2626350636498208	0.4338130747891309	0.015198684418340021	0.029617829956417874	0.9551834856252422	0.0015684687372287	0.0826046339268779	0.9158268973358934	0.0015684687372287	0.0	0.9703821700435821	reverted	reverted	reverted	reverted	reverted	persistent		0.0	0.0	0.0	0.0	0.0	0.029617829956417867
AGCACTTGTTTCAGCG-1	Tumor	E15S	Tumor	1	8554.969093948603	0.49565902218438346	0.7415561230343718	-0.18539930659582185	0.34139500043083026	0.013725108068747159	0.023487479596975048	0.9627874123342779	0.0056043570217670265	0.16005735346590577	0.8343382895123274	0.0056043570217670265	0.0	0.976512520403025	reverted	reverted	reverted	reverted	reverted	persistent		0.0	0.0	0.0	0.0	0.0	0.023487479596975048
AGCAGCAAGCGGAGAC-1	Tumor	E15S	Tumor Proliferating	1	8961.391071081161	0.3660082126460085	0.7857543535179768	-0.5897776271220554	0.6070108044971477	0.015880033619431192	0.050074371255504756	0.9340455951250639	0.004091187298711743	0.13794617605097745	0.8579626366503108	0.004091187298711743	0.0	0.9499256287444953	reverted	reverted	reverted	reverted	reverted	persistent		0.0	0.0	0.0	0.0	0.0	0.05007437125550476
AGCAGGATCAATCAGT-1	Tumor	E15S	Tumor	1	5702.144529342651	2.634119062539688	0.04768142756688266	-0.42951586547735704	0.2534235164922546	0.009632247674744455	0.04572636024646451	0.9446413920787912	0.7861042431051712	0.1729388872761291	0.04095686961869965	0.7861042431051712	0.0	0.0	persistent	persistent	persistent	persistent	persistent	persistent		0.9446413920787909	0.009632247674744453	0.0457263602464645	0.0	0.0	0.0
AGCATAGGTAGCGGTG-1	Tumor	E15S	Tumor	1	8848.63896971941	1.880103312508291	0.17266002560570765	-0.05586430369802596	0.24572128658985176	0.013478641912234007	0.015401664240152787	0.9711196938476132	0.22990570449207876	0.44460607352309817	0.3254882219848231	0.22990570449207876	0.0	0.0	partial	persistent	persistent	partial	persistent	persistent		0.9711196938476132	0.013478641912234007	0.015401664240152787	0.0	0.0	0.0
AGCATAGGTGAGTATG-1	Tumor	E15S	Tumor	1	8239.536104679108	0.23662310014281515	0.8241131090619906	0.16053836454194792	0.23274854426112607	0.021102968595787128	0.010351330732037404	0.9685457006721756	0.0030234610415331774	0.11856127988586133	0.8784152590726053	0.0030234610415331774	0.0	0.9896486692679627	reverted	reverted	reverted	reverted	reverted	persistent		0.0	0.0	0.0	0.0	0.0	0.010351330732037404
AGCATCGCATTCGTGC-1	Tumor	E15S	Tumor	1	7779.628577709198	0.08978121331074075	0.8608611271939075	0.022241400302451093	0.26279624843687505	0.016091163329429004	0.013630502293205933	0.9702783343773651	0.0021772594158476232	0.09955154096350795	0.8982711996206445	0.0021772594158476232	0.0	0.986369497706794	reverted	reverted	reverted	reverted	reverted	persistent		0.0	0.0	0.0	0.0	0.0	0.013630502293205933
AGCATCTGTTAACGTC-1	Tumor	E15S	Tumor	1	8534.305160939693	-0.20764835367728157	0.9157179943108594	0.1748272130304882	0.2327628237597633	0.021936510143808763	0.010173438767677848	0.9678900510885133	0.0011789599583320015	0.06943286796087647	0.9293881720807914	0.0011789599583320015	0.0	0.9898265612323222	reverted	reverted	reverted	reverted	reverted	persistent		0.0	0.0	0.0	0.0	0.0	0.01017343876767785
AGCCACTAGTTACACG-1	Tumor	E15S	Tumor Proliferating	1	8964.854937493801	1.5932193199482305	0.2642924947406445	-0.10619366389580234	0.23337322904681101	0.012126337074588742	0.016940568856307854	0.9709330940691034	0.10876820625500415	0.42190619450377065	0.46932559924122513	0.10876820625500415	0.0	0.0	reverted	persistent	persistent	reverted	persistent	persistent		0.9709330940691034	0.012126337074588742	0.016940568856307854	0.0	0.0	0.0
AGCCATTGTGAAGGTC-1	Tumor	E15S	Tumor	1	8520.075805649161	1.5312965051281946	0.28770696726573836	-0.009142439329738135	0.26034855986544697	0.015083412157206055	0.01438239755741274	0.9705341902853811	0.09176416609984545	0.40975128789422166	0.4984845460059329	0.09176416609984545	0.0	0.0	reverted	persistent	persistent	reverted	persistent	persistent		0.9705341902853811	0.015083412157206055	0.01438239755741274	0.0	0.0	0.0
AGCCCATAGGCGATGA-1	Tumor	E15S	Tumor Proliferating	1	8791.536067701876	-0.16725647953653244	0.9096256050480952	-0.7160739353226874	0.7352898640930114	0.01786569320232551	0.054039819493775294	0.9280944873038992	0.0012760131616841928	0.07294077228641585	0.9257832145518999	0.0012760131616841928	0.0	0.9459601805062248	reverted	reverted	reverted	reverted	reverted	persistent		0.0	0.0	0.0	0.0	0.0	0.054039819493775294
AGCCCCAAGTGGCTAC-1	Tumor	E15S	Tumor	1	8783.637681484222	-0.03898678204286025	0.8875781309927259	0.06268636282997292	0.27516558984733785	0.017858983195416973	0.013043765977567772	0.969097250827015	0.001654987681188384	0.08524357842656055	0.9131014338922511	0.001654987681188384	0.0	0.9869562340224323	reverted	reverted	reverted	reverted	reverted	persistent		0.0	0.0	0.0	0.0	0.0	0.013043765977567776
AGCCCCTTCAATCCTC-1	Tumor	E15S	Tumor	1	8665.620314836502	1.0952429653353888	0.47975326125653656	-0.04320217028898235	0.2608571498047899	0.014208112775650792	0.015407932260664009	0.9703839549636851	0.02722253013279712	0.29778621543883693	0.674991254428366	0.02722253013279712	0.9703839549636852	0.0	reverted	partial	partial	reverted	partial	persistent		0.0	0.0	0.0	0.014208112775650794	0.01540793226066401	0.0
AGCCCTAGTTTGGTGT-1	Tumor	E15S	Hypoxic Tumor	1	6802.2264885902405	-0.42823115672423606	0.942845097971752	0.44952598655583065	0.15526917532422993	0.061834681217932605	0.008293102773848534	0.9298722160082189	0.0007840567211936919	0.05298743532954718	0.9462285079492592	0.0007840567211936919	0.0	0.9917068972261515	reverted	reverted	reverted	reverted	reverted	persistent		0.0	0.0	0.0	0.0	0.0	0.008293102773848534
AGCCGAAAGGAGGCAC-1	Tumor	E15S	Tumor	1	8723.474074855447	0.9565383002957999	0.5452651659027652	-0.3169484476543878	0.33854380767255365	0.011911811268738396	0.031790998979533795	0.9562971897517277	0.018607659355813683	0.26137238331733414	0.7200199573268521	0.018607659355813683	0.9562971897517278	0.0	reverted	partial	partial	reverted	partial	persistent		0.0	0.0	0.0	0.011911811268738397	0.0317909989795338	0.0
AGCCGTTAGGCGTCTG-1	Tumor	E15S	Tumor	1	8469.538753986359	1.023527017804589	0.5136810658820739	0.0002459628006578479	0.25370828464532835	0.015153241315892931	0.013944965883100562	0.9709017928010064	0.02234282612279358	0.2787249018490072	0.6989322720281992	0.02234282612279358	0.9709017928010065	0.0	reverted	partial	partial	reverted	partial	persistent		0.0	0.0	0.0	0.015153241315892933	0.013944965883100563	0.0
AGCCTCAGTGCAACGG-1	Tumor	E15S	Tumor	1	8653.119904398918	1.4896038824934843	0.304149299364541	0.029280945137621466	0.2527501178942335	0.016014533693926598	0.013189918019729619	0.9707955482863438	0.08176530804855756	0.4006400570871809	0.5175946348642616	0.08176530804855756	0.9707955482863438	0.0	reverted	partial	partial	reverted	partial	persistent		0.0	0.0	0.0	0.016014533693926598	0.013189918019729619	0.0
AGCCTCAGTTCAATGC-1	Tumor	E15S	Hypoxic Tumor	1	9078.461320698261	0.1739903213342693	0.840645669868092	-0.22378334560738208	0.37433064954514517	0.014061894426227385	0.02628843235796148	0.959649673215811	0.002623142641732536	0.11008154586714108	0.8872953114911263	0.002623142641732536	0.0	0.9737115676420385	reverted	reverted	reverted	reverted	reverted	reverted		0.0	0.0	0.0	0.0	0.0	0.026288432357961484
AGCCTCTCACCTCGAT-1	Tumor	E15S	Hypoxic Tumor	1	5961.0837478637695	-1.061484414191529	0.9820487557085843	-0.27342819408327423	0.379521645134456	0.013488944364889243	0.02928209881976453	0.9572289568153463	0.00030775480504692515	0.024355070237074925	0.9753371749578782	0.00030775480504692515	0.0	0.9707179011802355	reverted	reverted	reverted	reverted	reverted	persistent		0.0	0.0	0.0	0.0	0.0	0.02928209881976453
AGCCTGGTCTAGATAC-1	Tumor	E15S	Tumor Proliferating	1	9032.593148946762	0.24065185621862048	0.8230048288923715	-0.12515615164535307	0.32346279844974507	0.014277918569839372	0.02022529274403144	0.9654967886861293	0.003051512167902029	0.11912635635775229	0.8778221314743457	0.003051512167902029	0.0	0.9797747072559685	reverted	reverted	reverted	reverted	reverted	persistent		0.0	0.0	0.0	0.0	0.0	0.020225292744031436
AGCGATTCAAGTCGAT-1	Tumor	E15S	Tumor Proliferating	1	8887.370933018625	1.558034419893835	0.2774459997141068	-0.19108501518040896	0.2655219934504705	0.01161112627844428	0.021911508395635906	0.9664773653259197	0.0987755007337065	0.4152203810738631	0.4860041181924304	0.0987755007337065	0.0	0.0	reverted	persistent	persistent	reverted	persistent	persistent		0.9664773653259198	0.011611126278444281	0.02191150839563591	0.0	0.0	0.0
AGCGGGACAGGAACGG-1	Tumor	E15S	Tumor Proliferating	1	9068.754569299519	0.5606395001146953	0.717289144203747	0.37690398768915057	0.14384313476606486	0.044573827967797026	0.00802301838308038	0.9474031536491226	0.006589161559982012	0.17219846874941966	0.8212123696905984	0.006589161559982012	0.0	0.9919769816169197	reverted	reverted	reverted	reverted	reverted	persistent		0.0	0.0	0.0	0.0	0.0	0.00802301838308038
AGCGTAAGTAGGTCCC-1	Tumor	E15S	Tumor	1	8828.650620654225	0.5341396410955059	0.7273507446794164	-0.3279736278086506	0.41955566379531223	0.013873595920442463	0.03336023431513406	0.9527661697644234	0.006166213530305318	0.16716040217313527	0.8266733842965595	0.006166213530305318	0.0	0.966639765684866	reverted	reverted	reverted	reverted	reverted	persistent		0.0	0.0	0.0	0.0	0.0	0.03336023431513407
AGCGTTATCTATGGCA-1	Tumor	E15S	Tumor Proliferating	1	8777.78353664279	-0.13775455981336382	0.9049279659453623	0.30224024891630635	0.14633036223225435	0.032161171179181575	0.00802268955875513	0.9598161392620632	0.0013530595244193187	0.07561015119090433	0.9230367892846763	0.0013530595244193187	0.0	0.9919773104412448	reverted	reverted	reverted	reverted	reverted	persistent		0.0	0.0	0.0	0.0	0.0	0.00802268955875513
AGCTATGTCAGCTACA-1	Tumor	E15S	Tumor Proliferating	1	8796.16200041771	0.9479560823227976	0.5492906876626633	0.19859271203632595	0.18833630100050822	0.022470359978724454	0.009091999295431197	0.9684376407258444	0.018178890661983246	0.2591872005723413	0.7226339087656755	0.018178890661983246	0.9684376407258444	0.0	reverted	partial	partial	reverted	partial	persistent		0.0	0.0	0.0	0.022470359978724454	0.009091999295431197	0.0
AGCTGTTGTGACTCTG-1	Tumor	E15S	Hypoxic Tumor	1	5653.750418186188	1.2793791849711587	0.39421489788722935	0.12874380965958246	0.20566071766850122	0.018694879701217717	0.01020977053112845	0.9710953497676539	0.04545940578790215	0.3476285220917511	0.6069120721203468	0.04545940578790215	0.9710953497676539	0.0	reverted	partial	partial	reverted	partial	persistent		0.0	0.0	0.0	0.018694879701217717	0.01020977053112845	0.0
AGCTTACGTCAGTAGA-1	Tumor	E15S	Tumor	1	8812.62421759963	1.6842939734462028	0.23215290901773228	0.09059857094869966	0.18903413854192183	0.01650155129883976	0.010446805997567497	0.9730516427035927	0.13909528814597286	0.435971963914704	0.42493274793932306	0.13909528814597286	0.0	0.0	partial	persistent	persistent	partial	persistent	persistent		0.9730516427035927	0.01650155129883976	0.010446805997567497	0.0	0.0	0.0
AGCTTACGTGGCTGCT-1	Tumor	E15S	Tumor	1	7937.231140464544	2.2015217971954772	0.10198278027865555	-0.035873081581490204	0.2022477082092181	0.012788377772156639	0.013634835210845986	0.9735767870169973	0.45789463518633194	0.3726221828492047	0.16948318196446335	0.45789463518633194	0.0	0.0	persistent	persistent	persistent	persistent	persistent	persistent		0.9735767870169973	0.012788377772156639	0.013634835210845986	0.0	0.0	0.0
AGCTTAGTCTATGAAC-1	Tumor	E15S	Tumor Proliferating	1	8857.648478388786	0.22231897590157826	0.8280039690314979	-0.04371274409797725	0.26602286316898	0.014346448878028904	0.015569230916421213	0.9700843202055499	0.0029262140617014433	0.11657435918367313	0.8804994267546256	0.0029262140617014433	0.0	0.9844307690835788	reverted	reverted	reverted	reverted	reverted	persistent		0.0	0.0	0.0	0.0	0.0	0.015569230916421213
AGGAATGCATAAGCCG-1	Tumor	E15S	Tumor Proliferating	1	8925.495971351862	0.9385045060286185	0.553716510821598	-0.4274894567931792	0.420412329458063	0.012785190523320512	0.04105590957127631	0.9461588999054033	0.017718722244452544	0.25679144749473215	0.7254898302608153	0.017718722244452544	0.9461588999054033	0.0	reverted	partial	partial	reverted	partial	persistent		0.0	0.0	0.0	0.012785190523320512	0.04105590957127631	0.0
AGGACCAAGAAGCGAT-1	Tumor	E15S	Tumor	1	7415.2018085718155	1.4700319085693911	0.31204764326964857	-0.2782485782268266	0.30585978008927067	0.011542174908633861	0.028429656371459926	0.960028168719906	0.07743966856420212	0.39614708911205565	0.5264132423237423	0.07743966856420212	0.9600281687199063	0.0	reverted	partial	partial	reverted	partial	persistent		0.0	0.0	0.0	0.011542174908633863	0.028429656371459933	0.0
AGGACCCCATAGGGTT-1	Tumor	E15S	Tumor Proliferating	1	8907.560732036829	-0.1188435254246147	0.901802875745417	0.1429391647913986	0.23931139515651587	0.020324710829165094	0.01073436390362007	0.9689409252672149	0.00140540236000126	0.07737029348061737	0.9212243041593814	0.00140540236000126	0.0	0.98926563609638	reverted	reverted	reverted	reverted	reverted	persistent		0.0	0.0	0.0	0.0	0.0	0.01073436390362007
AGGAGCCAGAACGGGC-1	Tumor	E15S	Tumor Proliferating	1	8880.460628665984	0.5654919209652445	0.7154225694279205	0.24742851165978988	0.1745399176891763	0.026213111788188043	0.008531375306321346	0.9652555129054906	0.006670010879511461	0.17313399264261642	0.820195996477872	0.006670010879511461	0.0	0.9914686246936787	reverted	reverted	reverted	reverted	reverted	persistent		0.0	0.0	0.0	0.0	0.0	0.008531375306321346
AGGAGCCAGTCAACCA-1	Tumor	E15S	Tumor Proliferating	1	9021.721083655953	2.635852759551427	0.04753261296821973	0.19597390340731752	0.11235879557032238	0.02099775832572243	0.008097921337217004	0.9709043203370606	0.7871244767620488	0.17220104755312252	0.040674475684828626	0.7871244767620488	0.0	0.0	persistent	persistent	persistent	persistent	persistent	persistent		0.9709043203370604	0.020997758325722427	0.008097921337217002	0.0	0.0	0.0
AGGAGTTAGATTCCAG-1	Tumor	E15S	Tumor	1	8984.586026668549	2.4590879271736403	0.06519244455286785	0.24398191368704544	0.11835598138099564	0.02530985508638371	0.007923550787343261	0.9667665941262731	0.667284305480551	0.2541931105013534	0.07852258401809561	0.667284305480551	0.0	0.0	persistent	persistent	persistent	persistent	persistent	persistent		0.9667665941262731	0.02530985508638371	0.007923550787343261	0.0	0.0	0.0
AGGAGTTAGCTAGATT-1	Tumor	E15S	Tumor Proliferating	1	9009.591746471822	0.07583213992525067	0.8639941849737071	0.4491963612624757	0.1394581531259624	0.06346072519473377	0.008288958597461205	0.9282503162078052	0.002112199323934056	0.09789972566411963	0.8999880750119463	0.002112199323934056	0.0	0.9917110414025387	reverted	reverted	reverted	reverted	reverted	persistent		0.0	0.0	0.0	0.0	0.0	0.008288958597461203
AGGATCAGTTGCGGAG-1	Tumor	E15S	Tumor Proliferating	1	8972.054825544357	0.9285832121842323	0.5583531295758896	0.19859382848947457	0.1917199926442327	0.022539365757442493	0.009148361759643087	0.9683122724829144	0.017248892351261855	0.2542890643871609	0.7284620432615772	0.017248892351261855	0.9683122724829144	0.0	reverted	partial	partial	reverted	partial	persistent		0.0	0.0	0.0	0.022539365757442493	0.009148361759643087	0.0
AGGATCAGTTTCGAGT-1	Tumor	E15S	Tumor Proliferating	1	8938.328421920538	0.6949897329036383	0.663003773831184	0.017578637773231202	0.23804293315600317	0.015212195521888478	0.013084388088917626	0.9717034163891941	0.009284246503163762	0.1995900584466161	0.79112569505022	0.009284246503163762	0.9717034163891939	0.0	reverted	partial	partial	reverted	partial	persistent		0.0	0.0	0.0	0.015212195521888475	0.013084388088917622	0.0
AGGCAATAGGCGCTTG-1	Tumor	E15S	Tumor	1	8275.28590965271	1.6124742529595106	0.25726574858604667	0.2524440482055708	0.16704339844379773	0.026601252137327485	0.00840758413184956	0.9649911637308228	0.11462565412836957	0.42529334085020265	0.4600810050214277	0.11462565412836957	0.0	0.0	reverted	persistent	persistent	reverted	persistent	persistent		0.9649911637308229	0.02660125213732749	0.008407584131849562	0.0	0.0	0.0
AGGCACGGTTAGGTCT-1	Tumor	E15S	Tumor	1	8694.549061268568	1.3477156538858341	0.36377876935187026	0.31390459345057115	0.11762798569859498	0.03400717434490721	0.0078082148423405185	0.9581846108127522	0.0550402227502427	0.36574800284243986	0.5792117744073175	0.0550402227502427	0.9581846108127523	0.0	reverted	partial	partial	reverted	partial	persistent		0.0	0.0	0.0	0.034007174344907215	0.007808214842340519	0.0
AGGCATGAGGCGAGGT-1	Tumor	E15S	Tumor	1	8836.934277459979	-0.0017873511741303791	0.880356862421812	-0.4283570649244071	0.5316771227821467	0.015707514315680068	0.0403178240526742	0.9439746616316457	0.0017890538602015052	0.08916518736991313	0.9090457587698855	0.0017890538602015052	0.0	0.9596821759473257	reverted	reverted	reverted	reverted	reverted	reverted		0.0	0.0	0.0	0.0	0.0	0.0403178240526742
AGGCATGAGGTGCATC-1	Tumor	E15S	Tumor	1	8869.77175873518	1.1685614228835175	0.4452617054615638	0.08395462480235374	0.19886481775020043	0.016479488071829054	0.010765350944431833	0.9727551609837392	0.03336369759381983	0.31760549236959773	0.6490308100365824	0.03336369759381983	0.9727551609837392	0.0	reverted	partial	partial	reverted	partial	persistent		0.0	0.0	0.0	0.016479488071829054	0.010765350944431833	0.0
AGGCCATTCCGTGCGA-1	Tumor	E15S	Tumor	1	8553.379301786423	0.6813293150693948	0.668757371573547	-0.23807351820684264	0.37813157431898164	0.013953182513472072	0.02715966039063178	0.9588871570958961	0.008961816402109125	0.19666420185883385	0.7943739817390569	0.008961816402109125	0.9588871570958961	0.0	reverted	partial	partial	reverted	partial	persistent		0.0	0.0	0.0	0.013953182513472072	0.02715966039063178	0.0
AGGCCCATCACACACA-1	Tumor	E15S	Tumor	1	8646.783392935991	-0.0937399653027697	0.8975132322928159	0.2917658775599069	0.18643885273200786	0.030872995300386067	0.008470362107062023	0.9606566425925517	0.001478690483106821	0.07976744013787944	0.9187538693790138	0.001478690483106821	0.0	0.991529637892938	reverted	reverted	reverted	reverted	reverted	persistent		0.0	0.0	0.0	0.0	0.0	0.008470362107062025
AGGCCCATCGATCAGC-1	Tumor	E15S	Tumor	1	8575.314289599657	1.0112035412043145	0.5195071289408028	-0.2527284870421386	0.3574999788643648	0.013167067546087572	0.027599921003202216	0.9592330114507102	0.02160077898119727	0.27549587341903947	0.7029033475997633	0.02160077898119727	0.9592330114507102	0.0	reverted	partial	partial	reverted	partial	persistent		0.0	0.0	0.0	0.013167067546087572	0.027599921003202216	0.0
AGGCGAATCACTTCAC-1	Tumor	E15S	Tumor	1	8391.250656187534	1.2784926177478313	0.394615788415284	-0.40938844537402286	0.4382524652475812	0.013417208710065813	0.03938027469576298	0.9472025165941712	0.04534679418924162	0.3473903915220454	0.6072628142887129	0.04534679418924162	0.9472025165941712	0.0	reverted	partial	partial	reverted	partial	persistent		0.0	0.0	0.0	0.013417208710065813	0.03938027469576298	0.0
AGGCGCAGTAATCAGG-1	Tumor	E15S	Tumor	1	8822.499636173248	0.8568144109609047	0.591543604754482	-0.07926692913631564	0.2810296489474671	0.013966246089077386	0.017208285847975124	0.9688254680629474	0.014219531184729543	0.2365906900654594	0.7491897787498111	0.014219531184729543	0.9688254680629474	0.0	reverted	partial	partial	reverted	partial	persistent		0.0	0.0	0.0	0.013966246089077386	0.017208285847975124	0.0
AGGCGGACATCCACTA-1	Tumor	E15S	Tumor	1	6979.148147940636	3.0889771588246386	0.020724972150680268	-0.04862544694998056	0.2641123676020321	0.01417158831280303	0.015673248450149127	0.9701551632370478	0.9505239285632688	0.04427470903783213	0.005201362398898975	0.9505239285632688	0.0	0.0	persistent	persistent	persistent	persistent	persistent	reverted		0.9701551632370478	0.01417158831280303	0.015673248450149127	0.0	0.0	0.0
AGGCGTTTCACGGATC-1	Tumor	E15S	Tumor Proliferating	1	8818.617135643959	-0.09812833771120133	0.898274895968257	0.3025552325954257	0.17909361733822785	0.03213230438974599	0.008345201934617668	0.9595224936756362	0.00146555474061935	0.07934333972900305	0.9191911055303775	0.00146555474061935	0.0	0.9916547980653824	reverted	reverted	reverted	reverted	reverted	persistent		0.0	0.0	0.0	0.0	0.0	0.00834520193461767
AGGCTCACATAGAGAG-1	Tumor	E15S	Tumor Proliferating	1	8879.15157315135	0.5728618300946975	0.7125734480610366	-0.12292372024335588	0.32808456193648405	0.014460254251881924	0.020263947471418024	0.9652757982767001	0.006794896994833125	0.17456258467295555	0.8186425183322114	0.006794896994833125	0.0	0.979736052528582	reverted	reverted	reverted	reverted	reverted	persistent		0.0	0.0	0.0	0.0	0.0	0.020263947471418024
AGGGATTAGTCGCAAC-1	Tumor	E15S	Tumor Proliferating	1	8959.977475225925	0.6299488723293633	0.6899405083787516	0.42980173881274564	0.12511333030507096	0.058882050929941906	0.008183190767693542	0.9329347583023646	0.007853700491183741	0.18594372877319904	0.8062025707356173	0.007853700491183741	0.9329347583023646	0.0	reverted	partial	partial	reverted	partial	persistent		0.0	0.0	0.0	0.058882050929941906	0.008183190767693542	0.0
AGGGTTAGTGGCCTAC-1	Tumor	E15S	Tumor	1	7432.544774532318	4.4993058690195955	0.00146352932214332	-0.04994489854128997	0.15491118723938901	0.011397416056686434	0.013005728136721047	0.9755968558065924	0.9998792753982528	0.00011927799223139831	1.4466095158062768e-06	0.9998792753982528	0.0	0.0	persistent	persistent	persistent	persistent	persistent	persistent		0.9755968558065925	0.011397416056686436	0.013005728136721049	0.0	0.0	0.0
AGGTAATGTTAGACCT-1	Tumor	E15S	Tumor Proliferating	1	9011.17193466425	0.3629814501699549	0.7867174081171409	-0.04978876378981851	0.2949586162946679	0.015065116904419635	0.016596348907533504	0.9683385341880469	0.004061794125396378	0.13746279373609047	0.8584754121385132	0.004061794125396378	0.0	0.9834036510924665	reverted	reverted	reverted	reverted	reverted	persistent		0.0	0.0	0.0	0.0	0.0	0.016596348907533504
AGGTATGGTTCATCCC-1	Tumor	E15S	Tumor	1	8794.702092468739	1.4071510656396122	0.3381564113787358	-0.18241674851698514	0.27112025840620607	0.011868655596209572	0.021562243139975002	0.9665691012638156	0.06499111151745966	0.3809459571328209	0.5540629313497193	0.06499111151745966	0.9665691012638153	0.0	reverted	partial	partial	reverted	partial	persistent		0.0	0.0	0.0	0.011868655596209568	0.021562243139975	0.0
AGGTGCAAGCGCTTCC-1	Tumor	E15S	Tumor Proliferating	1	8854.295128047466	2.2355467050372435	0.0962329705335888	-0.43858805134124074	0.35850953925872636	0.011301582248802353	0.04326470974274049	0.9454337080084572	0.48593604788429595	0.3589085615338353	0.15515539058186872	0.48593604788429595	0.0	0.0	persistent	persistent	persistent	persistent	persistent	persistent		0.9454337080084572	0.011301582248802353	0.04326470974274049	0.0	0.0	0.0
AGGTTAGGTTGCTTGG-1	Tumor	E15S	Hypoxic Tumor	1	8979.047421097755	-0.036796508836321844	0.8871637125577869	-1.180444103029954	0.9655272768811513	0.01917884551220896	0.06736222999866422	0.9134589244891268	0.0016625446433550359	0.08546989138049906	0.912867563976146	0.0016625446433550359	0.0	0.9326377700013357	reverted	reverted	reverted	reverted	reverted	reverted		0.0	0.0	0.0	0.0	0.0	0.06736222999866422
AGGTTCATCATGAACT-1	Tumor	E15S	Tumor	1	8798.588774219155	0.5164517650145678	0.7339405916870224	0.2155987634478769	0.18739190439052059	0.023713505559234117	0.00893394812957972	0.9673525463111861	0.0059005833735363816	0.16386423864893557	0.8302351779775281	0.0059005833735363816	0.0	0.9910660518704203	reverted	reverted	reverted	reverted	reverted	persistent		0.0	0.0	0.0	0.0	0.0	0.008933948129579723
AGGTTCGCAACATTGA-1	Tumor	E15S	Tumor	1	8281.575026363134	1.3704189808016645	0.35389053618392186	0.20261407163964298	0.1652165813886822	0.022323602083897807	0.00870051346002206	0.9689758844560802	0.05864964684269646	0.3716300914462872	0.5697202617110163	0.05864964684269646	0.9689758844560802	0.0	reverted	partial	partial	reverted	partial	persistent		0.0	0.0	0.0	0.022323602083897807	0.00870051346002206	0.0
AGGTTGCTCACCCTAT-1	Tumor	E15S	Tumor	1	7585.198138356209	-0.2983982172325724	0.9280653011875243	-0.1361389125331786	0.41764822818627756	0.016983028107554775	0.023328714338335308	0.9596882575541099	0.0009918773882032165	0.06213754292609084	0.936870579685706	0.0009918773882032165	0.0	0.9766712856616647	reverted	reverted	reverted	reverted	reverted	persistent		0.0	0.0	0.0	0.0	0.0	0.023328714338335308
AGGTTGGAGGGTACTC-1	Tumor	E15S	Tumor	1	8461.60625988245	0.18820235700136628	0.8370082707283626	0.04906937445917552	0.25888921515182006	0.016868288868191524	0.012901852880148274	0.9702298582516601	0.0027083648370593307	0.11195601248275334	0.8853356226801874	0.0027083648370593307	0.0	0.9870981471198518	reverted	reverted	reverted	reverted	reverted	persistent		0.0	0.0	0.0	0.0	0.0	0.012901852880148277
AGTAACCCATCCTGAC-1	Tumor	E15S	Tumor	1	8264.876766204834	-0.5470402911618345	0.9538258326122198	-0.13399015018958227	0.39142417782803623	0.016195395995313073	0.02251545996154342	0.9612891440431435	0.0006403464559738764	0.04578744674555348	0.9535722067984727	0.0006403464559738764	0.0	0.9774845400384565	reverted	reverted	reverted	reverted	reverted	persistent		0.0	0.0	0.0	0.0	0.0	0.02251545996154342
AGTAACGGTAGCGATA-1	Tumor	E15S	Tumor	1	8738.396302893758	0.23579061367399665	0.824341438070713	-0.36909400997659536	0.4742472510730987	0.014860331301811481	0.03646272044307175	0.9486769482551168	0.0030177013697947463	0.11844481479782355	0.8785374838323817	0.0030177013697947463	0.0	0.9635372795569284	reverted	reverted	reverted	reverted	reverted	persistent		0.0	0.0	0.0	0.0	0.0	0.03646272044307175
AGTAATGAGCCGATGT-1	Tumor	E15S	Tumor Proliferating	1	9039.819814004004	1.2277252708053954	0.41779289110876455	-0.2981749169175179	0.3234833003686474	0.011748231881267066	0.03017012696891072	0.9580816411498221	0.03934716137179151	0.3336761514261437	0.6269766872020649	0.03934716137179151	0.9580816411498222	0.0	reverted	partial	partial	reverted	partial	persistent		0.0	0.0	0.0	0.011748231881267068	0.030170126968910724	0.0
AGTACCGCACTAAGCG-1	Tumor	E15S	Tumor Proliferating	1	9156.427079550922	-0.16557969537781064	0.9093643074282186	-0.9260435267206613	0.8803296673021723	0.019371640084169413	0.05943521274280133	0.9211931471730294	0.0012802476850856078	0.07309002958863528	0.9256297227262792	0.0012802476850856078	0.0	0.9405647872571987	reverted	reverted	reverted	reverted	reverted	persistent		0.0	0.0	0.0	0.0	0.0	0.05943521274280133
AGTACCGCATCATACT-1	Tumor	E15S	Tumor	1	8705.851594418287	0.769471570955994	0.6308123794561532	0.46970622396639045	0.10472412852030716	0.07531861502057319	0.008514567599346821	0.9161668173800799	0.011277890368783664	0.21609335241173566	0.7726287572194808	0.011277890368783664	0.91616681738008	0.0	reverted	partial	partial	reverted	partial	persistent		0.0	0.0	0.0	0.0753186150205732	0.008514567599346823	0.0
AGTACCTGTTGGCCTA-1	Tumor	E15S	Tumor Proliferating	1	8711.09820356965	0.38134456443286957	0.7808260914973711	0.1971910289983359	0.1897049219460459	0.02239902081215086	0.009127299218654052	0.9684736799691951	0.004243835916155933	0.1404180483213674	0.8553381157624768	0.004243835916155933	0.0	0.9908727007813459	reverted	reverted	reverted	reverted	reverted	persistent		0.0	0.0	0.0	0.0	0.0	0.009127299218654052
AGTACGGAGTGAATCT-1	Tumor	E15S	Tumor Proliferating	1	8868.8919955194	1.307755683580468	0.38146134993955977	-0.052857616950029676	0.2564406019825234	0.013850189275128582	0.015597138153473614	0.9705526725713978	0.04921634305394493	0.35521487875297203	0.595568778193083	0.04921634305394493	0.9705526725713978	0.0	reverted	partial	partial	reverted	partial	persistent		0.0	0.0	0.0	0.013850189275128582	0.015597138153473614	0.0
AGTATGGGTGCGCCAT-1	Tumor	E15S	Tumor	1	8929.304312974215	4.18729277042816	0.0026388977340360367	-0.24248479902410802	0.174073858148951	0.009298158505704694	0.023753315788651194	0.9669485257056442	0.999470657828419	0.0005188113320265684	1.0530839554468498e-05	0.999470657828419	0.0	0.0	persistent	persistent	persistent	persistent	persistent	persistent		0.9669485257056442	0.009298158505704694	0.023753315788651194	0.0	0.0	0.0
AGTATGGGTTCCAGGC-1	Tumor	E15S	Tumor Proliferating	1	8985.841565780342	0.008825868619359706	0.878224327134132	-0.3977816767545516	0.5078325371937226	0.01543030977738876	0.03839517082782863	0.9461745193947827	0.0018296259083710438	0.09031483634454786	0.907855537747081	0.0018296259083710438	0.0	0.9616048291721713	reverted	reverted	reverted	reverted	reverted	persistent		0.0	0.0	0.0	0.0	0.0	0.038395170827828624
AGTATGTTCCATAGCA-1	Tumor	E15S	Tumor Proliferating	1	9005.546288214624	0.30633740231113915	0.8041578957609147	0.12603616124753683	0.2071862513292738	0.018599610408463647	0.01027961945720377	0.9711207701343327	0.003553279654947885	0.12868442431417096	0.8677622960308812	0.003553279654947885	0.0	0.9897203805427962	reverted	reverted	reverted	reverted	reverted	persistent		0.0	0.0	0.0	0.0	0.0	0.010279619457203768
AGTATTCAGTTGGACC-1	Tumor	E15S	Tumor Proliferating	1	8995.33786753565	0.21212876561067243	0.8307339942295082	0.027315510524914828	0.25440755010325394	0.016000512198674	0.01328088712739584	0.9707186006739302	0.0028591125024429345	0.11517721464300879	0.8819636728545482	0.0028591125024429345	0.0	0.986719112872604	reverted	reverted	reverted	reverted	reverted	persistent		0.0	0.0	0.0	0.0	0.0	0.013280887127395837
AGTATTGCAGGCAGCT-1	Tumor	E15S	Tumor Proliferating	1	8908.016840815544	0.40049070011645316	0.7745598795225556	-0.15569598784058558	0.3516860700482877	0.014544888115556355	0.022343589731685837	0.9631115221527577	0.004443433680835641	0.14355731599131397	0.8519992503278504	0.004443433680835641	0.0	0.9776564102683142	reverted	reverted	reverted	reverted	reverted	persistent		0.0	0.0	0.0	0.0	0.0	0.02234358973168584
AGTCGAAGTTGCTGAT-1	Tumor	E15S	Tumor	1	8976.782746046782	0.6602631459303897	0.6775317336268896	0.28624817303326866	0.1876097516358874	0.03026157140543268	0.008508074880701044	0.9612303537138662	0.008488161811249288	0.19221427753407516	0.7992975606546756	0.008488161811249288	0.9612303537138662	0.0	reverted	partial	partial	reverted	partial	persistent		0.0	0.0	0.0	0.03026157140543268	0.008508074880701044	0.0
AGTCGTTGTCAGTTAC-1	Tumor	E15S	Tumor	1	7761.879135012627	1.781716374023894	0.20090787304508156	-0.4856963111537883	0.42621668483095987	0.01239396248614643	0.04650187692165881	0.9411041605921948	0.17958334852405547	0.444523162298078	0.37589348917786664	0.17958334852405547	0.0	0.0	partial	persistent	persistent	partial	persistent	reverted		0.9411041605921948	0.01239396248614643	0.04650187692165881	0.0	0.0	0.0
AGTCTTGAGGCACAGA-1	Tumor	E15S	Tumor Proliferating	1	9009.933271095157	0.4412004163543435	0.7608182374474927	-0.26348754124269846	0.3885203592915538	0.013877288448531226	0.02883534646866146	0.9572873650828072	0.004903648322358944	0.15043140996783974	0.8446649417098013	0.004903648322358944	0.0	0.9711646535313385	reverted	reverted	reverted	reverted	reverted	persistent		0.0	0.0	0.0	0.0	0.0	0.028835346468661465
AGTGAGACATAACCAA-1	Tumor	E15S	Tumor Proliferating	1	8821.939934432507	-0.16741757754886438	0.9096506736142362	0.125342219124892	0.24232094234666243	0.019526577601562328	0.011065396584648593	0.9694080258137892	0.001275607220792482	0.07292644776520954	0.925797945013998	0.001275607220792482	0.0	0.9889346034153514	reverted	reverted	reverted	reverted	reverted	persistent		0.0	0.0	0.0	0.0	0.0	0.011065396584648593
AGTGAGGTCACACATG-1	Tumor	E15S	Tumor Proliferating	1	8378.596750855446	1.3565879860656314	0.3599002492803267	-1.3350388729753186	0.9271838682582048	0.01723003718789348	0.07926069283971951	0.9035092699723869	0.05642374759301634	0.3680566893551247	0.5755195630518589	0.05642374759301634	0.903509269972387	0.0	reverted	partial	partial	reverted	partial	persistent		0.0	0.0	0.0	0.017230037187893482	0.07926069283971952	0.0
AGTGAGTAGCCTGATA-1	Tumor	E15S	Tumor	1	8915.122437000275	0.5382736436500987	0.7257959406887813	0.28653124349115433	0.16440855539956042	0.030202920870955198	0.008235558288266996	0.9615615208407778	0.006230179559939397	0.16793845656524709	0.8258313638748136	0.006230179559939397	0.0	0.9917644417117331	reverted	reverted	reverted	reverted	reverted	persistent		0.0	0.0	0.0	0.0	0.0	0.008235558288266996
AGTGATTTCCCGCAAG-1	Tumor	E15S	Tumor Proliferating	1	8972.209176301956	1.7984150554484624	0.1958805293179818	0.08306111774784389	0.14555915419938734	0.015166346047678882	0.009753917783869985	0.9750797361684511	0.18743527254808184	0.4451891509007157	0.36737557655120257	0.18743527254808184	0.0	0.0	partial	persistent	persistent	partial	persistent	persistent		0.9750797361684511	0.015166346047678882	0.009753917783869985	0.0	0.0	0.0
AGTGCTCAGATTCGGC-1	Tumor	E15S	Tumor	1	6127.573369383812	0.26623301044503533	0.8158395930932574	-0.16449133766897148	0.36059380803061347	0.014651928000984827	0.022984908168897544	0.9623631638301177	0.0032366963780631544	0.1227709488749092	0.8739923547470276	0.0032366963780631544	0.0	0.9770150918311025	reverted	reverted	reverted	reverted	reverted	reverted		0.0	0.0	0.0	0.0	0.0	0.022984908168897544
AGTGCTCAGCTAGCAC-1	Tumor	E15S	Tumor	1	8278.766317367554	0.3813806273313668	0.7808144073341863	0.21121668452205103	0.17008960783907703	0.023065724351174183	0.008705779965540143	0.9682284956832856	0.004244202307801966	0.1404239054973266	0.8553318921948715	0.004244202307801966	0.0	0.9912942200344599	reverted	reverted	reverted	reverted	reverted	persistent		0.0	0.0	0.0	0.0	0.0	0.008705779965540145
AGTGCTTGTTCGTGCA-1	Tumor	E15S	Hypoxic Tumor	1	7094.18021774292	0.26602246005734403	0.8158994739354707	0.4533955897165044	0.15127943512827258	0.0634544542369863	0.008309422860021906	0.9282361229029917	0.0032351209366972312	0.1227405498901416	0.8740243291731613	0.0032351209366972312	0.0	0.9916905771399781	reverted	reverted	reverted	reverted	reverted	persistent		0.0	0.0	0.0	0.0	0.0	0.008309422860021908
AGTGGCTTCGACATTG-1	Tumor	E15S	Tumor	1	9023.682228505611	0.8314417467068093	0.6030966211528936	-0.07632665927890261	0.2651202295548695	0.01357135212746704	0.016650611682172307	0.9697780361903606	0.013288535257561398	0.23051367553645055	0.7561977892059881	0.013288535257561398	0.9697780361903606	0.0	reverted	partial	partial	reverted	partial	persistent		0.0	0.0	0.0	0.01357135212746704	0.016650611682172307	0.0
AGTGGTTCATTAGTTC-1	Tumor	E15S	Tumor	1	7742.5376608371735	1.698145094053613	0.22751144561734168	-0.5128237807412687	0.4030360482266054	0.011682677548267533	0.050407562233989706	0.9379097602177429	0.14431867200473267	0.4376365738901009	0.41804475410516634	0.14431867200473267	0.0	0.0	partial	persistent	persistent	partial	persistent	persistent		0.9379097602177426	0.011682677548267531	0.05040756223398969	0.0	0.0	0.0
AGTGTCATCTGGGATC-1	Tumor	E15S	Tumor	1	8299.185377597809	-0.20446736712264307	0.9152520529836387	0.09200843482205556	0.2766871773548807	0.019055721128117382	0.012495733816246923	0.9684485450556357	0.0011862697834092507	0.06970310843891814	0.9291106217776726	0.0011862697834092507	0.0	0.9875042661837531	reverted	reverted	reverted	reverted	reverted	persistent		0.0	0.0	0.0	0.0	0.0	0.012495733816246923
AGTGTGAGTTAGCGTT-1	Tumor	E15S	Tumor Proliferating	1	8758.302315041423	0.1799567168290915	0.8391267180588853	0.14513609936108546	0.2214729873011129	0.019959083914758383	0.010314419039109046	0.9697264970461326	0.002658539511001867	0.11086496885148148	0.8864764916375166	0.002658539511001867	0.0	0.989685580960891	reverted	reverted	reverted	reverted	reverted	persistent		0.0	0.0	0.0	0.0	0.0	0.010314419039109046
AGTGTTGTCCTTAGCT-1	Tumor	E15S	Tumor	1	7067.936868190765	-0.3375622485629577	0.9328607310320299	-0.09111473787863664	0.1767299395605669	0.011069762400826827	0.014943599616764593	0.9739866379824088	0.0009225736128570286	0.05922521779849286	0.93985220858865	0.0009225736128570286	0.0	0.9850564003832354	reverted	reverted	reverted	reverted	reverted	persistent		0.0	0.0	0.0	0.0	0.0	0.01494359961676459
AGTTATCAGGGTGACA-1	Tumor	E15S	Tumor	1	8886.655704468489	0.07130794739080501	0.864997507042863	0.579691007714352	0.10114425466171124	0.14305539930543784	0.009835224800983528	0.8471093758935786	0.002091585946413191	0.0973694681474178	0.900538945906169	0.002091585946413191	0.0	0.9901647751990165	reverted	reverted	reverted	reverted	reverted	persistent		0.0	0.0	0.0	0.0	0.0	0.009835224800983528
AGTTATCAGTTGGGCT-1	Tumor	E15S	Tumor Proliferating	1	8988.343705154955	0.561309894139422	0.7170317065362187	-0.2569050299372394	0.39129959385565793	0.014050636827460604	0.028500448358052596	0.9574489148144867	0.006600267062672662	0.17232747774655405	0.8210722551907733	0.006600267062672662	0.0	0.9714995516419475	reverted	reverted	reverted	reverted	reverted	persistent		0.0	0.0	0.0	0.0	0.0	0.028500448358052603
AGTTGAAAGCATAGGG-1	Tumor	E15S	Tumor	1	8993.025739058852	0.6193189204528025	0.6942289745178674	0.08545742671550521	0.21109772915782704	0.016869470261927106	0.01100803062832689	0.9721224991097459	0.007643618552531316	0.183782158438793	0.8085742230086755	0.007643618552531316	0.972122499109746	0.0	reverted	partial	partial	reverted	partial	persistent		0.0	0.0	0.0	0.01686947026192711	0.011008030628326892	0.0
AGTTGCATCCCGCAAG-1	Tumor	E15S	Tumor	1	8958.750495359302	1.3961086974418975	0.34285077454283375	-0.04014493552223481	0.2629409257314241	0.01434403180960819	0.015369837280154943	0.9702861309102367	0.06301689105128028	0.3781744516341016	0.5588086573146182	0.06301689105128028	0.9702861309102369	0.0	reverted	partial	partial	reverted	partial	persistent		0.0	0.0	0.0	0.014344031809608191	0.015369837280154945	0.0
AGTTTCCTCCGTGATA-1	Tumor	E15S	Tumor Proliferating	1	9012.328231096268	0.24182159863815844	0.8226820165649609	-0.11462251030650358	0.34038496530708995	0.015002292392909549	0.020279626850043322	0.9647180807570472	0.0030597122276440486	0.11929087691507637	0.8776494108572795	0.0030597122276440486	0.0	0.9797203731499567	reverted	reverted	reverted	reverted	reverted	persistent		0.0	0.0	0.0	0.0	0.0	0.020279626850043322
ATAACCACAATCGTAA-1	Tumor	E15S	Tumor	1	7496.491077423096	0.9429907058512598	0.5516168073709895	0.039692542200183846	0.24742858798044703	0.016201228055948275	0.01280901232315376	0.9709897596208978	0.01793558950722777	0.25792716917224084	0.7241372413205314	0.01793558950722777	0.970989759620898	0.0	reverted	partial	partial	reverted	partial	persistent		0.0	0.0	0.0	0.01620122805594828	0.012809012323153762	0.0
ATAACCACATGGTAAC-1	Tumor	E15S	Tumor Proliferating	1	8955.512670651078	1.0531852136763848	0.4996476134185672	-0.3164778999369714	0.36345661819139186	0.012530474304424118	0.031992186578864136	0.9554773391167116	0.024239960245776994	0.2865558781514295	0.6892041616027935	0.024239960245776994	0.9554773391167117	0.0	reverted	partial	partial	reverted	partial	persistent		0.0	0.0	0.0	0.01253047430442412	0.03199218657886414	0.0
ATAAGCTTCCATCACT-1	Tumor	E15S	Tumor	1	7598.17325514555	0.3011719714088836	0.8056933828451653	-0.20131142724350118	0.3845899313781113	0.014726856399961224	0.025361910060904703	0.9599112335391341	0.0035105998774189484	0.12790891084309805	0.8685804892794831	0.0035105998774189484	0.0	0.9746380899390953	reverted	reverted	reverted	reverted	reverted	persistent		0.0	0.0	0.0	0.0	0.0	0.025361910060904703
ATAAGTGAGGGTATCC-1	Tumor	E15S	Tumor Proliferating	1	8817.13726401329	1.2540820784381472	0.40570781695239605	-0.414808788244633	0.4154277124297738	0.0127879163463149	0.03999407809849432	0.9472180055551909	0.04235434430996386	0.34081280380903256	0.6168328518810037	0.04235434430996386	0.9472180055551909	0.0	reverted	partial	partial	reverted	partial	persistent		0.0	0.0	0.0	0.0127879163463149	0.03999407809849432	0.0
ATAATGCTCCTCGTTG-1	Tumor	E15S	Tumor	1	8863.96841788292	2.6614228586118283	0.04538840446115272	0.03746745417255352	0.18024175675048296	0.014288756861053612	0.011254063774557213	0.974457179364389	0.801788727765422	0.16151945106152218	0.03669182117305585	0.801788727765422	0.0	0.0	persistent	persistent	persistent	persistent	persistent	persistent		0.9744571793643892	0.014288756861053615	0.011254063774557215	0.0	0.0	0.0
ATAATGCTCTAGTCCT-1	Tumor	E15S	Tumor	1	6731.1699385643005	0.30537966487654705	0.8044432864435054	0.28894658086263836	0.1862732831324992	0.03055471479904929	0.008479861304078854	0.9609654238968719	0.003545322175962326	0.12854032215234412	0.8679143556716935	0.003545322175962326	0.0	0.9915201386959211	reverted	reverted	reverted	reverted	reverted	persistent		0.0	0.0	0.0	0.0	0.0	0.008479861304078854
ATACACTAGCTTCCCA-1	Tumor	E15S	Tumor Proliferating	1	9066.731367304921	0.2471750425742123	0.8211987390087782	-0.021244685575833647	0.30945669049816005	0.016259936977065344	0.01613882045866163	0.967601242564273	0.003097562304643075	0.1200464213270142	0.8768560163683427	0.003097562304643075	0.0	0.9838611795413383	reverted	reverted	reverted	reverted	reverted	persistent		0.0	0.0	0.0	0.0	0.0	0.01613882045866163
ATACAGCCAACCTTGC-1	Tumor	E15S	Tumor	1	8320.345289230347	2.3802186093560014	0.07490432751115658	-0.2166975348512942	0.22033197611980415	0.010309426485145648	0.022535872067096223	0.967154701447758	0.6053798152896295	0.29275732810433586	0.10186285660603468	0.6053798152896295	0.0	0.0	persistent	persistent	persistent	persistent	persistent	persistent		0.9671547014477582	0.01030942648514565	0.022535872067096226	0.0	0.0	0.0
ATACGCGCAGTTGCAG-1	Tumor	E15S	Tumor	1	8573.833978548646	2.1533820202315286	0.11063715295093203	-0.031013398577738757	0.22870911940861663	0.013601030135052691	0.014159147206462455	0.9722398226584847	0.4189146697414455	0.39033525745314335	0.19075007280541117	0.4189146697414455	0.0	0.0	persistent	persistent	persistent	persistent	persistent	persistent		0.9722398226584849	0.013601030135052693	0.014159147206462457	0.0	0.0	0.0
ATACGCGCATCGGGAC-1	Tumor	E15S	Tumor	1	7318.445671200752	2.2652987372603053	0.09144441995687026	0.10786267563228569	0.1487681719703821	0.016323335531178512	0.009442988146377255	0.9742336763224443	0.5106363994449975	0.34621295655916584	0.14315064399583663	0.5106363994449975	0.0	0.0	persistent	persistent	persistent	persistent	persistent	persistent		0.9742336763224443	0.016323335531178512	0.009442988146377255	0.0	0.0	0.0
ATACGGTCAAGTTCCC-1	Tumor	E15S	Tumor	1	8019.985729575157	-0.4549697220646631	0.9455125628834716	0.17748082669803228	0.24550880499506733	0.02242195257134194	0.01041199842798329	0.9671660490006747	0.0007483340153006319	0.05127492830581561	0.9479767376788836	0.0007483340153006319	0.0	0.9895880015720168	reverted	reverted	reverted	reverted	reverted	persistent		0.0	0.0	0.0	0.0	0.0	0.010411998427983292
ATACGTTAGAAGGTGT-1	Tumor	E15S	Tumor	1	7812.606580734253	2.107619300653833	0.11945371019243112	-0.051722974025557505	0.15624506855656634	0.011387733512248872	0.013090446415487825	0.9755218200722634	0.3829771649478107	0.40510879110761716	0.21191404394457217	0.3829771649478107	0.0	0.0	partial	persistent	persistent	partial	persistent	persistent		0.9755218200722634	0.011387733512248872	0.013090446415487825	0.0	0.0	0.0
ATACTCCTCTGGCTAA-1	Tumor	E15S	Hypoxic Tumor	1	5675.352104663849	0.21857544942261214	0.8290109170344931	-0.34300687939400054	0.49896920571909553	0.01591589789655207	0.03502078865077508	0.9490633134526729	0.002901356357276587	0.11605933230427348	0.8810393113384499	0.002901356357276587	0.0	0.9649792113492248	reverted	reverted	reverted	reverted	reverted	persistent		0.0	0.0	0.0	0.0	0.0	0.03502078865077507
ATACTTGGTTCGGTTG-1	Tumor	E15S	Tumor	1	8068.975345134735	-0.29597883950166815	0.9277589230969804	-1.0106231224505884	0.9721331269848867	0.02071296483560446	0.059307149388081744	0.919979885776314	0.0009963678320108703	0.062321975166710265	0.9366816570012789	0.0009963678320108703	0.0	0.9406928506119182	reverted	reverted	reverted	reverted	reverted	reverted		0.0	0.0	0.0	0.0	0.0	0.05930714938808173
ATAGCAAAGCCTGGAT-1	Tumor	E15S	Tumor	1	7163.502118349075	1.493674916859774	0.3025206186523608	-0.14805243074046903	0.2865000838985602	0.012802992364825742	0.020216090901891783	0.9669809167332826	0.08269378483377696	0.4015582614774783	0.5157479536887448	0.08269378483377696	0.9669809167332826	0.0	reverted	partial	partial	reverted	partial	persistent		0.0	0.0	0.0	0.012802992364825742	0.020216090901891783	0.0
ATAGCCATCACTTGCT-1	Tumor	E15S	Tumor	1	9018.740976952016	2.9289456667515217	0.027854546581346947	0.01876894179531765	0.1681350187617012	0.013411913562359469	0.011410631587020997	0.9751774548506195	0.9136803117852232	0.07502114489703778	0.011298543317738873	0.9136803117852232	0.0	0.0	persistent	persistent	persistent	persistent	persistent	persistent		0.9751774548506195	0.013411913562359469	0.011410631587020997	0.0	0.0	0.0
ATAGCGAGTCCATAGT-1	Tumor	E15S	Tumor	1	9026.615819871426	2.273359903867402	0.0901843800174848	-0.4241763851671616	0.3693529011119932	0.011638211540277128	0.041475577426319486	0.9468862110334033	0.5173414334763083	0.34267219040083285	0.13998637612285877	0.5173414334763083	0.0	0.0	persistent	persistent	persistent	persistent	persistent	persistent		0.9468862110334034	0.01163821154027713	0.04147557742631949	0.0	0.0	0.0
ATAGCGAGTGCGAGCA-1	Tumor	E15S	Tumor Proliferating	1	8911.732470273972	2.7746998670628122	0.03695146610712784	-0.06679350279238601	0.18329200639859952	0.01166423796246441	0.014190846030878406	0.9741449160066572	0.8581226501631704	0.11912428036365015	0.022753069473179392	0.8581226501631704	0.0	0.0	persistent	persistent	persistent	persistent	persistent	persistent		0.9741449160066572	0.01166423796246441	0.014190846030878406	0.0	0.0	0.0
ATAGCGCTCCGTAGCG-1	Tumor	E15S	Tumor	1	8017.255300521851	0.3370362842798445	0.7948430280809331	-0.4285905670353978	0.4543726658954723	0.013625553078997384	0.0408019376777912	0.9455725092432116	0.0038193484125471416	0.13337917835292748	0.8628014732345254	0.0038193484125471416	0.0	0.9591980623222087	reverted	reverted	reverted	reverted	reverted	persistent		0.0	0.0	0.0	0.0	0.0	0.040801937677791195
ATAGGCCTCCTCAGCC-1	Tumor	E15S	Tumor	1	8819.445706620812	0.2736388140222679	0.8137237718361686	0.19006703222478075	0.16108253859907676	0.02133545065596589	0.008741279519349797	0.9699232698246845	0.0032926683267560136	0.1238444591569029	0.872862872516341	0.0032926683267560136	0.0	0.9912587204806501	reverted	reverted	reverted	reverted	reverted	persistent		0.0	0.0	0.0	0.0	0.0	0.008741279519349795
ATAGGCTCATTGCGTC-1	Tumor	E15S	Tumor	1	8973.55996710062	0.9692383416975167	0.5392974441429909	-0.24012579086971514	0.36076769881275095	0.013433505807301032	0.026912882596853337	0.9596536115958457	0.01926181268526533	0.26462269493775703	0.7161154923769777	0.01926181268526533	0.9596536115958457	0.0	reverted	partial	partial	reverted	partial	persistent		0.0	0.0	0.0	0.013433505807301032	0.026912882596853337	0.0
ATATCACAGTAGCTGC-1	Tumor	E15S	Tumor Proliferating	1	9012.501530498266	0.38364366497743385	0.78008030055891	0.09408540817803229	0.243223555605295	0.01813896102619722	0.011607997367148492	0.9702530416066543	0.004267265345930464	0.14079187834183393	0.8549408563122357	0.004267265345930464	0.0	0.9883920026328515	reverted	reverted	reverted	reverted	reverted	persistent		0.0	0.0	0.0	0.0	0.0	0.011607997367148494
ATATGGCCAACTGTGG-1	Tumor	E15S	Tumor Proliferating	1	9012.664531312883	0.33125871058420153	0.7966208816797156	0.12276788648776868	0.22255982969224145	0.018851236655237157	0.010656664653449699	0.9704920986913131	0.0037676033314899848	0.1324843366666809	0.8637480600018289	0.0037676033314899848	0.0	0.9893433353465503	reverted	reverted	reverted	reverted	reverted	persistent		0.0	0.0	0.0	0.0	0.0	0.010656664653449699
ATATGGGGTTGTCTGG-1	Tumor	E15S	Tumor	1	8900.888680443168	-0.21068283324095485	0.9161603067813684	-0.08363568198638412	0.36083692276086304	0.016324193700544908	0.01970932840557365	0.9639664778938815	0.0011720379439638274	0.06917601874137844	0.9296519433146576	0.0011720379439638274	0.0	0.9802906715944264	reverted	reverted	reverted	reverted	reverted	persistent		0.0	0.0	0.0	0.0	0.0	0.01970932840557365
ATATGTCAGATACTGT-1	Tumor	E15S	Tumor Proliferating	1	8967.599878489971	0.4853806918788757	0.7452677827898834	-0.28638238201843846	0.39273426851456583	0.01367884937352852	0.03031106294410131	0.9560100876823702	0.005464030173168752	0.1582025052556423	0.836333464571189	0.005464030173168752	0.0	0.9696889370558986	reverted	reverted	reverted	reverted	reverted	persistent		0.0	0.0	0.0	0.0	0.0	0.03031106294410131
ATCAACTAGGATGCTC-1	Tumor	E15S	Tumor	1	8733.620073586702	0.20021894747835234	0.8338808549879199	-0.07333797974844736	0.2944977877696919	0.014496327984652018	0.017383546771328265	0.9681201252440197	0.002782906301312662	0.11356346544836746	0.88365362825032	0.002782906301312662	0.0	0.9826164532286717	reverted	reverted	reverted	reverted	reverted	persistent		0.0	0.0	0.0	0.0	0.0	0.017383546771328265
ATCACATAGCTAGATT-1	Tumor	E15S	Tumor	1	6909.776521801949	1.1657338206403494	0.44658432074230525	-0.13724172188393807	0.2972037869738865	0.013288173064807837	0.020012025056572704	0.9666998018786196	0.03310222227311956	0.3168377215260989	0.6500600562007816	0.03310222227311956	0.9666998018786194	0.0	reverted	partial	partial	reverted	partial	reverted		0.0	0.0	0.0	0.013288173064807833	0.0200120250565727	0.0
ATCACATAGTCGCGTG-1	Tumor	E15S	Tumor	1	8932.477029182017	2.026850098193337	0.13649576821069043	0.052714466442357714	0.21465836361373147	0.015712975353393433	0.011711972895137842	0.9725750517514687	0.3232043085949623	0.4257498484005168	0.2510458430045209	0.3232043085949623	0.0	0.0	partial	persistent	persistent	partial	persistent	persistent		0.9725750517514687	0.015712975353393433	0.011711972895137842	0.0	0.0	0.0
ATCACCTTCACATGAT-1	Tumor	E15S	Tumor	1	8606.97412121296	2.2200833247969807	0.09880930891533835	-0.03366235569155113	0.2468779793675736	0.014041803129159374	0.014725026443707075	0.9712331704271335	0.47315513841450413	0.3652544535656257	0.1615904080198701	0.47315513841450413	0.0	0.0	persistent	persistent	persistent	persistent	persistent	persistent		0.9712331704271335	0.014041803129159374	0.014725026443707075	0.0	0.0	0.0
ATCACGATCCATCATC-1	Tumor	E15S	Tumor	1	8851.14748647809	0.5302016764995684	0.7288266823330688	0.08179546152901876	0.2217337226847636	0.017014394015136235	0.011316597372929749	0.9716690086119338	0.00610595315462867	0.16642195114827665	0.8274720956970948	0.00610595315462867	0.0	0.9886834026270702	reverted	reverted	reverted	reverted	reverted	persistent		0.0	0.0	0.0	0.0	0.0	0.01131659737292975
ATCACGATCCGGGCTA-1	Tumor	E15S	Tumor	1	8839.895557373762	1.906960245294023	0.16551741344522167	0.22570470516466165	0.16805843759290345	0.024203470096036555	0.008575905122691194	0.9672206247812724	0.24536429515533803	0.4429277194605657	0.31170798538409633	0.24536429515533803	0.0	0.0	partial	persistent	persistent	partial	persistent	persistent		0.9672206247812724	0.024203470096036555	0.008575905122691194	0.0	0.0	0.0
ATCACTTCACAACGGC-1	Tumor	E15S	Tumor	1	8393.335190653801	0.05282608978799803	0.8690314783037505	0.06854051195388611	0.28541193544773363	0.01839723389380181	0.013198850214284755	0.9684039158919134	0.0020097781738792533	0.09523092570322937	0.9027592961228914	0.0020097781738792533	0.0	0.9868011497857152	reverted	reverted	reverted	reverted	reverted	persistent		0.0	0.0	0.0	0.0	0.0	0.013198850214284755
ATCAGGCTCCATAGCA-1	Tumor	E15S	Tumor	1	8912.65102493763	1.4403773704326992	0.32422484711007016	0.17194950350852165	0.1676074026165926	0.020246546972042517	0.009003839395835593	0.9707496136321219	0.07130409451674868	0.38911178946476516	0.5395841160184862	0.07130409451674868	0.9707496136321219	0.0	reverted	partial	partial	reverted	partial	persistent		0.0	0.0	0.0	0.020246546972042517	0.009003839395835593	0.0
ATCATGGTCCTGCCGT-1	Tumor	E15S	Tumor	1	8842.61090285331	1.9111025732031233	0.1644370968777081	-0.5959209046291851	0.44772230887139897	0.012019411946771873	0.05815663841819775	0.9298239496350303	0.24781459024069918	0.44260017872548624	0.30958523103381447	0.24781459024069918	0.0	0.0	partial	persistent	persistent	partial	persistent	persistent		0.9298239496350303	0.012019411946771873	0.05815663841819775	0.0	0.0	0.0
ATCCACTTCCCTGGTC-1	Tumor	E15S	Tumor	1	8490.799940556288	0.5132020697752668	0.7351402061083702	0.17688692194333888	0.20515298973227414	0.021389000268392393	0.009602838820756361	0.9690081609108512	0.0058531669391347465	0.16326443267302015	0.8308824003878452	0.0058531669391347465	0.0	0.9903971611792436	reverted	reverted	reverted	reverted	reverted	persistent		0.0	0.0	0.0	0.0	0.0	0.009602838820756361
ATCCACTTCCTGTCTG-1	Tumor	E15S	Tumor	1	5910.506792068481	0.002477856161795167	0.8795037511085304	0.22838678247102903	0.12929356454561128	0.02392364566611125	0.008093541887838512	0.9679828124460502	0.001805230253394605	0.08962554109608585	0.9085692286505194	0.001805230253394605	0.0	0.9919064581121615	reverted	reverted	reverted	reverted	reverted	persistent		0.0	0.0	0.0	0.0	0.0	0.008093541887838512
ATCCACTTCTATCAGG-1	Tumor	E15S	Tumor	1	8589.290211826563	1.3791652558721366	0.3501137329442921	-0.18337287340160968	0.3313315936337612	0.013470604098944293	0.023127910742864796	0.9634014851581909	0.0601018792834317	0.3738724345666674	0.5660256861499009	0.0601018792834317	0.9634014851581909	0.0	reverted	partial	partial	reverted	partial	reverted		0.0	0.0	0.0	0.013470604098944293	0.023127910742864796	0.0
ATCCATGAGGTAGGAT-1	Tumor	E15S	Tumor	1	7421.018694162369	-0.22761713364001435	0.918590166776958	-0.14538146758294485	0.34446553322795487	0.014519825366400386	0.021685240610421923	0.9637949340231777	0.0011343074952364187	0.06775944380276887	0.9311062487019947	0.0011343074952364187	0.0	0.9783147593895781	reverted	reverted	reverted	reverted	reverted	persistent		0.0	0.0	0.0	0.0	0.0	0.021685240610421923
ATCCCTTAGTATGATC-1	Tumor	E15S	Hypoxic Tumor	1	5124.122961521149	-0.24377286697670297	0.920848315547548	-0.2495728048657945	0.3525376664653072	0.013075209629481542	0.027309884132035753	0.9596149062384828	0.0010996888860238876	0.06643423506157352	0.9324660760524026	0.0010996888860238876	0.0	0.9726901158679643	reverted	reverted	reverted	reverted	reverted	persistent		0.0	0.0	0.0	0.0	0.0	0.027309884132035753
ATCCCTTAGTTACACG-1	Tumor	E15S	Tumor Proliferating	1	8942.165242478251	0.2699190228310144	0.8147888421423943	-0.1613694210773945	0.3669921016671589	0.014902502154048208	0.023014586173612513	0.9620829116723394	0.003264418545000685	0.12330421691295473	0.8734313645420446	0.003264418545000685	0.0	0.9769854138263876	reverted	reverted	reverted	reverted	reverted	persistent		0.0	0.0	0.0	0.0	0.0	0.023014586173612513
ATCCGGGTCCTCAATC-1	Tumor	E15S	Tumor	1	8769.12162975967	0.24757106836867032	0.8210886275819859	0.23767401612500164	0.17810791087593658	0.02538047630633654	0.008638660846946063	0.9659808628467174	0.003100383408117068	0.12010248315749784	0.8767971334343851	0.003100383408117068	0.0	0.9913613391530539	reverted	reverted	reverted	reverted	reverted	persistent		0.0	0.0	0.0	0.0	0.0	0.008638660846946063
ATCCGTCCAACGGTCA-1	Tumor	E15S	Tumor	1	7485.986363172531	4.779605876776254	0.000861399547361853	-0.23557500357862937	0.2041931736317066	0.009835721361889307	0.023619113026729113	0.9665451656113816	0.9999701777777996	2.959759658113176e-05	2.2462561930746098e-07	0.9999701777777996	0.0	0.0	persistent	persistent	persistent	persistent	persistent	partial		0.9665451656113816	0.009835721361889307	0.023619113026729113	0.0	0.0	0.0
ATCCTAAGTTCCGGGT-1	Tumor	E15S	Tumor	1	6468.389541625977	1.2551266869224624	0.4052310882363112	-0.16819094985813596	0.3482756191751482	0.014218445877327974	0.022828226667195677	0.9629533274554765	0.04247821717937114	0.3410950149415179	0.6164267678791109	0.04247821717937114	0.9629533274554765	0.0	reverted	partial	partial	reverted	partial	reverted		0.0	0.0	0.0	0.014218445877327974	0.022828226667195677	0.0
ATCCTCACAATGCCGA-1	Tumor	E15S	Tumor	1	8852.539817526937	2.975934273849667	0.0255442763889209	-0.007164618120926364	0.17441393276568873	0.012829334882871109	0.012178910461221768	0.974991754655907	0.9264073554150637	0.06455274725816143	0.009039897326774803	0.9264073554150637	0.0	0.0	persistent	persistent	persistent	persistent	persistent	persistent		0.9749917546559072	0.01282933488287111	0.01217891046122177	0.0	0.0	0.0
ATCCTCCGTGATGAAT-1	Tumor	E15S	Tumor	1	8898.961235582829	0.3600998863854761	0.7876313278739941	-0.20474149447542936	0.37691144365639156	0.01444189156150265	0.025349035365455456	0.9602090730730419	0.004034031124550264	0.13700396225106568	0.858962006624384	0.004034031124550264	0.0	0.9746509646345446	reverted	reverted	reverted	reverted	reverted	persistent		0.0	0.0	0.0	0.0	0.0	0.025349035365455456
ATCCTGAAGTAATGTC-1	Tumor	E15S	Tumor	1	8957.95106074214	0.24529824810431336	0.8217198440177966	-0.2307803345993703	0.402934790650354	0.01478742677805395	0.02729373243336662	0.9579188407885796	0.003084232570853557	0.11978105859031887	0.8771347088388277	0.003084232570853557	0.0	0.9727062675666334	reverted	reverted	reverted	reverted	reverted	persistent		0.0	0.0	0.0	0.0	0.0	0.027293732433366615
ATCGAAGGTCCATATA-1	Tumor	E15S	Tumor	1	7962.677276611328	0.8938825429876823	0.5744852049662444	0.0864524073954068	0.27880626247637474	0.018893241772200368	0.012658554896561626	0.968448203331238	0.015706622807556567	0.24564085050834622	0.7386525266840973	0.015706622807556567	0.968448203331238	0.0	reverted	partial	partial	reverted	partial	reverted		0.0	0.0	0.0	0.018893241772200368	0.012658554896561626	0.0
ATCGAAGGTTGTGAAG-1	Tumor	E15S	Tumor	1	8760.669444262981	3.2758454249559708	0.01464009146015042	0.2573368400938987	0.10712361340644934	0.026651561374102566	0.007793103041235744	0.9655553355846618	0.9752273645804265	0.022775433868948664	0.0019972015506247716	0.9752273645804265	0.0	0.0	persistent	persistent	persistent	persistent	persistent	persistent		0.9655553355846618	0.026651561374102566	0.007793103041235744	0.0	0.0	0.0
ATCGAGGAGGATGGGC-1	Tumor	E15S	Tumor	1	8964.896930217743	2.189786336497716	0.10403553264026441	0.04382965847716939	0.17625987267783955	0.01440376669794432	0.011038367604540774	0.9745578656975149	0.4483035796393269	0.37713179417990206	0.1745646261807711	0.4483035796393269	0.0	0.0	persistent	persistent	persistent	persistent	persistent	persistent		0.9745578656975149	0.01440376669794432	0.011038367604540774	0.0	0.0	0.0
ATCGCATGTTATGGTC-1	Tumor	E15S	Tumor Proliferating	1	8768.026326909661	0.1634023193571517	0.8433125688418336	0.049336305348072367	0.2679250066900644	0.017153186381171158	0.013137692199101327	0.9697091214197275	0.0025616519881902396	0.1087036790068885	0.8887346690049213	0.0025616519881902396	0.0	0.9868623078008987	reverted	reverted	reverted	reverted	reverted	persistent		0.0	0.0	0.0	0.0	0.0	0.013137692199101327
ATCGCCCTCGAATCCA-1	Tumor	E15S	Tumor	1	7961.17131459713	0.6370960154748009	0.6870385874088905	0.03324799981732585	0.164342197134959	0.013772406071676725	0.011014881104213056	0.9752127128241103	0.007998488512448925	0.1874079629362779	0.8045935485512733	0.007998488512448925	0.9752127128241103	0.0	reverted	partial	partial	reverted	partial	persistent		0.0	0.0	0.0	0.013772406071676725	0.011014881104213056	0.0
ATCGCCCTCTATCCAC-1	Tumor	E15S	Tumor	1	5273.635900020599	0.4285616555168306	0.7651451341163609	0.28983150845398176	0.20667129594981107	0.030755838918180838	0.008745335730748649	0.9604988253510705	0.004755316163566126	0.14826807422218438	0.8469766096142494	0.004755316163566126	0.0	0.9912546642692514	reverted	reverted	reverted	reverted	reverted	persistent		0.0	0.0	0.0	0.0	0.0	0.00874533573074865
ATCGGTCAGTTGGTTG-1	Tumor	E15S	Hypoxic Tumor	1	7324.098239898682	0.584304427561779	0.7081163307537338	-1.4981634529532477	1.0423466366437741	0.01857929351437017	0.07747327703086387	0.903947429454766	0.006993910178873517	0.17679906590940667	0.8162070239117197	0.006993910178873517	0.0	0.9225267229691362	reverted	reverted	reverted	reverted	reverted	reverted		0.0	0.0	0.0	0.0	0.0	0.07747327703086387
ATCGTAGTCGCGTAAC-1	Tumor	E15S	Tumor	1	8827.466710835695	1.504387497659739	0.2982586008848875	-0.18841865416738052	0.30836878625351344	0.012754067259059672	0.022808959586538356	0.964436973154402	0.0851854946159703	0.40394608771723073	0.5108684176667989	0.0851854946159703	0.0	0.0	reverted	persistent	persistent	reverted	persistent	persistent		0.964436973154402	0.012754067259059672	0.022808959586538356	0.0	0.0	0.0
ATCTACTCATCCTTAG-1	Tumor	E15S	Tumor	1	8228.676005482674	0.04366679099760577	0.8709924401583015	-0.10754765398781507	0.3080452376031389	0.014169146550619927	0.019063906093143006	0.9667669473562369	0.0019706235720338373	0.09418739630232832	0.903841980125638	0.0019706235720338373	0.0	0.980936093906857	reverted	reverted	reverted	reverted	reverted	persistent		0.0	0.0	0.0	0.0	0.0	0.01906390609314301
ATCTATGGTAAGCTCT-1	Tumor	E15S	Tumor	1	8576.36845189333	1.7348047249995473	0.21554510240591004	0.2019072170692683	0.15965452490409496	0.022172749133796788	0.008626856980766902	0.9692003938854363	0.15897925626341344	0.4413523161691399	0.3996684275674468	0.15897925626341344	0.0	0.0	partial	persistent	persistent	partial	persistent	persistent		0.9692003938854363	0.022172749133796788	0.008626856980766902	0.0	0.0	0.0
ATCTTCATCATAGATC-1	Tumor	E15S	Tumor	1	8797.382351279259	0.8281243195816548	0.6045989881523901	0.02503263960881668	0.23968014624364486	0.015492803281489798	0.01294687881244871	0.9715603179060615	0.013171703770965926	0.22972639090023284	0.7571019053288013	0.013171703770965926	0.9715603179060615	0.0	reverted	partial	partial	reverted	partial	persistent		0.0	0.0	0.0	0.015492803281489798	0.01294687881244871	0.0
ATCTTCATCATGCGCG-1	Tumor	E15S	Tumor Proliferating	1	8541.313263893127	0.3293261182034669	0.7972130051204199	0.004198617890173735	0.2857602084624004	0.01624331458938193	0.014734961708346534	0.9690217237022717	0.0037504713094148115	0.13218618575214247	0.8640633429384429	0.0037504713094148115	0.0	0.9852650382916536	reverted	reverted	reverted	reverted	reverted	persistent		0.0	0.0	0.0	0.0	0.0	0.014734961708346534
ATGAAACGTGGCAGCA-1	Tumor	E15S	Tumor	1	8904.808676794171	0.26663177496437257	0.8157261425488975	-0.05726992414242688	0.28043239929521174	0.014446486074763358	0.016422560348643304	0.9691309535765933	0.0032396825182119237	0.12282854033217694	0.873931777149611	0.0032396825182119237	0.0	0.9835774396513567	reverted	reverted	reverted	reverted	reverted	persistent		0.0	0.0	0.0	0.0	0.0	0.016422560348643304
ATGAAACGTTGCCCAA-1	Tumor	E15S	Tumor Proliferating	1	8981.335654139519	0.44979754738256444	0.7578439298247731	0.042147550780633584	0.22045531561205947	0.015506536255972286	0.01207385794548782	0.9724196057985399	0.0050074880916190076	0.15191808000010962	0.8430744319082712	0.0050074880916190076	0.0	0.9879261420545122	reverted	reverted	reverted	reverted	reverted	persistent		0.0	0.0	0.0	0.0	0.0	0.01207385794548782
ATGAACGGTAACCCAT-1	Tumor	E15S	Hypoxic Tumor	1	5367.934042453766	-0.9202388708285781	0.9766739529617934	-0.2988310948681676	0.5327788277542785	0.01757984402563229	0.03305247833644463	0.9493676776379232	0.0003675367827238361	0.028948869015737098	0.9706835942015392	0.0003675367827238361	0.0	0.9669475216635555	reverted	reverted	reverted	reverted	reverted	persistent		0.0	0.0	0.0	0.0	0.0	0.03305247833644463
ATGACGGAGCAACCTA-1	Tumor	E15S	Tumor	1	8797.719013243914	1.2834472556290408	0.392377218363347	-0.12644727096554825	0.28698253017493375	0.013195557341422724	0.019253631465215523	0.9675508111933617	0.045979755133569694	0.348720419584935	0.6052998252814954	0.045979755133569694	0.9675508111933617	0.0	reverted	partial	partial	reverted	partial	persistent		0.0	0.0	0.0	0.013195557341422724	0.019253631465215523	0.0
ATGACGGAGCCAGTCG-1	Tumor	E15S	Tumor	1	8364.50083565712	0.5988714071329453	0.702383865055415	0.022984142750804064	0.20371351340784746	0.014426892743403077	0.012102310862206159	0.9734707963943907	0.007256560371279866	0.17967868458791722	0.8130647550408029	0.007256560371279866	0.0	0.9878976891377939	reverted	reverted	reverted	reverted	reverted	persistent		0.0	0.0	0.0	0.0	0.0	0.01210231086220616
ATGATGTTCAGTGCTA-1	Tumor	E15S	Tumor	1	8318.619313329458	1.6057033584902245	0.2597226876276891	-0.3088886499456954	0.3222228761638534	0.011608947810792419	0.030997094062055707	0.9573939581271518	0.11253359183760037	0.42412542258176017	0.46334098558063946	0.11253359183760037	0.0	0.0	reverted	persistent	persistent	reverted	persistent	persistent		0.9573939581271518	0.011608947810792419	0.030997094062055707	0.0	0.0	0.0
ATGATGTTCTAGTGAT-1	Tumor	E15S	Tumor	1	8639.958569824696	0.6280894664906795	0.6906930415117198	0.41217514640043806	0.1501775287658862	0.052149918086347884	0.008139532291180442	0.9397105496224717	0.007816502581342396	0.1855642267009931	0.8066192707176645	0.007816502581342396	0.9397105496224717	0.0	reverted	partial	partial	reverted	partial	persistent		0.0	0.0	0.0	0.052149918086347884	0.008139532291180442	0.0
ATGCAAGGTTTGGAAG-1	Tumor	E15S	Tumor	1	8443.309722423553	2.171895158580872	0.10723530305971968	-0.7698545026049484	0.5616249178138827	0.013193116446785879	0.06953036101723827	0.9172765225359758	0.4337849251425124	0.3837734441132442	0.1824416307442433	0.4337849251425124	0.0	0.0	persistent	persistent	persistent	persistent	persistent	persistent		0.9172765225359758	0.013193116446785879	0.06953036101723827	0.0	0.0	0.0
ATGCACGCAATTGGCG-1	Tumor	E15S	Tumor	1	8338.327568948269	0.1579949516787785	0.8446604968578796	0.060043904308407135	0.2802928819291746	0.017920858848899247	0.013239587709250301	0.9688395534418506	0.0025308888644905254	0.10800607777572357	0.8894630333597859	0.0025308888644905254	0.0	0.9867604122907496	reverted	reverted	reverted	reverted	reverted	persistent		0.0	0.0	0.0	0.0	0.0	0.013239587709250298
ATGCACGCAGCTCTCG-1	Tumor	E15S	Tumor	1	8368.847854614258	0.8042761560602602	0.6153395276719749	0.2169856228610981	0.2141657333462993	0.02433393604508284	0.009371784359342229	0.966294279595575	0.012363484442687016	0.22411726901004175	0.7635192465472711	0.012363484442687016	0.966294279595575	0.0	reverted	partial	partial	reverted	partial	persistent		0.0	0.0	0.0	0.02433393604508284	0.009371784359342229	0.0
ATGCAGCTCCAGCAGT-1	Tumor	E15S	Tumor	1	8997.868548423052	2.0668150634545177	0.12782087619913632	0.3527686177940722	0.11800729917821248	0.04064235483348117	0.007860555513997084	0.9514970896525218	0.3521287720958465	0.41643310995991173	0.2314381179442419	0.3521287720958465	0.0	0.0	partial	persistent	persistent	partial	persistent	persistent		0.9514970896525218	0.04064235483348117	0.007860555513997084	0.0	0.0	0.0
ATGCAGGAGGCGTTCG-1	Tumor	E15S	Tumor	1	7801.340784788132	1.1783010167635608	0.4407120403803443	0.2933392495332288	0.1632150471513209	0.031009241173753102	0.008202209741638064	0.9607885490846088	0.034280668842711116	0.3202510144812716	0.6454683166760175	0.034280668842711116	0.9607885490846089	0.0	reverted	partial	partial	reverted	partial	persistent		0.0	0.0	0.0	0.031009241173753106	0.008202209741638065	0.0
ATGCATTAGGAGGCAC-1	Tumor	E15S	Tumor Proliferating	1	9082.099414236844	-0.014858259734346874	0.882938809819649	-0.055468125501972186	0.31596105714022016	0.01557553592996123	0.017401521967592495	0.9670229421024463	0.0017405339529433337	0.08776823753162594	0.9104912285154306	0.0017405339529433337	0.0	0.9825984780324075	reverted	reverted	reverted	reverted	reverted	persistent		0.0	0.0	0.0	0.0	0.0	0.017401521967592495
ATGCATTAGGTGAACG-1	Tumor	E15S	Tumor	1	8272.1087692976	1.2185840880830925	0.42200824326814185	-0.056159607650373235	0.23743585663987926	0.013243855561807648	0.015187292759915547	0.9715688516782768	0.03835562078786859	0.3311954912744928	0.6304488879376385	0.03835562078786859	0.9715688516782768	0.0	reverted	partial	partial	reverted	partial	persistent		0.0	0.0	0.0	0.013243855561807648	0.015187292759915547	0.0
ATGCCAATCCATCGCC-1	Tumor	E15S	Tumor Proliferating	1	8937.71842893213	0.3935588231534101	0.7768431341458713	-0.20787786394436653	0.3803844830204591	0.014492703183225052	0.025591994433415418	0.9599153023833594	0.004369980589323224	0.14241386957462887	0.853216149836048	0.004369980589323224	0.0	0.9744080055665846	reverted	reverted	reverted	reverted	reverted	persistent		0.0	0.0	0.0	0.0	0.0	0.02559199443341542
ATGCCAGCAATTAGGC-1	Tumor	E15S	Tumor	1	8336.969554126263	0.8372123669116285	0.6004786505392691	-0.2967058157375433	0.4046596544366881	0.013870782190269604	0.031141500253286852	0.9549877175564434	0.013494407561975888	0.2318871849266988	0.7546184075113254	0.013494407561975888	0.9549877175564435	0.0	reverted	partial	partial	reverted	partial	persistent		0.0	0.0	0.0	0.013870782190269606	0.031141500253286856	0.0
ATGCCCAGTCTAGCTG-1	Tumor	E15S	Tumor	1	8854.203278660774	2.771523658402856	0.03716604349648665	-0.14850928144142064	0.22304521189499898	0.011192612913702223	0.018603334468368527	0.9702040526179293	0.8567318098204666	0.12019787243921327	0.023070317740320263	0.8567318098204666	0.0	0.0	persistent	persistent	persistent	persistent	persistent	persistent		0.9702040526179293	0.011192612913702223	0.018603334468368527	0.0	0.0	0.0
ATGCCCAGTTGTCTGG-1	Tumor	E15S	Tumor Proliferating	1	8875.255922347307	1.5456746070037688	0.2821611306750212	-0.26664514120854105	0.33495884508313434	0.01239001124251703	0.028076008640609947	0.9595339801168731	0.0954739490342134	0.41273142742936453	0.4917946235364221	0.0954739490342134	0.0	0.0	reverted	persistent	persistent	reverted	persistent	persistent		0.9595339801168731	0.01239001124251703	0.028076008640609947	0.0	0.0	0.0
ATGCCTAAGTCGAGCT-1	Tumor	E15S	Tumor Proliferating	1	9036.723149448633	1.7928433179786343	0.1975473134297245	0.1364642010348619	0.1579988730065909	0.01795806985678259	0.009230000824411503	0.9728119293188058	0.18478462441920188	0.4449950396655346	0.3702203359152636	0.18478462441920188	0.0	0.0	partial	persistent	persistent	partial	persistent	persistent		0.9728119293188059	0.017958069856782593	0.009230000824411505	0.0	0.0	0.0
ATGCGGTTCAGGTCAC-1	Tumor	E15S	Tumor Proliferating	1	9004.928664922714	0.2666761373953734	0.8157135178668545	0.0809764218235777	0.2308745948091797	0.017240549295569733	0.011547673755797669	0.9712117769486325	0.0032400149187359678	0.12283494885040938	0.8739250362308547	0.0032400149187359678	0.0	0.9884523262442023	reverted	reverted	reverted	reverted	reverted	persistent		0.0	0.0	0.0	0.0	0.0	0.01154767375579767
ATGCTCAAGGTAGCCT-1	Tumor	E15S	Tumor	1	8641.917909622192	0.8380194827638477	0.6001120226261734	0.0011206097106344418	0.2568314627800351	0.015271160833788341	0.014006913520992531	0.9707219256452193	0.013523472579524519	0.23207970001915157	0.7543968274013239	0.013523472579524519	0.9707219256452191	0.0	reverted	partial	partial	reverted	partial	persistent		0.0	0.0	0.0	0.015271160833788338	0.014006913520992528	0.0
ATGCTCCCAGCACCAA-1	Tumor	E15S	Tumor	1	8052.322082519531	0.519643197299182	0.7327591192056988	0.1434131510093254	0.22332681689316353	0.019916626236067738	0.010377201044030998	0.9697061727199011	0.005947562675170287	0.16445503521359073	0.8295974021112391	0.005947562675170287	0.0	0.989622798955969	reverted	reverted	reverted	reverted	reverted	persistent		0.0	0.0	0.0	0.0	0.0	0.010377201044031
ATGCTGATCACATTCC-1	Tumor	E15S	Tumor Proliferating	1	8985.710456997156	1.0715213412118079	0.4909703259928508	-0.22477247683547763	0.3370773310018205	0.013000514179770734	0.02550966210344454	0.9614898237167847	0.025496192986413358	0.29143565520387177	0.6830681518097149	0.025496192986413358	0.9614898237167847	0.0	reverted	partial	partial	reverted	partial	persistent		0.0	0.0	0.0	0.013000514179770734	0.02550966210344454	0.0
ATGGACCTCGAATCTG-1	Tumor	E15S	Tumor Proliferating	1	8911.790229223669	0.26877627182299857	0.8151150943746253	-0.15144454730957457	0.3503836170261362	0.014584409852635972	0.022117227842549273	0.9632983623048148	0.0032557952880808805	0.12313867123031652	0.8736055334816027	0.0032557952880808805	0.0	0.9778827721574508	reverted	reverted	reverted	reverted	reverted	persistent		0.0	0.0	0.0	0.0	0.0	0.022117227842549273
ATGGCCCGTTGTGGTT-1	Tumor	E15S	Tumor Proliferating	1	8990.441570043564	1.1789476376996872	0.44041032735268326	0.38882144222383874	0.1420018350144976	0.0471854785399468	0.008043646451122136	0.9447708750089311	0.034342454314624564	0.32042669511039823	0.6452308505749772	0.034342454314624564	0.9447708750089311	0.0	reverted	partial	partial	reverted	partial	persistent		0.0	0.0	0.0	0.0471854785399468	0.008043646451122136	0.0
ATGGCCCGTTTCACTT-1	Tumor	E15S	Tumor	1	6988.545413017273	1.239473902794381	0.41239281216252954	0.17713082692047102	0.16679608070617122	0.020565581321920143	0.008941716682434115	0.9704927019956456	0.04065990820567673	0.3368607640136533	0.6224793277806699	0.04065990820567673	0.9704927019956457	0.0	reverted	partial	partial	reverted	partial	reverted		0.0	0.0	0.0	0.020565581321920146	0.008941716682434117	0.0
ATGGCTGCAATGCCGA-1	Tumor	E15S	Tumor Proliferating	1	8826.458615452051	1.8909441048079938	0.16974797237720451	0.06670181144419937	0.16567855367559836	0.01497045130625978	0.010390586845790646	0.9746389618479496	0.23605619046521567	0.44402079782780535	0.31992301170697895	0.23605619046521567	0.0	0.0	partial	persistent	persistent	partial	persistent	persistent		0.9746389618479496	0.01497045130625978	0.010390586845790646	0.0	0.0	0.0
ATGGGATAGGTAACTT-1	Tumor	E15S	Tumor	1	8424.21855378151	0.7291954480874187	0.6483860265682228	0.12535695457760082	0.23152081429690263	0.019223825473878457	0.010817415859689898	0.9699587586664316	0.010148050353874321	0.20705447509836997	0.7827974745477557	0.010148050353874321	0.9699587586664317	0.0	reverted	partial	partial	reverted	partial	persistent		0.0	0.0	0.0	0.01922382547387846	0.0108174158596899	0.0
ATGGGGATCGCTCCAC-1	Tumor	E15S	Tumor	1	8510.51384627819	0.7443600295149514	0.6418133876024495	0.038361183700731764	0.21952860720896752	0.015352981138207733	0.012133992374755325	0.9725130264870369	0.010558446413535465	0.21042631013336885	0.7790152434530957	0.010558446413535465	0.972513026487037	0.0	reverted	partial	partial	reverted	partial	persistent		0.0	0.0	0.0	0.015352981138207735	0.012133992374755327	0.0
ATGGTAAAGTCAGCTA-1	Tumor	E15S	Hypoxic Tumor	1	8764.349123060703	-0.4243034980748432	0.9424430818471029	-1.1554492299898003	1.006862683835017	0.020272729636195405	0.0638199741560201	0.9159072962077845	0.0007894867026731913	0.053243705524238634	0.9459668077730883	0.0007894867026731913	0.0	0.93618002584398	reverted	reverted	reverted	reverted	reverted	reverted		0.0	0.0	0.0	0.0	0.0	0.0638199741560201
ATGGTAGGTCTCCAGA-1	Tumor	E15S	Tumor	1	6986.802734971046	2.143933336857336	0.11240954777460585	0.16938293949085215	0.1335409278530095	0.019431900028287902	0.008537593598215107	0.9720305063734969	0.4113930898540318	0.3935576496311847	0.19504926051478347	0.4113930898540318	0.0	0.0	persistent	persistent	persistent	persistent	persistent	persistent		0.972030506373497	0.019431900028287905	0.008537593598215109	0.0	0.0	0.0
ATGGTAGGTTAATGCC-1	Tumor	E15S	Tumor	1	7245.012768507004	0.6130861525580611	0.6967279747404966	-0.30496760073982737	0.39814404632515477	0.01358303338903327	0.03158794523458484	0.954829021376382	0.007523297917425195	0.18252375031020718	0.8099529517723676	0.007523297917425195	0.9548290213763818	0.0	reverted	partial	partial	reverted	partial	reverted		0.0	0.0	0.0	0.013583033389033267	0.03158794523458483	0.0
ATGGTGAGTTAAGTGG-1	Tumor	E15S	Tumor Proliferating	1	8994.497101478279	-0.03226046482134309	0.8863012128635964	-0.333409245584547	0.48808597001385656	0.01573718394032196	0.03436710179251477	0.9498957142671632	0.001678325412799707	0.08594039287961135	0.912381281707589	0.001678325412799707	0.0	0.9656328982074852	reverted	reverted	reverted	reverted	reverted	persistent		0.0	0.0	0.0	0.0	0.0	0.03436710179251477
ATGGTGGAGTGAGCCT-1	Tumor	E15S	Tumor	1	7759.487432360649	0.27469825231839834	0.8134195651144651	-0.10930179358822129	0.32245238951191973	0.01456509807281161	0.019549166425799253	0.9658857355013891	0.0033007648644923886	0.12399871055838092	0.8727005245771267	0.0033007648644923886	0.0	0.9804508335742007	reverted	reverted	reverted	reverted	reverted	persistent		0.0	0.0	0.0	0.0	0.0	0.019549166425799253
ATGGTTACAAGCCTAG-1	Tumor	E15S	Tumor	1	8732.035400629044	0.6135153783692748	0.6965562486329173	0.1754251913874838	0.19297566239103772	0.02101677844687592	0.009395878770174169	0.9695873427829498	0.0075315172357039335	0.18261019830464667	0.8098582844596494	0.0075315172357039335	0.9695873427829499	0.0	reverted	partial	partial	reverted	partial	persistent		0.0	0.0	0.0	0.021016778446875925	0.00939587877017417	0.0
ATGGTTACAGCCAGGT-1	Tumor	E15S	Hypoxic Tumor	1	6666.0039138793945	0.24279067685454495	0.8224142316167583	-1.1731102634249135	0.9773769432121332	0.01949449217428314	0.06627057810778382	0.914234929717933	0.0030665246170534675	0.11942732882454551	0.8775061465584011	0.0030665246170534675	0.0	0.9337294218922162	reverted	reverted	reverted	reverted	reverted	persistent		0.0	0.0	0.0	0.0	0.0	0.06627057810778383
ATGGTTACAGGACACC-1	Tumor	E15S	Tumor Proliferating	1	8973.412669941783	0.22361722056267427	0.8276536667946098	0.43253797513262254	0.13511213853533538	0.05880166002601596	0.008199844143510994	0.932998495830473	0.0029348913759254165	0.11675344905728055	0.8803116595667939	0.0029348913759254165	0.0	0.991800155856489	reverted	reverted	reverted	reverted	reverted	persistent		0.0	0.0	0.0	0.0	0.0	0.008199844143510994
ATGGTTTAGAATCAAG-1	Tumor	E15S	Tumor	1	8686.874470114708	0.35566100392266015	0.7890335652840388	-0.1868662554837451	0.35849083909206386	0.014197774194317796	0.023996212635806893	0.9618060131698752	0.0039916798700902235	0.13629975411294457	0.8597085660169652	0.0039916798700902235	0.0	0.9760037873641931	reverted	reverted	reverted	reverted	reverted	persistent		0.0	0.0	0.0	0.0	0.0	0.023996212635806896
ATGTAGCCAGGTTGGC-1	Tumor	E15S	Tumor	1	8664.839562892914	0.20892304347344426	0.8315856633904507	0.1801828890545392	0.21231659031643346	0.021765058538777825	0.009702615841787011	0.9685323256194351	0.0028383680713309828	0.11474082248656779	0.8824208094421013	0.0028383680713309828	0.0	0.990297384158213	reverted	reverted	reverted	reverted	reverted	persistent		0.0	0.0	0.0	0.0	0.0	0.009702615841787011
ATGTCCCCAATTCGTT-1	Tumor	E15S	Tumor	1	8584.042629003525	2.2917087866173085	0.08737443507108603	-0.10781721074618789	0.26251994137543105	0.012864156416661686	0.0177909254363412	0.9693449181469972	0.532602791985549	0.3344682248590635	0.13292898315538743	0.532602791985549	0.0	0.0	persistent	persistent	persistent	persistent	persistent	persistent		0.9693449181469972	0.012864156416661686	0.0177909254363412	0.0	0.0	0.0
ATGTGAGGTCAGGCAG-1	Tumor	E15S	Tumor	1	8734.881673976779	0.22966577381792216	0.826014151690005	-0.4506128622780059	0.49975767011192473	0.01457282405910878	0.04206964747611925	0.943357528464772	0.002975708353667745	0.1175911001348397	0.8794331915114926	0.002975708353667745	0.0	0.9579303525238808	reverted	reverted	reverted	reverted	reverted	persistent		0.0	0.0	0.0	0.0	0.0	0.04206964747611925
ATGTGGGAGCTTACTC-1	Tumor	E15S	Tumor	1	8166.3513923585415	0.2491705808593112	0.8206433577783623	-0.018360623717426652	0.2327087215563343	0.014035436551070595	0.013894602781966657	0.9720699606669626	0.0031118073880537236	0.12032915020470501	0.8765590424072413	0.0031118073880537236	0.0	0.9861053972180334	reverted	reverted	reverted	reverted	reverted	persistent		0.0	0.0	0.0	0.0	0.0	0.013894602781966659
ATGTTAGCATCACGCT-1	Tumor	E15S	Tumor	1	6623.2281593084335	0.5478139508084618	0.7221868387482525	-0.052030755042067986	0.34999905689909894	0.016744045306121873	0.018306956392809708	0.9649489983010684	0.006380604837964013	0.16974514630014242	0.8238742488618936	0.006380604837964013	0.0	0.9816930436071903	reverted	reverted	reverted	reverted	reverted	persistent		0.0	0.0	0.0	0.0	0.0	0.01830695639280971
ATGTTAGCATGCGTCT-1	Tumor	E15S	Tumor Proliferating	1	9054.805965185165	0.6512344649471771	0.6812547934270872	-1.1618389973193872	0.890035411178383	0.017648506054904967	0.0718375547277789	0.9105139392173163	0.00829355077088292	0.19033025553850755	0.8013761936906094	0.00829355077088292	0.910513939217316	0.0	reverted	partial	partial	reverted	partial	persistent		0.0	0.0	0.0	0.017648506054904964	0.07183755472777889	0.0
ATTCACCTCAATTCGG-1	Tumor	E15S	Tumor	1	8766.12128329277	0.3962671234638774	0.7759530279343704	-0.04141450441030911	0.3177137910873108	0.0159841492265316	0.01699899759515183	0.9670168531783165	0.004398516018604949	0.1428596862017885	0.8527417977796067	0.004398516018604949	0.0	0.9830010024048482	reverted	reverted	reverted	reverted	reverted	persistent		0.0	0.0	0.0	0.0	0.0	0.016998997595151832
ATTCACCTCTGGCCGA-1	Tumor	E15S	Hypoxic Tumor	1	7536.779293060303	0.5117012312260032	0.735693066308354	0.06571592116240468	0.21983730891722633	0.01633335483639598	0.011574554342502182	0.9720920908211017	0.005831410289585075	0.1629880230513566	0.8311805666590583	0.005831410289585075	0.0	0.9884254456574978	reverted	reverted	reverted	reverted	reverted	persistent		0.0	0.0	0.0	0.0	0.0	0.011574554342502184
ATTCCAAGTGAGATTG-1	Tumor	E15S	Hypoxic Tumor	1	8707.615198135376	-0.4893760181662881	0.9487725395533279	-0.21415427690110078	0.3996223589889202	0.014960424265533382	0.026362047314086423	0.9586775284203802	0.0007053911767449407	0.04915175825732898	0.950142850565926	0.0007053911767449407	0.0	0.9736379526859136	reverted	reverted	reverted	reverted	reverted	persistent		0.0	0.0	0.0	0.0	0.0	0.026362047314086423
ATTCCGCCAAGGGTCC-1	Tumor	E15S	Tumor	1	8730.813791558146	-0.07318229803694515	0.8938775688553057	0.21580856912413757	0.2178189580419754	0.02432099571024045	0.00944809397274119	0.9662309103170185	0.001542130366596109	0.08178310172332005	0.9166747679100838	0.001542130366596109	0.0	0.9905519060272587	reverted	reverted	reverted	reverted	reverted	persistent		0.0	0.0	0.0	0.0	0.0	0.009448093972741189
ATTCGATAGCCACATA-1	Tumor	E15S	Tumor Proliferating	1	8946.866643548012	-0.1396787748969703	0.9052409089659413	0.12801116522315675	0.2639180264569358	0.02027833323564119	0.011540135206180259	0.9681815315581787	0.0013478661504426732	0.07543322230730332	0.9232189115422541	0.0013478661504426732	0.0	0.9884598647938196	reverted	reverted	reverted	reverted	reverted	persistent		0.0	0.0	0.0	0.0	0.0	0.011540135206180257
ATTCGGGCATGCTGCT-1	Tumor	E15S	Hypoxic Tumor	1	9121.556864500046	1.250803230900625	0.4072053381504398	-1.4248587051456127	0.9788567379394403	0.01773269583429689	0.07948749682064815	0.9027798073450549	0.04196789878289715	0.3399266260247653	0.6181054751923376	0.04196789878289715	0.9027798073450549	0.0	reverted	partial	partial	reverted	partial	reverted		0.0	0.0	0.0	0.01773269583429689	0.07948749682064815	0.0
ATTGGCCAGAAGGTGT-1	Tumor	E15S	Tumor	1	6489.209111213684	0.6082550600322393	0.6986570212993135	0.016372708595040662	0.28337617648965313	0.016539904753568636	0.014349852969572457	0.9691102422768588	0.007431459523920755	0.1815529254957857	0.8110156149802935	0.007431459523920755	0.9691102422768589	0.0	reverted	partial	partial	reverted	partial	persistent		0.0	0.0	0.0	0.01653990475356864	0.014349852969572459	0.0
ATTGGGTCAACCCTGT-1	Tumor	E15S	Tumor	1	8413.005850672722	0.7216972767064429	0.6516154093502379	-0.17707582454115137	0.37933712234843514	0.014990845424729018	0.024061954341566577	0.9609472002337044	0.009951519235852382	0.20540141302912585	0.7846470677350218	0.009951519235852382	0.9609472002337044	0.0	reverted	partial	partial	reverted	partial	reverted		0.0	0.0	0.0	0.014990845424729018	0.024061954341566577	0.0
ATTGGTTAGTAGACTT-1	Tumor	E15S	Tumor	1	8880.422857612371	1.8515545467323697	0.18051768609267133	-0.274787532771063	0.31906431622720877	0.01189618284308784	0.028377113580965348	0.9597267035759467	0.2142877269222365	0.445563456092099	0.3401488169856645	0.2142877269222365	0.0	0.0	partial	persistent	persistent	partial	persistent	reverted		0.9597267035759468	0.011896182843087843	0.02837711358096535	0.0	0.0	0.0
CAAACTTAGCGCTCAG-1	Tumor	E15S	Tumor Proliferating	1	8889.158184237778	1.012652751945057	0.5188222426644534	-0.03861991896979448	0.24318702920706495	0.013814815894467456	0.014777294940829236	0.9714078891647032	0.021686687312615926	0.2758747959251169	0.7024385167622672	0.021686687312615926	0.9714078891647033	0.0	reverted	partial	partial	reverted	partial	persistent		0.0	0.0	0.0	0.013814815894467458	0.014777294940829237	0.0
CAAAGCGAGCATGCCG-1	Tumor	E15S	Tumor	1	6413.792302489281	0.12005501790032946	0.8538532099059728	0.013788399617066412	0.26618860079610784	0.015930745947001803	0.013934814850039827	0.9701344392029583	0.0023266357163411267	0.10322557653644937	0.8944477877472097	0.0023266357163411267	0.0	0.9860651851499602	reverted	reverted	reverted	reverted	reverted	reverted		0.0	0.0	0.0	0.0	0.0	0.013934814850039829
CAAAGCTCAAGCTCAG-1	Tumor	E15S	Tumor Proliferating	1	8972.230987474322	-0.3338735544668873	0.9324220341548971	-0.2700575765378294	0.4492198558965378	0.01553942595713642	0.030293678953258053	0.9541668950896055	0.0009288376136878528	0.05949371526547529	0.9395774471208368	0.0009288376136878528	0.0	0.9697063210467419	reverted	reverted	reverted	reverted	reverted	persistent		0.0	0.0	0.0	0.0	0.0	0.030293678953258053
CAAAGGGTCATCAAGT-1	Tumor	E15S	Tumor	1	8813.832017540932	1.684998351275285	0.2319152879819061	-0.4163267040955482	0.35674085095423314	0.011430732752354095	0.040869123316059894	0.9477001439315859	0.13935683148231337	0.43605991521825005	0.42458325329943664	0.13935683148231337	0.0	0.0	partial	persistent	persistent	partial	persistent	persistent		0.9477001439315861	0.011430732752354096	0.0408691233160599	0.0	0.0	0.0
CAAAGGGTCGATGCGT-1	Tumor	E15S	Tumor	1	8554.12996572256	-0.2527485248785581	0.9220780037337524	-0.18554473076057673	0.3889253397806203	0.015130372833554435	0.02470511265376926	0.9601645145126761	0.0010810160884092476	0.06570889805271868	0.9332100858588721	0.0010810160884092476	0.0	0.9752948873462307	reverted	reverted	reverted	reverted	reverted	persistent		0.0	0.0	0.0	0.0	0.0	0.024705112653769262
CAAAGGTAGTTGCCGG-1	Tumor	E15S	Tumor	1	8718.38811263442	0.007771296382650699	0.8784376806783657	-0.10287652984233481	0.29996463147639507	0.014025173617316063	0.01864661325530995	0.9673282131273742	0.0018255464086454642	0.09019998225545711	0.9079744713358975	0.0018255464086454642	0.0	0.98135338674469	reverted	reverted	reverted	reverted	reverted	persistent		0.0	0.0	0.0	0.0	0.0	0.018646613255309946
CAAAGTAAGTAGCGAG-1	Tumor	E15S	Tumor Proliferating	1	8904.508739486337	1.2062557227629371	0.42771126561476136	-0.5265695627296318	0.49999399328359384	0.01378393386470771	0.0482142613062641	0.9380018048290282	0.037058524426238734	0.32784722971070385	0.6350942458630575	0.037058524426238734	0.9380018048290282	0.0	reverted	partial	partial	reverted	partial	persistent		0.0	0.0	0.0	0.01378393386470771	0.0482142613062641	0.0
CAAATGAAGGCGTAAG-1	Tumor	E15S	Tumor Proliferating	1	9078.22793006897	0.38652551863414625	0.7791429027983616	-0.22257169079959926	0.37690122848332397	0.01415510064123009	0.026280966327245168	0.9595639330315249	0.004296838298065798	0.14126167023479494	0.8544414914671392	0.004296838298065798	0.0	0.9737190336727549	reverted	reverted	reverted	reverted	reverted	persistent		0.0	0.0	0.0	0.0	0.0	0.026280966327245168
CAAATGAAGGGTGAAT-1	Tumor	E15S	Tumor Proliferating	1	8948.648347556591	1.4735363650895026	0.3106251748580038	-0.17642269908112293	0.30724094046012823	0.012908908803319397	0.02215509319350712	0.9649359980031735	0.07819764256702116	0.3969608416862427	0.5248415157467362	0.07819764256702116	0.9649359980031735	0.0	reverted	partial	partial	reverted	partial	persistent		0.0	0.0	0.0	0.012908908803319397	0.02215509319350712	0.0
CAACCAATCCCGCTGT-1	Tumor	E15S	Tumor	1	8374.479603409767	0.41878191149947297	0.7684558145390575	0.28060988950739474	0.18754286788264052	0.029649662354190642	0.008532446376381689	0.9618178912694277	0.0046439672376842505	0.14661219870687658	0.8487438340554392	0.0046439672376842505	0.0	0.9914675536236184	reverted	reverted	reverted	reverted	reverted	persistent		0.0	0.0	0.0	0.0	0.0	0.008532446376381689
CAACCAGCAAACTGCG-1	Tumor	E15S	Tumor	1	8620.242223501205	0.28468204638396694	0.8105340113095464	0.20744977609971796	0.18581673887489103	0.023065373063772848	0.008974949492852425	0.9679596774433746	0.0033781830080515103	0.1254607199606812	0.8711610970312674	0.0033781830080515103	0.0	0.9910250505071476	reverted	reverted	reverted	reverted	reverted	persistent		0.0	0.0	0.0	0.0	0.0	0.008974949492852427
CAACCCAGTATTAGCC-1	Tumor	E15S	Tumor Proliferating	1	9015.244572386146	1.242720510584321	0.4109042110236834	-0.3686342473779806	0.4052490685512927	0.013014096991200423	0.03622089367958784	0.9507650093292117	0.04103045242847918	0.3377399070130299	0.621229640558491	0.04103045242847918	0.9507650093292117	0.0	reverted	partial	partial	reverted	partial	persistent		0.0	0.0	0.0	0.013014096991200423	0.03622089367958784	0.0
CAACTAACATGCTCCG-1	Tumor	E15S	Tumor Proliferating	1	8984.160818010569	0.7956043559828534	0.6192179563613347	0.3677380194973957	0.14849777007317483	0.04259283321267876	0.008030428158160708	0.9493767386291604	0.012082901841881205	0.22209988056630772	0.765817217591811	0.012082901841881205	0.9493767386291605	0.0	reverted	partial	partial	reverted	partial	persistent		0.0	0.0	0.0	0.04259283321267877	0.00803042815816071	0.0
CAAGATGGTCATTACA-1	Tumor	E15S	Tumor Proliferating	1	9104.592579901218	0.39587269587989055	0.7760828169021329	-0.10148717867576477	0.2941927751777676	0.013884112404912071	0.018426522102713772	0.9676893654923742	0.004394347279311782	0.14279468480448732	0.8528109679162008	0.004394347279311782	0.0	0.9815734778972862	reverted	reverted	reverted	reverted	reverted	persistent		0.0	0.0	0.0	0.0	0.0	0.018426522102713772
CAAGCAAGTAAGTTCC-1	Tumor	E15S	Tumor	1	8498.535371646285	3.329117225177743	0.013254241207277353	-0.20079515336468828	0.20482024776176438	0.01016560028580316	0.021178172412972433	0.9686562273012245	0.9798038572862298	0.018689078503856347	0.001507064209913852	0.9798038572862298	0.0	0.0	persistent	persistent	persistent	persistent	persistent	persistent		0.9686562273012245	0.01016560028580316	0.021178172412972433	0.0	0.0	0.0
CAAGCGAAGGCAATCC-1	Tumor	E15S	Tumor	1	7807.541239261627	0.1490258470681593	0.8468753966838849	-0.0626246429893755	0.29897776016002753	0.014878856306031257	0.017141585794144612	0.9679795578998243	0.0024807957905745148	0.10685799301242997	0.8906612111969955	0.0024807957905745148	0.0	0.9828584142058553	reverted	reverted	reverted	reverted	reverted	persistent		0.0	0.0	0.0	0.0	0.0	0.01714158579414461
CAAGCGCCAGGATCTG-1	Tumor	E15S	Tumor Proliferating	1	8960.886105060577	0.11431382549182319	0.8552043137498065	0.33533289092478297	0.15254341286232603	0.03688084536692123	0.00804005710188581	0.9550790975311928	0.0022974167811958142	0.10251935253461925	0.8951832306841849	0.0022974167811958142	0.0	0.9919599428981142	reverted	reverted	reverted	reverted	reverted	persistent		0.0	0.0	0.0	0.0	0.0	0.008040057101885812
CAAGCGCCATTACCGC-1	Tumor	E15S	Tumor	1	8602.711044490337	0.49609235807488045	0.7413988673084237	-0.15483886091136342	0.33986461547173014	0.014207880020163259	0.021982103797388804	0.9638100161824478	0.005610360215061585	0.1601359455978094	0.834253694187129	0.005610360215061585	0.0	0.9780178962026111	reverted	reverted	reverted	reverted	reverted	reverted		0.0	0.0	0.0	0.0	0.0	0.021982103797388807
CAAGCGGGTGACGACG-1	Tumor	E15S	Tumor	1	8370.532840967178	2.0326947427114046	0.13519685671249393	-0.2728014688999171	0.28661855266717434	0.011157123174989429	0.02773869469817301	0.9611041821268376	0.3273485636666048	0.4244989722125416	0.24815246412085357	0.3273485636666048	0.0	0.0	partial	persistent	persistent	partial	persistent	persistent		0.9611041821268376	0.011157123174989429	0.02773869469817301	0.0	0.0	0.0
CAAGCTATCTGGGAAG-1	Tumor	E15S	Tumor	1	8867.764646604657	2.6243920749533154	0.048524598244272736	0.332376596127866	0.09900771180951803	0.03728615139909647	0.007740575350825596	0.9549732732500777	0.780319344907256	0.17710956345663972	0.04257109163610422	0.780319344907256	0.0	0.0	persistent	persistent	persistent	persistent	persistent	persistent		0.9549732732500779	0.037286151399096475	0.007740575350825597	0.0	0.0	0.0
CAAGCTCAGTAACCTG-1	Tumor	E15S	Tumor	1	8501.059780836105	0.6726606881783292	0.67238263671568	-0.15194702301780036	0.3665533654033975	0.015065786164056997	0.022583292512732337	0.9623509213232108	0.008763521400487858	0.19482393446835947	0.7964125441311526	0.008763521400487858	0.9623509213232108	0.0	reverted	partial	partial	reverted	partial	persistent		0.0	0.0	0.0	0.015065786164056997	0.022583292512732337	0.0
CAAGCTGCAACTCGTC-1	Tumor	E15S	Tumor	1	8628.201070696115	2.567668025784618	0.0537300355527517	-0.008320331415665454	0.1798400683074294	0.012926798769550706	0.01232874106137356	0.9747444601690757	0.7445626708272588	0.20240104780058996	0.053036281372151224	0.7445626708272588	0.0	0.0	persistent	persistent	persistent	persistent	persistent	persistent		0.9747444601690757	0.012926798769550706	0.01232874106137356	0.0	0.0	0.0
CAAGGCAAGCCGCGTA-1	Tumor	E15S	Tumor	1	5284.988359808922	1.214219116601886	0.4240251554695016	-0.006235270975685832	0.268871228496734	0.015421007264506362	0.01453943627816027	0.9700395564573335	0.03789116303644476	0.3300102970530247	0.6320985399105304	0.03789116303644476	0.9700395564573333	0.0	reverted	partial	partial	reverted	partial	persistent		0.0	0.0	0.0	0.015421007264506358	0.014539436278160267	0.0
CAAGGCAAGGATGCCT-1	Tumor	E15S	Tumor Proliferating	1	8937.622775934637	0.686445363292144	0.666608344170829	0.25885625889198366	0.16474716911692475	0.02721002365050235	0.008348285606878387	0.9644416907426192	0.009081126903069767	0.19775627863643438	0.793162594460496	0.009081126903069767	0.9644416907426192	0.0	reverted	partial	partial	reverted	partial	persistent		0.0	0.0	0.0	0.02721002365050235	0.008348285606878387	0.0
CAAGGCAAGTACGGCT-1	Tumor	E15S	Tumor	1	8453.441672474146	2.1280010781844605	0.11545430318146886	-0.2357426439898465	0.3193340079551318	0.012378208985836466	0.025783957576418166	0.9618378334377454	0.39882511489192196	0.39879104657126	0.20238383853681796	0.39882511489192196	0.0	0.0	persistent	persistent	persistent	persistent	persistent	reverted		0.9618378334377454	0.012378208985836466	0.025783957576418166	0.0	0.0	0.0
CAAGGGATCCACCGCT-1	Tumor	E15S	Tumor	1	6600.567707061768	-0.3688043872023709	0.9364716469016817	-0.27289114340539333	0.3990310606349049	0.01404065056517921	0.029583992933276407	0.9563753565015445	0.0008715890103891914	0.05699829596186455	0.9421301150277462	0.0008715890103891914	0.0	0.9704160070667235	reverted	reverted	reverted	reverted	reverted	persistent		0.0	0.0	0.0	0.0	0.0	0.0295839929332764
CAAGGGGCAGGCATTG-1	Tumor	E15S	Tumor	1	8912.214170575142	1.0605721816139593	0.4961515260492014	0.024088288641318144	0.2478842989125361	0.015703278097349022	0.013184624871565166	0.9711120970310859	0.024738119866450206	0.28851848381493794	0.6867433963186119	0.024738119866450206	0.9711120970310859	0.0	reverted	partial	partial	reverted	partial	persistent		0.0	0.0	0.0	0.015703278097349022	0.013184624871565166	0.0
CAAGGTGAGGAATCAA-1	Tumor	E15S	Tumor Proliferating	1	9018.132822602987	1.2486488382202294	0.40819023760533324	0.3828555242397967	0.13003456908510758	0.046426686050183054	0.007985480499826796	0.9455878334499901	0.04171592748907099	0.3393440658706535	0.6189400066402755	0.04171592748907099	0.9455878334499902	0.0	reverted	partial	partial	reverted	partial	persistent		0.0	0.0	0.0	0.04642668605018306	0.007985480499826798	0.0
CAAGTAAAGCTTACGA-1	Tumor	E15S	Tumor	1	7437.252165794373	0.7783387943558627	0.6268943744033459	0.13567699428082247	0.17330389594102602	0.018257499959529102	0.00949918450043759	0.9722433155400334	0.011544390224504491	0.21811908891116313	0.7703365208643324	0.011544390224504491	0.9722433155400334	0.0	reverted	partial	partial	reverted	partial	persistent		0.0	0.0	0.0	0.018257499959529102	0.00949918450043759	0.0
CAAGTAAAGGGGTTAG-1	Tumor	E15S	Tumor	1	8759.823686093092	1.9924920753067943	0.14434509436978057	0.1989368570493482	0.14623380189124016	0.02172277773719788	0.008467991907867822	0.9698092303549342	0.299470906232188	0.4323232406992666	0.26820585306854544	0.299470906232188	0.0	0.0	partial	persistent	persistent	partial	persistent	persistent		0.9698092303549343	0.021722777737197885	0.008467991907867824	0.0	0.0	0.0
CAAGTCATCCATCGTT-1	Tumor	E15S	Tumor	1	7535.338871002197	0.38140118321922484	0.7808077471491308	-0.3727200537937857	0.3595256048356132	0.011860615533267836	0.03658470511609908	0.951554679350633	0.00424441116726014	0.14042724418740926	0.8553283446453308	0.00424441116726014	0.0	0.9634152948839009	reverted	reverted	reverted	reverted	reverted	persistent		0.0	0.0	0.0	0.0	0.0	0.036584705116099084
CAAGTGAGTTTCGTCC-1	Tumor	E15S	Tumor Proliferating	1	8984.626354247332	0.6386087326381134	0.686422492616819	0.508724096224611	0.11407740168252474	0.09175463177060275	0.00884317168510325	0.899402196544294	0.00802950500828097	0.18771899452411442	0.8042515004676045	0.00802950500828097	0.899402196544294	0.0	reverted	partial	partial	reverted	partial	persistent		0.0	0.0	0.0	0.09175463177060275	0.00884317168510325	0.0
CAATCCGGTCATGATC-1	Tumor	E15S	Tumor	1	8808.546017050743	-0.10343683608426273	0.8991895484403365	0.20455429127578487	0.19041982595905615	0.022941390509750192	0.009074055167007187	0.9679845543232426	0.001449850859390755	0.07883319242516765	0.9197169567154415	0.001449850859390755	0.0	0.9909259448329928	reverted	reverted	reverted	reverted	reverted	persistent		0.0	0.0	0.0	0.0	0.0	0.009074055167007187
CAATCCTTCCGTTGGG-1	Tumor	E15S	Tumor	1	8243.824450433254	1.4281807710850443	0.3293043314169607	0.22464098877202812	0.18816879887846433	0.024442111224283025	0.008876700261732042	0.966681188513985	0.06892007781223905	0.3861464786356537	0.5449334435521073	0.06892007781223905	0.966681188513985	0.0	reverted	partial	partial	reverted	partial	persistent		0.0	0.0	0.0	0.024442111224283025	0.008876700261732042	0.0
CAATGCATCTGGGATC-1	Tumor	E15S	Tumor	1	8245.568798065186	0.9300648253408865	0.5576613380610965	0.1746521079780401	0.20573550451317954	0.021263288322984263	0.009638217673544353	0.9690984940034714	0.017318210721281965	0.2546619421628199	0.7280198471158981	0.017318210721281965	0.9690984940034714	0.0	reverted	partial	partial	reverted	partial	persistent		0.0	0.0	0.0	0.021263288322984263	0.009638217673544353	0.0
CAATGGCTCGCGACAT-1	Tumor	E15S	Tumor	1	8290.33117222786	0.7094121243665032	0.6568764067478668	0.06773654060692283	0.23240546930724382	0.016766979464544113	0.011837320633567143	0.9713956999018887	0.009638352470262486	0.2027133538986281	0.7876482936311096	0.009638352470262486	0.9713956999018888	0.0	reverted	partial	partial	reverted	partial	persistent		0.0	0.0	0.0	0.016766979464544116	0.011837320633567145	0.0
CAATGGTCAGGGACGA-1	Tumor	E15S	Tumor	1	6302.017417669296	0.423667334803286	0.7668060687863856	0.021597661633353173	0.17959871058397953	0.01377014617469299	0.011588588987561255	0.9746412648377456	0.00469922333487363	0.14743741489891943	0.8478633617662069	0.00469922333487363	0.0	0.9884114110124388	reverted	reverted	reverted	reverted	reverted	persistent		0.0	0.0	0.0	0.0	0.0	0.011588588987561257
CAATGGTCATGCGTTC-1	Tumor	E15S	Tumor Proliferating	1	9071.921623714268	0.6336247789704574	0.688449845921272	-0.3192934157627911	0.4236782064363174	0.014099337746002086	0.03283098131096424	0.9530696809430337	0.007927807399283617	0.18669571870204352	0.805376473898673	0.007927807399283617	0.9530696809430337	0.0	reverted	partial	partial	reverted	partial	persistent		0.0	0.0	0.0	0.014099337746002086	0.03283098131096424	0.0
CAATTAGCAGGGCCAT-1	Tumor	E15S	Tumor Proliferating	1	8941.635771080852	1.243646433738274	0.41047996379866114	0.08240758661883435	0.19924532164408268	0.01642631344491149	0.010800388869290327	0.9727732976857981	0.041136756968132356	0.33799055638207703	0.6208726866497906	0.041136756968132356	0.9727732976857982	0.0	reverted	partial	partial	reverted	partial	persistent		0.0	0.0	0.0	0.016426313444911494	0.010800388869290328	0.0
CAATTGGTCATGCCTT-1	Tumor	E15S	Tumor	1	8841.009029090405	0.5465730962383281	0.7226579049447568	-0.1710590791002349	0.33345496421452364	0.013735771065445861	0.022572609855352702	0.9636916190792013	0.0063608156228182845	0.16950928157124098	0.8241299028059408	0.0063608156228182845	0.0	0.9774273901446473	reverted	reverted	reverted	reverted	reverted	persistent		0.0	0.0	0.0	0.0	0.0	0.022572609855352706
CAATTTCCAATCCCGT-1	Tumor	E15S	Tumor Proliferating	1	8923.07245016098	-0.4017044900552464	0.9400779265499123	0.27783242860267077	0.1898757947404328	0.02937183029811893	0.008576043581012294	0.9620521261208689	0.0008216798444977424	0.05474218881482957	0.9444361313406727	0.0008216798444977424	0.0	0.9914239564189876	reverted	reverted	reverted	reverted	reverted	persistent		0.0	0.0	0.0	0.0	0.0	0.008576043581012292
CAATTTCCACTAGGCA-1	Tumor	E15S	Tumor	1	8255.418724745512	1.7928124906089338	0.19755656510089273	0.14019481860674385	0.13462590026789517	0.01768942158564846	0.008834382183952048	0.9734761962303995	0.18477004480113274	0.44499388681882424	0.37023606838004297	0.18477004480113274	0.0	0.0	partial	persistent	persistent	partial	persistent	persistent		0.9734761962303995	0.01768942158564846	0.008834382183952048	0.0	0.0	0.0
CACAACATCGATAGCC-1	Tumor	E15S	Tumor	1	8249.393430501223	1.3537576637688333	0.36113556022245347	-0.5797583401648659	0.5553947894322763	0.014654115882181292	0.05096090643449755	0.9343849776833211	0.0559786835647448	0.367321541876981	0.5766997745582741	0.0559786835647448	0.9343849776833212	0.0	reverted	partial	partial	reverted	partial	reverted		0.0	0.0	0.0	0.014654115882181294	0.050960906434497556	0.0
CACAATTAGATTCACG-1	Tumor	E15S	Tumor	1	8257.314945340157	0.09308804226345854	0.8601095742070769	-0.16409243057444356	0.3724223745653524	0.015017289066872242	0.02328336000957027	0.9616993509235574	0.0021930227203980973	0.09994689632068957	0.8978600809589123	0.0021930227203980973	0.0	0.9767166399904297	reverted	reverted	reverted	reverted	reverted	persistent		0.0	0.0	0.0	0.0	0.0	0.02328336000957027
CACACAGCAGGTAGCC-1	Tumor	E15S	Tumor	1	8315.567771673203	1.9899511556562783	0.1449402353999185	-0.21077563694318427	0.29549646759558373	0.01209567124474835	0.023752167950062995	0.9641521608051887	0.2977595621652676	0.43275634887659853	0.26948408895813386	0.2977595621652676	0.0	0.0	partial	persistent	persistent	partial	persistent	persistent		0.9641521608051887	0.01209567124474835	0.023752167950062995	0.0	0.0	0.0
CACACCCTCTAATCGG-1	Tumor	E15S	Tumor	1	9015.143341556191	2.0613614773530804	0.128976305244864	-0.32058955447142146	0.3392841473864176	0.011892036074380512	0.03208696072095375	0.9560210032046658	0.34810286012592895	0.4178092606298119	0.23408787924425908	0.34810286012592895	0.0	0.0	partial	persistent	persistent	partial	persistent	persistent		0.9560210032046658	0.011892036074380512	0.03208696072095375	0.0	0.0	0.0
CACACCCTCTAGTCTC-1	Tumor	E15S	Tumor	1	8933.997744321823	0.359297808207436	0.7878852063601548	0.4396239035058976	0.13145098238833092	0.06128808146704588	0.00823790847685796	0.9304740100560961	0.004026341301795055	0.13687648344174183	0.859097175256463	0.004026341301795055	0.0	0.991762091523142	reverted	reverted	reverted	reverted	reverted	persistent		0.0	0.0	0.0	0.0	0.0	0.00823790847685796
CACACCCTCTATCAGG-1	Tumor	E15S	Tumor Proliferating	1	9032.144845962524	0.8705030512079183	0.5852675689712561	-0.22880765911888692	0.366487567626269	0.013760569348475854	0.02639001628126792	0.9598494143702562	0.014750463774208418	0.23990941371686572	0.7453401225089258	0.014750463774208418	0.9598494143702562	0.0	reverted	partial	partial	reverted	partial	persistent		0.0	0.0	0.0	0.013760569348475854	0.02639001628126792	0.0
CACATAGTCTGGGAAG-1	Tumor	E15S	Tumor Proliferating	1	8856.036560297012	-0.029245479685392314	0.8857247579994171	-0.04694859369959638	0.31711500777068036	0.015823969242843714	0.017157585115984742	0.9670184456411715	0.001688912571665258	0.08625447601956907	0.9120566114087656	0.001688912571665258	0.0	0.9828424148840152	reverted	reverted	reverted	reverted	reverted	persistent		0.0	0.0	0.0	0.0	0.0	0.017157585115984746
CACCAACAGATAGCTT-1	Tumor	E15S	Tumor Proliferating	1	8942.436569452286	0.8379562761431535	0.6001407379376712	-0.013974247128110972	0.26242106721057035	0.015011291269158171	0.01457527510052407	0.9704134336303177	0.013521194038307675	0.2320646202353216	0.7544141857263708	0.013521194038307675	0.9704134336303177	0.0	reverted	partial	partial	reverted	partial	persistent		0.0	0.0	0.0	0.015011291269158171	0.01457527510052407	0.0
CACCAACAGTCATCGA-1	Tumor	E15S	Tumor	1	6444.980929493904	0.9816451226651434	0.5334566130280977	-0.397628856377406	0.46323370610036935	0.014207020175330291	0.038403639669142974	0.9473893401555267	0.019924264990078332	0.2678165678869474	0.7122591671229742	0.019924264990078332	0.9473893401555268	0.0	reverted	partial	partial	reverted	partial	persistent		0.0	0.0	0.0	0.014207020175330293	0.03840363966914298	0.0
CACCACCTCAGTACCA-1	Tumor	E15S	Tumor	1	8795.056450843811	1.231015361708941	0.41627860403937783	0.23840375101015857	0.15971096745755994	0.02519757735518857	0.008389971773071436	0.9664124508717401	0.03971038260866663	0.3345684330747429	0.6257211843165904	0.03971038260866663	0.9664124508717401	0.0	reverted	partial	partial	reverted	partial	persistent		0.0	0.0	0.0	0.02519757735518857	0.008389971773071436	0.0
CACCAGACACTTGATT-1	Tumor	E15S	Tumor	1	7763.384976029396	-0.00387519263568525	0.8807725591072408	0.047373120255822264	0.2509196720988495	0.016569135289418845	0.01272932398869126	0.97070154072189	0.0017811976993315519	0.08894065366344511	0.9092781486372233	0.0017811976993315519	0.0	0.9872706760113088	reverted	reverted	reverted	reverted	reverted	persistent		0.0	0.0	0.0	0.0	0.0	0.01272932398869126
CACCAGTAGTGCCTGG-1	Tumor	E15S	Tumor	1	8320.993041485548	1.243756147835693	0.4104297028848996	-0.38607560088037396	0.3995935514061844	0.012687447176619944	0.037635166307558275	0.9496773865158218	0.04114937165469331	0.33802025380651585	0.6208303745387908	0.04114937165469331	0.9496773865158218	0.0	reverted	partial	partial	reverted	partial	persistent		0.0	0.0	0.0	0.012687447176619944	0.037635166307558275	0.0
CACCATCCATGCTCAC-1	Tumor	E15S	Tumor	1	9010.976284012198	0.28624034495210265	0.8100805540173808	0.362212426011194	0.1484402019163232	0.041556236277200204	0.008023322289058452	0.9504204414337414	0.003390451383407509	0.12569028773265778	0.8709192608839347	0.003390451383407509	0.0	0.9919766777109416	reverted	reverted	reverted	reverted	reverted	persistent		0.0	0.0	0.0	0.0	0.0	0.008023322289058452
CACCATTTCTTGATCC-1	Tumor	E15S	Tumor	1	5279.066404342651	1.1229966365147512	0.4666562656465942	0.03824022979060857	0.263986582518762	0.016650214387663176	0.013282189870287259	0.9700675957420497	0.02939704291629481	0.3052610236128037	0.6653419334709015	0.02939704291629481	0.9700675957420495	0.0	reverted	partial	partial	reverted	partial	persistent		0.0	0.0	0.0	0.016650214387663172	0.013282189870287255	0.0
CACCCATCATCACTTG-1	Tumor	E15S	Tumor	1	8762.375557124615	4.207692573264722	0.0025391804037638646	0.14610878047849873	0.11298197980560236	0.017648179531176738	0.008496452300754239	0.9738553681680691	0.9995182165867951	0.00047250797123530095	9.275441969618242e-06	0.9995182165867951	0.0	0.0	persistent	persistent	persistent	persistent	persistent	persistent		0.9738553681680691	0.017648179531176738	0.008496452300754239	0.0	0.0	0.0
CACCCTGCAAGTAGTC-1	Tumor	E15S	Tumor	1	8814.900150410831	0.7880766439013528	0.6225724264063441	0.26768978358496404	0.18557094500364527	0.028293538133229067	0.008569440639777132	0.9631370212269939	0.01184487004712415	0.22035838088059753	0.7677967490722784	0.01184487004712415	0.9631370212269939	0.0	reverted	partial	partial	reverted	partial	persistent		0.0	0.0	0.0	0.028293538133229067	0.008569440639777132	0.0
CACCCTTGTAACGGGT-1	Tumor	E15S	Tumor	1	8910.689850211143	2.1313197676293734	0.11481422491922699	0.013609180772166843	0.1896219222347327	0.013778890356511342	0.011997365770962339	0.9742237438725263	0.40143058588679553	0.3977219601017439	0.20084745401146056	0.40143058588679553	0.0	0.0	persistent	persistent	persistent	persistent	persistent	persistent		0.9742237438725263	0.013778890356511342	0.011997365770962339	0.0	0.0	0.0
CACCCTTGTGACTCCA-1	Tumor	E15S	Hypoxic Tumor	1	8974.462965011597	0.2603270890671396	0.8175135286888339	-1.503762956060843	1.0742470105770252	0.01919611350981504	0.07503641507254903	0.9057674714176358	0.0031928340475237027	0.12192079893780651	0.8748863670146699	0.0031928340475237027	0.0	0.924963584927451	reverted	reverted	reverted	reverted	reverted	reverted		0.0	0.0	0.0	0.0	0.0	0.07503641507254905
CACCCTTGTTATCGCG-1	Tumor	E15S	Tumor	1	8833.958072185516	0.5397399190542519	0.7252431490475952	0.15583866873750848	0.20497204427363624	0.02012662968422131	0.00984146697404174	0.970031903341737	0.006253042743715515	0.1682151218487779	0.8255318354075066	0.006253042743715515	0.0	0.9901585330259582	reverted	reverted	reverted	reverted	reverted	persistent		0.0	0.0	0.0	0.0	0.0	0.00984146697404174
CACCGCAAGCCCGTGA-1	Tumor	E15S	Tumor Proliferating	1	8903.455392330885	0.7131344271695476	0.6552863595819141	0.1368339849606637	0.20574259915992085	0.019110875686892053	0.010100230556054463	0.9707888937570535	0.009732099033404697	0.2035251393023122	0.786742761664283	0.009732099033404697	0.9707888937570535	0.0	reverted	partial	partial	reverted	partial	persistent		0.0	0.0	0.0	0.019110875686892053	0.010100230556054463	0.0
CACCGCTTCCCAATGA-1	Tumor	E15S	Tumor Proliferating	1	8929.179243564606	0.32172847857010617	0.7995283653202041	-0.045471468487607525	0.31402168330815583	0.015764120912741174	0.017018298267068754	0.9672175808201902	0.00368396592211846	0.13101974108615555	0.8652962929917262	0.00368396592211846	0.0	0.9829817017329313	reverted	reverted	reverted	reverted	reverted	persistent		0.0	0.0	0.0	0.0	0.0	0.017018298267068754
CACCGCTTCTGTAAGT-1	Tumor	E15S	Tumor	1	7798.041035413742	0.7797096545670943	0.6262871522155702	0.16476397291149789	0.22804543010990075	0.021222284966642257	0.010198221285804094	0.9685794937475536	0.011586191094678667	0.21843340287639998	0.7699804060289214	0.011586191094678667	0.9685794937475537	0.0	reverted	partial	partial	reverted	partial	persistent		0.0	0.0	0.0	0.02122228496664226	0.010198221285804096	0.0
CACCGTAGTGCATCCA-1	Tumor	E15S	Tumor	1	8870.425779342651	2.056130254030777	0.13009297258079297	0.09891332335116126	0.175307152349359	0.016520847996185518	0.010043285355575181	0.9734358666482392	0.344263884893745	0.4190983746771513	0.23663774042910374	0.344263884893745	0.0	0.0	partial	persistent	persistent	partial	persistent	persistent		0.9734358666482393	0.01652084799618552	0.010043285355575183	0.0	0.0	0.0
CACCGTTCATTAATCC-1	Tumor	E15S	Tumor	1	9054.400836646557	0.25875043533191144	0.8179584013457709	0.07339065724969576	0.26086997254260735	0.017826470559222984	0.012444109078564768	0.9697294203622121	0.003181238985912625	0.12169473076521979	0.8751240302488675	0.003181238985912625	0.0	0.9875558909214353	reverted	reverted	reverted	reverted	reverted	persistent		0.0	0.0	0.0	0.0	0.0	0.012444109078564771
CACCTCATCATGAACT-1	Tumor	E15S	Tumor	1	8545.227396130562	2.768211265374125	0.037391097098123764	-0.03531519674656594	0.21449744073988378	0.013115855767199067	0.013922826195258704	0.9729613180375423	0.8552700186023975	0.12132471462100357	0.023405266776599015	0.8552700186023975	0.0	0.0	persistent	persistent	persistent	persistent	persistent	reverted		0.9729613180375423	0.013115855767199067	0.013922826195258704	0.0	0.0	0.0
CACCTCATCCGGAGTT-1	Tumor	E15S	Tumor	1	7800.011727333069	2.201111215571216	0.10205398861973579	-0.35667300605203667	0.20546319523349615	0.009237077848917545	0.03622078610774389	0.9545421360433387	0.4575582662685313	0.3727819438351521	0.16965978989631653	0.4575582662685313	0.0	0.0	persistent	persistent	persistent	persistent	persistent	persistent		0.9545421360433385	0.009237077848917544	0.03622078610774388	0.0	0.0	0.0
CACCTCGCATCCTCAA-1	Tumor	E15S	Tumor Proliferating	1	8983.456482112408	0.20962582188408624	0.8313992481027777	-0.09566080449035047	0.33627331675031236	0.015278288838359117	0.019424525744581256	0.9652971854170598	0.002842901022890755	0.11483636314068535	0.8823207358364238	0.002842901022890755	0.0	0.9805754742554187	reverted	reverted	reverted	reverted	reverted	persistent		0.0	0.0	0.0	0.0	0.0	0.019424525744581252
CACGAAAGTGGACCTC-1	Tumor	E15S	Tumor	1	8050.390414357185	1.3738385841856386	0.35241168605755874	0.01859642543485824	0.20924646602775657	0.014439537429654958	0.012337321166853668	0.9732231414034915	0.05921326001511799	0.3725084655935813	0.5682782743913007	0.05921326001511799	0.9732231414034913	0.0	reverted	partial	partial	reverted	partial	persistent		0.0	0.0	0.0	0.014439537429654955	0.012337321166853665	0.0
CACGAGGGTTATGTCA-1	Tumor	E15S	Tumor Proliferating	1	9079.12499088049	-0.15884414652820267	0.9083078240491319	-0.09191772891834321	0.33895158844192746	0.015444179452685888	0.01936339874532872	0.9651924218019855	0.0012974297952226546	0.07369255520042578	0.9250100150043516	0.0012974297952226546	0.0	0.9806366012546713	reverted	reverted	reverted	reverted	reverted	persistent		0.0	0.0	0.0	0.0	0.0	0.01936339874532872
CACGCCAAGTAGTGCC-1	Tumor	E15S	Tumor	1	8355.22286516428	0.29097304160423	0.8086982704788899	-0.1615081108415436	0.37161611850431375	0.015040633221520418	0.023145248094350427	0.9618141186841292	0.003428022089296413	0.12638978724257074	0.8701821906681328	0.003428022089296413	0.0	0.9768547519056496	reverted	reverted	reverted	reverted	reverted	reverted		0.0	0.0	0.0	0.0	0.0	0.023145248094350427
CACGGTTAGCTATGGC-1	Tumor	E15S	Tumor	1	8754.160692818463	0.22772297179203263	0.8265421037823493	0.15127843079192715	0.22720157278342742	0.020442234260599053	0.010354002853099785	0.9692037628863012	0.0029625276862773704	0.11732145849784398	0.8797160138158785	0.0029625276862773704	0.0	0.9896459971469003	reverted	reverted	reverted	reverted	reverted	persistent		0.0	0.0	0.0	0.0	0.0	0.010354002853099785
CACGTTGGTTAGAGTG-1	Tumor	E15S	Tumor	1	8972.570394411683	0.4685972777503861	0.7512526486370585	0.0015192833945343598	0.25073441573823185	0.015102437658518321	0.013830514889968816	0.9710670474515127	0.005243182277061202	0.15521193715316053	0.8395448805697782	0.005243182277061202	0.0	0.9861694851100312	reverted	reverted	reverted	reverted	reverted	persistent		0.0	0.0	0.0	0.0	0.0	0.013830514889968818
CACGTTGGTTAGGTGA-1	Tumor	E15S	Tumor Proliferating	1	8858.161220431328	0.1168197575419036	0.8546158605498126	0.43105942056458457	0.13033312514362158	0.058794999694823	0.008190580556398644	0.9330144197487785	0.0023101177838449763	0.10282705798680633	0.8948628242293486	0.0023101177838449763	0.0	0.9918094194436013	reverted	reverted	reverted	reverted	reverted	persistent		0.0	0.0	0.0	0.0	0.0	0.008190580556398642
CACGTTGGTTCATCGG-1	Tumor	E15S	Tumor	1	8602.760688617826	0.5708722165622673	0.7133442851931447	-0.47282655115418637	0.4980666278999177	0.014283026830201427	0.043782154034133394	0.9419348191356652	0.006760931185426558	0.1741759992390417	0.8190630695755319	0.006760931185426558	0.0	0.9562178459658667	reverted	reverted	reverted	reverted	reverted	persistent		0.0	0.0	0.0	0.0	0.0	0.043782154034133394
CACGTTGGTTCCTGAG-1	Tumor	E15S	Tumor	1	8548.178215831518	0.6552758653408219	0.6795911081712552	-0.46915764782141595	0.48533399628702517	0.01399212493442906	0.04368838815164793	0.9423194869139231	0.00838005541280547	0.19117185709274714	0.8004480874944475	0.00838005541280547	0.9423194869139231	0.0	reverted	partial	partial	reverted	partial	persistent		0.0	0.0	0.0	0.01399212493442906	0.04368838815164793	0.0
CACTACAAGGAACCCT-1	Tumor	E15S	Tumor Proliferating	1	9023.985137432814	0.20960823568818707	0.8314039149301641	-0.1110827752405221	0.3156912715729703	0.01432538898331871	0.019425307631029703	0.9662493033856516	0.0028427874901994638	0.11483397147314249	0.8823232410366582	0.0028427874901994638	0.0	0.9805746923689703	reverted	reverted	reverted	reverted	reverted	persistent		0.0	0.0	0.0	0.0	0.0	0.019425307631029703
CACTACCCATCCTACA-1	Tumor	E15S	Tumor	1	8481.905174583197	1.0043208654758824	0.5227587860357731	-0.23789854466196556	0.4110499202104627	0.01491383954445323	0.02784264344429864	0.9572435170112481	0.021197617317812348	0.2736992710435566	0.705103111638631	0.021197617317812348	0.9572435170112481	0.0	reverted	partial	partial	reverted	partial	persistent		0.0	0.0	0.0	0.01491383954445323	0.02784264344429864	0.0
CACTGGACATAAGCGT-1	Tumor	E15S	Tumor Proliferating	1	8799.445916518569	-0.1489526675920545	0.9067362579892485	-0.141982219676458	0.37029286532561506	0.015373601314652237	0.022256852950761106	0.9623695457345868	0.0013231706737230485	0.07458605904264924	0.9240907702836277	0.0013231706737230485	0.0	0.9777431470492388	reverted	reverted	reverted	reverted	reverted	persistent		0.0	0.0	0.0	0.0	0.0	0.022256852950761102
CACTGGGTCACGGATC-1	Tumor	E15S	Tumor Proliferating	1	8306.411956012249	1.4755500504391872	0.30980942835015035	0.23480164439988396	0.13751200114490586	0.02460361788962294	0.008149724346451405	0.9672466577639256	0.07863641138876314	0.3974266420626324	0.5239369465486046	0.07863641138876314	0.9672466577639256	0.0	reverted	partial	partial	reverted	partial	persistent		0.0	0.0	0.0	0.02460361788962294	0.008149724346451405	0.0
CACTTCACAAATGGAG-1	Tumor	E15S	Tumor	1	8954.812319941819	1.1973006653721283	0.43186598696456097	0.09605295463701027	0.2039542581015442	0.01712424114121973	0.010671057802435505	0.9722047010563448	0.03614446529049122	0.32541397547757306	0.6384415592319357	0.03614446529049122	0.9722047010563448	0.0	reverted	partial	partial	reverted	partial	persistent		0.0	0.0	0.0	0.01712424114121973	0.010671057802435505	0.0
CAGCAAAGTTCCTTCA-1	Tumor	E15S	Tumor	1	8376.858220547438	1.7421404229864055	0.21320619050980247	0.10937343092328458	0.18009072202759577	0.017111808512739843	0.009978538448489782	0.9729096530387703	0.16206231326500195	0.44196953130244016	0.3959681554325579	0.16206231326500195	0.0	0.0	partial	persistent	persistent	partial	persistent	persistent		0.9729096530387703	0.017111808512739843	0.009978538448489782	0.0	0.0	0.0
CAGCAAAGTTGTAGCT-1	Tumor	E15S	Tumor	1	8953.157825499773	0.09602708624793353	0.8594387584100329	-0.014559568462396533	0.3028281169701929	0.01623616803408307	0.015749233571958045	0.9680145983939589	0.002207144204304285	0.10029949953903294	0.8974933562566628	0.002207144204304285	0.0	0.984250766428042	reverted	reverted	reverted	reverted	reverted	persistent		0.0	0.0	0.0	0.0	0.0	0.015749233571958045
CAGCACTAGGCGTACT-1	Tumor	E15S	Tumor Proliferating	1	8998.639567039907	0.2581442698936792	0.8181292139972572	-0.1052989011589297	0.31090414878922185	0.014300189653972182	0.019057028360662785	0.966642781985365	0.003176793854492128	0.12160791540397123	0.8752152907415368	0.003176793854492128	0.0	0.9809429716393372	reverted	reverted	reverted	reverted	reverted	persistent		0.0	0.0	0.0	0.0	0.0	0.019057028360662785
CAGCACTAGGTGGAGC-1	Tumor	E15S	Tumor	1	8777.505934417248	2.836450318873616	0.033009238116790615	0.28851255987411717	0.11822660979867095	0.030426908026430707	0.007821517425103182	0.9617515745484662	0.8831018692904751	0.09959741799444355	0.01730071271508142	0.8831018692904751	0.0	0.0	persistent	persistent	persistent	persistent	persistent	persistent		0.9617515745484662	0.030426908026430707	0.007821517425103182	0.0	0.0	0.0
CAGCCAACATTCATGT-1	Tumor	E15S	Tumor Proliferating	1	9100.363273322582	-0.211583343290791	0.9162911608074488	-0.4007586130458645	0.5266101176827984	0.015919137945650183	0.03859089704877659	0.9454899650055731	0.0011699933208473925	0.06909997341295768	0.929730033266195	0.0011699933208473925	0.0	0.9614091029512234	reverted	reverted	reverted	reverted	reverted	persistent		0.0	0.0	0.0	0.0	0.0	0.0385908970487766
CAGCCTAGTTAGGGTA-1	Tumor	E15S	Tumor	1	7846.558764696121	0.8511228809193052	0.594144450651696	-1.2138498237231583	0.9903252164041104	0.01946362345308345	0.0674024892094445	0.9131338873374719	0.014004802145843211	0.2352190280756444	0.7507761697785122	0.014004802145843211	0.913133887337472	0.0	reverted	partial	partial	reverted	partial	persistent		0.0	0.0	0.0	0.019463623453083452	0.06740248920944451	0.0
CAGCGAGGTTAAGTGG-1	Tumor	E15S	Tumor	1	8873.833512187004	0.5756421996204221	0.7114941789799563	0.2875876813323895	0.1603410213707363	0.030317058345166417	0.008189291987401535	0.9614936496674321	0.006842676278187936	0.17510395104899718	0.8180533726728149	0.006842676278187936	0.0	0.9918107080125985	reverted	reverted	reverted	reverted	reverted	persistent		0.0	0.0	0.0	0.0	0.0	0.008189291987401535
CAGCGATTCTAGCTCT-1	Tumor	E15S	Tumor	1	8434.062502980232	-0.1827434642236882	0.9120070740632035	0.26492663407932027	0.16080274733465105	0.027798579250656454	0.008275294068053196	0.9639261266812903	0.0012376940213069758	0.07157602267617821	0.9271862833025147	0.0012376940213069758	0.0	0.9917247059319468	reverted	reverted	reverted	reverted	reverted	persistent		0.0	0.0	0.0	0.0	0.0	0.008275294068053198
CAGCGCATCAGGACGA-1	Tumor	E15S	Tumor	1	8448.566338092089	1.1745979791494046	0.4424407130380712	-0.19157330990840976	0.346621608073064	0.013774558403144418	0.023932684251163797	0.9622927573456916	0.03392902589483471	0.3192450238272816	0.6468259502778837	0.03392902589483471	0.9622927573456918	0.0	reverted	partial	partial	reverted	partial	persistent		0.0	0.0	0.0	0.01377455840314442	0.0239326842511638	0.0
CAGCGGTCAAGTAGGA-1	Tumor	E15S	Tumor Proliferating	1	9075.607265621424	0.2732876017771087	0.813824534346537	0.4159695880079991	0.12876174782116837	0.05463923087189986	0.008113086397746022	0.937247682730354	0.003289989234869639	0.12379336122185904	0.8729166495432712	0.003289989234869639	0.0	0.991886913602254	reverted	reverted	reverted	reverted	reverted	persistent		0.0	0.0	0.0	0.0	0.0	0.008113086397746024
CAGCTTGGTGCAACCC-1	Tumor	E15S	Tumor	1	8980.628328867257	1.9708154383592627	0.1494879163428096	0.22567210236893645	0.15033147459336485	0.023944577148218956	0.008345782429036486	0.9677096404227447	0.2850711869928937	0.4357838396255758	0.27914497338153066	0.2850711869928937	0.0	0.0	partial	persistent	persistent	partial	persistent	persistent		0.9677096404227447	0.023944577148218956	0.008345782429036486	0.0	0.0	0.0
CAGGAACGTCAATGTC-1	Tumor	E15S	Tumor	1	8846.112554103136	0.2346030801860618	0.8246667433136136	-0.37580352560830277	0.48967054010899136	0.015205198618993769	0.036954745048059505	0.9478400563329469	0.0030095068901951753	0.11827885618185653	0.8787116369279483	0.0030095068901951753	0.0	0.9630452549519406	reverted	reverted	reverted	reverted	reverted	persistent		0.0	0.0	0.0	0.0	0.0	0.036954745048059505
CAGGAACGTTTACGAC-1	Tumor	E15S	Tumor Proliferating	1	8762.476846441627	1.9663651662589998	0.1505622531559783	-0.14008899591467236	0.2524382590275582	0.012034106665113016	0.018937002112710002	0.9690288912221768	0.28217147639878265	0.43642877198880314	0.2813997516124141	0.28217147639878265	0.0	0.0	partial	persistent	persistent	partial	persistent	persistent		0.969028891222177	0.012034106665113018	0.018937002112710006	0.0	0.0	0.0
CAGGCACCAATGCCAG-1	Tumor	E15S	Tumor	1	8702.72186987102	0.5002390294058545	0.73989091016514	-0.23321840736497199	0.36933324390115757	0.01377527790525555	0.026698961944325462	0.9595257601504189	0.005668166935476294	0.16088961214048064	0.8334422209240432	0.005668166935476294	0.0	0.9733010380556746	reverted	reverted	reverted	reverted	reverted	persistent		0.0	0.0	0.0	0.0	0.0	0.026698961944325465
CAGGCCATCGTACTTC-1	Tumor	E15S	Tumor	1	8151.012836992741	-0.39866416555875883	0.9397528719051275	-0.24704259030757159	0.42797604612732615	0.015270509655962897	0.028671529607627498	0.9560579607364095	0.0008261375194552749	0.05494693409403538	0.9442269283865095	0.0008261375194552749	0.0	0.9713284703923725	reverted	reverted	reverted	reverted	reverted	persistent		0.0	0.0	0.0	0.0	0.0	0.0286715296076275
CAGGCCATCTGGCTCC-1	Tumor	E15S	Tumor Proliferating	1	8992.718832165003	-0.16966131610420923	0.9099991726633577	-0.27474354192606465	0.4442190299932377	0.015319520506986838	0.03046301481516599	0.9542174646778472	0.0012699695866972849	0.07272722028308312	0.9260028101302198	0.0012699695866972849	0.0	0.969536985184834	reverted	reverted	reverted	reverted	reverted	persistent		0.0	0.0	0.0	0.0	0.0	0.03046301481516599
CAGGTCCGTTATGGTC-1	Tumor	E15S	Tumor	1	8747.120036885142	0.4735126018206824	0.7495096559572839	0.21719381171741622	0.17890592071705103	0.023687068636397305	0.008791272995468348	0.9675216583681342	0.005306819194282887	0.1560828833626753	0.8386102974430418	0.005306819194282887	0.0	0.9912087270045317	reverted	reverted	reverted	reverted	reverted	persistent		0.0	0.0	0.0	0.0	0.0	0.00879127299546835
CAGTACGCATGAAGTC-1	Tumor	E15S	Tumor	1	8410.447466492653	1.284123446949635	0.3920720545561795	-0.36629895974260085	0.4041701236239097	0.013012130205521475	0.03603677063805302	0.9509510991564254	0.04606682682273775	0.3489017867547271	0.6050313864225352	0.04606682682273775	0.9509510991564255	0.0	reverted	partial	partial	reverted	partial	persistent		0.0	0.0	0.0	0.013012130205521477	0.03603677063805303	0.0
CAGTAGTCATGGTCCT-1	Tumor	E15S	Tumor	1	8259.059185743332	0.3828971893440412	0.7803226447606274	-0.12104067576271055	0.2913033462890955	0.013418083122306397	0.019142576355873093	0.9674393405218205	0.004259642393684246	0.140670408963661	0.8550699486426546	0.004259642393684246	0.0	0.9808574236441269	reverted	reverted	reverted	reverted	reverted	reverted		0.0	0.0	0.0	0.0	0.0	0.019142576355873093
CAGTATTAGCCCGTCT-1	Tumor	E15S	Tumor	1	8710.666118353605	0.583244286738546	0.7085309810169723	-0.10421023392646614	0.32994142601970844	0.01489918032971789	0.019566348009668787	0.9655344716606132	0.006975205884559146	0.17659091599777335	0.8164338781176677	0.006975205884559146	0.0	0.9804336519903312	reverted	reverted	reverted	reverted	reverted	reverted		0.0	0.0	0.0	0.0	0.0	0.019566348009668787
CAGTTACGTTCGTAGT-1	Tumor	E15S	Tumor	1	6190.858050823212	-0.9503896646118323	0.9779395678876629	0.19993526667628053	0.2451687088639652	0.023824526134271287	0.010141377526060634	0.9660340963396681	0.00035333304217481957	0.027899185507891614	0.9717474814499335	0.00035333304217481957	0.0	0.9898586224739394	reverted	reverted	reverted	reverted	reverted	persistent		0.0	0.0	0.0	0.0	0.0	0.010141377526060634
CAGTTTGAGGATCTCA-1	Tumor	E15S	Tumor Proliferating	1	8944.567923545837	0.3092321462644268	0.8032933928554693	-0.0842215231389509	0.3087371655039197	0.01468344116689325	0.018191506616588325	0.9671250522165185	0.003577453956406202	0.12912083520097462	0.8673017108426191	0.003577453956406202	0.0	0.9818084933834117	reverted	reverted	reverted	reverted	reverted	persistent		0.0	0.0	0.0	0.0	0.0	0.018191506616588325
CAGTTTGAGTACCAAT-1	Tumor	E15S	Tumor Proliferating	1	9018.961825415492	0.15542191772245478	0.8452985630325194	0.27165079917573637	0.17236678929205498	0.028592178663596514	0.008382831163698373	0.9630249901727052	0.002516400066896499	0.10767557002881875	0.8898080299042846	0.002516400066896499	0.0	0.9916171688363017	reverted	reverted	reverted	reverted	reverted	persistent		0.0	0.0	0.0	0.0	0.0	0.008382831163698373
CATAACTAGGGGTCAA-1	Tumor	E15S	Tumor	1	8878.431458622217	-0.08419184735843221	0.8958385521047133	-0.4808703371870832	0.5640692028809038	0.015957512573698387	0.043485583188377246	0.9405569042379244	0.0015077602434954446	0.08069766814206648	0.9177945716144382	0.0015077602434954446	0.0	0.9565144168116227	reverted	reverted	reverted	reverted	reverted	persistent		0.0	0.0	0.0	0.0	0.0	0.043485583188377246
CATAAGCCAGGTTGGC-1	Tumor	E15S	Tumor	1	8017.123698234558	0.2704642071804877	0.8146330368611858	-0.40043715100443755	0.5214977407125756	0.01577933919612438	0.0385685915536245	0.9456520692502512	0.0032685416666396816	0.12338326526510987	0.8733481930682504	0.0032685416666396816	0.0	0.9614314084463754	reverted	reverted	reverted	reverted	reverted	persistent		0.0	0.0	0.0	0.0	0.0	0.03856859155362449
CATAGCCAGAATCGAA-1	Tumor	E15S	Tumor Proliferating	1	8969.127810150385	0.5596013403007287	0.7176875272756568	0.046268008208708654	0.24064599856498115	0.016226684897339284	0.012488068005186502	0.9712852470974742	0.006572004273816082	0.17199883948542413	0.82142915624076	0.006572004273816082	0.0	0.9875119319948135	reverted	reverted	reverted	reverted	reverted	persistent		0.0	0.0	0.0	0.0	0.0	0.012488068005186502
CATAGCGCATCAATTC-1	Tumor	E15S	Tumor	1	8252.205414563417	0.5932543150378011	0.7046020118535015	-0.29019139842849434	0.4223630544865633	0.014458688800130525	0.030999232123825493	0.9545420790760439	0.007154023216117357	0.17856398112424135	0.8142819956596412	0.007154023216117357	0.0	0.9690007678761745	reverted	reverted	reverted	reverted	reverted	reverted		0.0	0.0	0.0	0.0	0.0	0.030999232123825493
CATAGGCTCGATTGCA-1	Tumor	E15S	Tumor	1	7235.311294555664	0.7356850690139725	0.6455800012864696	0.028004053562539204	0.26989736545799825	0.016492511850991296	0.013684950130038625	0.9698225380189699	0.010321531612693806	0.20849276067312342	0.7811857077141828	0.010321531612693806	0.9698225380189701	0.0	reverted	partial	partial	reverted	partial	persistent		0.0	0.0	0.0	0.0164925118509913	0.013684950130038629	0.0
CATAGGGAGGATTGGG-1	Tumor	E15S	Tumor	1	8659.629868656397	1.587242401498416	0.26649850757888177	-0.10967931249759338	0.25801466391551686	0.012707227493029605	0.017744230836744583	0.9695485416702257	0.10700700236587053	0.4208143505705153	0.4721786470636143	0.10700700236587053	0.0	0.0	reverted	persistent	persistent	reverted	persistent	persistent		0.9695485416702257	0.012707227493029605	0.017744230836744583	0.0	0.0	0.0
CATAGGTCAAATCCTT-1	Tumor	E15S	Tumor Proliferating	1	8954.331938266754	0.31818578149955196	0.8006012007623593	0.2265527746407154	0.18758809811599905	0.024587469370871487	0.008853669418532094	0.9665588612105964	0.0036534106841454054	0.13047892994771573	0.8658676593681389	0.0036534106841454054	0.0	0.991146330581468	reverted	reverted	reverted	reverted	reverted	persistent		0.0	0.0	0.0	0.0	0.0	0.008853669418532094
CATATAGCATAGGTCG-1	Tumor	E15S	Tumor Proliferating	1	8869.799764990807	0.27334456057295303	0.813808195770206	-0.3501422721383879	0.4456158747236808	0.014308085237260128	0.03505665449057189	0.9506352602721679	0.0032904235557578054	0.12380164689489624	0.8729079295493459	0.0032904235557578054	0.0	0.9649433455094281	reverted	reverted	reverted	reverted	reverted	persistent		0.0	0.0	0.0	0.0	0.0	0.03505665449057189
CATATCCTCCCCAGAG-1	Tumor	E15S	Hypoxic Tumor	1	9109.368953377008	-0.33207455919951245	0.9322071161492053	-1.1462857429077946	1.0221377214557632	0.02067380336781758	0.06266879226792561	0.9166574043642569	0.0009319119085592038	0.05962509530626038	0.9394429927851803	0.0009319119085592038	0.0	0.9373312077320745	reverted	reverted	reverted	reverted	reverted	reverted		0.0	0.0	0.0	0.0	0.0	0.06266879226792561
CATATGGTCAGCGGTT-1	Tumor	E15S	Tumor	1	7706.466482162476	1.348250361425769	0.3635445151532388	-0.7036381313259604	0.6238671042650168	0.01518555522055803	0.05810950409560711	0.9267049406838348	0.05512264022430902	0.36588748355514966	0.5789898762205412	0.05512264022430902	0.9267049406838348	0.0	reverted	partial	partial	reverted	partial	reverted		0.0	0.0	0.0	0.01518555522055803	0.05810950409560711	0.0
CATATTCCAACTGTGG-1	Tumor	E15S	Tumor Proliferating	1	8980.76289319992	0.8055248380387012	0.6147798371743007	-0.3234761224927276	0.4018054103903971	0.013448808507739949	0.03287948968516798	0.9536717018070922	0.012404458162209258	0.22440874309377012	0.7631867987440206	0.012404458162209258	0.9536717018070922	0.0	reverted	partial	partial	reverted	partial	persistent		0.0	0.0	0.0	0.013448808507739949	0.03287948968516798	0.0
CATATTGGTGAGCCCT-1	Tumor	E15S	Tumor Proliferating	1	8975.918612241745	0.8768887541571889	0.5823301948232822	0.20032482346045496	0.18075492788583333	0.022444319777884126	0.008954286934161119	0.9686013932879549	0.015005321300181913	0.24146701834128595	0.7435276603585321	0.015005321300181913	0.9686013932879547	0.0	reverted	partial	partial	reverted	partial	persistent		0.0	0.0	0.0	0.022444319777884122	0.008954286934161117	0.0
CATCAATAGCCAATGC-1	Tumor	E15S	Tumor Proliferating	1	8872.934041649103	0.6777657332136898	0.6702501358082557	0.07074315455344787	0.2337614320980745	0.016921066805194493	0.01181169535767415	0.9712672378371313	0.008879716002263682	0.1959061412790474	0.7952141427186891	0.008879716002263682	0.9712672378371313	0.0	reverted	partial	partial	reverted	partial	persistent		0.0	0.0	0.0	0.016921066805194493	0.01181169535767415	0.0
CATCCAGGTTGAGTAG-1	Tumor	E15S	Tumor Proliferating	1	8948.153226338327	0.10976055232876977	0.8562684672938705	-0.03212643491224728	0.3044483081881468	0.015809080335584078	0.016317508407553402	0.9678734112568625	0.0022745455108589634	0.10196242376667797	0.8957630307224631	0.0022745455108589634	0.0	0.9836824915924466	reverted	reverted	reverted	reverted	reverted	persistent		0.0	0.0	0.0	0.0	0.0	0.016317508407553402
CATCCCGCAATGAAGG-1	Tumor	E15S	Tumor Proliferating	1	8931.219739377499	0.27789842399904424	0.8124983446363564	-0.10812847163186265	0.3222570517623785	0.014583357327873657	0.019496982490399193	0.9659196601817271	0.0033253589896389364	0.12446568356008879	0.8722089574502722	0.0033253589896389364	0.0	0.9805030175096008	reverted	reverted	reverted	reverted	reverted	persistent		0.0	0.0	0.0	0.0	0.0	0.019496982490399193
CATCCCTGTAAGTCAG-1	Tumor	E15S	Tumor	1	8674.584649801254	0.7768960543576215	0.627533003886838	-0.41854992075981484	0.5108352970568522	0.01525255965614351	0.03974773826210038	0.9449997020817561	0.01150057246452482	0.21778862271756347	0.7707108048179119	0.01150057246452482	0.9449997020817561	0.0	reverted	partial	partial	reverted	partial	persistent		0.0	0.0	0.0	0.01525255965614351	0.03974773826210038	0.0
CATCCCTGTAGCTTAC-1	Tumor	E15S	Tumor	1	8166.855227828026	0.6998325936867111	0.6609522574612123	0.019921088034011936	0.26258964714888866	0.01601177800892131	0.013682055204684719	0.9703061667863939	0.009401554377446133	0.2006349090496275	0.7899635365729263	0.009401554377446133	0.9703061667863939	0.0	reverted	partial	partial	reverted	partial	persistent		0.0	0.0	0.0	0.01601177800892131	0.013682055204684719	0.0
CATCGTCCAGGTTCAG-1	Tumor	E15S	Tumor	1	8786.931218877435	2.2076419959987352	0.10092654784385455	0.022440638090824173	0.21487886829724584	0.014710758287523017	0.01238291401859212	0.9729063276938849	0.462915087809654	0.37022402650375935	0.16686088568658675	0.462915087809654	0.0	0.0	persistent	persistent	persistent	persistent	persistent	persistent		0.9729063276938849	0.014710758287523017	0.01238291401859212	0.0	0.0	0.0
CATCTCACAAGTCGAT-1	Tumor	E15S	Tumor Proliferating	1	9019.738393947482	0.7817397134612256	0.6253872072383784	0.33240967259504983	0.1329470890327032	0.03672616094648301	0.00790767894237989	0.9553661601111371	0.011648391418574568	0.21889941751869618	0.7694521910627293	0.011648391418574568	0.9553661601111371	0.0	reverted	partial	partial	reverted	partial	persistent		0.0	0.0	0.0	0.03672616094648301	0.00790767894237989	0.0
CATCTCACACATTGCC-1	Tumor	E15S	Tumor	1	5132.943698883057	0.331316959627302	0.7966030148895996	-0.09759953057532442	0.39644505671185576	0.01714661093988942	0.02126153185436584	0.9615918572057448	0.003768121064294161	0.1324933321613401	0.8637385467743657	0.003768121064294161	0.0	0.9787384681456343	reverted	reverted	reverted	reverted	reverted	persistent		0.0	0.0	0.0	0.0	0.0	0.02126153185436584
CATCTCACAGTACCTC-1	Tumor	E15S	Tumor	1	8774.911187037826	2.4753378189128274	0.06334253310806601	-0.08993728154791573	0.214835994686966	0.011962134860212855	0.015811324160648864	0.9722265409791383	0.679508335074548	0.2462648108894616	0.0742268540359904	0.679508335074548	0.0	0.0	persistent	persistent	persistent	persistent	persistent	persistent		0.9722265409791383	0.011962134860212855	0.015811324160648864	0.0	0.0	0.0
CATCTTGCAATCCGCT-1	Tumor	E15S	Tumor	1	8301.774436235428	0.12354113089211248	0.8530277171327122	-0.18730224503433446	0.39794864508992284	0.015373675033010311	0.025015160535631277	0.9596111644313583	0.002344587607052749	0.10365658631783956	0.8939988260751078	0.002344587607052749	0.0	0.9749848394643688	reverted	reverted	reverted	reverted	reverted	reverted		0.0	0.0	0.0	0.0	0.0	0.02501516053563128
CATGATTAGGTGGATG-1	Tumor	E15S	Tumor	1	8789.821027949452	1.8805392483184658	0.17254216558589555	0.08249957116738674	0.17773003414406838	0.01588145384865166	0.010353029699089914	0.9737655164522585	0.23015069439597577	0.4445849223008621	0.32526438330316204	0.23015069439597577	0.0	0.0	partial	persistent	persistent	partial	persistent	persistent		0.9737655164522583	0.015881453848651656	0.010353029699089912	0.0	0.0	0.0
CATGCAATCCCCAATT-1	Tumor	E15S	Tumor	1	7142.973750114441	0.47795423539416976	0.7479276576990894	-0.15371411862724343	0.21188597642728632	0.01086946706744191	0.018601947787653093	0.970528585144905	0.005365060711862024	0.1568733812296009	0.837761558058537	0.005365060711862024	0.0	0.981398052212347	reverted	reverted	reverted	reverted	reverted	persistent		0.0	0.0	0.0	0.0	0.0	0.018601947787653093
CATGCGCGTAAGTACG-1	Tumor	E15S	Tumor	1	6212.820262908936	1.1484342372947038	0.4546920194085797	0.06171481162545552	0.2540087072927122	0.017177317142344748	0.012503657812387194	0.9703190250452681	0.031547665767321084	0.3121443581202276	0.6563079761124512	0.031547665767321084	0.9703190250452681	0.0	reverted	partial	partial	reverted	partial	persistent		0.0	0.0	0.0	0.017177317142344748	0.012503657812387194	0.0
CATGGGTTCAATTGCG-1	Tumor	E15S	Tumor	1	8004.146283745766	1.0944675484447133	0.4801196658230407	-0.06586804062193881	0.23890906882191065	0.013069367206854757	0.01555789585708913	0.9713727369360563	0.027164223907607966	0.2975780217173309	0.6752577543750612	0.027164223907607966	0.9713727369360561	0.0	reverted	partial	partial	reverted	partial	persistent		0.0	0.0	0.0	0.013069367206854754	0.015557895857089126	0.0
CATGGGTTCGACCATA-1	Tumor	E15S	Tumor	1	8896.2057710886	0.5866196670328472	0.7072095726204918	-0.24489206977811848	0.39146516159433264	0.014233319162952576	0.027818762850341888	0.9579479179867056	0.0070349498366693445	0.17725431382569568	0.8157107363376349	0.0070349498366693445	0.0	0.9721812371496582	reverted	reverted	reverted	reverted	reverted	persistent		0.0	0.0	0.0	0.0	0.0	0.027818762850341888
CATGGGTTCTGTGGCG-1	Tumor	E15S	Tumor	1	6243.0455912947655	0.1438766604739105	0.848135247534976	-0.2691013897115634	0.3714525685209892	0.013326000034862673	0.028871766953763783	0.9578022330113737	0.002452553927347007	0.1062039309730413	0.8913435150996116	0.002452553927347007	0.0	0.9711282330462363	reverted	reverted	reverted	reverted	reverted	persistent		0.0	0.0	0.0	0.0	0.0	0.028871766953763783
CATGGTTGTGGCTTGC-1	Tumor	E15S	Tumor	1	8888.52341902256	1.0117071281808256	0.519269145640702	-0.13623664629442905	0.25863354539013594	0.01225674650478409	0.018920740463036975	0.9688225130321788	0.021630590840687434	0.2756275207313397	0.7027418884279728	0.021630590840687434	0.9688225130321789	0.0	reverted	partial	partial	reverted	partial	persistent		0.0	0.0	0.0	0.012256746504784092	0.01892074046303698	0.0
CATGTCAAGAACCAGG-1	Tumor	E15S	Hypoxic Tumor	1	6505.605493783951	2.149660344362767	0.11133232973393407	-0.9225135143838591	0.7271244498787376	0.015782371817584274	0.06875284699663275	0.9154647811857831	0.41594627504280424	0.39161489343437667	0.192438831522819	0.41594627504280424	0.0	0.0	persistent	persistent	persistent	persistent	persistent	persistent		0.9154647811857831	0.015782371817584274	0.06875284699663275	0.0	0.0	0.0
CATGTTGAGTCATGTG-1	Tumor	E15S	Tumor Proliferating	1	8862.023516997695	0.4211997189474747	0.7676403722908419	-0.3942815450191387	0.48254477726496736	0.014772756136181214	0.0381573613571538	0.947069882506665	0.004671222502586158	0.14702010950404176	0.8483086679933721	0.004671222502586158	0.0	0.9618426386428462	reverted	reverted	reverted	reverted	reverted	persistent		0.0	0.0	0.0	0.0	0.0	0.0381573613571538
CATTAGGTCCGCTGTC-1	Tumor	E15S	Tumor	1	7676.010021805763	0.7266352151029405	0.6494902365321545	0.06764693296070412	0.27888820891922383	0.01816002184512782	0.013040010684845045	0.9687999674700272	0.010080478016362991	0.20648898507451108	0.7834305369091259	0.010080478016362991	0.9687999674700272	0.0	reverted	partial	partial	reverted	partial	persistent		0.0	0.0	0.0	0.01816002184512782	0.013040010684845045	0.0
CATTAGGTCGATGCAC-1	Tumor	E15S	Hypoxic Tumor	1	9078.899938583374	1.7147177524152815	0.22204455285287564	-1.452312076801239	0.9248430526009606	0.016421359586071393	0.08757486766160645	0.8960037727523221	0.15079390827136502	0.4394436804221802	0.40976241130645474	0.15079390827136502	0.0	0.0	partial	persistent	persistent	partial	persistent	reverted		0.8960037727523221	0.016421359586071393	0.08757486766160645	0.0	0.0	0.0
CATTCGAAGGCTCCTC-1	Tumor	E15S	Hypoxic Tumor	1	8685.06896686554	0.17750004582658188	0.8397535609945971	-1.3047421086731719	0.9201853386326695	0.01728539341058175	0.07803326487337364	0.9046813417160448	0.0026438987780921536	0.11054178126942989	0.8868143199524778	0.0026438987780921536	0.0	0.9219667351266263	reverted	reverted	reverted	reverted	reverted	reverted		0.0	0.0	0.0	0.0	0.0	0.07803326487337363
CATTCTATCTGTGAAT-1	Tumor	E15S	Tumor Proliferating	1	8902.672288388014	0.011743366962173875	0.8776323986950164	-0.8264006177357708	0.7641695231206773	0.01750583717430265	0.059473549768615346	0.923020613057082	0.0018409679113176346	0.09063329887520466	0.9075257332134778	0.0018409679113176346	0.0	0.9405264502313847	reverted	reverted	reverted	reverted	reverted	persistent		0.0	0.0	0.0	0.0	0.0	0.059473549768615346
CATTTAGGTTATCGCG-1	Tumor	E15S	Tumor Proliferating	1	8359.527065962553	0.7068339474695098	0.6579756635814579	-0.2055883799291807	0.34787854428378906	0.013587385443806013	0.02469459267789431	0.9617180218782998	0.009573993679232853	0.20215245333362253	0.7882735529871445	0.009573993679232853	0.9617180218782996	0.0	reverted	partial	partial	reverted	partial	persistent		0.0	0.0	0.0	0.01358738544380601	0.024694592677894305	0.0
CATTTCGCATCATCAT-1	Tumor	E15S	Tumor Proliferating	1	8793.896463245153	0.7160076689419408	0.6540566199235546	-0.17639060013886954	0.3128283515241258	0.013063620225459753	0.022297700511536227	0.964638679263004	0.009805136216632373	0.20415334731697882	0.7860415164663888	0.009805136216632373	0.9646386792630041	0.0	reverted	partial	partial	reverted	partial	persistent		0.0	0.0	0.0	0.013063620225459755	0.02229770051153623	0.0
CATTTCGCATTCGGGA-1	Tumor	E15S	Tumor	1	8632.52263109386	-0.11754216049989304	0.9015844897028846	-0.20177129471874922	0.3982782499292021	0.015129723066917093	0.025715439703567888	0.959154837229515	0.0014090930225479543	0.07749285013970925	0.9210980568377428	0.0014090930225479543	0.0	0.9742845602964321	reverted	reverted	reverted	reverted	reverted	persistent		0.0	0.0	0.0	0.0	0.0	0.025715439703567888
CATTTGAGTTGTGACT-1	Tumor	E15S	Tumor Proliferating	1	8896.672651559114	0.4193227103952411	0.768273595643946	0.12912049564593767	0.2107914914000934	0.0188480329788101	0.010310919908296468	0.9708410471128935	0.004650048075336258	0.14670335402415863	0.8486465979005051	0.004650048075336258	0.0	0.9896890800917036	reverted	reverted	reverted	reverted	reverted	persistent		0.0	0.0	0.0	0.0	0.0	0.010310919908296468
CATTTGAGTTTAGTGC-1	Tumor	E15S	Tumor	1	8883.873034000397	0.8824995215411761	0.5797444478949231	-0.15048462913978786	0.37628338392038974	0.01539295166491622	0.02278627187097239	0.9618207764641115	0.015233115486245608	0.2428404906378643	0.7419263938758901	0.015233115486245608	0.9618207764641115	0.0	reverted	partial	partial	reverted	partial	reverted		0.0	0.0	0.0	0.01539295166491622	0.02278627187097239	0.0
CCAAAGTCAATGTCGG-1	Tumor	E15S	Tumor	1	8906.451129823923	1.3289694643383239	0.3720315983529434	-0.03937856934549519	0.2727117655372224	0.014651570226961733	0.01562189474229595	0.9697265350307425	0.052227041857526836	0.36083208954822876	0.5869408685942444	0.052227041857526836	0.9697265350307422	0.0	reverted	partial	partial	reverted	partial	persistent		0.0	0.0	0.0	0.01465157022696173	0.015621894742295946	0.0
CCAACTGGTATTGGAG-1	Tumor	E15S	Tumor	1	5290.187458276749	0.2736809608744649	0.8137116771127089	-0.14778184119385623	0.3801926412603267	0.01556658663193131	0.022777490399069008	0.9616559229689996	0.0032929899946481313	0.12385059236939043	0.8728564176359613	0.0032929899946481313	0.0	0.977222509600931	reverted	reverted	reverted	reverted	reverted	reverted		0.0	0.0	0.0	0.0	0.0	0.02277749039906901
CCAACTGGTGATGATG-1	Tumor	E15S	Hypoxic Tumor	1	6773.129472732544	0.5100003040465269	0.7363187380883026	-1.2146101734607522	1.010348283284521	0.019888880952808732	0.06622184542115037	0.9138892736260409	0.0058068609921547824	0.16267522469148396	0.8315179143163611	0.0058068609921547824	0.0	0.9337781545788496	reverted	reverted	reverted	reverted	reverted	reverted		0.0	0.0	0.0	0.0	0.0	0.06622184542115037
CCAAGGGGTTCTGGCA-1	Tumor	E15S	Tumor	1	8077.1616101861	0.5062736345159602	0.7376862345549211	-0.39688931527277266	0.4763626691951741	0.014571494386354371	0.03833803835046393	0.9470904672631817	0.005753472470658239	0.16199160837233384	0.8322549191570079	0.005753472470658239	0.0	0.9616619616495361	reverted	reverted	reverted	reverted	reverted	persistent		0.0	0.0	0.0	0.0	0.0	0.03833803835046393
CCAATAGTCTAAGCAT-1	Tumor	E15S	Tumor Proliferating	1	8900.303342550993	0.21183827678604553	0.8308113099222582	0.017993129379486182	0.26545086206298335	0.016038308067000528	0.01380846519478609	0.9701532267382135	0.00285722560444486	0.11513760901771788	0.8820051653778372	0.00285722560444486	0.0	0.9861915348052138	reverted	reverted	reverted	reverted	reverted	persistent		0.0	0.0	0.0	0.0	0.0	0.013808465194786087
CCAATCAAGGGTTGCT-1	Tumor	E15S	Hypoxic Tumor	1	5037.606237411499	0.6192946213269254	0.6942387394971026	0.7150935857516373	0.09032278857077879	0.3264713761925167	0.011984000919146646	0.6615446228883367	0.007643145408271932	0.18377723946587435	0.8085796151258536	0.007643145408271932	0.6615446228883367	0.0	reverted	partial	partial	reverted	partial	persistent		0.0	0.0	0.0	0.3264713761925167	0.011984000919146646	0.0
CCACATAAGCTTAGAT-1	Tumor	E15S	Tumor Proliferating	1	9044.922643736005	0.2739027138760322	0.813648031514822	-0.42280650144805115	0.4956023609094337	0.014783832874837997	0.04009692741404021	0.9451192397111219	0.0032946830173650717	0.1238828663246308	0.8728224506580042	0.0032946830173650717	0.0	0.9599030725859599	reverted	reverted	reverted	reverted	reverted	persistent		0.0	0.0	0.0	0.0	0.0	0.04009692741404021
CCACCATCACTTCGTA-1	Tumor	E15S	Tumor	1	8733.344257071614	0.36792854111594153	0.7851417059211596	-0.05010026676941625	0.3237005736643569	0.01595229765892952	0.01745561416562217	0.9665920881754484	0.004109959539575342	0.13825361893257995	0.8576364215278447	0.004109959539575342	0.0	0.9825443858343779	reverted	reverted	reverted	reverted	reverted	persistent		0.0	0.0	0.0	0.0	0.0	0.01745561416562217
CCACCTATCGTTAGAT-1	Tumor	E15S	Tumor	1	8940.0243755728	0.9144029583309009	0.5649623124798308	0.01594926880422798	0.2429387110823535	0.015304228565463497	0.01325278360644473	0.9714429878280919	0.0166001116999969	0.2507351323801488	0.7326647559198542	0.0166001116999969	0.9714429878280917	0.0	reverted	partial	partial	reverted	partial	persistent		0.0	0.0	0.0	0.015304228565463493	0.013252783606444727	0.0
CCACCTTGTGAAGTGC-1	Tumor	E15S	Tumor Proliferating	1	8972.239607699215	1.3831010416170273	0.34842026616138133	-0.03480741320058123	0.2371153809977011	0.013738711439376194	0.014496452993352817	0.9717648355672711	0.0607669158109897	0.3748768143590931	0.5643562698299172	0.0607669158109897	0.9717648355672709	0.0	reverted	partial	partial	reverted	partial	persistent		0.0	0.0	0.0	0.01373871143937619	0.014496452993352813	0.0
CCACGAACAATACTTC-1	Tumor	E15S	Tumor	1	7502.339404404163	-0.29849048553511276	0.9280769618308329	-0.16198511329860135	0.4041287865688783	0.01603565055419367	0.02403462888623383	0.9599297205595726	0.0009917066332065883	0.062130519758300355	0.936877773608493	0.0009917066332065883	0.0	0.9759653711137662	reverted	reverted	reverted	reverted	reverted	reverted		0.0	0.0	0.0	0.0	0.0	0.02403462888623383
CCACGATAGTTACGAT-1	Tumor	E15S	Tumor Proliferating	1	8935.611777305603	0.2088019295582507	0.8316177728181556	0.12368029306304545	0.21557689565500895	0.0187063439527374	0.010491117178566602	0.970802538868696	0.00283758771665779	0.1147243646596333	0.882438047623709	0.00283758771665779	0.0	0.9895088828214335	reverted	reverted	reverted	reverted	reverted	persistent		0.0	0.0	0.0	0.0	0.0	0.010491117178566602
CCACGCAAGAACGATA-1	Tumor	E15S	Tumor	1	8018.810944437981	0.23020228440078983	0.825868132817952	-0.13104765224723727	0.2952762545707663	0.01334554638663583	0.019684459971889088	0.9669699936414751	0.002979360014460086	0.11766566054565507	0.8793549794398848	0.002979360014460086	0.0	0.9803155400281109	reverted	reverted	reverted	reverted	reverted	persistent		0.0	0.0	0.0	0.0	0.0	0.019684459971889088
CCACGTAGTCTGTGGC-1	Tumor	E15S	Tumor	1	8703.885536193848	0.5024771469443748	0.7390746424700348	0.16686817388977246	0.19788561998814405	0.020601716268969016	0.009577807422648143	0.9698204763083828	0.0056996408948618415	0.16129760242096203	0.8330027566841762	0.0056996408948618415	0.0	0.9904221925773519	reverted	reverted	reverted	reverted	reverted	persistent		0.0	0.0	0.0	0.0	0.0	0.009577807422648145
CCACGTAGTGAACCTT-1	Tumor	E15S	Tumor	1	5059.14915895462	0.5067529179059451	0.7375106184781622	0.012828629768335882	0.1982287869572849	0.013975570700170881	0.012214297343035235	0.973810131956794	0.005760308230255394	0.16207939581380204	0.8321602959559425	0.005760308230255394	0.0	0.9877857026569649	reverted	reverted	reverted	reverted	reverted	persistent		0.0	0.0	0.0	0.0	0.0	0.012214297343035235
CCACTAGGTTAGCAGA-1	Tumor	E15S	Tumor Proliferating	1	9016.70272091031	0.11606856791066911	0.8547924659653605	-0.48773308983798097	0.541742153036592	0.01527363257225766	0.04424233552586	0.9404840319018825	0.0023063019588116123	0.10273472959669368	0.8949589684444947	0.0023063019588116123	0.0	0.9557576644741399	reverted	reverted	reverted	reverted	reverted	persistent		0.0	0.0	0.0	0.0	0.0	0.044242335525859995
CCACTATTCAGCAATT-1	Tumor	E15S	Tumor	1	8100.009698212147	-0.18380339120405814	0.9121679712157095	-0.01185401172956816	0.27335158628884887	0.015398682692458568	0.014822096906639727	0.9697792204009018	0.0012351228585109606	0.07148352496170389	0.927281352179785	0.0012351228585109606	0.0	0.9851779030933602	reverted	reverted	reverted	reverted	reverted	persistent		0.0	0.0	0.0	0.0	0.0	0.014822096906639723
CCACTTACACATTGAA-1	Tumor	E15S	Tumor	1	8932.347679778934	0.3934807978960312	0.7768687404278184	-0.2370478285196996	0.390567361602496	0.014326807681929595	0.02736553586155936	0.9583076564565111	0.004369161567544726	0.14240104340784038	0.8532297950246149	0.004369161567544726	0.0	0.9726344641384407	reverted	reverted	reverted	reverted	reverted	persistent		0.0	0.0	0.0	0.0	0.0	0.02736553586155936
CCAGAGAAGCGCCTAG-1	Tumor	E15S	Tumor	1	6999.76548281312	1.8760600363574016	0.173756206240731	0.009745440156149698	0.2371498061372173	0.014949293056887497	0.013256323733700729	0.9717943832094117	0.22764277015488865	0.44479278736454386	0.32756444248056754	0.22764277015488865	0.0	0.0	partial	persistent	persistent	partial	persistent	persistent		0.9717943832094117	0.014949293056887497	0.013256323733700729	0.0	0.0	0.0
CCAGAGAAGGGTTAGG-1	Tumor	E15S	Tumor	1	7387.646665096283	1.7900463136929816	0.19838805836903245	0.26762566747345234	0.13817612947397942	0.027945553365218617	0.008028815955417882	0.9640256306793634	0.18346563853230163	0.4448869267297942	0.3716474347379041	0.18346563853230163	0.0	0.0	partial	persistent	persistent	partial	persistent	persistent		0.9640256306793634	0.027945553365218617	0.008028815955417882	0.0	0.0	0.0
CCAGATTGTTTCGTCC-1	Tumor	E15S	Tumor	1	6546.985458850861	0.9887498391611881	0.5301076349148899	-0.1294037262380388	0.33721646212358763	0.014608092612782208	0.020794464217048024	0.9645974431701699	0.02031436047378571	0.2696535571846543	0.71003208234156	0.02031436047378571	0.9645974431701697	0.0	reverted	partial	partial	reverted	partial	reverted		0.0	0.0	0.0	0.014608092612782205	0.02079446421704802	0.0
CCAGCCTTCACATAGT-1	Tumor	E15S	Tumor	1	8706.679454863071	0.9481890205781771	0.5491815098201961	-0.14565001481053802	0.28485102964277353	0.012798486817389055	0.02005911174342137	0.9671424014391896	0.018190389694028204	0.25924638865767863	0.7225632216482931	0.018190389694028204	0.9671424014391896	0.0	reverted	partial	partial	reverted	partial	persistent		0.0	0.0	0.0	0.012798486817389055	0.02005911174342137	0.0
CCAGCCTTCATACTGG-1	Tumor	E15S	Tumor	1	8857.711176022887	0.9167705554101756	0.5638603535957728	-0.10337485977505301	0.26916383248941506	0.013132194248869028	0.017794593131634628	0.9690732126194964	0.016706613335613477	0.25132662966076325	0.7319667570036233	0.016706613335613477	0.9690732126194964	0.0	reverted	partial	partial	reverted	partial	persistent		0.0	0.0	0.0	0.013132194248869028	0.017794593131634628	0.0
CCAGCTAGTTCCGTGA-1	Tumor	E15S	Tumor Proliferating	1	9004.827284924686	0.10482628504952125	0.857414307559743	-0.38024820189868735	0.4855594748953644	0.015032745265826649	0.03722849138839177	0.9477387633457816	0.0022500578468310087	0.1013620463439407	0.8963878958092282	0.0022500578468310087	0.0	0.9627715086116082	reverted	reverted	reverted	reverted	reverted	persistent		0.0	0.0	0.0	0.0	0.0	0.03722849138839177
CCAGGTTAGTAGCATT-1	Tumor	E15S	Tumor	1	7679.078483462334	3.377857177106539	0.012100108337208827	0.18104006424181865	0.14752953609095396	0.020459055536271115	0.008624747264249619	0.9709161971994792	0.9832881514585348	0.01555066873626574	0.0011611798051995705	0.9832881514585348	0.0	0.0	persistent	persistent	persistent	persistent	persistent	persistent		0.9709161971994792	0.020459055536271115	0.008624747264249619	0.0	0.0	0.0
CCAGTTAAGAAGGATC-1	Tumor	E15S	Tumor Proliferating	1	9133.504302375019	0.1856547453356953	0.8376651837429553	-0.15826645536665368	0.36043897667855646	0.014761280207554512	0.022697552530165983	0.9625411672622796	0.0026928570758710186	0.11161788212815772	0.8856892607959713	0.0026928570758710186	0.0	0.9773024474698341	reverted	reverted	reverted	reverted	reverted	persistent		0.0	0.0	0.0	0.0	0.0	0.022697552530165983
CCATCACCAAATCACA-1	Tumor	E15S	Tumor	1	8592.822565719485	0.6643521763288565	0.675838107512442	-0.025868200763885418	0.284599807518556	0.015360024012584685	0.01554977019187265	0.9690902057955425	0.00857792897017998	0.19307211530994636	0.7983499557198738	0.00857792897017998	0.9690902057955426	0.0	reverted	partial	partial	reverted	partial	persistent		0.0	0.0	0.0	0.015360024012584687	0.015549770191872652	0.0
CCATCGCTCCTCTCAG-1	Tumor	E15S	Tumor	1	7627.855683922768	1.7387093520907417	0.21429784244326175	-0.029110151119024416	0.23096102778562766	0.013710342438744166	0.014161426650325298	0.9721282309109306	0.16061399113916175	0.44168626461929217	0.3976997442415461	0.16061399113916175	0.0	0.0	partial	persistent	persistent	partial	persistent	reverted		0.9721282309109306	0.013710342438744166	0.014161426650325298	0.0	0.0	0.0
CCATCTTAGCGAAGGC-1	Tumor	E15S	Tumor	1	8932.552602350712	1.7395351732939224	0.2140347228243896	-0.09505227363220811	0.24204397479599044	0.012557682787155609	0.016721780562288607	0.9707205366505558	0.16096157168300562	0.4417553172743947	0.39728311104259967	0.16096157168300562	0.0	0.0	partial	persistent	persistent	partial	persistent	persistent		0.9707205366505558	0.012557682787155609	0.016721780562288607	0.0	0.0	0.0
CCATGCCTCAATGTGT-1	Tumor	E15S	Tumor Proliferating	1	9048.227595329285	0.8865964160152966	0.5778535989285689	0.05677578929936614	0.2222948781963615	0.016071893018614843	0.011811189820465855	0.9721169171609193	0.015401766831379192	0.24384624438504976	0.740751988783571	0.015401766831379192	0.9721169171609193	0.0	reverted	partial	partial	reverted	partial	persistent		0.0	0.0	0.0	0.016071893018614843	0.011811189820465855	0.0
CCATGGGTCAGGTAGG-1	Tumor	E15S	Tumor	1	5638.484024047852	0.2226372256596738	0.8279181486906017	0.09398814170743844	0.1590298364814049	0.015923973514830676	0.00981825261823928	0.97425777386693	0.0029283384921383842	0.11661823811603089	0.8804534233918307	0.0029283384921383842	0.0	0.9901817473817607	reverted	reverted	reverted	reverted	reverted	persistent		0.0	0.0	0.0	0.0	0.0	0.00981825261823928
CCATTAAGTTAAGCGA-1	Tumor	E15S	Tumor Proliferating	1	8897.234998524189	0.5590693690478814	0.7178915337164378	-0.23895745318611883	0.36710100364852144	0.013627512178340547	0.026977723866029975	0.9593947639556294	0.0065632316059206575	0.1718966173815424	0.8215401510125369	0.0065632316059206575	0.0	0.9730222761339701	reverted	reverted	reverted	reverted	reverted	persistent		0.0	0.0	0.0	0.0	0.0	0.02697772386602998
CCATTAGAGGGCCATT-1	Tumor	E15S	Tumor Proliferating	1	8998.268446207047	0.11806039741251542	0.8543237946371186	-0.06976220759115491	0.32068927608221504	0.015380080124603743	0.018026916079373134	0.9665930037960232	0.0023164358911780436	0.10297971188439517	0.8947038522244267	0.0023164358911780436	0.0	0.9819730839206268	reverted	reverted	reverted	reverted	reverted	persistent		0.0	0.0	0.0	0.0	0.0	0.01802691607937313
CCATTTGCACATACCC-1	Tumor	E15S	Hypoxic Tumor	1	5852.05658531189	-1.3113702724063205	0.9887386489938608	-0.9859042547683997	1.0526615459673077	0.022672512141013148	0.05556170445037127	0.9217657834086156	0.0002350629633350754	0.01797146983589844	0.9817934672007663	0.0002350629633350754	0.0	0.9444382955496288	reverted	reverted	reverted	reverted	reverted	persistent		0.0	0.0	0.0	0.0	0.0	0.05556170445037127
CCCAAATGTTAATGGG-1	Tumor	E15S	Tumor Proliferating	1	8988.542347729206	0.19945454498459625	0.8340812197804923	-0.42978365204985053	0.5104406001542344	0.015104677724445393	0.040507487106739265	0.9443878351688153	0.0027780951381763904	0.11346059248041694	0.8837613123814066	0.0027780951381763904	0.0	0.9594925128932608	reverted	reverted	reverted	reverted	reverted	persistent		0.0	0.0	0.0	0.0	0.0	0.04050748710673927
CCCAAATGTTTAGGTC-1	Tumor	E15S	Tumor Proliferating	1	8826.828794911504	0.16470285955299713	0.8429869578656558	-0.047378113863801474	0.309100945350694	0.015562009517209333	0.01693383857718533	0.9675041519056053	0.0025691149638210585	0.10887207322321057	0.8885588118129684	0.0025691149638210585	0.0	0.9830661614228147	reverted	reverted	reverted	reverted	reverted	persistent		0.0	0.0	0.0	0.0	0.0	0.01693383857718533
CCCAACCTCTATGACG-1	Tumor	E15S	Tumor	1	8483.405252337456	0.671966087313158	0.6726722414861558	-0.24515580981174454	0.4015148393479818	0.014520509560386557	0.028037840301787645	0.9574416501378258	0.00874783978454	0.19467703020740557	0.7965751300080545	0.00874783978454	0.9574416501378258	0.0	reverted	partial	partial	reverted	partial	persistent		0.0	0.0	0.0	0.014520509560386557	0.028037840301787645	0.0
CCCAATCCAAGCGCAC-1	Tumor	E15S	Tumor Proliferating	1	9001.006893515587	0.496169050858231	0.7413710293392204	0.14594265118781505	0.20255632809896187	0.019515332253626318	0.009917256061707751	0.970567411684666	0.005611423414742752	0.16014985831636605	0.8342387182688911	0.005611423414742752	0.0	0.9900827439382923	reverted	reverted	reverted	reverted	reverted	persistent		0.0	0.0	0.0	0.0	0.0	0.009917256061707751
CCCAATCCACCTTGCG-1	Tumor	E15S	Tumor	1	8845.567441701889	3.028536927343917	0.023179138069189444	-0.1342613894145813	0.20017428785540828	0.010887946035860926	0.01736042146833219	0.9717516324958069	0.9386858776937419	0.054305331843689526	0.007008790462568442	0.9386858776937419	0.0	0.0	persistent	persistent	persistent	persistent	persistent	persistent		0.9717516324958069	0.010887946035860926	0.01736042146833219	0.0	0.0	0.0
CCCAATCCATGGTGCA-1	Tumor	E15S	Tumor	1	8526.268657267094	2.007405684713064	0.14089285292545195	0.11770700789708308	0.18332400938009646	0.01758603649541885	0.009921054507014016	0.9724929089975672	0.30963853000545427	0.429633924744016	0.26072754525052977	0.30963853000545427	0.0	0.0	partial	persistent	persistent	partial	persistent	persistent		0.972492908997567	0.017586036495418848	0.009921054507014014	0.0	0.0	0.0
CCCACGTTCATGCGCG-1	Tumor	E15S	Tumor	1	7602.957208275795	1.5427985940894784	0.28326524695818867	-0.3932828201120045	0.4123532054703813	0.012930545507773866	0.03819218156794004	0.948877272924286	0.09472074695409373	0.4121424639788288	0.4931367890670775	0.09472074695409373	0.0	0.0	reverted	persistent	persistent	reverted	persistent	persistent		0.9488772729242861	0.012930545507773868	0.03819218156794005	0.0	0.0	0.0
CCCAGCAAGTAGTCCA-1	Tumor	E15S	Hypoxic Tumor	1	7734.616302490234	-0.6291658636445387	0.9602100153666935	0.17089353746067176	0.24712574908900828	0.022075440525623366	0.010530231130791353	0.9673943283435853	0.0005607307275757008	0.04138869895562909	0.9580505703167952	0.0005607307275757008	0.0	0.9894697688692087	reverted	reverted	reverted	reverted	reverted	persistent		0.0	0.0	0.0	0.0	0.0	0.010530231130791353
CCCAGGATCAGGACGA-1	Tumor	E15S	Tumor Proliferating	1	8797.014852792025	0.38744023803791805	0.7788447686411637	-0.033926302932541466	0.2785079264258631	0.014963836168031286	0.015618386143873062	0.9694177776880956	0.004306272875980678	0.14141106634196493	0.8542826607820543	0.004306272875980678	0.0	0.984381613856127	reverted	reverted	reverted	reverted	reverted	persistent		0.0	0.0	0.0	0.0	0.0	0.015618386143873064
CCCAGTGAGATAGTGA-1	Tumor	E15S	Tumor	1	8704.149995207787	0.7855604890887411	0.6236910707633692	0.0685045178636447	0.25776589797120414	0.017545104671438792	0.012461812833507021	0.9699930824950542	0.011766433282856618	0.21977830782833066	0.7684552588888126	0.011766433282856618	0.9699930824950542	0.0	reverted	partial	partial	reverted	partial	persistent		0.0	0.0	0.0	0.017545104671438792	0.012461812833507021	0.0
CCCAGTGAGTGATACT-1	Tumor	E15S	Tumor Proliferating	1	8615.402634441853	2.155703723625677	0.11020540638391758	0.567708349024779	0.09657409807579313	0.13501410009877718	0.00972204295882944	0.8552638569423934	0.42077014895129666	0.3895301985619067	0.18969965248679663	0.42077014895129666	0.0	0.0	persistent	persistent	persistent	persistent	persistent	persistent		0.8552638569423934	0.13501410009877718	0.00972204295882944	0.0	0.0	0.0
CCCATCGCAGCACTGA-1	Tumor	E15S	Tumor	1	7130.965293169022	0.5234768510577474	0.7313354966414523	0.015290056847137502	0.1972176485094736	0.014022529494933884	0.012131509833238475	0.9738459606718276	0.006004542217537217	0.1651670066494332	0.8288284511330295	0.006004542217537217	0.0	0.9878684901667615	reverted	reverted	reverted	reverted	reverted	persistent		0.0	0.0	0.0	0.0	0.0	0.012131509833238475
CCCATCTGTCTCAGGC-1	Tumor	E15S	Tumor	1	7496.9174451828	0.9629273678416922	0.5422644734158489	-0.232161533488526	0.37252513808969634	0.013881961417523809	0.026708836360724967	0.9594092022217513	0.018933772162866454	0.26300508005749074	0.7180611477796428	0.018933772162866454	0.9594092022217513	0.0	reverted	partial	partial	reverted	partial	persistent		0.0	0.0	0.0	0.013881961417523809	0.026708836360724967	0.0
CCCATGAGTGATTGCT-1	Tumor	E15S	Tumor Proliferating	1	8852.699802875519	0.35180215170404683	0.7902470505343562	0.3690936773509938	0.1322437403567052	0.04342114321075257	0.007956155328118655	0.9486227014611288	0.003955268303822543	0.13569011739280054	0.8603546143033769	0.003955268303822543	0.0	0.9920438446718813	reverted	reverted	reverted	reverted	reverted	persistent		0.0	0.0	0.0	0.0	0.0	0.007956155328118655
CCCATGCTCGCTAATG-1	Tumor	E15S	Tumor	1	8872.710394352674	1.0930554108653068	0.4807869920709866	0.36912860455745333	0.1203912632630066	0.043852543442475495	0.007912342796886247	0.9482351137606384	0.02705837275774787	0.2971989722706778	0.6757426549715744	0.02705837275774787	0.9482351137606382	0.0	reverted	partial	partial	reverted	partial	persistent		0.0	0.0	0.0	0.04385254344247549	0.007912342796886246	0.0
CCCATTGTCTAGTAAC-1	Tumor	E15S	Tumor	1	8951.528345942497	1.3265957252589096	0.37308207203931765	0.3121459901381837	0.13002675441061737	0.03363512343323826	0.007887185113048596	0.9584776914537133	0.05188120710314475	0.36020622863753476	0.5879125642593205	0.05188120710314475	0.9584776914537131	0.0	reverted	partial	partial	reverted	partial	persistent		0.0	0.0	0.0	0.033635123433238254	0.007887185113048594	0.0
CCCATTTAGTTGGACC-1	Tumor	E15S	Tumor	1	8526.902980268002	3.55172609019795	0.008736010665523682	0.5152378084251479	0.0869011881938894	0.1012700879458798	0.009107900890644066	0.8896220111634762	0.9916499484107221	0.007902179753572096	0.00044787183570594956	0.9916499484107221	0.0	0.0	persistent	persistent	persistent	persistent	persistent	persistent		0.8896220111634762	0.1012700879458798	0.009107900890644066	0.0	0.0	0.0
CCCGAACGTATGGATG-1	Tumor	E15S	Tumor	1	8569.88543061912	0.49724525492886557	0.740980182703537	0.14810397167800715	0.1874122912012699	0.01926441203588698	0.00960198127164636	0.9711336066924667	0.00562636647028596	0.16034519558317709	0.8340284379465369	0.00562636647028596	0.0	0.9903980187283535	reverted	reverted	reverted	reverted	reverted	persistent		0.0	0.0	0.0	0.0	0.0	0.009601981271646359
CCCGATAGTGAAGTTG-1	Tumor	E15S	Tumor	1	8177.73916053772	0.7646460129239818	0.6329373781297075	-0.2752913070701513	0.40785253686840245	0.014256835335651027	0.02987787565466983	0.9558652890096793	0.01113564601738632	0.21499631983631676	0.773868034146297	0.01113564601738632	0.955865289009679	0.0	reverted	partial	partial	reverted	partial	persistent		0.0	0.0	0.0	0.014256835335651023	0.029877875654669823	0.0
CCCGATGAGCCACGCA-1	Tumor	E15S	Tumor	1	8810.791230037808	2.011912913781608	0.13986317820508987	-0.10981152040435915	0.2342829520720362	0.012084771970227906	0.017114981110358567	0.9708002469194135	0.31275230328600423	0.4287716357375231	0.25847606097647263	0.31275230328600423	0.0	0.0	partial	persistent	persistent	partial	persistent	persistent		0.9708002469194135	0.012084771970227906	0.017114981110358567	0.0	0.0	0.0
CCCGATTCAAGTTCAA-1	Tumor	E15S	Tumor	1	8436.177727103233	1.135233640633976	0.46089510293695296	-0.40958564553013516	0.4530964378717859	0.013800425749581225	0.03932160588672426	0.9468779683636945	0.030412096306858864	0.3085691260202957	0.6610187776728454	0.030412096306858864	0.9468779683636945	0.0	reverted	partial	partial	reverted	partial	reverted		0.0	0.0	0.0	0.013800425749581225	0.03932160588672426	0.0
CCCGATTCATCCCTGG-1	Tumor	E15S	Tumor Proliferating	1	8994.989186733961	0.049837894704017664	0.8696740032630105	-0.07254079276499484	0.3194708977395264	0.015277346193064043	0.018087911051387684	0.9666347427555484	0.0019969049696990466	0.09488929754984878	0.9031137974804522	0.0019969049696990466	0.0	0.9819120889486123	reverted	reverted	reverted	reverted	reverted	persistent		0.0	0.0	0.0	0.0	0.0	0.01808791105138768
CCCGTAAGTCTTGACG-1	Tumor	E15S	Tumor Proliferating	1	8861.467419028282	0.25169678340571483	0.8199383543301998	0.37935310686347357	0.1562159881557094	0.044572948377251016	0.008087732171584209	0.9473393194511648	0.003129947649561706	0.12068791769840226	0.8761821346520361	0.003129947649561706	0.0	0.9919122678284158	reverted	reverted	reverted	reverted	reverted	persistent		0.0	0.0	0.0	0.0	0.0	0.008087732171584209
CCCGTTGCACTTACAT-1	Tumor	E15S	Tumor	1	8359.05365550518	0.25494824657578113	0.8190277672023109	0.0540449907037573	0.19627371884536915	0.015265495961673465	0.011263500612684661	0.9734710034256419	0.003153473232284069	0.12115109226487474	0.8756954345028414	0.003153473232284069	0.0	0.9887364993873153	reverted	reverted	reverted	reverted	reverted	persistent		0.0	0.0	0.0	0.0	0.0	0.011263500612684661
CCCTAACCATCGGTTC-1	Tumor	E15S	Tumor	1	8089.999993622303	0.5783260127068515	0.7104501088212686	-0.11732752911276051	0.31351549920465077	0.014135684948272552	0.019616677390281938	0.9662476376614456	0.00688914604681044	0.17562777290881232	0.8174830810443773	0.00688914604681044	0.0	0.9803833226097182	reverted	reverted	reverted	reverted	reverted	persistent		0.0	0.0	0.0	0.0	0.0	0.019616677390281938
CCCTAATTCTGGATCA-1	Tumor	E15S	Tumor	1	7266.804198265076	-0.4037490712350211	0.9402955976846683	-0.36263878898512775	0.5542534019276691	0.017238322996673702	0.03651332678705817	0.946248350216268	0.000818699289785675	0.05460492329716288	0.9445763774130513	0.000818699289785675	0.0	0.9634866732129418	reverted	reverted	reverted	reverted	reverted	persistent		0.0	0.0	0.0	0.0	0.0	0.036513326787058174
CCCTAGCTCACTCCAT-1	Tumor	E15S	Tumor	1	8676.885256439447	0.5393030315160335	0.7254079297635608	0.35141878904520873	0.11636178560914731	0.04042721098526406	0.007850871297346818	0.9517219177173891	0.00624622084191269	0.16813264905517908	0.8256211301029083	0.00624622084191269	0.0	0.9921491287026531	reverted	reverted	reverted	reverted	reverted	persistent		0.0	0.0	0.0	0.0	0.0	0.007850871297346818
CCCTAGTCAAGCGGAG-1	Tumor	E15S	Hypoxic Tumor	1	7852.376573562622	0.7745331155484318	0.6285779981609322	0.4063957543299708	0.1624626870021015	0.05000573733353489	0.008166824412250326	0.9418274382542148	0.011429192661424349	0.21724810951131085	0.7713226978272648	0.011429192661424349	0.9418274382542148	0.0	reverted	partial	partial	reverted	partial	persistent		0.0	0.0	0.0	0.05000573733353489	0.008166824412250326	0.0
CCCTATGTCAGGGCAA-1	Tumor	E15S	Tumor	1	8443.4638890028	0.6047213913526193	0.7000635805186313	-0.4192120290057576	0.43293104350540923	0.013178232628752617	0.04021864457507797	0.9466031227961694	0.007365061130571665	0.18084535683183692	0.8117895820375916	0.007365061130571665	0.0	0.959781355424922	reverted	reverted	reverted	reverted	reverted	persistent		0.0	0.0	0.0	0.0	0.0	0.04021864457507797
CCCTCAGCAGGCTTAG-1	Tumor	E15S	Tumor	1	8720.535061359406	0.7701274218779002	0.6305231726912495	-0.2864785357843652	0.38925648188266554	0.013581718023299038	0.030263466098947214	0.9561548158777537	0.011297373403748312	0.21624274532118132	0.7724598812750703	0.011297373403748312	0.9561548158777537	0.0	reverted	partial	partial	reverted	partial	persistent		0.0	0.0	0.0	0.013581718023299038	0.030263466098947214	0.0
CCCTGAGAGCCAGAGA-1	Tumor	E15S	Tumor	1	5974.35372376442	0.921905683111607	0.5614681389522709	0.15063362679088443	0.22380881876135925	0.020317542266318902	0.010290483638750939	0.9693919740949303	0.016940099966243787	0.2526121450480331	0.7304477549857231	0.016940099966243787	0.96939197409493	0.0	reverted	partial	partial	reverted	partial	persistent		0.0	0.0	0.0	0.0203175422663189	0.010290483638750937	0.0
CCCTTAACATTGCCAC-1	Tumor	E15S	Tumor	1	8083.5936643481255	0.7822011739269704	0.6251825160565624	-0.3015258479872486	0.32476686574913805	0.01174370838630484	0.030443577534568802	0.9578127140791264	0.011662580372599433	0.21900544194179591	0.7693319776856046	0.011662580372599433	0.9578127140791264	0.0	reverted	partial	partial	reverted	partial	persistent		0.0	0.0	0.0	0.01174370838630484	0.030443577534568802	0.0
CCCTTACGTTATATCG-1	Tumor	E15S	Tumor	1	7261.986211299896	1.5379736867098202	0.28512341007062114	-0.0712980432404556	0.3138457791223089	0.015132111681946758	0.01787821947052671	0.9669896688475267	0.09346972258576178	0.4111462985927966	0.49538397882144164	0.09346972258576178	0.0	0.0	reverted	persistent	persistent	reverted	persistent	reverted		0.9669896688475265	0.015132111681946754	0.017878219470526705	0.0	0.0	0.0
CCCTTGATCGTTGCGG-1	Tumor	E15S	Tumor	1	8670.191916406155	1.0251017837587424	0.5129362762297279	-0.19081910242077876	0.3561041212639946	0.014061755818895126	0.024132785349697206	0.9618054588314077	0.02243955313792792	0.2791386227416003	0.6984218241204718	0.02243955313792792	0.9618054588314077	0.0	reverted	partial	partial	reverted	partial	persistent		0.0	0.0	0.0	0.014061755818895126	0.024132785349697206	0.0
CCCTTTAGTTTGAGAG-1	Tumor	E15S	Tumor	1	8608.471565783024	0.2625196868316607	0.8168934565486342	-0.131464170232761	0.35029310904872835	0.01496553002431938	0.02125180176961812	0.9637826682060624	0.0032090388241678078	0.12223580648488974	0.8745551546909424	0.0032090388241678078	0.0	0.9787481982303818	reverted	reverted	reverted	reverted	reverted	persistent		0.0	0.0	0.0	0.0	0.0	0.021251801769618123
CCGAATGCAAGGTCAT-1	Tumor	E15S	Tumor	1	8597.019319549203	0.7477598318547033	0.6403323967873067	-0.25949971217369544	0.37364791771241734	0.013517646311263046	0.028320157810608173	0.9581621958781288	0.010652889104625777	0.21118748684230074	0.7781596240530734	0.010652889104625777	0.9581621958781288	0.0	reverted	partial	partial	reverted	partial	persistent		0.0	0.0	0.0	0.013517646311263046	0.028320157810608173	0.0
CCGACAACATAATCTC-1	Tumor	E15S	Tumor	1	8723.868727087975	1.1879038454045	0.43623598696439836	0.29938315967241574	0.1491998307646979	0.031778272587226084	0.008052835655064594	0.9601688917577094	0.03521005458876089	0.3228603428890613	0.6419296025221779	0.03521005458876089	0.9601688917577094	0.0	reverted	partial	partial	reverted	partial	persistent		0.0	0.0	0.0	0.031778272587226084	0.008052835655064594	0.0
CCGACCTTCCATCTCG-1	Tumor	E15S	Tumor	1	8103.0873503685	1.3730190696448712	0.3527658389757965	-0.011549881930975201	0.24260479659659817	0.01449822881191514	0.013965873507697589	0.9715358976803873	0.05907770278545923	0.37229815376502806	0.5686241434495128	0.05907770278545923	0.9715358976803873	0.0	reverted	partial	partial	reverted	partial	persistent		0.0	0.0	0.0	0.01449822881191514	0.013965873507697589	0.0
CCGACTTCAACTGCCT-1	Tumor	E15S	Tumor	1	8401.133847236633	0.17482834139757647	0.8404330267000345	-0.08634351062961378	0.3347723559578008	0.01543825727397847	0.01903484132845141	0.9655269013975702	0.0026280815392954633	0.11019127793035896	0.8871806405303455	0.0026280815392954633	0.0	0.9809651586715485	reverted	reverted	reverted	reverted	reverted	persistent		0.0	0.0	0.0	0.0	0.0	0.019034841328451405
CCGCAAGTCCGTGAGT-1	Tumor	E15S	Tumor	1	7951.134582519531	2.008009053401595	0.14075464708518484	0.03289871743441224	0.19545411444346136	0.014524582000897028	0.011687258054728334	0.9737881599443746	0.31005427092214927	0.42951982498311514	0.2604259040947354	0.31005427092214927	0.0	0.0	partial	persistent	persistent	partial	persistent	persistent		0.9737881599443746	0.014524582000897028	0.011687258054728334	0.0	0.0	0.0
CCGCAATAGCAGTCTA-1	Tumor	E15S	Tumor	1	8447.89424777031	0.7418629798571129	0.6428994103700283	-0.381903705210395	0.39581309944077403	0.012636804852992145	0.03729569831861245	0.9500674968283954	0.010489656166371241	0.20986846742531892	0.7796418764083097	0.010489656166371241	0.9500674968283954	0.0	reverted	partial	partial	reverted	partial	reverted		0.0	0.0	0.0	0.012636804852992145	0.03729569831861245	0.0
CCGCATTCAAAGGTGA-1	Tumor	E15S	Tumor Proliferating	1	8959.981170296669	0.18337456716835518	0.8382513261816532	-0.15046762020397583	0.3222080489546557	0.013768480661589208	0.02129926268324885	0.9649322566551619	0.0026790635691381066	0.11131603333601392	0.886004903094848	0.0026790635691381066	0.0	0.9787007373167511	reverted	reverted	reverted	reverted	reverted	persistent		0.0	0.0	0.0	0.0	0.0	0.02129926268324885
CCGCCATTCCATCCCA-1	Tumor	E15S	Tumor	1	9016.462062075734	0.9122535566951746	0.5659621606066244	-0.06248065604721459	0.287931353165929	0.0145482964997377	0.016815155414507878	0.9686365480857544	0.01650404756445391	0.25019880765604674	0.7332971447794993	0.01650404756445391	0.9686365480857544	0.0	reverted	partial	partial	reverted	partial	persistent		0.0	0.0	0.0	0.0145482964997377	0.016815155414507878	0.0
CCGCCATTCGACCGAT-1	Tumor	E15S	Tumor	1	8806.670991539955	0.5872419514065489	0.7069655751264061	-0.3570530884082585	0.4305703583662034	0.013812212388339306	0.03544413221214638	0.9507436553995144	0.007046025316125038	0.17737683091039744	0.8155771437734776	0.007046025316125038	0.0	0.9645558677878535	reverted	reverted	reverted	reverted	reverted	persistent		0.0	0.0	0.0	0.0	0.0	0.03544413221214637
CCGCCTTAGTCAGTAT-1	Tumor	E15S	Tumor	1	8640.722774505615	2.6508436554276567	0.0462641295096119	0.05295404348193553	0.16948386723520883	0.014556908762266547	0.010719726411276085	0.9747233648264573	0.7958088260653052	0.16589254625675645	0.03829862767793844	0.7958088260653052	0.0	0.0	persistent	persistent	persistent	persistent	persistent	persistent		0.9747233648264574	0.014556908762266549	0.010719726411276087	0.0	0.0	0.0
CCGCCTTAGTGACCGT-1	Tumor	E15S	Hypoxic Tumor	1	7227.7967846393585	-1.1172519956872358	0.9838182646909119	-1.1246476628713509	0.9988072828357234	0.020344293983387232	0.06290931097287036	0.9167463950437424	0.00028836030692326044	0.022752962456890277	0.9769586772361865	0.00028836030692326044	0.0	0.9370906890271297	reverted	reverted	reverted	reverted	reverted	reverted		0.0	0.0	0.0	0.0	0.0	0.06290931097287036
CCGCTAGAGCGGAGTA-1	Tumor	E15S	Tumor	1	8931.56954202056	0.8179461559095378	0.6091959644272716	-0.062031787114983625	0.27262796960297286	0.01410550491395488	0.01636051817820487	0.9695339769078402	0.012820054732244148	0.22732158244115053	0.7598583628266055	0.012820054732244148	0.9695339769078403	0.0	reverted	partial	partial	reverted	partial	persistent		0.0	0.0	0.0	0.014105504913954882	0.016360518178204872	0.0
CCGCTAGAGGCATCAC-1	Tumor	E15S	Hypoxic Tumor	1	7305.672917842865	0.9156548713898317	0.5643797095215525	0.5236666946226473	0.12196754250076094	0.09779155396610707	0.008941451029300787	0.8932669950045922	0.016656336676243527	0.25104780324050774	0.7322958600832488	0.016656336676243527	0.8932669950045922	0.0	reverted	partial	partial	reverted	partial	persistent		0.0	0.0	0.0	0.09779155396610707	0.008941451029300787	0.0
CCGCTTGCACCAGGGT-1	Tumor	E15S	Tumor Proliferating	1	9017.909470826387	0.7285830179538015	0.6486503082447894	-0.07503810203875283	0.2836772146249154	0.014136581295439004	0.017131498887104035	0.9687319198174571	0.010131842074592591	0.2069191054141055	0.7829490525113021	0.010131842074592591	0.9687319198174569	0.0	reverted	partial	partial	reverted	partial	persistent		0.0	0.0	0.0	0.014136581295439	0.01713149888710403	0.0
CCGCTTGCAGCTACTC-1	Tumor	E15S	Tumor	1	8729.751992501318	0.39264569820492995	0.777142671770623	0.19411609026038348	0.20998169481922144	0.022621177997241605	0.009512728449338414	0.96786609355342	0.00436040637364332	0.14226382763717413	0.8533757659891825	0.00436040637364332	0.0	0.9904872715506616	reverted	reverted	reverted	reverted	reverted	persistent		0.0	0.0	0.0	0.0	0.0	0.009512728449338414
CCGGCAATCGATCCGG-1	Tumor	E15S	Tumor	1	8405.60064804554	0.682263332195742	0.6683655533481767	0.16925062586750195	0.19916181339818934	0.02077623361427608	0.009574933610390158	0.9696488327753339	0.008983470948463254	0.1968632467040611	0.7941532823474756	0.008983470948463254	0.9696488327753339	0.0	reverted	partial	partial	reverted	partial	persistent		0.0	0.0	0.0	0.02077623361427608	0.009574933610390158	0.0
CCGGCATGTGAGGACT-1	Tumor	E15S	Tumor	1	8034.551408171654	0.46475279620743726	0.752610250367614	0.09276165916808671	0.16104966801456283	0.01591680173482394	0.009873070390540974	0.974210127874635	0.005193999085979543	0.15453355330722332	0.8402724476067971	0.005193999085979543	0.0	0.990126929609459	reverted	reverted	reverted	reverted	reverted	persistent		0.0	0.0	0.0	0.0	0.0	0.009873070390540976
CCGGTCAAGGGTGATG-1	Tumor	E15S	Tumor	1	8728.658832117915	-0.08958416886314952	0.8967872825928501	0.13571874223926106	0.23137152876966793	0.01973487000460092	0.010660588362528596	0.9696045416328706	0.0014912599988099232	0.08017105655600316	0.918337683445187	0.0014912599988099232	0.0	0.9893394116374713	reverted	reverted	reverted	reverted	reverted	persistent		0.0	0.0	0.0	0.0	0.0	0.010660588362528594
CCGTAATGTGCGAGCA-1	Tumor	E15S	Tumor	1	6295.874329566956	0.8258209572665309	0.6056409557328354	0.16672343397715592	0.16844167524142023	0.0199345063094935	0.009068880037001308	0.9709966136535052	0.013091230991346124	0.22918076304820773	0.7577280059604461	0.013091230991346124	0.9709966136535052	0.0	reverted	partial	partial	reverted	partial	persistent		0.0	0.0	0.0	0.0199345063094935	0.009068880037001308	0.0
CCGTCGAAGGTTAATC-1	Tumor	E15S	Tumor Proliferating	1	8925.057395905256	0.7100053956090188	0.6566232150199511	0.18982930264722586	0.1851281132505081	0.021793392046438445	0.009118526657954028	0.9690880812956075	0.009653228396642335	0.2028425825294826	0.787504189073875	0.009653228396642335	0.9690880812956075	0.0	reverted	partial	partial	reverted	partial	persistent		0.0	0.0	0.0	0.021793392046438445	0.009118526657954028	0.0
CCGTCTATCCACGGAT-1	Tumor	E15S	Tumor Proliferating	1	9113.667344033718	0.2007030052464153	0.8337538738419255	-0.4720071766066149	0.5229481716904752	0.014949226694080648	0.04337105069342502	0.9416797226124943	0.0027859579035196666	0.11362865338193834	0.883585388714542	0.0027859579035196666	0.0	0.9566289493065749	reverted	reverted	reverted	reverted	reverted	persistent		0.0	0.0	0.0	0.0	0.0	0.04337105069342502
CCGTGCAAGGCGTACT-1	Tumor	E15S	Tumor	1	8728.12962242961	2.179173425620995	0.10592329219465675	-0.1416449426753406	0.2394761109491041	0.011685548510806686	0.018676546216995882	0.9696379052721974	0.43967499424337103	0.38110635339897536	0.1792186523576535	0.43967499424337103	0.0	0.0	persistent	persistent	persistent	persistent	persistent	persistent		0.9696379052721974	0.011685548510806686	0.018676546216995882	0.0	0.0	0.0
CCGTGTGAGGCGAATG-1	Tumor	E15S	Tumor Proliferating	1	8950.121403671801	1.3079133810118355	0.3813909111119143	0.023683966418393425	0.22403714833299546	0.015003340667698095	0.0125799341752727	0.9724167251570294	0.04923806998579813	0.3552568234504568	0.595505106563745	0.04923806998579813	0.9724167251570291	0.0	reverted	partial	partial	reverted	partial	persistent		0.0	0.0	0.0	0.015003340667698092	0.012579934175272697	0.0
CCGTTGAGTGAGGCAT-1	Tumor	E15S	Tumor	1	8774.909402906895	1.111256080037076	0.47219209329909523	0.49207094742733365	0.11977251397170843	0.08261119209632706	0.008651596860573417	0.9087372110430996	0.02845602938641641	0.3020937833160114	0.6694501872975722	0.02845602938641641	0.9087372110430996	0.0	reverted	partial	partial	reverted	partial	persistent		0.0	0.0	0.0	0.08261119209632706	0.008651596860573417	0.0
CCGTTGAGTTTGACTA-1	Tumor	E15S	Tumor	1	8159.773259520531	1.6941641673774173	0.22883870467836379	0.03319994277986666	0.19279557743624054	0.014465654980979074	0.01162062509034536	0.9739137199286757	0.14280002228909922	0.437172271492921	0.4200277062179798	0.14280002228909922	0.0	0.0	partial	persistent	persistent	partial	persistent	persistent		0.9739137199286755	0.01446565498097907	0.011620625090345359	0.0	0.0	0.0
CCGTTGGAGCTAACGC-1	Tumor	E15S	Tumor	1	8889.931816801429	0.8978983079531452	0.5726257263291394	-0.08187535070419986	0.2927566300789237	0.014254930417015999	0.017640810425853852	0.9681042591571303	0.015877376525604024	0.24663316481895145	0.7374894586554446	0.015877376525604024	0.96810425915713	0.0	reverted	partial	partial	reverted	partial	persistent		0.0	0.0	0.0	0.014254930417015995	0.01764081042585385	0.0
CCTAACCCACTTCGTA-1	Tumor	E15S	Tumor Proliferating	1	8923.056301087141	1.2342763604650377	0.4147792643633678	-0.113714637196702	0.268484373112836	0.012916850042099902	0.018199273506537182	0.9688838764513629	0.04007375446989445	0.33545248649124637	0.6244737590388593	0.04007375446989445	0.9688838764513629	0.0	reverted	partial	partial	reverted	partial	persistent		0.0	0.0	0.0	0.012916850042099902	0.018199273506537182	0.0
CCTAACTTCTATCGGA-1	Tumor	E15S	Tumor	1	8835.171984434128	1.3892677385296592	0.34577459240831515	0.19980611656559003	0.16356607377242804	0.02208502262031563	0.008698574461117875	0.9692164029185666	0.061823542366711864	0.3764444316968437	0.5617320259364444	0.061823542366711864	0.9692164029185666	0.0	reverted	partial	partial	reverted	partial	persistent		0.0	0.0	0.0	0.02208502262031563	0.008698574461117875	0.0
CCTAATGAGTCAGCGT-1	Tumor	E15S	Tumor	1	8728.975249350071	0.7985114189047222	0.6179194506406498	-0.06109360778523215	0.2884007296908363	0.014594805540655509	0.016781518322081832	0.9686236761372626	0.012176193924375961	0.22277484002819467	0.7650489660474293	0.012176193924375961	0.9686236761372626	0.0	reverted	partial	partial	reverted	partial	persistent		0.0	0.0	0.0	0.014594805540655509	0.016781518322081832	0.0
CCTAATTCAGTAAGTC-1	Tumor	E15S	Tumor Proliferating	1	8968.006523773074	0.6528554126649587	0.6805880649311955	0.19464952160062857	0.17749287236362496	0.021974105885802685	0.00895149337514718	0.9690744007390502	0.008328129279019847	0.1906674747686389	0.8010043959523413	0.008328129279019847	0.9690744007390502	0.0	reverted	partial	partial	reverted	partial	persistent		0.0	0.0	0.0	0.021974105885802685	0.00895149337514718	0.0
CCTACCATCATAGAGA-1	Tumor	E15S	Tumor	1	8424.29451751709	2.8516483329086757	0.03210307970751784	0.00030882227357841713	0.15632165304511267	0.012621701160948887	0.01161082610521797	0.9757674727338332	0.8886678402607565	0.09518107172787192	0.016151088011371616	0.8886678402607565	0.0	0.0	persistent	persistent	persistent	persistent	persistent	persistent		0.9757674727338332	0.012621701160948887	0.01161082610521797	0.0	0.0	0.0
CCTACCATCGATCCTT-1	Tumor	E15S	Tumor	1	8277.49396622181	-0.4646231611669382	0.9464464568405793	-0.1762018475012675	0.4067297298783198	0.015846555693578426	0.0247289430883705	0.9594245012180511	0.0007359522546620627	0.05067021618943187	0.948593831555906	0.0007359522546620627	0.0	0.9752710569116295	reverted	reverted	reverted	reverted	reverted	reverted		0.0	0.0	0.0	0.0	0.0	0.0247289430883705
CCTACCGCATGGTGCA-1	Tumor	E15S	Tumor Proliferating	1	8887.164987966418	0.4437920695025199	0.7599242599594712	0.3216017253643032	0.1344770481150258	0.0350016933030545	0.007915280017999928	0.9570830266789455	0.004934696978579119	0.15087828282903307	0.8441870201923879	0.004934696978579119	0.0	0.9920847199820001	reverted	reverted	reverted	reverted	reverted	persistent		0.0	0.0	0.0	0.0	0.0	0.00791528001799993
CCTAGCGAGCATATAC-1	Tumor	E15S	Tumor Proliferating	1	8736.124390594661	1.1923844101492438	0.43415101774060516	0.28170687805093164	0.14362730586822273	0.029584554623223545	0.00804106344684357	0.9623743819299331	0.03565247763772784	0.32407796306654696	0.6402695592957253	0.03565247763772784	0.9623743819299329	0.0	reverted	partial	partial	reverted	partial	persistent		0.0	0.0	0.0	0.029584554623223538	0.008041063446843568	0.0
CCTAGCGAGGTCGTAC-1	Tumor	E15S	Tumor	1	8917.427740558982	2.087438861369018	0.12353102962221663	0.4162852017937844	0.12266837204080641	0.055172996790265424	0.008109229289018296	0.9367177739207163	0.36756548856721716	0.4109340094849031	0.22150050194787965	0.36756548856721716	0.0	0.0	partial	persistent	persistent	partial	persistent	persistent		0.9367177739207163	0.055172996790265424	0.008109229289018296	0.0	0.0	0.0
CCTAGCTCAACTGGCA-1	Tumor	E15S	Tumor Proliferating	1	8973.035930551589	0.6251935463447867	0.6918630579278457	0.029887484148916697	0.25472000716791987	0.016093188894404257	0.013228125734915826	0.97067868537068	0.0077589511629145265	0.18497435323116848	0.8072666956059169	0.0077589511629145265	0.97067868537068	0.0	reverted	partial	partial	reverted	partial	persistent		0.0	0.0	0.0	0.016093188894404257	0.013228125734915826	0.0
CCTAGGGTCCTGGTAA-1	Tumor	E15S	Hypoxic Tumor	1	7793.431607723236	0.4690472005767249	0.7510934420897483	0.18088305526910806	0.17124199055287315	0.020903777163781403	0.008976479294969477	0.9701197435412491	0.005248971926441003	0.15529149067114856	0.8394595374024105	0.005248971926441003	0.0	0.9910235207050305	reverted	reverted	reverted	reverted	reverted	persistent		0.0	0.0	0.0	0.0	0.0	0.008976479294969477
CCTAGGGTCGATCGGT-1	Tumor	E15S	Tumor Proliferating	1	9028.469827592373	0.6706874877532137	0.6732049929932897	0.20364249158093822	0.19527699167937373	0.02297253678312059	0.00916299207154247	0.9678644711453369	0.008719053177781707	0.19440682811209695	0.7968741187101214	0.008719053177781707	0.9678644711453369	0.0	reverted	partial	partial	reverted	partial	persistent		0.0	0.0	0.0	0.02297253678312059	0.00916299207154247	0.0
CCTAGGTAGGTGCTCG-1	Tumor	E15S	Tumor Proliferating	1	8990.38867110014	0.6880911603220594	0.6659155369787709	-0.025731001920273538	0.26557061051514935	0.014789269891336734	0.015003971700491532	0.9702067584081716	0.00911987360901364	0.19810853573324855	0.7927715906577377	0.00911987360901364	0.9702067584081717	0.0	reverted	partial	partial	reverted	partial	persistent		0.0	0.0	0.0	0.014789269891336736	0.015003971700491534	0.0
CCTAGTAAGGAACTGG-1	Tumor	E15S	Tumor	1	7599.597918510437	-0.04008042859293936	0.8877845602985426	-0.575035872785383	0.5381212167591952	0.014266125407661655	0.05118475610408794	0.9345491184882503	0.0016512295764103489	0.08513078828584682	0.9132179821377429	0.0016512295764103489	0.0	0.9488152438959121	reverted	reverted	reverted	reverted	reverted	persistent		0.0	0.0	0.0	0.0	0.0	0.051184756104087945
CCTATAGAGAAGGATC-1	Tumor	E15S	Tumor Proliferating	1	8839.868831217289	-0.17733284830032264	0.9111815855171482	-0.07418780107997379	0.34111400541328446	0.015917616781788827	0.018788324764728737	0.9652940584534825	0.0012509207381023518	0.07204999780917593	0.9266990814527218	0.0012509207381023518	0.0	0.9812116752352713	reverted	reverted	reverted	reverted	reverted	persistent		0.0	0.0	0.0	0.0	0.0	0.018788324764728737
CCTATAGAGTACGCTA-1	Tumor	E15S	Tumor	1	8316.080421805382	0.9593834847081625	0.5439292880901554	0.21487852230395746	0.14868247563644915	0.02301331643683676	0.00839102812177714	0.9685956554413861	0.01875214724964519	0.26209883834855563	0.7191490144017991	0.01875214724964519	0.9685956554413861	0.0	reverted	partial	partial	reverted	partial	persistent		0.0	0.0	0.0	0.02301331643683676	0.00839102812177714	0.0
CCTATTCAGGTACGAG-1	Tumor	E15S	Tumor	1	8112.490971267223	0.025452599905237527	0.8748177084241496	0.11370434631213774	0.27734820281613953	0.02001306816553199	0.01211784699320202	0.967869084841266	0.0018953823860781832	0.0921439031349237	0.9059607144789981	0.0018953823860781832	0.0	0.9878821530067979	reverted	reverted	reverted	reverted	reverted	persistent		0.0	0.0	0.0	0.0	0.0	0.01211784699320202
CCTCACGCACAGCGAC-1	Tumor	E15S	Tumor Proliferating	1	8967.266320705414	1.110374137247734	0.4726082343584407	-0.32126830434293024	0.3948558168901565	0.013290148584393594	0.03265597737922197	0.9540538740363844	0.02838661043400374	0.30185615342325833	0.6697572361427379	0.02838661043400374	0.9540538740363844	0.0	reverted	partial	partial	reverted	partial	persistent		0.0	0.0	0.0	0.013290148584393594	0.03265597737922197	0.0
CCTCGATCAACTGTAA-1	Tumor	E15S	Tumor	1	8753.2082490772	0.0810930997754689	0.8628195782520609	0.01581614225532161	0.258538787837161	0.01576196857261844	0.013673932585323963	0.9705640988420575	0.0021364677838100524	0.09851970700576852	0.8993438252104214	0.0021364677838100524	0.0	0.986326067414676	reverted	reverted	reverted	reverted	reverted	persistent		0.0	0.0	0.0	0.0	0.0	0.013673932585323963
CCTCGGTTCACTATCC-1	Tumor	E15S	Tumor	1	7078.0740559101105	0.7967081433887203	0.6187251242777183	-0.32493953613368903	0.40409562813976346	0.01349225241962727	0.033003209347915716	0.9535045382324572	0.012118233503284975	0.22235599831060696	0.7655257681861081	0.012118233503284975	0.953504538232457	0.0	reverted	partial	partial	reverted	partial	persistent		0.0	0.0	0.0	0.013492252419627267	0.03300320934791571	0.0
CCTCGTTGTTAGCGTT-1	Tumor	E15S	Tumor	1	7862.383653283119	1.0246305955201622	0.5131591321054001	-0.06217157989190653	0.20625915161462882	0.012301799048275218	0.014582867713908227	0.9731153332378164	0.02241056547540174	0.2790148070863587	0.6985746274382395	0.02241056547540174	0.9731153332378165	0.0	reverted	partial	partial	reverted	partial	persistent		0.0	0.0	0.0	0.01230179904827522	0.014582867713908229	0.0
CCTGATCCAAGCACCA-1	Tumor	E15S	Tumor Proliferating	1	8946.555069603026	-0.11985544414167862	0.9019723903827035	-0.09199106695615962	0.34924542536567754	0.01576553870874342	0.019669619121000792	0.9645648421702557	0.001402540582487787	0.07727512376696949	0.9213223356505428	0.001402540582487787	0.0	0.9803303808789992	reverted	reverted	reverted	reverted	reverted	persistent		0.0	0.0	0.0	0.0	0.0	0.019669619121000792
CCTGCAAGTGAGGTGT-1	Tumor	E15S	Tumor	1	8943.102440454066	0.7586112079909146	0.6355876218592261	-0.44600439087069177	0.4874604528486176	0.014298482915622744	0.04184833001703059	0.9438531870673467	0.010960466470257314	0.213629736662156	0.7754097968675866	0.010960466470257314	0.9438531870673467	0.0	reverted	partial	partial	reverted	partial	persistent		0.0	0.0	0.0	0.014298482915622744	0.04184833001703059	0.0
CCTGGCAAGTACGCTA-1	Tumor	E15S	Tumor	1	8403.922196805477	0.29688855144464116	0.806959739130703	0.021333258703668125	0.24545105985107524	0.015544667345146762	0.013186924688913693	0.9712684079659397	0.0034756471511504564	0.12726894624253668	0.8692554066063128	0.0034756471511504564	0.0	0.9868130753110863	reverted	reverted	reverted	reverted	reverted	persistent		0.0	0.0	0.0	0.0	0.0	0.01318692468891369
CCTGGCTTCAATCCAG-1	Tumor	E15S	Tumor	1	6064.9092317819595	0.7131985936590609	0.6552589191111875	-0.29256858770179367	0.4501101843770445	0.015224896092210343	0.03155388426594018	0.9532212196418495	0.009733723694345553	0.20353915358638022	0.7867271227192741	0.009733723694345553	0.9532212196418495	0.0	reverted	partial	partial	reverted	partial	persistent		0.0	0.0	0.0	0.015224896092210343	0.03155388426594018	0.0
CCTGGTGAGTTGGCTA-1	Tumor	E15S	Tumor Proliferating	1	9072.857077144086	0.10583682841608145	0.8571802600376724	0.030674585822205676	0.27089457043953014	0.016610242270960564	0.013648274067460546	0.969741483661579	0.0022550479573278477	0.10148473792585301	0.8962602141168191	0.0022550479573278477	0.0	0.9863517259325395	reverted	reverted	reverted	reverted	reverted	persistent		0.0	0.0	0.0	0.0	0.0	0.013648274067460546
CCTGGTTCACCTCAGT-1	Tumor	E15S	Tumor	1	8203.871710181236	2.122255338419019	0.11656982473872261	-0.2129937971478903	0.29834870664332425	0.012138768007812172	0.023948062530469945	0.9639131694617178	0.3943303214595595	0.40061546393263336	0.20505421460780718	0.3943303214595595	0.0	0.0	partial	persistent	persistent	partial	persistent	persistent		0.9639131694617178	0.012138768007812172	0.023948062530469945	0.0	0.0	0.0
CCTGTAAAGGTCACTA-1	Tumor	E15S	Tumor	1	8391.246865272522	0.03147699205975081	0.8735633692886838	-0.06789598538635824	0.2595268707172272	0.013596336897345209	0.016194118944083763	0.9702095441585711	0.001919889901618988	0.09281515822418474	0.9052649518741962	0.001919889901618988	0.0	0.9838058810559163	reverted	reverted	reverted	reverted	reverted	persistent		0.0	0.0	0.0	0.0	0.0	0.016194118944083763
CCTGTAAAGTTACGGC-1	Tumor	E15S	Tumor Proliferating	1	9007.083016574383	0.2660228523440833	0.8158993623825614	-0.053008266358965016	0.29175106287474817	0.014888741092548152	0.016608309240961176	0.9685029496664909	0.0032351238711693176	0.12274060652174786	0.8740242696070827	0.0032351238711693176	0.0	0.9833916907590388	reverted	reverted	reverted	reverted	reverted	persistent		0.0	0.0	0.0	0.0	0.0	0.016608309240961173
CCTGTCGCAAATCGAC-1	Tumor	E15S	Tumor	1	8876.633710026741	2.005995495314732	0.1412163091646659	0.06663113453200972	0.1808972398397933	0.01533542208124306	0.010694563128593739	0.9739700147901632	0.30866818201328283	0.429898991781038	0.2614328262056792	0.30866818201328283	0.0	0.0	partial	persistent	persistent	partial	persistent	persistent		0.9739700147901632	0.01533542208124306	0.010694563128593739	0.0	0.0	0.0
CCTGTCGCAGGATCTG-1	Tumor	E15S	Tumor	1	8871.303193196654	0.2313886958686262	0.8255448909619728	-0.14161353593540832	0.34563250971234266	0.01462636964986279	0.02155309030835919	0.9638205400417779	0.002987453271039501	0.11783069037084264	0.8791818563581179	0.002987453271039501	0.0	0.9784469096916408	reverted	reverted	reverted	reverted	reverted	persistent		0.0	0.0	0.0	0.0	0.0	0.021553090308359193
CCTGTGGAGCATGTCA-1	Tumor	E15S	Tumor Proliferating	1	8844.336049437523	2.3468519077709886	0.07940073137498883	-0.20489796696935028	0.28919423823189594	0.012014560291056043	0.023262873759741294	0.9647225659492027	0.5782090932860137	0.30881054238341205	0.11298036433057426	0.5782090932860137	0.0	0.0	persistent	persistent	persistent	persistent	persistent	persistent		0.9647225659492027	0.012014560291056043	0.023262873759741294	0.0	0.0	0.0
CCTGTTGTCTATGCAG-1	Tumor	E15S	Tumor	1	8747.922276288271	1.5247771182432321	0.29024288526256464	0.1965127335770442	0.1687815469368068	0.021939853682828185	0.008801689742260612	0.9692584565749113	0.09012737900042785	0.40837129686332047	0.5015013241362517	0.09012737900042785	0.0	0.0	reverted	persistent	persistent	reverted	persistent	persistent		0.9692584565749113	0.021939853682828185	0.008801689742260612	0.0	0.0	0.0
CCTTCGATCGCTAGTA-1	Tumor	E15S	Tumor	1	7452.422731637955	1.5705939285467927	0.2727047320390298	0.14654472360581702	0.14637836123533343	0.01827624434738709	0.008935958782262644	0.9727877968703503	0.10223986592030924	0.4176769277668255	0.48008320631286516	0.10223986592030924	0.0	0.0	reverted	persistent	persistent	reverted	persistent	persistent		0.9727877968703503	0.01827624434738709	0.008935958782262644	0.0	0.0	0.0
CCTTCGATCTGTCAAG-1	Tumor	E15S	Tumor	1	8594.978999197483	0.31312694723579854	0.802125684905363	0.16544267148230124	0.22777697446546855	0.021254716013240103	0.010184168556108077	0.9685611154306518	0.003610273559934765	0.12971006807631957	0.8666796583637456	0.003610273559934765	0.0	0.989815831443892	reverted	reverted	reverted	reverted	reverted	persistent		0.0	0.0	0.0	0.0	0.0	0.010184168556108077
CCTTGAAAGCAAGCGA-1	Tumor	E15S	Tumor	1	8481.499456301332	0.4433778499464487	0.7600672962169642	-0.04192273211695869	0.3065331471828651	0.015619979943644715	0.016683702543316	0.9676963175130392	0.004929719871089921	0.1508067850753231	0.8442634950535869	0.004929719871089921	0.0	0.983316297456684	reverted	reverted	reverted	reverted	reverted	persistent		0.0	0.0	0.0	0.0	0.0	0.016683702543316005
CCTTGGGAGTTAGGAA-1	Tumor	E15S	Tumor	1	8847.909747093916	2.3498516113516903	0.07898661566961547	0.157100055324038	0.14924901356215095	0.018952991070869066	0.008869314542176727	0.9721776943869541	0.5806688041449852	0.3073801725464916	0.11195102330852318	0.5806688041449852	0.0	0.0	persistent	persistent	persistent	persistent	persistent	persistent		0.9721776943869541	0.018952991070869066	0.008869314542176727	0.0	0.0	0.0
CCTTGGTCATGGAACT-1	Tumor	E15S	Tumor Proliferating	1	8943.004078418016	0.05038663016728984	0.8695562147779926	-0.023029127670558237	0.3073077514793331	0.016143131655162537	0.016128068042971733	0.9677288003018657	0.0019992616932412634	0.0949519464369464	0.9030487918698125	0.0019992616932412634	0.0	0.9838719319570283	reverted	reverted	reverted	reverted	reverted	persistent		0.0	0.0	0.0	0.0	0.0	0.016128068042971733
CCTTTAATCAAGTGAA-1	Tumor	E15S	Tumor Proliferating	1	9033.817900113761	0.28624400905433467	0.8100794868030541	-0.041298675889167025	0.2836696195655746	0.014932510851188421	0.01599629539885236	0.9690711937499593	0.003390480290051036	0.12569082796441172	0.8709186917455373	0.003390480290051036	0.0	0.9840037046011477	reverted	reverted	reverted	reverted	reverted	persistent		0.0	0.0	0.0	0.0	0.0	0.01599629539885236
CCTTTCAGTTGGTGAA-1	Tumor	E15S	Tumor Proliferating	1	8860.547808229923	1.2558418635864086	0.4049048055329852	0.006425083099188961	0.2225303040632961	0.014439217467041516	0.012964797471683727	0.9725959850612749	0.042563236402542406	0.3412881934662689	0.6161485701311887	0.042563236402542406	0.9725959850612749	0.0	reverted	partial	partial	reverted	partial	persistent		0.0	0.0	0.0	0.014439217467041516	0.012964797471683727	0.0
CGAAACCTCTAATGCG-1	Tumor	E15S	Tumor Proliferating	1	8922.528458945453	2.6941719017525307	0.042776549776113934	0.06061558617983152	0.1707584416970201	0.014863618226056658	0.010600361472738247	0.9745360203012049	0.819517405146275	0.14841335805299993	0.03206923680072501	0.819517405146275	0.0	0.0	persistent	persistent	persistent	persistent	persistent	persistent		0.9745360203012051	0.014863618226056662	0.010600361472738249	0.0	0.0	0.0
CGAACATCAATCAGCG-1	Tumor	E15S	Tumor Proliferating	1	8989.60406229645	0.9899415037829804	0.5295456414081902	-0.2504225899538484	0.3424124620115987	0.012791633228826338	0.02716367337084266	0.9600446934003309	0.020380572281722513	0.26996223295148375	0.7096571947667937	0.020380572281722513	0.960044693400331	0.0	reverted	partial	partial	reverted	partial	persistent		0.0	0.0	0.0	0.01279163322882634	0.027163673370842665	0.0
CGAACCACACAAGCCA-1	Tumor	E15S	Hypoxic Tumor	1	5168.789260864258	-1.1690465427214305	0.9853074474351343	-1.077694998450949	1.0835580847880286	0.02252584280256509	0.05764455641687383	0.9198296007805612	0.0002721358678299991	0.02136172176487614	0.9783661423672939	0.0002721358678299991	0.0	0.9423554435831263	reverted	reverted	reverted	reverted	reverted	persistent		0.0	0.0	0.0	0.0	0.0	0.05764455641687383
CGAACTATCCGGTGTG-1	Tumor	E15S	Tumor Proliferating	1	8895.502513825893	0.819882825729404	0.6083227305986307	-0.1820072820630769	0.3143587158115607	0.013016918031623284	0.02262421132287373	0.9643588706455031	0.012886184091434	0.2277779193163054	0.7593358965922605	0.012886184091434	0.9643588706455031	0.0	reverted	partial	partial	reverted	partial	persistent		0.0	0.0	0.0	0.013016918031623284	0.02262421132287373	0.0
CGAACTATCGCGACAT-1	Tumor	E15S	Tumor	1	8327.315152645111	0.8563235825984951	0.5917681018002283	0.3275055948271612	0.14047618859163258	0.035835221959359585	0.007955541404155903	0.9562092366364845	0.01420087579215976	0.2364722088694104	0.7493269153384299	0.01420087579215976	0.9562092366364845	0.0	reverted	partial	partial	reverted	partial	persistent		0.0	0.0	0.0	0.035835221959359585	0.007955541404155903	0.0
CGAACTTGTCTTACCC-1	Tumor	E15S	Tumor	1	8665.815615013242	0.7183531038981906	0.6530512503912664	0.006802753699258847	0.24180359882225133	0.014996290426434928	0.013453798210484846	0.9715499113630802	0.009865196003090973	0.20466718200280534	0.7854676219941038	0.009865196003090973	0.9715499113630802	0.0	reverted	partial	partial	reverted	partial	persistent		0.0	0.0	0.0	0.014996290426434928	0.013453798210484846	0.0
CGAATCTGTCAGGGCA-1	Tumor	E15S	Tumor	1	8697.319257736206	0.9518693707481779	0.5474559129471557	0.25815544554768	0.16357676950276617	0.027128730487861904	0.008337479127890153	0.9645337903842479	0.018373092416324396	0.26018244901349624	0.7214444585701792	0.018373092416324396	0.9645337903842479	0.0	reverted	partial	partial	reverted	partial	persistent		0.0	0.0	0.0	0.027128730487861904	0.008337479127890153	0.0
CGAATCTGTGCGGTGA-1	Tumor	E15S	Hypoxic Tumor	1	7449.651783943176	0.9593878338302109	0.5439272455910803	-0.35307753550060283	0.2623974619127448	0.010058771876830946	0.035071589934102934	0.9548696381890662	0.0187523690151128	0.2620999495637242	0.7191476814211629	0.0187523690151128	0.9548696381890662	0.0	reverted	partial	partial	reverted	partial	persistent		0.0	0.0	0.0	0.010058771876830946	0.035071589934102934	0.0
CGACCATAGCGGATAG-1	Tumor	E15S	Tumor	1	8996.472218766809	1.2889943328811178	0.3898763375904529	0.2328700663789365	0.15117509217517638	0.02458958082359159	0.008315523929773683	0.9670948952466348	0.04669896403174618	0.35020713555771166	0.6030939004105422	0.04669896403174618	0.9670948952466348	0.0	reverted	partial	partial	reverted	partial	persistent		0.0	0.0	0.0	0.02458958082359159	0.008315523929773683	0.0
CGACCGATCCGCACTC-1	Tumor	E15S	Tumor	1	7540.833856344223	0.1158010964844535	0.8548553057506753	-0.5812568190957271	0.6170258161575255	0.01623401445680556	0.04920597740732809	0.9345600081358664	0.0023049450440607243	0.10270187324530292	0.8949931817106365	0.0023049450440607243	0.0	0.950794022592672	reverted	reverted	reverted	reverted	reverted	reverted		0.0	0.0	0.0	0.0	0.0	0.04920597740732809
CGACCTAGTCTTGACG-1	Tumor	E15S	Tumor	1	8911.675353184342	4.2193958196444665	0.0024836791022344695	-0.03222105801518727	0.14723739197646404	0.011627120129767094	0.012309028614720146	0.9760638512555128	0.9995436183014086	0.0004477592745086754	8.622424082779464e-06	0.9995436183014086	0.0	0.0	persistent	persistent	persistent	persistent	persistent	persistent		0.9760638512555128	0.011627120129767094	0.012309028614720146	0.0	0.0	0.0
CGACCTAGTTTACCGG-1	Tumor	E15S	Tumor Proliferating	1	9030.695317409933	0.6255657752470257	0.6917128066430516	-0.22089263645063512	0.3616708103457617	0.013743523764954657	0.025844788328831268	0.9604116879062139	0.007766322606943292	0.1850500925042412	0.8071835848888157	0.007766322606943292	0.9604116879062141	0.0	reverted	partial	partial	reverted	partial	persistent		0.0	0.0	0.0	0.013743523764954661	0.025844788328831275	0.0
CGACTAATCACCTCAT-1	Tumor	E15S	Tumor	1	8732.585233032703	0.9736779511985789	0.5372085321016461	-1.4632389785771227	0.8650347492228961	0.01511211141148012	0.0977943513556191	0.8870935372329007	0.019496161162629377	0.26576350279044647	0.7147403360469241	0.019496161162629377	0.8870935372329007	0.0	reverted	partial	partial	reverted	partial	partial		0.0	0.0	0.0	0.01511211141148012	0.0977943513556191	0.0
CGACTATGTGATGCCC-1	Tumor	E15S	Tumor	1	8490.49476802349	0.9806916407026891	0.5339058368373506	-0.12032947598375074	0.2765504725865888	0.013016858006135772	0.018701432295514162	0.9682817096983501	0.01987251463158867	0.2675704759599494	0.712557009408462	0.01987251463158867	0.9682817096983501	0.0	reverted	partial	partial	reverted	partial	persistent		0.0	0.0	0.0	0.013016858006135772	0.018701432295514162	0.0
CGACTGACAGCATGTG-1	Tumor	E15S	Tumor Proliferating	1	8970.716521680355	0.9667649407815917	0.5404606277911025	0.10770085155557263	0.21536164460263793	0.01794835558276265	0.010731202508775779	0.9713204419084616	0.01913253954974213	0.2639881463915194	0.7168793140587385	0.01913253954974213	0.9713204419084616	0.0	reverted	partial	partial	reverted	partial	persistent		0.0	0.0	0.0	0.01794835558276265	0.010731202508775779	0.0
CGACTGGTCCTGAGCG-1	Tumor	E15S	Tumor Proliferating	1	9024.132727384567	0.6205650827323413	0.6937279511273308	-0.04377051287119415	0.27120962284090916	0.014497890858642962	0.015717858328279183	0.969784250813078	0.0076679263273899045	0.1840345599357408	0.8082975137368692	0.0076679263273899045	0.969784250813078	0.0	reverted	partial	partial	reverted	partial	persistent		0.0	0.0	0.0	0.014497890858642962	0.015717858328279183	0.0
CGAGCCATCACTTCCG-1	Tumor	E15S	Tumor	1	8519.009568929672	-0.30970375117811316	0.9294811479385059	0.17959226186946797	0.2075789852708656	0.02161627339349718	0.009619104079718974	0.9687646225267837	0.0009712242095551159	0.061282751543048596	0.9377460242473963	0.0009712242095551159	0.0	0.990380895920281	reverted	reverted	reverted	reverted	reverted	persistent		0.0	0.0	0.0	0.0	0.0	0.009619104079718976
CGAGCGAGTAGCCATT-1	Tumor	E15S	Tumor	1	8987.69835267961	2.122782904782562	0.11646701017441448	0.04941604038429973	0.20725158630179977	0.015394035375456422	0.011606404754824592	0.972999559869719	0.3947421615002911	0.4004493573093303	0.20480848119037856	0.3947421615002911	0.0	0.0	partial	persistent	persistent	partial	persistent	persistent		0.972999559869719	0.015394035375456422	0.011606404754824592	0.0	0.0	0.0
CGAGGATGTCAATGGA-1	Tumor	E15S	Tumor	1	8807.647690929472	2.1371925206356224	0.11368910970105302	-0.10971636543673524	0.2124061343007491	0.011551204005281592	0.016552004389947583	0.9718967916047707	0.40605748078346143	0.39580286802297054	0.1981396511935679	0.40605748078346143	0.0	0.0	persistent	persistent	persistent	persistent	persistent	persistent		0.9718967916047707	0.011551204005281592	0.016552004389947583	0.0	0.0	0.0
CGAGTCACAACCAGTG-1	Tumor	E15S	Tumor Proliferating	1	9031.164250567555	0.3242027052024675	0.7987765334549267	-0.010191686206095792	0.2709033678000616	0.015370898516181479	0.014706326250606196	0.9699227752332125	0.003705476747396448	0.13139860884516427	0.8648959144074393	0.003705476747396448	0.0	0.9852936737493937	reverted	reverted	reverted	reverted	reverted	persistent		0.0	0.0	0.0	0.0	0.0	0.014706326250606193
CGAGTGAAGCAATCGC-1	Tumor	E15S	Tumor Proliferating	1	9027.242258816957	0.29746559899874986	0.8067895066329439	-0.3662760283456712	0.4533296198880261	0.014317458251859998	0.036188055996734914	0.949494485751405	0.0034803328378811968	0.12735499507265344	0.8691646720894656	0.0034803328378811968	0.0	0.9638119440032651	reverted	reverted	reverted	reverted	reverted	persistent		0.0	0.0	0.0	0.0	0.0	0.036188055996734914
CGATCTAAGTGAGCGA-1	Tumor	E15S	Tumor Proliferating	1	9017.186200082302	0.32710335009074093	0.7978924444067376	-0.31052736651757584	0.4228930967778976	0.014193751639346339	0.03226008436701353	0.95354616399364	0.0037308754170602694	0.13184399349966047	0.8644251310832792	0.0037308754170602694	0.0	0.9677399156329864	reverted	reverted	reverted	reverted	reverted	persistent		0.0	0.0	0.0	0.0	0.0	0.03226008436701354
CGATGGGGTTATCTCT-1	Tumor	E15S	Hypoxic Tumor	1	9114.351022481918	0.3738974028091778	0.7832293261815134	0.3316381188722293	0.16045926120950246	0.03619850297121562	0.008104324857013671	0.9556971721717707	0.004168928175383765	0.13921300814656623	0.8566180636780499	0.004168928175383765	0.0	0.9918956751429864	reverted	reverted	reverted	reverted	reverted	reverted		0.0	0.0	0.0	0.0	0.0	0.008104324857013671
CGATGTCAGGGGTAAT-1	Tumor	E15S	Tumor	1	8962.303876139224	0.8994872082693968	0.5718894244137558	0.027227567239240656	0.2467557740929984	0.015770233129846403	0.013079802632894693	0.971149964237259	0.015945480638393662	0.24702641536376246	0.7370281039978439	0.015945480638393662	0.971149964237259	0.0	reverted	partial	partial	reverted	partial	persistent		0.0	0.0	0.0	0.015770233129846403	0.013079802632894693	0.0
CGCAAATCAAATGGAG-1	Tumor	E15S	Tumor	1	8898.526765286922	0.22643197270930715	0.8268922293253056	0.15840663903694316	0.2135118536732736	0.02048636216343623	0.009979109888387953	0.9695345279481759	0.00295380592692265	0.11714258815991835	0.879903605913159	0.00295380592692265	0.0	0.9900208901116121	reverted	reverted	reverted	reverted	reverted	persistent		0.0	0.0	0.0	0.0	0.0	0.009979109888387953
CGCAATATCGACCGCA-1	Tumor	E15S	Hypoxic Tumor	1	5190.520740509033	-0.6776496270733029	0.9635725061495293	-0.18101949262629058	0.46385772167634104	0.01754149362870043	0.026363258280578863	0.9560952480907209	0.0005199039855849382	0.03899320207528354	0.9604868939391316	0.0005199039855849382	0.0	0.973636741719421	reverted	reverted	reverted	reverted	reverted	persistent		0.0	0.0	0.0	0.0	0.0	0.026363258280578856
CGCACCTTCGCTGAAC-1	Tumor	E15S	Hypoxic Tumor	1	5648.300897359848	-0.06969562020749585	0.8932497829585808	-1.0801760182216569	1.0477637897737744	0.021758550528028657	0.059014739389211174	0.9192267100827601	0.001553209377409505	0.08212974011752408	0.9163170505050663	0.001553209377409505	0.0	0.9409852606107888	reverted	reverted	reverted	reverted	reverted	persistent		0.0	0.0	0.0	0.0	0.0	0.059014739389211174
CGCAGATTCATATCCC-1	Tumor	E15S	Tumor	1	8546.938896924257	3.6934915318544244	0.006693444106151372	0.20876989196844228	0.10800871999870977	0.02197257267626572	0.007982950044731799	0.9700444772790024	0.9953514092669066	0.004447597305940413	0.0002009934271530352	0.9953514092669066	0.0	0.0	persistent	persistent	persistent	persistent	persistent	persistent		0.9700444772790024	0.02197257267626572	0.007982950044731799	0.0	0.0	0.0
CGCAGCTGTAAGTAAC-1	Tumor	E15S	Tumor Proliferating	1	8980.871470548213	0.6331655161127794	0.6886363017265605	0.09568775285150938	0.23910861968591957	0.01808746687366891	0.0114799790802258	0.9704325540461052	0.007918507035573407	0.18660163958346257	0.8054798533809641	0.007918507035573407	0.9704325540461053	0.0	reverted	partial	partial	reverted	partial	persistent		0.0	0.0	0.0	0.018087466873668915	0.011479979080225801	0.0
CGCATCAGTAGGTGTA-1	Tumor	E15S	Tumor	1	8872.337064743042	1.0964256469381033	0.4791944556392535	-1.3883274587143324	0.9975390718413802	0.018369665880716694	0.0756750784489244	0.9059552556703588	0.027311709852726247	0.29810383029511683	0.674584459852157	0.027311709852726247	0.9059552556703588	0.0	reverted	partial	partial	reverted	partial	persistent		0.0	0.0	0.0	0.018369665880716694	0.0756750784489244	0.0
CGCATCAGTTGTAGGA-1	Tumor	E15S	Tumor Proliferating	1	9025.406423307955	-0.26335340161003884	0.9235083451482983	-0.24519779544212122	0.41987079899582025	0.015059173064237943	0.028411540230854432	0.9565292867049078	0.00105945400755819	0.06486182054508964	0.9340787254473522	0.00105945400755819	0.0	0.9715884597691455	reverted	reverted	reverted	reverted	reverted	persistent		0.0	0.0	0.0	0.0	0.0	0.028411540230854425
CGCATCTCATAAGTGC-1	Tumor	E15S	Tumor	1	8922.43826007843	2.369099576630506	0.07637607584104616	-0.2984058960030997	0.2695426192179894	0.010562565255578693	0.029628969196182013	0.9598084655482394	0.5963751975495861	0.29813858418539796	0.10548621826501586	0.5963751975495861	0.0	0.0	persistent	persistent	persistent	persistent	persistent	persistent		0.9598084655482394	0.010562565255578693	0.029628969196182013	0.0	0.0	0.0
CGCATGGTCTAACCAG-1	Tumor	E15S	Tumor	1	8575.220580786467	0.1583707831063713	0.8445671178676609	0.3116499942865864	0.181039988495256	0.033263686308281894	0.00833914982848288	0.9583971638632353	0.0025330132080845346	0.10805443104957103	0.8894125557423445	0.0025330132080845346	0.0	0.9916608501715172	reverted	reverted	reverted	reverted	reverted	persistent		0.0	0.0	0.0	0.0	0.0	0.00833914982848288
CGCCAAGTCCTTAGTC-1	Tumor	E15S	Tumor	1	8758.692650169134	1.2458638247308114	0.4094645232784455	-0.16646339272733654	0.29891635241518144	0.012839561421092684	0.021436864345641078	0.965723574233266	0.04139247056352311	0.3385906584954482	0.6200168709410288	0.04139247056352311	0.9657235742332663	0.0	reverted	partial	partial	reverted	partial	persistent		0.0	0.0	0.0	0.012839561421092688	0.02143686434564108	0.0
CGCCACTTCTAAGTCG-1	Tumor	E15S	Tumor	1	7112.975321292877	1.0761569510050493	0.4887772508924336	0.12300336384092858	0.22621537457678706	0.018962943815971935	0.010734107392332102	0.970302948791696	0.025824383793393916	0.29267350800972425	0.681502108196882	0.025824383793393916	0.970302948791696	0.0	reverted	partial	partial	reverted	partial	persistent		0.0	0.0	0.0	0.018962943815971935	0.010734107392332102	0.0
CGCCATAGTTCGGTTG-1	Tumor	E15S	Tumor Proliferating	1	9000.42867268622	0.45834357846744905	0.7548624553881448	-0.3780852802423066	0.46419424244305424	0.014468925682624074	0.03703061119721459	0.9485004631201613	0.005113139274310555	0.1534080982942439	0.8414787624314457	0.005113139274310555	0.0	0.9629693888027854	reverted	reverted	reverted	reverted	reverted	persistent		0.0	0.0	0.0	0.0	0.0	0.03703061119721459
CGCCATGAGGCTTACA-1	Tumor	E15S	Tumor	1	8437.254766643047	0.31587035665860935	0.801300048200821	-0.22677683204366256	0.3920198521720094	0.014529775396432245	0.026843222053082587	0.9586270025504852	0.003633595054312863	0.13012652730605212	0.866239877639635	0.003633595054312863	0.0	0.9731567779469175	reverted	reverted	reverted	reverted	reverted	persistent		0.0	0.0	0.0	0.0	0.0	0.026843222053082587
CGCCATGAGGTAGTAA-1	Tumor	E15S	Tumor Proliferating	1	8922.295693404973	0.23318533919042067	0.8250544886869569	0.14359184964325938	0.22536644388630633	0.019980462005995757	0.010418458205793872	0.9696010797882103	0.0029997570854781025	0.11808099922720168	0.8789192436873201	0.0029997570854781025	0.0	0.9895815417942061	reverted	reverted	reverted	reverted	reverted	persistent		0.0	0.0	0.0	0.0	0.0	0.010418458205793872
CGCCATTCAATCGACG-1	Tumor	E15S	Tumor	1	8327.56599086523	-0.02219089007390323	0.8843659917705289	-0.2349450652771607	0.4590252130445915	0.01640731765339734	0.028688338942448505	0.954904343404154	0.0017139950266029946	0.0869936236336034	0.9112923813397936	0.0017139950266029946	0.0	0.9713116610575515	reverted	reverted	reverted	reverted	reverted	persistent		0.0	0.0	0.0	0.0	0.0	0.028688338942448512
CGCCATTCATTCCTCT-1	Tumor	E15S	Tumor	1	6482.577877640724	1.256679519962937	0.40452275115320774	0.02235531285252785	0.2596670647286061	0.01600015210129416	0.013542550199097968	0.9704572976996079	0.042663034827983524	0.341514420315505	0.6158225448565114	0.042663034827983524	0.9704572976996079	0.0	reverted	partial	partial	reverted	partial	persistent		0.0	0.0	0.0	0.01600015210129416	0.013542550199097968	0.0
CGCCTAGAGTAAGCCC-1	Tumor	E15S	Tumor	1	7788.631156176329	0.9973865696016783	0.5260328802273206	0.09625748033394646	0.23629882961704932	0.01803073997641703	0.011402687409472092	0.9705665726141107	0.02079939953921499	0.2718943008317666	0.7073062996290184	0.02079939953921499	0.9705665726141108	0.0	reverted	partial	partial	reverted	partial	persistent		0.0	0.0	0.0	0.018030739976417035	0.011402687409472093	0.0
CGCCTGAAGCTACTCT-1	Tumor	E15S	Tumor Proliferating	1	8930.878812015057	0.20771978604119534	0.8319044514101612	-0.20995710793137567	0.3802168675513769	0.014453684543945348	0.02569459021980202	0.9598517252362526	0.002830626189370328	0.11457740984286795	0.8825919639677619	0.002830626189370328	0.0	0.974305409780198	reverted	reverted	reverted	reverted	reverted	persistent		0.0	0.0	0.0	0.0	0.0	0.02569459021980202
CGCGATTAGGTCAACC-1	Tumor	E15S	Tumor	1	8905.78541855514	3.1988392517091575	0.016898976693735277	0.062309264913413175	0.15538571143778926	0.014570514676184	0.010275732296006592	0.9751537530278095	0.9668954207424896	0.030123747708015448	0.0029808315494950464	0.9668954207424896	0.0	0.0	persistent	persistent	persistent	persistent	persistent	persistent		0.9751537530278095	0.014570514676184	0.010275732296006592	0.0	0.0	0.0
CGCGCAATCGCGTGTG-1	Tumor	E15S	Tumor	1	6930.261241674423	0.8713826465665411	0.5848633167237379	-0.2701005414024402	0.329332560644057	0.012205274448343273	0.028214925887243343	0.9595797996644134	0.01478529389712165	0.24012361131282917	0.7450910947900492	0.01478529389712165	0.9595797996644134	0.0	reverted	partial	partial	reverted	partial	persistent		0.0	0.0	0.0	0.012205274448343273	0.028214925887243343	0.0
CGCTAATGTTTAGCCG-1	Tumor	E15S	Tumor Proliferating	1	9055.902445167303	1.0627695645821615	0.49511161081047605	0.021270003280991316	0.206488480645817	0.014447670684037593	0.012208070675839946	0.9733442586401224	0.024888354222113683	0.2891031648439802	0.6860084809339062	0.024888354222113683	0.9733442586401224	0.0	reverted	partial	partial	reverted	partial	persistent		0.0	0.0	0.0	0.014447670684037593	0.012208070675839946	0.0
CGCTACCTCGAACCCG-1	Tumor	E15S	Tumor	1	8879.143933057785	1.7388812254641801	0.21424306150594843	0.28245698420567233	0.1360427006467745	0.02966159943279268	0.007971124725807901	0.9623672758413996	0.1606862781157842	0.4417006816615869	0.39761304022262894	0.1606862781157842	0.0	0.0	partial	persistent	persistent	partial	persistent	persistent		0.9623672758413994	0.029661599432792674	0.0079711247258079	0.0	0.0	0.0
CGCTACTCATTCGGAG-1	Tumor	E15S	Tumor	1	6161.182158589363	0.9553923989528769	0.5458030093476648	-0.6562205640228167	0.5610378565426006	0.014082645737248137	0.05746313309339282	0.928454221169359	0.018549798506216835	0.26108008521465514	0.720370116279128	0.018549798506216835	0.928454221169359	0.0	reverted	partial	partial	reverted	partial	persistent		0.0	0.0	0.0	0.014082645737248137	0.05746313309339282	0.0
CGCTATGGTGAGCAAC-1	Tumor	E15S	Tumor	1	5271.277685165405	-0.6214595956846722	0.9596488542673202	-0.1722984222422354	0.4370175113109485	0.01686671587396672	0.02533002202906013	0.9578032620969732	0.0005676173255705666	0.041782821076437604	0.9576495615979919	0.0005676173255705666	0.0	0.9746699779709399	reverted	reverted	reverted	reverted	reverted	persistent		0.0	0.0	0.0	0.0	0.0	0.02533002202906013
CGCTCCACAGGCAACC-1	Tumor	E15S	Tumor Proliferating	1	9015.26216495037	-0.007690786079989927	0.8815290310162217	-0.31532273401600047	0.46561893276368005	0.015344868882291498	0.03307284090739927	0.9515822902103092	0.0017669451066428352	0.08853168600252438	0.9097013688908326	0.0017669451066428352	0.0	0.9669271590926007	reverted	reverted	reverted	reverted	reverted	persistent		0.0	0.0	0.0	0.0	0.0	0.03307284090739928
CGCTGATAGCCATCGG-1	Tumor	E15S	Hypoxic Tumor	1	7862.260751724243	0.3348895411135714	0.7955049588014776	-1.338274819848588	0.8662607852120636	0.015902727422729957	0.08681435768947036	0.8972829148877997	0.003800028865938231	0.13304607258287726	0.8631538985511846	0.003800028865938231	0.0	0.9131856423105297	reverted	reverted	reverted	reverted	reverted	persistent		0.0	0.0	0.0	0.0	0.0	0.08681435768947038
CGCTGATAGCGCTTGG-1	Tumor	E15S	Tumor	1	8683.425963401794	0.25622718835962416	0.8186686119525914	0.17987885105887705	0.21982448442533395	0.0219255981357684	0.009851952573692263	0.9682224492905395	0.003162781926132	0.12133371348711179	0.8755035045867562	0.003162781926132	0.0	0.9901480474263077	reverted	reverted	reverted	reverted	reverted	persistent		0.0	0.0	0.0	0.0	0.0	0.009851952573692261
CGCTGCTTCAGTAGCC-1	Tumor	E15S	Tumor	1	8998.623279377818	0.5722466973045623	0.7128119013635141	-0.048565717605525416	0.303651556566577	0.015362955849204368	0.0168114887541886	0.9678255553966071	0.006784375763393016	0.17444299089015455	0.8187726333464524	0.006784375763393016	0.0	0.9831885112458114	reverted	reverted	reverted	reverted	reverted	persistent		0.0	0.0	0.0	0.0	0.0	0.0168114887541886
CGCTGCTTCGACCCAG-1	Tumor	E15S	Tumor	1	8669.625965416431	1.4989449430456232	0.30041961796026156	-0.27971944101590834	0.36614114560336175	0.013043102289764243	0.029462936075571263	0.9574939616346644	0.08391072974404898	0.4027381533595916	0.5133511168963594	0.08391072974404898	0.9574939616346645	0.0	reverted	partial	partial	reverted	partial	persistent		0.0	0.0	0.0	0.013043102289764245	0.029462936075571267	0.0
CGCTGTTCAACTATGA-1	Tumor	E15S	Tumor	1	8984.534124672413	1.0473826779868793	0.502393865604614	0.11834799615845573	0.1928532767065865	0.017854426779516704	0.010098002530160563	0.9720475706903228	0.023855985280627774	0.2850174869808247	0.6911265277385474	0.023855985280627774	0.9720475706903228	0.0	reverted	partial	partial	reverted	partial	persistent		0.0	0.0	0.0	0.017854426779516704	0.010098002530160563	0.0
CGCTTCATCATCTAGG-1	Tumor	E15S	Tumor	1	7763.21019256115	1.779511978179868	0.20157870025257385	-0.19163129968312195	0.27616796574884894	0.011866944261051697	0.02219583228451647	0.9659372234544319	0.17856740627214485	0.4444165213599916	0.37701607236786355	0.17856740627214485	0.0	0.0	partial	persistent	persistent	partial	persistent	reverted		0.9659372234544319	0.011866944261051697	0.02219583228451647	0.0	0.0	0.0
CGGACAGGTAGCCTGC-1	Tumor	E15S	Tumor	1	8445.381345450878	0.6347790904268901	0.6879809380903339	-0.14248495082064092	0.32494714744065656	0.013993292728752405	0.02101488934254985	0.9649918179286977	0.007951235564581174	0.18693233666899042	0.8051164277664282	0.007951235564581174	0.9649918179286977	0.0	reverted	partial	partial	reverted	partial	persistent		0.0	0.0	0.0	0.013993292728752405	0.02101488934254985	0.0
CGGACAGGTTGTGGTT-1	Tumor	E15S	Tumor	1	8794.473624885082	0.9935524201570034	0.5278422680632179	-0.24740378379062314	0.34333919393652523	0.012856617150483774	0.026994459690099604	0.9601489231594166	0.02058259044859722	0.27089853476776354	0.7085188747836394	0.02058259044859722	0.9601489231594166	0.0	reverted	partial	partial	reverted	partial	persistent		0.0	0.0	0.0	0.012856617150483774	0.026994459690099604	0.0
CGGACTTAGCTTACAG-1	Tumor	E15S	Tumor Proliferating	1	9017.736831367016	1.1813968506681662	0.4392679266368319	-0.0198529646945646	0.21916140727064795	0.01362533041787712	0.013586337913580711	0.9727883316685423	0.03457751587557308	0.32109215794993656	0.6443303261744904	0.03457751587557308	0.9727883316685421	0.0	reverted	partial	partial	reverted	partial	persistent		0.0	0.0	0.0	0.013625330417877116	0.013586337913580708	0.0
CGGATAAGTTTCGTCC-1	Tumor	E15S	Tumor Proliferating	1	8948.203459322453	2.028262475314284	0.13618092259358397	-0.03647846774099009	0.23776450824036596	0.013715658175272951	0.014565038661132169	0.9717193031635948	0.324203001546979	0.4254510954463311	0.2503459030066899	0.324203001546979	0.0	0.0	partial	persistent	persistent	partial	persistent	persistent		0.9717193031635949	0.013715658175272953	0.01456503866113217	0.0	0.0	0.0
CGGATCACATCACGCT-1	Tumor	E15S	Tumor	1	6125.8990869522095	-0.2423978926586389	0.9206583809363558	0.13298873096425176	0.267972296160075	0.02063806865091641	0.011560249871480596	0.967801681477603	0.001102584258012073	0.06654603373325818	0.9323513820087297	0.001102584258012073	0.0	0.9884397501285195	reverted	reverted	reverted	reverted	reverted	persistent		0.0	0.0	0.0	0.0	0.0	0.011560249871480596
CGGATCACATCCGCTG-1	Tumor	E15S	Tumor Proliferating	1	8890.558466650546	0.8099274038847276	0.612804081997762	-0.08891686859688527	0.2822916769818055	0.013797126627846747	0.017602054464746712	0.9686008189074067	0.01255008639988627	0.22543838046538014	0.7620115331347336	0.01255008639988627	0.9686008189074065	0.0	reverted	partial	partial	reverted	partial	persistent		0.0	0.0	0.0	0.013797126627846743	0.01760205446474671	0.0
CGGATTCAGTTAGCGC-1	Tumor	E15S	Tumor Proliferating	1	8917.793627858162	0.5630889942504329	0.7163478276755381	-0.34713103201882656	0.4352732497944535	0.014061908711368296	0.034784026779536584	0.9511540645090952	0.006629838801828452	0.1726702161795486	0.820699945018623	0.006629838801828452	0.0	0.9652159732204635	reverted	reverted	reverted	reverted	reverted	persistent		0.0	0.0	0.0	0.0	0.0	0.034784026779536584
CGGCCAATCGTTCCGC-1	Tumor	E15S	Tumor	1	8673.376052856445	0.7559291605900217	0.6367628459063239	0.1777429070464927	0.23055827258122155	0.022057709064794536	0.01009299932574173	0.9678492916094636	0.010883565504727822	0.2130243029070054	0.7760921315882668	0.010883565504727822	0.9678492916094638	0.0	reverted	partial	partial	reverted	partial	persistent		0.0	0.0	0.0	0.02205770906479454	0.010092999325741732	0.0
CGGCCTAAGCGCATTA-1	Tumor	E15S	Tumor	1	8275.75301861763	0.9961778315777485	0.526603376377307	-0.11676149235257469	0.2780242626398629	0.013123984081459287	0.018591182783789635	0.9682848331347512	0.02073079177338341	0.27158020530959576	0.7076890029170209	0.02073079177338341	0.968284833134751	0.0	reverted	partial	partial	reverted	partial	persistent		0.0	0.0	0.0	0.013123984081459284	0.01859118278378963	0.0
CGGCTCAAGGATGGCA-1	Tumor	E15S	Tumor	1	8762.089282274246	2.036512919951637	0.1343539493641074	-0.16946307195554533	0.25295396218731664	0.011602265641582789	0.020417725800963533	0.9679800085574538	0.330072192189867	0.42366104621807726	0.24626676159205577	0.330072192189867	0.0	0.0	partial	persistent	persistent	partial	persistent	persistent		0.9679800085574536	0.011602265641582787	0.02041772580096353	0.0	0.0	0.0
CGGCTTGAGTTGCAGC-1	Tumor	E15S	Tumor Proliferating	1	9061.482461899519	0.2796357928421188	0.8119967517935015	-0.14515500546391225	0.3444037649444174	0.014522229886170215	0.021673567183829272	0.9638042029300005	0.0033387981099552376	0.12471985567603414	0.8719413462140106	0.0033387981099552376	0.0	0.9783264328161707	reverted	reverted	reverted	reverted	reverted	persistent		0.0	0.0	0.0	0.0	0.0	0.021673567183829272
CGGGACTCACCTTAAT-1	Tumor	E15S	Hypoxic Tumor	1	5394.839783191681	-0.25700570494147246	0.9226551130039857	0.03538729968589772	0.3191685503367223	0.018294062208973033	0.014908056703811937	0.966797881087215	0.0010722959466392696	0.06536756567870071	0.93356013837466	0.0010722959466392696	0.0	0.9850919432961881	reverted	reverted	reverted	reverted	reverted	persistent		0.0	0.0	0.0	0.0	0.0	0.014908056703811939
CGGTGAGGTGAAGTAT-1	Tumor	E15S	Hypoxic Tumor	1	8378.77097082138	-0.1904896289389736	0.9131768275732909	-0.5192190225190697	0.615835084942701	0.016909453700436058	0.045238454055221713	0.9378520922443422	0.0012190521490687645	0.07090268354006622	0.9278782643108651	0.0012190521490687645	0.0	0.9547615459447782	reverted	reverted	reverted	reverted	reverted	persistent		0.0	0.0	0.0	0.0	0.0	0.045238454055221713
CGGTTAGCAATCTCTG-1	Tumor	E15S	Tumor	1	8824.994997546077	2.789003763592777	0.03599980639258085	0.20803285740454133	0.13016876202847524	0.022190892018882538	0.008213642761726639	0.9695954652193909	0.8642554598587096	0.11437344902244748	0.021371091118842913	0.8642554598587096	0.0	0.0	persistent	persistent	persistent	persistent	persistent	persistent		0.9695954652193909	0.022190892018882538	0.008213642761726639	0.0	0.0	0.0
CGGTTATGTTAGGGTA-1	Tumor	E15S	Tumor	1	8641.526890099049	0.3869759012276561	0.7789961457674677	0.23132380400599087	0.1960887632718542	0.025121897154102454	0.008950675999357501	0.9659274268465401	0.004301480728573995	0.14133521182157974	0.8543633074498465	0.004301480728573995	0.0	0.9910493240006425	reverted	reverted	reverted	reverted	reverted	persistent		0.0	0.0	0.0	0.0	0.0	0.008950675999357501
CGGTTCTCAAGGTCAT-1	Tumor	E15S	Tumor Proliferating	1	8909.706821605563	0.56944085275383	0.7138980738355625	-0.7145589551101593	0.6633198387492626	0.016063642333138436	0.0569247421955945	0.9270116154712672	0.006736610822841735	0.1738983019392728	0.8193650872378855	0.006736610822841735	0.0	0.9430752578044056	reverted	reverted	reverted	reverted	reverted	persistent		0.0	0.0	0.0	0.0	0.0	0.0569247421955945
CGTAAACCATCACTAT-1	Tumor	E15S	Tumor	1	8865.946313843131	3.9600691405244315	0.0040516035071648665	-0.30982443868204307	0.2170872281565433	0.009563745301713769	0.03046085852958688	0.9599753961686993	0.9985245572430066	0.0014333011442568065	4.214161273668033e-05	0.9985245572430066	0.0	0.0	persistent	persistent	persistent	persistent	persistent	persistent		0.9599753961686993	0.009563745301713769	0.03046085852958688	0.0	0.0	0.0
CGTAAACCATTACGTT-1	Tumor	E15S	Tumor	1	8793.757938146591	1.5781816983530355	0.269864983113885	-0.35125460531346964	0.4142578456795718	0.013445921779358022	0.0349437522645806	0.9516103259560614	0.10438749777967239	0.41912408085998054	0.4764884213603469	0.10438749777967239	0.0	0.0	reverted	persistent	persistent	reverted	persistent	persistent		0.9516103259560614	0.013445921779358022	0.0349437522645806	0.0	0.0	0.0
CGTAAAGGTTGTGCCA-1	Tumor	E15S	Tumor Proliferating	1	9026.351197123528	0.41084656543697123	0.7711180596264093	0.332054461883532	0.1402789499843943	0.036553565744221486	0.007954238103073899	0.9554921961527046	0.004555753609313289	0.14528016203226993	0.8501640843584167	0.004555753609313289	0.0	0.9920457618969262	reverted	reverted	reverted	reverted	reverted	persistent		0.0	0.0	0.0	0.0	0.0	0.007954238103073899
CGTAAATTCCAGGGTT-1	Tumor	E15S	Tumor	1	7472.225929260254	0.4102002564160264	0.7713339404213363	0.08820301887260498	0.18012328777125305	0.016176718050222506	0.01030619286068299	0.9735170890890945	0.004548651677302484	0.14517212638320798	0.8502792219394896	0.004548651677302484	0.0	0.989693807139317	reverted	reverted	reverted	reverted	reverted	persistent		0.0	0.0	0.0	0.0	0.0	0.01030619286068299
CGTAACATCACGCAAC-1	Tumor	E15S	Tumor	1	8678.24395981431	2.0126247678339824	0.13970113284927568	-0.1445416523377136	0.27457130733288315	0.012539270939671245	0.019731261553425618	0.967729467506903	0.3132457950061698	0.4286333483120164	0.25812085668181384	0.3132457950061698	0.0	0.0	partial	persistent	persistent	partial	persistent	persistent		0.9677294675069031	0.012539270939671247	0.01973126155342562	0.0	0.0	0.0
CGTAATGTCATCAGTG-1	Tumor	E15S	Tumor Proliferating	1	9012.265215434134	0.22150415939687026	0.8282235407390062	0.0740917861357854	0.24981596241599976	0.017521681582700503	0.012146274344243542	0.9703320440730558	0.0029207828879132913	0.1164620834571784	0.8806171336549083	0.0029207828879132913	0.0	0.9878537256557565	reverted	reverted	reverted	reverted	reverted	persistent		0.0	0.0	0.0	0.0	0.0	0.012146274344243544
CGTACCCTCTGGCCTC-1	Tumor	E15S	Tumor	1	8893.246950358152	1.2086226675319651	0.42661479217437737	0.3483501215592844	0.13581657807834735	0.039381023865131363	0.007937416456749986	0.9526815596781187	0.03730404106658817	0.32849024633026785	0.634205712603144	0.03730404106658817	0.9526815596781187	0.0	reverted	partial	partial	reverted	partial	persistent		0.0	0.0	0.0	0.039381023865131363	0.007937416456749986	0.0
CGTACTAAGAAGGTCG-1	Tumor	E15S	Tumor Proliferating	1	9037.266422003508	2.3575034194710005	0.07793919576930661	-0.10769073072502927	0.19833747711736632	0.01126078676617229	0.016122530573103734	0.9726166826607241	0.5869292688105844	0.30371881168424714	0.10935191950516847	0.5869292688105844	0.0	0.0	persistent	persistent	persistent	persistent	persistent	persistent		0.9726166826607241	0.01126078676617229	0.016122530573103734	0.0	0.0	0.0
CGTACTAAGCATTAGT-1	Tumor	E15S	Tumor	1	7896.290607452393	0.7222926894765063	0.6513594752827111	-0.6554787877501302	0.6064418265727741	0.015203728202083303	0.0550634081373277	0.9297328636605889	0.009966974064486411	0.20553233544560223	0.7845006904899114	0.009966974064486411	0.9297328636605889	0.0	reverted	partial	partial	reverted	partial	persistent		0.0	0.0	0.0	0.015203728202083303	0.0550634081373277	0.0
CGTAGGGGTTTGGCAT-1	Tumor	E15S	Tumor	1	8887.130690708756	0.7816109896843073	0.6254442975728651	-0.09469158434673478	0.24894040508403667	0.012748074252862998	0.01689386237692796	0.970358063370209	0.011644436736222405	0.21886984828050954	0.769485714983268	0.011644436736222405	0.970358063370209	0.0	reverted	partial	partial	reverted	partial	persistent		0.0	0.0	0.0	0.012748074252862998	0.01689386237692796	0.0
CGTAGTCAGCTATCAG-1	Tumor	E15S	Tumor	1	8867.276031792164	1.4000831799644204	0.3411575289813658	-0.13388015765994998	0.28360016939365673	0.012967657363994438	0.019487455038369975	0.9675448875976355	0.0637205880521938	0.37917505714676863	0.5571043548010376	0.0637205880521938	0.9675448875976356	0.0	reverted	partial	partial	reverted	partial	persistent		0.0	0.0	0.0	0.01296765736399444	0.019487455038369978	0.0
CGTAGTTGTGATCAAG-1	Tumor	E15S	Tumor Proliferating	1	8956.703367635608	0.2834473133968482	0.8108927231498746	-0.09786518753979909	0.3347932971871894	0.015184393271956387	0.01946441129770799	0.9653511954303358	0.0033684977548380265	0.12527908350133196	0.87135241874383	0.0033684977548380265	0.0	0.980535588702292	reverted	reverted	reverted	reverted	reverted	persistent		0.0	0.0	0.0	0.0	0.0	0.019464411297707988
CGTCAAATCCGGGCTA-1	Tumor	E15S	Tumor	1	8922.083573061973	1.976291558092424	0.14817461059678358	0.006572106844138038	0.174821150076014	0.013214202459117391	0.011840307828326442	0.974945489712556	0.288665957844148	0.43495964882859506	0.2763743933272569	0.288665957844148	0.0	0.0	partial	persistent	persistent	partial	persistent	persistent		0.9749454897125561	0.013214202459117393	0.011840307828326443	0.0	0.0	0.0
CGTCACCTCTAGCTGA-1	Tumor	E15S	Tumor	1	7835.891588151455	0.36661685976793745	0.7855603128166069	-0.17099410175163154	0.34409741016498785	0.014046555231006447	0.022850600392023555	0.9631028443769701	0.004097126715185259	0.13804355591182374	0.8578593173729909	0.004097126715185259	0.0	0.9771493996079765	reverted	reverted	reverted	reverted	reverted	persistent		0.0	0.0	0.0	0.0	0.0	0.022850600392023555
CGTCCAAGTCTCCAGA-1	Tumor	E15S	Tumor Proliferating	1	9117.040033832192	-0.21228204536226158	0.9163925620308198	0.23877534689321558	0.21540933392310158	0.026065131536974845	0.009210386755958755	0.9647244817070664	0.0011684099051306044	0.06904102589918847	0.929790564195681	0.0011684099051306044	0.0	0.9907896132440412	reverted	reverted	reverted	reverted	reverted	persistent		0.0	0.0	0.0	0.0	0.0	0.009210386755958755
CGTCGTAGTGCAATTC-1	Tumor	E15S	Tumor Proliferating	1	8931.348226033151	0.32557915263922943	0.7983573664846257	-0.11711746853469801	0.2885118309433553	0.013412815213006855	0.018899189844282866	0.9676879949427103	0.0037175048279148274	0.1316097934373306	0.8646727017347546	0.0037175048279148274	0.0	0.9811008101557172	reverted	reverted	reverted	reverted	reverted	persistent		0.0	0.0	0.0	0.0	0.0	0.018899189844282866
CGTGAAAGTTCAAGGA-1	Tumor	E15S	Tumor Proliferating	1	8897.226068854332	-0.2503879616477668	0.9217563059375314	-0.14746199144485103	0.3681663660364291	0.01520118974689721	0.022432395099090834	0.962366415154012	0.0010858889321139046	0.06589890955539435	0.9330152015124917	0.0010858889321139046	0.0	0.9775676049009092	reverted	reverted	reverted	reverted	reverted	persistent		0.0	0.0	0.0	0.0	0.0	0.022432395099090834
CGTGAAAGTTTGGTTA-1	Tumor	E15S	Tumor	1	8693.525669768453	0.6789492843824291	0.6697547317235952	0.03497396874636318	0.25849315067114303	0.01637411948204244	0.013209901808943129	0.9704159787090145	0.008906892631028236	0.19615767217510285	0.7949354351938689	0.008906892631028236	0.9704159787090145	0.0	reverted	partial	partial	reverted	partial	persistent		0.0	0.0	0.0	0.01637411948204244	0.013209901808943129	0.0
CGTGAGAAGGATGTGG-1	Tumor	E15S	Tumor	1	8925.67332009226	3.5466355826062226	0.008819861362296018	-0.07681155159798318	0.16781309100039343	0.01113776940882249	0.014202247923407284	0.9746599826677703	0.9914752580545064	0.008063980723325082	0.0004607612221685337	0.9914752580545064	0.0	0.0	persistent	persistent	persistent	persistent	persistent	persistent		0.9746599826677703	0.01113776940882249	0.014202247923407284	0.0	0.0	0.0
CGTGAGGGTCAAGCCC-1	Tumor	E15S	Tumor	1	8950.621353387833	0.24966072811137285	0.820506738121928	0.1305357782900427	0.22054795974181005	0.019178980075741682	0.010498283455085801	0.9703227364691723	0.0031153176838317922	0.12039868554413981	0.8764859967720284	0.0031153176838317922	0.0	0.9895017165449141	reverted	reverted	reverted	reverted	reverted	persistent		0.0	0.0	0.0	0.0	0.0	0.010498283455085803
CGTGAGGGTCAAGGAC-1	Tumor	E15S	Tumor	1	7702.355514764786	1.0261490524367567	0.5124409357741944	0.20050929030423276	0.1714394246878828	0.022280693469112184	0.008808927499608574	0.9689103790312793	0.022504121938349518	0.2794138948008114	0.6980819832608391	0.022504121938349518	0.9689103790312793	0.0	reverted	partial	partial	reverted	partial	persistent		0.0	0.0	0.0	0.022280693469112184	0.008808927499608574	0.0
CGTGAGGGTGGCGAAT-1	Tumor	E15S	Tumor	1	8985.60624280572	0.6466277701613912	0.6831455666443134	-0.1052628466474369	0.31090402676790047	0.014300926223949935	0.01905560143618554	0.9666434723398645	0.008196129746972883	0.189374337802351	0.8024295324506759	0.008196129746972883	0.9666434723398645	0.0	reverted	partial	partial	reverted	partial	persistent		0.0	0.0	0.0	0.014300926223949935	0.01905560143618554	0.0
CGTGAGGGTTGGAGTA-1	Tumor	E15S	Tumor	1	6052.309057712555	0.668042766897619	0.6743055453299148	-0.4511887045303764	0.5590190440558422	0.016180621147688756	0.04162701869673313	0.9421923601555781	0.0086598354786241	0.19384881146307895	0.7974913530582969	0.0086598354786241	0.9421923601555781	0.0	reverted	partial	partial	reverted	partial	persistent		0.0	0.0	0.0	0.016180621147688756	0.04162701869673313	0.0
CGTGATGCATGCTACC-1	Tumor	E15S	Tumor	1	8539.739320158958	-0.1686646389486129	0.9098445178404329	0.24243956660278224	0.20049548095374692	0.026129536459631834	0.008939583982827898	0.9649308795575403	0.0012724701126335582	0.07281565310064408	0.9259118767867224	0.0012724701126335582	0.0	0.9910604160171721	reverted	reverted	reverted	reverted	reverted	persistent		0.0	0.0	0.0	0.0	0.0	0.008939583982827898
CGTGATTGTAGCGCCT-1	Tumor	E15S	Tumor Proliferating	1	8930.74041262269	0.41835422372253833	0.7685998504204693	0.08347842133039698	0.22815034249776148	0.017263948400931664	0.01143680925033337	0.9712992423487349	0.00463916452313541	0.14654014306280758	0.848820692414057	0.00463916452313541	0.0	0.9885631907496666	reverted	reverted	reverted	reverted	reverted	persistent		0.0	0.0	0.0	0.0	0.0	0.01143680925033337
CGTGATTGTTTCGAGT-1	Tumor	E15S	Tumor Proliferating	1	8775.181340575218	1.441604543595807	0.3237160292567613	-0.5413012257189659	0.5065888422643657	0.013806001630483658	0.04931850549305259	0.9368754928764639	0.07154836569123608	0.3894079459834016	0.5390436883253623	0.07154836569123608	0.9368754928764637	0.0	reverted	partial	partial	reverted	partial	persistent		0.0	0.0	0.0	0.013806001630483655	0.049318505493052577	0.0
CGTGCTGAGGTAGAGT-1	Tumor	E15S	Tumor	1	8695.543283760548	2.0131947660792893	0.13957149272916364	0.04547657675081058	0.22341615511964452	0.015703752247664446	0.012074340064026653	0.9722219076883089	0.31364128137718567	0.4285222052476068	0.2578365133752075	0.31364128137718567	0.0	0.0	partial	persistent	persistent	partial	persistent	persistent		0.972221907688309	0.01570375224766445	0.012074340064026655	0.0	0.0	0.0
CGTGGCTGTATAGCAG-1	Tumor	E15S	Tumor Proliferating	1	8957.461626663804	-0.16184357641642336	0.9087796508604309	-0.07450903299015967	0.320801219157723	0.01527305155508788	0.01819655173783639	0.9665303967070757	0.0012897441406470307	0.07342365457132616	0.9252866012880269	0.0012897441406470307	0.0	0.9818034482621636	reverted	reverted	reverted	reverted	reverted	persistent		0.0	0.0	0.0	0.0	0.0	0.01819655173783639
CGTGTATGTTGTGGCC-1	Tumor	E15S	Tumor	1	7820.067976951599	0.830902711401428	0.603340867830421	0.06977071786952924	0.18494837002923037	0.0155567234697938	0.010721314866205315	0.9737219616640008	0.013269476697635233	0.23038563724978975	0.7563448860525751	0.013269476697635233	0.9737219616640009	0.0	reverted	partial	partial	reverted	partial	persistent		0.0	0.0	0.0	0.015556723469793803	0.010721314866205317	0.0
CGTTAATAGCCTTCCA-1	Tumor	E15S	Tumor	1	8968.690831303596	1.6174561262525542	0.25546771720610056	0.23246050435748364	0.14274980740018572	0.024449045073476627	0.008219282294379312	0.967331672632144	0.11618767214192716	0.42613618527996583	0.45767614257810707	0.11618767214192716	0.0	0.0	reverted	persistent	persistent	reverted	persistent	persistent		0.967331672632144	0.024449045073476627	0.008219282294379312	0.0	0.0	0.0
CGTTACAAGGATGCTC-1	Tumor	E15S	Tumor	1	8921.76630550623	0.20930089170996383	0.831485457801483	-0.5975626373054665	0.6028655014854314	0.015690514481845344	0.050761443962864895	0.9335480415552897	0.0028408041806886465	0.11479218091591403	0.8823670149033974	0.0028408041806886465	0.0	0.9492385560371351	reverted	reverted	reverted	reverted	reverted	persistent		0.0	0.0	0.0	0.0	0.0	0.0507614439628649
CGTTATAGTGGGTAAC-1	Tumor	E15S	Tumor	1	8676.667523443699	3.378665754099579	0.012081823767469775	0.05549491839482675	0.14073184042327824	0.014007596019647644	0.010138995183664989	0.9758534087966871	0.9833408986263736	0.015502961334735272	0.001156140038891055	0.9833408986263736	0.0	0.0	persistent	persistent	persistent	persistent	persistent	persistent		0.9758534087966874	0.014007596019647647	0.01013899518366499	0.0	0.0	0.0
CGTTATGAGCGACTGT-1	Tumor	E15S	Tumor	1	9041.564949214458	0.08993334761690099	0.8608266255839232	-0.427249238527073	0.5275561559832266	0.015607055596616487	0.04026204045864336	0.9441309039447402	0.002177981728460356	0.09956969789949721	0.8982523203720425	0.002177981728460356	0.0	0.9597379595413567	reverted	reverted	reverted	reverted	reverted	persistent		0.0	0.0	0.0	0.0	0.0	0.04026204045864336
CGTTATGAGTGCGGTT-1	Tumor	E15S	Tumor Proliferating	1	8932.612074457109	0.43365072052860687	0.7634094354464237	0.2192310867757404	0.16684891048425074	0.02364923524616541	0.008602522287359552	0.9677482424664752	0.004814433434813082	0.1491359762552177	0.8460495903099692	0.004814433434813082	0.0	0.9913974777126405	reverted	reverted	reverted	reverted	reverted	persistent		0.0	0.0	0.0	0.0	0.0	0.008602522287359552
CGTTCACCAACATGAC-1	Tumor	E15S	Tumor Proliferating	1	8865.609417676926	1.336699359196538	0.36861922589514073	-0.1183977657023754	0.28326108389018595	0.013240061007568589	0.018805944713511553	0.9679539942789198	0.053369249872941865	0.36286505080910003	0.5837656993179581	0.053369249872941865	0.9679539942789198	0.0	reverted	partial	partial	reverted	partial	persistent		0.0	0.0	0.0	0.013240061007568589	0.018805944713511553	0.0
CGTTCCATCCACCTTG-1	Tumor	E15S	Tumor	1	8911.34860765934	1.5517164121833134	0.27985017894169356	0.2837084903314802	0.1604839034607146	0.029863711501076525	0.008202811461405692	0.9619334770375179	0.09707465441989868	0.41395673765633006	0.4889686079237713	0.09707465441989868	0.0	0.0	reverted	persistent	persistent	reverted	persistent	persistent		0.9619334770375179	0.029863711501076525	0.008202811461405692	0.0	0.0	0.0
CGTTCCGCAACCTCAC-1	Tumor	E15S	Tumor	1	8782.188757807016	2.2062988920060542	0.10115750764650976	0.33804189198533197	0.11178735765894929	0.03806265586192551	0.007804112648377177	0.9541332314896974	0.4618123110969599	0.37075298211194807	0.16743470679109215	0.4618123110969599	0.0	0.0	persistent	persistent	persistent	persistent	persistent	persistent		0.9541332314896974	0.03806265586192551	0.007804112648377177	0.0	0.0	0.0
CGTTGAATCCCGCGTT-1	Tumor	E15S	Tumor Proliferating	1	8976.633217930794	0.01503583375775539	0.8769614210671919	-0.22112255808514283	0.4067478859152543	0.015057851147581236	0.026877765401653243	0.9580643834507654	0.0018538670402739944	0.09099395757886342	0.9071521753808627	0.0018538670402739944	0.0	0.9731222345983468	reverted	reverted	reverted	reverted	reverted	persistent		0.0	0.0	0.0	0.0	0.0	0.02687776540165325
CGTTGCCTCCTTCAAC-1	Tumor	E15S	Tumor	1	7328.279143333435	0.9862220922695204	0.5312994753763804	-0.328787595974102	0.470640063833623	0.015299062618788684	0.0339222440159839	0.9507786933652276	0.02017465922030842	0.26899932719030467	0.7108260135893867	0.02017465922030842	0.9507786933652274	0.0	reverted	partial	partial	reverted	partial	persistent		0.0	0.0	0.0	0.01529906261878868	0.03392224401598389	0.0
CGTTGGACAGTTGGAT-1	Tumor	E15S	Tumor	1	8938.573827266693	1.682548346697487	0.23274252594934303	-1.5726328063210064	0.9085971060241081	0.015373955956278823	0.09971165788047405	0.8849143861632471	0.13844898924541502	0.43575249597032306	0.42579851478426195	0.13844898924541502	0.0	0.0	partial	persistent	persistent	partial	persistent	persistent		0.8849143861632471	0.015373955956278823	0.09971165788047405	0.0	0.0	0.0
CGTTGGGTCTAACTGG-1	Tumor	E15S	Tumor Proliferating	1	8947.086485296488	0.13625130581213826	0.8499852954592129	0.43595650124071156	0.12210212620773155	0.0610484603988709	0.008220502032620645	0.9307310375685085	0.002411409546725918	0.10524207716963849	0.8923465132836356	0.002411409546725918	0.0	0.9917794979673794	reverted	reverted	reverted	reverted	reverted	persistent		0.0	0.0	0.0	0.0	0.0	0.008220502032620645
CGTTTAAGTAATGAAC-1	Tumor	E15S	Tumor	1	9005.89258570224	1.6469775191223401	0.24498351754424816	0.008459706033148356	0.17655493411833695	0.01330901226056712	0.01183178331331061	0.9748592044261223	0.12584905881627537	0.4308305629724522	0.4433203782112725	0.12584905881627537	0.0	0.0	reverted	persistent	persistent	reverted	persistent	persistent		0.9748592044261223	0.01330901226056712	0.01183178331331061	0.0	0.0	0.0
CGTTTAAGTAATGTGG-1	Tumor	E15S	Tumor Proliferating	1	8914.912296585739	0.3979588510659823	0.7753957471609322	-0.21187211159340044	0.35122425487841274	0.013585027819727605	0.025111746950181306	0.961303225230091	0.004416446271681463	0.14313876884571247	0.8524447848826061	0.004416446271681463	0.0	0.9748882530498187	reverted	reverted	reverted	reverted	reverted	persistent		0.0	0.0	0.0	0.0	0.0	0.02511174695018131
CGTTTCACATGATAGC-1	Tumor	E15S	Tumor	1	5932.635175973177	2.942663654387477	0.027159864162055097	-0.027014249087920564	0.22270640898873018	0.013538096430401627	0.01388436641819924	0.9725775371513992	0.9175782545541371	0.07183080904716552	0.01059093639869738	0.9175782545541371	0.0	0.0	persistent	persistent	persistent	persistent	persistent	persistent		0.9725775371513992	0.013538096430401627	0.01388436641819924	0.0	0.0	0.0
CGTTTCCGTCTAAGCT-1	Tumor	E15S	Tumor	1	8305.20254868269	0.048129540810561644	0.8700401301031156	0.05634486808336977	0.27240642519119035	0.01754140375785521	0.013105143680263758	0.969353452561881	0.00198958865175552	0.09469450234803274	0.9033159090002117	0.00198958865175552	0.0	0.9868948563197363	reverted	reverted	reverted	reverted	reverted	persistent		0.0	0.0	0.0	0.0	0.0	0.01310514368026376
CGTTTGGGTTACACTA-1	Tumor	E15S	Hypoxic Tumor	1	9025.783990681171	-0.15505034636266546	0.9077078964118335	-1.2526983860856733	1.033435443607633	0.020093424250233447	0.06654700185062273	0.9133595738991439	0.0013072303775772459	0.07403402847112617	0.9246587411512966	0.0013072303775772459	0.0	0.9334529981493773	reverted	reverted	reverted	reverted	reverted	reverted		0.0	0.0	0.0	0.0	0.0	0.06654700185062273
CTAAACCGTCTAAGGA-1	Tumor	E15S	Tumor	1	8756.379077911377	0.9819234951535664	0.5333254502554495	0.044975562980231705	0.2642908142886011	0.016889645436498343	0.013137090120153268	0.9699732644433485	0.019939400386881474	0.26788843506849225	0.7121721645446262	0.019939400386881474	0.9699732644433483	0.0	reverted	partial	partial	reverted	partial	persistent		0.0	0.0	0.0	0.01688964543649834	0.013137090120153265	0.0
CTAAACCGTCTTGGGC-1	Tumor	E15S	Tumor	1	8719.1545535177	0.7549428262873783	0.6371946299461733	0.47971050745471916	0.1229673301703507	0.07674175107603068	0.008532098032274874	0.9147261508916945	0.01085543111117121	0.21280194930371943	0.7763426195851095	0.01085543111117121	0.9147261508916945	0.0	reverted	partial	partial	reverted	partial	persistent		0.0	0.0	0.0	0.07674175107603068	0.008532098032274874	0.0
CTAAACCGTGAACTAG-1	Tumor	E15S	Tumor Proliferating	1	9004.141374833882	0.12887607255133396	0.8517569636826722	-0.25562563380436676	0.4215858643740785	0.01494681513736665	0.029007414089944155	0.9560457707726892	0.002372371255331063	0.1043193845179904	0.8933082442266786	0.002372371255331063	0.0	0.9709925859100559	reverted	reverted	reverted	reverted	reverted	persistent		0.0	0.0	0.0	0.0	0.0	0.02900741408994416
CTAAAGCCAAGGTCCA-1	Tumor	E15S	Tumor	1	6956.01370716095	-0.6699621339846258	0.9630582065785437	-0.11009558780317841	0.4124921787248706	0.01738156418910169	0.022183718327460782	0.9604347174834373	0.0005261004151747252	0.039363527676239095	0.9601103719085863	0.0005261004151747252	0.0	0.9778162816725392	reverted	reverted	reverted	reverted	reverted	reverted		0.0	0.0	0.0	0.0	0.0	0.022183718327460786
CTAAGCATCCTCTAGT-1	Tumor	E15S	Tumor	1	8972.68835376203	0.2744762163055839	0.8134833521479018	0.06487490611160399	0.22220635556957377	0.016368245041883233	0.011647243522749314	0.9719845114353675	0.0032990661311122467	0.12396636857714138	0.8727345652917463	0.0032990661311122467	0.0	0.9883527564772507	reverted	reverted	reverted	reverted	reverted	persistent		0.0	0.0	0.0	0.0	0.0	0.011647243522749314
CTAAGCCAGGTACTTG-1	Tumor	E15S	Tumor	1	7766.301828384399	0.469312315919087	0.7509995983330067	0.3072369180489751	0.14071579488686803	0.03286342584002472	0.007969626809563908	0.9591669473504114	0.005252386776579529	0.15533838315686302	0.8394092300665573	0.005252386776579529	0.0	0.9920303731904361	reverted	reverted	reverted	reverted	reverted	persistent		0.0	0.0	0.0	0.0	0.0	0.007969626809563908
CTAAGGTCAACGTGAT-1	Tumor	E15S	Tumor	1	8437.78248848021	1.415681804466683	0.3345514381310151	-0.23771942512348143	0.34070109136683124	0.01291734713949244	0.026350977403523837	0.9607316754569837	0.06655773672127412	0.3830683171685054	0.5503739461102204	0.06655773672127412	0.9607316754569837	0.0	reverted	partial	partial	reverted	partial	persistent		0.0	0.0	0.0	0.01291734713949244	0.026350977403523837	0.0
CTAAGGTCATCGAAGT-1	Tumor	E15S	Tumor	1	6382.993965387344	-0.4670025539584539	0.9466743139843737	0.06269126143344642	0.2596494470795571	0.01738368716860655	0.012630469558369417	0.9699858432730242	0.0007329410421973122	0.050522254647409046	0.9487448043103939	0.0007329410421973122	0.0	0.9873695304416307	reverted	reverted	reverted	reverted	reverted	persistent		0.0	0.0	0.0	0.0	0.0	0.012630469558369417
CTAAGGTCATTAGTAG-1	Tumor	E15S	Tumor Proliferating	1	8954.418933860958	2.287511551052802	0.08801013157440507	0.19374882118107412	0.13249182215311772	0.021115358153474418	0.008333933278517003	0.9705507085680086	0.5291129085100806	0.33636175529901385	0.13452533619090545	0.5291129085100806	0.0	0.0	persistent	persistent	persistent	persistent	persistent	persistent		0.9705507085680086	0.021115358153474418	0.008333933278517003	0.0	0.0	0.0
CTAATGGTCCTCTAAC-1	Tumor	E15S	Tumor Proliferating	1	8793.522825524211	0.35199574418690904	0.790186294260063	0.0028030247469377767	0.2734171695187725	0.015820887497738197	0.014422244512064279	0.9697568679901977	0.003957086094189086	0.1357206454193016	0.8603222684865093	0.003957086094189086	0.0	0.9855777554879357	reverted	reverted	reverted	reverted	reverted	persistent		0.0	0.0	0.0	0.0	0.0	0.014422244512064275
CTAATTGGTGCAAGGT-1	Tumor	E15S	Tumor Proliferating	1	8954.605121612549	1.9495766593940103	0.15467241214742586	-0.2710563537823189	0.30932439547490653	0.01170221105537325	0.027956515666987636	0.9603412732776391	0.27140886490310034	0.43866179202416766	0.28992934307273205	0.27140886490310034	0.0	0.0	partial	persistent	persistent	partial	persistent	persistent		0.9603412732776391	0.01170221105537325	0.027956515666987636	0.0	0.0	0.0
CTAATTGGTTTACACA-1	Tumor	E15S	Tumor	1	8184.055745840073	1.6197692318257302	0.25463569482704995	-0.21017590530873043	0.2652882216326094	0.011361010275212665	0.02303817227472184	0.9656008174500655	0.11691952934900013	0.42652269608720544	0.4565577745637946	0.11691952934900013	0.0	0.0	reverted	persistent	persistent	reverted	persistent	reverted		0.9656008174500655	0.011361010275212665	0.02303817227472184	0.0	0.0	0.0
CTACACCCACCTATAT-1	Tumor	E15S	Tumor	1	8035.483008861542	0.3326791249353698	0.7961848632266059	-0.08250017018178829	0.30240270541738545	0.014529835593614749	0.01794360622277958	0.9675265581836057	0.00378025123439175	0.13270384577671065	0.8635159029888975	0.00378025123439175	0.0	0.9820563937772204	reverted	reverted	reverted	reverted	reverted	persistent		0.0	0.0	0.0	0.0	0.0	0.01794360622277958
CTACGAATCCCTGTCA-1	Tumor	E15S	Tumor Proliferating	1	8972.245002418756	1.1219420588141304	0.46715319784633885	-0.20576359484266957	0.3392098696210326	0.013340229462618952	0.024495955567863388	0.9621638149695177	0.02931121878706818	0.30497624939384427	0.6657125318190876	0.02931121878706818	0.9621638149695177	0.0	reverted	partial	partial	reverted	partial	persistent		0.0	0.0	0.0	0.013340229462618952	0.024495955567863388	0.0
CTACGTCCATCCGTCG-1	Tumor	E15S	Tumor Proliferating	1	9042.655740991235	0.003172560069180754	0.8793643028136907	-0.5190478624822448	0.5904136284522965	0.016223309247941464	0.04562119652011071	0.9381554942319478	0.0018078812936938393	0.08970073345062574	0.9084913852556804	0.0018078812936938393	0.0	0.9543788034798892	reverted	reverted	reverted	reverted	reverted	persistent		0.0	0.0	0.0	0.0	0.0	0.04562119652011071
CTACTCACACTATCTG-1	Tumor	E15S	Hypoxic Tumor	1	9107.225095748901	0.013600010674334995	0.8772544180629874	-1.1996571544364867	0.9803217396477562	0.01935458950303499	0.06735653992849612	0.9132888705684689	0.0018482287981817134	0.09083651138057093	0.9073152598212473	0.0018482287981817134	0.0	0.9326434600715039	reverted	reverted	reverted	reverted	reverted	reverted		0.0	0.0	0.0	0.0	0.0	0.06735653992849612
CTACTCACATAACGAC-1	Tumor	E15S	Tumor	1	8673.26399475336	1.0686123934279794	0.49234671202901903	-0.6748544116767345	0.6231067576346095	0.015435972736228966	0.05582951581426154	0.9287345114495095	0.025292462458216196	0.29065970868732577	0.684047828854458	0.025292462458216196	0.9287345114495095	0.0	reverted	partial	partial	reverted	partial	reverted		0.0	0.0	0.0	0.015435972736228966	0.05582951581426154	0.0
CTACTCCGTTATCATG-1	Tumor	E15S	Tumor	1	6087.87318944931	2.3727289350817253	0.07589279018843817	0.13613575219933458	0.1155686793872988	0.017124369732767104	0.00862735087348905	0.9742482793937439	0.5993203516913461	0.2963851158082576	0.1042945325003962	0.5993203516913461	0.0	0.0	persistent	persistent	persistent	persistent	persistent	persistent		0.9742482793937439	0.017124369732767104	0.00862735087348905	0.0	0.0	0.0
CTACTGTTCTATGGAT-1	Tumor	E15S	Tumor	1	7766.641452431679	0.11365488520267761	0.8553587199032027	-0.35969797250253693	0.38594728016237273	0.012623169550112686	0.03547505195874419	0.9519017784911431	0.0022940904660002427	0.10243858174746447	0.8952673277865352	0.0022940904660002427	0.0	0.9645249480412558	reverted	reverted	reverted	reverted	reverted	persistent		0.0	0.0	0.0	0.0	0.0	0.03547505195874419
CTACTTGCAACGGCTA-1	Tumor	E15S	Tumor	1	8490.646172583103	0.1420850173831599	0.8485716087557083	0.1433080484499866	0.2264803071128653	0.019995283653967046	0.010446354794460665	0.9695583615515725	0.002442814355018877	0.10597721353777717	0.891579972107204	0.002442814355018877	0.0	0.9895536452055393	reverted	reverted	reverted	reverted	reverted	persistent		0.0	0.0	0.0	0.0	0.0	0.010446354794460664
CTACTTGCAAGCATTA-1	Tumor	E15S	Hypoxic Tumor	1	9139.255691751838	0.004651721267396705	0.879066926079641	-1.2177666637079427	1.0004985749260065	0.019653384583791886	0.06695458878884097	0.9133920266273672	0.001813541159666915	0.0898610303699397	0.9083254284703934	0.001813541159666915	0.0	0.933045411211159	reverted	reverted	reverted	reverted	reverted	reverted		0.0	0.0	0.0	0.0	0.0	0.06695458878884097
CTACTTGCAGGGCACT-1	Tumor	E15S	Tumor	1	8868.210447326303	0.36823822620271324	0.7850427871877569	0.3161215662387275	0.16768435018583672	0.03391532185068303	0.008191482122423543	0.9578931960268934	0.004112995918525395	0.13830325461954388	0.8575837494619307	0.004112995918525395	0.0	0.9918085178775764	reverted	reverted	reverted	reverted	reverted	persistent		0.0	0.0	0.0	0.0	0.0	0.008191482122423543
CTAGAACCAATGCGTG-1	Tumor	E15S	Tumor	1	8768.750385284424	3.8323339941014773	0.005154277781689372	0.11296431113020924	0.12627370653043754	0.016115942552158462	0.009034220354591904	0.9748498370932496	0.9974238543082666	0.002486266822233641	8.987886949977098e-05	0.9974238543082666	0.0	0.0	persistent	persistent	persistent	persistent	persistent	persistent		0.9748498370932497	0.016115942552158466	0.009034220354591905	0.0	0.0	0.0
CTAGAACCATCGGTGA-1	Tumor	E15S	Tumor Proliferating	1	9071.910035729408	0.6559400767477629	0.6793172396635146	0.11921331709665745	0.21246916722618683	0.01840714991568149	0.01049076976556179	0.9711020803187568	0.008394366301695742	0.1913104427070158	0.8002951909912884	0.008394366301695742	0.9711020803187568	0.0	reverted	partial	partial	reverted	partial	persistent		0.0	0.0	0.0	0.01840714991568149	0.01049076976556179	0.0
CTAGAAGGTCTAACGT-1	Tumor	E15S	Tumor	1	7952.541346132755	0.5081965628945563	0.7369811895763281	0.033558755213951734	0.2593337406272234	0.016352580523400283	0.013265476257067619	0.9703819432195322	0.00578095243924669	0.16234405457782236	0.8318749929829309	0.00578095243924669	0.0	0.9867345237429325	reverted	reverted	reverted	reverted	reverted	persistent		0.0	0.0	0.0	0.0	0.0	0.013265476257067619
CTAGGTTGTTAGCCGC-1	Tumor	E15S	Tumor	1	8688.67301517725	0.45048889460031166	0.7576036577107582	0.29119724869195945	0.170404909963824	0.030763374983336984	0.008285571482821944	0.960951053533841	0.005015944122297086	0.15203816567482178	0.8429458902028811	0.005015944122297086	0.0	0.9917144285171781	reverted	reverted	reverted	reverted	reverted	persistent		0.0	0.0	0.0	0.0	0.0	0.008285571482821944
CTAGTCAAGCAAGTAA-1	Tumor	E15S	Tumor Proliferating	1	9097.110768467188	0.592277668777599	0.7049867008880562	-0.3155159515610272	0.4113720377139882	0.013808872157065432	0.03244505749889121	0.9537460703440435	0.007136357437407583	0.17837071925405065	0.8144929233085417	0.007136357437407583	0.0	0.9675549425011089	reverted	reverted	reverted	reverted	reverted	persistent		0.0	0.0	0.0	0.0	0.0	0.03244505749889121
CTAGTCAAGCAGGTGA-1	Tumor	E15S	Tumor	1	8724.756255336106	2.052641965963291	0.13084215076726444	-0.05899902446067655	0.26265427627538135	0.01388596405141384	0.015975672286006246	0.9701383636625799	0.3417165533076469	0.4199410951707395	0.23834235152161368	0.3417165533076469	0.0	0.0	partial	persistent	persistent	partial	persistent	persistent		0.9701383636625799	0.01388596405141384	0.015975672286006246	0.0	0.0	0.0
CTAGTTAGTTAAGCTC-1	Tumor	E15S	Tumor	1	8093.971322715282	3.3394614314011193	0.013000547934258137	0.18442087871183885	0.11823757458195419	0.020217650056834693	0.008236567798535708	0.9715457821446295	0.9805956585331613	0.017978058072499213	0.0014262833943394714	0.9805956585331613	0.0	0.0	persistent	persistent	persistent	persistent	persistent	persistent		0.9715457821446296	0.020217650056834697	0.00823656779853571	0.0	0.0	0.0
CTAGTTAGTTCCTCGT-1	Tumor	E15S	Hypoxic Tumor	1	7256.518650054932	-0.5475069444929885	0.9538647258319185	-1.1718818747162638	1.0871774490203325	0.02183611653253157	0.06074096063106449	0.9174229228364039	0.0006398528785526221	0.045761177926399076	0.9535989691950483	0.0006398528785526221	0.0	0.9392590393689355	reverted	reverted	reverted	reverted	reverted	persistent		0.0	0.0	0.0	0.0	0.0	0.06074096063106449
CTATAGGTCACTCGGG-1	Tumor	E15S	Tumor Proliferating	1	8914.288652554154	1.5360259041499984	0.28587561065915984	0.22440889865836397	0.1431858211252058	0.02373964132483043	0.008267444288627879	0.9679929143865417	0.09296912734153907	0.41074131514868284	0.49628955750977816	0.09296912734153907	0.0	0.0	reverted	persistent	persistent	reverted	persistent	persistent		0.9679929143865417	0.02373964132483043	0.008267444288627879	0.0	0.0	0.0
CTATAGTAGATAGCTT-1	Tumor	E15S	Tumor	1	8337.780352592468	1.3872052729101467	0.3466583918887603	-0.08717135117035782	0.17156037663655704	0.011030017211157619	0.014674736355406047	0.9742952464334363	0.06146815021786777	0.375920978285921	0.5626108714962113	0.06146815021786777	0.9742952464334363	0.0	reverted	partial	partial	reverted	partial	persistent		0.0	0.0	0.0	0.011030017211157619	0.014674736355406047	0.0
CTATATGGTTGCGTCA-1	Tumor	E15S	Tumor Proliferating	1	8928.89809024334	1.7733029745787658	0.2034771768227345	0.11685815251861592	0.17165043461696222	0.017264767414049493	0.00971510237258154	0.9730201302133691	0.17573148422518217	0.4440930755694696	0.3801754402053482	0.17573148422518217	0.0	0.0	partial	persistent	persistent	partial	persistent	persistent		0.9730201302133691	0.017264767414049493	0.00971510237258154	0.0	0.0	0.0
CTATCAAGTGATTACC-1	Tumor	E15S	Tumor Proliferating	1	8877.059592336416	1.7588224342940924	0.20795638758361415	0.07049635489674519	0.17155483050716294	0.015254781133085602	0.01043744870759646	0.9743077701593181	0.1692635249261576	0.4432085057778257	0.3875279692960166	0.1692635249261576	0.0	0.0	partial	persistent	persistent	partial	persistent	persistent		0.9743077701593179	0.015254781133085598	0.010437448707596459	0.0	0.0	0.0
CTATCGCCAAACCACG-1	Tumor	E15S	Tumor	1	7617.4549198150635	1.3828404230517044	0.34853228583079837	-0.351708061739459	0.29630190782550375	0.010684214886046152	0.0347506474353326	0.9545651376786213	0.06072265492664279	0.3748103987086539	0.5644669463647034	0.06072265492664279	0.9545651376786213	0.0	reverted	partial	partial	reverted	partial	persistent		0.0	0.0	0.0	0.010684214886046152	0.0347506474353326	0.0
CTATGCTTCACTAGAT-1	Tumor	E15S	Tumor Proliferating	1	8949.450868062675	1.0879018703988868	0.4832229367616536	-0.02032334961707513	0.25841250558614764	0.014720749381301275	0.014645754073072581	0.9706334965456259	0.026675687413899026	0.29581675441496524	0.6775075581711356	0.026675687413899026	0.9706334965456261	0.0	reverted	partial	partial	reverted	partial	persistent		0.0	0.0	0.0	0.014720749381301279	0.014645754073072585	0.0
CTATGCTTCAGGAACG-1	Tumor	E15S	Tumor Proliferating	1	8937.661578841507	1.6474028338529538	0.24483461571901788	-0.042181829625217264	0.26708168149034445	0.01441517905794857	0.015550535552283017	0.9700342853897684	0.12599342169881553	0.43089429968987397	0.44311227861131053	0.12599342169881553	0.0	0.0	reverted	persistent	persistent	reverted	persistent	persistent		0.9700342853897684	0.01441517905794857	0.015550535552283017	0.0	0.0	0.0
CTATTCGCAAACTATG-1	Tumor	E15S	Tumor Proliferating	1	8954.10186228156	2.103722855879435	0.12023179100575743	-0.4697535730243478	0.3863380962389987	0.011648196643791728	0.04600569927210843	0.9423461040840997	0.3799789814733331	0.4062672576949186	0.21375376083174824	0.3799789814733331	0.0	0.0	partial	persistent	persistent	partial	persistent	persistent		0.9423461040840999	0.01164819664379173	0.04600569927210844	0.0	0.0	0.0
CTATTCGCACATACTT-1	Tumor	E15S	Tumor Proliferating	1	8949.93500265479	2.381682761749628	0.0747124811261157	0.36648825062848434	0.10788267996948214	0.04373003340831114	0.007866200275144768	0.948403766316544	0.6065613860077033	0.29204678289243186	0.10139183109986494	0.6065613860077033	0.0	0.0	persistent	persistent	persistent	persistent	persistent	persistent		0.9484037663165441	0.04373003340831115	0.00786620027514477	0.0	0.0	0.0
CTATTGAGTCTTGCGA-1	Tumor	E15S	Tumor	1	8772.45542511344	0.41356687114659485	0.7702078499533366	-0.16420262595076437	0.3333541567587237	0.013850596378012506	0.02224125805948651	0.9639081455625009	0.00458578156613843	0.14573563257557856	0.8496785858582829	0.00458578156613843	0.0	0.9777587419405135	reverted	reverted	reverted	reverted	reverted	persistent		0.0	0.0	0.0	0.0	0.0	0.02224125805948651
CTATTGAGTTCGGGCT-1	Tumor	E15S	Hypoxic Tumor	1	8749.547597408295	-0.6219255872050755	0.9596830015086395	-1.228094380199885	1.1097602981024166	0.021860862986473658	0.06176317560152056	0.9163759614120058	0.0005671976644623073	0.04175888238805979	0.9576739199474779	0.0005671976644623073	0.0	0.9382368243984794	reverted	reverted	reverted	reverted	reverted	reverted		0.0	0.0	0.0	0.0	0.0	0.06176317560152056
CTCAACGGTTTACTCT-1	Tumor	E15S	Tumor Proliferating	1	8887.373812690377	2.976402467149739	0.02552222257171225	0.181995151179418	0.12617483387415268	0.020165195404758324	0.008344656557128426	0.9714901480381132	0.9265254960934579	0.06445486131821289	0.009019642588329276	0.9265254960934579	0.0	0.0	persistent	persistent	persistent	persistent	persistent	persistent		0.9714901480381132	0.020165195404758324	0.008344656557128426	0.0	0.0	0.0
CTCAATAGTGAGTATG-1	Tumor	E15S	Tumor	1	5735.0445412397385	0.31417728878616885	0.8018098873775743	0.2610767548531219	0.15614833830051372	0.027361445211936137	0.008238476051886668	0.9644000787361771	0.0036191824015630878	0.12986937513112948	0.8665114424673076	0.0036191824015630878	0.0	0.9917615239481133	reverted	reverted	reverted	reverted	reverted	persistent		0.0	0.0	0.0	0.0	0.0	0.00823847605188667
CTCACATTCACAGCAC-1	Tumor	E15S	Tumor	1	8444.09732222557	0.3671295075494737	0.7853967782312901	0.24317873692679096	0.13163731709529772	0.0253431433408098	0.008051618205857964	0.9666052384533322	0.004102136840736223	0.1381256225352835	0.8577722406239803	0.004102136840736223	0.0	0.991948381794142	reverted	reverted	reverted	reverted	reverted	persistent		0.0	0.0	0.0	0.0	0.0	0.008051618205857964
CTCACATTCTAGTGTG-1	Tumor	E15S	Tumor	1	8981.15106588602	0.9339553355378659	0.5558437310038129	0.08989759467498551	0.2290884449489679	0.017555295386924807	0.011343605380089657	0.9711010992329854	0.017501636385740496	0.2556424422692416	0.7268559213450178	0.017501636385740496	0.9711010992329855	0.0	reverted	partial	partial	reverted	partial	persistent		0.0	0.0	0.0	0.01755529538692481	0.011343605380089659	0.0
CTCACGAGTTCGCTAG-1	Tumor	E15S	Tumor Proliferating	1	8922.1666970402	0.25935818318813514	0.8177870175957722	-0.21346586192430936	0.3660254379541958	0.013983525390842098	0.025544399791301086	0.960472074817857	0.0031857028206581737	0.12178182825356958	0.8750324689257724	0.0031857028206581737	0.0	0.9744556002086989	reverted	reverted	reverted	reverted	reverted	persistent		0.0	0.0	0.0	0.0	0.0	0.02554439979130108
CTCAGTAAGGTAGTCC-1	Tumor	E15S	Tumor	1	8459.950756162405	0.7281895672634533	0.6488200457839549	0.23523561509677074	0.16057426023422747	0.024922878125576524	0.008418598424165532	0.9666585234502579	0.010121443946991899	0.20683217128665554	0.7830463847663526	0.010121443946991899	0.9666585234502579	0.0	reverted	partial	partial	reverted	partial	persistent		0.0	0.0	0.0	0.024922878125576524	0.008418598424165532	0.0
CTCAGTTTCACTGGGT-1	Tumor	E15S	Tumor Proliferating	1	8887.062400311232	0.041258653866876806	0.8715038411633824	-0.07291681716078213	0.3277663041907186	0.015527142573166218	0.018346864240323814	0.9661259931865099	0.0019604777321086853	0.09391481205214666	0.9041247102157445	0.0019604777321086853	0.0	0.9816531357596762	reverted	reverted	reverted	reverted	reverted	persistent		0.0	0.0	0.0	0.0	0.0	0.018346864240323814
CTCAGTTTCATGGCTA-1	Tumor	E15S	Tumor	1	7292.759095668793	0.07531065902801747	0.8641101524265302	0.18148385077572823	0.23271412048048798	0.022341459809122378	0.010093571856505296	0.9675649683343723	0.0021098112970906026	0.09783846908431605	0.9000517196185934	0.0021098112970906026	0.0	0.9899064281434947	reverted	reverted	reverted	reverted	reverted	persistent		0.0	0.0	0.0	0.0	0.0	0.010093571856505296
CTCAGTTTCCTTCCAG-1	Tumor	E15S	Tumor	1	8853.938575565815	3.0768534178352622	0.021195955293649177	-0.11517074779203193	0.2248563460407522	0.011757587160926987	0.01709919194793215	0.9711432208911408	0.9483282191398507	0.04614710048639346	0.005524680373755874	0.9483282191398507	0.0	0.0	persistent	persistent	persistent	persistent	persistent	persistent		0.9711432208911408	0.011757587160926987	0.01709919194793215	0.0	0.0	0.0
CTCATGGGTGAGGAGA-1	Tumor	E15S	Tumor	1	8929.450204908848	0.35513910156343215	0.7891979871408084	-0.2022363783941624	0.37051506108517696	0.014294948685987033	0.025066898490518	0.960638152823495	0.003986733316824777	0.13621716321700653	0.8597961034661687	0.003986733316824777	0.0	0.974933101509482	reverted	reverted	reverted	reverted	reverted	persistent		0.0	0.0	0.0	0.0	0.0	0.025066898490518
CTCATGTTCTAGCGCG-1	Tumor	E15S	Tumor	1	5899.524282455444	-1.0899123393361883	0.9829733108810836	0.5170518155360739	0.14291040566529808	0.08934477098952022	0.00874710049915136	0.9019081285113284	0.0002976050527743789	0.0235244431807517	0.976177951766474	0.0002976050527743789	0.0	0.9912528995008486	reverted	reverted	reverted	reverted	reverted	persistent		0.0	0.0	0.0	0.0	0.0	0.00874710049915136
CTCCAGCTCCCATTAC-1	Tumor	E15S	Tumor	1	8318.528530240059	1.6316260538528062	0.25039889294927925	-0.07531512563868212	0.2534637306220455	0.013265665758525936	0.016289622058660344	0.9704447121828136	0.12073750598059327	0.4284548554608892	0.4508076385585175	0.12073750598059327	0.0	0.0	reverted	persistent	persistent	reverted	persistent	persistent		0.9704447121828137	0.013265665758525938	0.016289622058660348	0.0	0.0	0.0
CTCCCAATCATGCGCG-1	Tumor	E15S	Tumor	1	5903.287176132202	1.9805917316145052	0.14715001770711697	-1.2731972222624348	0.8212857143879286	0.015361517611661523	0.0877180202926648	0.8969204620956738	0.29150926732458315	0.43428874997653216	0.27420198269888474	0.29150926732458315	0.0	0.0	partial	persistent	persistent	partial	persistent	persistent		0.8969204620956738	0.015361517611661523	0.0877180202926648	0.0	0.0	0.0
CTCCCTAAGCCTGGTG-1	Tumor	E15S	Tumor	1	8759.815725803375	-0.20617495177142198	0.9155024647017376	-0.48888237585402766	0.5418359006245528	0.015263083483062634	0.04432262474037219	0.9404142917765652	0.0011823389490649393	0.06955791448725757	0.9292597465636775	0.0011823389490649393	0.0	0.9556773752596278	reverted	reverted	reverted	reverted	reverted	persistent		0.0	0.0	0.0	0.0	0.0	0.04432262474037219
CTCCCTAAGGCTACAC-1	Tumor	E15S	Tumor	1	8884.874590560794	0.6580537904319637	0.6784448890759236	0.3430334038261623	0.13420139936387876	0.038485915648964954	0.007922858473454844	0.9535912258775804	0.008440084899525918	0.19175196359124688	0.7998079515092271	0.008440084899525918	0.9535912258775802	0.0	reverted	partial	partial	reverted	partial	persistent		0.0	0.0	0.0	0.03848591564896495	0.007922858473454843	0.0
CTCCGTTGTGGAGAGA-1	Tumor	E15S	Tumor	1	8828.930354356766	1.2074840152603528	0.42714217689011497	-0.3621287126896743	0.38074181252177525	0.012468930910482815	0.035662143355237805	0.9518689257342794	0.037185725410468724	0.3281809225485744	0.6346333520409569	0.037185725410468724	0.9518689257342794	0.0	reverted	partial	partial	reverted	partial	persistent		0.0	0.0	0.0	0.012468930910482815	0.035662143355237805	0.0
CTCCGTTGTTAGTGCT-1	Tumor	E15S	Tumor	1	6044.73025894165	-1.139785657290947	0.9844835689868189	0.22059480211538643	0.24017370912499122	0.02514019509133198	0.009824496015112073	0.9650353088935559	0.0002811012965118216	0.022136612859292304	0.9775822858441959	0.0002811012965118216	0.0	0.990175503984888	reverted	reverted	reverted	reverted	reverted	persistent		0.0	0.0	0.0	0.0	0.0	0.009824496015112073
CTCCTTGAGGTTAGTT-1	Tumor	E15S	Tumor Proliferating	1	8974.154407456517	0.4934868463565055	0.7423434569098076	0.004955699263256265	0.2347474173624361	0.014739484968070156	0.013316069182994841	0.9719444458489349	0.005574371809339619	0.15966387362458778	0.8347617545660726	0.005574371809339619	0.0	0.9866839308170051	reverted	reverted	reverted	reverted	reverted	persistent		0.0	0.0	0.0	0.0	0.0	0.013316069182994841
CTCCTTGAGTCGAATT-1	Tumor	E15S	Tumor Proliferating	1	9056.776029355824	0.2490197433243802	0.820685384650825	-0.23295397374826518	0.408610772389217	0.014920606463222522	0.02753025300200949	0.957549140534768	0.003110728038268459	0.12030775867998636	0.8765815132817452	0.003110728038268459	0.0	0.9724697469979906	reverted	reverted	reverted	reverted	reverted	persistent		0.0	0.0	0.0	0.0	0.0	0.02753025300200949
CTCCTTGAGTGATCTG-1	Tumor	E15S	Tumor Proliferating	1	9083.803328588605	1.106264613277362	0.4745477889376256	0.3081389041245922	0.139554855378696	0.032995437073348975	0.007959577689161843	0.9590449852374892	0.028065446361187636	0.3007494570536139	0.6711850965851985	0.028065446361187636	0.9590449852374892	0.0	reverted	partial	partial	reverted	partial	persistent		0.0	0.0	0.0	0.032995437073348975	0.007959577689161843	0.0
CTCGAATGTCTGTGTG-1	Tumor	E15S	Tumor Proliferating	1	9071.637272119522	1.2570766985939934	0.4043416387094323	-0.6926266836294259	0.5785579717207586	0.014185728411900685	0.059846788246267525	0.9259674833418317	0.04271043742388193	0.3416216734590907	0.6156678891170273	0.04271043742388193	0.9259674833418318	0.0	reverted	partial	partial	reverted	partial	persistent		0.0	0.0	0.0	0.014185728411900687	0.05984678824626753	0.0
CTCGAATGTTGCATAC-1	Tumor	E15S	Tumor	1	8516.237704575062	0.5687988062329195	0.7141462705486185	0.04278341530327321	0.19389740689716956	0.014811679544342555	0.011440292910034358	0.973748027545623	0.006725732993382561	0.17377385316550292	0.8195004138411145	0.006725732993382561	0.0	0.9885597070899657	reverted	reverted	reverted	reverted	reverted	persistent		0.0	0.0	0.0	0.0	0.0	0.01144029291003436
CTCGACTCACAGCGTA-1	Tumor	E15S	Tumor	1	8758.876831531525	0.9232918893169505	0.560821875779089	0.06690502073719523	0.2216953606687668	0.016430437744270776	0.01159545322888928	0.9719741090268401	0.017003718744833377	0.252959772197159	0.7300365090580077	0.017003718744833377	0.9719741090268399	0.0	reverted	partial	partial	reverted	partial	persistent		0.0	0.0	0.0	0.016430437744270773	0.011595453228889278	0.0
CTCGCGAAGCTACAGC-1	Tumor	E15S	Tumor	1	8949.79445245862	1.0086484693072566	0.5207144568761081	-0.5595439422062596	0.4742394881360015	0.012871532079680758	0.05236189824694935	0.9347665696733699	0.021450182829107985	0.27482833537670837	0.7037214817941836	0.021450182829107985	0.9347665696733699	0.0	reverted	partial	partial	reverted	partial	persistent		0.0	0.0	0.0	0.012871532079680758	0.05236189824694935	0.0
CTCGGATAGGTTGGTC-1	Tumor	E15S	Tumor Proliferating	1	8979.738366439939	2.7092727162977575	0.041621140648005955	0.005235725854479449	0.1549766855224305	0.012727377331654815	0.011463281845049312	0.9758093408232958	0.8272939314653824	0.1425971245119057	0.03010894402271184	0.8272939314653824	0.0	0.0	persistent	persistent	persistent	persistent	persistent	persistent		0.9758093408232958	0.012727377331654815	0.011463281845049312	0.0	0.0	0.0
CTCGGTTCAAAGGAGC-1	Tumor	E15S	Tumor	1	8540.937498807907	0.6156424211317695	0.6957044451885521	-0.27848514571855554	0.4004707754375379	0.014002698323593969	0.02994578400515918	0.9560515176712467	0.007572393372960823	0.18303906034462628	0.8093885462824127	0.007572393372960823	0.9560515176712469	0.0	reverted	partial	partial	reverted	partial	persistent		0.0	0.0	0.0	0.01400269832359397	0.029945784005159185	0.0
CTCGGTTCAATTGGCG-1	Tumor	E15S	Hypoxic Tumor	1	7488.557075500488	2.6362409196994117	0.04749935514346511	0.3044387573126	0.09857470557077287	0.03273740869388844	0.007700144897676082	0.9595624464084355	0.7873524481203794	0.1720360830588221	0.04061146882079859	0.7873524481203794	0.0	0.0	persistent	persistent	persistent	persistent	persistent	persistent		0.9595624464084355	0.03273740869388844	0.007700144897676082	0.0	0.0	0.0
CTCGTTGTCGCGAACT-1	Tumor	E15S	Tumor	1	8963.670854777098	0.11627142176772025	0.8547447923853392	-0.7804969676330186	0.77324683043002	0.01816845751231093	0.05632184001696102	0.9255097024707282	0.002307331677664613	0.10275965474476352	0.8949330135775718	0.002307331677664613	0.0	0.943678159983039	reverted	reverted	reverted	reverted	reverted	persistent		0.0	0.0	0.0	0.0	0.0	0.05632184001696102
CTCTAATCACAATGAC-1	Tumor	E15S	Tumor Proliferating	1	8971.986223377287	0.6806311204113905	0.669050110103479	-0.2549082785199551	0.37006505393380384	0.013482352008064588	0.027975094658420862	0.9585425533335147	0.008945666228894535	0.1965155089784755	0.79453882479263	0.008945666228894535	0.9585425533335145	0.0	reverted	partial	partial	reverted	partial	persistent		0.0	0.0	0.0	0.013482352008064585	0.027975094658420855	0.0
CTCTAGAAGAATCGAA-1	Tumor	E15S	Tumor	1	7807.9218557477	0.8611800502635463	0.5895451605079454	0.10431228188779815	0.2021191145905533	0.017440121149616076	0.010499087401601182	0.9720607914487827	0.014386613616573606	0.23764609465445152	0.7479672917289749	0.014386613616573606	0.9720607914487828	0.0	reverted	partial	partial	reverted	partial	persistent		0.0	0.0	0.0	0.01744012114961608	0.010499087401601184	0.0
CTCTATATCTGGCAAC-1	Tumor	E15S	Tumor	1	8440.53796005249	0.7628069846481014	0.6337458658071758	-0.17329412904143482	0.3583740939305198	0.014428197287563827	0.023336539931536903	0.9622352627808992	0.01108194533314424	0.21457923976504373	0.774338814901812	0.01108194533314424	0.9622352627808992	0.0	reverted	partial	partial	reverted	partial	persistent		0.0	0.0	0.0	0.014428197287563827	0.023336539931536903	0.0
CTCTCGATCGCATCCC-1	Tumor	E15S	Tumor	1	8428.378935575485	1.7045397726838456	0.2253908202732126	-0.16238668339614998	0.3197855879920141	0.013490790303274661	0.021791404300260022	0.9647178053964655	0.14678779938276554	0.4383581144924037	0.4148540861248307	0.14678779938276554	0.0	0.0	partial	persistent	persistent	partial	persistent	persistent		0.9647178053964652	0.013490790303274658	0.02179140430026002	0.0	0.0	0.0
CTGAAAGGTTTGATTG-1	Tumor	E15S	Tumor Proliferating	1	9057.4694423154	0.20715909725166398	0.832052834361103	-0.3821645831237157	0.4850263180796525	0.014993412515909374	0.03735233231395131	0.9476542551701393	0.0028270269127788896	0.11450133534016321	0.8826716377470578	0.0028270269127788896	0.0	0.9626476676860487	reverted	reverted	reverted	reverted	reverted	persistent		0.0	0.0	0.0	0.0	0.0	0.03735233231395131
CTGAACATCCAACTCT-1	Tumor	E15S	Tumor	1	8641.737046927214	0.2996304924545405	0.8061498325288021	-0.29978816733081837	0.39354848872438114	0.013524629339857368	0.031186320944924864	0.9552890497152178	0.003497975808919705	0.1276782798891078	0.8688237443019725	0.003497975808919705	0.0	0.9688136790550751	reverted	reverted	reverted	reverted	reverted	persistent		0.0	0.0	0.0	0.0	0.0	0.031186320944924864
CTGAATGTCCGCGTGA-1	Tumor	E15S	Tumor	1	8832.977832108736	0.6342143968629343	0.6882103777816266	-0.71540729194773	0.6337602647203561	0.015321304156852268	0.058525626887053483	0.9261530689560943	0.007939764999555026	0.18681655375151682	0.8052436812489281	0.007939764999555026	0.9261530689560943	0.0	reverted	partial	partial	reverted	partial	persistent		0.0	0.0	0.0	0.015321304156852268	0.058525626887053483	0.0
CTGACCCTCCATCGTT-1	Tumor	E15S	Tumor	1	8421.291812121868	1.7101459124869196	0.22354325283547288	-0.40816800467287595	0.40604306142100743	0.012624392030831474	0.03949335018592729	0.9478822577832412	0.14898277038808963	0.4389657078441252	0.4120515217677852	0.14898277038808963	0.0	0.0	partial	persistent	persistent	partial	persistent	persistent		0.9478822577832413	0.012624392030831476	0.0394933501859273	0.0	0.0	0.0
CTGACCTCACCATAGG-1	Tumor	E15S	Tumor Proliferating	1	8992.180732436478	2.231116421797815	0.09696489798396848	-0.021259168395323543	0.1925691391328036	0.012903012592004508	0.012974019144530008	0.9741229682634656	0.48226907494792653	0.36074523777962675	0.15698568727244674	0.48226907494792653	0.0	0.0	persistent	persistent	persistent	persistent	persistent	persistent		0.9741229682634653	0.012903012592004505	0.012974019144530004	0.0	0.0	0.0
CTGATAGTCATGACTG-1	Tumor	E15S	Tumor	1	8627.643808305264	0.6875293187654429	0.6661521279117274	-0.31184204036756064	0.3854473988429442	0.013155234944404577	0.031897798797088164	0.9549469662585073	0.009106626158909736	0.1979882307328508	0.7929051431082395	0.009106626158909736	0.9549469662585073	0.0	reverted	partial	partial	reverted	partial	persistent		0.0	0.0	0.0	0.013155234944404577	0.031897798797088164	0.0
CTGATAGTCGATCGGT-1	Tumor	E15S	Tumor	1	6435.651009440422	1.1626266826643095	0.44803856107299056	0.2723344238228678	0.12761498252653442	0.028438457577542074	0.00792152002329788	0.9636400223991599	0.03281732181224969	0.31599422768831115	0.6511884504994393	0.03281732181224969	0.96364002239916	0.0	reverted	partial	partial	reverted	partial	persistent		0.0	0.0	0.0	0.028438457577542077	0.007921520023297882	0.0
CTGATTTCATTAACTC-1	Tumor	E15S	Tumor Proliferating	1	8974.859184704721	0.3101987190491242	0.8030040890360842	0.051126805401406177	0.270789295676321	0.017304570927325194	0.013175511820310534	0.9695199172523642	0.0035855672451003745	0.12926684515441142	0.8671475876004882	0.0035855672451003745	0.0	0.9868244881796895	reverted	reverted	reverted	reverted	reverted	persistent		0.0	0.0	0.0	0.0	0.0	0.013175511820310536
CTGCACCTCATCTAGG-1	Tumor	E15S	Tumor Proliferating	1	8655.612043112516	0.3897573489272519	0.7780882645441587	-0.23032571789546696	0.3739282879173139	0.013949861014878972	0.026637475117928154	0.9594126638671928	0.004330275918989179	0.1417901140050982	0.8538796100759125	0.004330275918989179	0.0	0.9733625248820719	reverted	reverted	reverted	reverted	reverted	persistent		0.0	0.0	0.0	0.0	0.0	0.026637475117928158
CTGCATGGTTAAGGGC-1	Tumor	E15S	Tumor Proliferating	1	8924.643668189645	0.9361254373850969	0.5548292284338034	-0.6530412051471836	0.5532123183100108	0.013923608946984993	0.057615868064808215	0.9284605229882068	0.01760484083924852	0.2561902194009035	0.726204939759848	0.01760484083924852	0.9284605229882068	0.0	reverted	partial	partial	reverted	partial	persistent		0.0	0.0	0.0	0.013923608946984993	0.057615868064808215	0.0
CTGCCTATCCAGGGAA-1	Tumor	E15S	Hypoxic Tumor	1	6684.74055480957	-0.22488706775160097	0.9182028227179586	0.04426347331383323	0.2867957608983108	0.017562661383637816	0.013770876383011473	0.9686664622333507	0.0011402886833115596	0.0679859014480575	0.9308738098686309	0.0011402886833115596	0.0	0.9862291236169886	reverted	reverted	reverted	reverted	reverted	persistent		0.0	0.0	0.0	0.0	0.0	0.013770876383011473
CTGCTGCTCACCTATC-1	Tumor	E15S	Tumor	1	7921.665961444378	-0.0437856447191314	0.888481471954273	-0.43562553693713507	0.5357658801538675	0.015730231667327396	0.04076861462517213	0.9435011537075007	0.0016385722752097873	0.08474971047158851	0.9136117172532017	0.0016385722752097873	0.0	0.9592313853748278	reverted	reverted	reverted	reverted	reverted	reverted		0.0	0.0	0.0	0.0	0.0	0.040768614625172124
CTGCTGCTCCATCCAT-1	Tumor	E15S	Tumor Proliferating	1	9003.779168248177	0.421184019675005	0.7676456735622601	-0.6361698788962633	0.6257297566684542	0.015883268879500083	0.052793024294865584	0.9313237068256344	0.004671044954589001	0.14701745776342953	0.8483114972819814	0.004671044954589001	0.0	0.9472069757051345	reverted	reverted	reverted	reverted	reverted	persistent		0.0	0.0	0.0	0.0	0.0	0.052793024294865584
CTGGCCAAGATTGCAT-1	Tumor	E15S	Tumor	1	8950.520534992218	0.5649117761200688	0.7156461233180265	0.12061283151187774	0.21356582095783763	0.01850373591117464	0.01049338626574151	0.9710028778230838	0.006660287610222654	0.1730219314101483	0.8203177809796292	0.006660287610222654	0.0	0.9895066137342585	reverted	reverted	reverted	reverted	reverted	persistent		0.0	0.0	0.0	0.0	0.0	0.010493386265741513
CTGGGCATCAGGCTAC-1	Tumor	E15S	Tumor Proliferating	1	8951.774049397558	0.4659833337170478	0.7521762524685583	0.2841206467156061	0.15159348745978396	0.02988821110242073	0.008110906833545062	0.9620008820640343	0.005209685651086821	0.15475042057829297	0.84003989377062	0.005209685651086821	0.0	0.991889093166455	reverted	reverted	reverted	reverted	reverted	persistent		0.0	0.0	0.0	0.0	0.0	0.008110906833545062
CTGGGTTAGTCAAGTT-1	Tumor	E15S	Tumor Proliferating	1	8950.183003127575	1.2730288018718483	0.39708954457038015	-0.08031628500761785	0.2929380677017882	0.014294439767479301	0.017589128567659606	0.9681164316648609	0.044658962126785204	0.3459215358896086	0.6094195019836062	0.044658962126785204	0.968116431664861	0.0	reverted	partial	partial	reverted	partial	persistent		0.0	0.0	0.0	0.014294439767479303	0.01758912856765961	0.0
CTGGTTAAGGTAATCT-1	Tumor	E15S	Hypoxic Tumor	1	8947.517228245735	-0.29572280486003916	0.9277264298121923	-1.149448653437144	1.0009723183627097	0.020192964577710644	0.06386848744852731	0.9159385479737621	0.0009968445160483984	0.062341524263876416	0.9366616312200752	0.0009968445160483984	0.0	0.9361315125514728	reverted	reverted	reverted	reverted	reverted	reverted		0.0	0.0	0.0	0.0	0.0	0.06386848744852731
CTGTCAAAGTGCAACC-1	Tumor	E15S	Tumor Proliferating	1	8701.129036903381	1.9515153532604965	0.15419314015873092	0.37725111348732077	0.11905291690389383	0.0456577066328514	0.00793437525574659	0.946407918111402	0.27263736482255746	0.43842002571265004	0.28894260946479255	0.27263736482255746	0.0	0.0	partial	persistent	persistent	partial	persistent	persistent		0.946407918111402	0.0456577066328514	0.00793437525574659	0.0	0.0	0.0
CTGTCAAAGTGTCCTT-1	Tumor	E15S	Tumor Proliferating	1	9025.475251197815	0.4728564166858425	0.749742811342427	0.1410695494360703	0.19990198328491013	0.019185941886802622	0.009927611304429129	0.9708864468087683	0.005298274465259207	0.15596637970956617	0.8387353458251745	0.005298274465259207	0.0	0.9900723886955708	reverted	reverted	reverted	reverted	reverted	persistent		0.0	0.0	0.0	0.0	0.0	0.009927611304429127
CTGTCATTCCTTAGCT-1	Tumor	E15S	Tumor	1	8801.293393731117	1.0602102170486243	0.4963228298318423	-0.29868822599490064	0.3726036747931516	0.012976689777668039	0.03083028379408802	0.9561930264282439	0.02471346315873567	0.2884222097798721	0.6868643270613922	0.02471346315873567	0.9561930264282439	0.0	reverted	partial	partial	reverted	partial	persistent		0.0	0.0	0.0	0.012976689777668039	0.03083028379408802	0.0
CTGTGAATCATCACAG-1	Tumor	E15S	Tumor	1	8726.22315621376	0.017007416495902348	0.8765581163767736	-0.01823505515352116	0.25146658239613584	0.014573339005291789	0.014394389738211763	0.9710322712564964	0.0018616420826468552	0.09121057013318448	0.9069277877841687	0.0018616420826468552	0.0	0.9856056102617883	reverted	reverted	reverted	reverted	reverted	persistent		0.0	0.0	0.0	0.0	0.0	0.014394389738211765
CTGTGAATCATGTGCA-1	Tumor	E15S	Tumor	1	8748.587424710393	1.1434042516941374	0.45705410454967516	-0.12456435616780431	0.3297624469738704	0.01447833979143869	0.020379964136452804	0.9651416960721085	0.03110990297148718	0.31078132111963935	0.6581087759088735	0.03110990297148718	0.9651416960721085	0.0	reverted	partial	partial	reverted	partial	persistent		0.0	0.0	0.0	0.01447833979143869	0.020379964136452804	0.0
CTGTGCCTCGTTAGAT-1	Tumor	E15S	Tumor Proliferating	1	8869.037131279707	0.03178322032485898	0.8734993232691106	-0.15930226948329565	0.3332956246941438	0.013934706457307768	0.02200936252915933	0.9640559310135329	0.0019211455425397423	0.09284940100810647	0.9052294534493537	0.0019211455425397423	0.0	0.9779906374708407	reverted	reverted	reverted	reverted	reverted	persistent		0.0	0.0	0.0	0.0	0.0	0.02200936252915933
CTGTTCCGTTATAGGG-1	Tumor	E15S	Hypoxic Tumor	1	8185.398254394531	0.008206699600313411	0.8783496320637085	0.5208305770174376	0.09690894179033022	0.10235430212046343	0.009101221257979353	0.8885444766215572	0.0018272294213823631	0.09024738563848292	0.9079253849401346	0.0018272294213823631	0.0	0.9908987787420207	reverted	reverted	reverted	reverted	reverted	persistent		0.0	0.0	0.0	0.0	0.0	0.009101221257979353
CTTAATGGTCCATAGT-1	Tumor	E15S	Tumor	1	8703.056446924806	1.3763770331967815	0.3513157266142886	0.3534636333290471	0.14385708690447124	0.04009383929387759	0.007988065437248254	0.9519180952688739	0.059635103883069376	0.37315912755902775	0.567205768557903	0.059635103883069376	0.9519180952688742	0.0	reverted	partial	partial	reverted	partial	persistent		0.0	0.0	0.0	0.040093839293877595	0.007988065437248256	0.0
CTTACAAGTTGGATCT-1	Tumor	E15S	Tumor	1	7741.644392490387	0.5908653160661147	0.7055424937284093	-0.12868024150227061	0.28248146649008227	0.013029393493719628	0.01922648354998002	0.9677441229563002	0.007110894942392082	0.17809152766044564	0.8147975773971623	0.007110894942392082	0.0	0.98077351645002	reverted	reverted	reverted	reverted	reverted	persistent		0.0	0.0	0.0	0.0	0.0	0.019226483549980022
CTTACATCATAGGGTT-1	Tumor	E15S	Tumor	1	7898.463762938976	0.36248224059191786	0.7868759430124584	0.22686775700130954	0.19406875946690305	0.024723832744352983	0.00895216866275027	0.9663239985928966	0.004056969065220099	0.13738320948231383	0.8585598214524661	0.004056969065220099	0.0	0.9910478313372497	reverted	reverted	reverted	reverted	reverted	reverted		0.0	0.0	0.0	0.0	0.0	0.008952168662750271
CTTAGCAAGCCGATTA-1	Tumor	E15S	Tumor	1	7200.496703743935	0.037480419282067634	0.8723027173936001	0.17104609857267639	0.2543932397332548	0.02227712319818198	0.01068985061585607	0.967033026185962	0.0019446824087155047	0.0934886272722539	0.9045666903190306	0.0019446824087155047	0.0	0.989310149384144	reverted	reverted	reverted	reverted	reverted	reverted		0.0	0.0	0.0	0.0	0.0	0.01068985061585607
CTTAGCGGTGCAACGG-1	Tumor	E15S	Tumor	1	8775.566098093987	0.5351086620890694	0.7269867894802026	0.3786167351322833	0.14486560591922482	0.04488378015766162	0.008031101553332637	0.9470851182890055	0.006181142158377032	0.16734251885913914	0.8264763389824838	0.006181142158377032	0.0	0.9919688984466674	reverted	reverted	reverted	reverted	reverted	persistent		0.0	0.0	0.0	0.0	0.0	0.008031101553332639
CTTAGCGGTTAATTCG-1	Tumor	E15S	Tumor	1	8696.537442237139	0.019379520803192527	0.876071376619126	0.1473884945756778	0.22265799750782264	0.020111197814474666	0.010309262567876135	0.9695795396176492	0.001871047420490298	0.0914718279857537	0.906657124593756	0.001871047420490298	0.0	0.9896907374321239	reverted	reverted	reverted	reverted	reverted	persistent		0.0	0.0	0.0	0.0	0.0	0.010309262567876135
CTTAGCTTCAGTAGTT-1	Tumor	E15S	Tumor	1	6376.536294460297	0.21973506813702082	0.8286994995719067	0.40403226734397496	0.1669949970133152	0.04921377795316968	0.00818210592512519	0.9426041161217051	0.002909030562840737	0.11621865080668052	0.8808723186304788	0.002909030562840737	0.0	0.9918178940748749	reverted	reverted	reverted	reverted	reverted	persistent		0.0	0.0	0.0	0.0	0.0	0.00818210592512519
CTTAGCTTCGCTGAGT-1	Tumor	E15S	Tumor Proliferating	1	8804.777391463518	0.19874413082174047	0.8342672595670326	-0.40384481692063545	0.5173830561114037	0.015619785123021583	0.03878208637846409	0.9455981284985143	0.002773632316882807	0.11336506086555168	0.8838613068175655	0.002773632316882807	0.0	0.9612179136215359	reverted	reverted	reverted	reverted	reverted	persistent		0.0	0.0	0.0	0.0	0.0	0.03878208637846409
CTTAGTAGTATGTGTC-1	Tumor	E15S	Tumor Proliferating	1	9092.408021256328	-0.052084075079178296	0.8900285972017239	0.05907561487677613	0.25941618369076613	0.017243324595268564	0.012700172982799579	0.9700565024219316	0.0016106392381048382	0.08390207879848528	0.9144872819634099	0.0016106392381048382	0.0	0.9872998270172004	reverted	reverted	reverted	reverted	reverted	persistent		0.0	0.0	0.0	0.0	0.0	0.012700172982799582
CTTAGTAGTTGTGCTG-1	Tumor	E15S	Tumor	1	7729.8396053910255	0.8441205610337088	0.5973370391575576	-0.38188252279573404	0.42099346295147355	0.013272710184171798	0.037262629358059685	0.9494646604577686	0.013745351605298516	0.233538160503165	0.7527164878915364	0.013745351605298516	0.9494646604577686	0.0	reverted	partial	partial	reverted	partial	reverted		0.0	0.0	0.0	0.013272710184171798	0.037262629358059685	0.0
CTTATAGGTCCATTAA-1	Tumor	E15S	Tumor	1	8925.70738838613	3.5116967758598	0.009417293133272709	-0.13265331342081707	0.16352140098357418	0.010175700629670301	0.016476206530264943	0.9733480928400647	0.9901796252425137	0.00926098073527299	0.0005593940222133598	0.9901796252425137	0.0	0.0	persistent	persistent	persistent	persistent	persistent	persistent		0.9733480928400647	0.010175700629670301	0.016476206530264943	0.0	0.0	0.0
CTTATAGGTTCGCAGC-1	Tumor	E15S	Tumor	1	7321.657748699188	-0.17193889451449793	0.910351688449499	-0.10112826060363088	0.39973036049614213	0.017172143717867062	0.021485795093074793	0.9613420611890581	0.0012642777615670053	0.07252552421821519	0.9262101980202178	0.0012642777615670053	0.0	0.9785142049069252	reverted	reverted	reverted	reverted	reverted	reverted		0.0	0.0	0.0	0.0	0.0	0.021485795093074796
CTTATCGCATCGAAGT-1	Tumor	E15S	Tumor	1	8716.81545560062	0.553428507308471	0.7200492403972961	0.27255056620686136	0.17594933403200597	0.02871334596401796	0.008422619841783531	0.9628640341941986	0.006470996526363694	0.17081566178518875	0.8227133416884477	0.006470996526363694	0.0	0.9915773801582164	reverted	reverted	reverted	reverted	reverted	persistent		0.0	0.0	0.0	0.0	0.0	0.00842261984178353
CTTATCTGTTGTAGTC-1	Tumor	E15S	Tumor	1	7610.456428527832	-0.16886264038583143	0.9098752608538027	0.04385804254715849	0.25556341489753237	0.016586476259615183	0.012929275781165313	0.9704842479592197	0.001271972879965855	0.07279807666069991	0.9259299504593343	0.001271972879965855	0.0	0.9870707242188347	reverted	reverted	reverted	reverted	reverted	persistent		0.0	0.0	0.0	0.0	0.0	0.01292927578116531
CTTATGGAGGAATGGT-1	Tumor	E15S	Tumor	1	5975.278880119324	3.5427118282908463	0.008885037273474426	-0.3198447608641374	0.28890674055823706	0.010780426177423056	0.03168148432061222	0.9575380895019646	0.9913382527219788	0.008190807382765088	0.0004709398952560592	0.9913382527219788	0.0	0.0	persistent	persistent	persistent	persistent	persistent	persistent		0.9575380895019647	0.010780426177423058	0.03168148432061223	0.0	0.0	0.0
CTTATGGAGTCAAGCC-1	Tumor	E15S	Tumor	1	8759.59789955616	0.6635995114094355	0.6761501997195782	0.21891114711716955	0.17221528804398067	0.0237107083214201	0.008680590978734163	0.9676087006998458	0.008561328404395566	0.1929139996284639	0.7985246719671405	0.008561328404395566	0.9676087006998458	0.0	reverted	partial	partial	reverted	partial	persistent		0.0	0.0	0.0	0.0237107083214201	0.008680590978734163	0.0
CTTCGCATCCTCAACT-1	Tumor	E15S	Hypoxic Tumor	1	7143.4453320503235	0.1983587341462852	0.8343681154043828	0.10624384107349569	0.2411023758826814	0.018605636877966375	0.011345929264725559	0.9700484338573079	0.0027712146909163477	0.11331326583874955	0.8839155194703342	0.0027712146909163477	0.0	0.9886540707352744	reverted	reverted	reverted	reverted	reverted	persistent		0.0	0.0	0.0	0.0	0.0	0.01134592926472556
CTTCGCGCAGTTAGAC-1	Tumor	E15S	Tumor	1	8692.404374480247	0.761893729069973	0.6341470787874742	-0.5232842536929303	0.5247364745195973	0.014441931807935694	0.047265552098085334	0.938292516093979	0.011055381336655455	0.2143723247391497	0.7745722939241949	0.011055381336655455	0.938292516093979	0.0	reverted	partial	partial	reverted	partial	persistent		0.0	0.0	0.0	0.014441931807935694	0.047265552098085334	0.0
CTTCTATGTCTAGGAA-1	Tumor	E15S	Tumor	1	8804.22411237657	1.6782377311331682	0.23420297854597283	-0.07161640409602586	0.24859764164648768	0.013210082564856422	0.016023291529229308	0.9707666259059142	0.13686441875977226	0.4352014334789063	0.42793414776132144	0.13686441875977226	0.0	0.0	partial	persistent	persistent	partial	persistent	persistent		0.9707666259059142	0.013210082564856422	0.016023291529229308	0.0	0.0	0.0
CTTCTGGTCATATCCC-1	Tumor	E15S	Tumor	1	8816.455473467708	1.288940429165407	0.3899006122874758	0.19819328919150161	0.16110733061877114	0.021921935597262777	0.008675967671222204	0.969402096731515	0.04669192093014812	0.35019270084465404	0.6031153782251979	0.04669192093014812	0.969402096731515	0.0	reverted	partial	partial	reverted	partial	persistent		0.0	0.0	0.0	0.021921935597262777	0.008675967671222204	0.0
CTTCTGGTCGCGTTCC-1	Tumor	E15S	Tumor	1	7235.653926372528	2.091757289346243	0.12264858645289721	-0.04222229763650125	0.26139709978620196	0.014247792157471077	0.015391998966172188	0.9703602088763569	0.37083874851574034	0.40972407249356785	0.2194371789906919	0.37083874851574034	0.0	0.0	partial	persistent	persistent	partial	persistent	persistent		0.9703602088763567	0.014247792157471073	0.015391998966172184	0.0	0.0	0.0
CTTCTGGTCTAGTCGA-1	Tumor	E15S	Tumor	1	7666.139366865158	0.2038799323482563	0.8329185526985396	-0.02707255588616842	0.31509549636680584	0.01627982440369762	0.01647925392022306	0.9672409216760793	0.0028060812691569166	0.11405733013999983	0.8831365885908432	0.0028060812691569166	0.0	0.9835207460797769	reverted	reverted	reverted	reverted	reverted	reverted		0.0	0.0	0.0	0.0	0.0	0.01647925392022306
CTTGAACGTTCCCAGA-1	Tumor	E15S	Tumor	1	6441.025013327599	0.19230187134672588	0.8359467012456753	-0.23170371289261005	0.3993710436959238	0.014667612449536136	0.027265474553191466	0.9580669129972723	0.002733534811169548	0.11250206972822999	0.8847643954606004	0.002733534811169548	0.0	0.9727345254468085	reverted	reverted	reverted	reverted	reverted	persistent		0.0	0.0	0.0	0.0	0.0	0.027265474553191466
CTTGATGAGGTGCTGT-1	Tumor	E15S	Tumor	1	8368.021445512772	1.5362809793394925	0.2857770372526271	0.1310594337418455	0.20435392837256197	0.018777991913253637	0.010150779572988555	0.971071228513758	0.09303453915429803	0.4107944425279668	0.49617101831773525	0.09303453915429803	0.0	0.0	reverted	persistent	persistent	reverted	persistent	persistent		0.9710712285137578	0.018777991913253633	0.010150779572988553	0.0	0.0	0.0
CTTGCGAGTCTGGGTC-1	Tumor	E15S	Tumor	1	8664.603894352913	0.283684821094504	0.8108237634236338	0.214219832583919	0.20757236839448553	0.023995470927073836	0.009280215132704484	0.9667243139402218	0.00337035831986452	0.1253140041685481	0.8713156375115875	0.00337035831986452	0.0	0.9907197848672955	reverted	reverted	reverted	reverted	reverted	persistent		0.0	0.0	0.0	0.0	0.0	0.009280215132704482
CTTGCTTAGTAAGCGG-1	Tumor	E15S	Tumor	1	8939.889830633998	2.466898911678832	0.0642970396823339	-0.19403604059024399	0.2648018769114553	0.011554494856800202	0.022063955611911257	0.9663815495312884	0.6731860306089649	0.2503779475606556	0.07643602183037947	0.6731860306089649	0.0	0.0	persistent	persistent	persistent	persistent	persistent	persistent		0.9663815495312886	0.011554494856800204	0.02206395561191126	0.0	0.0	0.0
CTTGGCCTCGCTGGCA-1	Tumor	E15S	Hypoxic Tumor	1	5793.089415550232	-0.9961702409621876	0.979733907953431	-0.21143326768272785	0.42158430844150874	0.015669696517761407	0.026734427702159388	0.9575958757800791	0.0003333327777386143	0.026378956646567517	0.973287710575694	0.0003333327777386143	0.0	0.9732655722978406	reverted	reverted	reverted	reverted	reverted	persistent		0.0	0.0	0.0	0.0	0.0	0.02673442770215939
CTTGGCGAGCGCTACG-1	Tumor	E15S	Tumor Proliferating	1	8966.766145169735	1.3557095901213656	0.36028343269935387	-0.28909117998046985	0.34653751495363894	0.012416481564198858	0.02980281065112008	0.957780707784681	0.05628524640711916	0.3678286716231862	0.5758860819696947	0.05628524640711916	0.957780707784681	0.0	reverted	partial	partial	reverted	partial	persistent		0.0	0.0	0.0	0.012416481564198858	0.02980281065112008	0.0
CTTGGCGAGGTAGATA-1	Tumor	E15S	Tumor	1	7860.834381759167	1.7921311755009854	0.19776111948614714	0.0783104285262928	0.2002413686735489	0.016287428110010962	0.010894145143500495	0.9728184267464884	0.18444806190761304	0.44496818712387415	0.3705837509685127	0.18444806190761304	0.0	0.0	partial	persistent	persistent	partial	persistent	persistent		0.9728184267464886	0.016287428110010965	0.010894145143500497	0.0	0.0	0.0
CTTGGCTCATGCTCAC-1	Tumor	E15S	Tumor	1	8578.85645532608	0.7235240686497598	0.6508298984668281	0.19285577014938712	0.17499056593415474	0.02179830786537059	0.008927766464015299	0.9692739256706142	0.009999018682934485	0.20580328558041402	0.7841976957366515	0.009999018682934485	0.9692739256706142	0.0	reverted	partial	partial	reverted	partial	persistent		0.0	0.0	0.0	0.02179830786537059	0.008927766464015299	0.0
CTTGGGACAAGGTGCC-1	Tumor	E15S	Tumor Proliferating	1	8937.144528388977	0.8529445950813449	0.5933125530786654	0.19304081415974444	0.1830007888273297	0.02197137677874772	0.00905412917192344	0.9689744940493289	0.014073152947298136	0.23565753319065263	0.7502693138620492	0.014073152947298136	0.9689744940493289	0.0	reverted	partial	partial	reverted	partial	persistent		0.0	0.0	0.0	0.02197137677874772	0.00905412917192344	0.0
CTTGGGACATAACCGG-1	Tumor	E15S	Tumor	1	6896.359576463699	2.9634031462178654	0.02614148594940313	0.37456697539849865	0.1276341544501179	0.044729363266445415	0.007952806553712534	0.9473178301798422	0.9231833163688149	0.06721888669048483	0.009597796940700318	0.9231833163688149	0.0	0.0	persistent	persistent	persistent	persistent	persistent	persistent		0.9473178301798422	0.044729363266445415	0.007952806553712534	0.0	0.0	0.0
CTTGGGTAGTCATCAG-1	Tumor	E15S	Hypoxic Tumor	1	5850.410099029541	-0.5390142553676199	0.9531520009089063	0.6544473386757438	0.11659830238120748	0.20966932545203343	0.010641878938426394	0.7796887956095402	0.0006489146914463944	0.04624160736822907	0.9531094779403244	0.0006489146914463944	0.0	0.9893581210615736	reverted	reverted	reverted	reverted	reverted	persistent		0.0	0.0	0.0	0.0	0.0	0.010641878938426394
CTTGTCCGTGAACCGG-1	Tumor	E15S	Tumor Proliferating	1	8990.095320083201	0.09860155374186588	0.8588489458081531	-0.10044240078696431	0.3192418614529154	0.014652385725571598	0.019108937088123067	0.9662386771863053	0.0022196007913936324	0.10060930881249022	0.8971710903961162	0.0022196007913936324	0.0	0.9808910629118769	reverted	reverted	reverted	reverted	reverted	persistent		0.0	0.0	0.0	0.0	0.0	0.019108937088123067
CTTGTGTTCCGTGCGA-1	Tumor	E15S	Tumor Proliferating	1	8957.396810352802	1.183610287317625	0.43823605343825955	-0.32453651039003856	0.38272284889365393	0.01293206609473532	0.032770308915297953	0.9542976249899667	0.03479136611802908	0.32169360076219966	0.6435150331197711	0.03479136611802908	0.9542976249899667	0.0	reverted	partial	partial	reverted	partial	persistent		0.0	0.0	0.0	0.01293206609473532	0.032770308915297953	0.0
GCAAAGGTCACGGCCA-1	Tumor	E15S	Tumor	1	7412.70296049118	-0.20029435925499728	0.914637259309677	-1.0254982141151998	0.909319131109198	0.01917080892665853	0.06295869039870092	0.9178705006746407	0.0011959432151634516	0.07005916872638268	0.9287448880584539	0.0011959432151634516	0.0	0.937041309601299	reverted	reverted	reverted	reverted	reverted	persistent		0.0	0.0	0.0	0.0	0.0	0.0629586903987009
GCAAAGGTCCGCTGAG-1	Tumor	E15S	Tumor Proliferating	1	8929.000551208854	0.5412620254932206	0.7246685771920846	-0.33825925325645273	0.42100447821462406	0.013783888068615092	0.03407137116502656	0.9521447407663582	0.006276874251520478	0.16850270945676932	0.8252204162917102	0.006276874251520478	0.0	0.9659286288349734	reverted	reverted	reverted	reverted	reverted	persistent		0.0	0.0	0.0	0.0	0.0	0.034071371165026565
GCAAAGGTCCTGATGA-1	Tumor	E15S	Hypoxic Tumor	1	7059.34442448616	0.5567616386738974	0.7187754916318698	0.12745619726665308	0.13708653995731918	0.01705048397091056	0.009012784261060449	0.973936731768029	0.006525323840306184	0.1714537306677507	0.8220209454919432	0.006525323840306184	0.0	0.9909872157389396	reverted	reverted	reverted	reverted	reverted	persistent		0.0	0.0	0.0	0.0	0.0	0.009012784261060449
GCAACATCAGGTTAGT-1	Tumor	E15S	Tumor	1	8906.125444181263	3.4795568504809724	0.010002177700593296	-0.2536929715255335	0.2379232088143085	0.010311995480181043	0.025538482990083804	0.9641495215297351	0.9888254169828171	0.010506709708000462	0.0006678733091823765	0.9888254169828171	0.0	0.0	persistent	persistent	persistent	persistent	persistent	persistent		0.9641495215297352	0.010311995480181045	0.025538482990083808	0.0	0.0	0.0
GCAAGCAAGTGCTCGG-1	Tumor	E15S	Tumor	1	8106.191093027592	1.5870750255899164	0.26656045259203476	0.09594495858525443	0.14818232649354696	0.01577051989836664	0.00960221049871083	0.9746272696029226	0.10695806463672207	0.4207835072179255	0.4722584281453525	0.10695806463672207	0.0	0.0	reverted	persistent	persistent	reverted	persistent	persistent		0.9746272696029226	0.01577051989836664	0.00960221049871083	0.0	0.0	0.0
GCAAGGATCGAAGGGC-1	Tumor	E15S	Tumor Proliferating	1	8759.879596233368	0.5728857648126675	0.7125641674941184	0.02711428074031918	0.24577172302072275	0.015737580397526513	0.013056596947852196	0.9712058226546214	0.00679530673595846	0.17456723935755408	0.8186374539064875	0.00679530673595846	0.0	0.9869434030521479	reverted	reverted	reverted	reverted	reverted	persistent		0.0	0.0	0.0	0.0	0.0	0.013056596947852196
GCAAGGATCGTGCTCC-1	Tumor	E15S	Hypoxic Tumor	1	8520.553277015686	0.21892065771503957	0.8289182577980585	0.45621396535122266	0.14849611124235687	0.06466549884382727	0.008323833741827498	0.9270106674143453	0.002903638480578908	0.1161067394406742	0.8809896220787469	0.002903638480578908	0.0	0.9916761662581726	reverted	reverted	reverted	reverted	reverted	persistent		0.0	0.0	0.0	0.0	0.0	0.008323833741827498
GCAAGGATCTGGTGTA-1	Tumor	E15S	Tumor Proliferating	1	9000.80776143074	0.2065452253629287	0.8322151719938151	0.05458240794713957	0.263749370374897	0.01721208600145237	0.01291090193640926	0.9698770120621384	0.002823092236609743	0.11441809726545245	0.8827588104979378	0.002823092236609743	0.0	0.9870890980635908	reverted	reverted	reverted	reverted	reverted	persistent		0.0	0.0	0.0	0.0	0.0	0.01291090193640926
GCAATCTGTCTTGCTC-1	Tumor	E15S	Tumor	1	8845.572805404663	1.4495603304778915	0.3204274965088832	0.3143444540268733	0.12101409712073008	0.03404154435536522	0.007828606440852124	0.9581298492037829	0.07315183088045835	0.3913177929400263	0.5355303761795153	0.07315183088045835	0.9581298492037826	0.0	reverted	partial	partial	reverted	partial	persistent		0.0	0.0	0.0	0.034041544355365216	0.007828606440852122	0.0
GCACCAACAACTATCT-1	Tumor	E15S	Tumor	1	7092.088115930557	0.4413703105906681	0.7607597032672528	0.35913665031039776	0.14065372546019653	0.04121534902402987	0.007977006267797088	0.9508076447081731	0.004905677026454735	0.15046067032361768	0.8446336526499277	0.004905677026454735	0.0	0.9920229937322028	reverted	reverted	reverted	reverted	reverted	persistent		0.0	0.0	0.0	0.0	0.0	0.007977006267797087
GCACCATAGTTAACGT-1	Tumor	E15S	Tumor	1	7646.271179556847	0.29081507257690226	0.8087445323024753	0.11699149395387917	0.15446386658311775	0.01688233000987092	0.009414448530930826	0.9737032214591984	0.003426760465143018	0.12636638375329445	0.8702068557815625	0.003426760465143018	0.0	0.9905855514690691	reverted	reverted	reverted	reverted	reverted	persistent		0.0	0.0	0.0	0.0	0.0	0.009414448530930824
GCACCGATCCATAGGC-1	Tumor	E15S	Tumor	1	8608.520413458347	1.6445342268926009	0.24584009376778038	0.09531812599473852	0.22636192023212887	0.017707397922553342	0.01118511120242543	0.9711074908750212	0.12502263161361007	0.4304622121212642	0.4445151562651257	0.12502263161361007	0.0	0.0	reverted	persistent	persistent	reverted	persistent	persistent		0.9711074908750212	0.017707397922553342	0.01118511120242543	0.0	0.0	0.0
GCACCTAGTCTTGCAG-1	Tumor	E15S	Tumor Proliferating	1	8976.741385944188	1.8686188211716974	0.175787960844014	0.19262880563112483	0.13633324084163015	0.021092463856221662	0.008388484755292303	0.970519051388486	0.22352210541171658	0.445091987890046	0.33138590669823725	0.22352210541171658	0.0	0.0	partial	persistent	persistent	partial	persistent	persistent		0.970519051388486	0.021092463856221662	0.008388484755292303	0.0	0.0	0.0
GCACGAAAGGCGTTAC-1	Tumor	E15S	Tumor	1	8798.928179174662	1.6069193470964158	0.2592803244439591	0.3096444358288797	0.15413498656600436	0.03311799557769565	0.008078514948505892	0.9588034894737985	0.1129067016028076	0.42433704888162166	0.46275624951557087	0.1129067016028076	0.0	0.0	reverted	persistent	persistent	reverted	persistent	persistent		0.9588034894737985	0.03311799557769565	0.008078514948505892	0.0	0.0	0.0
GCACTAATCCAGCAAC-1	Tumor	E15S	Tumor	1	8198.559500098228	1.0161245872489943	0.5171811961108637	-0.08344875704000729	0.264994715011018	0.013416840357597309	0.0169082105175141	0.9696749491248885	0.021893953746088515	0.27678345007393795	0.7013225961799735	0.021893953746088515	0.9696749491248886	0.0	reverted	partial	partial	reverted	partial	reverted		0.0	0.0	0.0	0.01341684035759731	0.016908210517514104	0.0
GCACTAATCGCGCCTT-1	Tumor	E15S	Tumor	1	7888.4196919202805	0.7687269572632364	0.6311406135542155	0.09159751080888545	0.25456809103904426	0.018369062996023006	0.011933891659251756	0.9696970453447252	0.011255814282703787	0.21592382562528648	0.7728203600920098	0.011255814282703787	0.9696970453447252	0.0	reverted	partial	partial	reverted	partial	persistent		0.0	0.0	0.0	0.018369062996023006	0.011933891659251756	0.0
GCACTAGCATTAAGTG-1	Tumor	E15S	Tumor	1	8954.920354485512	2.4014005933816693	0.07217253571517565	-0.1678268961881721	0.23440472825657596	0.011184588454953443	0.019879793386322606	0.9689356181587241	0.6223701408340867	0.2824425958291843	0.09518726333672888	0.6223701408340867	0.0	0.0	persistent	persistent	persistent	persistent	persistent	persistent		0.9689356181587241	0.011184588454953443	0.019879793386322606	0.0	0.0	0.0
GCACTGGTCCCTCAGC-1	Tumor	E15S	Tumor Proliferating	1	8822.151837140322	2.583572308412654	0.05221959827723312	0.14000762252368493	0.1544505678406282	0.01807523544614366	0.00913195491256324	0.9727928096412932	0.754930668008143	0.19515368439938022	0.04991564759247686	0.754930668008143	0.0	0.0	persistent	persistent	persistent	persistent	persistent	persistent		0.9727928096412932	0.01807523544614366	0.00913195491256324	0.0	0.0	0.0
GCAGGATGTGAGTGCG-1	Tumor	E15S	Tumor Proliferating	1	8756.737786903977	0.44901781472625585	0.7581147250491758	0.30889475707107333	0.13864892758747346	0.03310676039993412	0.007951856480040828	0.9589413831200252	0.004997970010709051	0.15178273734538802	0.8432192926439028	0.004997970010709051	0.0	0.9920481435199591	reverted	reverted	reverted	reverted	reverted	persistent		0.0	0.0	0.0	0.0	0.0	0.007951856480040827
GCAGGATGTTGGTTCG-1	Tumor	E15S	Tumor	1	8721.092843413353	0.24373669278044627	0.8221525137075715	0.2687133173993075	0.18758704114901723	0.028415423562828196	0.00859117650729824	0.9629933999298737	0.003073191552115148	0.11956066825004677	0.8773661401978381	0.003073191552115148	0.0	0.9914088234927017	reverted	reverted	reverted	reverted	reverted	persistent		0.0	0.0	0.0	0.0	0.0	0.008591176507298239
GCAGGCTCACCAATCC-1	Tumor	E15S	Tumor	1	7439.752856731415	-0.015144815802571378	0.8829948692160979	0.01149461638378848	0.206304341639347	0.014147877078728738	0.01243818040240903	0.9734139425188622	0.0017394877537157947	0.08773784419125838	0.9105226680550258	0.0017394877537157947	0.0	0.9875618195975909	reverted	reverted	reverted	reverted	reverted	reverted		0.0	0.0	0.0	0.0	0.0	0.01243818040240903
GCAGGCTCACTTGCAC-1	Tumor	E15S	Tumor	1	8713.641688838601	1.3031628428967987	0.3835150138275924	0.3118988573502989	0.12681175582942644	0.03362556869587706	0.007865570132919948	0.958508861171203	0.04858775947154091	0.3539921317853155	0.5974201087431436	0.04858775947154091	0.958508861171203	0.0	reverted	partial	partial	reverted	partial	persistent		0.0	0.0	0.0	0.03362556869587706	0.007865570132919948	0.0
GCAGGCTCATCAATCT-1	Tumor	E15S	Tumor Proliferating	1	8960.770755127072	0.5681570816542728	0.7143942137311146	-0.44418212661169026	0.4853135506607391	0.014262118748683984	0.04173128820666127	0.9440065930446546	0.006714879881940182	0.17364953731040975	0.8196355828076503	0.006714879881940182	0.0	0.9582687117933387	reverted	reverted	reverted	reverted	reverted	persistent		0.0	0.0	0.0	0.0	0.0	0.04173128820666128
GCAGGGACAGGATGCC-1	Tumor	E15S	Hypoxic Tumor	1	6657.75479888916	-0.21074334527313765	0.9161691056670253	-1.2933686085595617	0.8497189906529734	0.015839826160897835	0.08543415522000866	0.8987260186190935	0.001171900413774236	0.0691709061474718	0.929657193438754	0.001171900413774236	0.0	0.9145658447799914	reverted	reverted	reverted	reverted	reverted	persistent		0.0	0.0	0.0	0.0	0.0	0.08543415522000866
GCAGTGAAGTCAGGAG-1	Tumor	E15S	Tumor	1	8709.561627522111	1.4862325491372457	0.3055017823479323	-0.202031863664278	0.32170463013463096	0.012912352222374055	0.02387183332195611	0.96321581445567	0.0810039921112991	0.39987529816666456	0.5191207097220363	0.0810039921112991	0.96321581445567	0.0	reverted	partial	partial	reverted	partial	persistent		0.0	0.0	0.0	0.012912352222374055	0.02387183332195611	0.0
GCATAACCATGCTACC-1	Tumor	E15S	Tumor	1	8560.273176670074	2.189429485444056	0.1040985211201401	-0.07036013229659084	0.2054707250747909	0.012113722393344269	0.014849027767544133	0.9730372498391117	0.4480127244997738	0.3772670557319443	0.17472021976828178	0.4480127244997738	0.0	0.0	persistent	persistent	persistent	persistent	persistent	persistent		0.9730372498391117	0.012113722393344269	0.014849027767544133	0.0	0.0	0.0
GCATAGCTCATGACGC-1	Tumor	E15S	Tumor	1	7851.2792764008045	1.4711226543628768	0.3116045250282542	-0.2345476685566673	0.312632172271609	0.012220966728516181	0.025570074036807507	0.9622089592346763	0.07767482135845388	0.3964007863328708	0.5259243923086754	0.07767482135845388	0.9622089592346763	0.0	reverted	partial	partial	reverted	partial	persistent		0.0	0.0	0.0	0.012220966728516181	0.025570074036807507	0.0
GCATAGCTCGTTGCCC-1	Tumor	E15S	Tumor	1	8312.01140499115	0.07980047559629325	0.8631089687365833	-0.04626894672756149	0.3541855190303365	0.01702735832718948	0.018247529983407253	0.9647251116894033	0.002130475050936461	0.09836704013284103	0.8995024848162225	0.002130475050936461	0.0	0.9817524700165928	reverted	reverted	reverted	reverted	reverted	persistent		0.0	0.0	0.0	0.0	0.0	0.018247529983407253
GCATAGTCATCGCTGT-1	Tumor	E15S	Tumor	1	8763.966696977615	0.5381389147598445	0.7258466992872706	-0.04313143986485127	0.2689337174447911	0.014446352949774146	0.01563299583665619	0.9699206512135695	0.00622808339586472	0.16791305352944522	0.8258588630746901	0.00622808339586472	0.0	0.9843670041633438	reverted	reverted	reverted	reverted	reverted	persistent		0.0	0.0	0.0	0.0	0.0	0.015632995836656192
GCATCAGCATTAACGA-1	Tumor	E15S	Tumor	1	8940.747576907277	1.0879887794265037	0.48318185018573184	-0.32570928696621365	0.32622240245428974	0.011537001860859883	0.03241154566569415	0.9560514524734459	0.026682094251689364	0.2958400493804523	0.6774778563678583	0.026682094251689364	0.9560514524734459	0.0	reverted	partial	partial	reverted	partial	persistent		0.0	0.0	0.0	0.011537001860859883	0.03241154566569415	0.0
GCATGAGAGTGGGTCT-1	Tumor	E15S	Tumor	1	7304.763057231903	1.5882058720397274	0.2661421100678703	-0.3295804203806989	0.396643269727929	0.01323721951575665	0.033259017055192686	0.9535037634290506	0.10728910791693458	0.4209916131143214	0.47171927896874416	0.10728910791693458	0.0	0.0	reverted	persistent	persistent	reverted	persistent	reverted		0.9535037634290506	0.01323721951575665	0.033259017055192686	0.0	0.0	0.0
GCATGGTTCATGCACA-1	Tumor	E15S	Tumor	1	8938.866415373981	1.0032735065894163	0.5232534389281744	-0.04665887628285129	0.27174602163855965	0.014443067550795389	0.015825577512009557	0.9697313549371951	0.021136961503950797	0.2734263157554688	0.7054367227405804	0.021136961503950797	0.9697313549371951	0.0	reverted	partial	partial	reverted	partial	persistent		0.0	0.0	0.0	0.014443067550795389	0.015825577512009557	0.0
GCATTAACAAAGGCAA-1	Tumor	E15S	Hypoxic Tumor	1	7423.022110462189	0.6278784030091918	0.6907783987314973	-0.43790181989756727	0.3960891022059385	0.012116793262133971	0.04239198840006758	0.9454912183377985	0.007812292361343218	0.18552118637915993	0.8066665212594968	0.007812292361343218	0.9454912183377985	0.0	reverted	partial	partial	reverted	partial	persistent		0.0	0.0	0.0	0.012116793262133971	0.04239198840006758	0.0
GCATTACGTTGACGGG-1	Tumor	E15S	Tumor	1	8651.016860574484	0.5593396285990686	0.717787902665938	-0.08050394517441242	0.29051245961156597	0.014218294380930913	0.01752587061143201	0.9682558350076372	0.006567686811528095	0.17194854365104256	0.8214837695374295	0.006567686811528095	0.0	0.9824741293885679	reverted	reverted	reverted	reverted	reverted	persistent		0.0	0.0	0.0	0.0	0.0	0.017525870611432008
GCCAACTAGCTAGTGC-1	Tumor	E15S	Tumor	1	8338.458778768778	0.612297366234931	0.6970434118718152	0.11200497874854362	0.22482675012125258	0.018405700459230064	0.010873732280393138	0.9707205672603767	0.007508218857249877	0.1823649675905515	0.8101268135521987	0.007508218857249877	0.9707205672603768	0.0	reverted	partial	partial	reverted	partial	persistent		0.0	0.0	0.0	0.018405700459230068	0.01087373228039314	0.0
GCCAAGCCATCCAACC-1	Tumor	E15S	Tumor	1	8639.529734820127	0.21637859655267275	0.829599653054934	0.34496718624991535	0.13241534017135387	0.038861088154916665	0.007915035982179094	0.9532238758629044	0.0028868811970745945	0.1157580490105447	0.8813550697923807	0.0028868811970745945	0.0	0.992084964017821	reverted	reverted	reverted	reverted	reverted	persistent		0.0	0.0	0.0	0.0	0.0	0.007915035982179094
GCCAATATCCGTGCGA-1	Tumor	E15S	Tumor	1	9018.680683076382	0.23422235883391546	0.8247709351920686	0.010314105565358778	0.26876764614738274	0.015903351832420188	0.014095273245363903	0.9700013749222158	0.003006885125531089	0.11822569430499567	0.8787674205694732	0.003006885125531089	0.0	0.9859047267546361	reverted	reverted	reverted	reverted	reverted	persistent		0.0	0.0	0.0	0.0	0.0	0.014095273245363905
GCCAATTGTAAGTACG-1	Tumor	E15S	Tumor	1	7417.59126919508	1.5319568549844118	0.2874508414527248	-0.025651436028524672	0.28169730626517253	0.015277072335893324	0.015459790542279103	0.9692631371218275	0.09193151845795693	0.4098900865645267	0.4981783949775163	0.09193151845795693	0.0	0.0	reverted	persistent	persistent	reverted	persistent	persistent		0.9692631371218275	0.015277072335893324	0.015459790542279103	0.0	0.0	0.0
GCCAATTGTTTCCTGC-1	Tumor	E15S	Tumor Proliferating	1	7641.066935300827	-0.21659401452917526	0.917015882652001	0.39694767125236635	0.16851487563333462	0.04761067534711096	0.008177984436453716	0.9442113402164355	0.0011586957084155382	0.06867831301720265	0.9301629912743818	0.0011586957084155382	0.0	0.9918220155635462	reverted	reverted	reverted	reverted	reverted	persistent		0.0	0.0	0.0	0.0	0.0	0.008177984436453714
GCCACAACAAAGGGTA-1	Tumor	E15S	Tumor	1	8086.036890029907	1.2266902761142602	0.4182695766531358	-0.046112535834267394	0.25213682307520535	0.01388692214008331	0.01525857839787663	0.9708544994620399	0.039233599183344715	0.33339539199069823	0.6273710088259572	0.039233599183344715	0.97085449946204	0.0	reverted	partial	partial	reverted	partial	persistent		0.0	0.0	0.0	0.013886922140083312	0.015258578397876631	0.0
GCCACTTCAAACTGGT-1	Tumor	E15S	Tumor Proliferating	1	8909.983423344791	0.9673698888276366	0.5401761748477173	-0.025475285267156374	0.24549627021470694	0.014210718537669462	0.014442189500136138	0.9713470919621944	0.019164072777329705	0.2641432773921339	0.7166926498305365	0.019164072777329705	0.9713470919621944	0.0	reverted	partial	partial	reverted	partial	persistent		0.0	0.0	0.0	0.014210718537669462	0.014442189500136138	0.0
GCCACTTCACAAGCGC-1	Tumor	E15S	Tumor Proliferating	1	8939.8157402277	0.361827159260275	0.7870838480034484	-0.06843417205302679	0.3058065390510195	0.014951489257938213	0.01754171676540259	0.9675067939766592	0.004050647202471278	0.1372788365531354	0.8586705162443933	0.004050647202471278	0.0	0.9824582832345974	reverted	reverted	reverted	reverted	reverted	persistent		0.0	0.0	0.0	0.0	0.0	0.01754171676540259
GCCATAATCAGCACGT-1	Tumor	E15S	Tumor	1	8573.430156826973	0.6468536353397859	0.6830530027075168	0.03183904734669616	0.27617041909790696	0.01681142245529991	0.013766232232120475	0.9694223453125798	0.008200877122043248	0.18942112165757427	0.8023780012203825	0.008200877122043248	0.9694223453125795	0.0	reverted	partial	partial	reverted	partial	persistent		0.0	0.0	0.0	0.016811422455299905	0.013766232232120472	0.0
GCCATAATCCTGCCTA-1	Tumor	E15S	Tumor	1	8924.260100543499	2.081698620105626	0.12471244972302709	-0.13227776409867484	0.28301208092478297	0.012979783741554512	0.019399909735076687	0.9676203065233686	0.36323608368877214	0.41251112808974505	0.22425278822148292	0.36323608368877214	0.0	0.0	partial	persistent	persistent	partial	persistent	persistent		0.9676203065233688	0.012979783741554516	0.01939990973507669	0.0	0.0	0.0
GCCATAGCAAATGGAG-1	Tumor	E15S	Tumor	1	8696.651254817843	2.8043432150678225	0.035005478426481884	-0.05789198597635603	0.18876027404777285	0.011971018454901948	0.014013597662918978	0.974015383882179	0.8705971372263515	0.10943149659924332	0.019971366174405304	0.8705971372263515	0.0	0.0	persistent	persistent	persistent	persistent	persistent	persistent		0.9740153838821791	0.01197101845490195	0.01401359766291898	0.0	0.0	0.0
GCCATCAGTAGTGCCC-1	Tumor	E15S	Tumor	1	8783.678604722023	1.0361037601765013	0.507731444108808	-0.17792193305753007	0.3225778626626005	0.013311503652161017	0.02262726220869127	0.9640612341391477	0.023127655720270278	0.2820357391115565	0.6948366051681731	0.023127655720270278	0.9640612341391477	0.0	reverted	partial	partial	reverted	partial	persistent		0.0	0.0	0.0	0.013311503652161017	0.02262726220869127	0.0
GCCATGGTCATGCTCT-1	Tumor	E15S	Tumor	1	8401.369963169098	0.42696778742921954	0.7656869273737238	0.027221351655039465	0.2457623994376334	0.01574074546758594	0.013053812453172688	0.9712054420792413	0.004736967627323072	0.14799713095786624	0.8472659014148105	0.004736967627323072	0.0	0.9869461875468273	reverted	reverted	reverted	reverted	reverted	persistent		0.0	0.0	0.0	0.0	0.0	0.013053812453172688
GCCCATAGTTCGCTTC-1	Tumor	E15S	Tumor	1	8253.019116669893	1.4334852157424685	0.32709021268872285	0.3385381747986537	0.12412017781565424	0.03791126164196222	0.007863483948585008	0.9542252544094527	0.06994721069690252	0.38744094093877096	0.5426118483643265	0.06994721069690252	0.9542252544094527	0.0	reverted	partial	partial	reverted	partial	persistent		0.0	0.0	0.0	0.03791126164196222	0.007863483948585008	0.0
GCCCATTCAGGACTAT-1	Tumor	E15S	Tumor Proliferating	1	9045.588251940906	0.2633315867958316	0.8166634348559434	-0.21623611567214457	0.37142315059376124	0.014095927854622749	0.025817219691171202	0.960086852454206	0.0032150630053316225	0.1223526349349781	0.8744323020596902	0.0032150630053316225	0.0	0.9741827803088288	reverted	reverted	reverted	reverted	reverted	persistent		0.0	0.0	0.0	0.0	0.0	0.025817219691171202
GCCCTTGCAAGCCGGT-1	Tumor	E15S	Tumor Proliferating	1	8933.952654957771	0.8580542253409784	0.5909763635798488	-0.2148175128565855	0.3442013954571977	0.013342755122268807	0.025108762990684666	0.9615484818870466	0.014266770384859538	0.23689012950248803	0.7488431001126524	0.014266770384859538	0.9615484818870466	0.0	reverted	partial	partial	reverted	partial	persistent		0.0	0.0	0.0	0.013342755122268807	0.025108762990684666	0.0
GCCCTTGCAAGTTCGG-1	Tumor	E15S	Tumor Proliferating	1	8983.808814525604	-0.1351787603123461	0.904507605469934	-0.09711439711711495	0.3395274925543827	0.015347715997905945	0.019574839762579867	0.9650774442395142	0.0013600492708020831	0.07584761555539246	0.9227923351738055	0.0013600492708020831	0.0	0.9804251602374202	reverted	reverted	reverted	reverted	reverted	persistent		0.0	0.0	0.0	0.0	0.0	0.019574839762579867
GCCGATTAGATAGGGT-1	Tumor	E15S	Tumor	1	8934.75575274229	0.018084451783440043	0.8763373199174626	-0.10431880195974658	0.3372154990635291	0.01512068773060221	0.019782520100391963	0.9650967921690058	0.0018659056040168924	0.09132910534424933	0.9068049890517338	0.0018659056040168924	0.0	0.9802174798996081	reverted	reverted	reverted	reverted	reverted	persistent		0.0	0.0	0.0	0.0	0.0	0.019782520100391967
GCCGCTAAGGGGTAGC-1	Tumor	E15S	Tumor Proliferating	1	8766.773148655891	1.4378198648941405	0.3252865903469408	0.064175013508328	0.1751997140462814	0.015102751673271327	0.0106235441166346	0.9742737042100941	0.07079762381145414	0.3884932648777693	0.5407091113107766	0.07079762381145414	0.9742737042100941	0.0	reverted	partial	partial	reverted	partial	persistent		0.0	0.0	0.0	0.015102751673271327	0.0106235441166346	0.0
GCCGTAGTCGCTAATG-1	Tumor	E15S	Tumor	1	9035.48067843914	0.6082883098321844	0.6986437685781505	-0.25157209580831713	0.3738295737396676	0.013634303575731633	0.02784959798741198	0.9585160984368565	0.007432087394541464	0.1815595934809227	0.8110083191245357	0.007432087394541464	0.9585160984368565	0.0	reverted	partial	partial	reverted	partial	persistent		0.0	0.0	0.0	0.013634303575731633	0.02784959798741198	0.0
GCCGTTAGTAACTCGT-1	Tumor	E15S	Tumor	1	8940.367568850517	0.8182846041788141	0.6090434102109179	-0.4354724987112187	0.49501943151017425	0.01461940244287018	0.04100275793174925	0.9443778396253806	0.012831585130978308	0.2274012886380646	0.7597671262309571	0.012831585130978308	0.9443778396253806	0.0	reverted	partial	partial	reverted	partial	persistent		0.0	0.0	0.0	0.01461940244287018	0.04100275793174925	0.0
GCCGTTGAGGATCATT-1	Tumor	E15S	Tumor Proliferating	1	8959.564066022635	0.6795963842369145	0.6694837129001184	0.4072803427653034	0.13800302999665962	0.0517411553718981	0.008091430204752278	0.9401674144233496	0.008921789454997624	0.19629529588347497	0.7947829146615275	0.008921789454997624	0.9401674144233496	0.0	reverted	partial	partial	reverted	partial	persistent		0.0	0.0	0.0	0.0517411553718981	0.008091430204752278	0.0
GCCTAATGTGATGAAT-1	Tumor	E15S	Tumor	1	8824.382200941443	1.8392935905661705	0.18397693775909849	0.10931326797872729	0.18144118244535737	0.017142072347474505	0.010005352830791193	0.9728525748217344	0.20783719694424352	0.4457208140241952	0.34644198903156137	0.20783719694424352	0.0	0.0	partial	persistent	persistent	partial	persistent	persistent		0.9728525748217342	0.017142072347474502	0.010005352830791191	0.0	0.0	0.0
GCCTCATCAAAGGAAT-1	Tumor	E15S	Tumor Proliferating	1	8968.788475327194	0.4309919938852865	0.7643173349561364	-0.20251519699848122	0.3547879492972504	0.013833306958411095	0.02469932084581193	0.9614673721957769	0.0047834467584207	0.14868201674540032	0.846534536496179	0.0047834467584207	0.0	0.975300679154188	reverted	reverted	reverted	reverted	reverted	persistent		0.0	0.0	0.0	0.0	0.0	0.02469932084581193
GCCTCATCATGCTTCA-1	Tumor	E15S	Tumor	1	8429.45376777649	0.6447616079726588	0.6839098009871284	-0.0923792349393162	0.33176248112752305	0.015210297547646953	0.01916900224883759	0.9656207002035155	0.008157019899351258	0.18898813009759685	0.802854850003052	0.008157019899351258	0.9656207002035155	0.0	reverted	partial	partial	reverted	partial	persistent		0.0	0.0	0.0	0.015210297547646953	0.01916900224883759	0.0
GCCTGCAAGTGAACCC-1	Tumor	E15S	Tumor	1	8456.214559167624	2.0704579778069396	0.1270539970932925	0.31072936496340764	0.11916229597609652	0.03351671593590607	0.007816831065482718	0.9586664529986111	0.35483132932132544	0.41549559668881325	0.22967307398986125	0.35483132932132544	0.0	0.0	partial	persistent	persistent	partial	persistent	persistent		0.9586664529986112	0.03351671593590608	0.00781683106548272	0.0	0.0	0.0
GCCTGGATCATCTGGA-1	Tumor	E15S	Tumor	1	8840.61195243895	1.4216223897944755	0.3320523578586086	-0.3933839470177328	0.4076120093638086	0.012811184930262245	0.03821869943761033	0.9489701156321274	0.06767048144864243	0.38453611735103105	0.5477934012003265	0.06767048144864243	0.9489701156321274	0.0	reverted	partial	partial	reverted	partial	persistent		0.0	0.0	0.0	0.012811184930262245	0.03821869943761033	0.0
GCCTGTTCATAAGGCT-1	Tumor	E15S	Hypoxic Tumor	1	8915.205582022667	-0.06300860845825883	0.8920366150754346	-1.1623518730463893	0.9567799909127028	0.01912647000908041	0.06702271852777855	0.9138508114631411	0.0015747238168460022	0.0827984601506393	0.9156268160325147	0.0015747238168460022	0.0	0.9329772814722215	reverted	reverted	reverted	reverted	reverted	reverted		0.0	0.0	0.0	0.0	0.0	0.06702271852777855
GCCTTCATCGACCCGA-1	Tumor	E15S	Tumor	1	8843.497051239014	1.0029970260013463	0.5233840092568909	-0.06239438476401307	0.2603269608787135	0.013741957308464767	0.016025978942922587	0.9702320637486127	0.02112098002137932	0.27335428089959224	0.7055247390790286	0.02112098002137932	0.9702320637486127	0.0	reverted	partial	partial	reverted	partial	persistent		0.0	0.0	0.0	0.013741957308464767	0.016025978942922587	0.0
GCCTTGCTCCGTCACC-1	Tumor	E15S	Tumor	1	5531.692852735519	0.8104455630838927	0.6125713001313942	0.19237022004677903	0.158542477505483	0.021452588958663282	0.008685741137530414	0.9698616699038063	0.012567346128115128	0.22555976461354438	0.7618728892583405	0.012567346128115128	0.9698616699038063	0.0	reverted	partial	partial	reverted	partial	persistent		0.0	0.0	0.0	0.021452588958663282	0.008685741137530414	0.0
GCGAATTCAAACCGGC-1	Tumor	E15S	Tumor Proliferating	1	8853.413051255047	0.3508017261275508	0.7905608140424233	0.23300275189506078	0.17323430648562552	0.02490286865968403	0.008600251025023563	0.9664968803152922	0.0039458894775044285	0.13553245307005463	0.8605216574524409	0.0039458894775044285	0.0	0.9913997489749764	reverted	reverted	reverted	reverted	reverted	persistent		0.0	0.0	0.0	0.0	0.0	0.008600251025023565
GCGACAGGTTTCCTCA-1	Tumor	E15S	Tumor Proliferating	1	8874.762390732765	-0.05714907093582229	0.8909636234474982	0.2649690253046069	0.20783059721949082	0.028265547803984797	0.008903166519505543	0.9628312856765097	0.0015938678856503088	0.08338867822452535	0.9150174538898244	0.0015938678856503088	0.0	0.9910968334804945	reverted	reverted	reverted	reverted	reverted	persistent		0.0	0.0	0.0	0.0	0.0	0.008903166519505543
GCGACAGGTTTCGTCC-1	Tumor	E15S	Tumor	1	8744.296351030469	0.6918720033704767	0.664321260011733	0.3015049094181723	0.1496425608862108	0.03205328068590372	0.008052831228859332	0.959893888085237	0.00920956584527019	0.19891950391868732	0.7918709302360425	0.00920956584527019	0.959893888085237	0.0	reverted	partial	partial	reverted	partial	persistent		0.0	0.0	0.0	0.03205328068590372	0.008052831228859332	0.0
GCGACATTCGCATTAG-1	Tumor	E15S	Tumor	1	8663.427809536457	2.2383203153420355	0.09577725845897662	0.24288103458973856	0.11321993094797832	0.02515924742250921	0.00788283976360609	0.9669579128138845	0.488233647608833	0.3577513020219421	0.15401505036922494	0.488233647608833	0.0	0.0	persistent	persistent	persistent	persistent	persistent	persistent		0.9669579128138848	0.025159247422509218	0.007882839763606092	0.0	0.0	0.0
GCGACTTAGGTCAATT-1	Tumor	E15S	Tumor	1	7190.0656760931015	0.533094375295717	0.7277429964832997	-0.07038067585393967	0.3078351530271624	0.014968504494468795	0.01766916194774375	0.9673623335577873	0.006150154803877335	0.1669641354495673	0.8268857097465554	0.006150154803877335	0.0	0.9823308380522563	reverted	reverted	reverted	reverted	reverted	persistent		0.0	0.0	0.0	0.0	0.0	0.017669161947743754
GCGACTTAGTGAAGGT-1	Tumor	E15S	Tumor Proliferating	1	8792.917956955731	1.084857468417555	0.48466232864071945	0.2488197569317712	0.14132000651000637	0.025989352741245277	0.008127764445885111	0.9658828828128695	0.026452261669568468	0.29500106239073254	0.678546675939699	0.026452261669568468	0.9658828828128696	0.0	reverted	partial	partial	reverted	partial	persistent		0.0	0.0	0.0	0.02598935274124528	0.008127764445885113	0.0
GCGAGTTTCGTGAGAG-1	Tumor	E15S	Tumor Proliferating	1	8951.11593028903	-0.10688438424826882	0.8997796422550777	0.041550079384298826	0.26004448229321575	0.01664268442005041	0.013100485162153865	0.9702568304177958	0.001439759997780602	0.07850356193485003	0.9200566780673692	0.001439759997780602	0.0	0.9868995148378462	reverted	reverted	reverted	reverted	reverted	persistent		0.0	0.0	0.0	0.0	0.0	0.013100485162153865
GCGATAAGTTGCCCAA-1	Tumor	E15S	Tumor	1	7667.473304092884	-0.27638158598906104	0.9252325527747873	-0.3717911583927229	0.47648542433725566	0.014888096246536517	0.03664770234121548	0.9484642014122479	0.0010336858626642477	0.06383571907822196	0.9351305950591139	0.0010336858626642477	0.0	0.9633522976587845	reverted	reverted	reverted	reverted	reverted	reverted		0.0	0.0	0.0	0.0	0.0	0.036647702341215484
GCGATGAAGAAGGTTA-1	Tumor	E15S	Tumor	1	8168.383777558804	1.0934794913180887	0.4805865793453679	0.21109311543201623	0.14223930776544408	0.022610225305663208	0.008335558952389386	0.9690542157419474	0.027090116029007426	0.29731279148145157	0.6755970924895409	0.027090116029007426	0.9690542157419474	0.0	reverted	partial	partial	reverted	partial	persistent		0.0	0.0	0.0	0.022610225305663208	0.008335558952389386	0.0
GCGATGTTCTATGCGA-1	Tumor	E15S	Tumor	1	8176.439765363932	1.8971387983483354	0.1681015695238126	-0.6852969943431478	0.5171172679151511	0.012844828758886366	0.06370319041050451	0.9234519808306093	0.23962507258675078	0.4436305271754208	0.31674440023782846	0.23962507258675078	0.0	0.0	partial	persistent	persistent	partial	persistent	reverted		0.9234519808306091	0.012844828758886363	0.0637031904105045	0.0	0.0	0.0
GCGCAAGGTTGTGGTT-1	Tumor	E15S	Hypoxic Tumor	1	6963.918614387512	0.9615067067969187	0.5429319747039044	-0.1957415883405515	0.20611006837031748	0.010243160091076935	0.020880370704452863	0.96887646920447	0.01886074141349957	0.2626416043761158	0.7184976542103847	0.01886074141349957	0.9688764692044702	0.0	reverted	partial	partial	reverted	partial	persistent		0.0	0.0	0.0	0.010243160091076937	0.020880370704452866	0.0
GCGCATTAGAAGCGGC-1	Tumor	E15S	Tumor	1	7126.599095821381	-0.27892520863560666	0.9255649921051836	-0.21090224765470594	0.41553011506108356	0.01549480219111337	0.02656880463539939	0.9579363931734873	0.001028745584827005	0.06363723642605486	0.9353340179891181	0.001028745584827005	0.0	0.9734311953646007	reverted	reverted	reverted	reverted	reverted	persistent		0.0	0.0	0.0	0.0	0.0	0.02656880463539939
GCGCTAACAATCAATG-1	Tumor	E15S	Tumor	1	8247.68117070198	-0.20108114259701915	0.9147534816631182	0.17573529173971125	0.22953054197341385	0.021909827701559578	0.010095572738006226	0.9679945995604342	0.0011941120446551888	0.06999190250831218	0.9288139854470326	0.0011941120446551888	0.0	0.9899044272619938	reverted	reverted	reverted	reverted	reverted	persistent		0.0	0.0	0.0	0.0	0.0	0.010095572738006226
GCGCTAGTCAGCCACG-1	Tumor	E15S	Tumor Proliferating	1	8930.136757582426	0.8350610188815993	0.6014553375985832	-0.1417269253014412	0.3126381508168576	0.013648467676426575	0.02063964092773325	0.9657118913958401	0.013417260762696257	0.23137452814359313	0.7552082110937105	0.013417260762696257	0.9657118913958401	0.0	reverted	partial	partial	reverted	partial	persistent		0.0	0.0	0.0	0.013648467676426575	0.02063964092773325	0.0
GCGCTAGTCGAGTCCG-1	Tumor	E15S	Tumor Proliferating	1	9077.474195249379	0.5878246421068889	0.7067369944015857	0.11433116624867462	0.21453805679144872	0.018231684914417897	0.010609456259179861	0.9711588588264024	0.007056413424327136	0.17749161286236	0.8154519737133128	0.007056413424327136	0.0	0.9893905437408202	reverted	reverted	reverted	reverted	reverted	persistent		0.0	0.0	0.0	0.0	0.0	0.010609456259179861
GCGCTCAAGTCAATCG-1	Tumor	E15S	Tumor Proliferating	1	8995.30027744174	0.5351262149809332	0.7269801939817502	0.4946220646639457	0.11569689845761343	0.08453115280463121	0.008695510632700503	0.9067733365626683	0.006181412943143684	0.16734581920445762	0.8264727678523986	0.006181412943143684	0.0	0.9913044893672995	reverted	reverted	reverted	reverted	reverted	persistent		0.0	0.0	0.0	0.0	0.0	0.008695510632700503
GCGCTTAGTGCGGTTC-1	Tumor	E15S	Tumor	1	8230.131855159998	0.37499554402915797	0.7828761521283316	0.19867056295541088	0.16126248128710607	0.02195989075319543	0.008674445095685804	0.9693656641511188	0.004179880151006927	0.13939013884193335	0.8564299810070598	0.004179880151006927	0.0	0.9913255549043142	reverted	reverted	reverted	reverted	reverted	persistent		0.0	0.0	0.0	0.0	0.0	0.008674445095685804
GCGCTTAGTGGCTGAG-1	Tumor	E15S	Tumor	1	8194.772454589605	0.39364852333485034	0.7768136938065239	0.10757950333650801	0.2557052627098748	0.019091609232244056	0.011677852270147518	0.9692305384976085	0.004370922373630187	0.14242861614360336	0.8532004614827666	0.004370922373630187	0.0	0.9883221477298524	reverted	reverted	reverted	reverted	reverted	persistent		0.0	0.0	0.0	0.0	0.0	0.011677852270147516
GCGCTTGAGCCTAGCG-1	Tumor	E15S	Tumor	1	8787.316632986069	2.5973351789930925	0.0509449983432192	-0.09708567098771245	0.22205007061245782	0.012007627779104336	0.016276684655141014	0.9717156875657545	0.7636893877060927	0.18897646223834547	0.04733415005556175	0.7636893877060927	0.0	0.0	persistent	persistent	persistent	persistent	persistent	persistent		0.9717156875657547	0.012007627779104338	0.016276684655141017	0.0	0.0	0.0
GCGCTTGAGCGAGCTT-1	Tumor	E15S	Tumor	1	6511.461908936501	0.05811787613444924	0.8678870327244749	-0.12827709001081997	0.33752154469077544	0.01463946455482414	0.020755871639946473	0.9646046638052292	0.0020328139458046846	0.09583872872544226	0.902128457328753	0.0020328139458046846	0.0	0.9792441283600535	reverted	reverted	reverted	reverted	reverted	persistent		0.0	0.0	0.0	0.0	0.0	0.020755871639946476
GCGGACTCAATATCTC-1	Tumor	E15S	Tumor	1	7839.049793124199	2.4346742709092664	0.06806636998660785	-0.10489547303862107	0.26232782932366183	0.012914327486961766	0.017666590487562774	0.9694190820254754	0.648546479390111	0.26614879702566546	0.08530472358422352	0.648546479390111	0.0	0.0	persistent	persistent	persistent	persistent	persistent	reverted		0.9694190820254754	0.012914327486961766	0.017666590487562774	0.0	0.0	0.0
GCGGAGACAGCTACGA-1	Tumor	E15S	Hypoxic Tumor	1	7761.510223388672	0.08842687502631862	0.861167953325637	-1.6612288371843011	1.0498688795907378	0.017731064244964966	0.08552445175196503	0.8967444840030699	0.002170841462231903	0.09939003840779327	0.8984391201299748	0.002170841462231903	0.0	0.914475548248035	reverted	reverted	reverted	reverted	reverted	persistent		0.0	0.0	0.0	0.0	0.0	0.08552445175196505
GCGGATGGTGCGGTAG-1	Tumor	E15S	Tumor	1	8836.611895143986	0.6433811401541174	0.6844744943692459	0.16853127729725706	0.20668886308577478	0.020911861327774887	0.009725007061820416	0.9693631316104047	0.008128219715837095	0.18870282150022114	0.8031689587839418	0.008128219715837095	0.9693631316104047	0.0	reverted	partial	partial	reverted	partial	persistent		0.0	0.0	0.0	0.020911861327774887	0.009725007061820416	0.0
GCGGCTATCATGTGCA-1	Tumor	E15S	Tumor	1	8908.936953485012	3.286289547109681	0.014357581230377787	-0.204509095147162	0.22749744927770904	0.010583337309202598	0.02187477588653521	0.9675418868042622	0.9761942590022491	0.021915267477255754	0.0018904735204951088	0.9761942590022491	0.0	0.0	persistent	persistent	persistent	persistent	persistent	persistent		0.9675418868042622	0.010583337309202598	0.02187477588653521	0.0	0.0	0.0
GCGGCTATCGACCGAT-1	Tumor	E15S	Tumor	1	8943.467853933573	0.7841343487782404	0.6243245268599725	-0.0013927462315309405	0.22653712111294286	0.014326276778033366	0.013269245290781818	0.9724044779311848	0.011722223523333785	0.21944997854329074	0.7688277979333754	0.011722223523333785	0.9724044779311848	0.0	reverted	partial	partial	reverted	partial	persistent		0.0	0.0	0.0	0.014326276778033366	0.013269245290781818	0.0
GCGGGAACAAAGGGAC-1	Tumor	E15S	Tumor	1	7991.650440692902	0.4355161238986163	0.7627710001068735	-0.1259806132986646	0.36026962399560897	0.015383570104466584	0.02130912639123436	0.9633073035042989	0.00483630761522329	0.14945517869301878	0.8457085136917579	0.00483630761522329	0.0	0.9786908736087656	reverted	reverted	reverted	reverted	reverted	persistent		0.0	0.0	0.0	0.0	0.0	0.021309126391234362
GCGGGAACATTGGAGT-1	Tumor	E15S	Tumor	1	5556.382014751434	1.2909555943333497	0.3889934860316655	0.044119604928658386	0.2243016096795123	0.01568203479309589	0.012125204174293776	0.9721927610326104	0.046955952104374275	0.35073216468705115	0.6023118832085745	0.046955952104374275	0.9721927610326104	0.0	reverted	partial	partial	reverted	partial	persistent		0.0	0.0	0.0	0.01568203479309589	0.012125204174293776	0.0
GCGGGATAGGTGAGAT-1	Tumor	E15S	Tumor Proliferating	1	8899.194692350924	1.6029244921695482	0.26073544587369907	-0.27535325225910334	0.32382589636805786	0.012006639561680275	0.02849187866774169	0.9595014817705781	0.11168518988137359	0.4236387434858092	0.46467606663281724	0.11168518988137359	0.0	0.0	reverted	persistent	persistent	reverted	persistent	persistent		0.9595014817705781	0.012006639561680275	0.02849187866774169	0.0	0.0	0.0
GCGGGATAGGTTCGCG-1	Tumor	E15S	Tumor	1	7896.69048166275	2.6411547109332574	0.047080245382497686	0.3939936505122616	0.10369217528788661	0.050382746558363486	0.00797760038219948	0.9416396530594371	0.7902241183594688	0.16995514064911538	0.03982074099141586	0.7902241183594688	0.0	0.0	persistent	persistent	persistent	persistent	persistent	persistent		0.9416396530594371	0.050382746558363486	0.00797760038219948	0.0	0.0	0.0
GCGGTGAGTTGCGGAG-1	Tumor	E15S	Tumor Proliferating	1	8985.220404982567	0.7611337862926001	0.6344807963168508	-0.09211691939121705	0.29048144755609573	0.013968844733836984	0.01795763774800929	0.9680735175181536	0.01103332899715328	0.21420024966923706	0.7747664213336096	0.01103332899715328	0.9680735175181537	0.0	reverted	partial	partial	reverted	partial	persistent		0.0	0.0	0.0	0.013968844733836985	0.017957637748009292	0.0
GCGGTTACAATGACGT-1	Tumor	E15S	Tumor	1	8079.44568040967	0.6373510478866179	0.6869347647846644	-0.45128582926918404	0.4712783946830954	0.01381902330981253	0.04244578938357829	0.9437351873066092	0.008003708489129294	0.18746037300445784	0.8045359185064128	0.008003708489129294	0.9437351873066092	0.0	reverted	partial	partial	reverted	partial	persistent		0.0	0.0	0.0	0.01381902330981253	0.04244578938357829	0.0
GCGGTTTAGCGCTACG-1	Tumor	E15S	Tumor Proliferating	1	9080.592661440372	-0.19221696412127756	0.9134357477293872	-0.7668187810135016	0.7571631294452656	0.017903946084620873	0.056185504301610865	0.9259105496137681	0.001214941798045127	0.07075336998343555	0.9280316882185193	0.001214941798045127	0.0	0.9438144956983892	reverted	reverted	reverted	reverted	reverted	persistent		0.0	0.0	0.0	0.0	0.0	0.05618550430161088
GCGTACCGTTCGAATC-1	Tumor	E15S	Tumor	1	8165.282481312752	1.2370547808317103	0.4135030472867275	-0.2496575812399192	0.3812918738409406	0.013871984240601962	0.027885222936013605	0.9582427928233844	0.040386016250887176	0.33620542507461526	0.6234085586744975	0.040386016250887176	0.9582427928233844	0.0	reverted	partial	partial	reverted	partial	reverted		0.0	0.0	0.0	0.013871984240601962	0.027885222936013605	0.0
GCGTATTGTCTTGCCT-1	Tumor	E15S	Tumor	1	8550.769642353058	0.04893195488935224	0.8698682693566272	-0.12210826484439183	0.28848623588699895	0.01331810679008054	0.01910907809031069	0.9675728151196087	0.001993021217742674	0.09478595117234241	0.903221027609915	0.001993021217742674	0.0	0.9808909219096893	reverted	reverted	reverted	reverted	reverted	persistent		0.0	0.0	0.0	0.0	0.0	0.019109078090310695
GCGTCAACATTGCACC-1	Tumor	E15S	Tumor	1	8738.24788916111	-0.18729744250830732	0.912696487620776	0.01357288866975382	0.29172587339532224	0.016714560955730814	0.01465964687086376	0.9686257921734055	0.001226692831087014	0.0711794220773498	0.9275938850915633	0.001226692831087014	0.0	0.9853403531291363	reverted	reverted	reverted	reverted	reverted	persistent		0.0	0.0	0.0	0.0	0.0	0.01465964687086376
GCGTGAGGTCAGGGCA-1	Tumor	E15S	Tumor	1	8291.027442455292	0.19364246128891138	0.8355983517302809	-0.3808941788912728	0.49492676641232125	0.01528657171072678	0.03729569828935699	0.9474177299999162	0.0027418237983201674	0.11268116024140885	0.8845770159602709	0.0027418237983201674	0.0	0.962704301710643	reverted	reverted	reverted	reverted	reverted	persistent		0.0	0.0	0.0	0.0	0.0	0.03729569828935699
GCGTGCATCCATTGAG-1	Tumor	E15S	Tumor Proliferating	1	8758.138362884521	1.9485351969298828	0.15493037826467967	0.09978912500212489	0.17036848432482313	0.01644161959616831	0.009936936215103958	0.9736214441887276	0.27075047153225457	0.43878993837951913	0.2904595900882263	0.27075047153225457	0.0	0.0	partial	persistent	persistent	partial	persistent	persistent		0.9736214441887278	0.016441619596168314	0.00993693621510396	0.0	0.0	0.0
GCGTGCATCCCGCGTT-1	Tumor	E15S	Tumor	1	6492.537994384766	1.0088378881060163	0.5206249604376603	0.3939751665637923	0.143830871172261	0.04824318283956235	0.008064362843531386	0.9436924543169063	0.02146130935756769	0.274877799514608	0.7036608911278244	0.02146130935756769	0.9436924543169063	0.0	reverted	partial	partial	reverted	partial	persistent		0.0	0.0	0.0	0.04824318283956235	0.008064362843531386	0.0
GCGTTATGTTGTGGCC-1	Tumor	E15S	Tumor	1	8479.459369659424	3.648378616138145	0.007285875144022288	-0.336580620791545	0.30393681792928273	0.010954646858377756	0.03327878978542728	0.9557665633561949	0.9943884133583443	0.0053516250423197255	0.0002599615993360929	0.9943884133583443	0.0	0.0	persistent	persistent	persistent	persistent	persistent	persistent		0.9557665633561949	0.010954646858377756	0.03327878978542728	0.0	0.0	0.0
GCGTTCCTCGATGCAC-1	Tumor	E15S	Tumor	1	6396.72866153717	-0.16988465832729302	0.9100337959694124	0.41521008628499145	0.15556996365480827	0.05252480293281312	0.008164936554585785	0.939310260512601	0.0012694100682623696	0.07270741784405813	0.9260231720876796	0.0012694100682623696	0.0	0.9918350634454142	reverted	reverted	reverted	reverted	reverted	persistent		0.0	0.0	0.0	0.0	0.0	0.008164936554585785
GCGTTCTCATGAGTTA-1	Tumor	E15S	Tumor	1	8231.647118836641	0.31600458737686604	0.8012595846878925	-0.24662880588813998	0.32112997312654173	0.012284511258147541	0.026507122793839266	0.9612083659480131	0.0036347404954423486	0.130146934096949	0.8662183254076087	0.0036347404954423486	0.0	0.9734928772061607	reverted	reverted	reverted	reverted	reverted	reverted		0.0	0.0	0.0	0.0	0.0	0.02650712279383927
GCGTTTGGTTAATCTG-1	Tumor	E15S	Tumor	1	8407.004022926092	0.1961575559687326	0.8349432069616869	-0.33173597863643817	0.4433840501486554	0.014484851643524177	0.03383519591612021	0.9516799524403555	0.0027574526901495734	0.1130178509979122	0.8842246963119381	0.0027574526901495734	0.0	0.9661648040838798	reverted	reverted	reverted	reverted	reverted	persistent		0.0	0.0	0.0	0.0	0.0	0.03383519591612022
GCTAAACCATAGGTCG-1	Tumor	E15S	Tumor Proliferating	1	9001.012683868408	0.46449133760648526	0.75270239837385	-0.14898765669074965	0.3392149768048162	0.01429554870358915	0.02169995846053335	0.9640044928358774	0.005190672838493347	0.1544875070290613	0.8403218201324455	0.005190672838493347	0.0	0.9783000415394667	reverted	reverted	reverted	reverted	reverted	persistent		0.0	0.0	0.0	0.0	0.0	0.021699958460533353
GCTAAACCATCCGTCG-1	Tumor	E15S	Tumor	1	6024.192879498005	3.33220264912131	0.013178063794138098	0.5346487626636975	0.08463247784136842	0.11422652344457455	0.00938256403741509	0.8763909125180105	0.9800431315925694	0.018474346007357294	0.0014825224000732456	0.9800431315925694	0.0	0.0	persistent	persistent	persistent	persistent	persistent	persistent		0.8763909125180105	0.11422652344457455	0.00938256403741509	0.0	0.0	0.0
GCTAAATTCCCCTGTA-1	Tumor	E15S	Tumor Proliferating	1	9004.64368736744	0.9165109225468985	0.5639812264109731	-0.01022494913587485	0.24108664009006578	0.014491041121563016	0.013888600000977129	0.9716203588774598	0.016694899037712083	0.2512617283845387	0.7320433725777491	0.016694899037712083	0.9716203588774599	0.0	reverted	partial	partial	reverted	partial	persistent		0.0	0.0	0.0	0.014491041121563018	0.01388860000097713	0.0
GCTAAATTCCGCAGTG-1	Tumor	E15S	Tumor	1	8033.901750862598	0.8672969259817042	0.5867400929793289	-0.1847160513980132	0.3561098259235799	0.014164176280534973	0.023829409136465793	0.9620064145829992	0.014624245116292322	0.2391296250022709	0.7462461298814369	0.014624245116292322	0.9620064145829992	0.0	reverted	partial	partial	reverted	partial	reverted		0.0	0.0	0.0	0.014164176280534973	0.023829409136465793	0.0
GCTAGGGGTTATCCGG-1	Tumor	E15S	Tumor	1	8751.4859765172	1.9206567892600632	0.16196696729935176	-0.14981970966373834	0.25990781464502777	0.01206989776097013	0.01959673392069481	0.9683333683183349	0.2535331807679127	0.44177376639911137	0.3046930528329759	0.2535331807679127	0.0	0.0	partial	persistent	persistent	partial	persistent	persistent		0.968333368318335	0.012069897760970132	0.019596733920694814	0.0	0.0	0.0
GCTAGGGGTTGAAGCA-1	Tumor	E15S	Tumor Proliferating	1	8832.031302675605	1.7319729703436877	0.21645294172682972	0.24126521113834773	0.12875485776439927	0.02512938485848601	0.008030884239133309	0.9668397309023807	0.15780264120082163	0.44110247317886814	0.4010948856203102	0.15780264120082163	0.0	0.0	partial	persistent	persistent	partial	persistent	persistent		0.9668397309023807	0.02512938485848601	0.008030884239133309	0.0	0.0	0.0
GCTAGGTTCGTGAACC-1	Tumor	E15S	Tumor	1	7427.7999067902565	0.6363187308346393	0.6873549010375607	-0.20299205582478003	0.32545293803443204	0.013000631732458502	0.024014706596605605	0.9629846616709358	0.007982602007476155	0.18724829685632685	0.804769101136197	0.007982602007476155	0.9629846616709359	0.0	reverted	partial	partial	reverted	partial	persistent		0.0	0.0	0.0	0.013000631732458504	0.02401470659660561	0.0
GCTATGATCTGGGATC-1	Tumor	E15S	Tumor Proliferating	1	9003.789802730083	1.9790571701386381	0.14751497988080411	-0.32127234736005617	0.3413067292648753	0.01193329360614322	0.03215807523876732	0.9559086311550894	0.29049254234017613	0.43453056112983923	0.2749768965299846	0.29049254234017613	0.0	0.0	partial	persistent	persistent	partial	persistent	persistent		0.9559086311550894	0.01193329360614322	0.03215807523876732	0.0	0.0	0.0
GCTCAATGTGGGTACG-1	Tumor	E15S	Tumor Proliferating	1	8920.377934366465	1.0591943557221646	0.4968036020589047	0.0756419394823257	0.20619202385323493	0.016340691004182898	0.011073576687019571	0.9725857323087975	0.024644400138224658	0.2881520720361451	0.6872035278256302	0.024644400138224658	0.9725857323087975	0.0	reverted	partial	partial	reverted	partial	persistent		0.0	0.0	0.0	0.016340691004182898	0.011073576687019571	0.0
GCTCAATGTTCCTCGT-1	Tumor	E15S	Tumor	1	9036.728155687451	1.8927590650989492	0.1692642744841165	-0.21790347943664742	0.30024634662325356	0.01212176099534776	0.024283270060905627	0.9635949689437467	0.23709773237757725	0.4439106795151162	0.31899158810730643	0.23709773237757725	0.0	0.0	partial	persistent	persistent	partial	persistent	persistent		0.9635949689437465	0.012121760995347756	0.02428327006090562	0.0	0.0	0.0
GCTCACCTCCGGTACG-1	Tumor	E15S	Tumor	1	8551.64796602726	1.7836149753702328	0.2003314438341668	-0.15134027195687186	0.1948744947179103	0.010540401273580526	0.018089883048244666	0.971369715678175	0.18046219238038638	0.44461154438346606	0.37492626323614753	0.18046219238038638	0.0	0.0	partial	persistent	persistent	partial	persistent	reverted		0.9713697156781748	0.010540401273580524	0.018089883048244663	0.0	0.0	0.0
GCTCATGGTTCCGGTA-1	Tumor	E15S	Tumor	1	6251.844429254532	0.291113904473379	0.8086570110530507	-0.15208485101147526	0.23700144918630112	0.011467866884709218	0.019125574670214623	0.9694065584450762	0.0034291475382163938	0.12641065964588696	0.8701601928158965	0.0034291475382163938	0.0	0.9808744253297854	reverted	reverted	reverted	reverted	reverted	persistent		0.0	0.0	0.0	0.0	0.0	0.019125574670214623
GCTCATGGTTGCTCAG-1	Tumor	E15S	Tumor	1	7792.64896273613	0.6786934816876344	0.6698618361176931	-0.043427753621783714	0.2704006535628242	0.014482389409413418	0.015683987544925358	0.9698336230456612	0.008901011267846053	0.1961032882637663	0.7949957004683877	0.008901011267846053	0.9698336230456612	0.0	reverted	partial	partial	reverted	partial	persistent		0.0	0.0	0.0	0.014482389409413418	0.015683987544925358	0.0
GCTCCAAGTAACGTCT-1	Tumor	E15S	Tumor	1	8395.256224095821	0.5903627647136307	0.7057401118593467	0.25844394040891977	0.15179021399950532	0.027054336764775096	0.008200873813293765	0.9647447894219311	0.00710185874656198	0.17799226662067083	0.8149058746327671	0.00710185874656198	0.0	0.9917991261867062	reverted	reverted	reverted	reverted	reverted	persistent		0.0	0.0	0.0	0.0	0.0	0.008200873813293765
GCTCCGTTCAAGTCTG-1	Tumor	E15S	Tumor	1	8487.385499238968	0.47181707594470024	0.7501118134199076	0.2517766123940821	0.15437509399709784	0.026405738400855343	0.008258754284474576	0.9653355073146701	0.005284771556421266	0.15578199569228207	0.8389332327512965	0.005284771556421266	0.0	0.9917412457155255	reverted	reverted	reverted	reverted	reverted	persistent		0.0	0.0	0.0	0.0	0.0	0.008258754284474576
GCTCCGTTCTGTCATC-1	Tumor	E15S	Tumor	1	8258.674407720566	0.43026542617548824	0.7645650229727925	0.16405396044203335	0.2353123996493585	0.021370197822297782	0.010361102613806825	0.9682686995638955	0.004775017525610447	0.14855816338561195	0.8466668190887777	0.004775017525610447	0.0	0.9896388973861933	reverted	reverted	reverted	reverted	reverted	reverted		0.0	0.0	0.0	0.0	0.0	0.010361102613806825
GCTCGTTCACTATCGC-1	Tumor	E15S	Hypoxic Tumor	1	6796.458614826202	4.420674381551752	0.0016980445683535004	0.2543090967024528	0.1058299369857808	0.026312194411927652	0.007790683397179316	0.965897122190893	0.9998234228887911	0.00017417039342100706	2.4067177879225214e-06	0.9998234228887911	0.0	0.0	persistent	persistent	persistent	persistent	persistent	persistent		0.965897122190893	0.026312194411927652	0.007790683397179316	0.0	0.0	0.0
GCTCTATTCACATGCA-1	Tumor	E15S	Tumor	1	7923.572023391724	1.0799848186063332	0.4869666349801983	0.14744335712335488	0.22338857624188654	0.020133440262306606	0.01032400877743792	0.9695425509602554	0.02609869566807943	0.29369686714838233	0.6802044371835383	0.02609869566807943	0.9695425509602554	0.0	reverted	partial	partial	reverted	partial	persistent		0.0	0.0	0.0	0.020133440262306606	0.01032400877743792	0.0
GCTCTATTCCCATATC-1	Tumor	E15S	Tumor	1	8701.509552031755	3.0019558967047133	0.024346279224137946	-0.03921329465092796	0.2026593846017201	0.01272032343951042	0.013747157281319781	0.9735325192791698	0.9327273905309617	0.059297111810349926	0.007975497658688466	0.9327273905309617	0.0	0.0	persistent	persistent	persistent	persistent	persistent	persistent		0.9735325192791698	0.01272032343951042	0.013747157281319781	0.0	0.0	0.0
GCTCTATTCGATGGGA-1	Tumor	E15S	Tumor Proliferating	1	8946.830714829266	0.9605652177821462	0.5433742509950752	0.09687834415180888	0.19411406300077147	0.016901909653813944	0.010449664879065535	0.9726484254671206	0.018812506567082093	0.2624008604259602	0.7187866330069577	0.018812506567082093	0.9726484254671206	0.0	reverted	partial	partial	reverted	partial	persistent		0.0	0.0	0.0	0.016901909653813944	0.010449664879065535	0.0
GCTGACTAGGATCACC-1	Tumor	E15S	Tumor Proliferating	1	9022.25524495542	0.050347346055021516	0.8695646502920162	0.35216533033965053	0.15966435497385648	0.03948235542409086	0.00808910810088141	0.9524285364750278	0.001999092866803137	0.0949474601052292	0.9030534470279675	0.001999092866803137	0.0	0.9919108918991186	reverted	reverted	reverted	reverted	reverted	persistent		0.0	0.0	0.0	0.0	0.0	0.00808910810088141
GCTGACTAGGGTAGAT-1	Tumor	E15S	Tumor	1	8927.49086946994	0.6624592143693152	0.676622724963935	0.1552882665832328	0.19391090119378546	0.019825835286992423	0.009636876777553954	0.9705372879354535	0.008536244824808888	0.19267463633746407	0.7987891188377272	0.008536244824808888	0.9705372879354536	0.0	reverted	partial	partial	reverted	partial	persistent		0.0	0.0	0.0	0.019825835286992426	0.009636876777553956	0.0
GCTGAGAAGTAATTGC-1	Tumor	E15S	Tumor	1	6791.42352771759	-0.6875852204112131	0.9642270064235823	0.15673810235143645	0.25962159762276465	0.02162033970367197	0.011004004451857197	0.9673756558444707	0.0005120431619267033	0.038519762626619186	0.9609681942114542	0.0005120431619267033	0.0	0.9889959955481428	reverted	reverted	reverted	reverted	reverted	persistent		0.0	0.0	0.0	0.0	0.0	0.011004004451857199
GCTGATGCACTAATTC-1	Tumor	E15S	Tumor Proliferating	1	8998.18115606904	0.7058892967477626	0.6583780106062668	-0.5085575800039723	0.5215088292654657	0.014511977368321034	0.04616322316558408	0.9393247994660948	0.009550528983903985	0.2019472180175562	0.7885022529985399	0.009550528983903985	0.9393247994660949	0.0	reverted	partial	partial	reverted	partial	persistent		0.0	0.0	0.0	0.014511977368321036	0.046163223165584084	0.0
GCTGCCTTCACAGACC-1	Tumor	E15S	Tumor Proliferating	1	8797.469419948757	0.10615477777332558	0.8571065549940532	-0.08022794897632446	0.3208379138996045	0.015143381650542135	0.018401618036858493	0.9664550003125995	0.0022566206594822912	0.10152336898141219	0.8962200103591055	0.0022566206594822912	0.0	0.9815983819631414	reverted	reverted	reverted	reverted	reverted	persistent		0.0	0.0	0.0	0.0	0.0	0.01840161803685849
GCTGGATTCGTTAGGC-1	Tumor	E15S	Tumor Proliferating	1	8936.290921032429	0.6062921176136891	0.6994388239868969	-0.3059913706363451	0.4089456715617207	0.013866208705674187	0.03179383519477644	0.9543399560995494	0.0073944949858882085	0.18115960884626967	0.8114458961678422	0.0073944949858882085	0.9543399560995494	0.0	reverted	partial	partial	reverted	partial	persistent		0.0	0.0	0.0	0.013866208705674187	0.03179383519477644	0.0
GCTGTATGTTCACGCA-1	Tumor	E15S	Tumor	1	8836.531159490347	0.42718841062983265	0.7656119841085458	-0.32606035045772785	0.40297076816983673	0.013448262339381446	0.03306983794360352	0.9534818997170149	0.004739502719852515	0.14803460994041354	0.8472258873397339	0.004739502719852515	0.0	0.9669301620563965	reverted	reverted	reverted	reverted	reverted	persistent		0.0	0.0	0.0	0.0	0.0	0.033069837943603526
GCTTACCCATTCCTAG-1	Tumor	E15S	Tumor	1	8867.959893226624	1.1617700246120826	0.44843966196353674	-0.05544624950473055	0.2853826327137365	0.014637727859715769	0.016504328730164254	0.9688579434101201	0.032739216508006756	0.315761706554949	0.6514990769370443	0.032739216508006756	0.9688579434101199	0.0	reverted	partial	partial	reverted	partial	persistent		0.0	0.0	0.0	0.014637727859715765	0.01650432873016425	0.0
GCTTATAGTTGACGCC-1	Tumor	E15S	Tumor Proliferating	1	8989.130374491215	0.3915830438442101	0.7774908991982185	-0.007736463498301732	0.26355796734828724	0.015218648793975881	0.014432504756468767	0.9703488464495553	0.004349293863805019	0.1420893859419695	0.8535613201942256	0.004349293863805019	0.0	0.9855674952435313	reverted	reverted	reverted	reverted	reverted	persistent		0.0	0.0	0.0	0.0	0.0	0.014432504756468768
GCTTATAGTTTGGCGC-1	Tumor	E15S	Tumor	1	6948.260927200317	-0.8331651318979757	0.9726082208866321	-0.41703748570859617	0.5968287976928708	0.01769137988972441	0.03953889556071737	0.9427697245495582	0.00041374362777787233	0.0322113472158383	0.9673749091563837	0.00041374362777787233	0.0	0.9604611044392827	reverted	reverted	reverted	reverted	reverted	persistent		0.0	0.0	0.0	0.0	0.0	0.03953889556071738
GCTTATGAGCGCTTAA-1	Tumor	E15S	Tumor Proliferating	1	8988.244302630424	0.711065089221244	0.6561707455257091	-0.3177756845605921	0.417334772844048	0.013943651073599085	0.03266130291055713	0.9533950460158438	0.009679861427484537	0.20307355636045332	0.7872465822120621	0.009679861427484537	0.9533950460158438	0.0	reverted	partial	partial	reverted	partial	persistent		0.0	0.0	0.0	0.013943651073599085	0.03266130291055713	0.0
GCTTCATTCAGGACTC-1	Tumor	E15S	Tumor	1	7305.911815643311	0.9761081738904659	0.53606451269494	0.07249543974543027	0.18397363361650249	0.01563755961574134	0.010652185584150474	0.9737102548001081	0.019625710877656594	0.2663889627432129	0.7139853263791305	0.019625710877656594	0.9737102548001082	0.0	reverted	partial	partial	reverted	partial	persistent		0.0	0.0	0.0	0.015637559615741342	0.010652185584150476	0.0
GCTTGATGTTAGCTGT-1	Tumor	E15S	Tumor Proliferating	1	8794.924106359482	-0.04028768558990646	0.8878236433813229	0.5460403366397966	0.1074817424571644	0.11538087964789626	0.009317666912974363	0.8753014534391296	0.0016505185180237761	0.0851094293485892	0.9132400521333869	0.0016505185180237761	0.0	0.9906823330870256	reverted	reverted	reverted	reverted	reverted	persistent		0.0	0.0	0.0	0.0	0.0	0.009317666912974362
GCTTGGGTCACTGGCG-1	Tumor	E15S	Tumor Proliferating	1	9003.656086415052	0.4151474068029662	0.7696778401939566	-0.011189287456747046	0.26842828452830403	0.015268270579025526	0.01466469199556051	0.9700670374254139	0.004603329669842178	0.14600082441036846	0.8493958459197893	0.004603329669842178	0.0	0.9853353080044395	reverted	reverted	reverted	reverted	reverted	persistent		0.0	0.0	0.0	0.0	0.0	0.01466469199556051
GCTTGTAAGGAGGTCA-1	Tumor	E15S	Tumor	1	8960.835381656885	1.224059058474292	0.4194821171812591	-0.11231394618779225	0.284395564910893	0.013387649704683311	0.01858425263118595	0.9680280976641308	0.03894639381824869	0.3326814978650417	0.6283721083167096	0.03894639381824869	0.9680280976641308	0.0	reverted	partial	partial	reverted	partial	persistent		0.0	0.0	0.0	0.013387649704683311	0.01858425263118595	0.0
GCTTGTCCAAGGTACT-1	Tumor	E15S	Tumor Proliferating	1	8923.558822527528	1.4799061610967676	0.3080488111212147	-0.0014717636692789318	0.2261454670442459	0.014313160784401698	0.013261281335144827	0.9724255578804535	0.07959371010396003	0.39842975107468265	0.5219765388213573	0.07959371010396003	0.9724255578804535	0.0	reverted	partial	partial	reverted	partial	persistent		0.0	0.0	0.0	0.014313160784401698	0.013261281335144827	0.0
GCTTTGAAGAAGCTAA-1	Tumor	E15S	Tumor	1	5348.909895300865	0.11630962019392911	0.8547358137512133	0.3608187105157338	0.11818793948251706	0.04221753527782976	0.00788120209699938	0.9499012626251708	0.002307525638585494	0.10276434890187598	0.8949281254595385	0.002307525638585494	0.0	0.9921187979030006	reverted	reverted	reverted	reverted	reverted	persistent		0.0	0.0	0.0	0.0	0.0	0.00788120209699938
GCTTTGGGTAACGATG-1	Tumor	E15S	Tumor Proliferating	1	8894.031361982226	0.6165658377406331	0.6953342318568746	-0.01639406873706699	0.27811658625880414	0.015418084294116988	0.015086602451796462	0.9694953132540867	0.007590214388141936	0.18322548440953815	0.80918430120232	0.007590214388141936	0.9694953132540864	0.0	reverted	partial	partial	reverted	partial	persistent		0.0	0.0	0.0	0.015418084294116985	0.015086602451796459	0.0
GCTTTGGGTTGGAGCG-1	Tumor	E15S	Tumor	1	8765.94057995081	0.0730160632125116	0.8646194372582247	0.04945778665039629	0.2610317565473227	0.01694694574862876	0.012950244977328142	0.9701028092740431	0.0020993409019181746	0.09756935340989663	0.9003313056881852	0.0020993409019181746	0.0	0.9870497550226719	reverted	reverted	reverted	reverted	reverted	persistent		0.0	0.0	0.0	0.0	0.0	0.012950244977328142
GGAAACTAGAAGGGTT-1	Tumor	E15S	Tumor	1	8829.545384302735	4.553319497080967	0.001321459914406895	-0.20039268219920078	0.19373294626908139	0.009960903878125267	0.020938260541637724	0.9691008355802372	0.9999073086010671	9.167513391201466e-05	1.0162650209159258e-06	0.9999073086010671	0.0	0.0	persistent	persistent	persistent	persistent	persistent	persistent		0.969100835580237	0.009960903878125265	0.02093826054163772	0.0	0.0	0.0
GGAAACTAGATTAACC-1	Tumor	E15S	Hypoxic Tumor	1	5659.008568525314	-0.48374296791835764	0.9482517367046035	0.31844143002837544	0.20055889866554708	0.03405548510825067	0.00854226079510668	0.9574022540966427	0.0007121993468783668	0.04949329902673233	0.9497945016263892	0.0007121993468783668	0.0	0.9914577392048933	reverted	reverted	reverted	reverted	reverted	persistent		0.0	0.0	0.0	0.0	0.0	0.00854226079510668
GGAACCTTCGACCCGA-1	Tumor	E15S	Tumor Proliferating	1	9136.735696971416	0.19236713704363304	0.8359297558368556	0.15750038068525846	0.22229520408939993	0.02065909494377146	0.010169829016831283	0.9691710760393973	0.0027339376890526015	0.11251078264779905	0.8847552796631484	0.0027339376890526015	0.0	0.9898301709831686	reverted	reverted	reverted	reverted	reverted	persistent		0.0	0.0	0.0	0.0	0.0	0.010169829016831281
GGAAGATTCTGGCTAA-1	Tumor	E15S	Tumor	1	7698.225578904152	0.9127335809949494	0.5657389115131229	0.08427726518977466	0.1982596435507772	0.016476790886841366	0.010746777508715052	0.9727764316044436	0.01652545032632537	0.2503185299862151	0.7331560196874594	0.01652545032632537	0.9727764316044436	0.0	reverted	partial	partial	reverted	partial	persistent		0.0	0.0	0.0	0.016476790886841366	0.010746777508715052	0.0
GGAAGCATCACTGGCG-1	Tumor	E15S	Tumor	1	8172.991057872772	1.1944357866176978	0.43319721047319215	-1.8069136120079636	1.0090483476936303	0.01610522515512817	0.10072815571377536	0.8831666191310965	0.03585692897231494	0.32463543907687004	0.6395076319508152	0.03585692897231494	0.8831666191310965	0.0	reverted	partial	partial	reverted	partial	persistent		0.0	0.0	0.0	0.01610522515512817	0.10072815571377536	0.0
GGAATCTCAAGTGAGA-1	Tumor	E15S	Tumor	1	6014.2410556674	1.0484364081061341	0.5018951569951472	0.1627331150634011	0.18562016964825562	0.020068336665269457	0.009401345430635429	0.970530317904095	0.02392524043391835	0.2852966384407546	0.6907781211253271	0.02392524043391835	0.9705303179040952	0.0	reverted	partial	partial	reverted	partial	persistent		0.0	0.0	0.0	0.02006833666526946	0.00940134543063543	0.0
GGAATCTCATTGCGTC-1	Tumor	E15S	Tumor	1	8285.439546585083	-0.18413508592279287	0.9122182679021403	-0.03386625242042612	0.3055299686954272	0.015797165575747632	0.01640273751181134	0.9678000969124411	0.00123431956874418	0.07145460232216572	0.9273110781090902	0.00123431956874418	0.0	0.9835972624881887	reverted	reverted	reverted	reverted	reverted	persistent		0.0	0.0	0.0	0.0	0.0	0.01640273751181134
GGAATGGTCCCTGACC-1	Tumor	E15S	Tumor	1	8056.906964600086	1.5869010603728044	0.2666248459894482	0.22071640940083484	0.19121110365957728	0.024182325036494368	0.008954152283232323	0.9668635226802733	0.10690722230909351	0.42075143427449224	0.4723413434164142	0.10690722230909351	0.0	0.0	reverted	persistent	persistent	reverted	persistent	persistent		0.9668635226802733	0.024182325036494368	0.008954152283232323	0.0	0.0	0.0
GGAATGGTCGCATGAC-1	Tumor	E15S	Tumor	1	8734.357208043337	3.3967128022681465	0.01168075067280169	0.07837186658414777	0.1482916164164783	0.015034153796959087	0.0098752851979824	0.9750905610050586	0.9844783678339016	0.014472669609646084	0.0010489625564522253	0.9844783678339016	0.0	0.0	persistent	persistent	persistent	persistent	persistent	persistent		0.9750905610050586	0.015034153796959087	0.0098752851979824	0.0	0.0	0.0
GGACACCCAAACTACA-1	Tumor	E15S	Tumor Proliferating	1	8982.522711224854	0.2524509141247138	0.8197274755494957	0.31156727459271905	0.15578705041609708	0.03336982261456922	0.008089986241884471	0.9585401911435462	0.003135386241220173	0.12079520334111982	0.87606941041766	0.003135386241220173	0.0	0.9919100137581155	reverted	reverted	reverted	reverted	reverted	persistent		0.0	0.0	0.0	0.0	0.0	0.008089986241884473
GGACAGGCATAAGCTA-1	Tumor	E15S	Tumor Proliferating	1	9049.801263689995	1.1464226120922298	0.4556364415481178	-0.08568688408485776	0.2733278143965785	0.013606669935302565	0.017226138849267547	0.9691671912154298	0.03137183695059553	0.31159914401761585	0.6570290190317887	0.03137183695059553	0.9691671912154299	0.0	reverted	partial	partial	reverted	partial	persistent		0.0	0.0	0.0	0.013606669935302566	0.01722613884926755	0.0
GGACATAGTTACACAC-1	Tumor	E15S	Tumor	1	8578.341892004013	1.292554690763233	0.3882741992854515	0.09348490866187137	0.20202227583723126	0.016962349427265443	0.010671916931195971	0.9723657336415386	0.04716653718740349	0.3511599923137809	0.6016734704988156	0.04716653718740349	0.9723657336415386	0.0	reverted	partial	partial	reverted	partial	reverted		0.0	0.0	0.0	0.016962349427265443	0.010671916931195971	0.0
GGACATGAGGTTCAAT-1	Tumor	E15S	Tumor	1	5652.152831077576	0.9511980383549515	0.5477707652585989	-0.3973575369868403	0.5625604091648818	0.0169863551360861	0.03843617369214457	0.9445774711717694	0.01833962187675091	0.2600115753758924	0.7216488027473568	0.01833962187675091	0.9445774711717694	0.0	reverted	partial	partial	reverted	partial	persistent		0.0	0.0	0.0	0.0169863551360861	0.03843617369214457	0.0
GGACGAATCTATCCGT-1	Tumor	E15S	Tumor	1	8362.630478262901	0.6378745862130766	0.6867215758077848	-0.34780927006137224	0.43429069953235877	0.01402657796372976	0.03482357596962247	0.9511498460666478	0.008014435854835618	0.18756799688005593	0.8044175672651084	0.008014435854835618	0.9511498460666478	0.0	reverted	partial	partial	reverted	partial	reverted		0.0	0.0	0.0	0.01402657796372976	0.03482357596962247	0.0
GGACGTAAGAACGATA-1	Tumor	E15S	Tumor Proliferating	1	9073.54965171218	0.21624564848693212	0.8296352301528758	0.06939954375760293	0.25502274719818	0.01749656770693958	0.012372726540609323	0.970130705752451	0.0028860078478723937	0.1157398387377955	0.881374153414332	0.0028860078478723937	0.0	0.9876272734593907	reverted	reverted	reverted	reverted	reverted	persistent		0.0	0.0	0.0	0.0	0.0	0.012372726540609327
GGACGTAAGGGGCTAA-1	Tumor	E15S	Tumor	1	6097.740140795708	0.9285264535643976	0.5583796266977679	0.14210858796567244	0.18007365430088376	0.018760722466743505	0.009540932800336245	0.9716983447329203	0.017246242697144393	0.2542747857045819	0.7284789715982737	0.017246242697144393	0.9716983447329203	0.0	reverted	partial	partial	reverted	partial	persistent		0.0	0.0	0.0	0.018760722466743505	0.009540932800336245	0.0
GGACTCACAGGTTCCT-1	Tumor	E15S	Tumor	1	8856.218411050737	2.2831084299834625	0.08868149908605591	-0.1492805573979242	0.23650206386895273	0.011497382493391817	0.018973347957627305	0.9695292695489809	0.525450857759064	0.3383376165043301	0.1362115257366059	0.525450857759064	0.0	0.0	persistent	persistent	persistent	persistent	persistent	persistent		0.9695292695489809	0.011497382493391817	0.018973347957627305	0.0	0.0	0.0
GGAGAAGGTGAAGGAG-1	Tumor	E15S	Tumor	1	8325.481793105602	-0.0660515012329115	0.8925901568636782	-0.43876424758876975	0.528941961095595	0.015503229199147898	0.041010613999862666	0.9434861568009896	0.0015648900951521364	0.08249352339103927	0.9159415865138085	0.0015648900951521364	0.0	0.9589893860001373	reverted	reverted	reverted	reverted	reverted	persistent		0.0	0.0	0.0	0.0	0.0	0.04101061399986266
GGAGATTAGGATCTAT-1	Tumor	E15S	Tumor Proliferating	1	8953.838235527277	1.9446397785062906	0.15589837364122736	0.10358236177008381	0.18840122318324024	0.017053129908165352	0.010228017858163282	0.9727188522336715	0.26829750929490886	0.4392585433326669	0.2924439473724241	0.26829750929490886	0.0	0.0	partial	persistent	persistent	partial	persistent	persistent		0.9727188522336715	0.017053129908165352	0.010228017858163282	0.0	0.0	0.0
GGAGATTAGTCATGTG-1	Tumor	E15S	Tumor	1	8854.279806107283	1.2824581155633297	0.3928237667467019	-0.04206611266908645	0.26667676079235103	0.014406121356925605	0.015535446899837003	0.9700584317432375	0.045852684163914144	0.34845504758728235	0.6056922682488034	0.045852684163914144	0.9700584317432375	0.0	reverted	partial	partial	reverted	partial	persistent		0.0	0.0	0.0	0.014406121356925605	0.015535446899837003	0.0
GGAGTCAAGTCGCTAA-1	Tumor	E15S	Tumor	1	7649.549478083849	0.10826160742997602	0.8566173617160439	-0.23093064494830673	0.3528631557219471	0.01334639864063357	0.026211990884542655	0.9604416104748237	0.002267074056648339	0.10177969334652436	0.8959532325968274	0.002267074056648339	0.0	0.9737880091154574	reverted	reverted	reverted	reverted	reverted	persistent		0.0	0.0	0.0	0.0	0.0	0.02621199088454266
GGATAACAGCATAGGG-1	Tumor	E15S	Tumor	1	8762.114599823952	1.039356093186555	0.5061924535555349	0.11667462743854362	0.2171023653586485	0.01841134058336136	0.010629378642592594	0.970959280774046	0.02333526129422327	0.28289435311594185	0.6937703855898348	0.02333526129422327	0.970959280774046	0.0	reverted	partial	partial	reverted	partial	persistent		0.0	0.0	0.0	0.01841134058336136	0.010629378642592594	0.0
GGATAACAGGAGCTAG-1	Tumor	E15S	Tumor	1	8624.417120039463	1.031072506345586	0.5101119135398098	-0.29528942494655397	0.39171609497318177	0.01353306317525624	0.030866924641498948	0.9556000121832449	0.022810287692589606	0.2807094390040264	0.696480273303384	0.022810287692589606	0.9556000121832449	0.0	reverted	partial	partial	reverted	partial	persistent		0.0	0.0	0.0	0.01353306317525624	0.030866924641498948	0.0
GGATAATGTTGCAGTT-1	Tumor	E15S	Tumor Proliferating	1	9007.630193144083	2.5240615570180753	0.05808530198946753	-0.04934430045449529	0.18299321853055547	0.012019060348378581	0.013598316343492827	0.9743826233081284	0.7148293936579312	0.222795072404571	0.06237553393749789	0.7148293936579312	0.0	0.0	persistent	persistent	persistent	persistent	persistent	persistent		0.9743826233081285	0.012019060348378583	0.013598316343492829	0.0	0.0	0.0
GGATAGTAGGATGTGG-1	Tumor	E15S	Tumor	1	8775.128104567528	0.4755709756846912	0.7487773376596714	0.16351726411185433	0.18656194538868792	0.020136917471456763	0.009409429367029867	0.9704536531615134	0.005333722285719834	0.15644880993417495	0.8382174677801052	0.005333722285719834	0.0	0.9905905706329702	reverted	reverted	reverted	reverted	reverted	persistent		0.0	0.0	0.0	0.0	0.0	0.009409429367029867
GGATCGTTCCTGATGA-1	Tumor	E15S	Tumor	1	8250.230986475945	1.0684793384950277	0.49240967069962643	0.07018870313480038	0.15164624769049725	0.014785243450547197	0.01007021733587968	0.9751445392135731	0.02528318442756635	0.2906242326206519	0.6840925829517819	0.02528318442756635	0.9751445392135731	0.0	reverted	partial	partial	reverted	partial	persistent		0.0	0.0	0.0	0.014785243450547197	0.01007021733587968	0.0
GGATGCAAGGTCCATA-1	Tumor	E15S	Tumor	1	6625.575989246368	0.4674411139195925	0.7516614481831686	-0.4492786637657338	0.3906689087169128	0.011900404235317892	0.04366032649780746	0.9444392692668745	0.0052283371231025486	0.1550076644322525	0.839763998444645	0.0052283371231025486	0.0	0.9563396735021925	reverted	reverted	reverted	reverted	reverted	persistent		0.0	0.0	0.0	0.0	0.0	0.04366032649780747
GGATGCTTCGTCTATC-1	Tumor	E15S	Tumor	1	8388.922034025192	0.3896844497338483	0.7781120932622013	-0.08549126750554413	0.32623789887920496	0.015191951723363116	0.01875185970660613	0.9660561885700307	0.004329518475514606	0.14177817543377383	0.8538923060907115	0.004329518475514606	0.0	0.9812481402933939	reverted	reverted	reverted	reverted	reverted	persistent		0.0	0.0	0.0	0.0	0.0	0.018751859706606134
GGCAATGAGGCGTATC-1	Tumor	E15S	Tumor	1	8954.048987746239	1.0089707235774878	0.5205621976531439	-1.2638241236918295	0.9138109501859043	0.017431576597507742	0.07606079063791582	0.9065076327645765	0.02146911576728954	0.2749124899308977	0.7036183943018127	0.02146911576728954	0.9065076327645765	0.0	reverted	partial	partial	reverted	partial	persistent		0.0	0.0	0.0	0.017431576597507742	0.07606079063791582	0.0
GGCACCATCAGCTAAT-1	Tumor	E15S	Tumor	1	8291.494902849197	0.9095379465483854	0.5672246266121096	-0.9227673992791277	0.7839919269365615	0.017122882420258518	0.06451149731098313	0.9183656202687582	0.01638351866824951	0.24952210433344235	0.7340943769983083	0.01638351866824951	0.9183656202687583	0.0	reverted	partial	partial	reverted	partial	persistent		0.0	0.0	0.0	0.01712288242025852	0.06451149731098314	0.0
GGCACCTGTAACGCGG-1	Tumor	E15S	Tumor Proliferating	1	8775.114914983511	1.331965914873039	0.37070727540883663	0.023366260749049135	0.21776314836379462	0.014818883599380694	0.012431813831624648	0.9727493025689948	0.05266688879510095	0.3616210972143068	0.5857120139905923	0.05266688879510095	0.9727493025689946	0.0	reverted	partial	partial	reverted	partial	persistent		0.0	0.0	0.0	0.01481888359938069	0.012431813831624644	0.0
GGCATAGAGTGAGTAA-1	Tumor	E15S	Tumor	1	7937.4960950016975	2.347832743067949	0.07926510706942892	-0.22567524092010846	0.28262898890463667	0.011585531654275345	0.024382404097912654	0.9640320642478121	0.5790136868563721	0.30834316474644813	0.11264314839717975	0.5790136868563721	0.0	0.0	persistent	persistent	persistent	persistent	persistent	persistent		0.9640320642478121	0.011585531654275345	0.024382404097912654	0.0	0.0	0.0
GGCATCACAACCAACG-1	Tumor	E15S	Tumor	1	8818.785957723856	0.04430008909671175	0.8708576629732288	0.13961601517964115	0.23469144949930093	0.0200254655332911	0.010678387941770435	0.9692961465249385	0.001973301945188295	0.09425920381847136	0.9037674942363405	0.001973301945188295	0.0	0.9893216120582295	reverted	reverted	reverted	reverted	reverted	persistent		0.0	0.0	0.0	0.0	0.0	0.010678387941770435
GGCATCACATCATCTG-1	Tumor	E15S	Tumor Proliferating	1	9045.167892932892	0.5808277484010952	0.7094748583232706	-0.18783634518641038	0.3487291108957474	0.013896697460713382	0.023796643061208104	0.9623066594780785	0.006932774978386888	0.17611716854875767	0.8169500564728553	0.006932774978386888	0.0	0.9762033569387919	reverted	reverted	reverted	reverted	reverted	persistent		0.0	0.0	0.0	0.0	0.0	0.023796643061208104
GGCATGAAGATAGGTA-1	Tumor	E15S	Tumor Proliferating	1	8879.255986332893	2.351240299425821	0.07879557362305134	-0.40537493567864974	0.34869283608602875	0.011346062445623918	0.03984281222546056	0.9488111253289156	0.5818064956056934	0.3067170203643014	0.1114764840300052	0.5818064956056934	0.0	0.0	persistent	persistent	persistent	persistent	persistent	persistent		0.9488111253289154	0.011346062445623917	0.03984281222546055	0.0	0.0	0.0
GGCATGGGTGCGTGAG-1	Tumor	E15S	Tumor Proliferating	1	8978.250317811966	0.8637008108042619	0.5883898882622297	-0.3463109381893181	0.4192883512279736	0.013638971544318645	0.034620010159417486	0.9517410182962639	0.014484039651020374	0.2382567857627465	0.7472591745862331	0.014484039651020374	0.9517410182962639	0.0	reverted	partial	partial	reverted	partial	persistent		0.0	0.0	0.0	0.013638971544318645	0.034620010159417486	0.0
GGCATGGGTTCATCCC-1	Tumor	E15S	Hypoxic Tumor	1	6977.161755561829	0.6801227166159499	0.6692631909771796	-0.5034794565729214	0.3456332483625483	0.010672556867713522	0.052246790313850974	0.9370806528184354	0.008933926041877044	0.19640728749441094	0.794658786463712	0.008933926041877044	0.9370806528184354	0.0	reverted	partial	partial	reverted	partial	persistent		0.0	0.0	0.0	0.010672556867713522	0.052246790313850974	0.0
GGCATTATCGCATAGC-1	Tumor	E15S	Tumor	1	5457.973870038986	2.7364634735211952	0.03961557953191685	0.22717697490346003	0.136491098824668	0.02389875866766794	0.008176521276842909	0.9679247200554892	0.8406668666767497	0.1324974780856317	0.026835655237618633	0.8406668666767497	0.0	0.0	persistent	persistent	persistent	persistent	persistent	persistent		0.967924720055489	0.023898758667667934	0.008176521276842907	0.0	0.0	0.0
GGCATTCAGTAGTTAC-1	Tumor	E15S	Tumor	1	7263.425733566284	1.4614480303173385	0.31554683091237856	-0.08956056114507285	0.28326143809764753	0.013811772146150874	0.017654034776150636	0.9685341930776984	0.07561292721988927	0.3941375532799899	0.5302495195001209	0.07561292721988927	0.9685341930776985	0.0	reverted	partial	partial	reverted	partial	reverted		0.0	0.0	0.0	0.013811772146150876	0.01765403477615064	0.0
GGCCAATTCAAGTAGA-1	Tumor	E15S	Tumor	1	8343.211555063725	-0.007533621473887705	0.8814979540871244	0.006449452006232904	0.28142920982683944	0.01617605428908627	0.014551871159897289	0.9692720745510166	0.0017675295113412867	0.08854849638989601	0.9096839740987628	0.0017675295113412867	0.0	0.9854481288401027	reverted	reverted	reverted	reverted	reverted	persistent		0.0	0.0	0.0	0.0	0.0	0.014551871159897286
GGCCCTAAGATTAAGG-1	Tumor	E15S	Tumor	1	8838.834860779345	1.1192826205721322	0.46840665068265463	0.08703905000095746	0.1850205823216118	0.016250186092272665	0.01042360990112772	0.9733262040065997	0.029095934306929683	0.3042583435276144	0.666645722165456	0.029095934306929683	0.9733262040065995	0.0	reverted	partial	partial	reverted	partial	persistent		0.0	0.0	0.0	0.01625018609227266	0.010423609901127718	0.0
GGCCGATCATTGCACC-1	Tumor	E15S	Tumor	1	7038.080510258675	0.807923710855037	0.613703751047987	-0.5164500950925744	0.5402476540973333	0.014916324645697256	0.04637538094968634	0.9387082944046165	0.012483582431207221	0.22496939302453756	0.7625470245442553	0.012483582431207221	0.9387082944046165	0.0	reverted	partial	partial	reverted	partial	persistent		0.0	0.0	0.0	0.014916324645697256	0.04637538094968634	0.0
GGCCTAACATCCTATG-1	Tumor	E15S	Tumor	1	7841.273803025484	0.41223171595748487	0.7706549076914703	-0.3272433314738938	0.41910492898143165	0.013870547449381342	0.033306919030665565	0.952822533519953	0.004571016001597012	0.1455119312556386	0.8499170527427643	0.004571016001597012	0.0	0.9666930809693345	reverted	reverted	reverted	reverted	reverted	reverted		0.0	0.0	0.0	0.0	0.0	0.03330691903066557
GGCGAGACAGCCATTC-1	Tumor	E15S	Tumor	1	7248.2937133312225	0.32691122379493714	0.7979510922629551	-0.2572439675199367	0.41316837261835904	0.014675691457930165	0.028936362098064997	0.9563879464440047	0.0037291870609540132	0.13181445232321637	0.8644563606158298	0.0037291870609540132	0.0	0.971063637901935	reverted	reverted	reverted	reverted	reverted	persistent		0.0	0.0	0.0	0.0	0.0	0.028936362098065
GGCGATGGTAAGCGGT-1	Tumor	E15S	Tumor	1	8703.392867192626	0.16064136111662752	0.8440019960918623	0.1912549878354916	0.23560343876788445	0.02302910605503982	0.010041192247650696	0.9669297016973096	0.0025458911378149866	0.10834697715091443	0.8891071317112708	0.0025458911378149866	0.0	0.9899588077523492	reverted	reverted	reverted	reverted	reverted	persistent		0.0	0.0	0.0	0.0	0.0	0.010041192247650694
GGCGATTTCGTTCAAG-1	Tumor	E15S	Tumor	1	8558.411251544952	0.1826673496329757	0.8384327761034339	-0.11582306221645647	0.3220217103428928	0.014419559177994104	0.019798842969086027	0.96578159785292	0.0026748018759810257	0.11122256300885522	0.8861026351151637	0.0026748018759810257	0.0	0.980201157030914	reverted	reverted	reverted	reverted	reverted	persistent		0.0	0.0	0.0	0.0	0.0	0.019798842969086027
GGCGGATAGCAAGCTC-1	Tumor	E15S	Hypoxic Tumor	1	7986.446152687073	0.5942632736615912	0.7042042896049343	-0.0232610449733895	0.32470938892141243	0.016690617169773575	0.016651815426065503	0.9666575674041608	0.007172323764625386	0.17876380882091283	0.8140638674144619	0.007172323764625386	0.0	0.9833481845739345	reverted	reverted	reverted	reverted	reverted	persistent		0.0	0.0	0.0	0.0	0.0	0.016651815426065506
GGCGGATAGTGATCTG-1	Tumor	E15S	Tumor	1	5703.28520154953	0.41099238515115644	0.7710693329673343	-0.465901594506117	0.5169844893418033	0.014859114645130107	0.04300136563590032	0.9421395197189696	0.004557357652799013	0.14530454640302776	0.8501380959441732	0.004557357652799013	0.0	0.9569986343640997	reverted	reverted	reverted	reverted	reverted	persistent		0.0	0.0	0.0	0.0	0.0	0.04300136563590032
GGCGTTGTCGCGAATC-1	Tumor	E15S	Tumor	1	7978.680046439171	0.5673435037122195	0.7147083702753099	-0.04387808667909851	0.2724020440786864	0.0145305830733797	0.015755182475703233	0.9697142344509172	0.006701147944691531	0.1734920311006038	0.8198068209547047	0.006701147944691531	0.0	0.9842448175242967	reverted	reverted	reverted	reverted	reverted	persistent		0.0	0.0	0.0	0.0	0.0	0.01575518247570323
GGCTAATCACTAGCTC-1	Tumor	E15S	Tumor	1	8555.313652083278	0.08095767662668218	0.8628499206655897	-0.3352219268005771	0.46207022476786636	0.01496536971484428	0.03422932595320031	0.9508053043319555	0.0021358390296961596	0.09850370239671453	0.8993604585735894	0.0021358390296961596	0.0	0.9657706740467996	reverted	reverted	reverted	reverted	reverted	persistent		0.0	0.0	0.0	0.0	0.0	0.0342293259532003
GGCTAATCATCACACC-1	Tumor	E15S	Tumor	1	7565.5661281347275	1.923069919592563	0.16134783573312814	0.16591506846010892	0.14461158492398393	0.01940866983203777	0.00871759443038371	0.9718737357375783	0.25499229722878486	0.44154930481446164	0.30345839795675345	0.25499229722878486	0.0	0.0	partial	persistent	persistent	partial	persistent	persistent		0.9718737357375785	0.019408669832037772	0.008717594430383712	0.0	0.0	0.0
GGCTATATCTAGCCGG-1	Tumor	E15S	Tumor	1	6309.309478759766	-0.41806448586262457	0.9417990246621528	0.22077873993252348	0.24020340591659445	0.025154184546171635	0.009823271373827845	0.9650225440800004	0.000798211282270734	0.0536533049518809	0.9455484837658483	0.000798211282270734	0.0	0.9901767286261721	reverted	reverted	reverted	reverted	reverted	persistent		0.0	0.0	0.0	0.0	0.0	0.009823271373827845
GGCTCAACATGGAATC-1	Tumor	E15S	Tumor	1	8656.383552193642	1.4704258469238016	0.311887565091585	-0.6659645868461421	0.4988297146276286	0.012593043235645503	0.06293340843700083	0.9244735483273536	0.07752451796691485	0.39623875909515355	0.5262367229379317	0.07752451796691485	0.9244735483273536	0.0	reverted	partial	partial	reverted	partial	persistent		0.0	0.0	0.0	0.012593043235645503	0.06293340843700083	0.0
GGCTGAAAGCTATGTG-1	Tumor	E15S	Tumor	1	8712.89864319563	1.2230565543409841	0.41994435657553253	-0.6248420395903922	0.5315624751016693	0.013653569581685527	0.056094751806714874	0.9302516786115995	0.038837530889121445	0.3324094536813366	0.628753015429542	0.038837530889121445	0.9302516786115996	0.0	reverted	partial	partial	reverted	partial	persistent		0.0	0.0	0.0	0.013653569581685529	0.05609475180671488	0.0
GGCTGACCATGAGCCA-1	Tumor	E15S	Tumor Proliferating	1	9045.067299291492	2.648757763973211	0.0464386827800722	-0.33939571074555347	0.3181802353649257	0.011233742577536777	0.033570569004347274	0.9551956884181161	0.7946152313169063	0.16676256768165518	0.038622201001438525	0.7946152313169063	0.0	0.0	persistent	persistent	persistent	persistent	persistent	persistent		0.9551956884181161	0.011233742577536777	0.033570569004347274	0.0	0.0	0.0
GGCTGAGGTAATGGTG-1	Tumor	E15S	Tumor Proliferating	1	9110.617684990168	1.2463808615513283	0.4092278600885193	-0.0022910597378475034	0.20357414653518513	0.013682225888941926	0.012721150270314474	0.9735966238407435	0.04145232751139752	0.3387305551366393	0.6198171173519632	0.04145232751139752	0.9735966238407436	0.0	reverted	partial	partial	reverted	partial	persistent		0.0	0.0	0.0	0.013682225888941928	0.012721150270314476	0.0
GGCTGAGGTTAGGTCT-1	Tumor	E15S	Tumor	1	8830.378185212612	2.0061053259938078	0.14119109495249246	0.1429664011296274	0.14231392327697048	0.017992807733279416	0.00891444047860823	0.9730927517881122	0.30874368982603023	0.42987842818638966	0.2613778819875801	0.30874368982603023	0.0	0.0	partial	persistent	persistent	partial	persistent	persistent		0.9730927517881124	0.01799280773327942	0.008914440478608232	0.0	0.0	0.0
GGCTGCATCGTTACCT-1	Tumor	E15S	Tumor	1	8698.00094050169	0.111110736708482	0.8559535938650099	-0.3952892323132675	0.5036759003168866	0.015346037345581853	0.03823279499120578	0.9464211676632124	0.0022812999112960305	0.10212727842768236	0.8955914216610217	0.0022812999112960305	0.0	0.9617672050087942	reverted	reverted	reverted	reverted	reverted	persistent		0.0	0.0	0.0	0.0	0.0	0.03823279499120578
GGCTGGTCAAGCTCCT-1	Tumor	E15S	Tumor	1	8691.767585664988	1.1433964578617022	0.4570577660661769	-0.5979255754814822	0.5568908783109507	0.014514959479126038	0.05242718446065598	0.9330578560602178	0.03110922954310558	0.3107792097843233	0.6581115606725711	0.03110922954310558	0.933057856060218	0.0	reverted	partial	partial	reverted	partial	persistent		0.0	0.0	0.0	0.01451495947912604	0.05242718446065599	0.0
GGCTGTTAGGTACGCT-1	Tumor	E15S	Tumor Proliferating	1	8919.721091806889	1.8049606012613695	0.19393604664855585	-0.0051526911838414985	0.22515511219389692	0.014182766561025134	0.013333700038232357	0.9724835334007423	0.19058876817446466	0.44538068741977366	0.36403054440576177	0.19058876817446466	0.0	0.0	partial	persistent	persistent	partial	persistent	persistent		0.9724835334007426	0.014182766561025137	0.01333370003823236	0.0	0.0	0.0
GGCTTCCTCACATTGG-1	Tumor	E15S	Tumor Proliferating	1	9000.52629417181	3.389232477447081	0.011845369819173788	-0.0200254154030288	0.169986089617856	0.012399313306715917	0.012429621348561721	0.9751710653447223	0.984016030993839	0.014891792549320526	0.001092176456840378	0.984016030993839	0.0	0.0	persistent	persistent	persistent	persistent	persistent	persistent		0.9751710653447223	0.012399313306715917	0.012429621348561721	0.0	0.0	0.0
GGCTTCCTCATGCGCG-1	Tumor	E15S	Tumor	1	8759.739603459835	-0.278367779652203	0.9254922552973902	0.08784576189802551	0.2614385182785711	0.018419861080612124	0.012178167359806112	0.9694019715595819	0.0010298257326090765	0.06368068190478055	0.9352894923626104	0.0010298257326090765	0.0	0.987821832640194	reverted	reverted	reverted	reverted	reverted	persistent		0.0	0.0	0.0	0.0	0.0	0.012178167359806112
GGCTTCTCACCTTGGT-1	Tumor	E15S	Tumor	1	8901.813402354717	1.6949971373407224	0.22856053884973968	0.2700946053151829	0.1560624989815818	0.0283165874787404	0.008202270015879353	0.9634811425053804	0.1431166173317437	0.43727037369917493	0.4196130089690814	0.1431166173317437	0.0	0.0	partial	persistent	persistent	partial	persistent	persistent		0.9634811425053802	0.028316587478740392	0.008202270015879351	0.0	0.0	0.0
GGGAACATCGTTCATC-1	Tumor	E15S	Tumor Proliferating	1	8934.063217967749	0.5526918486311057	0.7203302766312292	0.3809720495664869	0.13210721895307517	0.045921408552272884	0.007986663150383605	0.9460919282973435	0.006459056806202404	0.1706748977289394	0.8228660454648581	0.006459056806202404	0.0	0.9920133368496163	reverted	reverted	reverted	reverted	reverted	persistent		0.0	0.0	0.0	0.0	0.0	0.007986663150383605
GGGAATTAGCCTACCC-1	Tumor	E15S	Tumor Proliferating	1	8907.215348124504	0.8016420259678734	0.6165192083306587	-0.37450575070767483	0.43283870492226173	0.013666057771043587	0.036711992610346675	0.9496219496186097	0.012277524002202965	0.2235032066924964	0.7642192693053007	0.012277524002202965	0.9496219496186097	0.0	reverted	partial	partial	reverted	partial	persistent		0.0	0.0	0.0	0.013666057771043587	0.036711992610346675	0.0
GGGAATTAGGTACGTC-1	Tumor	E15S	Tumor	1	8679.871341407299	2.8835067624078317	0.030280982613583952	-0.03284507274891272	0.17704354138031703	0.012252712223190972	0.01295300969865692	0.9747942780781521	0.899626878085142	0.08641273620652008	0.013960385708337903	0.899626878085142	0.0	0.0	persistent	persistent	persistent	persistent	persistent	persistent		0.9747942780781521	0.012252712223190972	0.01295300969865692	0.0	0.0	0.0
GGGACAATCGTAGTAT-1	Tumor	E15S	Tumor	1	8223.483941495419	0.6398395265551248	0.685920732968674	0.13573416147470901	0.21906097073450267	0.01940275057259525	0.010392417248547354	0.9702048321788573	0.008054837711454066	0.18797234850404798	0.803972813784498	0.008054837711454066	0.9702048321788574	0.0	reverted	partial	partial	reverted	partial	persistent		0.0	0.0	0.0	0.019402750572595252	0.010392417248547356	0.0
GGGACAATCGTGCCTC-1	Tumor	E15S	Tumor Proliferating	1	9014.464874863625	0.20310914512935396	0.833121526390421	-0.21377896379025907	0.37639988832354043	0.014279834665758969	0.025803251225046592	0.9599169141091946	0.0028011836857911366	0.1139531902584562	0.8832456260557527	0.0028011836857911366	0.0	0.9741967487749533	reverted	reverted	reverted	reverted	reverted	persistent		0.0	0.0	0.0	0.0	0.0	0.025803251225046585
GGGACACAGGAGCTTC-1	Tumor	E15S	Tumor	1	8318.60191500187	2.2249697530579002	0.09798861791969572	-0.06129887998840614	0.18744891993633328	0.011870000669230345	0.014097966740393635	0.9740320325903762	0.4771881506914476	0.3632689526715275	0.15954289663702506	0.4771881506914476	0.0	0.0	persistent	persistent	persistent	persistent	persistent	persistent		0.974032032590376	0.011870000669230342	0.014097966740393632	0.0	0.0	0.0
GGGACACAGGTAGGAT-1	Tumor	E15S	Tumor	1	8260.206208407879	1.1301337101062947	0.4632949620434204	-0.5820423434455793	0.504234889976567	0.01337819431166251	0.05325338470962455	0.9333684209787131	0.029984735273014974	0.30718964147691286	0.6628256232500722	0.029984735273014974	0.9333684209787129	0.0	reverted	partial	partial	reverted	partial	reverted		0.0	0.0	0.0	0.013378194311662506	0.053253384709624534	0.0
GGGACCAGTTTGAGTC-1	Tumor	E15S	Tumor	1	7776.470671415329	3.0013019234968312	0.024375705108322588	-0.2841926633950427	0.20743468961569503	0.009553406392656559	0.027832934133501176	0.9626136594738421	0.9325745815975042	0.0594246520306179	0.008000766371877846	0.9325745815975042	0.0	0.0	persistent	persistent	persistent	persistent	persistent	persistent		0.9626136594738423	0.00955340639265656	0.02783293413350118	0.0	0.0	0.0
GGGACCTCATAACGGT-1	Tumor	E15S	Tumor Proliferating	1	8984.435432225466	1.1410776569092285	0.4581473353600791	-0.13525459665437298	0.31125418570252433	0.013726770827220772	0.020314150355124096	0.965959078817655	0.030909537940247638	0.31015114511086833	0.6589393169488841	0.030909537940247638	0.9659590788176551	0.0	reverted	partial	partial	reverted	partial	persistent		0.0	0.0	0.0	0.013726770827220774	0.0203141503551241	0.0
GGGATATAGGATATGA-1	Tumor	E15S	Tumor	1	8647.004834070802	0.2867628457380088	0.8099283229573402	0.25642051461125137	0.18144350644545398	0.027143655425746482	0.00857392261668089	0.9642824219575727	0.003394576289515037	0.1257673455098002	0.8708380782006847	0.003394576289515037	0.0	0.991426077383319	reverted	reverted	reverted	reverted	reverted	persistent		0.0	0.0	0.0	0.0	0.0	0.008573922616680888
GGGATCAAGCTACAGC-1	Tumor	E15S	Tumor	1	8978.550451755524	1.0104247657562047	0.5198751423396748	-0.32312958209984544	0.36994630932483896	0.012619960825286162	0.03254940478736124	0.9548306343873526	0.021554760922727227	0.2752923384228424	0.7031529006544305	0.021554760922727227	0.9548306343873526	0.0	reverted	partial	partial	reverted	partial	persistent		0.0	0.0	0.0	0.012619960825286162	0.03254940478736124	0.0
GGGATTAGTATTGGGA-1	Tumor	E15S	Tumor	1	8829.447848573327	0.09905332870307068	0.8587452307429999	0.3690857709031256	0.14792642262269073	0.0428707053739923	0.008029286038867068	0.9491000085871406	0.002221795116945531	0.10066376621116656	0.8971144386718879	0.002221795116945531	0.0	0.9919707139611329	reverted	reverted	reverted	reverted	reverted	persistent		0.0	0.0	0.0	0.0	0.0	0.008029286038867068
GGGATTGAGGCACACT-1	Tumor	E15S	Tumor	1	8817.134948916733	1.0496099172528102	0.5013397550624936	-0.32411382733243027	0.37612277665995736	0.01276651375498061	0.032678643845605336	0.9545548423994139	0.02400261466551342	0.28560763585802945	0.6903897494764571	0.02400261466551342	0.954554842399414	0.0	reverted	partial	partial	reverted	partial	persistent		0.0	0.0	0.0	0.012766513754980611	0.03267864384560534	0.0
GGGCAAATCCAGGCCA-1	Tumor	E15S	Tumor	1	7788.4354066848755	1.4300653557699718	0.328516815715333	0.12781195741004178	0.22552163628001004	0.01917860977931458	0.010646719428608713	0.9701746707920768	0.06928330505491095	0.3866072131799503	0.5441094817651387	0.06928330505491095	0.9701746707920768	0.0	reverted	partial	partial	reverted	partial	persistent		0.0	0.0	0.0	0.01917860977931458	0.010646719428608713	0.0
GGGCAACAGTTAGCGC-1	Tumor	E15S	Tumor	1	8073.733444452286	0.6513865772585766	0.6811922580527813	0.16701583258382233	0.16634817244115213	0.01990883231983623	0.00903244130041877	0.971058726379745	0.008296789020515614	0.19036188164147821	0.8013413293380062	0.008296789020515614	0.971058726379745	0.0	reverted	partial	partial	reverted	partial	persistent		0.0	0.0	0.0	0.01990883231983623	0.00903244130041877	0.0
GGGCAATGTGAGGCTG-1	Tumor	E15S	Tumor Proliferating	1	8973.849468514323	-0.021923560121455545	0.8843142268914905	-0.017420619381678958	0.2919754248816021	0.015816720765473836	0.015515024528664441	0.9686682547058617	0.001714954139297718	0.0870217505169773	0.9112632953437251	0.001714954139297718	0.0	0.9844849754713355	reverted	reverted	reverted	reverted	reverted	persistent		0.0	0.0	0.0	0.0	0.0	0.015515024528664441
GGGCAATGTTTCAGCG-1	Tumor	E15S	Tumor	1	8575.069458544254	1.0555332303682812	0.4985363294072472	0.16132349158618786	0.1985128176002057	0.020286455217110342	0.009652612747154789	0.9700609320357348	0.024397162267077537	0.28717921520306805	0.6884236225298543	0.024397162267077537	0.9700609320357348	0.0	reverted	partial	partial	reverted	partial	persistent		0.0	0.0	0.0	0.020286455217110342	0.009652612747154789	0.0
GGGCAGACATAGGGTT-1	Tumor	E15S	Tumor	1	8515.206734001637	0.7705337572380481	0.6303439463043148	0.00824253787788308	0.2711589581372115	0.01591380642684226	0.014215625000084879	0.9698705685730727	0.011309462356798718	0.21633533750384012	0.7723552001393612	0.011309462356798718	0.9698705685730729	0.0	reverted	partial	partial	reverted	partial	persistent		0.0	0.0	0.0	0.015913806426842262	0.01421562500008488	0.0
GGGCTAGGTTCGTCCT-1	Tumor	E15S	Tumor	1	7400.111324071884	-0.3701875468554068	0.9366272519577216	-0.18181774949490215	0.3376841169732736	0.013677447098870183	0.023212670410445203	0.9631098824906845	0.0008694148028192358	0.05690163008523739	0.9422289551119434	0.0008694148028192358	0.0	0.9767873295895548	reverted	reverted	reverted	reverted	reverted	reverted		0.0	0.0	0.0	0.0	0.0	0.023212670410445207
GGGGCAACAATACCAA-1	Tumor	E15S	Tumor	1	5289.600031137466	-0.3392528711120058	0.9330609125291952	0.33307980647576935	0.13837410609894996	0.03674779758242682	0.007941962348956678	0.9553102400686166	0.0009197203413642392	0.05910255588778349	0.9399777237708523	0.0009197203413642392	0.0	0.9920580376510433	reverted	reverted	reverted	reverted	reverted	persistent		0.0	0.0	0.0	0.0	0.0	0.007941962348956676
GGGGTAATCCTGGGAT-1	Tumor	E15S	Tumor Proliferating	1	8894.26370626688	1.3798005395234405	0.3498401296391588	-0.1019804645963982	0.2773456722721823	0.01338924743567971	0.017967883459940753	0.9686428691043795	0.060208735767042755	0.3740347537966279	0.5657565104363294	0.060208735767042755	0.9686428691043796	0.0	reverted	partial	partial	reverted	partial	persistent		0.0	0.0	0.0	0.013389247435679711	0.017967883459940756	0.0
GGGGTAATCTGGTGTA-1	Tumor	E15S	Hypoxic Tumor	1	8694.577674865723	-0.08557061046274068	0.8960818638988522	0.4435490983062994	0.1511082901613868	0.06050007878864338	0.008262888794523443	0.9312370324168331	0.0015035206419283756	0.08056270603645968	0.917933773321612	0.0015035206419283756	0.0	0.9917371112054766	reverted	reverted	reverted	reverted	reverted	persistent		0.0	0.0	0.0	0.0	0.0	0.008262888794523445
GGGGTTAAGGTCACAC-1	Tumor	E15S	Tumor	1	8341.963726013899	1.0268757920056377	0.5120971857709186	-0.2555191373339615	0.3778528717963488	0.013690784130522297	0.028161437832790792	0.9581477780366868	0.0225490428134566	0.2796049794897474	0.697845977696796	0.0225490428134566	0.9581477780366869	0.0	reverted	partial	partial	reverted	partial	persistent		0.0	0.0	0.0	0.013690784130522299	0.028161437832790796	0.0
GGGTAATAGCCTGCCT-1	Tumor	E15S	Tumor	1	8868.859768390656	1.322371506301313	0.37495441621409725	-0.16458865766511005	0.29980129727436666	0.012894135509922992	0.02136729472810406	0.9657385697619729	0.0512714204211	0.35909072241580925	0.5896378571630907	0.0512714204211	0.9657385697619729	0.0	reverted	partial	partial	reverted	partial	persistent		0.0	0.0	0.0	0.012894135509922992	0.02136729472810406	0.0
GGGTACGGTAGGCGAT-1	Tumor	E15S	Tumor Proliferating	1	8944.58293557167	0.2347050063681144	0.824638840934645	-0.403692945013251	0.48480078931500276	0.014719338274267647	0.03880006703631519	0.9464805946894171	0.0030102092275321097	0.11829309224458524	0.8786966985278828	0.0030102092275321097	0.0	0.9611999329636848	reverted	reverted	reverted	reverted	reverted	persistent		0.0	0.0	0.0	0.0	0.0	0.03880006703631519
GGGTCCATCATAGAGA-1	Tumor	E15S	Tumor	1	7698.842461228371	1.7632280650966397	0.20658596069876048	-0.3025317125718323	0.3269873837447422	0.011785946701234165	0.030546412773399888	0.9576676405253659	0.1712098616969747	0.4434967026549587	0.38529343564806673	0.1712098616969747	0.0	0.0	partial	persistent	persistent	partial	persistent	reverted		0.957667640525366	0.011785946701234166	0.03054641277339989	0.0	0.0	0.0
GGGTTGGGTCTCCACT-1	Tumor	E15S	Tumor	1	8851.04727935791	1.1222765337028107	0.4669955813574374	0.017259367914198645	0.2452325084231235	0.015411560584722669	0.013280932039894309	0.9713075073753831	0.029338411124766806	0.30506656398989873	0.6655950248853344	0.029338411124766806	0.9713075073753831	0.0	reverted	partial	partial	reverted	partial	persistent		0.0	0.0	0.0	0.015411560584722669	0.013280932039894309	0.0
GGGTTGGGTGGCGTTC-1	Tumor	E15S	Tumor Proliferating	1	8977.737602256238	1.7597294506884518	0.2076737016838738	0.2838555280586999	0.13348761144227833	0.02982986429655581	0.007946418928922595	0.9622237167745216	0.16966269955672847	0.443269188788453	0.3870681116548185	0.16966269955672847	0.0	0.0	partial	persistent	persistent	partial	persistent	persistent		0.9622237167745217	0.029829864296555812	0.007946418928922597	0.0	0.0	0.0
GGTAAATGTATGGTGA-1	Tumor	E15S	Tumor Proliferating	1	9029.721287995577	0.16023755377747886	0.8441026215788232	0.09879467230239261	0.25920582404920345	0.01881194659649468	0.01191980555454	0.9692682478489653	0.0025435953829302466	0.10829489693817276	0.8891615076788971	0.0025435953829302466	0.0	0.98808019444546	reverted	reverted	reverted	reverted	reverted	persistent		0.0	0.0	0.0	0.0	0.0	0.011919805554540001
GGTAAATGTGATTGAG-1	Tumor	E15S	Tumor	1	7878.41119903326	0.5069997729564617	0.7374201378258952	-0.11549470240580031	0.29366084661822134	0.013591241708395266	0.01897670243197925	0.9674320558596254	0.005763832491234155	0.16212462593638408	0.8321115415723817	0.005763832491234155	0.0	0.9810232975680208	reverted	reverted	reverted	reverted	reverted	persistent		0.0	0.0	0.0	0.0	0.0	0.01897670243197925
GGTAATTTCCCGTTGC-1	Tumor	E15S	Tumor	1	8876.957861587405	1.0165665484618285	0.516972265167549	-0.027287219409511735	0.24708652595860828	0.014209469317936495	0.014538954635509693	0.9712515760465539	0.02192048694752862	0.276899209276241	0.7011803037762304	0.02192048694752862	0.9712515760465539	0.0	reverted	partial	partial	reverted	partial	persistent		0.0	0.0	0.0	0.014209469317936495	0.014538954635509693	0.0
GGTACGAAGGTGGCAA-1	Tumor	E15S	Tumor	1	8096.517428100109	1.1789851898513113	0.4403928068864262	0.23754987771907485	0.1538543486874587	0.025047054565856233	0.008322656165173066	0.9666302892689707	0.034346045974410724	0.3204368977930817	0.6452170562325075	0.034346045974410724	0.9666302892689707	0.0	reverted	partial	partial	reverted	partial	persistent		0.0	0.0	0.0	0.025047054565856233	0.008322656165173066	0.0
GGTACGCCACAGGCGT-1	Tumor	E15S	Tumor Proliferating	1	8768.765764832497	0.4466148333429034	0.7589479645546133	0.28720603689958224	0.16989711602282553	0.03029713160857181	0.008293443155958998	0.9614094252354692	0.004968763472878273	0.15136627390711008	0.8436649626200117	0.004968763472878273	0.0	0.9917065568440411	reverted	reverted	reverted	reverted	reverted	persistent		0.0	0.0	0.0	0.0	0.0	0.008293443155958998
GGTACGGGTTTGGGCC-1	Tumor	E15S	Tumor Proliferating	1	8951.304403811693	0.2862608586334855	0.8100745790991547	0.42684836855114433	0.13064234538556682	0.05753746937633338	0.00816853547377515	0.9342939951498914	0.003390613222463039	0.1256933122768257	0.8709160745007112	0.003390613222463039	0.0	0.9918314645262248	reverted	reverted	reverted	reverted	reverted	persistent		0.0	0.0	0.0	0.0	0.0	0.00816853547377515
GGTATAGGTGATCAGA-1	Tumor	E15S	Tumor Proliferating	1	8894.435611903667	2.008991880783778	0.14052976630049568	-0.8087771966833575	0.5916641631188954	0.013566047337431546	0.07084847849872022	0.9155854741638483	0.3107321942298938	0.42933308608520865	0.2599347196848977	0.3107321942298938	0.0	0.0	partial	persistent	persistent	partial	persistent	persistent		0.9155854741638483	0.013566047337431546	0.07084847849872022	0.0	0.0	0.0
GGTATCTGTCCCGAAC-1	Tumor	E15S	Tumor	1	8188.545419335365	1.4556595107303438	0.3179183954457404	0.05175574315386983	0.23958463154319543	0.016388356614831148	0.012342962209721189	0.9712686811754477	0.07440467633134756	0.39276972534896937	0.5328255983196831	0.07440467633134756	0.9712686811754477	0.0	reverted	partial	partial	reverted	partial	persistent		0.0	0.0	0.0	0.016388356614831148	0.012342962209721189	0.0
GGTATGAGTTAGACGA-1	Tumor	E15S	Tumor	1	8710.397833496332	0.11521613753725862	0.8549926574308215	-0.08868705527118143	0.30928338220684576	0.014602269010939816	0.018372624956392067	0.9670251060326681	0.002301980697463423	0.10263005027703627	0.8950679690255002	0.002301980697463423	0.0	0.981627375043608	reverted	reverted	reverted	reverted	reverted	persistent		0.0	0.0	0.0	0.0	0.0	0.018372624956392067
GGTATGGAGGGTTGCT-1	Tumor	E15S	Tumor	1	7710.396121263504	1.8261046718684821	0.18775507926281756	-0.17502287665123617	0.2492247261274536	0.01143480436254124	0.020625696052873278	0.9679394995845855	0.2010698956227341	0.44572435469925176	0.35320574967801416	0.2010698956227341	0.0	0.0	partial	persistent	persistent	partial	persistent	persistent		0.9679394995845855	0.01143480436254124	0.020625696052873278	0.0	0.0	0.0
GGTATGTCAAGGTCTG-1	Tumor	E15S	Tumor	1	8069.803631365299	0.7632372823335886	0.6335567623497835	-0.31427868718888063	0.4253234955680087	0.01421152427330721	0.03252778744993905	0.9532606882767538	0.011094485257916334	0.21467677900912469	0.774228735732959	0.011094485257916334	0.9532606882767538	0.0	reverted	partial	partial	reverted	partial	reverted		0.0	0.0	0.0	0.01421152427330721	0.03252778744993905	0.0
GGTCACTAGCTGGTCG-1	Tumor	E15S	Tumor	1	7260.04249382019	1.8787187299549994	0.1730347851502045	-0.09234093138363833	0.22064080992082163	0.012060489042424948	0.016053030039722003	0.971886480917853	0.22912888693623232	0.44467193382348685	0.3261991792402808	0.22912888693623232	0.0	0.0	partial	persistent	persistent	partial	persistent	persistent		0.971886480917853	0.012060489042424948	0.016053030039722003	0.0	0.0	0.0
GGTCACTAGTTAGGAA-1	Tumor	E15S	Tumor Proliferating	1	9136.84698009491	-0.11655504638848678	0.9014185505962925	-0.6125758829548879	0.6484514290449944	0.016719383162430778	0.0504310189843018	0.9328495978532674	0.0014119002314745201	0.07758593594060154	0.9210021638279239	0.0014119002314745201	0.0	0.9495689810156982	reverted	reverted	reverted	reverted	reverted	persistent		0.0	0.0	0.0	0.0	0.0	0.0504310189843018
GGTCATATCACCAGAC-1	Tumor	E15S	Hypoxic Tumor	1	7619.380350589752	-0.9250422850845493	0.9768802271302578	0.20114131016131068	0.2443130120893474	0.023883871850805552	0.010110324972116197	0.9660058031770783	0.00036521619162121084	0.02877898720129446	0.9708557966070843	0.00036521619162121084	0.0	0.9898896750278838	reverted	reverted	reverted	reverted	reverted	persistent		0.0	0.0	0.0	0.0	0.0	0.010110324972116197
GGTCATATCAGGGCTT-1	Tumor	E15S	Tumor Proliferating	1	8898.926168322563	1.2831117227438793	0.3925286749233636	-0.11587053785258758	0.2565006748388367	0.012553398816358047	0.017962671557369154	0.9694839296262728	0.045936610832646614	0.3486304097220423	0.605432979445311	0.045936610832646614	0.9694839296262728	0.0	reverted	partial	partial	reverted	partial	persistent		0.0	0.0	0.0	0.012553398816358047	0.017962671557369154	0.0
GGTCATTGTTATGTGC-1	Tumor	E15S	Tumor Proliferating	1	9054.74810563773	1.9373540761396417	0.1577220697095416	0.21407516357522124	0.13547077744279595	0.022758787345728837	0.008237551935917487	0.9690036607183538	0.2637506769080886	0.4400897535567056	0.29615956953520584	0.2637506769080886	0.0	0.0	partial	persistent	persistent	partial	persistent	persistent		0.9690036607183538	0.022758787345728837	0.008237551935917487	0.0	0.0	0.0
GGTCCTGAGCAATTAC-1	Tumor	E15S	Tumor	1	7262.021354675293	-0.26421350010494987	0.9236232898813606	-0.16684070783617272	0.4462797300478128	0.017265890780417383	0.02533479189104799	0.9573993173285347	0.0010577285703237283	0.06479358681381406	0.9341486846158622	0.0010577285703237283	0.0	0.9746652081089521	reverted	reverted	reverted	reverted	reverted	persistent		0.0	0.0	0.0	0.0	0.0	0.02533479189104799
GGTCTAATCCATTCCG-1	Tumor	E15S	Tumor Proliferating	1	8960.750001132488	1.4823244190623757	0.3070738195218118	0.019822157038341344	0.19193181222935918	0.014023505386201042	0.011903085956830128	0.9740734086569689	0.0801299789801549	0.398983903453028	0.5208861175668172	0.0801299789801549	0.9740734086569689	0.0	reverted	partial	partial	reverted	partial	persistent		0.0	0.0	0.0	0.014023505386201042	0.011903085956830128	0.0
GGTCTAGCAAATCCTT-1	Tumor	E15S	Tumor	1	8180.200872659683	0.0021068124428781417	0.879578173910965	-0.7036369809333586	0.490734866692523	0.012171592249839809	0.06872011386835156	0.9191082938818087	0.0018038161985620177	0.08958540488763726	0.9086107789138007	0.0018038161985620177	0.0	0.9312798861316485	reverted	reverted	reverted	reverted	reverted	persistent		0.0	0.0	0.0	0.0	0.0	0.06872011386835156
GGTGAATAGATACTCG-1	Tumor	E15S	Tumor Proliferating	1	9050.415451288223	0.4393775762416975	0.7614456481104379	0.178219272350331	0.17350873879668055	0.020774415462480038	0.009037707345525602	0.9701878771919944	0.0048819404720705775	0.1501177689555846	0.8450002905723448	0.0048819404720705775	0.0	0.9909622926544744	reverted	reverted	reverted	reverted	reverted	persistent		0.0	0.0	0.0	0.0	0.0	0.009037707345525602
GGTGACTTCACTCGTT-1	Tumor	E15S	Tumor	1	8617.415978908539	0.7146070568765227	0.6546563365615937	-0.16754424362030354	0.3367678957327247	0.013892058574877157	0.022491318057584968	0.9636166233675378	0.009769459198140287	0.203846943191848	0.7863835976100118	0.009769459198140287	0.9636166233675378	0.0	reverted	partial	partial	reverted	partial	persistent		0.0	0.0	0.0	0.013892058574877157	0.022491318057584968	0.0
GGTGACTTCCGTGCGA-1	Tumor	E15S	Tumor	1	8611.670775711536	0.6942615368335343	0.6633117217029405	-0.27550045376318555	0.4124342009365814	0.014384648887063667	0.029967870818788503	0.9556474802941477	0.009266745082820022	0.19943329244462893	0.791299962472551	0.009266745082820022	0.9556474802941478	0.0	reverted	partial	partial	reverted	partial	persistent		0.0	0.0	0.0	0.014384648887063669	0.029967870818788506	0.0
GGTGACTTCGTACCAA-1	Tumor	E15S	Tumor Proliferating	1	8986.887512914836	0.40878802319048496	0.7718051573324697	-0.13723343347987757	0.344404530725337	0.014673287349189752	0.021329808097609662	0.9639969045532004	0.004533176410199175	0.14493629837161034	0.8505305252181906	0.004533176410199175	0.0	0.9786701919023904	reverted	reverted	reverted	reverted	reverted	persistent		0.0	0.0	0.0	0.0	0.0	0.021329808097609666
GGTGCATTCACCTGGG-1	Tumor	E15S	Tumor	1	6539.3705978393555	-0.4331516739539512	0.943345016313063	-0.9482263855142979	0.6260384549446468	0.01333721040175113	0.08310300847922017	0.9035597811190287	0.0007773213259535773	0.052668102860443294	0.9465545758136032	0.0007773213259535773	0.0	0.9168969915207799	reverted	reverted	reverted	reverted	reverted	persistent		0.0	0.0	0.0	0.0	0.0	0.08310300847922017
GGTGGCAGTAACGGGT-1	Tumor	E15S	Tumor Proliferating	1	8766.070578321815	0.7137024837181796	0.6550433971386298	-0.10249947831508885	0.3035059875915515	0.01413751815413236	0.018733582541460236	0.9671288993044074	0.009746492118777532	0.20364922974660765	0.7866042781346149	0.009746492118777532	0.9671288993044074	0.0	reverted	partial	partial	reverted	partial	persistent		0.0	0.0	0.0	0.01413751815413236	0.018733582541460236	0.0
GGTTAAGGTTCACCAG-1	Tumor	E15S	Tumor Proliferating	1	9035.394338130951	3.5625900482812383	0.008559693394014403	0.05499063548652287	0.14105336905091592	0.013996279511735127	0.010153701027481466	0.9758500194607834	0.9920114988501806	0.007566983755554542	0.00042151739426483947	0.9920114988501806	0.0	0.0	persistent	persistent	persistent	persistent	persistent	persistent		0.9758500194607834	0.013996279511735127	0.010153701027481466	0.0	0.0	0.0
GGTTACATCATATAGC-1	Tumor	E15S	Tumor	1	8085.561490446329	0.5466234449412155	0.7226388006266307	0.00543849915733572	0.20702335298390512	0.013990665258062742	0.01260617433632615	0.9734031604056113	0.006361617270936324	0.16951884686171484	0.8241195358673488	0.006361617270936324	0.0	0.987393825663674	reverted	reverted	reverted	reverted	reverted	persistent		0.0	0.0	0.0	0.0	0.0	0.01260617433632615
GGTTACATCATCACTC-1	Tumor	E15S	Tumor	1	7591.458488583565	0.38871711429086486	0.7784281151270251	0.13285304912647533	0.1782640660474863	0.018224694441042424	0.009623561566294613	0.972151743992663	0.004319481610900049	0.14161983820160337	0.8540606801874965	0.004319481610900049	0.0	0.9903764384337055	reverted	reverted	reverted	reverted	reverted	persistent		0.0	0.0	0.0	0.0	0.0	0.009623561566294613
GGTTAGCTCCTCTCCT-1	Tumor	E15S	Tumor	1	6723.362604439259	1.6562122119809062	0.2417642409801507	0.16401057705160432	0.19544589703739104	0.020372724408329178	0.0095647818107875	0.9700624937808834	0.12901731338207964	0.4321885581442094	0.43879412847371096	0.12901731338207964	0.0	0.0	reverted	persistent	persistent	reverted	persistent	persistent		0.9700624937808834	0.020372724408329178	0.0095647818107875	0.0	0.0	0.0
GGTTAGCTCGCTCGTC-1	Tumor	E15S	Tumor	1	8678.683962881565	-0.04245809510611266	0.8882322101951213	-0.0807202852078906	0.3260299599188892	0.015293110235547582	0.018572602311818565	0.9661342874526337	0.0016430940209251007	0.08488606158914128	0.9134708443899338	0.0016430940209251007	0.0	0.9814273976881814	reverted	reverted	reverted	reverted	reverted	persistent		0.0	0.0	0.0	0.0	0.0	0.018572602311818568
GGTTAGGAGCATGACC-1	Tumor	E15S	Tumor Proliferating	1	8808.238365247846	3.160146812912334	0.018159979349333624	0.1400412165160365	0.1361698503561372	0.017710160036005868	0.008857724452262792	0.9734321155117313	0.9617997268387642	0.03456634884618676	0.0036339243150490634	0.9617997268387642	0.0	0.0	persistent	persistent	persistent	persistent	persistent	persistent		0.9734321155117314	0.01771016003600587	0.008857724452262794	0.0	0.0	0.0
GGTTCAGCAACCAGCA-1	Tumor	E15S	Tumor Proliferating	1	8950.777220360935	0.6235801214420982	0.6925138516858295	-0.03431630959560003	0.2683981916414456	0.014651196752246591	0.015342659467697948	0.9700061437800553	0.0077270878228752225	0.18464633611393122	0.8076265760631934	0.0077270878228752225	0.9700061437800555	0.0	reverted	partial	partial	reverted	partial	persistent		0.0	0.0	0.0	0.014651196752246593	0.01534265946769795	0.0
GGTTCAGCACAATGCG-1	Tumor	E15S	Tumor	1	7416.784843921661	1.669566146224062	0.23716017002747172	-0.1243122851735258	0.25051334001579284	0.012247404933207867	0.018167524700929305	0.9695850703658628	0.13372550739190298	0.4340541161062143	0.4322203765018828	0.13372550739190298	0.0	0.0	partial	persistent	persistent	reverted	persistent	persistent		0.9695850703658628	0.012247404933207867	0.018167524700929305	0.0	0.0	0.0
GTAAACCCAAATCATG-1	Tumor	E15S	Tumor	1	8165.688264846802	-1.0061696542654286	0.9801063845886459	-0.2538668592498665	0.5039420138766646	0.01745466485298529	0.030452166922578	0.9520931682244367	0.0003292004893611512	0.026058306508380577	0.9736124930022584	0.0003292004893611512	0.0	0.969547833077422	reverted	reverted	reverted	reverted	reverted	reverted		0.0	0.0	0.0	0.0	0.0	0.030452166922578
GTAAACCCAGCCATCT-1	Tumor	E15S	Tumor Proliferating	1	8976.51488685608	0.27618844087901706	0.8129910251633821	-1.5075952705198923	1.0837232174351337	0.019363798089851586	0.0744621389275049	0.9061740629826434	0.0033121915781365637	0.12421596684811602	0.8724718415737474	0.0033121915781365637	0.0	0.9255378610724951	reverted	reverted	reverted	reverted	reverted	persistent		0.0	0.0	0.0	0.0	0.0	0.07446213892750492
GTAAACGGTGAGGCAT-1	Tumor	E15S	Tumor	1	9043.898814201355	1.6735684270262998	0.2357921198111341	0.41371441645132956	0.10952918597856735	0.05539139701320663	0.008089713895135148	0.9365188890916581	0.1351661858371547	0.4345900273078784	0.430243786854967	0.1351661858371547	0.0	0.0	partial	persistent	persistent	reverted	persistent	persistent		0.9365188890916583	0.05539139701320664	0.00808971389513515	0.0	0.0	0.0
GTAAACTTCACGTGCG-1	Tumor	E15S	Tumor	1	8305.589136362076	0.7685903138382293	0.6312008343457483	-0.34379620149177087	0.4153882029441641	0.013564901562609472	0.03441599650152318	0.9520191019358673	0.011251768166875403	0.2158927257207121	0.7728555061124126	0.011251768166875403	0.9520191019358674	0.0	reverted	partial	partial	reverted	partial	persistent		0.0	0.0	0.0	0.013564901562609474	0.03441599650152319	0.0
GTAAACTTCTGGCCTC-1	Tumor	E15S	Tumor	1	8879.85312116146	1.5478089765240555	0.28134342585037847	-0.19738507465684066	0.31025775601531963	0.012671106179949085	0.023339875586156095	0.9639890182338948	0.09603656559135577	0.413166152267174	0.4907972821414703	0.09603656559135577	0.0	0.0	reverted	persistent	persistent	reverted	persistent	persistent		0.9639890182338948	0.012671106179949085	0.023339875586156095	0.0	0.0	0.0
GTAAAGGCATCCCGAT-1	Tumor	E15S	Tumor	1	8265.321353256702	0.6641505417309009	0.6759217305660499	0.09962488628334562	0.23426084215406148	0.01811761227961142	0.011296069220313877	0.9705863185000747	0.008573478346049166	0.19302974755927726	0.7983967740946737	0.008573478346049166	0.9705863185000747	0.0	reverted	partial	partial	reverted	partial	persistent		0.0	0.0	0.0	0.01811761227961142	0.011296069220313877	0.0
GTAAATGAGCCCGTTC-1	Tumor	E15S	Tumor	1	8705.123725652695	0.34664584416667593	0.7918605286386217	0.06245962947671146	0.24936413192562443	0.017065985831043747	0.01236846769489755	0.9705655464740586	0.003907195552997622	0.1348792000494192	0.8612136043975833	0.003907195552997622	0.0	0.9876315323051025	reverted	reverted	reverted	reverted	reverted	persistent		0.0	0.0	0.0	0.0	0.0	0.012368467694897552
GTAAATGAGCGAACTC-1	Tumor	E15S	Tumor Proliferating	1	8923.882548771799	1.331970162629038	0.3707053994279078	-0.03584437249885304	0.23240752571087506	0.013583192327843755	0.01440296347752708	0.9720138441946291	0.052667514936965226	0.36162221487357804	0.5857102701894566	0.052667514936965226	0.9720138441946292	0.0	reverted	partial	partial	reverted	partial	persistent		0.0	0.0	0.0	0.013583192327843756	0.014402963477527082	0.0
GTAAGCTCATTAGTCT-1	Tumor	E15S	Tumor	1	8893.63684272021	1.4111718264823934	0.3364549192948465	0.3469215396044415	0.12481102541137218	0.03938234033706849	0.007879041334582108	0.9527386183283495	0.06572494618403836	0.3819483798328542	0.5523266739831074	0.06572494618403836	0.9527386183283495	0.0	reverted	partial	partial	reverted	partial	persistent		0.0	0.0	0.0	0.03938234033706849	0.007879041334582108	0.0
GTAAGGTAGTATGATC-1	Tumor	E15S	Tumor Proliferating	1	8951.901750206947	0.276846204312902	0.8128016283536007	-0.32344296610498724	0.4391589077611478	0.014476767966878547	0.03326514825761723	0.9522580837755044	0.003317249553913969	0.12431197039303823	0.8723707800530479	0.003317249553913969	0.0	0.9667348517423827	reverted	reverted	reverted	reverted	reverted	persistent		0.0	0.0	0.0	0.0	0.0	0.03326514825761722
GTAAGTTTCACGGAAG-1	Tumor	E15S	Tumor	1	8717.063992649317	3.7708101257616664	0.0057872923850236626	0.011653241264931634	0.1417250041813551	0.012629775710552488	0.011059896957313513	0.976310327332134	0.9966469795478053	0.0032243191301055654	0.00012870132208907137	0.9966469795478053	0.0	0.0	persistent	persistent	persistent	persistent	persistent	persistent		0.9763103273321341	0.01262977571055249	0.011059896957313515	0.0	0.0	0.0
GTAAGTTTCGCTATGA-1	Tumor	E15S	Tumor	1	5887.241319179535	2.6339531005896797	0.0476956963600124	0.23739930452499733	0.17116837303349322	0.02525849492806294	0.00854474304227707	0.9661967620296598	0.7860064066738891	0.17300960706559343	0.04098398626051762	0.7860064066738891	0.0	0.0	persistent	persistent	persistent	persistent	persistent	persistent		0.96619676202966	0.025258494928062945	0.008544743042277071	0.0	0.0	0.0
GTAATCACAGTTGGTG-1	Tumor	E15S	Tumor Proliferating	1	8909.8122138381	0.5437401325016795	0.7237315375778274	0.11312127674713007	0.21678255744021868	0.018236144700591237	0.010677182520451764	0.9710866727789571	0.006315887985697918	0.16897176973903336	0.8247123422752687	0.006315887985697918	0.0	0.9893228174795483	reverted	reverted	reverted	reverted	reverted	persistent		0.0	0.0	0.0	0.0	0.0	0.010677182520451764
GTAATCACATAACCGG-1	Tumor	E15S	Tumor	1	8691.623558491468	0.9319259454519587	0.5567920311766548	-0.21723882957503773	0.27537456154504175	0.011514170103640175	0.023695975009842187	0.9647898548865176	0.017405702075822364	0.25513074036521	0.7274635575589676	0.017405702075822364	0.9647898548865176	0.0	reverted	partial	partial	reverted	partial	persistent		0.0	0.0	0.0	0.011514170103640175	0.023695975009842187	0.0
GTAATCCGTTAGGTCT-1	Tumor	E15S	Tumor Proliferating	1	9010.427061080933	0.5424042136547488	0.7242369297038491	0.19126356469103398	0.1860028273481278	0.02190995120666153	0.009119780002199294	0.9689702687911391	0.0062948230770344515	0.16871877461083892	0.8249864023121265	0.0062948230770344515	0.0	0.9908802199978007	reverted	reverted	reverted	reverted	reverted	persistent		0.0	0.0	0.0	0.0	0.0	0.009119780002199296
GTAATGAAGCTAGTTG-1	Tumor	E15S	Tumor Proliferating	1	8987.679607242346	0.939980380048834	0.5530259562988404	-0.08658049570009076	0.2683395327110436	0.013446128158169554	0.017119087285965888	0.9694347845558646	0.017789760243593737	0.25716479225103045	0.7250454475053759	0.017789760243593737	0.9694347845558646	0.0	reverted	partial	partial	reverted	partial	persistent		0.0	0.0	0.0	0.013446128158169554	0.017119087285965888	0.0
GTAATGTTCAGTTGGC-1	Tumor	E15S	Tumor	1	8762.714936256409	1.1215590432532894	0.4673336964812066	-0.12093589851417383	0.31176180968051287	0.014013114878195468	0.019716080824022108	0.9662708042977824	0.02928011212446051	0.30487283449425473	0.6658470533812849	0.02928011212446051	0.9662708042977824	0.0	reverted	partial	partial	reverted	partial	persistent		0.0	0.0	0.0	0.014013114878195468	0.019716080824022108	0.0
GTACAACCAGGATCTG-1	Tumor	E15S	Tumor Proliferating	1	9010.011332705617	0.5262102794007019	0.730317516358975	-0.321476739912509	0.4462251804958808	0.014702891310920212	0.03321894256887143	0.9520781661202082	0.006045536794630128	0.16567617394276657	0.8282782892626034	0.006045536794630128	0.0	0.9667810574311285	reverted	reverted	reverted	reverted	reverted	persistent		0.0	0.0	0.0	0.0	0.0	0.03321894256887144
GTACATTAGTAAGCCC-1	Tumor	E15S	Hypoxic Tumor	1	6616.415542602539	-0.8185044873010768	0.9718590120599906	-1.1468203913523118	1.0317455700483846	0.020874703062012372	0.06223309059384338	0.9168922063441443	0.00042235907199864064	0.03279627085641245	0.9667813700715889	0.00042235907199864064	0.0	0.9377669094061566	reverted	reverted	reverted	reverted	reverted	persistent		0.0	0.0	0.0	0.0	0.0	0.06223309059384338
GTACCCAGTTTAGCGT-1	Tumor	E15S	Tumor	1	8026.494520187378	1.804569102420258	0.19405193572888646	-0.04712897775760222	0.2761562622081026	0.01456248286077101	0.01596648377449211	0.9694710333647368	0.19039894723900477	0.4453703483621843	0.3642307043988109	0.19039894723900477	0.0	0.0	partial	persistent	persistent	partial	persistent	persistent		0.969471033364737	0.014562482860771012	0.015966483774492113	0.0	0.0	0.0
GTACGAAGTTTGGGCC-1	Tumor	E15S	Tumor	1	8956.966525912285	1.2340389717392608	0.4148883578813034	0.003360658333053386	0.24825975581652762	0.015083370561781984	0.01371533693883906	0.9712012924993789	0.04004718871522098	0.33538814267124156	0.6245646686135374	0.04004718871522098	0.9712012924993789	0.0	reverted	partial	partial	reverted	partial	persistent		0.0	0.0	0.0	0.015083370561781984	0.01371533693883906	0.0
GTACGGGGTGGCTGTC-1	Tumor	E15S	Tumor Proliferating	1	8864.417828977108	0.6841093563754804	0.6675904640501451	-0.19520669814492025	0.3433533183466378	0.013622341197798163	0.024038024591415623	0.962339634210786	0.00902643690106089	0.19725708139836537	0.7937164817005737	0.00902643690106089	0.9623396342107862	0.0	reverted	partial	partial	reverted	partial	persistent		0.0	0.0	0.0	0.013622341197798165	0.024038024591415626	0.0
GTACGTTGTTAACCCG-1	Tumor	E15S	Tumor Proliferating	1	9004.006093263626	0.5638008185489939	0.71607392584796	0.227950519327534	0.16593858383302573	0.02436172548111044	0.008532629258133851	0.9671056452607557	0.006641711296806667	0.17280749872055381	0.8205507899826395	0.006641711296806667	0.0	0.9914673707418662	reverted	reverted	reverted	reverted	reverted	persistent		0.0	0.0	0.0	0.0	0.0	0.008532629258133851
GTACGTTGTTCGTAAC-1	Tumor	E15S	Tumor Proliferating	1	9056.942979693413	0.19358617993574254	0.8356129882637968	-1.0961146640359227	0.9066149480024881	0.01852963198423873	0.06681543439206092	0.9146549336237003	0.0027414752268988935	0.11267363637569743	0.8845848883974037	0.0027414752268988935	0.0	0.933184565607939	reverted	reverted	reverted	reverted	reverted	persistent		0.0	0.0	0.0	0.0	0.0	0.06681543439206092
GTACTAACATAAGGTC-1	Tumor	E15S	Tumor Proliferating	1	8986.56441155821	1.4378050294669829	0.32529275449663536	-0.015528383446384707	0.2336107192065978	0.014135774556297345	0.01383822272734423	0.9720260027163583	0.0707946961483841	0.38848967182394173	0.5407156320276741	0.0707946961483841	0.9720260027163584	0.0	reverted	partial	partial	reverted	partial	persistent		0.0	0.0	0.0	0.014135774556297347	0.013838222727344232	0.0
GTAGACTCAGGAAGCG-1	Tumor	E15S	Tumor	1	8544.039204731584	-0.17895604291639416	0.911429964753881	-0.3338433970591443	0.4852129047579719	0.015647919137176912	0.03436465846212355	0.9499874224006994	0.0012469347671569763	0.07190748754897609	0.9268455776838671	0.0012469347671569763	0.0	0.9656353415378764	reverted	reverted	reverted	reverted	reverted	persistent		0.0	0.0	0.0	0.0	0.0	0.034364658462123554
GTAGCATCATTACTGT-1	Tumor	E15S	Tumor	1	8796.383111655712	0.6797395265688113	0.6694237467176324	0.20497045067905423	0.2050107135509903	0.023268181566270574	0.0093187572024611	0.9674130612312684	0.008925088371526472	0.19632574867218994	0.7947491629562836	0.008925088371526472	0.9674130612312684	0.0	reverted	partial	partial	reverted	partial	persistent		0.0	0.0	0.0	0.023268181566270574	0.0093187572024611	0.0
GTAGCGCCAGCTACTC-1	Tumor	E15S	Tumor Proliferating	1	9034.340417325497	0.13496512115782433	0.8502955112463064	0.2478234963518415	0.19201298993206017	0.02647883965276583	0.008774427817265455	0.9647467325299689	0.002404548452617607	0.10508062906069912	0.8925148224866832	0.002404548452617607	0.0	0.9912255721827345	reverted	reverted	reverted	reverted	reverted	persistent		0.0	0.0	0.0	0.0	0.0	0.008774427817265453
GTAGGAACAAATGGCT-1	Tumor	E15S	Tumor Proliferating	1	8914.86460223049	1.2892066200818708	0.389780742669415	-0.22731267887508902	0.3052620977627894	0.012126293409673004	0.024965363029895903	0.962908343560431	0.04672671203768689	0.35026398087508614	0.603009307087227	0.04672671203768689	0.9629083435604311	0.0	reverted	partial	partial	reverted	partial	persistent		0.0	0.0	0.0	0.012126293409673005	0.024965363029895906	0.0
GTAGGAACATCCTGTA-1	Tumor	E15S	Hypoxic Tumor	1	6214.481414794922	0.29301756811711915	0.8080987523380945	0.4020025564205528	0.10174871952018531	0.0526147166896676	0.008019676533500976	0.9393656067768315	0.0034443982970225363	0.12669303464838463	0.8698625670545928	0.0034443982970225363	0.0	0.991980323466499	reverted	reverted	reverted	reverted	reverted	persistent		0.0	0.0	0.0	0.0	0.0	0.008019676533500976
GTAGGCAAGGCTTAAT-1	Tumor	E15S	Tumor	1	8404.04173836112	0.023298114669398077	0.8752636987441236	-0.14162885093656105	0.36889344833420323	0.015337277739429991	0.022202899600671958	0.9624598226598979	0.0018867070419699723	0.09190494991546234	0.9062083430425676	0.0018867070419699723	0.0	0.977797100399328	reverted	reverted	reverted	reverted	reverted	persistent		0.0	0.0	0.0	0.0	0.0	0.02220289960067196
GTAGGTAGTTCGCAAT-1	Tumor	E15S	Tumor	1	8974.986333698034	0.7161085980012459	0.6540133849829326	-0.7313101135541226	0.6719039016232793	0.01611866023901164	0.057729707458292895	0.9261516323026955	0.009807712562390098	0.20417543972152652	0.7860168477160835	0.009807712562390098	0.9261516323026955	0.0	reverted	partial	partial	reverted	partial	persistent		0.0	0.0	0.0	0.01611866023901164	0.057729707458292895	0.0
GTAGGTTCAACTGGAT-1	Tumor	E15S	Tumor	1	8658.225917071104	0.9788642007666173	0.5347666632017835	-0.10276430424917748	0.24093555350137558	0.012383208202631222	0.017000002798424584	0.9706167889989441	0.01977372452171395	0.26709911084630567	0.7131271646319803	0.01977372452171395	0.9706167889989442	0.0	reverted	partial	partial	reverted	partial	persistent		0.0	0.0	0.0	0.012383208202631224	0.017000002798424587	0.0
GTAGTAAAGCTGGTCG-1	Tumor	E15S	Tumor	1	7057.213055610657	0.8426468921025047	0.5980078936641353	-0.16700460292044253	0.3320158207444552	0.013763381472757298	0.022339038184716515	0.9638975803425263	0.013691404918854169	0.2331853610268734	0.7531232340542725	0.013691404918854169	0.9638975803425263	0.0	reverted	partial	partial	reverted	partial	persistent		0.0	0.0	0.0	0.013763381472757298	0.022339038184716515	0.0
GTAGTAAAGTGGGTCT-1	Tumor	E15S	Tumor	1	8881.945380717516	-0.03434601854813551	0.8866984790417821	0.06547278335257628	0.2672269357796222	0.017718368336300805	0.012772577250484961	0.9695090544132144	0.001671047906668314	0.08572376528814937	0.9126051868051824	0.001671047906668314	0.0	0.987227422749515	reverted	reverted	reverted	reverted	reverted	persistent		0.0	0.0	0.0	0.0	0.0	0.012772577250484958
GTAGTCATCAGCCCAG-1	Tumor	E15S	Tumor Proliferating	1	8925.639084011316	0.11677608785042494	0.8546261322150843	-0.034315347598803995	0.2996618960335599	0.015602290821039424	0.016243980904174907	0.9681537282747857	0.002309895754471418	0.10282168847185533	0.8948684157736734	0.002309895754471418	0.0	0.983756019095825	reverted	reverted	reverted	reverted	reverted	persistent		0.0	0.0	0.0	0.0	0.0	0.016243980904174903
GTAGTCATCTGGCCTC-1	Tumor	E15S	Tumor	1	8864.752305708826	0.9330793724195136	0.5562531042917516	-0.010089174701047504	0.2562683823796583	0.01493613135011156	0.014296154386176717	0.9707677142637118	0.017460159081436742	0.2554215058141989	0.7271183351043644	0.017460159081436742	0.9707677142637118	0.0	reverted	partial	partial	reverted	partial	persistent		0.0	0.0	0.0	0.01493613135011156	0.014296154386176717	0.0
GTAGTCGCATCCAAGG-1	Tumor	E15S	Tumor	1	8676.697290420532	1.583041594192538	0.26805597498260897	-0.48167055624547966	0.3815392208057131	0.011463778502281115	0.04756100125912109	0.9409752202385978	0.1057850224491111	0.4200358859718836	0.4741790915790053	0.1057850224491111	0.0	0.0	reverted	persistent	persistent	reverted	persistent	persistent		0.9409752202385978	0.011463778502281115	0.04756100125912109	0.0	0.0	0.0
GTATCCGGTATTAGGG-1	Tumor	E15S	Tumor	1	8829.809152692556	0.2640152575892844	0.8164695683912209	0.3036018200637899	0.16720100099504245	0.03227790401047046	0.008215280844877063	0.9595068151446525	0.0032201457099168473	0.12245108897071973	0.8743287653193635	0.0032201457099168473	0.0	0.991784719155123	reverted	reverted	reverted	reverted	reverted	persistent		0.0	0.0	0.0	0.0	0.0	0.008215280844877063
GTATGGCTCCAACTGA-1	Tumor	E15S	Tumor Proliferating	1	8838.067128702998	0.9304079775929796	0.5575010821596049	0.08583606585357526	0.17970135318194827	0.016067452422920576	0.010336674849160852	0.9735958727279186	0.017334307310813386	0.2547483446331883	0.7279173480559985	0.017334307310813386	0.9735958727279186	0.0	reverted	partial	partial	reverted	partial	persistent		0.0	0.0	0.0	0.016067452422920576	0.010336674849160852	0.0
GTATGGTCACCTGTAC-1	Tumor	E15S	Tumor Proliferating	1	8958.07286977768	0.009478611742925145	0.8780921072504314	0.3863581803583864	0.15434848811447685	0.04607773585468655	0.008089851132425723	0.9458324130128878	0.001832156347000316	0.09038599580042865	0.9077818478525711	0.001832156347000316	0.0	0.9919101488675743	reverted	reverted	reverted	reverted	reverted	persistent		0.0	0.0	0.0	0.0	0.0	0.008089851132425723
GTATTAGCATCGGTGA-1	Tumor	E15S	Tumor	1	8881.99022307992	2.7814997316641796	0.03649608130017774	0.2963930960051012	0.10935652240909785	0.03151552174100622	0.007758223061535139	0.9607262551974587	0.8610646977580871	0.11684865031956605	0.022086651922346736	0.8610646977580871	0.0	0.0	persistent	persistent	persistent	persistent	persistent	persistent		0.9607262551974587	0.03151552174100622	0.007758223061535139	0.0	0.0	0.0
GTATTCCTCACAGGCT-1	Tumor	E15S	Tumor	1	5500.578974246979	0.7469342797163928	0.640692263321515	-0.029215195916119544	0.23537847974136109	0.013829920930009077	0.014281392779658862	0.971888686290332	0.010629872796141604	0.2110024795674486	0.7783676476364098	0.010629872796141604	0.9718886862903321	0.0	reverted	partial	partial	reverted	partial	persistent		0.0	0.0	0.0	0.01382992093000908	0.014281392779658864	0.0
GTATTCCTCCAGGGAA-1	Tumor	E15S	Tumor Proliferating	1	8908.712726816535	0.22817882641233478	0.8264183400828341	0.23125341373342226	0.20210950139789421	0.025219139643959637	0.00904771131543658	0.9657331490406038	0.002965614376332366	0.11738467664465435	0.8796497089790133	0.002965614376332366	0.0	0.9909522886845634	reverted	reverted	reverted	reverted	reverted	persistent		0.0	0.0	0.0	0.0	0.0	0.00904771131543658
GTATTCCTCCTGAGCG-1	Tumor	E15S	Tumor	1	8782.215161502361	1.4549798496935031	0.318197477272784	0.15237308525050813	0.18759143514411394	0.019509115988965313	0.009554527217566748	0.970936356793468	0.07426404214472289	0.3926084669076544	0.5331274909476228	0.07426404214472289	0.970936356793468	0.0	reverted	partial	partial	reverted	partial	persistent		0.0	0.0	0.0	0.019509115988965313	0.009554527217566748	0.0
GTATTCCTCGAGTCTA-1	Tumor	E15S	Tumor Proliferating	1	8972.986646667123	0.06807753782647934	0.8657100811181041	0.36725197404056303	0.15666857892139893	0.0422334621540559	0.008076345875182217	0.9496901919707621	0.002077010758845116	0.09699248273293141	0.9009305065082234	0.002077010758845116	0.0	0.9919236541248178	reverted	reverted	reverted	reverted	reverted	persistent		0.0	0.0	0.0	0.0	0.0	0.008076345875182215
GTATTGGTCGTTCCTG-1	Tumor	E15S	Tumor Proliferating	1	8646.726274877787	1.0838416103783193	0.4851426836702351	0.08132001943407291	0.170254813987977	0.015652486284837848	0.010226943576874727	0.9741205701382875	0.026378141614895535	0.2947290238626306	0.6788928345224738	0.026378141614895535	0.9741205701382875	0.0	reverted	partial	partial	reverted	partial	persistent		0.0	0.0	0.0	0.015652486284837848	0.010226943576874727	0.0
GTCAAACCAGCACTTC-1	Tumor	E15S	Tumor Proliferating	1	9021.778076864779	0.6931668140886309	0.6637744096400238	-0.3002024398729998	0.39520327749656003	0.013564390919628338	0.031235912662654006	0.9551996964177176	0.009240501812203988	0.19919778935895488	0.7915617088288412	0.009240501812203988	0.9551996964177176	0.0	reverted	partial	partial	reverted	partial	persistent		0.0	0.0	0.0	0.013564390919628338	0.031235912662654006	0.0
GTCAAATTCGTTCCGC-1	Tumor	E15S	Tumor	1	8158.173224925995	0.35189345280824347	0.7902183985790096	0.1644269843729677	0.21731920774805338	0.020929950985882875	0.009982202707963458	0.9690878463061536	0.003956125483902918	0.13570451412283902	0.860339360393258	0.003956125483902918	0.0	0.9900177972920365	reverted	reverted	reverted	reverted	reverted	persistent		0.0	0.0	0.0	0.0	0.0	0.009982202707963458
GTCAACATCAATGTGT-1	Tumor	E15S	Tumor	1	9009.023364767432	0.5383718170466145	0.7257589505513942	-0.24787444438152897	0.3952181787979732	0.014296634562591988	0.028061813369336875	0.9576415520680712	0.006231707468858636	0.16795696903775217	0.8258113234933891	0.006231707468858636	0.0	0.9719381866306632	reverted	reverted	reverted	reverted	reverted	persistent		0.0	0.0	0.0	0.0	0.0	0.028061813369336875
GTCACCCTCAGCCAAC-1	Tumor	E15S	Tumor	1	7735.834452629089	0.8153845151992234	0.6103499197380355	0.1849539277914029	0.1368367938482823	0.02054618951772092	0.008452217775798349	0.9710015927064807	0.012733142295569839	0.22671888497268025	0.7605479727317499	0.012733142295569839	0.9710015927064807	0.0	reverted	partial	partial	reverted	partial	persistent		0.0	0.0	0.0	0.02054618951772092	0.008452217775798349	0.0
GTCATAACACCTCGTG-1	Tumor	E15S	Tumor Proliferating	1	8971.263373084366	0.2680003475505215	0.8153363652006901	0.1330889404942432	0.22518787902924262	0.01943291646592478	0.010562318285518318	0.9700047652485569	0.003249954865294026	0.12302637896912065	0.8737236661655852	0.003249954865294026	0.0	0.9894376817144818	reverted	reverted	reverted	reverted	reverted	persistent		0.0	0.0	0.0	0.0	0.0	0.010562318285518318
GTCATCCCAATACTAG-1	Tumor	E15S	Tumor	1	6113.050739407539	0.12587206381577945	0.8524736144762298	-0.06696964874172293	0.28939424729103747	0.014488273991040827	0.017012032019630606	0.9684996939893287	0.002356680245149296	0.10394569708217491	0.8936976226726759	0.002356680245149296	0.0	0.9829879679803695	reverted	reverted	reverted	reverted	reverted	persistent		0.0	0.0	0.0	0.0	0.0	0.017012032019630606
GTCCATAAGTCATGCA-1	Tumor	E15S	Tumor	1	7714.177094459534	-0.1505613613633924	0.9069934839025091	-0.1670357545622067	0.3627511683981031	0.014670766268518862	0.023159726194604543	0.9621695075368767	0.0013189426126790308	0.07444003906344987	0.9242410183238712	0.0013189426126790308	0.0	0.9768402738053955	reverted	reverted	reverted	reverted	reverted	reverted		0.0	0.0	0.0	0.0	0.0	0.023159726194604543
GTCCATGGTATGGCTT-1	Tumor	E15S	Tumor	1	8523.35339742899	3.1086718702210425	0.019981624305025723	0.0030450801099618716	0.20690054917240522	0.013919065656273717	0.012663912740619619	0.9734170216031066	0.9539123167893279	0.041374042774168895	0.004713640436503324	0.9539123167893279	0.0	0.0	persistent	persistent	persistent	persistent	persistent	reverted		0.9734170216031066	0.013919065656273717	0.012663912740619619	0.0	0.0	0.0
GTCCATGGTTCCGCAA-1	Tumor	E15S	Tumor	1	8661.647830605507	1.7212438642699417	0.21991768512076398	-0.13007770661275433	0.26818577734777205	0.012614198868402926	0.018897635620784198	0.9684881655108128	0.15341235946664591	0.4400982981803448	0.4064893423530093	0.15341235946664591	0.0	0.0	partial	persistent	persistent	partial	persistent	reverted		0.9684881655108128	0.012614198868402926	0.018897635620784198	0.0	0.0	0.0
GTCCATTTCGTACCAA-1	Tumor	E15S	Tumor	1	8853.654000714421	0.5961437761233453	0.7034621846812437	-0.16103206960355854	0.3443401192773614	0.014228982080210116	0.0223881769560878	0.9633828409637021	0.007206569353551111	0.17913671459579267	0.8136567160506563	0.007206569353551111	0.0	0.9776118230439123	reverted	reverted	reverted	reverted	reverted	persistent		0.0	0.0	0.0	0.0	0.0	0.022388176956087802
GTCCCAAGTTGAAGGC-1	Tumor	E15S	Tumor	1	5966.033356666565	0.9365738566330143	0.5546195393136855	0.18996338561689982	0.23508918710524399	0.02293373315893483	0.010045191767716469	0.9670210750733487	0.0176262465330504	0.2563034858351967	0.726070267631753	0.0176262465330504	0.9670210750733487	0.0	reverted	partial	partial	reverted	partial	persistent		0.0	0.0	0.0	0.02293373315893483	0.010045191767716469	0.0
GTCCCATCAAACCGTG-1	Tumor	E15S	Tumor	1	7388.468891143799	1.1272628798038884	0.4646466356574187	-0.07076235697720278	0.31000564376022915	0.015026279367459927	0.01774634022104713	0.967227380411493	0.029746896533855715	0.3064135945552268	0.6638395089109175	0.029746896533855715	0.967227380411493	0.0	reverted	partial	partial	reverted	partial	persistent		0.0	0.0	0.0	0.015026279367459927	0.01774634022104713	0.0
GTCCCTTGTGAACCTT-1	Tumor	E15S	Tumor	1	8743.98637509346	0.6218926568265178	0.6931936918237319	0.2871407681369449	0.127575993852468	0.030239974674503	0.007892725934512927	0.9618672993909839	0.007693915013520894	0.1843037436668085	0.8080023413196706	0.007693915013520894	0.961867299390984	0.0	reverted	partial	partial	reverted	partial	persistent		0.0	0.0	0.0	0.030239974674503005	0.007892725934512929	0.0
GTCCGCAAGTATCTGG-1	Tumor	E15S	Tumor	1	8697.100359469652	1.130788845369174	0.46298657942757615	0.12508982688213177	0.1963820124113773	0.01827391783305336	0.010072928426445025	0.9716531537405015	0.0300392854363943	0.3073667887485405	0.6625939258150652	0.0300392854363943	0.9716531537405017	0.0	reverted	partial	partial	reverted	partial	persistent		0.0	0.0	0.0	0.018273917833053363	0.010072928426445027	0.0
GTCCTAAAGCAAGGAT-1	Tumor	E15S	Tumor	1	8512.244118511677	0.0804559383893941	0.8629622890985484	0.15023850414416265	0.2031419112616272	0.019766301754882854	0.00987464585020105	0.970359052394916	0.0021335113927395733	0.09844442687412294	0.8994220617331377	0.0021335113927395733	0.0	0.990125354149799	reverted	reverted	reverted	reverted	reverted	persistent		0.0	0.0	0.0	0.0	0.0	0.009874645850201052
GTCCTATTCCAGCTAA-1	Tumor	E15S	Tumor Proliferating	1	8959.786579661071	-0.07241005074557225	0.8937388047335294	-0.1541749938767432	0.3811022039577989	0.015470694348877864	0.023077730564664847	0.9614515750864572	0.001544576066535625	0.08185975682567088	0.9165956671077935	0.001544576066535625	0.0	0.9769222694353351	reverted	reverted	reverted	reverted	reverted	persistent		0.0	0.0	0.0	0.0	0.0	0.02307773056466485
GTCCTGCTCAGCCCGA-1	Tumor	E15S	Tumor	1	8868.651483401656	0.3110275844862991	0.8027557465989805	-0.27633995237523584	0.4158423233235829	0.014470199076110978	0.030074627254043484	0.9554551736698456	0.0035925411931007987	0.12939216872412493	0.8670152900827743	0.0035925411931007987	0.0	0.9699253727459566	reverted	reverted	reverted	reverted	reverted	persistent		0.0	0.0	0.0	0.0	0.0	0.030074627254043484
GTCGACTAGGGTCCTG-1	Tumor	E15S	Hypoxic Tumor	1	7251.307963609695	-0.4706562922802262	0.9470224255749911	-1.0590299657223687	1.005924592588027	0.021040012640369237	0.05987632935723464	0.9190836580023962	0.0007283480000259228	0.0502958817542636	0.9489757702457104	0.0007283480000259228	0.0	0.9401236706427655	reverted	reverted	reverted	reverted	reverted	persistent		0.0	0.0	0.0	0.0	0.0	0.05987632935723464
GTCGCCAAGTTGGTAT-1	Tumor	E15S	Tumor	1	8845.656129062176	1.87237756366611	0.1747593442394827	0.28604815901215314	0.1415713664893845	0.030105098883602303	0.008012006860008126	0.9618828942563894	0.22559642640057073	0.44494802611167494	0.3294555474877543	0.22559642640057073	0.0	0.0	partial	persistent	persistent	partial	persistent	persistent		0.9618828942563895	0.030105098883602306	0.008012006860008128	0.0	0.0	0.0
GTCGGATTCCGGGTCA-1	Tumor	E15S	Tumor	1	7165.888578414917	1.2907430760122784	0.38908911498986115	-0.18805262023249295	0.27754139419205726	0.011951218596010197	0.022029023104958956	0.9660197582990309	0.046928036821381414	0.3506752897999732	0.6023966733786454	0.046928036821381414	0.9660197582990309	0.0	reverted	partial	partial	reverted	partial	persistent		0.0	0.0	0.0	0.011951218596010197	0.022029023104958956	0.0
GTCGGCTGTAAGGGCT-1	Tumor	E15S	Tumor	1	8852.233542323112	0.6809681146619329	0.6689088317274483	-0.01798601631603441	0.28680648328868763	0.01564104359246318	0.015381815976548347	0.9689771404309885	0.008953457409081876	0.19658726752093703	0.794459275069981	0.008953457409081876	0.9689771404309885	0.0	reverted	partial	partial	reverted	partial	persistent		0.0	0.0	0.0	0.01564104359246318	0.015381815976548347	0.0
GTCGGTTAGGTACGGA-1	Tumor	E15S	Tumor	1	8753.331508636475	0.18857008187039584	0.8369132746467158	0.10879667832503162	0.2512592327339444	0.01901514331067307	0.011547817831444105	0.9694370388578828	0.0027106116920375296	0.11200489526523288	0.8852844930427294	0.0027106116920375296	0.0	0.9884521821685559	reverted	reverted	reverted	reverted	reverted	persistent		0.0	0.0	0.0	0.0	0.0	0.011547817831444105
GTCGGTTAGTTAGAGA-1	Tumor	E15S	Tumor Proliferating	1	8975.922010838985	1.548907457470867	0.28092314597115076	-0.004984389508323132	0.2298474753820682	0.014317927183105834	0.013450195396568979	0.9722318774203252	0.09632733878895616	0.41338909853500677	0.4902835626760372	0.09632733878895616	0.0	0.0	reverted	persistent	persistent	reverted	persistent	persistent		0.9722318774203252	0.014317927183105834	0.013450195396568979	0.0	0.0	0.0
GTCTAAGTCGCGTTGG-1	Tumor	E15S	Tumor	1	8596.84796205163	0.2969172583618513	0.8069512731153172	-0.1318336795769696	0.3451538246832332	0.014801272787170893	0.021121710101556074	0.9640770171112731	0.0034758800855560893	0.12727322577981365	0.8692508941346304	0.0034758800855560893	0.0	0.9788782898984438	reverted	reverted	reverted	reverted	reverted	persistent		0.0	0.0	0.0	0.0	0.0	0.02112171010155607
GTCTACCCACTTCAAT-1	Tumor	E15S	Tumor Proliferating	1	9007.470237001777	0.45977851157407446	0.7543594237277425	-0.1934048675749211	0.3561780739225719	0.01402117328490219	0.0242650254568921	0.9617138012582057	0.005131120456672246	0.1536594757063866	0.8412094038369413	0.005131120456672246	0.0	0.9757349745431079	reverted	reverted	reverted	reverted	reverted	persistent		0.0	0.0	0.0	0.0	0.0	0.0242650254568921
GTCTACCCATGCTCAC-1	Tumor	E15S	Tumor Proliferating	1	8783.027760744095	0.0687110966499956	0.865570579640531	-0.15218789282123593	0.37295525118832795	0.015257586288150082	0.02276909405590043	0.9619733196559495	0.002079859937790799	0.09706631125705462	0.9008538288051545	0.002079859937790799	0.0	0.9772309059440996	reverted	reverted	reverted	reverted	reverted	persistent		0.0	0.0	0.0	0.0	0.0	0.02276909405590043
GTCTACTTCCTTGGTT-1	Tumor	E15S	Tumor	1	8983.810305535793	0.8897488047719321	0.5763971115890192	-0.5198575817501824	0.4692396764423035	0.01309810785301739	0.04855683704294223	0.9383450551040403	0.015532886565460195	0.24462176524032042	0.7398453481942194	0.015532886565460195	0.9383450551040404	0.0	reverted	partial	partial	reverted	partial	persistent		0.0	0.0	0.0	0.013098107853017392	0.04855683704294224	0.0
GTCTACTTCTCACTTA-1	Tumor	E15S	Tumor Proliferating	1	8909.818555139005	0.02824829319484601	0.8742369482011785	-0.0671319137143305	0.31981754194811385	0.015414903280382173	0.01791006261760364	0.9666750341020143	0.0019067094999070957	0.09245484008906994	0.905638450411023	0.0019067094999070957	0.0	0.9820899373823965	reverted	reverted	reverted	reverted	reverted	persistent		0.0	0.0	0.0	0.0	0.0	0.01791006261760364
GTCTACTTCTTGATGG-1	Tumor	E15S	Tumor	1	7571.843755722046	-1.022919463337101	0.9807153386137889	-0.13127312801900423	0.40775646318096614	0.016770050487816972	0.02286239841458508	0.960367551097598	0.00032245864345914216	0.025530078704231414	0.9741474626523093	0.00032245864345914216	0.0	0.977137601585415	reverted	reverted	reverted	reverted	reverted	persistent		0.0	0.0	0.0	0.0	0.0	0.02286239841458508
GTCTATGAGTTGCACA-1	Tumor	E15S	Tumor	1	8709.997390136123	0.6335699145931197	0.6884721234862747	0.04820088764743296	0.2616891494017309	0.016922751705506327	0.012995489683742383	0.9700817586107514	0.007926695734733012	0.1866844779394993	0.8053888263257677	0.007926695734733012	0.9700817586107512	0.0	reverted	partial	partial	reverted	partial	reverted		0.0	0.0	0.0	0.016922751705506323	0.01299548968374238	0.0
GTCTCACCATCGACAG-1	Tumor	E15S	Tumor	1	8118.590998470783	1.5628362691348865	0.27562729562302607	-0.5479433208682564	0.5024772863897402	0.013642583684642242	0.050062861186183395	0.9362945551291744	0.10008684262766336	0.4161684209786142	0.4837447363937224	0.10008684262766336	0.0	0.0	reverted	persistent	persistent	reverted	persistent	persistent		0.9362945551291744	0.013642583684642242	0.050062861186183395	0.0	0.0	0.0
GTCTCCATCTGGATAT-1	Tumor	E15S	Tumor Proliferating	1	8978.236041024327	1.156311266475904	0.4509970933414724	0.0943245564892515	0.1785625490143533	0.016399226492778946	0.010177294773512067	0.973423478733709	0.032245981805331045	0.3142804446252777	0.6534735735693912	0.032245981805331045	0.973423478733709	0.0	reverted	partial	partial	reverted	partial	persistent		0.0	0.0	0.0	0.016399226492778946	0.010177294773512067	0.0
GTCTCCGCAATCGCAG-1	Tumor	E15S	Tumor	1	8178.226662307978	0.38989474368721927	0.7780433490475582	-0.6523305307988155	0.69117260932314	0.017404259415859862	0.05168036196953839	0.9309153786146018	0.004331703893080756	0.14181261724343922	0.85385567886348	0.004331703893080756	0.0	0.9483196380304617	reverted	reverted	reverted	reverted	reverted	persistent		0.0	0.0	0.0	0.0	0.0	0.05168036196953839
GTCTGCCTCATGTCGA-1	Tumor	E15S	Tumor	1	7956.356069982052	2.2456187200580175	0.09458731715473147	0.12020922656597963	0.17313580760904182	0.01746320929126116	0.00969643641703353	0.9728403542917053	0.49428555917595945	0.35467949444258184	0.1510349463814586	0.49428555917595945	0.0	0.0	persistent	persistent	persistent	persistent	persistent	persistent		0.9728403542917053	0.01746320929126116	0.00969643641703353	0.0	0.0	0.0
GTCTGCCTCCTGACCC-1	Tumor	E15S	Tumor	1	8815.81860256195	0.9033250594276637	0.5701096431628577	-0.013290560145830469	0.28676170339366874	0.015769723611656346	0.015245700794382908	0.9689845755939608	0.016111261214758567	0.24797773360462383	0.7359110051806176	0.016111261214758567	0.9689845755939608	0.0	reverted	partial	partial	reverted	partial	persistent		0.0	0.0	0.0	0.015769723611656346	0.015245700794382908	0.0
GTCTGGACAAATCTAG-1	Tumor	E15S	Tumor	1	5440.125123739243	1.3355900212049918	0.3691081465646995	-0.25043919011023785	0.38067464909243265	0.013843152885889255	0.02791830023387049	0.9582385468802403	0.05320380990701879	0.36257378769820753	0.5842224023947737	0.05320380990701879	0.9582385468802403	0.0	reverted	partial	partial	reverted	partial	persistent		0.0	0.0	0.0	0.013843152885889255	0.02791830023387049	0.0
GTCTTAAGTTTCGTAA-1	Tumor	E15S	Tumor	1	8679.244998306036	-0.2070318034375915	0.9156278659844229	-0.22842804210564122	0.4277853602507321	0.015568655881434952	0.027710261702607736	0.9567210824159572	0.0011803724740627132	0.06948516764143783	0.9293344598844994	0.0011803724740627132	0.0	0.9722897382973923	reverted	reverted	reverted	reverted	reverted	persistent		0.0	0.0	0.0	0.0	0.0	0.02771026170260774
GTCTTCACAAAGGGAC-1	Tumor	E15S	Tumor	1	7812.720364749432	0.2074334216413487	0.8319802491100906	0.29598201287532583	0.17280513834244407	0.03133528504029506	0.008296457085215547	0.9603682578744894	0.002828787251761439	0.11453855009147912	0.8826326626567593	0.002828787251761439	0.0	0.9917035429147845	reverted	reverted	reverted	reverted	reverted	persistent		0.0	0.0	0.0	0.0	0.0	0.008296457085215547
GTGAAGGTCGACTAAT-1	Tumor	E15S	Tumor Proliferating	1	8939.362602472305	0.45410811667507944	0.7563431823384339	-0.028676484294514495	0.2866191247019193	0.015347460823779045	0.01569222931842782	0.9689603098577931	0.005060471538620314	0.1526681158815105	0.8422714125798691	0.005060471538620314	0.0	0.9843077706815722	reverted	reverted	reverted	reverted	reverted	persistent		0.0	0.0	0.0	0.0	0.0	0.01569222931842782
GTGAATCCAATCCGTC-1	Tumor	E15S	Tumor Proliferating	1	9056.26776856184	1.4435853987317204	0.32289559461867984	0.15400702442342287	0.1567530967124332	0.018920207110603143	0.00901473227929935	0.9720650606100976	0.07194437719858056	0.3898851174849603	0.5381705053164593	0.07194437719858056	0.9720650606100976	0.0	reverted	partial	partial	reverted	partial	persistent		0.0	0.0	0.0	0.018920207110603143	0.00901473227929935	0.0
GTGAATGGTTGCGGTC-1	Tumor	E15S	Tumor	1	8898.001890212297	1.056346364534967	0.49815148700134926	-0.12822859282605684	0.3215282527428877	0.014160820408617098	0.020299973753780048	0.9655392058376029	0.024451849645224684	0.28739518958602217	0.6881529607687532	0.024451849645224684	0.9655392058376029	0.0	reverted	partial	partial	reverted	partial	persistent		0.0	0.0	0.0	0.014160820408617098	0.020299973753780048	0.0
GTGACGTTCGTTCGGG-1	Tumor	E15S	Tumor	1	8937.383616894484	0.08100534516225402	0.8628392408723186	-0.044608398820838606	0.29694696123751074	0.015254831803194738	0.016487360268267852	0.9682578079285373	0.0021360603246676885	0.09850933569524277	0.8993546039800895	0.0021360603246676885	0.0	0.9835126397317322	reverted	reverted	reverted	reverted	reverted	persistent		0.0	0.0	0.0	0.0	0.0	0.016487360268267855
GTGAGGATCGTTCGTT-1	Tumor	E15S	Tumor	1	8362.519634723663	1.1134324827544055	0.47116533320942505	0.050973221718852525	0.2458433278303437	0.016544786204598635	0.012519528951480575	0.9709356848439207	0.02862808923860579	0.30268037171413675	0.6686915390472574	0.02862808923860579	0.9709356848439208	0.0	reverted	partial	partial	reverted	partial	reverted		0.0	0.0	0.0	0.01654478620459864	0.012519528951480577	0.0
GTGCATATCTGTGGCG-1	Tumor	E15S	Tumor	1	7012.903976857662	1.2529794777968983	0.4062112044825615	-0.2903645929942556	0.39929761887628734	0.013807078321016856	0.030662297242744	0.955530624436239	0.04222399117929948	0.3405148637416632	0.6172611450790372	0.04222399117929948	0.9555306244362392	0.0	reverted	partial	partial	reverted	partial	persistent		0.0	0.0	0.0	0.013807078321016858	0.030662297242744004	0.0
GTGCATTGTCTCCAGA-1	Tumor	E15S	Tumor	1	8891.039092242718	3.2034778742082115	0.016753701408360307	-0.2517902250128577	0.2684522027641686	0.010966209099929517	0.025887647405598926	0.9631461434944715	0.9674625365995259	0.029627009065965566	0.0029104543345086246	0.9674625365995259	0.0	0.0	persistent	persistent	persistent	persistent	persistent	persistent		0.9631461434944716	0.010966209099929519	0.02588764740559893	0.0	0.0	0.0
GTGCCCAAGGCGTCCA-1	Tumor	E15S	Tumor Proliferating	1	8833.5413544178	0.772136209073643	0.6296367869134181	-0.10724548396549136	0.2964991736415203	0.013835403781087545	0.01872110102023014	0.9674434951986822	0.011357272909281766	0.21670075226873495	0.7719419748219833	0.011357272909281766	0.9674434951986823	0.0	reverted	partial	partial	reverted	partial	persistent		0.0	0.0	0.0	0.013835403781087547	0.018721101020230144	0.0
GTGCCTAGTATAGCCT-1	Tumor	E15S	Tumor	1	8366.794221401215	-0.2151685385244053	0.9168102907555482	0.05950204927276929	0.23124026911968726	0.016425959064076158	0.011973435626032132	0.9716006053098917	0.0011618961314532731	0.06879801615329854	0.9300400877152484	0.0011618961314532731	0.0	0.9880265643739679	reverted	reverted	reverted	reverted	reverted	persistent		0.0	0.0	0.0	0.0	0.0	0.011973435626032132
GTGCGATTCGTCTATC-1	Tumor	E15S	Tumor	1	7385.201885014772	0.9523885479734078	0.5472123947669879	-0.12485947101061814	0.3055701470667562	0.013756455695917345	0.019705835473743025	0.9665377088303396	0.018399021136411158	0.2603146334353463	0.7212863454282425	0.018399021136411158	0.9665377088303396	0.0	reverted	partial	partial	reverted	partial	persistent		0.0	0.0	0.0	0.013756455695917345	0.019705835473743025	0.0
GTGCGGTCATAGGCGC-1	Tumor	E15S	Tumor	1	8897.091649532318	2.781750920024326	0.036479363120141266	-0.3349234567198261	0.27369032305401586	0.010370561891683215	0.03308970641137494	0.956539731696942	0.8611724520570084	0.11676518345611182	0.022062364486879812	0.8611724520570084	0.0	0.0	persistent	persistent	persistent	persistent	persistent	persistent		0.956539731696942	0.010370561891683215	0.03308970641137494	0.0	0.0	0.0
GTGCGGTCATTGACGG-1	Tumor	E15S	Tumor	1	8786.208996772766	1.9625040306237773	0.1514995065086657	-0.6795890647975527	0.5197853696924253	0.012945175157211317	0.0627984199509692	0.9242564048918196	0.27967144509387826	0.43697029588945463	0.2833582590166671	0.27967144509387826	0.0	0.0	partial	persistent	persistent	partial	persistent	persistent		0.9242564048918196	0.012945175157211317	0.0627984199509692	0.0	0.0	0.0
GTGCTAATCACGTACA-1	Tumor	E15S	Tumor	1	8324.21907749772	0.4354984697181182	0.7627770478200804	0.07180222025634342	0.2729881543478703	0.018135613143885773	0.012795540422180375	0.9690688464339337	0.004836100079879783	0.14945215506302473	0.8457117448570954	0.004836100079879783	0.0	0.9872044595778197	reverted	reverted	reverted	reverted	reverted	persistent		0.0	0.0	0.0	0.0	0.0	0.012795540422180379
GTGCTATGTTGTAGTC-1	Tumor	E15S	Tumor	1	8445.014460325241	-0.5909509161826046	0.9573519723605414	-0.300101382667675	0.5274681147133222	0.017400866357424525	0.03304413206618613	0.9495550015763894	0.0005960267096702158	0.04338036443721169	0.9560236088531181	0.0005960267096702158	0.0	0.9669558679338139	reverted	reverted	reverted	reverted	reverted	persistent		0.0	0.0	0.0	0.0	0.0	0.03304413206618613
GTGCTTGGTTCCAGTG-1	Tumor	E15S	Tumor	1	8606.00627565384	0.5875549967385315	0.7068427851572993	0.23661756087262129	0.19433573914593558	0.02553527805312127	0.008884949880811607	0.9655797720660672	0.007051604149476435	0.1774384892454555	0.8155099066050681	0.007051604149476435	0.0	0.9911150501191884	reverted	reverted	reverted	reverted	reverted	persistent		0.0	0.0	0.0	0.0	0.0	0.008884949880811607
GTGGACAAGTTGGGCT-1	Tumor	E15S	Tumor	1	8816.229863971472	1.6455465288351872	0.24548495335672832	0.1402786441930361	0.18909621335222826	0.01887692096082384	0.009729758713128239	0.9713933203260477	0.1253644393207312	0.43061528157387724	0.4440202791053915	0.1253644393207312	0.0	0.0	reverted	persistent	persistent	reverted	persistent	persistent		0.971393320326048	0.018876920960823843	0.00972975871312824	0.0	0.0	0.0
GTGGATTCATGGTTGG-1	Tumor	E15S	Tumor	1	7621.760980069637	0.8980243140270914	0.5725673463786906	-0.1334881116358814	0.35992106044588434	0.015221333477054797	0.021608739324801965	0.9631699271981432	0.015882766171500657	0.2466643382177758	0.7374528956107236	0.015882766171500657	0.9631699271981432	0.0	reverted	partial	partial	reverted	partial	persistent		0.0	0.0	0.0	0.015221333477054797	0.021608739324801965	0.0
GTGGCAAAGGAATGCG-1	Tumor	E15S	Tumor Proliferating	1	9013.721656538546	0.9522696607614239	0.5472681603786413	-0.5229580233612537	0.5211621843741766	0.01435367570260994	0.04732845615320047	0.9383178681441896	0.018393080274067247	0.26028436133870875	0.721322558387224	0.018393080274067247	0.9383178681441896	0.0	reverted	partial	partial	reverted	partial	persistent		0.0	0.0	0.0	0.01435367570260994	0.04732845615320047	0.0
GTGGCAGGTTAGTGTC-1	Tumor	E15S	Hypoxic Tumor	1	5596.656704187393	0.3742642982842647	0.7831113748791009	-0.04527006426420663	0.22543215442944414	0.013169383191398466	0.014514037860080957	0.9723165789485205	0.004172583712048313	0.13927216696862488	0.8565552493193269	0.004172583712048313	0.0	0.985485962139919	reverted	reverted	reverted	reverted	reverted	reverted		0.0	0.0	0.0	0.0	0.0	0.014514037860080957
GTGGCGAGTCAGCATT-1	Tumor	E15S	Tumor	1	8763.036123543978	3.0550635155405588	0.022068907533899635	-0.2523297332580979	0.27583177534271264	0.011125015293485804	0.026053546952685303	0.9628214377538289	0.9441613247331581	0.049685229105167004	0.0061534461616749025	0.9441613247331581	0.0	0.0	persistent	persistent	persistent	persistent	persistent	persistent		0.9628214377538289	0.011125015293485804	0.026053546952685303	0.0	0.0	0.0
GTGGCGAGTTGGTAGA-1	Tumor	E15S	Tumor	1	7797.342359542847	3.544270280741575	0.008859093497321021	0.09150817973991315	0.13465225203276568	0.015297471494825035	0.009449578789058501	0.9752529497161164	0.9913929166032175	0.008140212016973193	0.0004668713798092273	0.9913929166032175	0.0	0.0	persistent	persistent	persistent	persistent	persistent	persistent		0.9752529497161164	0.015297471494825035	0.009449578789058501	0.0	0.0	0.0
GTGGGATGTTCCCGAA-1	Tumor	E15S	Tumor Proliferating	1	8966.027661532164	0.2659843152117613	0.8159103207727437	0.4698646049157375	0.11286777412740656	0.07424262109500364	0.008486512414466503	0.91727086649053	0.003234835611424346	0.12273504330509219	0.8740301210834834	0.003234835611424346	0.0	0.9915134875855335	reverted	reverted	reverted	reverted	reverted	persistent		0.0	0.0	0.0	0.0	0.0	0.008486512414466501
GTGGGCAGTAAGCGAC-1	Tumor	E15S	Tumor	1	7919.082436621189	1.411905673822063	0.3361448278433249	-0.7497491944861497	0.6238877561219103	0.014777177869114224	0.06207475371940377	0.923148068411482	0.06585975579960195	0.3821309357318501	0.5520093084685479	0.06585975579960195	0.923148068411482	0.0	reverted	partial	partial	reverted	partial	reverted		0.0	0.0	0.0	0.014777177869114224	0.06207475371940377	0.0
GTGGTAAGTAAGCGAC-1	Tumor	E15S	Tumor	1	8241.59739267826	0.0002785232060256449	0.8799443073593868	-0.05873852907300477	0.33542836398954184	0.016109300397791446	0.01809051481250728	0.9658001847897013	0.0017968675669135816	0.08938788353805152	0.9088152488950347	0.0017968675669135816	0.0	0.9819094851874928	reverted	reverted	reverted	reverted	reverted	reverted		0.0	0.0	0.0	0.0	0.0	0.01809051481250728
GTGGTAAGTTAAGCAG-1	Tumor	E15S	Tumor	1	8749.567736536264	0.5014070968859531	0.7394651089363672	0.20261984419025614	0.19489763235183513	0.022891240748029357	0.009165704172617164	0.9679430550793534	0.005684569068795617	0.16110243549287398	0.8332129954383304	0.005684569068795617	0.0	0.9908342958273828	reverted	reverted	reverted	reverted	reverted	persistent		0.0	0.0	0.0	0.0	0.0	0.009165704172617164
GTGGTGAAGCGAGTCT-1	Tumor	E15S	Tumor	1	8183.168358802795	0.7254575393152607	0.6499976232322996	0.16120505409660404	0.20433810838863614	0.02042036489445889	0.009764882363681442	0.9698147527418597	0.010049558861768785	0.20622923403556573	0.7837212071026655	0.010049558861768785	0.9698147527418597	0.0	reverted	partial	partial	reverted	partial	persistent		0.0	0.0	0.0	0.02042036489445889	0.009764882363681442	0.0
GTGTCCCTCAATCTGG-1	Tumor	E15S	Tumor Proliferating	1	9055.64918924123	1.3979381069454502	0.3420708926902431	-0.08330509325576899	0.26321256422707034	0.013369683508970416	0.01685303980319796	0.9697772766878316	0.06333984034130394	0.3786354380364156	0.5580247216222805	0.06333984034130394	0.9697772766878316	0.0	reverted	partial	partial	reverted	partial	persistent		0.0	0.0	0.0	0.013369683508970416	0.01685303980319796	0.0
GTGTCCCTCCGTTACT-1	Tumor	E15S	Tumor	1	7312.443219423294	0.6444252851565216	0.6840474270894149	0.003970220031007478	0.2507574136104663	0.015174532867835948	0.013766647962892514	0.9710588191692717	0.008149993096494267	0.18891859044817713	0.8029314164553286	0.008149993096494267	0.9710588191692715	0.0	reverted	partial	partial	reverted	partial	reverted		0.0	0.0	0.0	0.015174532867835945	0.01376664796289251	0.0
GTGTGAGAGGTATATC-1	Tumor	E15S	Tumor	1	8789.834878757596	0.42600716873062855	0.7660130450699324	0.3255430392681344	0.14700402362723064	0.035451770537336946	0.008003081696378428	0.9565451477662846	0.004725947147477934	0.14783403670110862	0.8474400161514134	0.004725947147477934	0.0	0.9919969183036216	reverted	reverted	reverted	reverted	reverted	persistent		0.0	0.0	0.0	0.0	0.0	0.008003081696378428
GTGTGGCCAATTAGCA-1	Tumor	E15S	Tumor Proliferating	1	8929.282680749893	1.147212533534693	0.4552655490964576	-0.6607107632581762	0.583228802809743	0.014579863366723476	0.05664569677769567	0.9287744398555808	0.03144076054451081	0.31181322235315256	0.6567460171023366	0.03144076054451081	0.9287744398555808	0.0	reverted	partial	partial	reverted	partial	persistent		0.0	0.0	0.0	0.014579863366723476	0.05664569677769567	0.0
GTGTGGCCATCCAACC-1	Tumor	E15S	Tumor	1	8987.087361216545	0.6206022567189413	0.6937129981696435	-0.08260813599702274	0.3091339542662734	0.014731176951492758	0.018144067908005927	0.9671247551405012	0.007668652742397826	0.1840420933567911	0.8082892539008112	0.007668652742397826	0.9671247551405013	0.0	reverted	partial	partial	reverted	partial	persistent		0.0	0.0	0.0	0.01473117695149276	0.01814406790800593	0.0
GTGTGTTGTAAGCGGT-1	Tumor	E15S	Tumor	1	7118.58861553669	0.6175430929777964	0.6949421582406907	-0.3879774110401081	0.4279329701002534	0.013384761096438666	0.03772976295096321	0.948885475952598	0.007609124341961846	0.18342293691341677	0.8089679387446215	0.007609124341961846	0.9488854759525981	0.0	reverted	partial	partial	reverted	partial	persistent		0.0	0.0	0.0	0.013384761096438668	0.03772976295096322	0.0
GTGTGTTGTTAGACGA-1	Tumor	E15S	Tumor	1	8107.810648679733	0.567578108355833	0.7146178008941467	0.3759476137488236	0.17052415396311454	0.04337719295370887	0.008169763451714503	0.9484530435945767	0.006705104542277093	0.17353743821935963	0.8197574572383632	0.006705104542277093	0.0	0.9918302365482854	reverted	reverted	reverted	reverted	reverted	persistent		0.0	0.0	0.0	0.0	0.0	0.008169763451714501
GTGTTACGTAGCTATC-1	Tumor	E15S	Hypoxic Tumor	1	8421.119279146194	-0.1075789709600611	0.8998981579212942	0.03824113544245102	0.23102108216434525	0.01567386387379912	0.0124210948574014	0.9719050412687994	0.001437737159014196	0.07843730996271595	0.9201249528782698	0.001437737159014196	0.0	0.9875789051425986	reverted	reverted	reverted	reverted	reverted	persistent		0.0	0.0	0.0	0.0	0.0	0.012421094857401402
GTTAACTAGGAGCCAA-1	Tumor	E15S	Tumor	1	8817.562986917794	1.8480583734524265	0.18149888152355476	-0.3183481911645711	0.38056754389657954	0.012948665518635948	0.032302994064446054	0.9547483404169179	0.21243268358607442	0.4456236299348011	0.34194368647912454	0.21243268358607442	0.0	0.0	partial	persistent	persistent	partial	persistent	persistent		0.954748340416918	0.01294866551863595	0.03230299406444606	0.0	0.0	0.0
GTTAACTAGTTAGATC-1	Tumor	E15S	Tumor	1	8958.319842636585	1.251683859406987	0.40680296527883086	0.12892899458812024	0.16774024416098932	0.017777173297312546	0.009486217113457898	0.9727366095892296	0.0420713377791515	0.34016468777983705	0.6177639744410115	0.0420713377791515	0.9727366095892296	0.0	reverted	partial	partial	reverted	partial	persistent		0.0	0.0	0.0	0.017777173297312546	0.009486217113457898	0.0
GTTAATGCAAGCTCAG-1	Tumor	E15S	Tumor	1	8814.107097566128	1.1440592895865607	0.4567463865534631	-0.08700117675630731	0.2732238228545135	0.0135762265005879	0.017272483135477627	0.9691512903639344	0.03116655538718707	0.3109587771711056	0.6578746674417074	0.03116655538718707	0.9691512903639344	0.0	reverted	partial	partial	reverted	partial	persistent		0.0	0.0	0.0	0.0135762265005879	0.017272483135477627	0.0
GTTACCTTCTGGCTAA-1	Tumor	E15S	Tumor	1	8907.38749858737	0.8876255381843813	0.5773782647122062	0.14899167248886883	0.2021243227928836	0.019671870157436697	0.009870303223121319	0.970457826619442	0.015444442215676682	0.24409926333933818	0.7404562944449851	0.015444442215676682	0.970457826619442	0.0	reverted	partial	partial	reverted	partial	persistent		0.0	0.0	0.0	0.019671870157436697	0.009870303223121319	0.0
GTTAGAGGTAGGTTAG-1	Tumor	E15S	Tumor	1	6816.29262650013	0.0233184671083164	0.8752594920589919	-0.05708939061629841	0.3403606076515366	0.016307367631679868	0.01818342352159339	0.9655092088467269	0.0018867887757272172	0.09190720447855119	0.9062060067457215	0.0018867887757272172	0.0	0.9818165764784067	reverted	reverted	reverted	reverted	reverted	reverted		0.0	0.0	0.0	0.0	0.0	0.01818342352159339
GTTAGCCAGGCATCCG-1	Tumor	E15S	Tumor Proliferating	1	8960.81054212898	1.18173137716796	0.43911194115131547	0.10468857344401611	0.19280889027736545	0.017215178727927417	0.01030007841938989	0.9724847428526826	0.03460974948089171	0.3211830543572387	0.6442071961618697	0.03460974948089171	0.9724847428526827	0.0	reverted	partial	partial	reverted	partial	persistent		0.0	0.0	0.0	0.01721517872792742	0.010300078419389892	0.0
GTTAGCCAGGCTTACA-1	Tumor	E15S	Tumor	1	7097.209292411804	-0.6408459136475528	0.9610463027371351	0.28721688120984473	0.18673750592150865	0.03036422638723005	0.008492927711134753	0.9611428459016352	0.0005505068586728647	0.04079843743537392	0.9586510557059533	0.0005505068586728647	0.0	0.9915070722888653	reverted	reverted	reverted	reverted	reverted	persistent		0.0	0.0	0.0	0.0	0.0	0.008492927711134753
GTTAGCTGTCCCGATA-1	Tumor	E15S	Tumor	1	8597.662375688553	1.3004360545828202	0.3847362567263016	-0.10676244629999551	0.2932764066514456	0.013751274196784796	0.018609883574503633	0.9676388422287115	0.04821838378881336	0.3532651713559766	0.5985164448552099	0.04821838378881336	0.9676388422287115	0.0	reverted	partial	partial	reverted	partial	persistent		0.0	0.0	0.0	0.013751274196784796	0.018609883574503633	0.0
GTTAGGGAGGCTATAT-1	Tumor	E15S	Tumor	1	8683.085617423058	1.3640859128662033	0.3566367283736312	-0.054325759222754955	0.25863216814710915	0.01387861338328006	0.015706707125673156	0.9704146794910468	0.057619830750788976	0.36999789489904716	0.5723822743501639	0.057619830750788976	0.9704146794910468	0.0	reverted	partial	partial	reverted	partial	persistent		0.0	0.0	0.0	0.01387861338328006	0.015706707125673156	0.0
GTTAGGGAGTAGCCCG-1	Tumor	E15S	Hypoxic Tumor	1	7195.98438000679	-0.450139720085918	0.9450395573110212	-1.0615729599121657	0.9887239403151844	0.020643433141979504	0.06071964961670115	0.9186369172413192	0.0007546298455999038	0.05158016703327794	0.9476652031211221	0.0007546298455999038	0.0	0.9392803503832988	reverted	reverted	reverted	reverted	reverted	persistent		0.0	0.0	0.0	0.0	0.0	0.060719649616701156
GTTATCAGTTAGCTGT-1	Tumor	E15S	Tumor	1	8997.780280202627	2.08143231551646	0.12476749332793508	0.013035990117184829	0.1812898785160306	0.013555581191977153	0.01182506918530264	0.9746193496227203	0.36303583641826026	0.41258342751542737	0.22438073606631254	0.36303583641826026	0.0	0.0	partial	persistent	persistent	partial	persistent	persistent		0.9746193496227201	0.01355558119197715	0.011825069185302637	0.0	0.0	0.0
GTTATCAGTTGCTTCC-1	Tumor	E15S	Tumor	1	8643.615270391107	0.5081044810802284	0.7370149792989356	-0.10005443937073119	0.31278601200583833	0.014465421931731122	0.018906414585595707	0.9666281634826732	0.005779633225986716	0.16232716297800245	0.8318932037960108	0.005779633225986716	0.0	0.9810935854144044	reverted	reverted	reverted	reverted	reverted	persistent		0.0	0.0	0.0	0.0	0.0	0.018906414585595707
GTTATCCTCACATAGT-1	Tumor	E15S	Tumor Proliferating	1	8732.380543768406	3.217469020980221	0.016322913838384627	0.11416566305682557	0.13242507219590335	0.016291080444618133	0.009106992375601737	0.9746019271797802	0.9691194468379944	0.02817295826159498	0.002707594900410603	0.9691194468379944	0.0	0.0	persistent	persistent	persistent	persistent	persistent	persistent		0.9746019271797802	0.016291080444618133	0.009106992375601737	0.0	0.0	0.0
GTTATCCTCGATTACG-1	Tumor	E15S	Tumor	1	7790.3892114162445	1.0091303238875622	0.5204867880222158	-0.022869790954123507	0.2717656374225776	0.015050268851328007	0.015094212465775863	0.9698555186828963	0.021478499013698377	0.27495417251629384	0.7035673284700079	0.021478499013698377	0.9698555186828961	0.0	reverted	partial	partial	reverted	partial	reverted		0.0	0.0	0.0	0.015050268851328003	0.01509421246577586	0.0
GTTCAATAGGTAGTGG-1	Tumor	E15S	Tumor	1	8749.511181473732	2.029327860511468	0.13594383299873983	-0.0065157635248049295	0.2023364224502768	0.01353445069444762	0.012802519016284392	0.973663030289268	0.3249575113503249	0.42522425279700676	0.24981823585266835	0.3249575113503249	0.0	0.0	partial	persistent	persistent	partial	persistent	persistent		0.973663030289268	0.01353445069444762	0.012802519016284392	0.0	0.0	0.0
GTTCATTCATCCAATT-1	Tumor	E15S	Tumor	1	7871.471182107925	0.17169530249350132	0.8412268431107033	-0.8277705221397597	0.7965806384867997	0.018284382945564424	0.05801103422389011	0.9237045828305455	0.0026096713821865836	0.10978154050425105	0.8876087881135623	0.0026096713821865836	0.0	0.9419889657761099	reverted	reverted	reverted	reverted	reverted	reverted		0.0	0.0	0.0	0.0	0.0	0.05801103422389011
GTTCCACCACTTGATT-1	Tumor	E15S	Tumor	1	8091.936809629202	2.5006011496673386	0.06056349324268455	-0.1662052671676765	0.2698584376369556	0.012072819621109112	0.020671667880376523	0.9672555124985144	0.6980831075539012	0.23402566004651099	0.06789123239958779	0.6980831075539012	0.0	0.0	persistent	persistent	persistent	persistent	persistent	persistent		0.9672555124985144	0.012072819621109112	0.020671667880376523	0.0	0.0	0.0
GTTCTCACAGGTAGCC-1	Tumor	E15S	Tumor	1	8525.758911147714	2.169768165297351	0.10762141498480489	0.26150192680604617	0.13156515729121063	0.027236188151916196	0.007985572386892332	0.9647782394611917	0.43206808870351365	0.384543693192184	0.1833882181043024	0.43206808870351365	0.0	0.0	persistent	persistent	persistent	persistent	persistent	persistent		0.9647782394611915	0.02723618815191619	0.00798557238689233	0.0	0.0	0.0
GTTGCAATCGCGTTAA-1	Tumor	E15S	Tumor Proliferating	1	8871.865930065513	0.24267562923575597	0.8224460392533239	-0.33133633404967155	0.4384244126009181	0.01435150340625964	0.03376241937404276	0.9518860772196976	0.00306571495659313	0.11941112213349775	0.8775231629099091	0.00306571495659313	0.0	0.9662375806259573	reverted	reverted	reverted	reverted	reverted	persistent		0.0	0.0	0.0	0.0	0.0	0.03376241937404276
GTTGCATGTAGCTCGC-1	Tumor	E15S	Tumor	1	8315.193385601044	0.28926035287030677	0.8091993821117438	0.3276767159199824	0.15747009490718558	0.03564504757456161	0.008083524739625245	0.9562714276858133	0.0034143716627640626	0.12613625269578613	0.8704493756414498	0.0034143716627640626	0.0	0.9919164752603747	reverted	reverted	reverted	reverted	reverted	persistent		0.0	0.0	0.0	0.0	0.0	0.008083524739625243
GTTGCCCTCGTGAGAG-1	Tumor	E15S	Tumor	1	8088.6881539821625	0.18503898810167094	0.8378236388298055	0.07750156765229413	0.17928451142302004	0.015717922753569494	0.01046892803053337	0.973813149215897	0.0026891241541790118	0.11153629533189255	0.8857745805139284	0.0026891241541790118	0.0	0.9895310719694667	reverted	reverted	reverted	reverted	reverted	persistent		0.0	0.0	0.0	0.0	0.0	0.010468928030533372
GTTGCCTCACCTCGAT-1	Tumor	E15S	Tumor	1	8938.68080881238	0.8874371089186599	0.5774653077645073	-0.04189746056265814	0.2796000843667672	0.014794717580435423	0.01589807133163098	0.9693072110879335	0.015436619096671718	0.24405292498759845	0.7405104559157298	0.015436619096671718	0.9693072110879336	0.0	reverted	partial	partial	reverted	partial	persistent		0.0	0.0	0.0	0.014794717580435424	0.015898071331630983	0.0
GTTGCTGGTAACGCGG-1	Tumor	E15S	Tumor	1	8437.378878235817	0.303429571419134	0.8050234103076441	-0.06197869077786791	0.31329102328346226	0.015334535677960852	0.017540685235464412	0.9671247790865749	0.003529181769456316	0.12824734826643044	0.8682234699641131	0.003529181769456316	0.0	0.9824593147645355	reverted	reverted	reverted	reverted	reverted	reverted		0.0	0.0	0.0	0.0	0.0	0.01754068523546441
GTTGCTGGTTTGGGTT-1	Tumor	E15S	Tumor	1	8840.968918174505	0.8838663735974496	0.579113858821902	-0.34499944127606375	0.4016219437665393	0.013186586211029446	0.03441312044709981	0.9524002933418708	0.015289163731556971	0.2431757736279812	0.7415350626404618	0.015289163731556971	0.9524002933418708	0.0	reverted	partial	partial	reverted	partial	persistent		0.0	0.0	0.0	0.013186586211029446	0.03441312044709981	0.0
GTTGGTTGTGAGGTTA-1	Tumor	E15S	Tumor	1	8924.802832365036	4.027288103544846	0.0035691992272017903	-0.07780429092853114	0.1731571710287017	0.011231696085799648	0.014356400727945551	0.9744119031862549	0.9989056076897913	0.0010662852920061525	2.810701820252073e-05	0.9989056076897913	0.0	0.0	persistent	persistent	persistent	persistent	persistent	persistent		0.9744119031862547	0.011231696085799646	0.014356400727945548	0.0	0.0	0.0
GTTGTGATCACTCCTG-1	Tumor	E15S	Tumor Proliferating	1	8971.414815820754	-0.18217102449442726	0.9119200668748269	-0.215430471860536	0.41954067382574917	0.015538836906644423	0.026882482942438786	0.9575786801509168	0.0012390853438496725	0.0716260263538806	0.9271348883022698	0.0012390853438496725	0.0	0.9731175170575612	reverted	reverted	reverted	reverted	reverted	persistent		0.0	0.0	0.0	0.0	0.0	0.026882482942438786
TAAACCACACAGGGTC-1	Tumor	E15S	Tumor Proliferating	1	8990.992476582527	0.2726918476104452	0.8139953595975414	-0.32909137100154945	0.44458282858089765	0.0145536720897347	0.03367845749783793	0.9517678704124273	0.003285450400300034	0.12370672767375597	0.873007821925944	0.003285450400300034	0.0	0.9663215425021621	reverted	reverted	reverted	reverted	reverted	persistent		0.0	0.0	0.0	0.0	0.0	0.03367845749783794
TAAACGAAGGGCTCTG-1	Tumor	E15S	Tumor Proliferating	1	9032.79819355905	0.0487043747244457	0.8699170320159764	0.04824915984464664	0.2749168173040232	0.01733062375040249	0.013351846598259616	0.9693175296513379	0.0019920469727265117	0.09476000614816701	0.9032479468791065	0.0019920469727265117	0.0	0.9866481534017404	reverted	reverted	reverted	reverted	reverted	persistent		0.0	0.0	0.0	0.0	0.0	0.013351846598259616
TAAACGAAGTTGCAGC-1	Tumor	E15S	Tumor	1	8612.028109550476	1.4148670805250925	0.3348949044166831	-0.1709614268436031	0.29779590942994394	0.01273732781119718	0.021633267276621133	0.9656294049121817	0.06640653247050668	0.3828663551426026	0.5507271123868908	0.06640653247050668	0.9656294049121817	0.0	reverted	partial	partial	reverted	partial	persistent		0.0	0.0	0.0	0.01273732781119718	0.021633267276621133	0.0
TAACACTAGGGTTAGG-1	Tumor	E15S	Tumor	1	8576.313023269176	0.7180346538182758	0.653187834243877	0.15042741036461732	0.19804305664734112	0.019650818974782963	0.009773497259671353	0.9705756837655457	0.009857018140433679	0.20459736228206418	0.7855456195775021	0.009857018140433679	0.9705756837655457	0.0	reverted	partial	partial	reverted	partial	persistent		0.0	0.0	0.0	0.019650818974782963	0.009773497259671353	0.0
TAACACTAGTTAGACT-1	Tumor	E15S	Tumor	1	8897.384882360697	0.9101007367434404	0.5669630609712429	0.11849165795654798	0.19814218595791008	0.017996312587980998	0.010202327476303775	0.9718013599357151	0.016408420585872215	0.24966226304048572	0.7339293163736421	0.016408420585872215	0.9718013599357153	0.0	reverted	partial	partial	reverted	partial	persistent		0.0	0.0	0.0	0.017996312587981	0.010202327476303777	0.0
TAACAGCCATGGTTCC-1	Tumor	E15S	Tumor Proliferating	1	9038.678106822073	0.39722861203555015	0.7756364196985457	-0.15058454083995534	0.34761888879182745	0.014517280409051302	0.022002850332843712	0.9634798692581049	0.00440869661953463	0.14301824490244064	0.8525730584780248	0.00440869661953463	0.0	0.9779971496671563	reverted	reverted	reverted	reverted	reverted	persistent		0.0	0.0	0.0	0.0	0.0	0.022002850332843715
TAACCGATCCCATGCC-1	Tumor	E15S	Tumor	1	8724.884897500277	0.9732880140754441	0.5373920575815144	0.09775278163776327	0.20806843285141627	0.017308201830891327	0.01073226206975465	0.9719595360993541	0.019475458363084997	0.26566321044812446	0.7148613311887905	0.019475458363084997	0.9719595360993539	0.0	reverted	partial	partial	reverted	partial	persistent		0.0	0.0	0.0	0.017308201830891323	0.010732262069754648	0.0
TAACGAAAGTGACCGT-1	Tumor	E15S	Tumor	1	8901.6702465415	1.3274270026600026	0.3727140619653481	0.15881415689285644	0.1528961374279981	0.01912909671912718	0.008906419994459557	0.9719644832864134	0.05200205657637254	0.3604254851246387	0.5875724582989887	0.05200205657637254	0.9719644832864132	0.0	reverted	partial	partial	reverted	partial	persistent		0.0	0.0	0.0	0.019129096719127176	0.008906419994459555	0.0
TAACGGTCAATATACG-1	Tumor	E15S	Tumor	1	6716.564570188522	0.40044291432321505	0.7745756759801654	-0.29084127604085214	0.3518104220160701	0.012530460406372361	0.030000526934403905	0.9574690126592238	0.0044429226200019736	0.14354940671724856	0.8520076706627494	0.0044429226200019736	0.0	0.9699994730655962	reverted	reverted	reverted	reverted	reverted	persistent		0.0	0.0	0.0	0.0	0.0	0.030000526934403905
TAACTCCTCTATCTCA-1	Tumor	E15S	Hypoxic Tumor	1	5040.565930366516	0.38040760670734036	0.7811295031521576	0.02418395016792952	0.3168281057401857	0.017850373025791323	0.015117127947435261	0.9670324990267734	0.004234329027597529	0.14026594541455412	0.8554997255578484	0.004234329027597529	0.0	0.9848828720525648	reverted	reverted	reverted	reverted	reverted	persistent		0.0	0.0	0.0	0.0	0.0	0.015117127947435263
TAACTGACATCATACT-1	Tumor	E15S	Tumor	1	8804.163288980722	0.10599999770775946	0.8571424391051523	-0.19461701671297518	0.38108487695818427	0.014735945990587446	0.02494524813190807	0.9603188058775045	0.0022558548977891133	0.1015045614063445	0.8962395836958665	0.0022558548977891133	0.0	0.975054751868092	reverted	reverted	reverted	reverted	reverted	persistent		0.0	0.0	0.0	0.0	0.0	0.02494524813190807
TAACTGACATGGATGT-1	Tumor	E15S	Tumor	1	8642.659305095673	0.6343851025472655	0.6881410283737894	0.3302797626546501	0.13250812445361243	0.03638788865162995	0.007903995842927045	0.9557081155054432	0.007943230623715969	0.18685154892745695	0.8052052204488273	0.007943230623715969	0.955708115505443	0.0	reverted	partial	partial	reverted	partial	persistent		0.0	0.0	0.0	0.036387888651629945	0.007903995842927043	0.0
TAAGCACCAACATCAA-1	Tumor	E15S	Tumor	1	8409.155894756317	0.020718205457404774	0.8757959608664236	0.11618012349455775	0.21124472360480193	0.01823005415408935	0.010510176041999436	0.9712597698039112	0.001876379899804346	0.0916195770746001	0.9065040430255956	0.001876379899804346	0.0	0.9894898239580006	reverted	reverted	reverted	reverted	reverted	persistent		0.0	0.0	0.0	0.0	0.0	0.010510176041999436
TAAGCGCTCCAGGGAA-1	Tumor	E15S	Tumor	1	8473.915925502777	1.660533001111066	0.24026791554303373	-1.1154975157467155	0.7943425671848103	0.01584762623833502	0.07777699004163709	0.9063753837200279	0.13052417885733208	0.4328050529892722	0.4366707681533958	0.13052417885733208	0.0	0.0	reverted	persistent	persistent	reverted	persistent	persistent		0.9063753837200279	0.01584762623833502	0.07777699004163709	0.0	0.0	0.0
TAAGCGCTCCGGAACT-1	Tumor	E15S	Tumor	1	5862.469692230225	0.3804740690550149	0.7811079908547496	-0.7881095655329272	0.683232451687826	0.01587560785191489	0.06136530574364869	0.9227590864044364	0.0042350026043078675	0.14027673004215244	0.8554882673535397	0.0042350026043078675	0.0	0.9386346942563513	reverted	reverted	reverted	reverted	reverted	reverted		0.0	0.0	0.0	0.0	0.0	0.06136530574364869
TAAGCGGAGTAGTGAA-1	Tumor	E15S	Tumor Proliferating	1	8994.016849659383	1.8034657874701985	0.1943788150840062	0.07454327299445965	0.17282642873497195	0.015443034048772739	0.010391733348533489	0.9741652326026937	0.1898648236262592	0.445340443954729	0.3647947324190118	0.1898648236262592	0.0	0.0	partial	persistent	persistent	partial	persistent	persistent		0.9741652326026937	0.015443034048772739	0.010391733348533489	0.0	0.0	0.0
TAAGGATGTGCGGCTT-1	Tumor	E15S	Tumor	1	8264.72174191475	1.524456371038496	0.29036799036188227	0.2635303792370745	0.13377688363163406	0.027470205325354123	0.007999869425857443	0.9645299252487883	0.09004756966129135	0.40830295349906875	0.5016494768396398	0.09004756966129135	0.0	0.0	reverted	persistent	persistent	reverted	persistent	persistent		0.9645299252487884	0.027470205325354127	0.007999869425857445	0.0	0.0	0.0
TAAGGATGTTTCGATA-1	Tumor	E15S	Tumor	1	8259.286280095577	3.5299079897677395	0.009101054553942155	0.23675145213589135	0.12504719907031028	0.024658440586616433	0.008013344397363812	0.9673282150160198	0.9908765494443728	0.008617764777082126	0.0005056857785450835	0.9908765494443728	0.0	0.0	persistent	persistent	persistent	persistent	persistent	persistent		0.9673282150160196	0.024658440586616426	0.00801334439736381	0.0	0.0	0.0
TAAGGCTCAACTAGCG-1	Tumor	E15S	Tumor Proliferating	1	8950.703003168106	0.3200226732063496	0.8000454736252061	-0.13641332042303797	0.34555491434574875	0.014724031029616617	0.021327091474796476	0.9639488774955869	0.003669217757083498	0.13075909618856207	0.8655716860543545	0.003669217757083498	0.0	0.9786729085252035	reverted	reverted	reverted	reverted	reverted	persistent		0.0	0.0	0.0	0.0	0.0	0.021327091474796476
TAAGGGGTCGTGAGGA-1	Tumor	E15S	Tumor	1	8980.625494927168	1.6827397720369082	0.2326778176896536	-0.12896486663280685	0.26940989714122804	0.012666584801914798	0.018881339617247285	0.9684520755808379	0.13851973228734923	0.43577666710316215	0.42570360060948864	0.13851973228734923	0.0	0.0	partial	persistent	persistent	partial	persistent	persistent		0.9684520755808379	0.012666584801914798	0.018881339617247285	0.0	0.0	0.0
TAATAGCTCCTTCACG-1	Tumor	E15S	Tumor	1	8719.963490143418	1.6058947616667272	0.2596530247930904	-0.2632126191822849	0.3422443666745676	0.01262146520515441	0.027977151659642544	0.9594013831352032	0.1125922460103738	0.42415878785867583	0.46324896613095035	0.1125922460103738	0.0	0.0	reverted	persistent	persistent	reverted	persistent	persistent		0.959401383135203	0.012621465205154406	0.027977151659642537	0.0	0.0	0.0
TAATCAGCATTCAGGG-1	Tumor	E15S	Tumor	1	8938.382230624557	1.8441375758751386	0.18260417876007282	-0.038264010004952165	0.24039819835021511	0.01374537599853471	0.014690916608324363	0.9715637073931409	0.21036724054406988	0.44567655307444326	0.3439562063814867	0.21036724054406988	0.0	0.0	partial	persistent	persistent	partial	persistent	persistent		0.9715637073931409	0.01374537599853471	0.014690916608324363	0.0	0.0	0.0
TAATCCCTCGCGCTGA-1	Tumor	E15S	Hypoxic Tumor	1	7244.2621421813965	-0.9781817197967925	0.9790465701233064	0.040173904226867736	0.3198727508297775	0.018478425397119	0.014813095151854902	0.9667084794510261	0.00034097550067298574	0.02696596401557709	0.9726930604837499	0.00034097550067298574	0.0	0.9851869048481451	reverted	reverted	reverted	reverted	reverted	persistent		0.0	0.0	0.0	0.0	0.0	0.014813095151854902
TAATGGGGTTAATCCA-1	Tumor	E15S	Tumor	1	8424.66559267044	0.5740067224965768	0.7121293215924699	0.019541227471558148	0.28969499617754785	0.016837088163294173	0.014449062232231151	0.9687138496044746	0.00681452693615379	0.17478534657828687	0.8184001264855593	0.00681452693615379	0.0	0.9855509377677688	reverted	reverted	reverted	reverted	reverted	persistent		0.0	0.0	0.0	0.0	0.0	0.014449062232231151
TACAACTAGCTTAACG-1	Tumor	E15S	Tumor	1	5416.871372818947	2.325888776879242	0.08235050886139975	0.1508534874132652	0.1756648776983987	0.019146904247813335	0.009360009407901451	0.971493086344285	0.5609456907758539	0.31871791158827617	0.12033639763587008	0.5609456907758539	0.0	0.0	persistent	persistent	persistent	persistent	persistent	persistent		0.9714930863442852	0.01914690424781334	0.009360009407901453	0.0	0.0	0.0
TACACAACAAACCCAG-1	Tumor	E15S	Tumor	1	8068.878915429115	0.9520106896354464	0.5473896300848162	-0.25346396592218773	0.31519558132919445	0.012049666014610785	0.02684080577159647	0.9611095282137926	0.01838014633796409	0.2602184259779753	0.7214014276840606	0.01838014633796409	0.9611095282137927	0.0	reverted	partial	partial	reverted	partial	persistent		0.0	0.0	0.0	0.012049666014610787	0.026840805771596473	0.0
TACACCGGTATGTGTC-1	Tumor	E15S	Tumor	1	8249.577531635761	1.888206925554667	0.17047952597990912	0.17656520822602087	0.16676593020169053	0.020527888328584265	0.008946546310671375	0.9705255653607443	0.23449183556818345	0.4441802679914704	0.3213278964403461	0.23449183556818345	0.0	0.0	partial	persistent	persistent	partial	persistent	persistent		0.9705255653607444	0.02052788832858427	0.008946546310671377	0.0	0.0	0.0
TACACCGGTTAATCGC-1	Tumor	E15S	Tumor Proliferating	1	8977.37424531579	0.2118283266956348	0.8308139577122545	-0.11934904458074302	0.35347546549193565	0.01530889543870984	0.020846328555889426	0.9638447760054007	0.002857160997903789	0.1151362526271372	0.882006586374959	0.002857160997903789	0.0	0.9791536714441106	reverted	reverted	reverted	reverted	reverted	persistent		0.0	0.0	0.0	0.0	0.0	0.020846328555889426
TACACCTTCTGGCTAA-1	Tumor	E15S	Tumor	1	9006.570146389306	1.2178451973811135	0.4223494798484431	-0.3061072241382948	0.36554834457346447	0.012703442383199424	0.03126020229461748	0.9560363553221831	0.038276592867766975	0.3309948912535316	0.6307285158787014	0.038276592867766975	0.9560363553221831	0.0	reverted	partial	partial	reverted	partial	persistent		0.0	0.0	0.0	0.012703442383199424	0.03126020229461748	0.0
TACACTTCAATAGGAG-1	Tumor	E15S	Tumor	1	8546.777927339077	1.5765996258184727	0.27045553861650806	0.25237893853772203	0.1254165016283345	0.02622403219312948	0.007958315347423564	0.9658176524594472	0.10393627146313117	0.41882469549221724	0.47723903304465165	0.10393627146313117	0.0	0.0	reverted	persistent	persistent	reverted	persistent	persistent		0.965817652459447	0.026224032193129472	0.007958315347423563	0.0	0.0	0.0
TACAGCCAGCCCGTAG-1	Tumor	E15S	Tumor	1	8291.868497133255	0.9294493422608421	0.5579487453751605	0.32788517084623336	0.12090960614209048	0.0361725437188296	0.007835101216894569	0.9559923550642758	0.017289379202345908	0.2545070082724565	0.7282036125251976	0.017289379202345908	0.9559923550642758	0.0	reverted	partial	partial	reverted	partial	persistent		0.0	0.0	0.0	0.0361725437188296	0.007835101216894569	0.0
TACAGCCAGTAAGGAC-1	Tumor	E15S	Tumor	1	8387.172557234764	0.17022271959841662	0.8415988424957714	0.04385321229607527	0.2618351198759877	0.01677605856931408	0.01309640021149443	0.9701275412191915	0.002601069519842714	0.10958943651666378	0.8878094939634936	0.002601069519842714	0.0	0.9869035997885056	reverted	reverted	reverted	reverted	reverted	persistent		0.0	0.0	0.0	0.0	0.0	0.01309640021149443
TACAGCGCATTACCGC-1	Tumor	E15S	Tumor	1	7638.993447899818	0.3468404955748495	0.7917997861070819	0.0005265606554917049	0.30456415819820604	0.016725986700056674	0.015378051508993731	0.9678959617909496	0.003908998327808455	0.13490973562591435	0.8611812660462772	0.003908998327808455	0.0	0.9846219484910063	reverted	reverted	reverted	reverted	reverted	persistent		0.0	0.0	0.0	0.0	0.0	0.015378051508993731
TACAGGGAGATAGAGC-1	Tumor	E15S	Tumor	1	8892.305980168283	1.7121874944315916	0.22287311089671905	0.007455801360537938	0.2017283589603792	0.01390957920848367	0.01242866970363544	0.9736617510878809	0.14978919129353044	0.4391811075059481	0.41102970120052146	0.14978919129353044	0.0	0.0	partial	persistent	persistent	partial	persistent	persistent		0.9736617510878809	0.01390957920848367	0.01242866970363544	0.0	0.0	0.0
TACAGTTAGGGTGATG-1	Tumor	E15S	Tumor	1	8820.23609828949	1.7304303531981564	0.2169486563006395	0.15039254939751515	0.19249374073192388	0.01951402727241282	0.009668751221687649	0.9708172215058996	0.15716482595020256	0.440963680152852	0.40187149389694554	0.15716482595020256	0.0	0.0	partial	persistent	persistent	partial	persistent	persistent		0.9708172215058996	0.01951402727241282	0.009668751221687649	0.0	0.0	0.0
TACATAGCAAGTGTGT-1	Tumor	E15S	Tumor	1	9006.011908352375	1.390483314083989	0.3452541967925222	0.09276839756652888	0.19344399219548344	0.016707118541633426	0.010502369005006194	0.9727905124533602	0.06203395105123449	0.37675254290129867	0.5612135060474669	0.06203395105123449	0.9727905124533603	0.0	reverted	partial	partial	reverted	partial	persistent		0.0	0.0	0.0	0.01670711854163343	0.010502369005006196	0.0
TACATCAGTTGCAGGG-1	Tumor	E15S	Tumor	1	8700.68876504898	0.5793402637439271	0.7100549575923903	0.16466897107936168	0.21857379640150296	0.020975622073018806	0.010004589641890374	0.9690197882850908	0.006906797651003247	0.17582605391835396	0.817267148430643	0.006906797651003247	0.0	0.9899954103581097	reverted	reverted	reverted	reverted	reverted	persistent		0.0	0.0	0.0	0.0	0.0	0.010004589641890374
TACATCAGTTTAGCGT-1	Tumor	E15S	Tumor	1	8467.228227317333	0.5701083034647006	0.7136399197403815	-0.08817424665129095	0.24694460279214364	0.012822780882122638	0.016588031373986283	0.970589187743891	0.006747939536990324	0.17402774966025122	0.8192243108027585	0.006747939536990324	0.0	0.9834119686260138	reverted	reverted	reverted	reverted	reverted	reverted		0.0	0.0	0.0	0.0	0.0	0.016588031373986286
TACATCCTCCACCTTG-1	Tumor	E15S	Tumor	1	8910.822007715702	3.6595837874428776	0.007134037969328039	-0.04667108190268234	0.18608461771097348	0.012149237022888082	0.013584393354168039	0.9742663696229439	0.9946439118482845	0.005112170112664634	0.00024391803905097635	0.9946439118482845	0.0	0.0	persistent	persistent	persistent	persistent	persistent	persistent		0.9742663696229439	0.012149237022888082	0.013584393354168039	0.0	0.0	0.0
TACCACAAGCATCGCG-1	Tumor	E15S	Tumor	1	6280.136979341507	1.5649718547969569	0.2748208178377854	0.15574997596978485	0.17111904816136728	0.019329017795057822	0.009227988804527899	0.9714429934004142	0.10067527451841035	0.41658656603232797	0.4827381594492617	0.10067527451841035	0.0	0.0	reverted	persistent	persistent	reverted	persistent	persistent		0.9714429934004143	0.019329017795057826	0.0092279888045279	0.0	0.0	0.0
TACCACGGTTAAGGAT-1	Tumor	E15S	Tumor Proliferating	1	9055.019854739308	1.121792221349216	0.4672238087287063	0.06909462081606291	0.2254593387276434	0.016620115727989507	0.011642756722786708	0.9717371275492238	0.02929904565437593	0.30493579216394506	0.665765162181679	0.02929904565437593	0.9717371275492238	0.0	reverted	partial	partial	reverted	partial	persistent		0.0	0.0	0.0	0.016620115727989507	0.011642756722786708	0.0
TACCAGGCATAGACCG-1	Tumor	E15S	Tumor	1	7981.371538043022	1.6059880294296738	0.259619083583946	-0.4257626668830255	0.39086438798938006	0.012103288900633618	0.04128782724887947	0.9466088838504869	0.11262083745943004	0.4241750389103105	0.4632041236302595	0.11262083745943004	0.0	0.0	reverted	persistent	persistent	reverted	persistent	reverted		0.9466088838504869	0.012103288900633618	0.04128782724887947	0.0	0.0	0.0
TACCATAGTTATCATG-1	Tumor	E15S	Tumor Proliferating	1	9121.719366312027	-0.13394299150437905	0.9043053432764749	-0.37776482012269375	0.4941780514470005	0.015306300986965303	0.03709468397230296	0.9475990150407317	0.0013634181080340313	0.07596179548598074	0.9226747864059852	0.0013634181080340313	0.0	0.962905316027697	reverted	reverted	reverted	reverted	reverted	persistent		0.0	0.0	0.0	0.0	0.0	0.03709468397230296
TACCATGAGCCACAGT-1	Tumor	E15S	Tumor	1	8033.832298994064	0.5943113633988635	0.7041853253185796	-0.5289751640801068	0.6077172518397798	0.016574647328044433	0.045972501563306664	0.9374528511086488	0.007173197297729964	0.1787733375154691	0.8140534651868011	0.007173197297729964	0.0	0.9540274984366933	reverted	reverted	reverted	reverted	reverted	persistent		0.0	0.0	0.0	0.0	0.0	0.045972501563306664
TACCATTCAGCACTTC-1	Tumor	E15S	Hypoxic Tumor	1	7482.986096858978	-0.005800470334088349	0.8811547814462654	0.18828976872132364	0.24512564689689886	0.023074737458461798	0.010273489165925714	0.9666517733756126	0.0017739892373993184	0.08873407435976709	0.9094919364028335	0.0017739892373993184	0.0	0.9897265108340744	reverted	reverted	reverted	reverted	reverted	persistent		0.0	0.0	0.0	0.0	0.0	0.010273489165925714
TACCCAAAGCAATCCA-1	Tumor	E15S	Tumor	1	7239.669508934021	0.6010061919665698	0.7015383421607222	0.3107728570402613	0.18014501807573288	0.033154877343632934	0.008331929779941164	0.9585131928764258	0.007295950660631833	0.18010374829252734	0.8126003010468409	0.007295950660631833	0.0	0.9916680702200589	reverted	reverted	reverted	reverted	reverted	persistent		0.0	0.0	0.0	0.0	0.0	0.008331929779941166
TACCCAGGTCAGGAGT-1	Tumor	E15S	Tumor	1	8741.918345227838	1.0296933778526471	0.5107643539493144	-0.052180173493235726	0.2670520833065388	0.014172512773268172	0.015872208260553272	0.9699552789661787	0.022724090002252898	0.2803463033832471	0.6969296066145	0.022724090002252898	0.9699552789661785	0.0	reverted	partial	partial	reverted	partial	persistent		0.0	0.0	0.0	0.014172512773268168	0.01587220826055327	0.0
TACCCATTCCGTGGAT-1	Tumor	E15S	Tumor	1	6686.917043209076	-0.7890303534388134	0.9702921119069745	0.13210528801325314	0.2817327513159604	0.021001265646868043	0.011918709004778313	0.9670800253483537	0.0004404830533343165	0.03400496568949116	0.9655545512571746	0.0004404830533343165	0.0	0.9880812909952217	reverted	reverted	reverted	reverted	reverted	persistent		0.0	0.0	0.0	0.0	0.0	0.011918709004778313
TACCCTTAGCTGGTGT-1	Tumor	E15S	Tumor	1	8924.868945479393	0.9194160038271915	0.5626283274448194	-0.12479079334554477	0.29944974366145305	0.013580740643534928	0.019530618857043144	0.9668886404994219	0.016826469666451068	0.2519884408931385	0.7311850894404105	0.016826469666451068	0.9668886404994219	0.0	reverted	partial	partial	reverted	partial	reverted		0.0	0.0	0.0	0.013580740643534928	0.019530618857043144	0.0
TACCGTCCATGGCAGC-1	Tumor	E15S	Tumor	1	8399.470714569092	0.7501333452597273	0.6392968799079524	0.15054538565597758	0.18280143109368222	0.01929315102394178	0.009489294584616689	0.9712175543914416	0.010719362063445112	0.21172002100419193	0.777560616932363	0.010719362063445112	0.9712175543914416	0.0	reverted	partial	partial	reverted	partial	persistent		0.0	0.0	0.0	0.01929315102394178	0.009489294584616689	0.0
TACCTCACAACATCCC-1	Tumor	E15S	Tumor	1	7943.259086787701	2.568521243209357	0.05364796934852389	-0.11015654524760629	0.23512902785242668	0.012100076324307698	0.01715161517109146	0.9707483085046008	0.7451255061525324	0.20200942183989623	0.0528650720075715	0.7451255061525324	0.0	0.0	persistent	persistent	persistent	persistent	persistent	persistent		0.9707483085046009	0.0121000763243077	0.017151615171091462	0.0	0.0	0.0
TACCTCACACTCAACC-1	Tumor	E15S	Tumor	1	8020.073539823294	0.6280881996836373	0.6906935538661902	0.1700985846055092	0.20207045483746575	0.020896534202449565	0.009619751422730732	0.9694837143748197	0.007816477304138859	0.1855639683493936	0.8066195543464675	0.007816477304138859	0.9694837143748197	0.0	reverted	partial	partial	reverted	partial	persistent		0.0	0.0	0.0	0.020896534202449565	0.009619751422730732	0.0
TACCTCACACTCGCTG-1	Tumor	E15S	Tumor	1	8149.505660057068	-0.2019745729143374	0.9148852837344225	-0.054602637825801485	0.24098679002877565	0.013376394543867041	0.015231101267858206	0.9713925041882748	0.001192036802313423	0.06991559418089267	0.928892369016794	0.001192036802313423	0.0	0.9847688987321417	reverted	reverted	reverted	reverted	reverted	reverted		0.0	0.0	0.0	0.0	0.0	0.015231101267858203
TACCTGAAGGAGGTCA-1	Tumor	E15S	Tumor	1	7375.825759887695	2.419098777082618	0.06996080564914443	0.7416507571203061	0.08339129974646896	0.3856062178398808	0.01239583373747903	0.6019979484226401	0.6363782303901175	0.2737829470245483	0.08983882258533418	0.6363782303901175	0.0	0.0	persistent	persistent	persistent	persistent	persistent	persistent		0.6019979484226402	0.38560621783988086	0.012395833737479031	0.0	0.0	0.0
TACCTGTTCCAGAGGA-1	Tumor	E15S	Tumor Proliferating	1	8908.786481626332	0.24507168657853093	0.8217826698859505	0.48903540224537784	0.12011635509628728	0.0811953552491117	0.008622990044986739	0.9101816547059016	0.0030826278638031663	0.11974906025866834	0.8771683118775284	0.0030826278638031663	0.0	0.9913770099550133	reverted	reverted	reverted	reverted	reverted	persistent		0.0	0.0	0.0	0.0	0.0	0.008622990044986739
TACGAACCAACGTGAT-1	Tumor	E15S	Tumor	1	8576.97324129939	0.22978351464380015	0.82598211515496	-0.29048719952064367	0.43422688852939656	0.014794678293523615	0.031196127458214144	0.9540091942482622	0.00297650929748451	0.11760745927746107	0.8794160314250544	0.00297650929748451	0.0	0.9688038725417859	reverted	reverted	reverted	reverted	reverted	persistent		0.0	0.0	0.0	0.0	0.0	0.031196127458214144
TACGATTAGTATGATC-1	Tumor	E15S	Tumor	1	8309.855653345585	-0.20796360960554566	0.9157640451563092	-0.5149521464907402	0.5994355728778407	0.01651513042709968	0.045215212822740186	0.9382696567501603	0.0011782385040798582	0.06940614068002221	0.929415620815898	0.0011782385040798582	0.0	0.9547847871772598	reverted	reverted	reverted	reverted	reverted	persistent		0.0	0.0	0.0	0.0	0.0	0.04521521282274018
TACGTAGTCACATTGG-1	Tumor	E15S	Tumor	1	6748.311880469322	0.8153026680877575	0.6103867695334115	0.015153352020479322	0.2979523616403966	0.016960207532236954	0.01479801857289133	0.9682417738948718	0.012730375766144494	0.2266996451007035	0.7605699791331519	0.012730375766144494	0.9682417738948718	0.0	reverted	partial	partial	reverted	partial	reverted		0.0	0.0	0.0	0.016960207532236954	0.01479801857289133	0.0
TACGTCAAGCTTAGGC-1	Tumor	E15S	Tumor	1	8040.028361558914	1.4397364256066016	0.32449076480281946	0.36067606218699316	0.13742739399238846	0.041600112666551364	0.00796290834027293	0.9504369789931757	0.07117683603747378	0.3889569454400401	0.5398662185224862	0.07117683603747378	0.9504369789931757	0.0	reverted	partial	partial	reverted	partial	persistent		0.0	0.0	0.0	0.041600112666551364	0.00796290834027293	0.0
TACTCCACAAAGGACA-1	Tumor	E15S	Tumor	1	8407.701747491956	0.9656365027330874	0.5409911606596748	0.08711718019502648	0.21108530197417527	0.016937742071412604	0.010978770309707588	0.9720834876188799	0.019073865006658502	0.263698890997477	0.7172272439958646	0.019073865006658502	0.9720834876188799	0.0	reverted	partial	partial	reverted	partial	persistent		0.0	0.0	0.0	0.016937742071412604	0.010978770309707588	0.0
TACTGATAGGTACGTC-1	Tumor	E15S	Tumor	1	8781.388451635838	0.8188227998547445	0.6088007767486896	-0.433187726268961	0.44419517942544523	0.013317796752956365	0.041278106720314615	0.9454040965267289	0.012849943460837222	0.22752807318303095	0.7596219833561317	0.012849943460837222	0.9454040965267291	0.0	reverted	partial	partial	reverted	partial	persistent		0.0	0.0	0.0	0.013317796752956369	0.04127810672031462	0.0
TACTGCAAGCAATGAA-1	Tumor	E15S	Tumor	1	5860.948869466782	-0.7623958059061362	0.968803663999116	0.37190893370721584	0.18838690352585885	0.0420725538779706	0.008304020916027268	0.9496234252060021	0.00045783473403591393	0.03513592482643892	0.9644062404395252	0.00045783473403591393	0.0	0.9916959790839728	reverted	reverted	reverted	reverted	reverted	persistent		0.0	0.0	0.0	0.0	0.0	0.00830402091602727
TACTGTGAGCATCTCT-1	Tumor	E15S	Tumor	1	8851.143558807671	0.3710099746936702	0.7841559707631127	-0.3604833878730329	0.44287689121755686	0.01410356702277211	0.0357438066739772	0.9501526263032508	0.004140284514925002	0.13874819023785376	0.8571115252472211	0.004140284514925002	0.0	0.9642561933260227	reverted	reverted	reverted	reverted	reverted	persistent		0.0	0.0	0.0	0.0	0.0	0.035743806673977196
TACTGTGAGTCTCTGT-1	Tumor	E15S	Tumor	1	8089.436396479607	1.0771999323691765	0.48828388010865936	-0.2793914677915085	0.3642828336445821	0.012997694636803702	0.029411576153270842	0.9575907292099254	0.025898827585487835	0.29295223723605823	0.681148935178454	0.025898827585487835	0.9575907292099255	0.0	reverted	partial	partial	reverted	partial	persistent		0.0	0.0	0.0	0.012997694636803704	0.029411576153270846	0.0
TAGCAAGGTTAGTTGC-1	Tumor	E15S	Tumor	1	6098.232222795486	0.7262235213528343	0.6496676480818143	0.30968409719061935	0.18089208446084673	0.03301479753114135	0.008343253778006633	0.958641948690852	0.010069657585825193	0.2063981545640739	0.783532187850101	0.010069657585825193	0.9586419486908521	0.0	reverted	partial	partial	reverted	partial	persistent		0.0	0.0	0.0	0.03301479753114136	0.008343253778006635	0.0
TAGCATTAGTTAGTCG-1	Tumor	E15S	Tumor Proliferating	1	8927.311324834824	0.28484549315552415	0.8104864880666867	0.02296417902228725	0.2628345212090188	0.016115239881980756	0.013613835341030577	0.9702709247769886	0.0033794674489913217	0.125484781414068	0.8711357511369406	0.0033794674489913217	0.0	0.9863861646589694	reverted	reverted	reverted	reverted	reverted	persistent		0.0	0.0	0.0	0.0	0.0	0.013613835341030578
TAGCCAATCTTGAACG-1	Tumor	E15S	Hypoxic Tumor	1	6100.916378974915	0.17928332834917732	0.8392987364439931	-1.16378218757356	0.9632428994679493	0.019257469515791367	0.06668694289688332	0.9140555875873253	0.002654517156047929	0.11077629579687108	0.8865691870470809	0.002654517156047929	0.0	0.9333130571031166	reverted	reverted	reverted	reverted	reverted	persistent		0.0	0.0	0.0	0.0	0.0	0.06668694289688332
TAGCCAGCACAGCCTT-1	Tumor	E15S	Tumor Proliferating	1	8972.279149442911	0.0149457580024422	0.8769798197731352	-0.9411639804910352	0.8905819857344311	0.01947411360421567	0.059712697212049574	0.9208131891837349	0.0018535127339169002	0.0909840727337886	0.9071624145322945	0.0018535127339169002	0.0	0.9402873027879504	reverted	reverted	reverted	reverted	reverted	persistent		0.0	0.0	0.0	0.0	0.0	0.05971269721204956
TAGCCTGGTAGTCATC-1	Tumor	E15S	Tumor Proliferating	1	8908.160962089896	0.6062309265006763	0.6994631766479076	0.3363726815337162	0.1454797695714842	0.03716150719805426	0.007989648577128694	0.954848844224817	0.007393345920197581	0.18114735854439398	0.8114592955354083	0.007393345920197581	0.9548488442248171	0.0	reverted	partial	partial	reverted	partial	persistent		0.0	0.0	0.0	0.037161507198054264	0.007989648577128696	0.0
TAGCTAGTCCGCGCAA-1	Tumor	E15S	Tumor Proliferating	1	8871.88895636797	2.4578305403543226	0.06533766354085636	-0.21962598256989735	0.2678043514653132	0.011306140532530764	0.02368487282980916	0.96500898663766	0.6663298920659767	0.25480787226852936	0.07886223566549382	0.6663298920659767	0.0	0.0	persistent	persistent	persistent	persistent	persistent	persistent		0.9650089866376601	0.011306140532530765	0.023684872829809165	0.0	0.0	0.0
TAGCTCCCATGGTGCA-1	Tumor	E15S	Tumor Proliferating	1	9006.094554305077	0.7361079753765992	0.6453967915311745	-0.017098378127062552	0.27252283379003006	0.015228900707493507	0.014947917642232958	0.9698231816502735	0.010332947335149239	0.20858673205059808	0.7810803206142527	0.010332947335149239	0.9698231816502735	0.0	reverted	partial	partial	reverted	partial	persistent		0.0	0.0	0.0	0.015228900707493507	0.014947917642232958	0.0
TAGCTTGAGTAACCCA-1	Tumor	E15S	Tumor	1	8112.9347578287125	2.354888285156729	0.0782957310512129	0.3318128926844101	0.12499650891549059	0.0367565036785484	0.007861020424818614	0.955382475896633	0.584791973325559	0.3049721257007289	0.11023590097371207	0.584791973325559	0.0	0.0	persistent	persistent	persistent	persistent	persistent	persistent		0.955382475896633	0.0367565036785484	0.007861020424818614	0.0	0.0	0.0
TAGCTTGAGTGATCGC-1	Tumor	E15S	Hypoxic Tumor	1	5492.276138305664	0.28647053279802837	0.8100135000928808	0.14254293488200073	0.20892837324079183	0.019493773294317816	0.01008880321528433	0.970417423490398	0.003392267911622441	0.1257242304024071	0.8708835016859705	0.003392267911622441	0.0	0.9899111967847157	reverted	reverted	reverted	reverted	reverted	persistent		0.0	0.0	0.0	0.0	0.0	0.01008880321528433
TAGGACTCAAGCTCAG-1	Tumor	E15S	Tumor	1	8701.828761458397	1.907060376036214	0.16549123243765962	-0.023737402877723836	0.23800394136318842	0.014043316891775693	0.014189766122242294	0.9717669169859822	0.24542331747126522	0.4429200204507761	0.31165666207795883	0.24542331747126522	0.0	0.0	partial	persistent	persistent	partial	persistent	persistent		0.9717669169859819	0.01404331689177569	0.01418976612224229	0.0	0.0	0.0
TAGGACTCATCATCAT-1	Tumor	E15S	Tumor	1	8315.981043890119	1.3827998851215415	0.3485497114419624	0.07037255117400129	0.20758471762068698	0.01617302357353657	0.011202156471216062	0.9726248199552473	0.060715773224849154	0.374800066899757	0.5644841598753938	0.060715773224849154	0.9726248199552474	0.0	reverted	partial	partial	reverted	partial	persistent		0.0	0.0	0.0	0.016173023573536574	0.011202156471216064	0.0
TAGGAGTAGCGCTACG-1	Tumor	E15S	Tumor	1	8817.787534445524	2.493382430167776	0.061345720921091744	0.21839779845413634	0.1384395491675499	0.023161315140170627	0.008246452487081684	0.9685922323727477	0.6928311017861529	0.23750959204287686	0.06965930617097017	0.6928311017861529	0.0	0.0	persistent	persistent	persistent	persistent	persistent	persistent		0.9685922323727477	0.023161315140170627	0.008246452487081684	0.0	0.0	0.0
TAGGCTGCAATGCCGA-1	Tumor	E15S	Tumor	1	8679.20209132135	1.5076075245899159	0.29698427662886523	-0.3468995205239338	0.3988132063121217	0.013091537817443186	0.03453729863770546	0.9523711635448513	0.08594838600593116	0.4046555789313978	0.509396035062671	0.08594838600593116	0.0	0.0	reverted	persistent	persistent	reverted	persistent	persistent		0.9523711635448513	0.013091537817443186	0.03453729863770546	0.0	0.0	0.0
TAGGGCTTCCGCAACG-1	Tumor	E15S	Tumor	1	8649.470761060715	0.48694744946052815	0.7447042758636682	-0.0133039906157797	0.2888862707377145	0.015835172426706966	0.015307374545338117	0.968857453027955	0.005485167069033391	0.15848409540317754	0.8360307375277891	0.005485167069033391	0.0	0.984692625454662	reverted	reverted	reverted	reverted	reverted	persistent		0.0	0.0	0.0	0.0	0.0	0.015307374545338117
TAGGGTAGTGGGTTGG-1	Tumor	E15S	Tumor	1	8397.179500102997	0.3109490312224027	0.8027792926429972	-0.9932267862743527	0.8897712564714618	0.018997741621408167	0.062363398563310704	0.918638859815281	0.0035918796010444803	0.12938028697403048	0.867027833424925	0.0035918796010444803	0.0	0.9376366014366893	reverted	reverted	reverted	reverted	reverted	persistent		0.0	0.0	0.0	0.0	0.0	0.062363398563310704
TAGGGTGAGAATCACT-1	Tumor	E15S	Tumor Proliferating	1	9025.095301575959	0.834189837756486	0.6018506146164511	-0.11391197680967019	0.29145328325461234	0.013558353344437153	0.0188489446684059	0.967592701987157	0.013386154512084164	0.2311671315323818	0.7554467139555341	0.013386154512084164	0.967592701987157	0.0	reverted	partial	partial	reverted	partial	persistent		0.0	0.0	0.0	0.013558353344437153	0.0188489446684059	0.0
TAGGGTTCAAGCTCCT-1	Tumor	E15S	Tumor	1	8855.512439370155	0.21059622209151815	0.8311415745363829	-0.2771704703388342	0.3950060246320002	0.01386757503528325	0.029774824930089597	0.9563576000346271	0.002849173762604751	0.11496840425701935	0.882182421980376	0.002849173762604751	0.0	0.9702251750699104	reverted	reverted	reverted	reverted	reverted	persistent		0.0	0.0	0.0	0.0	0.0	0.029774824930089597
TAGGTAGGTTAGTGGA-1	Tumor	E15S	Tumor Proliferating	1	8944.694847546518	0.4154563460310271	0.7695741418679922	-0.16194217111417766	0.3101534654896843	0.013225477202862917	0.02151263369990349	0.9652618890972336	0.004606768457455643	0.14605270797326853	0.8493405235692759	0.004606768457455643	0.0	0.9784873663000966	reverted	reverted	reverted	reverted	reverted	persistent		0.0	0.0	0.0	0.0	0.0	0.02151263369990349
TAGGTTACAGGTATGT-1	Tumor	E15S	Hypoxic Tumor	1	6578.684031963348	1.1321461530206345	0.46234776342770506	-1.338903726911305	0.8832207148417798	0.016260856563115617	0.08461275419398583	0.8991263892428986	0.030152628276650467	0.3077338599775006	0.662113511745849	0.030152628276650467	0.8991263892428986	0.0	reverted	partial	partial	reverted	partial	persistent		0.0	0.0	0.0	0.016260856563115617	0.08461275419398583	0.0
TAGTACCGTTAGGCTT-1	Tumor	E15S	Tumor	1	8737.994680196047	1.2280830988197866	0.41762812261347737	0.19541380547282683	0.17809062805271353	0.02204003611277121	0.008954297751766585	0.9690056661354621	0.03938650084693048	0.33377321105056335	0.6268402881025062	0.03938650084693048	0.9690056661354622	0.0	reverted	partial	partial	reverted	partial	persistent		0.0	0.0	0.0	0.022040036112771215	0.008954297751766586	0.0
TAGTCCCCAGCAGTTG-1	Tumor	E15S	Tumor	1	7694.957046747208	-0.01263809680953516	0.8825036860479863	0.0400295273105099	0.2737848774495985	0.017011720257010875	0.01350790316944624	0.9694803765735428	0.0017486648499453242	0.08800405392831766	0.910247281221737	0.0017486648499453242	0.0	0.9864920968305537	reverted	reverted	reverted	reverted	reverted	persistent		0.0	0.0	0.0	0.0	0.0	0.01350790316944624
TAGTGCATCGAACGCT-1	Tumor	E15S	Tumor	1	8338.887498289347	0.7012350188062552	0.6603570320156307	-0.19813841213665187	0.35548725654533336	0.013923835168665662	0.024489503861881066	0.9615866609694533	0.00943582412048426	0.20093822278559736	0.7896259530939184	0.00943582412048426	0.9615866609694533	0.0	reverted	partial	partial	reverted	partial	reverted		0.0	0.0	0.0	0.013923835168665662	0.024489503861881066	0.0
TAGTGTTAGCGAGGAC-1	Tumor	E15S	Tumor	1	8449.813201785088	0.5135570585318477	0.7350093316438961	0.33602653134260213	0.1372577903156489	0.03724620279965045	0.007935971170268863	0.9548178260300806	0.005858326070765926	0.1633298668529612	0.8308118070762729	0.005858326070765926	0.0	0.9920640288297311	reverted	reverted	reverted	reverted	reverted	persistent		0.0	0.0	0.0	0.0	0.0	0.007935971170268865
TAGTTTCCAATCCAGG-1	Tumor	E15S	Tumor Proliferating	1	9074.799322605133	0.4298205464573662	0.764716594183383	-0.13437928316413392	0.34203791857919585	0.014656896645966923	0.021141317606949084	0.964201785747084	0.004769864449356383	0.14848237059915012	0.8467477649514935	0.004769864449356383	0.0	0.978858682393051	reverted	reverted	reverted	reverted	reverted	persistent		0.0	0.0	0.0	0.0	0.0	0.021141317606949084
TATACCTCAGCTACTC-1	Tumor	E15S	Tumor	1	8233.43582046032	0.72327595654943	0.6509366335525572	-0.2180084817166113	0.3365148476035543	0.013082655676141535	0.02511002980187179	0.9618073145219866	0.009992553030727498	0.2057486711036993	0.7842587758655732	0.009992553030727498	0.9618073145219866	0.0	reverted	partial	partial	reverted	partial	persistent		0.0	0.0	0.0	0.013082655676141535	0.02511002980187179	0.0
TATAGGTTCATGTAAC-1	Tumor	E15S	Tumor Proliferating	1	8852.764164313674	0.30735499986152304	0.8038543226132966	0.4690642476603251	0.1224635371684704	0.07257180050564442	0.008449327829815794	0.9189788716645397	0.0035617566139469264	0.12883768889609465	0.8676005544899584	0.0035617566139469264	0.0	0.9915506721701842	reverted	reverted	reverted	reverted	reverted	persistent		0.0	0.0	0.0	0.0	0.0	0.008449327829815795
TATAGTCAGTGGCTGT-1	Tumor	E15S	Tumor	1	8799.749529078603	1.3099158443500443	0.380496904060521	0.41177968669988596	0.11615675663172338	0.05438552206508829	0.008081329535618942	0.9375331483992928	0.0495147991013762	0.3557892130023701	0.5946959878962536	0.0495147991013762	0.9375331483992928	0.0	reverted	partial	partial	reverted	partial	persistent		0.0	0.0	0.0	0.05438552206508829	0.008081329535618942	0.0
TATCACCTCGCATGAC-1	Tumor	E15S	Tumor	1	8867.381324261427	3.595351634295063	0.008049070406739089	-0.10361717010375493	0.2179756992014501	0.011790060356072133	0.016437287349686306	0.9717726522942416	0.9930141337458122	0.006635069583311601	0.0003507966708762696	0.9930141337458122	0.0	0.0	persistent	persistent	persistent	persistent	persistent	persistent		0.9717726522942416	0.011790060356072133	0.016437287349686306	0.0	0.0	0.0
TATCATCCAACCGCTT-1	Tumor	E15S	Tumor	1	8500.051419734955	1.0122087998879143	0.519032058757403	-0.06156026606336395	0.26556452903605454	0.013911164800325691	0.01614445399757359	0.9699443812021007	0.021660332158659916	0.2757586934880097	0.7025809743533303	0.021660332158659916	0.9699443812021007	0.0	reverted	partial	partial	reverted	partial	persistent		0.0	0.0	0.0	0.013911164800325691	0.01614445399757359	0.0
TATCATCCATGCTGTC-1	Tumor	E15S	Tumor	1	8185.308399438858	2.0755138590243782	0.12599618815725336	0.021908233863622832	0.1809334214476335	0.013812243787830957	0.011610455926961319	0.9745773002852078	0.35859951133687473	0.41417031037315855	0.22723017828996675	0.35859951133687473	0.0	0.0	partial	persistent	persistent	partial	persistent	persistent		0.9745773002852076	0.013812243787830953	0.011610455926961317	0.0	0.0	0.0
TATCCATCAGGGCCAT-1	Tumor	E15S	Tumor	1	8596.328495830297	-0.41231323789379143	0.9411993359178548	0.29139953285081127	0.19682735640426466	0.030873908124218096	0.008604087649972674	0.9605220042258094	0.0008063630122931849	0.054033636867962836	0.945160000119744	0.0008063630122931849	0.0	0.9913959123500272	reverted	reverted	reverted	reverted	reverted	persistent		0.0	0.0	0.0	0.0	0.0	0.008604087649972673
TATCCGCCACAGGCTA-1	Tumor	E15S	Tumor	1	6698.987607955933	0.7411651766217312	0.6432026388729178	-0.47712486959550543	0.45319470313141536	0.01310646722489363	0.04497722173786402	0.9419163110372423	0.010470519154505616	0.20971276231561936	0.779816718529875	0.010470519154505616	0.9419163110372424	0.0	reverted	partial	partial	reverted	partial	reverted		0.0	0.0	0.0	0.013106467224893632	0.044977221737864025	0.0
TATCCTTGTCATTACA-1	Tumor	E15S	Tumor	1	8379.802872180939	-0.3840165292768322	0.9381635809681722	0.14392997994767687	0.22895006142482094	0.020094444794426975	0.01049127554433984	0.9694142796612331	0.0008480488564057153	0.055943976542971174	0.943207974600623	0.0008480488564057153	0.0	0.9895087244556602	reverted	reverted	reverted	reverted	reverted	persistent		0.0	0.0	0.0	0.0	0.0	0.010491275544339842
TATCGAACAAGCCGTA-1	Tumor	E15S	Tumor	1	8912.872030995786	3.663918716118299	0.00707614338133855	-0.3970646989794382	0.294402320591623	0.010359895659590727	0.03981227485931819	0.9498278294810911	0.9947397580409467	0.005022269957076114	0.0002379720019771862	0.9947397580409467	0.0	0.0	persistent	persistent	persistent	persistent	persistent	persistent		0.9498278294810911	0.010359895659590727	0.03981227485931819	0.0	0.0	0.0
TATCGAACACCTTGGT-1	Tumor	E15S	Tumor	1	8814.252296000719	0.283686360554848	0.8108233163825496	0.05387836867594805	0.2303672173678282	0.016197001262436773	0.012067680285314863	0.9717353184522485	0.0033703703833395378	0.12531423054295007	0.8713153990737104	0.0033703703833395378	0.0	0.9879323197146852	reverted	reverted	reverted	reverted	reverted	persistent		0.0	0.0	0.0	0.0	0.0	0.012067680285314863
TATCGCTTCACGGAAG-1	Tumor	E15S	Tumor Proliferating	1	8918.514944702387	-0.007196571428094513	0.8814312837342254	-0.1451618258264217	0.36093515325211484	0.015023720031527896	0.022132858473973973	0.9628434214944983	0.0017687835749765313	0.08858455753037513	0.9096466588946484	0.0017687835749765313	0.0	0.9778671415260259	reverted	reverted	reverted	reverted	reverted	persistent		0.0	0.0	0.0	0.0	0.0	0.02213285847397397
TATCGCTTCACTGGCG-1	Tumor	E15S	Tumor	1	7947.353454947472	0.1838532390604595	0.8381284206289172	-0.24374444340089452	0.38792748718236914	0.014148777512694643	0.02768208462142888	0.9581691378658765	0.002681952468111448	0.11137933811856936	0.8859387094133192	0.002681952468111448	0.0	0.9723179153785712	reverted	reverted	reverted	reverted	reverted	persistent		0.0	0.0	0.0	0.0	0.0	0.02768208462142888
TATCGGGCACCAGCTT-1	Tumor	E15S	Tumor	1	8682.076250553131	0.562516301394561	0.7165680774214155	0.04567844728606587	0.1994208039796028	0.015055002801792505	0.011504198518845557	0.9734407986793621	0.006620303796574304	0.1725598294787902	0.8208198667246356	0.006620303796574304	0.0	0.9884958014811543	reverted	reverted	reverted	reverted	reverted	persistent		0.0	0.0	0.0	0.0	0.0	0.011504198518845555
TATCGGGCACTTACAT-1	Tumor	E15S	Tumor	1	8946.404005661607	1.6117191008118759	0.2575390148579031	-0.0238850295781178	0.24363438529021164	0.014198842736198652	0.014345159400248074	0.9714559978635532	0.11439057116685794	0.42516435462524504	0.46044507420789693	0.11439057116685794	0.0	0.0	reverted	persistent	persistent	reverted	persistent	persistent		0.9714559978635533	0.014198842736198654	0.014345159400248076	0.0	0.0	0.0
TATCGTTCATCCCTGG-1	Tumor	E15S	Tumor	1	5502.928377151489	4.291200023445744	0.002168683770987288	0.2545971841051002	0.10653174282850564	0.02634719563113644	0.007795228320589699	0.9658575760482739	0.9996734805847015	0.00032102583792985713	5.493577368567288e-06	0.9996734805847015	0.0	0.0	persistent	persistent	persistent	persistent	persistent	persistent		0.9658575760482739	0.02634719563113644	0.007795228320589699	0.0	0.0	0.0
TATGAGGGTGGGTATA-1	Tumor	E15S	Tumor	1	7417.967841029167	0.7366332189204626	0.6451691882953057	0.03366998943243905	0.24021805474320038	0.015787987298003438	0.012758881971334653	0.971453130730662	0.010347144464626371	0.2087034845173351	0.7809493710180384	0.010347144464626371	0.971453130730662	0.0	reverted	partial	partial	reverted	partial	persistent		0.0	0.0	0.0	0.015787987298003438	0.012758881971334653	0.0
TATGATGCATAGGTAC-1	Tumor	E15S	Tumor	1	7993.351185619831	0.21267896849617962	0.8305874766683795	-0.03213347636767172	0.3084224196195933	0.015933601217570925	0.016434980158927373	0.9676314186235015	0.002862690304145947	0.11525226371783795	0.8818850459780161	0.002862690304145947	0.0	0.9835650198410726	reverted	reverted	reverted	reverted	reverted	persistent		0.0	0.0	0.0	0.0	0.0	0.016434980158927377
TATGCAACAATCGTCC-1	Tumor	E15S	Tumor	1	8814.692137122154	0.3465631117280037	0.7918863420025298	-0.4370135173718647	0.5073906311782993	0.014935317415290594	0.0410262477477529	0.9440384348369566	0.0039064296051542725	0.13486622337273496	0.8612273470221109	0.0039064296051542725	0.0	0.958973752252247	reverted	reverted	reverted	reverted	reverted	persistent		0.0	0.0	0.0	0.0	0.0	0.041026247747752896
TATGCCCCATCAATCT-1	Tumor	E15S	Tumor Proliferating	1	9011.804316330701	0.8050179406379445	0.6150070779755922	0.0012052460068715173	0.24881585164210518	0.015037044453535646	0.013787041992896243	0.971175913553568	0.012387807534335155	0.22429039060035416	0.7633218018653106	0.012387807534335155	0.9711759135535681	0.0	reverted	partial	partial	reverted	partial	persistent		0.0	0.0	0.0	0.015037044453535648	0.013787041992896244	0.0
TATGCTAGTGGCGTGA-1	Tumor	E15S	Tumor Proliferating	1	8886.37064269185	1.506710478943929	0.297338966004237	-0.1937430879852969	0.2823928452277811	0.01199477041821594	0.022463915081436376	0.9655413145003476	0.08573520424998222	0.40445831718710307	0.5098064785629146	0.08573520424998222	0.0	0.0	reverted	persistent	persistent	reverted	persistent	persistent		0.9655413145003476	0.01199477041821594	0.022463915081436376	0.0	0.0	0.0
TATGGCGCACATAGTA-1	Tumor	E15S	Tumor	1	8767.941345497966	1.3779528673978376	0.35063615684332367	-0.5465246088354353	0.4926764560260706	0.013418155653032176	0.050288447941055775	0.936293396405912	0.05989847181062738	0.37356244983419756	0.5665390783551751	0.05989847181062738	0.936293396405912	0.0	reverted	partial	partial	reverted	partial	persistent		0.0	0.0	0.0	0.013418155653032176	0.050288447941055775	0.0
TATGGCGCATTAGAGC-1	Tumor	E15S	Hypoxic Tumor	1	5515.783470153809	0.5211553261951458	0.7321981647461326	-0.5618663072528084	0.5224048106131028	0.014001463979185407	0.05060547698820567	0.935393059032609	0.005969965874187075	0.16473556375954568	0.8292944703662672	0.005969965874187075	0.0	0.9493945230117943	reverted	reverted	reverted	reverted	reverted	persistent		0.0	0.0	0.0	0.0	0.0	0.05060547698820565
TATGGCTGTAGTTGCT-1	Tumor	E15S	Tumor	1	8828.366620466113	0.6795397568108957	0.6695074341353389	0.2854243851067654	0.15634435284840717	0.030052924622380704	0.008154674518080017	0.9617924008595391	0.008920484761545826	0.19628324965298305	0.794796265585471	0.008920484761545826	0.9617924008595393	0.0	reverted	partial	partial	reverted	partial	persistent		0.0	0.0	0.0	0.03005292462238071	0.008154674518080019	0.0
TATGGGTCAAGCTCCT-1	Tumor	E15S	Hypoxic Tumor	1	8877.505205154419	0.3168606699720782	0.8010013749674214	-1.2619485538857393	1.032109105136518	0.019996584136608177	0.06702789156583544	0.9129755242975565	0.003642055366375197	0.13027714848739233	0.8660807961462325	0.003642055366375197	0.0	0.9329721084341647	reverted	reverted	reverted	reverted	reverted	reverted		0.0	0.0	0.0	0.0	0.0	0.06702789156583544
TATGGGTCAATGTATG-1	Tumor	E15S	Tumor	1	8956.702647656202	2.1600138318482878	0.10940780702142114	-0.04181865066614354	0.2328454983804121	0.013450972689087216	0.014599962440684124	0.9719490648702286	0.42422208511234816	0.3880219512458606	0.1877559636417912	0.42422208511234816	0.0	0.0	persistent	persistent	persistent	persistent	persistent	persistent		0.9719490648702286	0.013450972689087216	0.014599962440684124	0.0	0.0	0.0
TATGTCAGTAGCAGGT-1	Tumor	E15S	Tumor	1	6148.026451587677	0.17001359427133594	0.8416516136831161	0.0785309348658865	0.2815904237957455	0.018663268802851473	0.012889776302728905	0.9684469548944198	0.002599850591806385	0.10956218017658695	0.8878379692316066	0.002599850591806385	0.0	0.9871102236972711	reverted	reverted	reverted	reverted	reverted	persistent		0.0	0.0	0.0	0.0	0.0	0.012889776302728901
TATGTTGGTCTGGCAC-1	Tumor	E15S	Tumor	1	8494.746101379395	-0.1451224306569662	0.9061212428436933	0.2679636343268569	0.1859306955673698	0.02832446881982739	0.00857283654984297	0.9631026946303296	0.0013333035259235843	0.07493483514279964	0.9237318613312768	0.0013333035259235843	0.0	0.991427163450157	reverted	reverted	reverted	reverted	reverted	persistent		0.0	0.0	0.0	0.0	0.0	0.00857283654984297
TATGTTGGTTATGCAC-1	Tumor	E15S	Tumor Proliferating	1	9018.802905023098	0.9117421610873163	0.5661999703823662	0.19413789485636368	0.1525749583063123	0.021474129512753633	0.008588339158433414	0.9699375313288131	0.016481278348068652	0.2500712956975859	0.7334474259543454	0.016481278348068652	0.9699375313288129	0.0	reverted	partial	partial	reverted	partial	persistent		0.0	0.0	0.0	0.02147412951275363	0.008588339158433413	0.0
TCAAAGCCATGGTTGG-1	Tumor	E15S	Tumor	1	9024.59225910157	2.1178783754785933	0.11742586910856254	0.47759323211046506	0.09142120180007897	0.08066526651832001	0.008647153641489415	0.9106875798401904	0.3909203594193583	0.401982518993347	0.20709712158729465	0.3909203594193583	0.0	0.0	partial	persistent	persistent	partial	persistent	persistent		0.9106875798401907	0.08066526651832003	0.008647153641489417	0.0	0.0	0.0
TCAAAGGGTCATTCCC-1	Tumor	E15S	Tumor Proliferating	1	9058.47022729367	0.30238626933691437	0.8053332412834295	0.019203469707949415	0.2747103010511552	0.016359723909594174	0.01403472731794507	0.9696055487724609	0.0035205807548808754	0.1280908486118004	0.8683885706333186	0.0035205807548808754	0.0	0.985965272682055	reverted	reverted	reverted	reverted	reverted	persistent		0.0	0.0	0.0	0.0	0.0	0.01403472731794507
TCAAAGGGTTGCGCGT-1	Tumor	E15S	Tumor Proliferating	1	9078.156527996063	1.6252522197821	0.2526706065694658	-0.4161924002121027	0.3910985221911388	0.012193894630985153	0.040369810015600305	0.9474362953534146	0.11867118630210673	0.4274264842021904	0.45390232949570275	0.11867118630210673	0.0	0.0	reverted	persistent	persistent	reverted	persistent	persistent		0.9474362953534146	0.012193894630985153	0.040369810015600305	0.0	0.0	0.0
TCAACATAGGCTCTCC-1	Tumor	E15S	Tumor Proliferating	1	9069.406913250685	0.14127847075987265	0.8487677096616233	-0.2494354551633858	0.41563154146566395	0.014867620531149275	0.02855467200869368	0.9565777074601571	0.0024384444492393494	0.10587529667385191	0.8916862588769088	0.0024384444492393494	0.0	0.9714453279913062	reverted	reverted	reverted	reverted	reverted	persistent		0.0	0.0	0.0	0.0	0.0	0.028554672008693674
TCAACATAGGTTAGTT-1	Tumor	E15S	Tumor	1	5998.291156291962	0.9522321039343256	0.5472857766561845	-0.09092880880601786	0.2750635542384649	0.013547390949110252	0.017473188581115868	0.9689794204697739	0.01839120395821596	0.26027479865999725	0.7213339973817867	0.01839120395821596	0.9689794204697739	0.0	reverted	partial	partial	reverted	partial	persistent		0.0	0.0	0.0	0.013547390949110252	0.017473188581115868	0.0
TCAACTGAGAAGCCAG-1	Tumor	E15S	Tumor	1	8008.463268280029	0.500029055387814	0.7399674051302241	0.014740982646158363	0.28068576112124216	0.01640555502197263	0.014315413258861827	0.9692790317191654	0.005665224009390944	0.16085137906993133	0.8334833969206776	0.005665224009390944	0.0	0.9856845867411381	reverted	reverted	reverted	reverted	reverted	persistent		0.0	0.0	0.0	0.0	0.0	0.014315413258861829
TCAATCTCAGGTAGTT-1	Tumor	E15S	Tumor	1	8898.688920974731	0.2868260647990038	0.8099098976970621	0.2097596852557935	0.19286641926421816	0.02337324076244356	0.009069788470630788	0.9675569707669258	0.0033950757606854565	0.12577667181523663	0.8708282524240778	0.0033950757606854565	0.0	0.9909302115293691	reverted	reverted	reverted	reverted	reverted	persistent		0.0	0.0	0.0	0.0	0.0	0.009069788470630787
TCAATCTCATGCTCAC-1	Tumor	E15S	Tumor	1	8806.145759820938	2.8325377062578094	0.03324649183976525	-0.09954085516275009	0.1946962634454209	0.011316511027714402	0.015697320619931614	0.9729861683523539	0.8816326972170836	0.10075907252968541	0.017608230253231022	0.8816326972170836	0.0	0.0	persistent	persistent	persistent	persistent	persistent	persistent		0.9729861683523541	0.011316511027714403	0.015697320619931617	0.0	0.0	0.0
TCACAATAGGAGGTGC-1	Tumor	E15S	Tumor Proliferating	1	9105.155751377344	0.35878608359767933	0.7880470645045089	-0.1491445462440683	0.34188071367654277	0.014372139154580453	0.02178049548615653	0.963847365359263	0.004021443810228589	0.1367952058527159	0.8591833503370556	0.004021443810228589	0.0	0.9782195045138434	reverted	reverted	reverted	reverted	reverted	persistent		0.0	0.0	0.0	0.0	0.0	0.02178049548615653
TCACAATAGTGAACGG-1	Tumor	E15S	Tumor	1	7741.241757631302	2.7185071397829783	0.04092935877726037	0.3910310827690393	0.10164466749517369	0.04972843543145045	0.007960227087087242	0.9423113374814623	0.8319260758985331	0.13911286783558835	0.028961056265878648	0.8319260758985331	0.0	0.0	persistent	persistent	persistent	persistent	persistent	persistent		0.9423113374814623	0.04972843543145045	0.007960227087087242	0.0	0.0	0.0
TCACAATAGTTGCGTA-1	Tumor	E15S	Tumor	1	7495.654637694359	0.2439766926980209	0.8220860690195018	-0.16899749623445573	0.3081551256092562	0.013053176296099376	0.021805147530423223	0.9651416761734775	0.0030748855471398984	0.11959451704569078	0.8773305974071693	0.0030748855471398984	0.0	0.9781948524695768	reverted	reverted	reverted	reverted	reverted	persistent		0.0	0.0	0.0	0.0	0.0	0.021805147530423223
TCACATAGTCATCAAC-1	Tumor	E15S	Tumor	1	8588.51925688982	0.7364162268683021	0.6452632252061643	-0.01853290718004829	0.24037733227405503	0.01424669320383805	0.014102945955021448	0.9716503608411404	0.010341276704051194	0.20865524541610245	0.7810034778798464	0.010341276704051194	0.9716503608411405	0.0	reverted	partial	partial	reverted	partial	persistent		0.0	0.0	0.0	0.014246693203838052	0.01410294595502145	0.0
TCACATAGTCTAGCGC-1	Tumor	E15S	Tumor	1	7942.431870937347	1.4897068350396654	0.3041080507951679	0.6164261375336151	0.10907727248257809	0.17306264305326094	0.010242825383213515	0.8166945315635254	0.08178866458419543	0.4006633491100589	0.5175479863057457	0.08178866458419543	0.8166945315635256	0.0	reverted	partial	partial	reverted	partial	persistent		0.0	0.0	0.0	0.17306264305326097	0.010242825383213517	0.0
TCACATTCATTCATAC-1	Tumor	E15S	Hypoxic Tumor	1	5175.315767288208	-1.1064940690073783	0.9834908188467771	-0.9680851627123981	1.023413767069152	0.022209926834993902	0.055835767678247626	0.9219543054867584	0.000291939479632988	0.023053393331258918	0.976654667189108	0.000291939479632988	0.0	0.9441642323217524	reverted	reverted	reverted	reverted	reverted	persistent		0.0	0.0	0.0	0.0	0.0	0.05583576767824763
TCACGAATCCGCAACG-1	Tumor	E15S	Tumor	1	8976.899676777422	1.7060425619523973	0.22489449890022442	-0.4423136056530332	0.4357139368470623	0.013014734833628888	0.042167708404838765	0.9448175567615325	0.14737339750188225	0.4385232915635402	0.41410331093457764	0.14737339750188225	0.0	0.0	partial	persistent	persistent	partial	persistent	persistent		0.9448175567615322	0.013014734833628885	0.04216770840483876	0.0	0.0	0.0
TCACGGGTCGATTAAC-1	Tumor	E15S	Tumor	1	8414.25050058961	0.40335439215065244	0.773611801958683	-0.10505807332080513	0.33841528955025413	0.015142033593980763	0.01984613306049986	0.9650118333455192	0.004474180675380412	0.14403198019405372	0.851493839130566	0.004474180675380412	0.0	0.9801538669395001	reverted	reverted	reverted	reverted	reverted	reverted		0.0	0.0	0.0	0.0	0.0	0.019846133060499864
TCACGTCCATAAGGTC-1	Tumor	E15S	Tumor	1	8812.934521079063	1.166186011164822	0.44637275663423953	0.15302075014350164	0.1850589914185797	0.01948666323828914	0.009501033624835923	0.9710123031368749	0.033143895763135096	0.3169604935890162	0.6498956106478488	0.033143895763135096	0.9710123031368749	0.0	reverted	partial	partial	reverted	partial	persistent		0.0	0.0	0.0	0.01948666323828914	0.009501033624835923	0.0
TCACGTCCATTAGACA-1	Tumor	E15S	Hypoxic Tumor	1	7219.408380508423	-1.3152230700382235	0.9888195746711275	-0.9992140892473858	1.092121767261335	0.023372067340996405	0.05486959182923278	0.9217583408297708	0.00023419361477337763	0.01788780982583932	0.9818779965593872	0.00023419361477337763	0.0	0.9451304081707672	reverted	reverted	reverted	reverted	reverted	reverted		0.0	0.0	0.0	0.0	0.0	0.05486959182923278
TCAGCATGTCTAGTCG-1	Tumor	E15S	Tumor	1	6817.090606212616	0.7267074933860675	0.6494590853203208	0.26661869111092035	0.20497752025834196	0.02838947279009112	0.008849930101340312	0.9627605971085686	0.01008237898147832	0.2065049344926302	0.7834126865258915	0.01008237898147832	0.9627605971085686	0.0	reverted	partial	partial	reverted	partial	persistent		0.0	0.0	0.0	0.02838947279009112	0.008849930101340312	0.0
TCAGGTTGTAGTGCCC-1	Tumor	E15S	Tumor Proliferating	1	9111.355222776532	0.16122145172787716	0.8438573496029133	-0.1444685354720944	0.35225490383540703	0.014772442447107924	0.02186169376591098	0.9633658637869811	0.0025491932864505095	0.10842183315129578	0.8890289735622536	0.0025491932864505095	0.0	0.978138306234089	reverted	reverted	reverted	reverted	reverted	persistent		0.0	0.0	0.0	0.0	0.0	0.02186169376591098
TCAGTAACATTCGTGC-1	Tumor	E15S	Tumor	1	7828.070896148682	0.6588096092673598	0.6781326523237793	0.07556959302991309	0.20055227508368423	0.016186870859241333	0.010950060508811966	0.9728630686319467	0.008456498567467226	0.1919100271097301	0.7996334743228027	0.008456498567467226	0.9728630686319467	0.0	reverted	partial	partial	reverted	partial	persistent		0.0	0.0	0.0	0.016186870859241333	0.010950060508811966	0.0
TCAGTAGTCATGCCTT-1	Tumor	E15S	Tumor	1	8200.06046640873	1.5349640982408508	0.2862861628955699	-0.02371151862499709	0.22598858170033742	0.013710985091333444	0.013872774712868808	0.9724162401957978	0.09269730340149551	0.41051986389667616	0.4967828327018284	0.09269730340149551	0.0	0.0	reverted	persistent	persistent	reverted	persistent	persistent		0.9724162401957978	0.013710985091333444	0.013872774712868808	0.0	0.0	0.0
TCAGTATAGCAGGGAC-1	Tumor	E15S	Tumor Proliferating	1	8865.140319243073	-0.09007343086765271	0.8968729844073459	0.24862945105964054	0.16619855933680655	0.026226418963923862	0.008416617852700774	0.9653569631833755	0.0014897735774546234	0.08012343785778824	0.9183867885647572	0.0014897735774546234	0.0	0.9915833821472991	reverted	reverted	reverted	reverted	reverted	persistent		0.0	0.0	0.0	0.0	0.0	0.008416617852700772
TCAGTTGAGAAGGGAA-1	Tumor	E15S	Tumor	1	8882.768088370562	0.30623275277375056	0.8041890950018392	0.019926051753681923	0.25427225981335577	0.01576183751497041	0.013456391253595065	0.9707817712314344	0.0035524091798247188	0.1286686717185859	0.8677789191015894	0.0035524091798247188	0.0	0.9865436087464049	reverted	reverted	reverted	reverted	reverted	persistent		0.0	0.0	0.0	0.0	0.0	0.013456391253595067
TCATAACAGCGCATGT-1	Tumor	E15S	Tumor	1	8284.093144476414	1.9493557725854016	0.15472709559449235	0.3533638405934274	0.1088086302099193	0.04100312851983189	0.007827821420002804	0.9511690500601652	0.27126913350739346	0.4386890719485739	0.29004179454403267	0.27126913350739346	0.0	0.0	partial	persistent	persistent	partial	persistent	persistent		0.9511690500601653	0.0410031285198319	0.007827821420002806	0.0	0.0	0.0
TCATAACAGGTGCTGT-1	Tumor	E15S	Tumor Proliferating	1	8923.059736192226	0.750504439827531	0.6391348612411316	-0.21639899421301226	0.3619310327365851	0.013820040178531664	0.025606300434416154	0.9605736593870522	0.010729795325783338	0.21180336578769982	0.7774668388865169	0.010729795325783338	0.9605736593870522	0.0	reverted	partial	partial	reverted	partial	persistent		0.0	0.0	0.0	0.013820040178531664	0.025606300434416154	0.0
TCATAACAGGTTCATG-1	Tumor	E15S	Tumor Proliferating	1	9055.27088868618	1.056820687403537	0.4979269991336067	0.10897076560789495	0.20954640022992455	0.017849072385780203	0.010584530749370725	0.971566396864849	0.024483809196391544	0.28752119881258886	0.6879949919910195	0.024483809196391544	0.971566396864849	0.0	reverted	partial	partial	reverted	partial	persistent		0.0	0.0	0.0	0.017849072385780203	0.010584530749370725	0.0
TCATAGTAGTAATGAG-1	Tumor	E15S	Tumor	1	7805.926755130291	1.067516741847965	0.49286515732910446	0.018933814523937026	0.25149470523733186	0.015648186373262055	0.013406286561341291	0.9709455270653965	0.0252161671041904	0.2903676192551421	0.6844162136406676	0.0252161671041904	0.9709455270653966	0.0	reverted	partial	partial	reverted	partial	persistent		0.0	0.0	0.0	0.015648186373262058	0.013406286561341293	0.0
TCATCATCACAAGCTG-1	Tumor	E15S	Tumor	1	8909.528018534184	0.740607912013187	0.6434447143267286	-0.01471215546339492	0.24417146697844666	0.014457258226313253	0.014096384567385451	0.9714463572063012	0.010455263402790028	0.20958847441554865	0.7799562621816614	0.010455263402790028	0.9714463572063013	0.0	reverted	partial	partial	reverted	partial	reverted		0.0	0.0	0.0	0.014457258226313255	0.014096384567385453	0.0
TCATGCAAGCATTACG-1	Tumor	E15S	Tumor Proliferating	1	9035.122732937336	1.0632848918120232	0.4948677371098563	-0.05693992886834378	0.2702608396210975	0.014154220089609463	0.016121037510485537	0.9697247423999049	0.024923724231378955	0.28924034000394094	0.6858359357646802	0.024923724231378955	0.969724742399905	0.0	reverted	partial	partial	reverted	partial	persistent		0.0	0.0	0.0	0.014154220089609464	0.01612103751048554	0.0
TCATTAGGTCAACTGT-1	Tumor	E15S	Tumor Proliferating	1	9005.879177838564	0.09196725550121698	0.8603646788601551	-0.22640563159669364	0.3815203069811133	0.014229152755643038	0.026590712996299035	0.959180134248058	0.002187665238751852	0.09981273559821553	0.8979995991630326	0.002187665238751852	0.0	0.9734092870037009	reverted	reverted	reverted	reverted	reverted	persistent		0.0	0.0	0.0	0.0	0.0	0.02659071299629903
TCATTAGGTCTAGTCG-1	Tumor	E15S	Tumor Proliferating	1	8751.882694333792	0.6591083907654562	0.6780091786085063	0.589635979340412	0.10381142463999884	0.15047446698453995	0.009940497659640663	0.8395850353558194	0.008462996598266118	0.19197253782345775	0.7995644655782761	0.008462996598266118	0.8395850353558194	0.0	reverted	partial	partial	reverted	partial	persistent		0.0	0.0	0.0	0.15047446698453995	0.009940497659640663	0.0
TCATTCATCCGGATGT-1	Tumor	E15S	Tumor	1	8557.493733108044	5.423626126101463	0.00025466202900995206	-0.0276812047627307	0.1265106738925806	0.011340147940446807	0.011797242420831333	0.9768626096387218	0.9999990707662971	9.268898420093104e-07	2.343860965075407e-09	0.9999990707662971	0.0	0.0	persistent	persistent	persistent	persistent	persistent	persistent		0.9768626096387218	0.011340147940446807	0.011797242420831333	0.0	0.0	0.0
TCCAAAGTCTATGGGC-1	Tumor	E15S	Tumor	1	8561.623991042376	0.58272797949539	0.7087327973929124	-0.24740268859414358	0.3647623727394292	0.013440848410699296	0.027422706160148316	0.9591364454291523	0.006966116422229466	0.1764896130756946	0.8165442705020759	0.006966116422229466	0.0	0.9725772938398517	reverted	reverted	reverted	reverted	reverted	reverted		0.0	0.0	0.0	0.0	0.0	0.02742270616014832
TCCAACCCATTACCAT-1	Tumor	E15S	Tumor Proliferating	1	9061.082991063595	0.8078778910570357	0.6137243153343901	-0.734841695139409	0.6132660167804773	0.014651155726683308	0.061461027413570506	0.9238878168597462	0.012482066060550292	0.22495867578224296	0.7625592581572068	0.012482066060550292	0.9238878168597462	0.0	reverted	partial	partial	reverted	partial	persistent		0.0	0.0	0.0	0.014651155726683308	0.061461027413570506	0.0
TCCAACTTCCCTGGAG-1	Tumor	E15S	Hypoxic Tumor	1	9078.558201789856	0.6964265991683889	0.6623957295371286	-1.3939473602529862	0.9359201826547953	0.017026157748818993	0.08215514728557685	0.9008186949656041	0.009318885196950186	0.19989964989839298	0.7907814649046567	0.009318885196950186	0.9008186949656042	0.0	reverted	partial	partial	reverted	partial	reverted		0.0	0.0	0.0	0.017026157748818996	0.08215514728557687	0.0
TCCAACTTCCGTATAG-1	Tumor	E15S	Tumor	1	8804.469540134072	2.587943008101227	0.051811589880772994	0.18757217699752748	0.12565494233366525	0.020556041067312954	0.008297534047619242	0.9711464248850677	0.7577338155549613	0.1931821817673341	0.049084002677704484	0.7577338155549613	0.0	0.0	persistent	persistent	persistent	persistent	persistent	persistent		0.9711464248850679	0.020556041067312958	0.008297534047619244	0.0	0.0	0.0
TCCAAGGCAGGTAGTT-1	Tumor	E15S	Tumor	1	8947.066872559488	3.253832905152424	0.015253576620884921	0.06508664694456856	0.1671753363296593	0.01494469851237224	0.01044839313286213	0.9746069083547655	0.9730690990679942	0.024689655947662134	0.002241244984343628	0.9730690990679942	0.0	0.0	persistent	persistent	persistent	persistent	persistent	persistent		0.9746069083547656	0.014944698512372241	0.010448393132862131	0.0	0.0	0.0
TCCACTTAGTAATGAG-1	Tumor	E15S	Tumor	1	8721.46382522583	1.8821051963480109	0.1721193195779661	0.19127360937669846	0.16799931874226995	0.021551240695087123	0.008833825571660571	0.9696149337332522	0.23103235071950154	0.4445073019248147	0.32446034735568374	0.23103235071950154	0.0	0.0	partial	persistent	persistent	partial	persistent	persistent		0.9696149337332524	0.021551240695087126	0.008833825571660573	0.0	0.0	0.0
TCCACTTAGTATGTAC-1	Tumor	E15S	Tumor	1	5946.327042758465	0.061950654125885796	0.867052839334657	-0.30949021266938864	0.44420981132182596	0.014811257594846193	0.03246332074889608	0.9527254216562576	0.0020496910781421787	0.09628120764860124	0.9016691012732565	0.0020496910781421787	0.0	0.9675366792511039	reverted	reverted	reverted	reverted	reverted	reverted		0.0	0.0	0.0	0.0	0.0	0.03246332074889609
TCCACTTAGTGGGTCT-1	Tumor	E15S	Tumor	1	8066.430834829807	0.406769972306377	0.7724773284169762	0.08730593882041851	0.22171558795597177	0.01723937640371457	0.0112173467588459	0.9715432768374395	0.004511164537719762	0.14459987138362143	0.8508889640786589	0.004511164537719762	0.0	0.9887826532411541	reverted	reverted	reverted	reverted	reverted	persistent		0.0	0.0	0.0	0.0	0.0	0.011217346758845902
TCCAGGCGTTGTCTAA-1	Tumor	E15S	Tumor Proliferating	1	8874.941426992416	1.7966094264171744	0.19641951491501478	0.178195052186228	0.16687255326070968	0.02063718113409141	0.008932987725987043	0.9704298311399217	0.1865728927656421	0.4451293582236679	0.36829774901069007	0.1865728927656421	0.0	0.0	partial	persistent	persistent	partial	persistent	persistent		0.9704298311399217	0.02063718113409141	0.008932987725987043	0.0	0.0	0.0
TCCAGTAAGTCATCGA-1	Tumor	E15S	Tumor	1	8827.312075212598	1.5009597852376813	0.29961856465477565	-0.08376182917414729	0.2659582043159566	0.013437485637533917	0.016946844019957937	0.9696156703425081	0.08438050839282996	0.40318659997673345	0.5124328916304366	0.08438050839282996	0.0	0.0	reverted	persistent	persistent	reverted	persistent	persistent		0.9696156703425082	0.013437485637533919	0.01694684401995794	0.0	0.0	0.0
TCCATAAGTTTCCGAG-1	Tumor	E15S	Tumor Proliferating	1	8814.2000939399	0.24810490101634808	0.8209401162757979	0.10863533530855479	0.24206011765599814	0.018740387820623032	0.011328615373265677	0.9699309968061112	0.003104190812802831	0.1201780901328185	0.8767177190543786	0.003104190812802831	0.0	0.9886713846267343	reverted	reverted	reverted	reverted	reverted	persistent		0.0	0.0	0.0	0.0	0.0	0.011328615373265679
TCCATCCGTAATGTCC-1	Tumor	E15S	Tumor	1	8615.823544234037	3.1805685700391972	0.0174833268567273	-0.331749427699399	0.3003155896133252	0.010918752081972093	0.03282083706350325	0.9562604108545247	0.9645723136123197	0.0321536687541714	0.0032740176335090605	0.9645723136123197	0.0	0.0	persistent	persistent	persistent	persistent	persistent	persistent		0.9562604108545247	0.010918752081972093	0.03282083706350325	0.0	0.0	0.0
TCCATTGCAGCACGAC-1	Tumor	E15S	Tumor	1	8809.279072374105	1.9801831194994284	0.14724712419056593	0.019794461746799115	0.1931408223711226	0.014053514036788329	0.011931255110039347	0.9740152308531722	0.2912383180316047	0.43435339733521694	0.2744082846331783	0.2912383180316047	0.0	0.0	partial	persistent	persistent	partial	persistent	persistent		0.9740152308531723	0.01405351403678833	0.01193125511003935	0.0	0.0	0.0
TCCCAAGGTCAAGTGA-1	Tumor	E15S	Tumor Proliferating	1	8927.610985986888	1.6202973782285188	0.25444597133057606	-0.12305156824707125	0.26283061432946225	0.012593984314373564	0.018442961829951136	0.9689630538556753	0.11708722290973456	0.4266105144123572	0.4563022626779082	0.11708722290973456	0.0	0.0	reverted	persistent	persistent	reverted	persistent	persistent		0.9689630538556754	0.012593984314373566	0.01844296182995114	0.0	0.0	0.0
TCCCACGCAGGGCATC-1	Tumor	E15S	Tumor	1	8408.3232858181	0.08447277788336276	0.862060510024186	0.13387765376950045	0.22962142899344404	0.01959363046974908	0.010648456587053769	0.969757912943197	0.0021522292117085616	0.09891990683876278	0.8989278639495286	0.0021522292117085616	0.0	0.9893515434129462	reverted	reverted	reverted	reverted	reverted	persistent		0.0	0.0	0.0	0.0	0.0	0.01064845658705377
TCCCAGCTCCAGCCCT-1	Tumor	E15S	Tumor	1	8823.18808633089	0.6110612867140387	0.6975373490576501	-0.04977725611910337	0.2772591704590877	0.014530983810054524	0.016083904830703384	0.969385111359242	0.0074846553749665454	0.1821163593142837	0.8103989853107498	0.0074846553749665454	0.9693851113592421	0.0	reverted	partial	partial	reverted	partial	persistent		0.0	0.0	0.0	0.014530983810054526	0.016083904830703388	0.0
TCCCATTAGTCATACG-1	Tumor	E15S	Tumor Proliferating	1	8965.78640011698	0.721660403734721	0.6516312560677315	0.4096179661986888	0.12619291721170678	0.053117990369528315	0.00808017735842158	0.9388018322720502	0.009950562994499682	0.20539330716151405	0.7846561298439862	0.009950562994499682	0.9388018322720502	0.0	reverted	partial	partial	reverted	partial	persistent		0.0	0.0	0.0	0.053117990369528315	0.00808017735842158	0.0
TCCCCAATCCCGCATC-1	Tumor	E15S	Tumor	1	8528.108302354813	0.8202926454963763	0.6081378559837174	-0.17415389768904396	0.3523223550749474	0.014233743824611782	0.02321847731770999	0.9625477788576782	0.01290022447810657	0.2278745600885757	0.7592252154333178	0.01290022447810657	0.9625477788576782	0.0	reverted	partial	partial	reverted	partial	persistent		0.0	0.0	0.0	0.014233743824611782	0.02321847731770999	0.0
TCCCCAGCAATATGTG-1	Tumor	E15S	Tumor	1	8368.355018675327	2.2552833644724553	0.09303196315452188	0.3247256690693677	0.12497981752550401	0.03560568454122468	0.007855997407407056	0.9565383180513682	0.5023106905062227	0.35055418417468137	0.14713512531909603	0.5023106905062227	0.0	0.0	persistent	persistent	persistent	persistent	persistent	persistent		0.9565383180513682	0.03560568454122468	0.007855997407407056	0.0	0.0	0.0
TCCCCTAAGGATAGGT-1	Tumor	E15S	Tumor Proliferating	1	8918.477049350739	0.02119556270308854	0.8756976242748566	0.3859923372176395	0.1435146786589637	0.046496643656742935	0.008042102532294104	0.9454612538109629	0.0018782857052803367	0.09167231653960246	0.9064493977551172	0.0018782857052803367	0.0	0.9919578974677059	reverted	reverted	reverted	reverted	reverted	persistent		0.0	0.0	0.0	0.0	0.0	0.008042102532294105
TCCCTAACATCCTATG-1	Tumor	E15S	Tumor	1	8894.83470119536	0.4779174712645251	0.7479407793075157	0.2922287320910936	0.13416331853408983	0.03088371972538437	0.00793723465028356	0.9611790456243322	0.0053645757385328355	0.1568668245566161	0.8377685997048511	0.0053645757385328355	0.0	0.9920627653497164	reverted	reverted	reverted	reverted	reverted	persistent		0.0	0.0	0.0	0.0	0.0	0.007937234650283558
TCCCTGATCATGTCGA-1	Tumor	E15S	Tumor	1	8826.189820408821	2.565169350591468	0.05397105075670641	0.10055089492213931	0.14879512508744747	0.015988549243901924	0.009545719891884569	0.9744657308642135	0.7429101083521276	0.20354971968741384	0.05354017196045871	0.7429101083521276	0.0	0.0	persistent	persistent	persistent	persistent	persistent	persistent		0.9744657308642135	0.015988549243901924	0.009545719891884569	0.0	0.0	0.0
TCCCTTAGTAGCCTTG-1	Tumor	E15S	Tumor	1	8724.207561925054	1.9857447248220712	0.1459299547787107	0.003982390254721538	0.23022160861987584	0.014583033605157274	0.013223803215906537	0.972193163178936	0.29494004850789934	0.433457304938818	0.27160264655328276	0.29494004850789934	0.0	0.0	partial	persistent	persistent	partial	persistent	persistent		0.9721931631789362	0.014583033605157277	0.01322380321590654	0.0	0.0	0.0
TCCCTTAGTTATCTCT-1	Tumor	E15S	Tumor	1	8779.48055422306	0.6816720940196569	0.6686136036550085	-0.13943152855516966	0.348188142262361	0.01474559607066095	0.021530321913968656	0.9637240820153706	0.008969756911877088	0.1967372329788383	0.7942930101092845	0.008969756911877088	0.9637240820153704	0.0	reverted	partial	partial	reverted	partial	persistent		0.0	0.0	0.0	0.014745596070660947	0.021530321913968652	0.0
TCCTCAACAATGTAGC-1	Tumor	E15S	Tumor	1	8811.784256517887	1.08364070531149	0.4852376862070078	-0.3351637040443792	0.40799527665500945	0.013471658768425678	0.03375081467720204	0.9527775265543722	0.026363508524406526	0.2946752316342966	0.6789612598412968	0.026363508524406526	0.9527775265543723	0.0	reverted	partial	partial	reverted	partial	persistent		0.0	0.0	0.0	0.01347165876842568	0.03375081467720205	0.0
TCCTCGATCACAGACC-1	Tumor	E15S	Tumor	1	8616.705989480019	-0.034113363980797465	0.8866542219631101	-0.4435524193241591	0.5503973608415873	0.016036940902756983	0.04119836666697376	0.9427646924302693	0.0016718578973236252	0.08574790563227146	0.9125802364704048	0.0016718578973236252	0.0	0.9588016333330263	reverted	reverted	reverted	reverted	reverted	persistent		0.0	0.0	0.0	0.0	0.0	0.04119836666697376
TCCTCTTCAGCTAGGC-1	Tumor	E15S	Tumor	1	7771.869013309479	1.001835903463263	0.5239323242283472	0.10431005695833373	0.20251603578289576	0.017450487493502826	0.010507512603700584	0.9720419999027967	0.021054001509077228	0.27305184900056456	0.7058941494903582	0.021054001509077228	0.9720419999027965	0.0	reverted	partial	partial	reverted	partial	persistent		0.0	0.0	0.0	0.017450487493502823	0.010507512603700583	0.0
TCCTGCATCAGGCATC-1	Tumor	E15S	Tumor	1	8693.942873001099	2.687382150621212	0.043305984426941606	-0.40814062183207056	0.33315446931228326	0.011008846612931328	0.040383592337370516	0.9486075610496982	0.8159390322439662	0.15107582353437368	0.03298514422166005	0.8159390322439662	0.0	0.0	persistent	persistent	persistent	persistent	persistent	persistent		0.9486075610496982	0.011008846612931328	0.040383592337370516	0.0	0.0	0.0
TCCTTCTCATGACGTG-1	Tumor	E15S	Tumor	1	8452.172170221806	0.29051130665232705	0.808833467289432	0.11800634101602533	0.21707133112672897	0.018473574286131014	0.010608393959570438	0.9709180317542986	0.0034243359071088344	0.12632139087367314	0.870254273219218	0.0034243359071088344	0.0	0.9893916060404296	reverted	reverted	reverted	reverted	reverted	reverted		0.0	0.0	0.0	0.0	0.0	0.010608393959570438
TCCTTTGGTAATTGGG-1	Tumor	E15S	Tumor	1	7971.26702696085	0.36532716681893834	0.7859713239674501	0.3517316568960781	0.16487963775360584	0.039291047918815755	0.008127229875779903	0.9525817222054043	0.004084552840218306	0.13783728321867914	0.8580781639411026	0.004084552840218306	0.0	0.9918727701242201	reverted	reverted	reverted	reverted	reverted	persistent		0.0	0.0	0.0	0.0	0.0	0.008127229875779905
TCCTTTGGTTCGCAAT-1	Tumor	E15S	Tumor	1	7870.840712368488	0.7872276822005811	0.6229500085543341	0.05398927008373731	0.23445059968376247	0.01631865902393794	0.012166739163073283	0.9715146018129889	0.011818342594176362	0.22016254789031098	0.7680191095155126	0.011818342594176362	0.9715146018129889	0.0	reverted	partial	partial	reverted	partial	persistent		0.0	0.0	0.0	0.01631865902393794	0.012166739163073283	0.0
TCCTTTGGTTTACTTC-1	Tumor	E15S	Tumor	1	8168.116048872471	0.042925302890662174	0.8711500898187651	-0.22374608968626547	0.3514995954485751	0.013413668621991072	0.025773402967265227	0.9608129284107437	0.001967493040049223	0.09410338641020574	0.9039291205497451	0.001967493040049223	0.0	0.9742265970327348	reverted	reverted	reverted	reverted	reverted	persistent		0.0	0.0	0.0	0.0	0.0	0.025773402967265227
TCGAATGTCCATTGAG-1	Tumor	E15S	Tumor	1	8427.260639756918	0.004926314757890983	0.8790116511322336	0.3022477319599023	0.14140642775898327	0.0321809362433618	0.007981422169464096	0.959837641587174	0.0018145941583344297	0.08989081772481743	0.9082945881168482	0.0018145941583344297	0.0	0.9920185778305359	reverted	reverted	reverted	reverted	reverted	persistent		0.0	0.0	0.0	0.0	0.0	0.007981422169464097
TCGACGTAGCAATTAC-1	Tumor	E15S	Tumor	1	7909.344615936279	1.3746673281103743	0.35205370956441817	-0.23183077835426216	0.341154007394662	0.013011574053643801	0.026010655777033542	0.9609777701693226	0.05935065671853722	0.37272102151190795	0.5679283217695548	0.05935065671853722	0.9609777701693226	0.0	reverted	partial	partial	reverted	partial	reverted		0.0	0.0	0.0	0.013011574053643801	0.026010655777033542	0.0
TCGAGGTTCCCTGTGC-1	Tumor	E15S	Tumor Proliferating	1	9010.700216338038	1.6124756203826365	0.25726525392973193	-0.1316147556339142	0.2648340670177893	0.01249803450185918	0.018876006861841974	0.9686259586362989	0.11462608021637491	0.4252935741257951	0.46008034565783	0.11462608021637491	0.0	0.0	reverted	persistent	persistent	reverted	persistent	persistent		0.9686259586362989	0.01249803450185918	0.018876006861841974	0.0	0.0	0.0
TCGAGGTTCTAAGCCA-1	Tumor	E15S	Tumor	1	7322.629745960236	-0.0574677438769398	0.8910222183213914	0.37570581056248287	0.12986243065015987	0.044882917762235665	0.007963869436244204	0.9471532128015202	0.0015928196412654328	0.08335647659671666	0.915050703762018	0.0015928196412654328	0.0	0.9920361305637558	reverted	reverted	reverted	reverted	reverted	persistent		0.0	0.0	0.0	0.0	0.0	0.007963869436244204
TCGCAAATCGAAGCTC-1	Tumor	E15S	Tumor	1	8217.325230300426	0.650084524268818	0.6817273378603228	0.20625187724247285	0.1982989771518087	0.02322267157723772	0.009191024051905257	0.967586304370857	0.008269114669772277	0.19009129602453637	0.8016395893056913	0.008269114669772277	0.967586304370857	0.0	reverted	partial	partial	reverted	partial	persistent		0.0	0.0	0.0	0.02322267157723772	0.009191024051905257	0.0
TCGCAATGTCATTACA-1	Tumor	E15S	Tumor	1	8885.340296983719	1.8172342739624208	0.19032950434422086	-0.24303458459514155	0.28223330284147463	0.011373113082515367	0.025519292080173766	0.963107594837311	0.19661786915998766	0.44563190868797087	0.35775022215204155	0.19661786915998766	0.0	0.0	partial	persistent	persistent	partial	persistent	persistent		0.963107594837311	0.011373113082515367	0.025519292080173766	0.0	0.0	0.0
TCGCAATGTGAGATCA-1	Tumor	E15S	Tumor	1	8073.942458629608	0.768600747553952	0.6311962361960324	0.39422756541999115	0.14654922712778887	0.048157599382212264	0.008074787929445774	0.943767612688342	0.011252077061985053	0.21589510031648226	0.7728528226215328	0.011252077061985053	0.943767612688342	0.0	reverted	partial	partial	reverted	partial	persistent		0.0	0.0	0.0	0.048157599382212264	0.008074787929445774	0.0
TCGCAATGTTGTAGCT-1	Tumor	E15S	Tumor	1	8884.558366060257	0.32289204000856503	0.7991750617039274	0.3553487101096971	0.15151628553659646	0.04023113526983836	0.008035757937077595	0.9517331067930839	0.0036940642839213907	0.1311977929132817	0.865108142802797	0.0036940642839213907	0.0	0.9919642420629224	reverted	reverted	reverted	reverted	reverted	persistent		0.0	0.0	0.0	0.0	0.0	0.008035757937077597
TCGCACCTCTCACTTA-1	Tumor	E15S	Tumor	1	7390.980572462082	4.0741701036009195	0.0032670573596280655	0.5345542369953251	0.11102523263776723	0.10699101781983662	0.009147517094901952	0.8838614650852613	0.999113435332531	0.0008654295043468658	2.1135163122142787e-05	0.999113435332531	0.0	0.0	persistent	persistent	persistent	persistent	persistent	persistent		0.8838614650852614	0.10699101781983664	0.009147517094901953	0.0	0.0	0.0
TCGCAGACAAGCGGAG-1	Tumor	E15S	Tumor	1	8886.237498700619	0.1869262385436792	0.8373375907515369	-0.03466758836581712	0.31011437153972826	0.01592004196816677	0.016562856311987305	0.967517101719846	0.0027005841109102504	0.11178652431956404	0.8855128915695258	0.0027005841109102504	0.0	0.9834371436880127	reverted	reverted	reverted	reverted	reverted	persistent		0.0	0.0	0.0	0.0	0.0	0.016562856311987305
TCGCATAAGGCGAAGC-1	Tumor	E15S	Tumor Proliferating	1	8892.004169866443	0.5780607585615316	0.710553398935065	0.1349371127254983	0.2095994469330252	0.019112387085722722	0.010204938930961227	0.970682673983316	0.00688453783836662	0.17557594612376623	0.8175395160378671	0.00688453783836662	0.0	0.9897950610690388	reverted	reverted	reverted	reverted	reverted	persistent		0.0	0.0	0.0	0.0	0.0	0.010204938930961228
TCGCATCCATAGGTTA-1	Tumor	E15S	Tumor	1	8915.768778517842	0.43557036209322025	0.762752419308002	-0.16572266455407003	0.3559500717437091	0.014490440723746986	0.022917463185541793	0.9625920960907113	0.004836945279352407	0.1494644683865431	0.8456985863341046	0.004836945279352407	0.0	0.9770825368144582	reverted	reverted	reverted	reverted	reverted	persistent		0.0	0.0	0.0	0.0	0.0	0.022917463185541793
TCGCGCAAGCTACGCG-1	Tumor	E15S	Tumor Proliferating	1	8936.801748484373	0.3785968550514555	0.7817150152637031	-0.04418032244356273	0.2722364291604504	0.014518233761141142	0.0157601039954662	0.9697216622433926	0.004216023690383066	0.13997239495776467	0.8558115813518523	0.004216023690383066	0.0	0.9842398960045338	reverted	reverted	reverted	reverted	reverted	persistent		0.0	0.0	0.0	0.0	0.0	0.0157601039954662
TCGCGGATCCAGCCCT-1	Tumor	E15S	Tumor	1	7933.471350848675	0.09241783913875759	0.8602621674371679	-0.4555339699185048	0.5719592215759678	0.016485115568527477	0.041811916325344846	0.9417029681061276	0.00218981724742037	0.09986665143458313	0.8979435313179965	0.00218981724742037	0.0	0.9581880836746551	reverted	reverted	reverted	reverted	reverted	reverted		0.0	0.0	0.0	0.0	0.0	0.041811916325344846
TCGCGGATCGACCGAT-1	Tumor	E15S	Tumor	1	7897.47561571002	1.5208752333189623	0.29176694764163486	-0.04279457999426604	0.26884146511436796	0.014451927583457994	0.01561969427907245	0.9699283781374696	0.08916104439664824	0.4075370811584352	0.5033018744449166	0.08916104439664824	0.0	0.0	reverted	persistent	persistent	reverted	persistent	persistent		0.9699283781374696	0.014451927583457994	0.01561969427907245	0.0	0.0	0.0
TCGCGGATCGTACAGC-1	Tumor	E15S	Tumor Proliferating	1	8960.75350831449	0.7254367368268992	0.650006582674514	-0.1137015186574235	0.3066025261250292	0.014003126572134383	0.019270710505415355	0.9667261629224502	0.010049013626648114	0.20622464787033237	0.7837263385030195	0.010049013626648114	0.9667261629224503	0.0	reverted	partial	partial	reverted	partial	persistent		0.0	0.0	0.0	0.014003126572134384	0.01927071050541536	0.0
TCGCTTGTCTCATCCG-1	Tumor	E15S	Tumor Proliferating	1	8919.867849647999	2.175505363388222	0.10658273446462861	0.16976102001876206	0.13071381317303088	0.019408082316972084	0.008498298611353677	0.9720936190716741	0.43670363918515925	0.3824565437998705	0.18083981701497018	0.43670363918515925	0.0	0.0	persistent	persistent	persistent	persistent	persistent	persistent		0.9720936190716742	0.019408082316972088	0.008498298611353679	0.0	0.0	0.0
TCGGCAACAATCAGCG-1	Tumor	E15S	Tumor Proliferating	1	8857.4958364591	1.240218837947171	0.412051109456583	-0.3806042315956307	0.41528872576233217	0.013140098171942696	0.0371652959620746	0.9496946058659825	0.04074462847332247	0.33706252113068635	0.6221928503959911	0.04074462847332247	0.9496946058659828	0.0	reverted	partial	partial	reverted	partial	persistent		0.0	0.0	0.0	0.013140098171942699	0.03716529596207461	0.0
TCGGCTAGTGCATCTG-1	Tumor	E15S	Tumor	1	7038.462835550308	-0.0682810670559501	0.892994157687663	-0.4784860956894685	0.4720878489444312	0.01355978962963338	0.04470222335427803	0.9417379870160887	0.001557731166498031	0.08227077000376955	0.9161714988297325	0.001557731166498031	0.0	0.955297776645722	reverted	reverted	reverted	reverted	reverted	persistent		0.0	0.0	0.0	0.0	0.0	0.04470222335427803
TCGGCTGAGCGATGTC-1	Tumor	E15S	Tumor	1	8723.223191946745	1.5643512186454824	0.2750550423713759	0.05763018030670947	0.16207196463580834	0.014550919803323745	0.010486498488136901	0.9749625817085392	0.10050393372532675	0.41646526939628203	0.4830307968783912	0.10050393372532675	0.0	0.0	reverted	persistent	persistent	reverted	persistent	persistent		0.9749625817085393	0.014550919803323747	0.010486498488136903	0.0	0.0	0.0
TCGGGCATCTCACCGC-1	Tumor	E15S	Hypoxic Tumor	1	9038.65145623684	-0.3223688921860293	0.9310366528473542	0.313178164168894	0.1574281475692316	0.033579767714731625	0.00810194755005741	0.9583182847352111	0.0009487191079792929	0.060338814929254844	0.9387124659627659	0.0009487191079792929	0.0	0.9918980524499427	reverted	reverted	reverted	reverted	reverted	reverted		0.0	0.0	0.0	0.0	0.0	0.00810194755005741
TCGGTATGTGAGTGCG-1	Tumor	E15S	Hypoxic Tumor	1	5085.813223838806	-0.4793491993080056	0.9478420405239147	-0.18659038242824277	0.35958343546083554	0.01423455966960968	0.02401038169343214	0.9617550586369581	0.0007175689754076686	0.04976133430664715	0.9495210967179453	0.0007175689754076686	0.0	0.9759896183065678	reverted	reverted	reverted	reverted	reverted	persistent		0.0	0.0	0.0	0.0	0.0	0.024010381693432142
TCGGTTAAGGATTAGA-1	Tumor	E15S	Hypoxic Tumor	1	6508.066996574402	-0.492993487759771	0.9491043735764048	-0.05281409842723995	0.34995252528816323	0.016722660538136615	0.018331060359552342	0.964946279102311	0.0007010635791981358	0.04893366017790883	0.950365276242893	0.0007010635791981358	0.0	0.9816689396404477	reverted	reverted	reverted	reverted	reverted	persistent		0.0	0.0	0.0	0.0	0.0	0.018331060359552342
TCGTATAGTTGAAGTG-1	Tumor	E15S	Hypoxic Tumor	1	7273.2950801849365	0.557348418913437	0.7185508899987344	-0.14484217425314794	0.22932397954519274	0.011392641357438579	0.01857608511014618	0.9700312735324153	0.0065349396775808335	0.17156625592341623	0.821898804399003	0.0065349396775808335	0.0	0.9814239148898538	reverted	reverted	reverted	reverted	reverted	persistent		0.0	0.0	0.0	0.0	0.0	0.01857608511014618
TCGTCAAAGGAGTAGT-1	Tumor	E15S	Tumor	1	8759.142890930176	0.8238829091979257	0.6065169238272932	0.2692355230482127	0.1841085063456859	0.02843656814628188	0.008542249414782977	0.9630211824389352	0.013023928299595205	0.22872230935911822	0.7582537623412866	0.013023928299595205	0.9630211824389352	0.0	reverted	partial	partial	reverted	partial	persistent		0.0	0.0	0.0	0.02843656814628188	0.008542249414782977	0.0
TCGTCACCATCATCAT-1	Tumor	E15S	Tumor	1	8736.849793940783	0.9682850627546354	0.5397458007304924	0.1348501352023801	0.17553699799018	0.018265502928615514	0.009549150647289098	0.9721853464240955	0.01921188070042517	0.26437804530135345	0.7164100739982212	0.01921188070042517	0.9721853464240955	0.0	reverted	partial	partial	reverted	partial	persistent		0.0	0.0	0.0	0.018265502928615514	0.009549150647289098	0.0
TCGTCATTCACTAGCA-1	Tumor	E15S	Tumor	1	8362.947048068047	-0.10805981745338526	0.8999801306278912	-0.06560267603159708	0.3098991353037424	0.015143505978807766	0.01756426597328678	0.9672922280479055	0.0014363387884358486	0.07839147653661932	0.9201721846749449	0.0014363387884358486	0.0	0.9824357340267132	reverted	reverted	reverted	reverted	reverted	reverted		0.0	0.0	0.0	0.0	0.0	0.01756426597328678
TCGTCCATCCTGAAGC-1	Tumor	E15S	Tumor	1	8738.927626736462	1.92275933672979	0.16142741399821686	0.12552950631329896	0.1719116290320531	0.01769977238206453	0.009603606260228159	0.9726966213577073	0.25480416793883526	0.4415785511824295	0.30361728087873524	0.25480416793883526	0.0	0.0	partial	persistent	persistent	partial	persistent	persistent		0.9726966213577073	0.01769977238206453	0.009603606260228159	0.0	0.0	0.0
TCGTGATGTTAAGGTG-1	Tumor	E15S	Tumor	1	8873.561224326491	0.5475288390022807	0.7222951194307204	-0.08175865599158258	0.29758838881979627	0.014401568954232467	0.01777650827103201	0.9678219227747354	0.006376051873139184	0.16969092827672727	0.8239330198501336	0.006376051873139184	0.0	0.982223491728968	reverted	reverted	reverted	reverted	reverted	persistent		0.0	0.0	0.0	0.0	0.0	0.01777650827103201
TCGTGGACAAGTGCGC-1	Tumor	E15S	Tumor Proliferating	1	8994.109430283308	0.5352986707445557	0.7269153884444584	-0.1026905099184845	0.2887101871273309	0.01370041913842521	0.018317614322256464	0.9679819665393182	0.0061840740769210124	0.16737824762560238	0.8264376782974766	0.0061840740769210124	0.0	0.9816823856777436	reverted	reverted	reverted	reverted	reverted	persistent		0.0	0.0	0.0	0.0	0.0	0.018317614322256467
TCGTTAAGTTTACGAC-1	Tumor	E15S	Tumor Proliferating	1	9011.685960903764	0.6482649428087582	0.6824742935228213	-0.18705040326224096	0.34588966863233284	0.013827503833955736	0.023685035370249564	0.9624874607957948	0.008230608746395878	0.1897136457884174	0.8020557454651868	0.008230608746395878	0.9624874607957946	0.0	reverted	partial	partial	reverted	partial	persistent		0.0	0.0	0.0	0.013827503833955732	0.023685035370249557	0.0
TCGTTAGAGTGACCAC-1	Tumor	E15S	Tumor Proliferating	1	8934.291079506278	1.0570875807167834	0.49780068403635597	0.05596046809932521	0.1986190774659413	0.015395899918643792	0.011277755240085712	0.9733263448412707	0.02450181140860871	0.28759211030452014	0.687906078286871	0.02450181140860871	0.9733263448412705	0.0	reverted	partial	partial	reverted	partial	persistent		0.0	0.0	0.0	0.015395899918643789	0.01127775524008571	0.0
TCGTTCCGTCTTGACG-1	Tumor	E15S	Tumor	1	8199.308712720871	1.1855856019899091	0.43731564002004325	-0.23225368564190194	0.3202410159596941	0.012447840691097284	0.02558828181729236	0.9619638774916105	0.03498335344576762	0.32223036672341737	0.642786279830815	0.03498335344576762	0.9619638774916103	0.0	reverted	partial	partial	reverted	partial	reverted		0.0	0.0	0.0	0.01244784069109728	0.025588281817292353	0.0
TCGTTCCGTTCCCAAG-1	Tumor	E15S	Tumor	1	8163.446368098259	0.4597274918644786	0.7543773211806499	0.17824071541869846	0.1955856557056771	0.021254587565640696	0.009413140081496928	0.9693322723528622	0.0051304799245976	0.15365053197384979	0.8412189881015527	0.0051304799245976	0.0	0.990586859918503	reverted	reverted	reverted	reverted	reverted	persistent		0.0	0.0	0.0	0.0	0.0	0.00941314008149693
TCGTTTCAGGGCTATC-1	Tumor	E15S	Tumor	1	7851.677231729031	0.7727878525792812	0.6293490583991318	-0.07723427301205349	0.2879604408661815	0.014214522346689427	0.017333687152836057	0.9684517905004744	0.011376777360938525	0.21684946910019218	0.7717737535388693	0.011376777360938525	0.9684517905004745	0.0	reverted	partial	partial	reverted	partial	persistent		0.0	0.0	0.0	0.01421452234668943	0.01733368715283606	0.0
TCTAACCTCCTTCGAT-1	Tumor	E15S	Tumor	1	8922.440225243568	1.5293015082651782	0.2884815799767311	-0.4372110964070024	0.3747059994167609	0.011650124580127614	0.042741175831731634	0.9456086995881406	0.09126032512836191	0.40933085752017584	0.49940881735146236	0.09126032512836191	0.0	0.0	reverted	persistent	persistent	reverted	persistent	persistent		0.9456086995881408	0.011650124580127616	0.04274117583173164	0.0	0.0	0.0
TCTACGGGTGCGTGCT-1	Tumor	E15S	Tumor Proliferating	1	8986.865240715444	0.25403924671278194	0.8192826974713159	0.15681169974187883	0.199263813873753	0.020042360245983923	0.009719732398331375	0.9702379073556845	0.003146876077216331	0.1210214446067725	0.875831679316011	0.003146876077216331	0.0	0.9902802676016687	reverted	reverted	reverted	reverted	reverted	persistent		0.0	0.0	0.0	0.0	0.0	0.009719732398331377
TCTACGGGTTTCGGCA-1	Tumor	E15S	Tumor	1	6165.265537261963	1.441929254162178	0.3235814654904502	0.13704193132677994	0.14712735853028266	0.01776134401264123	0.009051931909125894	0.9731867240782328	0.07161313604818133	0.3894862401205216	0.5389006238312971	0.07161313604818133	0.9731867240782329	0.0	reverted	partial	partial	reverted	partial	persistent		0.0	0.0	0.0	0.017761344012641234	0.009051931909125895	0.0
TCTACGTTCTAGGCGT-1	Tumor	E15S	Tumor	1	8468.5385594517	2.3634250421939047	0.07713735682174838	-0.25158384436735887	0.28661684066406146	0.011380225133511336	0.026190705588166868	0.9624290692783218	0.5917594725712897	0.300873691506113	0.10736683592259734	0.5917594725712897	0.0	0.0	persistent	persistent	persistent	persistent	persistent	reverted		0.9624290692783218	0.011380225133511336	0.026190705588166868	0.0	0.0	0.0
TCTACTATCGTCTCCA-1	Tumor	E15S	Tumor Proliferating	1	8953.064059495926	0.6293932046081335	0.6901655021653155	0.19393403328758968	0.18176260368410557	0.022008759659724597	0.009026018334669293	0.9689652220056061	0.007842564019975391	0.1858302557335967	0.8063271802464279	0.007842564019975391	0.9689652220056061	0.0	reverted	partial	partial	reverted	partial	persistent		0.0	0.0	0.0	0.022008759659724597	0.009026018334669293	0.0
TCTAGCTTCCAGGTGT-1	Tumor	E15S	Tumor Proliferating	1	8919.310586437583	0.9384587895587655	0.5537378980471754	0.08362228312167472	0.20414531025500812	0.016606193743343513	0.01088590220064815	0.9725079040560083	0.017716526569752686	0.25677988731238166	0.7255035861178656	0.017716526569752686	0.9725079040560083	0.0	reverted	partial	partial	reverted	partial	persistent		0.0	0.0	0.0	0.016606193743343513	0.01088590220064815	0.0
TCTAGTGAGGTTCAGC-1	Tumor	E15S	Tumor	1	8125.504700899124	2.8616494519370392	0.03151994812847035	-0.7706705372105221	0.5461883980880436	0.012858211127467408	0.07134998147288119	0.9157918073996514	0.8922100958288897	0.09235759749546917	0.015432306675641137	0.8922100958288897	0.0	0.0	persistent	persistent	persistent	persistent	persistent	persistent		0.9157918073996514	0.012858211127467408	0.07134998147288119	0.0	0.0	0.0
TCTATAGGTCCATTAA-1	Tumor	E15S	Tumor Proliferating	1	8122.797798156738	1.8540137442325484	0.17982999726258006	0.1027367346857645	0.17973679208550009	0.016799404212525362	0.010070284376267944	0.9731303114112069	0.21560007164181152	0.44551376157384287	0.3388861667843455	0.21560007164181152	0.0	0.0	partial	persistent	persistent	partial	persistent	persistent		0.9731303114112066	0.01679940421252536	0.010070284376267943	0.0	0.0	0.0
TCTATCGCACTCATAT-1	Tumor	E15S	Tumor	1	8224.374982178211	0.5663615026390881	0.7150872853695265	0.2550523262310989	0.19197295601421038	0.027140063485347008	0.008728886966084858	0.9641310495485682	0.006684614335221101	0.17330206959069938	0.8200133160740795	0.006684614335221101	0.0	0.9912711130339152	reverted	reverted	reverted	reverted	reverted	persistent		0.0	0.0	0.0	0.0	0.0	0.008728886966084858
TCTATCTGTTGGTGCC-1	Tumor	E15S	Tumor	1	8769.70707643032	0.2674823880772279	0.8154839579962565	0.3628135593144537	0.14702317176285382	0.04171084479800201	0.00801609310626543	0.9502730620957326	0.0032460627778090373	0.12295147025881228	0.8738024669633786	0.0032460627778090373	0.0	0.9919839068937346	reverted	reverted	reverted	reverted	reverted	persistent		0.0	0.0	0.0	0.0	0.0	0.00801609310626543
TCTATGAGTCCATAGT-1	Tumor	E15S	Tumor	1	6563.11279129982	0.49533960026646856	0.7416719999767287	0.14416419848760922	0.261533163939632	0.021011523602741576	0.011231818097989645	0.9677566582992686	0.0055999364786117715	0.15999944168296193	0.8344006218384263	0.0055999364786117715	0.0	0.9887681819020103	reverted	reverted	reverted	reverted	reverted	persistent		0.0	0.0	0.0	0.0	0.0	0.011231818097989647
TCTATGCTCCGCGAAT-1	Tumor	E15S	Tumor	1	8818.992687165737	0.8849994129038996	0.5785909420298133	-0.16642488287869542	0.3061694927274222	0.013040028777541086	0.021625675310502725	0.9653342959119562	0.015335790466514784	0.24345390686910476	0.7412103026643804	0.015335790466514784	0.9653342959119562	0.0	reverted	partial	partial	reverted	partial	persistent		0.0	0.0	0.0	0.013040028777541086	0.021625675310502725	0.0
TCTATGCTCCGTAGAC-1	Tumor	E15S	Tumor	1	8920.760434247553	1.1733836290897908	0.4430079085756763	-0.2657069564784552	0.36077359897806033	0.013081376538813035	0.02846886171528088	0.958449761745906	0.033814517075924325	0.3189151627187384	0.6472703202053373	0.033814517075924325	0.9584497617459061	0.0	reverted	partial	partial	reverted	partial	persistent		0.0	0.0	0.0	0.013081376538813036	0.028468861715280885	0.0
TCTATTGTCAGTAGGG-1	Tumor	E15S	Tumor Proliferating	1	8902.733293488622	0.12251146265666867	0.8532719378408657	-0.5098123672057353	0.5768998599653171	0.015965800685441633	0.04522874915547671	0.9388054501590816	0.0023392686609684586	0.10352911001139714	0.8941316213276344	0.0023392686609684586	0.0	0.9547712508445233	reverted	reverted	reverted	reverted	reverted	persistent		0.0	0.0	0.0	0.0	0.0	0.045228749155476713
TCTATTGTCATCTACC-1	Tumor	E15S	Tumor	1	7562.374575376511	2.437253529386423	0.06775728204540614	0.054077388945380216	0.1557657084581963	0.014280560153447152	0.010433794104469436	0.9752856457420833	0.6505460344232963	0.264884472509559	0.08456949306714473	0.6505460344232963	0.0	0.0	persistent	persistent	persistent	persistent	persistent	persistent		0.9752856457420834	0.014280560153447154	0.010433794104469438	0.0	0.0	0.0
TCTCACTAGTATGGAA-1	Tumor	E15S	Tumor	1	7986.204726755619	2.3599526797074684	0.07760662350136373	-0.20159193825288843	0.2280649050063245	0.01062759186211355	0.02170185167069532	0.9676705564671912	0.5889287193644274	0.3025432089154898	0.10852807172008291	0.5889287193644274	0.0	0.0	persistent	persistent	persistent	persistent	persistent	persistent		0.967670556467191	0.010627591862113548	0.021701851670695316	0.0	0.0	0.0
TCTCATATCCGCGTGA-1	Tumor	E15S	Tumor	1	8469.860687732697	1.8256494282767142	0.18788654872578275	-0.100535976334382	0.25384198803573016	0.012767145662766773	0.017258434715471924	0.9699744196217613	0.20083946829353813	0.44572145255680684	0.3534390791496549	0.20083946829353813	0.0	0.0	partial	persistent	persistent	partial	persistent	persistent		0.9699744196217613	0.012767145662766773	0.017258434715471924	0.0	0.0	0.0
TCTCATCAGGGTCTGT-1	Tumor	E15S	Tumor	1	5633.724992275238	1.332605740468908	0.37042474652378937	-0.5324345656669884	0.4886691622551549	0.01345043047161168	0.049103524624912076	0.9374460449034763	0.052761286240768646	0.36178941966375283	0.5854492940954785	0.052761286240768646	0.9374460449034763	0.0	reverted	partial	partial	reverted	partial	persistent		0.0	0.0	0.0	0.01345043047161168	0.049103524624912076	0.0
TCTCGATTCATCGAGC-1	Tumor	E15S	Tumor Proliferating	1	8949.00335983932	1.2286391582638592	0.4173721113088654	-0.42809560281303244	0.4092683375686346	0.012511293746700267	0.04125000805336062	0.9462386981999391	0.03944771317193373	0.33392403284568567	0.6266282539823805	0.03944771317193373	0.9462386981999391	0.0	reverted	partial	partial	reverted	partial	persistent		0.0	0.0	0.0	0.012511293746700267	0.04125000805336062	0.0
TCTCGATTCGATAGTT-1	Tumor	E15S	Tumor	1	8943.596204280853	0.3015692498822568	0.8055756120110216	0.11530388886591364	0.26334522281630424	0.019666122887871045	0.011735596392737203	0.9685982807193918	0.0035138617673597513	0.12796840982794172	0.8685177284046984	0.0035138617673597513	0.0	0.9882644036072629	reverted	reverted	reverted	reverted	reverted	persistent		0.0	0.0	0.0	0.0	0.0	0.011735596392737203
TCTCGATTCTATGCGA-1	Tumor	E15S	Tumor	1	5795.399188995361	2.0409652896721573	0.13337664805109417	-0.00586347381911486	0.18770950093636857	0.013182807018238717	0.012441801093231331	0.97437539188853	0.3332642761611669	0.4226632649636657	0.24407245887516746	0.3332642761611669	0.0	0.0	partial	persistent	persistent	partial	persistent	persistent		0.97437539188853	0.013182807018238717	0.012441801093231331	0.0	0.0	0.0
TCTCGTTAGGCACGTT-1	Tumor	E15S	Tumor	1	7641.499486446381	0.2738262528356637	0.8136699785841893	-0.7388176347938875	0.6015209353197658	0.014338690457975258	0.06266383460725994	0.9229974749347649	0.0032940991469794984	0.12387173733290452	0.872834163520116	0.0032940991469794984	0.0	0.93733616539274	reverted	reverted	reverted	reverted	reverted	persistent		0.0	0.0	0.0	0.0	0.0	0.06266383460725992
TCTCTCCTCCTCTCTC-1	Tumor	E15S	Tumor	1	9032.392696380615	2.9615176555836906	0.026232513058466283	0.3909452822347095	0.09931502741033199	0.04982220004857192	0.007957405735054488	0.9422203942163736	0.9226877514548862	0.06762782324069659	0.009684425304417255	0.9226877514548862	0.0	0.0	persistent	persistent	persistent	persistent	persistent	persistent		0.9422203942163736	0.04982220004857192	0.007957405735054488	0.0	0.0	0.0
TCTCTCCTCCTTAGAG-1	Tumor	E15S	Tumor Proliferating	1	8845.666815131903	2.5132739068871146	0.05921279087393004	0.2212374927719701	0.12970275980673857	0.02329317377329666	0.008133866333765947	0.9685729598929375	0.7071914373446248	0.2279402873667652	0.06486827528861004	0.7071914373446248	0.0	0.0	persistent	persistent	persistent	persistent	persistent	persistent		0.9685729598929375	0.02329317377329666	0.008133866333765947	0.0	0.0	0.0
TCTCTGGTCGATAGTT-1	Tumor	E15S	Tumor Proliferating	1	8695.223571121693	1.3748413172774046	0.3519785759186988	-0.1195593430272649	0.26233404115624487	0.01264297982103255	0.018278479651553832	0.9690785405274136	0.059379542240161405	0.3727656302246427	0.567854827535196	0.059379542240161405	0.9690785405274136	0.0	reverted	partial	partial	reverted	partial	persistent		0.0	0.0	0.0	0.01264297982103255	0.018278479651553832	0.0
TCTGACAAGCGGATGA-1	Tumor	E15S	Tumor	1	8124.265440523624	0.26651549811958036	0.8157592294924495	0.14543138610405762	0.15742286885694565	0.018439838070280157	0.009118000780554839	0.972442161149165	0.0032388114583695973	0.12281174459729155	0.8739494439443389	0.0032388114583695973	0.0	0.9908819992194452	reverted	reverted	reverted	reverted	reverted	persistent		0.0	0.0	0.0	0.0	0.0	0.009118000780554839
TCTGACAAGCTGGTGT-1	Tumor	E15S	Tumor	1	8736.416431158781	0.8966748357213526	0.5731924685830572	0.1579676814817698	0.1979109809626247	0.020076310304942696	0.009680417329034751	0.9702432723660225	0.01582514581574467	0.2463305986245301	0.7378442555597253	0.01582514581574467	0.9702432723660226	0.0	reverted	partial	partial	reverted	partial	persistent		0.0	0.0	0.0	0.0200763103049427	0.009680417329034753	0.0
TCTGCACCAATCAGTA-1	Tumor	E15S	Tumor	1	7970.860096037388	2.245104664613369	0.09467069415762214	0.11275553514605599	0.18291739125688947	0.01733954979861391	0.009983765826269676	0.9726766843751167	0.4938590361683628	0.35489709878196934	0.15124386504966789	0.4938590361683628	0.0	0.0	persistent	persistent	persistent	persistent	persistent	persistent		0.9726766843751165	0.017339549798613907	0.009983765826269675	0.0	0.0	0.0
TCTGCCATCTCACTCG-1	Tumor	E15S	Tumor	1	8953.61996344477	1.176232124265633	0.4416776778400197	0.2536351288904037	0.1763693033454365	0.026819359098344656	0.008521311558193165	0.9646593293434621	0.03408374749008175	0.3196889463038013	0.646227306206117	0.03408374749008175	0.9646593293434622	0.0	reverted	partial	partial	reverted	partial	persistent		0.0	0.0	0.0	0.02681935909834466	0.008521311558193167	0.0
TCTGCCTGTCAATTCA-1	Tumor	E15S	Tumor	1	8886.763425916433	0.8106803870771375	0.6124657890389482	-0.25799959522077875	0.372609409734821	0.01350973625946705	0.028209896331042917	0.95828036740949	0.012575176411578248	0.22561478848871	0.7618100350997117	0.012575176411578248	0.9582803674094901	0.0	reverted	partial	partial	reverted	partial	persistent		0.0	0.0	0.0	0.013509736259467052	0.02820989633104292	0.0
TCTGCCTGTCAGGAGT-1	Tumor	E15S	Tumor	1	9003.163797333837	0.984386183764543	0.5321648888831509	-0.06988669851266824	0.2841804334901262	0.014266599773703464	0.01696329783577699	0.9687701023905196	0.02007382662870064	0.2685246126796899	0.7114015606916093	0.02007382662870064	0.9687701023905196	0.0	reverted	partial	partial	reverted	partial	persistent		0.0	0.0	0.0	0.014266599773703464	0.01696329783577699	0.0
TCTGCGGAGTAGACTT-1	Tumor	E15S	Tumor	1	8854.460023283958	0.23398929424939702	0.8248346938297116	-0.3668407151953216	0.5098559960371373	0.015897336861195894	0.03649211419804979	0.9476105489407542	0.0030052814559443754	0.11819316100666238	0.8788015575373933	0.0030052814559443754	0.0	0.9635078858019502	reverted	reverted	reverted	reverted	reverted	persistent		0.0	0.0	0.0	0.0	0.0	0.0364921141980498
TCTGGCGAGGTTCAGC-1	Tumor	E15S	Tumor	1	5359.069615364075	0.007422546353577936	0.878508166401663	-0.08964103218714012	0.3751572296187589	0.016643964990723147	0.020348864046061586	0.9630071709632153	0.0018241996611717947	0.09016202988392238	0.9080137704549059	0.0018241996611717947	0.0	0.9796511359539385	reverted	reverted	reverted	reverted	reverted	persistent		0.0	0.0	0.0	0.0	0.0	0.020348864046061586
TCTGGCTCACTTGCGT-1	Tumor	E15S	Tumor	1	8887.433147080243	0.9973591263351748	0.5260458335686534	-0.0954111019479449	0.27966098587164984	0.013587108301292462	0.01777553270546701	0.9686373589932407	0.020797839224578313	0.2718871678124034	0.7073149929630183	0.020797839224578313	0.9686373589932404	0.0	reverted	partial	partial	reverted	partial	persistent		0.0	0.0	0.0	0.013587108301292459	0.017775532705467008	0.0
TCTGGGACATTGGCCT-1	Tumor	E15S	Tumor Proliferating	1	9017.44403630495	0.5351384388129637	0.7269756008185573	0.17576157307142778	0.21082852039773625	0.021453078140413178	0.00972287586527754	0.9688240459943092	0.006181601525345546	0.16734811759559376	0.8264702808790607	0.006181601525345546	0.0	0.9902771241347225	reverted	reverted	reverted	reverted	reverted	persistent		0.0	0.0	0.0	0.0	0.0	0.009722875865277541
TCTGGGCGTAAGGGTC-1	Tumor	E15S	Tumor Proliferating	1	8983.605325840414	-0.05479602121914965	0.8905301082862733	-0.5875332201529571	0.6583237838632257	0.01725596796244672	0.04860653055216831	0.9341375014853851	0.001601633440057158	0.08362681747302642	0.9147715490869165	0.001601633440057158	0.0	0.9513934694478317	reverted	reverted	reverted	reverted	reverted	persistent		0.0	0.0	0.0	0.0	0.0	0.0486065305521683
TCTGGGTAGCCGACCA-1	Tumor	E15S	Tumor	1	8478.697784990072	0.41018563881327263	0.7713388213508108	-0.05300903223027226	0.25191568250604296	0.013718077220413325	0.015476849338520065	0.9708050734410666	0.004548491195589154	0.14516968372643607	0.8502818250779749	0.004548491195589154	0.0	0.9845231506614799	reverted	reverted	reverted	reverted	reverted	persistent		0.0	0.0	0.0	0.0	0.0	0.015476849338520065
TCTGGGTAGTGGGTTC-1	Tumor	E15S	Tumor	1	7131.478445529938	0.2549558864876101	0.8190256233917341	-0.017054210397937655	0.2531450046180479	0.014653958717131536	0.014406569198690742	0.9709394720841779	0.003153528746302807	0.12115218244567212	0.8756942888080249	0.003153528746302807	0.0	0.9855934308013093	reverted	reverted	reverted	reverted	reverted	reverted		0.0	0.0	0.0	0.0	0.0	0.014406569198690742
TCTGGTAAGGGTACGA-1	Tumor	E15S	Tumor Proliferating	1	8942.655483447015	2.7987226756805095	0.03536670056812267	0.328990065863171	0.11087215642605752	0.0365081206189632	0.007785291068596973	0.9557065883124399	0.8683014779532165	0.11122393456505164	0.02047458748173191	0.8683014779532165	0.0	0.0	persistent	persistent	persistent	persistent	persistent	persistent		0.9557065883124397	0.03650812061896319	0.007785291068596972	0.0	0.0	0.0
TCTGTGAAGTACCATG-1	Tumor	E15S	Tumor Proliferating	1	8556.17655596137	-0.1503140969357405	0.9069539884208746	-0.409271205172208	0.553040039134903	0.016553875269575802	0.03910758702884772	0.9443385377015765	0.0013195914254886957	0.0744624652007946	0.9242179433737167	0.0013195914254886957	0.0	0.9608924129711522	reverted	reverted	reverted	reverted	reverted	persistent		0.0	0.0	0.0	0.0	0.0	0.03910758702884772
TCTGTGAAGTGGCGTT-1	Tumor	E15S	Tumor	1	8271.76464998722	-0.08587213717190735	0.8961350076393463	0.187890050384823	0.17419122805993129	0.021437194532253418	0.008959088361924671	0.9696037171058219	0.0015025953652081268	0.0805332193518838	0.9179641852829081	0.0015025953652081268	0.0	0.9910409116380754	reverted	reverted	reverted	reverted	reverted	reverted		0.0	0.0	0.0	0.0	0.0	0.008959088361924671
TCTGTGTTCCTCTCCT-1	Tumor	E15S	Tumor Proliferating	1	8999.185824394226	1.1069695597598699	0.47421502213168826	0.05622668489714137	0.215625950909285	0.01586571563087128	0.011663316460180968	0.9724709679089477	0.028120270454598074	0.30093923169839415	0.6709404978470077	0.028120270454598074	0.9724709679089477	0.0	reverted	partial	partial	reverted	partial	persistent		0.0	0.0	0.0	0.01586571563087128	0.011663316460180968	0.0
TCTGTTGCACTTCAGC-1	Tumor	E15S	Tumor Proliferating	1	9096.163589768112	0.2234438684528587	0.8277004746356705	0.025277999349052054	0.25970154933543366	0.016094216562777375	0.013472384388337987	0.9704333990488847	0.0029337310130437737	0.11672952121561218	0.8803367477713441	0.0029337310130437737	0.0	0.986527615611662	reverted	reverted	reverted	reverted	reverted	persistent		0.0	0.0	0.0	0.0	0.0	0.013472384388337987
TGAAACCCATTACGTT-1	Tumor	E15S	Tumor	1	8365.176764845848	1.3316981344439973	0.370825545954125	-0.720885226223285	0.6371733934516974	0.01535518754944448	0.05877929209489699	0.9258655203556586	0.052627431522408515	0.3615506346681906	0.585821933809401	0.052627431522408515	0.9258655203556586	0.0	reverted	partial	partial	reverted	partial	persistent		0.0	0.0	0.0	0.01535518754944448	0.05877929209489699	0.0
TGAAACGGTATAGACG-1	Tumor	E15S	Tumor	1	8934.618962526321	0.03268031394355966	0.8733115411891774	-1.203277348433302	1.0061124875881367	0.019884448922299403	0.06596128634410696	0.9141542647335936	0.0019248294771890058	0.0929497830613985	0.9051253874614124	0.0019248294771890058	0.0	0.9340387136558931	reverted	reverted	reverted	reverted	reverted	persistent		0.0	0.0	0.0	0.0	0.0	0.06596128634410697
TGAACATTCCGCCAAG-1	Tumor	E15S	Tumor	1	8823.447026535869	1.3002519158767425	0.38481877924230906	0.019527319433276624	0.18792228262455724	0.013913164953781745	0.011819509452562703	0.9742673255936556	0.04819354186069804	0.3532160536336367	0.5985904045056653	0.04819354186069804	0.9742673255936556	0.0	reverted	partial	partial	reverted	partial	persistent		0.0	0.0	0.0	0.013913164953781745	0.011819509452562703	0.0
TGAACCATCGCTCAGG-1	Tumor	E15S	Tumor	1	8545.1878670156	0.7565743007943865	0.6364803058223945	-0.16860061544755486	0.33273585873623834	0.013756873247449184	0.022434815105728905	0.9638083116468219	0.010902010073280297	0.21316982614876379	0.7759281637779559	0.010902010073280297	0.9638083116468219	0.0	reverted	partial	partial	reverted	partial	persistent		0.0	0.0	0.0	0.013756873247449184	0.022434815105728905	0.0
TGAATGGGTGATGGCG-1	Tumor	E15S	Tumor	1	7976.140195548534	0.32315180897316237	0.799096121869627	0.19983324419810036	0.17567063257958632	0.022310847679056892	0.008878953312518909	0.9688101990084241	0.0036963230380904493	0.13123757251051163	0.8650661044513981	0.0036963230380904493	0.0	0.9911210466874811	reverted	reverted	reverted	reverted	reverted	persistent		0.0	0.0	0.0	0.0	0.0	0.00887895331251891
TGACATTAGTTAGACT-1	Tumor	E15S	Tumor	1	8734.595918983221	0.0781110910465769	0.863486410715241	0.43267946087831033	0.11925518968745807	0.060285798537147245	0.008201963817561123	0.9315122376452916	0.0021226723662795535	0.09816784431273001	0.8997094833209904	0.0021226723662795535	0.0	0.9917980361824389	reverted	reverted	reverted	reverted	reverted	persistent		0.0	0.0	0.0	0.0	0.0	0.008201963817561124
TGACCAGCACTTAGCC-1	Tumor	E15S	Tumor	1	7451.348641872406	-0.5369718172175707	0.9529790397049566	-0.33993392766128117	0.5463139373749711	0.0173422213420992	0.03526533012179287	0.9473924485361078	0.0006511191836613275	0.046357895354654434	0.9529909854616845	0.0006511191836613275	0.0	0.9647346698782071	reverted	reverted	reverted	reverted	reverted	persistent		0.0	0.0	0.0	0.0	0.0	0.03526533012179288
TGACCCAGTCTAGTGT-1	Tumor	E15S	Tumor Proliferating	1	8867.31776240468	0.6418840218549955	0.6850862895415316	-0.9116001602147451	0.772409106025499	0.01694327616350629	0.06453146746549979	0.918525256370994	0.008097111035928133	0.1883937725888342	0.8035091163752376	0.008097111035928133	0.918525256370994	0.0	reverted	partial	partial	reverted	partial	persistent		0.0	0.0	0.0	0.01694327616350629	0.06453146746549979	0.0
TGACCTAAGATTGCCA-1	Tumor	E15S	Tumor	1	8259.425028920174	0.9305451774188721	0.5574370049692998	-0.7661397504233768	0.6770046002125242	0.015921460473937256	0.0600556365119786	0.9240229030140842	0.017340747506062626	0.25478289458370723	0.7278763579102301	0.017340747506062626	0.9240229030140842	0.0	reverted	partial	partial	reverted	partial	reverted		0.0	0.0	0.0	0.015921460473937256	0.0600556365119786	0.0
TGACTAACAAGGGAAC-1	Tumor	E15S	Tumor	1	7276.511076807976	1.089083410547762	0.48266437877857127	0.21525389481681748	0.13574351935259368	0.022860641608583542	0.008233752291890018	0.9689056060995264	0.026762926041610197	0.29613349625476315	0.6771035777036266	0.026762926041610197	0.9689056060995265	0.0	reverted	partial	partial	reverted	partial	persistent		0.0	0.0	0.0	0.022860641608583546	0.00823375229189002	0.0
TGACTAACAATAGACC-1	Tumor	E15S	Tumor	1	7648.554920196533	0.1984637128346682	0.8343406480308726	-0.23998362962343142	0.3407979363595738	0.012888892872628342	0.026489451671055014	0.9606216554563166	0.0027718729918506054	0.11332737222829617	0.8839007547798533	0.0027718729918506054	0.0	0.973510548328945	reverted	reverted	reverted	reverted	reverted	persistent		0.0	0.0	0.0	0.0	0.0	0.026489451671055018
TGACTCCCAGCTACTC-1	Tumor	E15S	Tumor	1	8829.03143967688	1.0751464251527596	0.4892552898214442	0.24860793402161338	0.16905864179330693	0.026257461226496883	0.008453120784595992	0.9652894179889072	0.025752468559905976	0.2924035289200831	0.681844002520011	0.025752468559905976	0.9652894179889072	0.0	reverted	partial	partial	reverted	partial	persistent		0.0	0.0	0.0	0.026257461226496883	0.008453120784595992	0.0
TGAGCAAGTATGGTAG-1	Tumor	E15S	Tumor Proliferating	1	8827.12989166379	0.2886188215654202	0.8093868278405487	-0.11126140081156283	0.3097324861730488	0.014144280144671178	0.01926130749123017	0.9665944123640988	0.0034092744018435	0.12604140073091633	0.8705493248672402	0.0034092744018435	0.0	0.9807386925087698	reverted	reverted	reverted	reverted	reverted	persistent		0.0	0.0	0.0	0.0	0.0	0.019261307491230166
TGAGCAAGTTCGCTGA-1	Tumor	E15S	Tumor	1	8502.611656069756	0.2711365628119009	0.8144407485901994	-0.6955745879539423	0.6808730590936801	0.016692400771317437	0.05481342894411197	0.9284941702845707	0.0032736347020803996	0.12348081471492822	0.8732455505829914	0.0032736347020803996	0.0	0.9451865710558881	reverted	reverted	reverted	reverted	reverted	persistent		0.0	0.0	0.0	0.0	0.0	0.05481342894411197
TGAGCCACAATGCCCT-1	Tumor	E15S	Tumor	1	7438.350088834763	1.2986966729440084	0.38551603168629434	0.014570713597690521	0.2536817239662909	0.015578517791658537	0.013573650797264549	0.9708478314110769	0.04798423786255106	0.3528010720730974	0.5992146900643517	0.04798423786255106	0.9708478314110769	0.0	reverted	partial	partial	reverted	partial	reverted		0.0	0.0	0.0	0.015578517791658537	0.013573650797264549	0.0
TGAGCCACATCATCGC-1	Tumor	E15S	Tumor	1	6028.375	-0.3891541769629249	0.9387254335567091	-0.7689030815328071	0.7856357117636588	0.018590406623908845	0.05519708329266887	0.9262125100834222	0.0008402805342670173	0.05559225199768933	0.9435674674680435	0.0008402805342670173	0.0	0.9448029167073311	reverted	reverted	reverted	reverted	reverted	persistent		0.0	0.0	0.0	0.0	0.0	0.05519708329266887
TGAGCGAAGGATGTGG-1	Tumor	E15S	Tumor Proliferating	1	8876.139617487788	0.8885580567462631	0.5769474262660496	-0.8143277514772347	0.6832539015895955	0.015645677252220474	0.06342837960847549	0.9209259431393041	0.01548322010774529	0.2443286620613824	0.7401881178308722	0.01548322010774529	0.9209259431393041	0.0	reverted	partial	partial	reverted	partial	persistent		0.0	0.0	0.0	0.015645677252220474	0.06342837960847549	0.0
TGAGCGAAGGTAGATA-1	Tumor	E15S	Hypoxic Tumor	1	8976.781985342503	-0.11671385510933262	0.901445263992965	-1.2074732649546636	1.0155846517249907	0.020055467630572425	0.06560430343314509	0.9143402289362825	0.0014114481498759422	0.07757095290944771	0.9210175989406763	0.0014114481498759422	0.0	0.934395696566855	reverted	reverted	reverted	reverted	reverted	reverted		0.0	0.0	0.0	0.0	0.0	0.06560430343314509
TGAGCGAAGGTGCTTA-1	Tumor	E15S	Tumor	1	7771.338267445564	1.639906045177894	0.24746818025877873	0.023752971724466686	0.1944702840106233	0.01420925630160336	0.011870087425666732	0.9739206562727298	0.1234706172649155	0.4297542523271737	0.4467751304079108	0.1234706172649155	0.0	0.0	reverted	persistent	persistent	reverted	persistent	reverted		0.9739206562727298	0.01420925630160336	0.011870087425666732	0.0	0.0	0.0
TGAGCGAAGTTGGACC-1	Tumor	E15S	Tumor	1	8623.59485168755	0.6856965887123474	0.6669233070865289	-0.20804130956285158	0.3703310866556035	0.014194995693334527	0.025361091618054117	0.9604439126886112	0.009063557750533264	0.19759616712375802	0.7933402751257088	0.009063557750533264	0.9604439126886114	0.0	reverted	partial	partial	reverted	partial	persistent		0.0	0.0	0.0	0.01419499569333453	0.025361091618054124	0.0
TGAGCTATCGATACAT-1	Tumor	E15S	Tumor	1	8426.128937721252	-0.42976811859587916	0.9430016947632193	0.2757573045289291	0.1893694179782456	0.02915133411813567	0.008579462371284768	0.9622692035105795	0.0007819448762738693	0.052887484396231865	0.9463305707274945	0.0007819448762738693	0.0	0.9914205376287152	reverted	reverted	reverted	reverted	reverted	persistent		0.0	0.0	0.0	0.0	0.0	0.008579462371284768
TGAGCTGCAACCCTTA-1	Tumor	E15S	Tumor	1	7306.731557369232	0.6936337292339382	0.6635771048778845	0.053397933983647	0.25895380364147447	0.01702382476994038	0.012809257559498908	0.9701669176705607	0.009251685085801577	0.19929821005229667	0.7914501048619017	0.009251685085801577	0.9701669176705607	0.0	reverted	partial	partial	reverted	partial	reverted		0.0	0.0	0.0	0.01702382476994038	0.012809257559498908	0.0
TGAGCTTGTGCACGTC-1	Tumor	E15S	Tumor Proliferating	1	9023.494038768113	0.2817838550598953	0.8113751635964115	-0.18515785521007386	0.3522341592099632	0.014043264256190627	0.023752173821824554	0.9622045619219847	0.00335549929317287	0.12503474745201557	0.8716097532548115	0.00335549929317287	0.0	0.9762478261781754	reverted	reverted	reverted	reverted	reverted	reverted		0.0	0.0	0.0	0.0	0.0	0.023752173821824558
TGAGGATAGGATCACC-1	Tumor	E15S	Tumor	1	8713.681805312634	0.25266364685299736	0.8196679539284297	0.24055206509250995	0.16622832118870673	0.025476001856304702	0.00846096576088697	0.9660630323828084	0.003136922356957517	0.12082548295177688	0.8760375946912656	0.003136922356957517	0.0	0.9915390342391129	reverted	reverted	reverted	reverted	reverted	persistent		0.0	0.0	0.0	0.0	0.0	0.008460965760886969
TGAGGCAAGGTTCGGT-1	Tumor	E15S	Tumor	1	8331.957210421562	0.5279996188304227	0.7296498165846608	0.15585332433699062	0.22155848982393156	0.020547504612741904	0.010175521356438271	0.9692769740308199	0.006072539502538491	0.16601016993656031	0.827917290560901	0.006072539502538491	0.0	0.9898244786435618	reverted	reverted	reverted	reverted	reverted	persistent		0.0	0.0	0.0	0.0	0.0	0.010175521356438271
TGAGGCGGTTGCTGTG-1	Tumor	E15S	Tumor	1	7518.357746124268	0.6065614685509002	0.6993316151076878	0.1492927401676223	0.14333655715842097	0.018374754501659082	0.008862439085666876	0.972762806412674	0.007399555263323865	0.1812135398380739	0.8113869048986021	0.007399555263323865	0.972762806412674	0.0	reverted	partial	partial	reverted	partial	persistent		0.0	0.0	0.0	0.018374754501659082	0.008862439085666876	0.0
TGAGTAAAGCGCTGAT-1	Tumor	E15S	Tumor	1	7427.651542901993	-0.055608947228343204	0.8906800487241626	-0.36663788909121386	0.5429323798952264	0.016852559062242273	0.03666182085187046	0.9464856200858873	0.0015989455438206659	0.08354447284255835	0.9148565816136209	0.0015989455438206659	0.0	0.9633381791481296	reverted	reverted	reverted	reverted	reverted	persistent		0.0	0.0	0.0	0.0	0.0	0.03666182085187046
TGAGTAAAGGCTACGT-1	Tumor	E15S	Tumor	1	8442.167277097702	0.7978946717074467	0.6181950762891696	0.25920243970343837	0.19840086827019918	0.027607998925977668	0.008797434533628185	0.9635945665403941	0.012156337224586639	0.22263153158777169	0.7652121311876418	0.012156337224586639	0.9635945665403941	0.0	reverted	partial	partial	reverted	partial	persistent		0.0	0.0	0.0	0.027607998925977668	0.008797434533628185	0.0
TGAGTCTGTTAGTTCA-1	Tumor	E15S	Tumor	1	7384.810260295868	0.481589914869746	0.74662779976651	-0.7555840454046914	0.6548813989638411	0.015475170602231266	0.06054768172645596	0.9239771476713127	0.0054132615687437465	0.157522905569777	0.8370638328614791	0.0054132615687437465	0.0	0.939452318273544	reverted	reverted	reverted	reverted	reverted	persistent		0.0	0.0	0.0	0.0	0.0	0.060547681726455964
TGAGTCTGTTTGCAGT-1	Tumor	E15S	Tumor	1	8302.032189249992	0.0820482716933293	0.8626054055743105	0.18333691148846246	0.2336047552013212	0.02247865820166039	0.01009039632428842	0.9674309454740514	0.002140908659124131	0.09863265986852222	0.8992264314723537	0.002140908659124131	0.0	0.9899096036757116	reverted	reverted	reverted	reverted	reverted	reverted		0.0	0.0	0.0	0.0	0.0	0.010090396324288419
TGAGTTGTCGACATCA-1	Tumor	E15S	Tumor	1	8948.397843524814	0.6931233906438292	0.6637927562227853	-0.5108528557622054	0.509725060136821	0.014185111128202945	0.0466139311960533	0.9392009576757439	0.009239462504466719	0.19918845203663785	0.7915720854588956	0.009239462504466719	0.9392009576757439	0.0	reverted	partial	partial	reverted	partial	persistent		0.0	0.0	0.0	0.014185111128202945	0.0466139311960533	0.0
TGATGAAAGTTAGCAT-1	Tumor	E15S	Tumor	1	8875.758727788925	0.9886742156039379	0.5301432967071468	0.023712781663657943	0.2392752364800259	0.015439213568676995	0.012967854462188273	0.9715929319691348	0.020310166271600226	0.26963397387282684	0.7100558598555728	0.020310166271600226	0.9715929319691348	0.0	reverted	partial	partial	reverted	partial	persistent		0.0	0.0	0.0	0.015439213568676995	0.012967854462188273	0.0
TGATGAGGTGATCCTG-1	Tumor	E15S	Tumor	1	8895.931829631329	0.9950500545587223	0.5271355982177541	0.2809225751644041	0.1510760753953288	0.029511421366912705	0.008114862045723304	0.9623737165873641	0.020666993407976515	0.27128729244001387	0.7080457141520096	0.020666993407976515	0.9623737165873639	0.0	reverted	partial	partial	reverted	partial	persistent		0.0	0.0	0.0	0.029511421366912698	0.008114862045723302	0.0
TGATTCCTCCATAGGC-1	Tumor	E15S	Tumor	1	6777.808008491993	0.32981912158319887	0.7970620769467641	-0.21463935882963134	0.3431492549680719	0.013316061450485486	0.02507446950418639	0.9616094690453281	0.00375483332323906	0.13226218812571736	0.8639829785510437	0.00375483332323906	0.0	0.9749255304958137	reverted	reverted	reverted	reverted	reverted	persistent		0.0	0.0	0.0	0.0	0.0	0.025074469504186393
TGATTGGTCACTTCGT-1	Tumor	E15S	Tumor	1	8593.085748434067	1.8230985394974841	0.18862452712472633	0.12598370873704565	0.19078760989214494	0.018177734862662723	0.00995027171501454	0.9718719934223228	0.1995521947709449	0.4457014906985854	0.3547463145304698	0.1995521947709449	0.0	0.0	partial	persistent	persistent	partial	persistent	persistent		0.9718719934223228	0.018177734862662723	0.00995027171501454	0.0	0.0	0.0
TGCAAAGGTAAGTAGT-1	Tumor	E15S	Tumor	1	8889.216485410929	1.9543661364441913	0.15349059360316497	-0.24488380434454113	0.3119757487426426	0.012073766218121984	0.026215161153477343	0.9617110726284006	0.27445065813400027	0.43805689776078766	0.2874924441052122	0.27445065813400027	0.0	0.0	partial	persistent	persistent	partial	persistent	persistent		0.9617110726284007	0.012073766218121985	0.026215161153477346	0.0	0.0	0.0
TGCAAATTCAAGTCCA-1	Tumor	E15S	Tumor Proliferating	1	8870.257773928344	2.092212407346631	0.12255590252666283	0.17772891456404033	0.14436925550440308	0.020177126373195742	0.008609499905991861	0.9712133737208126	0.37118451649623035	0.4095953890324812	0.21922009447128848	0.37118451649623035	0.0	0.0	partial	persistent	persistent	partial	persistent	persistent		0.9712133737208124	0.02017712637319574	0.00860949990599186	0.0	0.0	0.0
TGCAATTAGGGGATTG-1	Tumor	E15S	Tumor Proliferating	1	9023.677001424134	-0.01244880829505572	0.8824665231091755	0.10011114946316027	0.24666668698567404	0.018497761474850907	0.0115855065301364	0.9699167319950126	0.0017493601520858141	0.08802418696706574	0.9102264528808485	0.0017493601520858141	0.0	0.9884144934698637	reverted	reverted	reverted	reverted	reverted	persistent		0.0	0.0	0.0	0.0	0.0	0.011585506530136402
TGCAATTAGTAAGGGT-1	Tumor	E15S	Tumor Proliferating	1	8795.390761882067	0.540090968646193	0.7251106993026064	0.4242239202623065	0.11495848633710726	0.05806623943396816	0.008151974472905629	0.9337817860931262	0.006258530249556594	0.16828141429441487	0.8254600554560285	0.006258530249556594	0.0	0.9918480255270944	reverted	reverted	reverted	reverted	reverted	persistent		0.0	0.0	0.0	0.0	0.0	0.008151974472905629
TGCACACAGTGGCTTA-1	Tumor	E15S	Tumor	1	9063.338261187077	0.8572906369361437	0.5913257500977281	0.057665642693367665	0.2494800171046266	0.016893183455918892	0.012471077237223543	0.9706357393068575	0.014237656527538875	0.23670568080391755	0.7490566626685435	0.014237656527538875	0.9706357393068575	0.0	reverted	partial	partial	reverted	partial	persistent		0.0	0.0	0.0	0.016893183455918892	0.012471077237223543	0.0
TGCACCCTCACACCGG-1	Tumor	E15S	Tumor	1	8286.16446301341	1.1879013502321873	0.43623714869385494	0.025513396814900897	0.24150908557231446	0.015561378198571766	0.01298303313256477	0.9714555886688635	0.035209809779436475	0.32285966482225287	0.6419305253983105	0.035209809779436475	0.9714555886688635	0.0	reverted	partial	partial	reverted	partial	reverted		0.0	0.0	0.0	0.015561378198571766	0.01298303313256477	0.0
TGCACGTAGGGTTGCT-1	Tumor	E15S	Tumor	1	8462.27193069458	0.27012219437778334	0.8147307906783734	0.15735911190723073	0.24557590037955745	0.02126830228986512	0.010674352746684825	0.9680573449634499	0.003265954400807153	0.12333367026232328	0.8734003753368696	0.003265954400807153	0.0	0.9893256472533152	reverted	reverted	reverted	reverted	reverted	persistent		0.0	0.0	0.0	0.0	0.0	0.010674352746684827
TGCACTAAGCCATAGC-1	Tumor	E15S	Tumor	1	7673.34414100647	1.5446163636510968	0.28256709196780005	-0.13420033952041838	0.2712053279561114	0.01262399960066791	0.019164412562517427	0.9682115878368147	0.09519615047674489	0.4125151383530862	0.49228871117016904	0.09519615047674489	0.0	0.0	reverted	persistent	persistent	reverted	persistent	persistent		0.9682115878368147	0.01262399960066791	0.019164412562517427	0.0	0.0	0.0
TGCACTAAGGGTCTAC-1	Tumor	E15S	Tumor	1	9032.477330610156	0.32538693073298164	0.7984159426463662	0.16099959289795923	0.19267433408927917	0.02012878184444694	0.009547877102670226	0.9703233410528828	0.0037158224556041127	0.1315802835132638	0.864703894031132	0.0037158224556041127	0.0	0.9904521228973298	reverted	reverted	reverted	reverted	reverted	persistent		0.0	0.0	0.0	0.0	0.0	0.009547877102670226
TGCAGGTTCCTGATAG-1	Tumor	E15S	Tumor Proliferating	1	9034.809683769941	0.21802760167071722	0.8291578860531456	-0.2768190392517987	0.41860116671656766	0.014542519461544022	0.030148945684657712	0.9553085348537982	0.0028977388181754995	0.11598413267890863	0.8811181285029159	0.0028977388181754995	0.0	0.9698510543153422	reverted	reverted	reverted	reverted	reverted	persistent		0.0	0.0	0.0	0.0	0.0	0.030148945684657712
TGCAGTCAGCATCACA-1	Tumor	E15S	Tumor	1	9000.74089704454	3.6026256784136264	0.007939861447018052	0.20879507336235162	0.13161991656144179	0.02227265984000579	0.008225350771898296	0.969501989388096	0.9932199516893733	0.0064433206258646195	0.0003367276847621424	0.9932199516893733	0.0	0.0	persistent	persistent	persistent	persistent	persistent	persistent		0.969501989388096	0.02227265984000579	0.008225350771898296	0.0	0.0	0.0
TGCAGTCAGTATCTCC-1	Tumor	E15S	Tumor	1	8479.80646264553	0.47542589706359006	0.7488289996027728	-0.1698182009433185	0.3760297145443786	0.015021873408213522	0.02363988946979186	0.9613382371219946	0.005331821152530473	0.15642299535524812	0.8382451834922214	0.005331821152530473	0.0	0.9763601105302081	reverted	reverted	reverted	reverted	reverted	reverted		0.0	0.0	0.0	0.0	0.0	0.02363988946979186
TGCATATAGTCAGGCT-1	Tumor	E15S	Tumor Proliferating	1	8924.427244186401	1.0347977307800553	0.5083494122323184	-0.25733160979160397	0.3593500224620198	0.013154829693764693	0.027918425635826867	0.9589267446704085	0.0230448316522326	0.28169122472423425	0.6952639436235333	0.0230448316522326	0.9589267446704085	0.0	reverted	partial	partial	reverted	partial	persistent		0.0	0.0	0.0	0.013154829693764693	0.027918425635826867	0.0
TGCATTTCATGATCCC-1	Tumor	E15S	Tumor	1	8861.554153114557	1.4173946675475204	0.3338299117555237	-0.016149439803303894	0.18985588518726607	0.012965706499948378	0.01276789835553794	0.9742663951445137	0.06687672653365193	0.38349240409377333	0.5496308693725748	0.06687672653365193	0.9742663951445137	0.0	reverted	partial	partial	reverted	partial	persistent		0.0	0.0	0.0	0.012965706499948378	0.01276789835553794	0.0
TGCCACCTCAATCTGG-1	Tumor	E15S	Tumor	1	8253.556535065174	0.6529556030435983	0.6805468303251246	0.11681504780613089	0.22626123979345292	0.018669364556641047	0.010830289034895585	0.9705003464084632	0.008330271710354359	0.19068833293526113	0.8009813953543845	0.008330271710354359	0.9705003464084634	0.0	reverted	partial	partial	reverted	partial	persistent		0.0	0.0	0.0	0.01866936455664105	0.010830289034895586	0.0
TGCCACCTCCTCTACG-1	Tumor	E15S	Tumor	1	8008.990469485521	0.27197345903782966	0.814201187914892	-0.053812600186836874	0.30076638297677805	0.01514474493032362	0.016898324504946292	0.9679569305647301	0.0032799867059338057	0.12360233249831264	0.8731176807957537	0.0032799867059338057	0.0	0.9831016754950537	reverted	reverted	reverted	reverted	reverted	persistent		0.0	0.0	0.0	0.0	0.0	0.016898324504946292
TGCCACCTCTGGCTGG-1	Tumor	E15S	Tumor Proliferating	1	8893.642712578177	0.5140552605545544	0.734825588708581	-0.4899188537973564	0.5172393206655452	0.014599657451066296	0.044793954406706755	0.9406063881422271	0.005865575023066411	0.16342173521796474	0.8307126897589687	0.005865575023066411	0.0	0.9552060455932931	reverted	reverted	reverted	reverted	reverted	persistent		0.0	0.0	0.0	0.0	0.0	0.04479395440670675
TGCCAGGTCCATCGGG-1	Tumor	E15S	Tumor Proliferating	1	8996.655546985567	-0.05158098062656487	0.8899353404959194	-0.20417208986023447	0.3905433565535623	0.01485637137995025	0.02564785848942497	0.9594957701306248	0.0016123165128109048	0.0839532370457022	0.9144344464414867	0.0016123165128109048	0.0	0.974352141510575	reverted	reverted	reverted	reverted	reverted	persistent		0.0	0.0	0.0	0.0	0.0	0.02564785848942497
TGCCATAAGGGTTGAG-1	Tumor	E15S	Tumor	1	7488.630584716797	2.114789588524393	0.11803324819797201	-0.06269076265650406	0.23133346923675976	0.012934905071443428	0.01524571391474187	0.9718193810138146	0.3885214652602971	0.40293531437421315	0.20854322036548967	0.3885214652602971	0.0	0.0	partial	persistent	persistent	partial	persistent	persistent		0.9718193810138147	0.01293490507144343	0.015245713914741872	0.0	0.0	0.0
TGCCATAAGTCATTGG-1	Tumor	E15S	Tumor	1	7924.931676864624	-0.7054252817292279	0.9653738901376807	-0.3119933162438648	0.5497553018946681	0.017875585034906362	0.03390518097075885	0.9482192339943347	0.0004983349897123258	0.037684131570321404	0.9618175334399663	0.0004983349897123258	0.0	0.9660948190292411	reverted	reverted	reverted	reverted	reverted	persistent		0.0	0.0	0.0	0.0	0.0	0.03390518097075885
TGCCCGAAGGAATTGA-1	Tumor	E15S	Tumor Proliferating	1	9056.062069237232	0.3018714523871601	0.8054859896215266	-0.2459149806339045	0.39946644844869295	0.014449317011825892	0.02803821350202034	0.9575124694861538	0.0035163453228358884	0.12801368596011067	0.8684699687170534	0.0035163453228358884	0.0	0.9719617864979797	reverted	reverted	reverted	reverted	reverted	persistent		0.0	0.0	0.0	0.0	0.0	0.02803821350202034
TGCCCTCAGCTACTCT-1	Tumor	E15S	Tumor	1	5771.212240695953	-0.4878279307231535	0.9486299074854712	-0.17705084542437372	0.36669871367094214	0.014610539362731878	0.023732334161976894	0.9616571264752911	0.0007072537646332602	0.049245387438934675	0.950047358796432	0.0007072537646332602	0.0	0.9762676658380232	reverted	reverted	reverted	reverted	reverted	persistent		0.0	0.0	0.0	0.0	0.0	0.0237323341619769
TGCCCTCAGGCGTAGA-1	Tumor	E15S	Hypoxic Tumor	1	6125.759640693665	0.5253777726313277	0.730627815097824	-1.252957709357313	0.819511390224288	0.015455165726942919	0.08619128341082158	0.8983535508622355	0.006033018685354003	0.16552096483317436	0.8284460164814716	0.006033018685354003	0.0	0.9138087165891784	reverted	reverted	reverted	reverted	reverted	persistent		0.0	0.0	0.0	0.0	0.0	0.08619128341082158
TGCCGAACAACTAGAC-1	Tumor	E15S	Tumor	1	8277.6864002347	1.0055205882517781	0.5221921190154813	-0.38038858461215835	0.43494243060420856	0.013653715335706024	0.03715047668586796	0.9491958079784261	0.021267321223816128	0.2740120779957853	0.7047206007803986	0.021267321223816128	0.9491958079784261	0.0	reverted	partial	partial	reverted	partial	persistent		0.0	0.0	0.0	0.013653715335706024	0.03715047668586796	0.0
TGCCGTAGTAATGGAT-1	Tumor	E15S	Tumor	1	8845.937238842249	0.6522778517017935	0.6808257122943394	0.005527131703893615	0.28077989834845096	0.016128332162937735	0.01455782306200459	0.9693138447750579	0.00831579062919002	0.1905472684847511	0.8011369408860588	0.00831579062919002	0.9693138447750577	0.0	reverted	partial	partial	reverted	partial	persistent		0.0	0.0	0.0	0.01612833216293773	0.014557823062004586	0.0
TGCCGTAGTCATGTGT-1	Tumor	E15S	Tumor	1	7214.721654891968	1.086735823306359	0.48377421170976354	-0.5018640333818439	0.4641380366259342	0.013139877793173884	0.04699693817710181	0.9398631840297244	0.026589881884698453	0.2955042584497928	0.6779058596655088	0.026589881884698453	0.9398631840297244	0.0	reverted	partial	partial	reverted	partial	persistent		0.0	0.0	0.0	0.013139877793173884	0.04699693817710181	0.0
TGCCGTGAGTATGAAG-1	Tumor	E15S	Tumor	1	8543.358608007431	1.2449474049308475	0.4098840989874467	-0.2913074475232613	0.40224150113790974	0.013876174098940685	0.030765573914105997	0.9553582519869532	0.04128659254049148	0.33834266995552764	0.6203707375039809	0.04128659254049148	0.9553582519869533	0.0	reverted	partial	partial	reverted	partial	persistent		0.0	0.0	0.0	0.013876174098940687	0.030765573914106	0.0
TGCCTAGGTAGGTATG-1	Tumor	E15S	Tumor	1	8911.133201599121	0.7075886663848217	0.6576540491508954	0.3202885868020805	0.16061669721487132	0.03454412155011624	0.008119223023660874	0.9573366554262229	0.009592785386627426	0.20231653194386126	0.7880906826695114	0.009592785386627426	0.9573366554262229	0.0	reverted	partial	partial	reverted	partial	persistent		0.0	0.0	0.0	0.03454412155011624	0.008119223023660874	0.0
TGCCTTTAGTGCCCAG-1	Tumor	E15S	Tumor Proliferating	1	9061.053329020739	-0.14971235770231756	0.9068578098830562	-0.06942399421132642	0.336268533312374	0.01587708749656486	0.018478285482605425	0.9656446270208299	0.0013211719774086825	0.07451706825720815	0.9241617597653832	0.0013211719774086825	0.0	0.9815217145173946	reverted	reverted	reverted	reverted	reverted	persistent		0.0	0.0	0.0	0.0	0.0	0.01847828548260542
TGCCTTTAGTTACGGC-1	Tumor	E15S	Tumor	1	8704.546914458275	0.5564655227165238	0.7188887943829616	-0.24499599271431338	0.3531567139560911	0.013155002229498301	0.027044870299688117	0.9598001274708137	0.006520477157110565	0.17139696766102103	0.8220825551818685	0.006520477157110565	0.0	0.972955129700312	reverted	reverted	reverted	reverted	reverted	reverted		0.0	0.0	0.0	0.0	0.0	0.027044870299688117
TGCGACCGTCCATCCT-1	Tumor	E15S	Tumor	1	7676.535731732845	0.7742387580034391	0.6287080918815161	-0.23039619849531034	0.4088413414789273	0.014968659943865443	0.02740149538958462	0.95762984466655	0.011420334088965995	0.21718083980000177	0.7713988261110322	0.011420334088965995	0.95762984466655	0.0	reverted	partial	partial	reverted	partial	reverted		0.0	0.0	0.0	0.014968659943865443	0.02740149538958462	0.0
TGCGAGGGTCAGGACG-1	Tumor	E15S	Tumor	1	8573.600877277553	2.321434258906449	0.08299003610878845	0.2708130912532453	0.1358975065645453	0.0282933494752601	0.007998355472146603	0.9637082950525931	0.5572630686257227	0.32080108703667576	0.12193584433760146	0.5572630686257227	0.0	0.0	persistent	persistent	persistent	persistent	persistent	persistent		0.9637082950525934	0.028293349475260108	0.007998355472146605	0.0	0.0	0.0
TGCGATGCAAATTCGA-1	Tumor	E15S	Tumor Proliferating	1	9062.13411745429	0.3817737013858078	0.7806870246394395	-0.24850964627096592	0.3826938817275525	0.013928527631929552	0.027846943224489853	0.9582245291435806	0.004248198158570944	0.14048776046372347	0.8552640413777056	0.004248198158570944	0.0	0.9721530567755101	reverted	reverted	reverted	reverted	reverted	persistent		0.0	0.0	0.0	0.0	0.0	0.027846943224489853
TGCGATTGTGAGCAGT-1	Tumor	E15S	Tumor	1	8969.65381193161	0.26669583479123504	0.8157079121577965	0.00909568651658324	0.26931136001586237	0.015883105628558245	0.014141929369376766	0.969974965002065	0.003240162520554667	0.12283779439674358	0.8739220430827018	0.003240162520554667	0.0	0.9858580706306233	reverted	reverted	reverted	reverted	reverted	persistent		0.0	0.0	0.0	0.0	0.0	0.014141929369376766
TGCGTAATCCGTATGA-1	Tumor	E15S	Tumor	1	8724.545488238335	0.7698395676042711	0.630650117670045	-0.2907643880639791	0.40291905613653983	0.013902393633767558	0.030741626675173616	0.9553559796910588	0.011288817808908213	0.21617716785028732	0.7725340143408044	0.011288817808908213	0.9553559796910588	0.0	reverted	partial	partial	reverted	partial	persistent		0.0	0.0	0.0	0.013902393633767558	0.030741626675173616	0.0
TGCTAACGTGCGCCAT-1	Tumor	E15S	Tumor	1	8909.99473965168	1.6208296219431337	0.254254870202115	-0.20727119051411083	0.2928860801833382	0.012076353350141664	0.023486694736788577	0.9644369519130696	0.1172564398435153	0.42669885062025176	0.45604470953623305	0.1172564398435153	0.0	0.0	reverted	persistent	persistent	reverted	persistent	persistent		0.9644369519130698	0.012076353350141667	0.023486694736788584	0.0	0.0	0.0
TGCTACAAGCCCGTAG-1	Tumor	E15S	Tumor Proliferating	1	9044.810109049082	-0.028555026357320365	0.8855923879559057	0.27079218137242417	0.18776440611140982	0.028627425402565403	0.008582896716261768	0.9627896778811729	0.0016913482146279268	0.08632655582354216	0.9119820959618299	0.0016913482146279268	0.0	0.9914171032837382	reverted	reverted	reverted	reverted	reverted	persistent		0.0	0.0	0.0	0.0	0.0	0.008582896716261768
TGCTACCCAACTACTT-1	Tumor	E15S	Tumor	1	8573.14070302248	1.1845267631917828	0.43780896103572026	-0.12679192340282797	0.30724726312772543	0.0137685854306626	0.019835418336835067	0.9663959962325024	0.034880306964903546	0.3219426383807197	0.6431770546543768	0.034880306964903546	0.9663959962325024	0.0	reverted	partial	partial	reverted	partial	persistent		0.0	0.0	0.0	0.0137685854306626	0.019835418336835067	0.0
TGCTACTTCCTGCGAG-1	Tumor	E15S	Tumor Proliferating	1	9009.869397439063	0.710612363370053	0.6563640857948017	0.23083626040207508	0.172907222462695	0.024711742725953948	0.008609598469288392	0.9666786588047578	0.009668473462555758	0.20297485584633942	0.7873566706911047	0.009668473462555758	0.9666786588047576	0.0	reverted	partial	partial	reverted	partial	persistent		0.0	0.0	0.0	0.02471174272595394	0.00860959846928839	0.0
TGCTACTTCCTGTATC-1	Tumor	E15S	Tumor	1	7051.64831584692	-0.13255153750401427	0.9040771411632433	-0.059227517477810604	0.3221031644718241	0.01567613135171064	0.017709281914165466	0.9666145867341238	0.0013672233883090647	0.07609055734514739	0.9225422192665436	0.0013672233883090647	0.0	0.9822907180858346	reverted	reverted	reverted	reverted	reverted	reverted		0.0	0.0	0.0	0.0	0.0	0.01770928191416547
TGCTATAGTCTAATCA-1	Tumor	E15S	Tumor	1	8014.600577175617	-0.0769816530629152	0.8945579465753152	0.04347776264268632	0.24729889908106142	0.016326430051424513	0.01272092147748081	0.9709526484710947	0.00153016482503246	0.08140696194482798	0.9170628732301396	0.00153016482503246	0.0	0.9872790785225193	reverted	reverted	reverted	reverted	reverted	persistent		0.0	0.0	0.0	0.0	0.0	0.01272092147748081
TGCTATAGTCTAGTGT-1	Tumor	E15S	Tumor	1	8700.264191865921	0.6073745269528584	0.6990078639410151	0.19893694739733722	0.16635824460593232	0.022071535373573092	0.008746066735510993	0.969182397890916	0.007414853113629381	0.1813764105202428	0.8112087363661279	0.007414853113629381	0.969182397890916	0.0	reverted	partial	partial	reverted	partial	persistent		0.0	0.0	0.0	0.022071535373573092	0.008746066735510993	0.0
TGCTCCATCGCATGGT-1	Tumor	E15S	Tumor	1	8981.29053838551	0.2645750373879141	0.8163107150204133	-0.23651771828267207	0.39507757711169444	0.014466223586128578	0.027432127661928304	0.958101648751943	0.0032243141523752793	0.12253175425337622	0.8742439315942484	0.0032243141523752793	0.0	0.9725678723380717	reverted	reverted	reverted	reverted	reverted	persistent		0.0	0.0	0.0	0.0	0.0	0.027432127661928308
TGCTCCGCAACGGTAT-1	Tumor	E15S	Tumor	1	8915.90245616436	2.4138465341861632	0.07061055189401416	0.21817347099835746	0.16104020447092585	0.023471083848050547	0.00853021092655885	0.9679987052253906	0.6322403749208128	0.2763553659322929	0.09140425914689439	0.6322403749208128	0.0	0.0	persistent	persistent	persistent	persistent	persistent	persistent		0.9679987052253907	0.02347108384805055	0.008530210926558852	0.0	0.0	0.0
TGGAACCTCCGTCCGT-1	Tumor	E15S	Tumor Proliferating	1	9038.841781616211	1.0647479350134492	0.4941753795535181	-0.1913022543128708	0.2957782857842394	0.012375245441325889	0.022653031670223724	0.9649717228884503	0.025024427010980836	0.2896299041859086	0.6853456688031105	0.025024427010980836	0.9649717228884503	0.0	reverted	partial	partial	reverted	partial	persistent		0.0	0.0	0.0	0.012375245441325889	0.022653031670223724	0.0
TGGAACCTCGATTGCA-1	Tumor	E15S	Tumor Proliferating	1	9002.83031590283	0.5693268817311196	0.7139421411801031	0.034479084903715006	0.2533189639543958	0.01620210372557325	0.013083315421914076	0.9707145808525127	0.006734678467645384	0.17387620562497413	0.8193891159073804	0.006734678467645384	0.0	0.986916684578086	reverted	reverted	reverted	reverted	reverted	persistent		0.0	0.0	0.0	0.0	0.0	0.013083315421914076
TGGAACCTCGTGAATT-1	Tumor	E15S	Tumor	1	8979.029574424028	1.2843429902188017	0.391972993233123	-0.4150276548920409	0.41990860234596505	0.012896034987668045	0.03997422618828626	0.9471297388240458	0.04609513262243613	0.34896066441428386	0.60494420296328	0.04609513262243613	0.9471297388240456	0.0	reverted	partial	partial	reverted	partial	persistent		0.0	0.0	0.0	0.012896034987668042	0.039974226188286256	0.0
TGGAATGGTCAAGGAC-1	Tumor	E15S	Tumor Proliferating	1	8960.540406167507	-0.026046972603268107	0.885110433321878	-0.2111897964798659	0.3800329388391366	0.014428172730534667	0.025753768565053098	0.9598180587044121	0.0017002306462765627	0.08658886292347592	0.9117109064302475	0.0017002306462765627	0.0	0.9742462314349469	reverted	reverted	reverted	reverted	reverted	persistent		0.0	0.0	0.0	0.0	0.0	0.025753768565053105
TGGAATGGTTTACTCT-1	Tumor	E15S	Tumor Proliferating	1	9077.435610990971	-0.22787500378859202	0.9186266670798386	-0.36909533042274734	0.49999280108746597	0.01558552881916858	0.03657854801334574	0.9478359231674857	0.0011337445256793524	0.0677380914367605	0.9311281640375599	0.0011337445256793524	0.0	0.9634214519866543	reverted	reverted	reverted	reverted	reverted	persistent		0.0	0.0	0.0	0.0	0.0	0.036578548013345744
TGGACAAGTGCACCAC-1	Tumor	E15S	Tumor	1	8876.242435216904	1.819533375759718	0.1896596622085485	-0.10804346684950644	0.23055566783312406	0.01202224109383011	0.01694380355956807	0.9710339553466016	0.1977641318831899	0.44566310973576845	0.3565727583810417	0.1977641318831899	0.0	0.0	partial	persistent	persistent	partial	persistent	persistent		0.9710339553466019	0.012022241093830113	0.016943803559568073	0.0	0.0	0.0
TGGACGAAGTGATCGC-1	Tumor	E15S	Tumor	1	7536.010191917419	0.3258467690610642	0.7982757940190763	-0.04045628020570267	0.33905077041466625	0.016689885580224613	0.01760744596036959	0.9657026684594059	0.0037198485016112937	0.1316508875810115	0.8646292639173772	0.0037198485016112937	0.0	0.9823925540396303	reverted	reverted	reverted	reverted	reverted	persistent		0.0	0.0	0.0	0.0	0.0	0.017607445960369585
TGGACTATCAGGTAGG-1	Tumor	E15S	Tumor	1	8854.01494216919	2.731912475700067	0.03994467857094635	-0.15555674179437115	0.23795406314680234	0.011439914156278833	0.019324483465925066	0.9692356023777962	0.8384846913055846	0.13415404537281192	0.027361263321603522	0.8384846913055846	0.0	0.0	persistent	persistent	persistent	persistent	persistent	persistent		0.9692356023777962	0.011439914156278833	0.019324483465925066	0.0	0.0	0.0
TGGACTATCCAGAGGA-1	Tumor	E15S	Tumor Proliferating	1	8897.84100420028	0.13267217021315655	0.8508472384443868	0.4230826737189338	0.1450626678015611	0.05531383861216379	0.008167391955383857	0.9365187694324525	0.002392372660512981	0.10479337061880678	0.8928142567206803	0.002392372660512981	0.0	0.991832608044616	reverted	reverted	reverted	reverted	reverted	persistent		0.0	0.0	0.0	0.0	0.0	0.008167391955383855
TGGAGCGGTTGAGGTA-1	Tumor	E15S	Tumor	1	8521.070841610432	2.415990246209057	0.07034468606164579	-0.09823454044506713	0.23928905308098689	0.012424967069135862	0.016773990718991865	0.9708010422118721	0.6339312763063701	0.2753056234447192	0.09076310024891071	0.6339312763063701	0.0	0.0	persistent	persistent	persistent	persistent	persistent	persistent		0.9708010422118722	0.012424967069135864	0.01677399071899187	0.0	0.0	0.0
TGGATGCTCACCATGA-1	Tumor	E15S	Tumor Proliferating	1	8952.578806728125	0.8337565097843705	0.6020471771137392	-0.3315825018936292	0.4030861609764487	0.01338406831664527	0.033457198693355235	0.9531587329899996	0.013370710862756567	0.23106401529409604	0.7555652738431474	0.013370710862756567	0.9531587329899994	0.0	reverted	partial	partial	reverted	partial	persistent		0.0	0.0	0.0	0.013384068316645266	0.03345719869335523	0.0
TGGATTTAGCAACCAC-1	Tumor	E15S	Tumor	1	8524.113706350327	0.5144710760069179	0.7346721686077008	0.20899443625241768	0.16434127052409123	0.022794554807095975	0.008639957108243428	0.9685654880846607	0.005871632814691453	0.16349844374701028	0.8306299234382983	0.005871632814691453	0.0	0.9913600428917565	reverted	reverted	reverted	reverted	reverted	persistent		0.0	0.0	0.0	0.0	0.0	0.008639957108243427
TGGCCATAGTTGCTGA-1	Tumor	E15S	Tumor Proliferating	1	9042.212564349174	-0.17242605516748855	0.9104269277325155	-0.28224321239309724	0.4608325560402758	0.015695219937769723	0.03114521949615311	0.9531595605660772	0.0012630643290013836	0.07248245262070083	0.9262544830502979	0.0012630643290013836	0.0	0.9688547805038469	reverted	reverted	reverted	reverted	reverted	persistent		0.0	0.0	0.0	0.0	0.0	0.03114521949615311
TGGCCTGAGCGCTACG-1	Tumor	E15S	Tumor	1	8976.598114863038	0.20584567224652978	0.8324000151609208	-1.1197006848129138	0.9639495777257223	0.01962093912970726	0.0645305242149125	0.9158485366553804	0.0028186160141304467	0.11432330788836957	0.8828580760975	0.0028186160141304467	0.0	0.9354694757850874	reverted	reverted	reverted	reverted	reverted	persistent		0.0	0.0	0.0	0.0	0.0	0.06453052421491248
TGGCCTGAGGTTGATT-1	Tumor	E15S	Tumor	1	8826.57205364108	-0.013622334778356298	0.8826967569502803	-0.09705101846852204	0.34837093976139255	0.015625559988558798	0.019832189288104273	0.964542250723337	0.0017450547590925419	0.0878994386936191	0.9103555065472884	0.0017450547590925419	0.0	0.9801678107118957	reverted	reverted	reverted	reverted	reverted	persistent		0.0	0.0	0.0	0.0	0.0	0.019832189288104273
TGGCTAATCCATAGGC-1	Tumor	E15S	Tumor	1	8835.141965381801	0.24377336124526244	0.8221423631932379	-0.04773402080674198	0.26542917740660416	0.014231401293560675	0.01568145660829133	0.970087142098148	0.0030734503008943608	0.11956583929396984	0.8773607104051359	0.0030734503008943608	0.0	0.9843185433917087	reverted	reverted	reverted	reverted	reverted	persistent		0.0	0.0	0.0	0.0	0.0	0.01568145660829133
TGGCTGACATGGTGAT-1	Tumor	E15S	Tumor	1	8780.931537047029	0.03624123600553777	0.8725638075890593	0.11515469107447773	0.2138091398477589	0.01825062021247794	0.010581010876908261	0.9711683689106139	0.0019395343504254503	0.09334924156385041	0.9047112240857242	0.0019395343504254503	0.0	0.9894189891230918	reverted	reverted	reverted	reverted	reverted	persistent		0.0	0.0	0.0	0.0	0.0	0.010581010876908261
TGGCTTGGTTCACTGG-1	Tumor	E15S	Tumor	1	8592.746893703938	0.5842729552072283	0.70812864545116	0.13810400894824976	0.223204500729098	0.019635646164239465	0.010448007583032505	0.9699163462527282	0.00699335411424361	0.17679288379763206	0.8162137620881245	0.00699335411424361	0.0	0.9895519924169675	reverted	reverted	reverted	reverted	reverted	reverted		0.0	0.0	0.0	0.0	0.0	0.010448007583032503
TGGGAACGTGGAAGCT-1	Tumor	E15S	Tumor	1	7745.647647380829	1.0673314642831675	0.49295282934076645	-0.006305849332388133	0.25371205596092633	0.014966524828264112	0.014121836812451353	0.9709116383592845	0.025203289036927395	0.29031823543534063	0.684478475527732	0.025203289036927395	0.9709116383592845	0.0	reverted	partial	partial	reverted	partial	persistent		0.0	0.0	0.0	0.014966524828264112	0.014121836812451353	0.0
TGGGATAGTGATAGTG-1	Tumor	E15S	Tumor	1	6994.738260507584	0.03908158982290611	0.8719646821161561	0.061579599859462854	0.21894990575110448	0.016154020869630595	0.011634815413985169	0.9722111637163842	0.0019513580187964007	0.09366901811733921	0.9043796238638645	0.0019513580187964007	0.0	0.9883651845860149	reverted	reverted	reverted	reverted	reverted	persistent		0.0	0.0	0.0	0.0	0.0	0.01163481541398517
TGGGATTCAAAGGGAC-1	Tumor	E15S	Tumor Proliferating	1	8915.042385220528	1.063131754359783	0.4949402076999841	-0.6494712488605199	0.5650993496494098	0.014240001104092456	0.05660586760593665	0.9291541312899709	0.024913208027340795	0.28919957405193664	0.6858872179207225	0.024913208027340795	0.9291541312899709	0.0	reverted	partial	partial	reverted	partial	persistent		0.0	0.0	0.0	0.014240001104092456	0.05660586760593665	0.0
TGGGCAGGTGAGGACT-1	Tumor	E15S	Tumor Proliferating	1	8933.759729810059	1.1366691078226627	0.46021994137095223	-0.24938513301398052	0.34334913431987724	0.012830389123407872	0.0271173714933128	0.9600522393832794	0.030533513662222796	0.30895759688792623	0.6605088894498509	0.030533513662222796	0.9600522393832794	0.0	reverted	partial	partial	reverted	partial	persistent		0.0	0.0	0.0	0.012830389123407872	0.0271173714933128	0.0
TGGGTCACAGGCAGGA-1	Tumor	E15S	Tumor	1	8912.864515185356	2.6512082072079926	0.046233686945443477	0.3455857134686273	0.11113345385045753	0.03945263530622408	0.007816825093384206	0.9527305396003918	0.7960169395931737	0.1657407534739344	0.038242306932891955	0.7960169395931737	0.0	0.0	persistent	persistent	persistent	persistent	persistent	persistent		0.9527305396003918	0.03945263530622408	0.007816825093384206	0.0	0.0	0.0
TGGGTCCGTGACGAAC-1	Tumor	E15S	Tumor	1	8237.186007022858	1.6538431118753183	0.24258736977147202	-0.5603133866419384	0.5069456425340808	0.013637115369580413	0.051044024629056745	0.935318860001363	0.12819774456230307	0.43184538471978173	0.43995687071791506	0.12819774456230307	0.0	0.0	reverted	persistent	persistent	reverted	persistent	persistent		0.9353188600013628	0.01363711536958041	0.05104402462905673	0.0	0.0	0.0
TGGGTGAAGCAGGCAA-1	Tumor	E15S	Tumor	1	9102.750197589397	0.3980643146368603	0.7753609732746685	-1.207767473684974	0.9343566994120703	0.018287830013362958	0.07098588698339622	0.9107262830032408	0.004417566760824527	0.143156182491003	0.8524262507481725	0.004417566760824527	0.0	0.9290141130166037	reverted	reverted	reverted	reverted	reverted	reverted		0.0	0.0	0.0	0.0	0.0	0.07098588698339622
TGGGTGAAGGATACTT-1	Tumor	E15S	Tumor	1	7685.822392344475	0.34314467660969417	0.7929508652595978	-0.9435591079710353	0.8272163539604216	0.017967176682399773	0.06312141254665979	0.9189114107709405	0.003874928476754331	0.13433098665585774	0.8617940848673878	0.003874928476754331	0.0	0.9368785874533403	reverted	reverted	reverted	reverted	reverted	persistent		0.0	0.0	0.0	0.0	0.0	0.06312141254665979
TGGGTTGCAAGCGTGC-1	Tumor	E15S	Tumor	1	7854.349582672119	1.1575178452393249	0.45043158273631884	0.018465156865656925	0.1840472602790658	0.013784503284221733	0.011758013354821559	0.9744574833609567	0.03235434287149969	0.31460779356827423	0.6530378635602262	0.03235434287149969	0.9744574833609567	0.0	reverted	partial	partial	reverted	partial	persistent		0.0	0.0	0.0	0.013784503284221733	0.011758013354821559	0.0
TGGTAGCTCGCGCTAG-1	Tumor	E15S	Tumor Proliferating	1	8980.835362404585	0.13827293630239765	0.8494966272348008	0.17743511811975213	0.18102624599838144	0.02088200191449866	0.0091688213262294	0.9699491767592721	0.0024222395888908593	0.10549630210335116	0.892081458307758	0.0024222395888908593	0.0	0.9908311786737707	reverted	reverted	reverted	reverted	reverted	persistent		0.0	0.0	0.0	0.0	0.0	0.0091688213262294
TGGTCAATCAATTAGC-1	Tumor	E15S	Tumor	1	5970.396041512489	0.9662624358522778	0.5406968908670933	0.05805888361674907	0.23696564014613902	0.016538808650830936	0.012145025721528984	0.9713161656276401	0.019106387748211894	0.2638593190696957	0.7170342931820924	0.019106387748211894	0.9713161656276401	0.0	reverted	partial	partial	reverted	partial	persistent		0.0	0.0	0.0	0.016538808650830936	0.012145025721528984	0.0
TGGTCAATCGCTGGCA-1	Tumor	E15S	Hypoxic Tumor	1	8924.744323760271	-0.22542438975345822	0.9182791908735652	-1.2304776981402759	1.0810133750491562	0.021255151728399244	0.0631464932866924	0.9155983549849084	0.001139108441267438	0.06794127293861285	0.9309196186201198	0.001139108441267438	0.0	0.9368535067133076	reverted	reverted	reverted	reverted	reverted	reverted		0.0	0.0	0.0	0.0	0.0	0.0631464932866924
TGGTGAGAGCCCTACC-1	Tumor	E15S	Hypoxic Tumor	1	9121.074879169464	-0.3407025478514505	0.9332321229957349	-1.1044010535455697	0.9243549351578658	0.018862425818223113	0.06611839690956091	0.9150191772722159	0.0009172825142449569	0.05899757402721414	0.9400851434585409	0.0009172825142449569	0.0	0.9338816030904391	reverted	reverted	reverted	reverted	reverted	reverted		0.0	0.0	0.0	0.0	0.0	0.06611839690956092
TGGTGGTTCCCAGGCA-1	Tumor	E15S	Tumor	1	8787.075980395079	1.6079873643665135	0.2588921957670839	-0.381704458019632	0.3848871941701013	0.012372461180595007	0.03730618684751489	0.95032135197189	0.11323534645402654	0.42452224756839474	0.4622424059775786	0.11323534645402654	0.0	0.0	reverted	persistent	persistent	reverted	persistent	reverted		0.9503213519718902	0.012372461180595009	0.0373061868475149	0.0	0.0	0.0
TGGTGTTGTGGCGACA-1	Tumor	E15S	Tumor Proliferating	1	8623.39443653822	1.2979810658512216	0.3858370134960358	0.026760264154910042	0.2211567330209858	0.015020048306838984	0.01243626899330899	0.9725436826998521	0.04788823859571932	0.35261005025233383	0.599501711151947	0.04788823859571932	0.9725436826998519	0.0	reverted	partial	partial	reverted	partial	persistent		0.0	0.0	0.0	0.01502004830683898	0.012436268993308986	0.0
TGGTTAGTCCTGATTC-1	Tumor	E15S	Tumor	1	8833.528633922338	0.9329675206206431	0.5563053717116454	0.29678000706850194	0.15769607226137172	0.031433028571644324	0.008137741567330164	0.9604292298610254	0.01745487032345502	0.2553933016499894	0.7271518280265555	0.01745487032345502	0.9604292298610255	0.0	reverted	partial	partial	reverted	partial	persistent		0.0	0.0	0.0	0.03143302857164433	0.008137741567330166	0.0
TGGTTCCCAACCAGGC-1	Tumor	E15S	Tumor Proliferating	1	9025.980127677321	0.3714848216803352	0.7840037784944719	-0.22181984446591257	0.38968145957512335	0.014540205199323744	0.02652948818619594	0.9589303066144802	0.004144979856454632	0.13882453897328326	0.857030481170262	0.004144979856454632	0.0	0.9734705118138041	reverted	reverted	reverted	reverted	reverted	persistent		0.0	0.0	0.0	0.0	0.0	0.026529488186195944
TGGTTCCCAACTTCGC-1	Tumor	E15S	Tumor	1	8619.118477344513	1.4678110764083594	0.31295092490481896	0.36048275329617174	0.12446506389067094	0.041957254175123374	0.007904410731676918	0.9501383350931998	0.07696300390517594	0.39562938058649105	0.527407615508333	0.07696300390517594	0.9501383350931998	0.0	reverted	partial	partial	reverted	partial	persistent		0.0	0.0	0.0	0.041957254175123374	0.007904410731676918	0.0
TGGTTCCCACCATGTC-1	Tumor	E15S	Tumor	1	7338.4390959739685	1.920100829876352	0.16210987994006681	0.07170716415539743	0.1672074682947429	0.015198236416746396	0.01033185511172521	0.9744699084715284	0.2531978584516776	0.4418245783119263	0.3049775632363962	0.2531978584516776	0.0	0.0	partial	persistent	persistent	partial	persistent	persistent		0.9744699084715284	0.015198236416746396	0.01033185511172521	0.0	0.0	0.0
TGGTTCCCATCCCGTG-1	Tumor	E15S	Tumor Proliferating	1	8982.300720900297	0.5110634165464922	0.7359277925176027	-0.019631263402314594	0.2992052331902323	0.01598143893949293	0.01579002037974735	0.9682285406807595	0.005822191372408342	0.1628706722730144	0.8313071363545772	0.005822191372408342	0.0	0.9842099796202527	reverted	reverted	reverted	reverted	reverted	persistent		0.0	0.0	0.0	0.0	0.0	0.015790020379747357
TGGTTCCCATGATTGA-1	Tumor	E15S	Tumor Proliferating	1	8971.284558311105	1.5471937196606171	0.2815789908175433	0.10608339269394038	0.20897302191891415	0.017702288386627976	0.010617546282864229	0.9716801653305078	0.09587406534504635	0.4130410453550894	0.4910848892998643	0.09587406534504635	0.0	0.0	reverted	persistent	persistent	reverted	persistent	persistent		0.9716801653305078	0.017702288386627976	0.010617546282864229	0.0	0.0	0.0
TGTAACCGTGGGAACT-1	Tumor	E15S	Tumor	1	8298.570349156857	0.48655224542868347	0.7448464939133046	0.052262920410750514	0.22634191029038675	0.016024381884389555	0.012002407665310402	0.9719732104503	0.005479826903551103	0.15841302720876665	0.8361071458876822	0.005479826903551103	0.0	0.9879975923346896	reverted	reverted	reverted	reverted	reverted	persistent		0.0	0.0	0.0	0.0	0.0	0.012002407665310402
TGTACTGAGGTACGCT-1	Tumor	E15S	Tumor	1	7295.295617699623	2.1230491781500618	0.11641514749507488	0.17759862327384007	0.20330864164469253	0.0213907629643762	0.009560774368929673	0.9690484626666941	0.39495009255217967	0.4003654114519417	0.20468449599587868	0.39495009255217967	0.0	0.0	partial	persistent	persistent	partial	persistent	persistent		0.9690484626666941	0.0213907629643762	0.009560774368929673	0.0	0.0	0.0
TGTAGAGGTCCCGTAA-1	Tumor	E15S	Tumor	1	8497.447142124176	2.3446389306114304	0.07970750841868394	-0.27253526698745273	0.26859987322472956	0.010767584011826703	0.0274621737611115	0.9617702422270618	0.5763926274388215	0.3098638779048443	0.1137434946563342	0.5763926274388215	0.0	0.0	persistent	persistent	persistent	persistent	persistent	persistent		0.9617702422270619	0.010767584011826705	0.027462173761111503	0.0	0.0	0.0
TGTAGCATCACTATCC-1	Tumor	E15S	Tumor	1	6913.806135416031	1.4586175115358941	0.31670530820190995	0.7674512235109999	0.09021945908282658	0.428942835531474	0.012433486064249006	0.558623678404277	0.07501975162103482	0.3934699554102142	0.531510292968751	0.07501975162103482	0.558623678404277	0.0	reverted	partial	partial	reverted	partial	persistent		0.0	0.0	0.0	0.428942835531474	0.012433486064249006	0.0
TGTAGCGCACTATGGG-1	Tumor	E15S	Tumor Proliferating	1	8769.017694622278	0.2142564941790776	0.8301668260965929	-0.06636772929723032	0.2899456310827169	0.014518632996384048	0.017007145573967444	0.9684742214296486	0.0028729768821924902	0.11546768689537024	0.8816593362224373	0.0028729768821924902	0.0	0.9829928544260326	reverted	reverted	reverted	reverted	reverted	persistent		0.0	0.0	0.0	0.0	0.0	0.017007145573967444
TGTAGGTCAGGATAGA-1	Tumor	E15S	Hypoxic Tumor	1	7582.238956570625	0.516213121489735	0.7340288039098446	-0.2691047681732747	0.41446576336592983	0.014536176080961477	0.029631412079153856	0.9558324118398848	0.005897086927737843	0.1638201305397956	0.8302827825324666	0.005897086927737843	0.0	0.9703685879208462	reverted	reverted	reverted	reverted	reverted	persistent		0.0	0.0	0.0	0.0	0.0	0.029631412079153856
TGTATCAGTGCAAGTA-1	Tumor	E15S	Tumor	1	8855.436862051487	1.8675352089187136	0.17608538502329635	0.1587306165317086	0.15703062788594005	0.019207681124740087	0.008970145116811172	0.9718221737584486	0.22292679885107386	0.44513078209747436	0.3319424190514517	0.22292679885107386	0.0	0.0	partial	persistent	persistent	partial	persistent	persistent		0.9718221737584487	0.01920768112474009	0.008970145116811174	0.0	0.0	0.0
TGTATCCTCAGGTCAC-1	Tumor	E15S	Tumor	1	7277.392761468887	2.6735494384140277	0.04440401390427066	0.03635393032518298	0.1804136673984528	0.014256438941009933	0.011281303301372145	0.974462257757618	0.8084914619399054	0.15658930988789102	0.03491922817220349	0.8084914619399054	0.0	0.0	persistent	persistent	persistent	persistent	persistent	persistent		0.974462257757618	0.014256438941009933	0.011281303301372145	0.0	0.0	0.0
TGTCACTTCCTTAGCT-1	Tumor	E15S	Tumor Proliferating	1	9003.840040177107	0.0732549490802029	0.8645664917807981	-0.054170939931047116	0.3023346841729292	0.015184271726986102	0.01695621188716228	0.9678595163858515	0.002100428127016515	0.09759733841686488	0.9003022334561186	0.002100428127016515	0.0	0.9830437881128378	reverted	reverted	reverted	reverted	reverted	persistent		0.0	0.0	0.0	0.0	0.0	0.016956211887162283
TGTCATGAGTCTAGCA-1	Tumor	E15S	Tumor Proliferating	1	8939.521384626627	0.3729648019034785	0.7835289342871568	-0.13659146411437426	0.33040595897435776	0.014265020243282878	0.020908862248722106	0.9648261175079952	0.004159652427792548	0.13906273155781274	0.8567776160143946	0.004159652427792548	0.0	0.9790911377512779	reverted	reverted	reverted	reverted	reverted	persistent		0.0	0.0	0.0	0.0	0.0	0.020908862248722102
TGTCCGGAGTTACCCT-1	Tumor	E15S	Tumor	1	8580.032828330994	2.0174099185999426	0.1386159267555485	-0.8726533830958766	0.6044979651610997	0.013390286396182732	0.07682358331766052	0.9097861302861568	0.31657515550709114	0.42768889906693797	0.25573594542597083	0.31657515550709114	0.0	0.0	partial	persistent	persistent	partial	persistent	persistent		0.9097861302861566	0.013390286396182728	0.07682358331766051	0.0	0.0	0.0
TGTCCTTAGAACGAAC-1	Tumor	E15S	Tumor	1	8572.279335021973	3.019718598348367	0.02356015542220859	0.16573348676313063	0.15335167704175617	0.019565113223298906	0.008845319190762245	0.9715895675859388	0.9367629799906372	0.055920264426262974	0.007316755583099957	0.9367629799906372	0.0	0.0	persistent	persistent	persistent	persistent	persistent	persistent		0.9715895675859388	0.019565113223298906	0.008845319190762245	0.0	0.0	0.0
TGTCCTTAGGTGCTAC-1	Tumor	E15S	Tumor	1	8852.487421445549	1.6580429435579278	0.24112946931680623	-0.10088118768783753	0.24343050517703468	0.012483527563084837	0.016990621259511042	0.9705258511774042	0.12965385995420473	0.43245125572910703	0.4378948843166883	0.12965385995420473	0.0	0.0	reverted	persistent	persistent	reverted	persistent	persistent		0.9705258511774042	0.012483527563084837	0.016990621259511042	0.0	0.0	0.0
TGTCTCACACCATAGG-1	Tumor	E15S	Tumor Proliferating	1	8926.365046143532	0.9301045134015041	0.5576428039106721	-0.618571089907176	0.5636787789613388	0.014487953970241033	0.05391492071517445	0.9315971253145846	0.017320071601059004	0.2546719344451975	0.7280079939537436	0.017320071601059004	0.9315971253145846	0.0	reverted	partial	partial	reverted	partial	persistent		0.0	0.0	0.0	0.014487953970241033	0.05391492071517445	0.0
TGTCTGTTCCGCACGA-1	Tumor	E15S	Tumor	1	8845.235167309642	1.391888945918281	0.34465289886770756	0.34442448536529685	0.1291632045322546	0.0388367817555561	0.007897110867533726	0.9532661073769101	0.062278137037449444	0.3771084524105201	0.5606134105520303	0.062278137037449444	0.9532661073769102	0.0	reverted	partial	partial	reverted	partial	persistent		0.0	0.0	0.0	0.038836781755556105	0.007897110867533728	0.0
TGTGCAATCCATGCCC-1	Tumor	E15S	Tumor	1	8498.77921757102	0.051431630168574216	0.8693316506791826	-0.43038177688352086	0.5422883918566225	0.015977167434562355	0.040406474230989836	0.9436163583344477	0.0020037587828493	0.09507136033428941	0.9029248808828614	0.0020037587828493	0.0	0.9595935257690101	reverted	reverted	reverted	reverted	reverted	persistent		0.0	0.0	0.0	0.0	0.0	0.04040647423098984
TGTGCATGTCTAGTGT-1	Tumor	E15S	Tumor Proliferating	1	9009.114968031645	0.18023365022743132	0.8390559317107539	-0.02619076060935186	0.2727804170914655	0.01499269221498801	0.0152211999626768	0.9697861078223351	0.0026601957491061163	0.11090145468192489	0.886438349568969	0.0026601957491061163	0.0	0.9847788000373232	reverted	reverted	reverted	reverted	reverted	persistent		0.0	0.0	0.0	0.0	0.0	0.015221199962676802
TGTGCCAGTAGGTACA-1	Tumor	E15S	Tumor	1	7030.296875	1.3292349204298237	0.3719141984154723	-0.24070115801870978	0.3862086763101129	0.014145189401918858	0.027476135610628394	0.9583786749874528	0.0522658595021531	0.36090203498367884	0.5868321055141681	0.0522658595021531	0.9583786749874528	0.0	reverted	partial	partial	reverted	partial	persistent		0.0	0.0	0.0	0.014145189401918858	0.027476135610628394	0.0
TGTGCCAGTCTCAGGC-1	Tumor	E15S	Tumor	1	8598.627443313599	0.8582817287895413	0.5908722496114642	0.35765064440155475	0.1694938685026147	0.04017093349152299	0.00816051044499593	0.9516685560634811	0.014275456821554233	0.2369451009546406	0.748779442223805	0.014275456821554233	0.9516685560634811	0.0	reverted	partial	partial	reverted	partial	persistent		0.0	0.0	0.0	0.04017093349152299	0.00816051044499593	0.0
TGTGCCAGTTAAGTCC-1	Tumor	E15S	Tumor	1	8531.741210460663	0.8423644964038762	0.5981364061257146	-0.82240599331319	0.6951545176426499	0.015862183398884275	0.06325100195488326	0.9208868146462323	0.01368109305835749	0.2331177926069731	0.7532011143346694	0.01368109305835749	0.9208868146462325	0.0	reverted	partial	partial	reverted	partial	persistent		0.0	0.0	0.0	0.015862183398884278	0.06325100195488327	0.0
TGTGCCAGTTCCCGTT-1	Tumor	E15S	Tumor	1	8390.714362740517	0.3352660152986136	0.7953889908936654	-0.006207051444077384	0.3078100386858777	0.01663200808478429	0.015659018370691967	0.9677089735445238	0.003803408960295349	0.13310443677094624	0.8630921542687584	0.003803408960295349	0.0	0.984340981629308	reverted	reverted	reverted	reverted	reverted	persistent		0.0	0.0	0.0	0.0	0.0	0.015659018370691967
TGTGCGCGTAGCGGCA-1	Tumor	E15S	Tumor Proliferating	1	9030.657801061869	0.18214286390393944	0.8385672366037339	-0.41489884957218226	0.5018533681324058	0.015050112121109446	0.03952898431075397	0.9454209035681366	0.002671646349142246	0.11115328972658493	0.8861750639242729	0.002671646349142246	0.0	0.960471015689246	reverted	reverted	reverted	reverted	reverted	persistent		0.0	0.0	0.0	0.0	0.0	0.03952898431075397
TGTGCTGGTAACGAGC-1	Tumor	E15S	Tumor	1	8698.469622612	-0.3070159101804633	0.9291468881811294	-1.004453204105756	0.990780930987621	0.021178378299370193	0.05831716379927046	0.9205044579013594	0.0009760855738397647	0.06148492708844365	0.9375389873377166	0.0009760855738397647	0.0	0.9416828362007296	reverted	reverted	reverted	reverted	reverted	persistent		0.0	0.0	0.0	0.0	0.0	0.05831716379927046
TGTGTACGTGCAGCCT-1	Tumor	E15S	Tumor	1	8617.145611822605	0.5809604638436161	0.709423067771846	-0.10305026811660911	0.2634310749981785	0.012979947681831253	0.017622571093352985	0.9693974812248158	0.00693509791143495	0.17614316062242	0.8169217414661452	0.00693509791143495	0.0	0.9823774289066469	reverted	reverted	reverted	reverted	reverted	persistent		0.0	0.0	0.0	0.0	0.0	0.01762257109335298
TGTGTTAGTGATGAAT-1	Tumor	E15S	Hypoxic Tumor	1	5980.8938999176025	0.12465466319521426	0.852763226644475	0.2486987982142094	0.21254626170345844	0.02685673577565622	0.009087631865452386	0.9640556323588915	0.0023503555214254026	0.10379460779184196	0.8938550366867326	0.0023503555214254026	0.0	0.9909123681345476	reverted	reverted	reverted	reverted	reverted	persistent		0.0	0.0	0.0	0.0	0.0	0.009087631865452386
TGTGTTGAGTCAGGAG-1	Tumor	E15S	Tumor	1	6833.391197085381	-0.09291397616689975	0.8973693065653752	0.12292883048295913	0.2216000445467337	0.018832820369445884	0.010633137405438848	0.9705340422251152	0.0014811786368214858	0.07984750668801464	0.9186713146751637	0.0014811786368214858	0.0	0.9893668625945612	reverted	reverted	reverted	reverted	reverted	persistent		0.0	0.0	0.0	0.0	0.0	0.01063313740543885
