,sample,cell_group,cycle_s,cycle_g2m,hif_score,theta_normoxic,v_reox,memory_z,hypoxia_kinetics_state,barcodes,umap_x,umap_y
GTCTGGGTCTAGTGCA-E14S,E14S,Tumor,0.35855133115483,0.5614367720808794,1.5137114359703483,1.955076698005783e-05,-1.1763093187546074,-0.7979860091993929,never_hypoxic,GTCTGGGTCTAGTGCA,-2.9884,3.4675
ATCACTTCAAACCCGA-E14S,E14S,Tumor,1.586139434093443,1.5243621116108481,-0.55208566169029,0.9999349272152919,-0.10394952366086975,-0.7979860091993929,never_hypoxic,ATCACTTCAAACCCGA,0.4175,4.2374
CCCTTTAGTCTGGTCA-E14S,E14S,Tumor,0.7363609672225078,1.2525529524464896,0.29097287950049117,0.7826196782512146,0.0005654708173397326,-0.7979860091993929,never_hypoxic,CCCTTTAGTCTGGTCA,-0.7114,5.1435
TCACGCCTCTAAGTCG-E14S,E14S,Tumor,1.499614196565155,1.2650450485855744,0.168593466149019,0.9237477769165644,-0.6642710722600449,1.353252080053408,never_hypoxic,TCACGCCTCTAAGTCG,-4.364,7.2095
GGAGAGGAGGTAGTCC-E14S,E14S,Tumor,0.9936082362713586,2.1452040742777734,0.26112660157682055,0.8287685515297505,0.13467258419289674,-0.7979860091993929,never_hypoxic,GGAGAGGAGGTAGTCC,-0.2911,5.8215
CCTATAGAGTAACGAA-E14S,E14S,Tumor,1.7008069541505697,1.365330157035354,0.3506073943791287,0.6659048827316137,0.09204712181271571,-0.7979860091993929,never_hypoxic,CCTATAGAGTAACGAA,0.1516,5.0768
TAGGCTGCATCACTGC-E14S,E14S,Tumor,0.49903356512973407,0.6255735118103455,1.4340628636687005,4.3064889511368385e-05,0.8687569577985106,0.6656196431122374,never_hypoxic,TAGGCTGCATCACTGC,0.325,5.1216
CACCACCTCTCATGCT-E14S,E14S,Tumor,1.310231927412732,1.4206256920015123,0.1221740516511318,0.9504824162841456,-0.18808801251722534,0.6936695545865252,never_hypoxic,CACCACCTCTCATGCT,-0.6787,5.4734
AGTATGAAGTAAGGGT-E14S,E14S,Tumor,0.6866500948715397,0.7220737920568437,0.4353574351991667,0.4624266963132212,-1.3248485371799683,-0.7979860091993929,never_hypoxic,AGTATGAAGTAAGGGT,-1.9817,6.0612
TGCTCACCAACGTGAT-E14S,E14S,Tumor,1.36058177191929,1.0026372967899049,0.1719687051931518,0.9213568536068171,-0.02859864119878186,-0.7979860091993929,never_hypoxic,TGCTCACCAACGTGAT,-0.1928,4.5334
GGCTGTTAGATAGCAA-E14S,E14S,Tumor,1.227369733972501,1.6880118636812407,0.2833217167371105,0.7952488616907601,0.1827926224257354,1.2814544531419616,never_hypoxic,GGCTGTTAGATAGCAA,-3.7626,7.4899
GCACACTAGGCGAGAC-E14S,E14S,Tumor,0.22345588878536615,0.3798481018665336,-0.042239816726192606,0.989897398211932,-0.027808294842644694,-0.7979860091993929,never_hypoxic,GCACACTAGGCGAGAC,-0.4834,6.6417
AAACTTGCATTCAGCC-E14S,E14S,Tumor,1.4222342384734596,1.811335508069625,0.07102195898539372,0.9695815646931021,0.15613912992723092,1.3738613525815075,never_hypoxic,AAACTTGCATTCAGCC,-4.1751,7.1571
TGGGATTCAATGCGTG-E14S,E14S,Tumor,0.9224137541298701,1.119850385920795,-0.08407712824138784,0.9933046622840223,-0.04773417181150284,-0.7979860091993929,never_hypoxic,TGGGATTCAATGCGTG,0.283,5.0146
CGATTCCCACAAGCTG-E14S,E14S,Tumor,0.2980111992199987,1.0555734235615364,0.4369277954417109,0.4585584811122455,-0.9530926769099423,0.7786047146473699,never_hypoxic,CGATTCCCACAAGCTG,-3.4924,3.929
GCAATTTAGAACGGAT-E14S,E14S,Tumor,1.3852524719175094,1.4393084224483057,0.06883309451075767,0.9702151617736234,-2.163389902176949,-0.7979860091993929,never_hypoxic,GCAATTTAGAACGGAT,-3.6269,8.0938
ACTGGTTGTGCAGCCT-E14S,E14S,Tumor,1.9041467217821326,1.7455671770823031,0.3602945484801148,0.6442074118719838,-0.013410862510481361,0.6993665969445906,never_hypoxic,ACTGGTTGTGCAGCCT,-2.123,6.9154
GCGCTTGAGTAGTTAC-E14S,E14S,Tumor,1.1301490266193042,2.324308167971323,-0.08069676720197383,0.9930780357427662,0.18807684335508307,0.8372051163968928,never_hypoxic,GCGCTTGAGTAGTTAC,-1.957,7.2154
CACCTAAAGATTCAAC-E14S,E14S,Tumor,1.6702957818747444,1.3517352666935354,0.28141585321384,0.7983086089015767,0.08305937239921568,0.2804461510738896,never_hypoxic,CACCTAAAGATTCAAC,-2.2157,7.4156
CCCGTTATCCGTATAG-E14S,E14S,Tumor,1.8250946173975848,1.4716010439470668,0.35992866086267117,0.645038479215365,-0.1460624009148245,1.2019574977222545,never_hypoxic,CCCGTTATCCGTATAG,-1.4004,5.4478
CCATATAGTGGCTTGC-E14S,E14S,Tumor,1.6495626398994072,1.8516621114475738,0.054382152730561475,0.9740881076677453,-0.15865687353531177,1.102333137021125,never_hypoxic,CCATATAGTGGCTTGC,-4.1887,7.7476
TATCATGGTTGACCAT-E14S,E14S,Tumor,1.7285247863502475,1.654301200438947,0.32896825550251674,0.7118269281903471,0.05404065193106143,0.7694683373943418,never_hypoxic,TATCATGGTTGACCAT,-3.2048,8.2212
TGAGTTGTCGCTAGAC-E14S,E14S,Tumor,0.3710553475577591,0.34494492720277503,0.8401023035363803,0.015312878134654389,0.0791146655346038,1.1133201254168223,never_hypoxic,TGAGTTGTCGCTAGAC,-2.8986,3.5238
CGAGTGAAGGTTAGCC-E14S,E14S,Tumor,1.9499999924472793,1.2648040619121634,0.6894599330519544,0.06476648772123762,0.10497469535300719,1.0804914595862387,never_hypoxic,CGAGTGAAGGTTAGCC,-4.2249,4.4757
CCTGTAAAGGTTGCGT-E14S,E14S,Tumor,1.8411218649726775,1.2797225635106597,0.21182108444689862,0.8875334012823319,-0.1450473532198985,1.3627599889300892,never_hypoxic,CCTGTAAAGGTTGCGT,-3.1051,6.9041
CGTTACCCAAGTGCAT-E14S,E14S,Tumor,0.8600486116492362,0.7413757019674024,0.4913808001451107,0.33047228655295874,0.061888558403017976,0.685298747031055,never_hypoxic,CGTTACCCAAGTGCAT,-1.8116,7.8387
CTCGTAGGTCAACTTA-E14S,E14S,Tumor,1.58257727897593,1.7713457816298226,0.5819545952238508,0.16741067732927473,0.10299979455900711,0.6999309363095096,never_hypoxic,CTCGTAGGTCAACTTA,-3.9341,4.6607
GGCGGTAGTTCGGCTA-E14S,E14S,Tumor,1.417916655228925,0.7272135208796102,0.6323195681686538,0.10876096382183444,-0.16281547896827822,-0.7979860091993929,never_hypoxic,GGCGGTAGTTCGGCTA,-1.0089,7.7687
TCACACAAGCCTGTAA-E14S,E14S,Tumor,1.9228713771534387,1.2730142537731934,0.19513824290701498,0.9030165516102007,0.09009849919876227,0.10774366419041573,never_hypoxic,TCACACAAGCCTGTAA,-3.4676,4.9969
AACATAGAGGTAAGGT-E14S,E14S,Tumor,1.6325812846597265,2.165317623640289,0.41028176565991875,0.5244925407410005,-0.13647650572934666,1.2351518783711366,never_hypoxic,AACATAGAGGTAAGGT,-4.7902,5.5507
AGAATCAAGTTACGCA-E14S,E14S,Tumor,1.486239975823733,2.286688610391865,0.15175060675778035,0.9347095310153113,-0.0666108207265925,0.5145909009181525,never_hypoxic,AGAATCAAGTTACGCA,-2.6376,7.6707
ACAACCTGTGGGTCCT-E14S,E14S,Tumor,1.3129474711499733,2.243320018901239,0.01965987723413038,0.9814956496274767,-0.2031241954824367,0.6635017786982732,never_hypoxic,ACAACCTGTGGGTCCT,-2.9021,8.2665
ATCACAACAATCGGTG-E14S,E14S,Tumor,1.753960277913636,1.6305516690123356,0.29029834375083574,0.7837553367139782,-0.09554475002693101,0.3444442699622629,never_hypoxic,ATCACAACAATCGGTG,-3.4346,7.5494
GGTAATTTCGCTCACC-E14S,E14S,Tumor,1.0909292053983959,1.2840718424626014,0.43657919677713897,0.4594167577553676,0.18723668876516103,0.5429473047387876,never_hypoxic,GGTAATTTCGCTCACC,-0.6959,6.1824
CCGGTTAGTTCTGGGC-E14S,E14S,Tumor,1.287749172317715,1.4523818146901277,0.5097576381568676,0.29146976865524976,0.2758250370603875,0.6969187511556107,never_hypoxic,CCGGTTAGTTCTGGGC,-2.9684,4.7845
CGTACAGCAATATCCT-E14S,E14S,Tumor,1.4551343943094885,1.5010812225300965,0.1753621396719386,0.9188840979270377,0.1738935277769909,1.6436150123076865,never_hypoxic,CGTACAGCAATATCCT,-4.0952,7.7024
ACAGGTGAGATTCCTC-E14S,E14S,Tumor,1.5959727912538764,2.175698672570989,-0.13065717776570926,0.9957706474564167,0.1307294147698636,0.23039560184859328,never_hypoxic,ACAGGTGAGATTCCTC,-4.7316,5.3509
CGTTGCCTCATGCAGC-E14S,E14S,Tumor,1.8579643906450583,1.634385130350536,0.08367822190969267,0.9656542868393173,0.06248480560204851,0.865543335115546,never_hypoxic,CGTTGCCTCATGCAGC,-5.1548,5.0965
TAACAGCCACCAATCC-E14S,E14S,Tumor,1.6372386395084593,1.376828964340849,0.5679613526983831,0.18765082888441387,0.5140783720743349,0.43271789202745375,never_hypoxic,TAACAGCCACCAATCC,-3.6167,4.82
CAGGATTCATGGTGTG-E14S,E14S,Tumor,1.357621990615695,2.2007759418361355,0.16518474784174036,0.9260945662436377,-0.5638420310063884,1.553150227038523,never_hypoxic,CAGGATTCATGGTGTG,-3.1861,7.4672
TCGAGGTTCGCGCACA-E14S,E14S,Tumor,1.3730715918119951,1.3926073919380437,0.4936849965624708,0.3254370602193498,-0.3566384200084829,0.7256198738546011,never_hypoxic,TCGAGGTTCGCGCACA,-3.6754,7.2428
ACACATTAGGCGATAG-E14S,E14S,Tumor,1.3043421547654035,1.7675679942042046,0.17227841813992784,0.9211340595607274,-0.26141169448568136,0.9568425964791846,never_hypoxic,ACACATTAGGCGATAG,-3.1449,8.0248
CGTATTAGTTGGTTCG-E14S,E14S,Tumor,0.769347958358927,0.7410774870049296,0.7252463910617443,0.04631660023294199,0.3874493428091567,0.36354607408066236,never_hypoxic,CGTATTAGTTGGTTCG,-0.3495,5.9554
ATGGATGGTAACGAGC-E14S,E14S,Tumor,2.077768894188927,1.4879182347331137,0.01526359331064582,0.9822709205089879,0.0607212890436091,0.6299114968796367,never_hypoxic,ATGGATGGTAACGAGC,-3.956,4.6499
AACAGGTAGATAGATG-E14S,E14S,Tumor,0.4354355053278484,0.5896129457878009,0.2282628199618719,0.870204688311741,-0.4477487812587591,0.8643501928281782,never_hypoxic,AACAGGTAGATAGATG,-1.0476,7.7315
ACGTTAGTCGTGCCAG-E14S,E14S,Tumor,1.38633330790877,2.263956659597609,0.21807403116078272,0.8811946180547863,0.28805186723225384,1.271802283447201,never_hypoxic,ACGTTAGTCGTGCCAG,-2.5796,8.1127
CCAGTTGGTTTCCTCA-E14S,E14S,Tumor,1.639495679285034,2.0462677244639824,0.2977195990581198,0.771024396634019,0.006711066454746839,1.0420194855622666,never_hypoxic,CCAGTTGGTTTCCTCA,-2.4513,7.5764
CAAGGAACAAGTTACA-E14S,E14S,Tumor,0.6637123284875449,1.0209934735353263,0.4199185552394191,0.5006249232123312,0.17668818105665587,0.18165268910516214,never_hypoxic,CAAGGAACAAGTTACA,-1.2554,7.5155
ATAGGCGAGTTACGAT-E14S,E14S,Tumor,1.4121828980732638,1.2869289527122898,0.5699749689023391,0.18462635929788337,-0.0703574030274391,0.6570953456330564,never_hypoxic,ATAGGCGAGTTACGAT,-0.8184,6.1415
TGATCCTTCACCATGA-E14S,E14S,Tumor,1.0762927609040973,0.5847836365562268,0.6134525789961273,0.12826426121448775,0.2557686240564177,0.2905126921665447,never_hypoxic,TGATCCTTCACCATGA,-2.9435,3.6958
CTACTTGCATCCTAAT-E14S,E14S,Tumor,0.7150613488546091,0.8523681488356606,-0.0697807885114306,0.992292909141627,0.032559644055976084,0.9618898128853857,never_hypoxic,CTACTTGCATCCTAAT,-0.3329,5.8547
ACTAATGCAACATGAC-E14S,E14S,Tumor,0.6833903591687513,1.4330338935369396,0.3113384886658289,0.746318520314697,-0.16625900771859395,1.4198347507567461,never_hypoxic,ACTAATGCAACATGAC,-2.8788,7.4182
GTCTAAGTCAGGAACG-E14S,E14S,Tumor,1.64620123910572,1.6285517423034135,0.25472985764778877,0.8375823681715787,0.1464253692165575,0.5574632524182681,never_hypoxic,GTCTAAGTCAGGAACG,-0.0923,4.4047
ATGGGTTCATGGTAGT-E14S,E14S,Tumor,1.7270460927097844,1.2084538659858683,0.49424024967034696,0.32422964754894584,0.08312344212667161,0.26463387221204265,never_hypoxic,ATGGGTTCATGGTAGT,-4.5107,4.3203
TCCATTATCGTACTAG-E14S,E14S,Tumor,1.2646084065456689,1.8752773735820885,0.13802369334314896,0.9425401646507737,0.23706196459799422,1.430980978289504,never_hypoxic,TCCATTATCGTACTAG,-4.0124,7.759
CGGTGAGGTTCGTTAA-E14S,E14S,Tumor,1.1660220433185233,2.0410683519673403,0.27287013452744685,0.8116072166848793,-0.36404654015029075,-0.7979860091993929,never_hypoxic,CGGTGAGGTTCGTTAA,-1.1451,6.4849
AACAGCTCATTAATCC-E14S,E14S,Tumor,1.2207158918362004,2.35130332015689,-0.3406565457420887,0.9994708004140609,-0.11040493762115318,-0.7979860091993929,never_hypoxic,AACAGCTCATTAATCC,-0.36,5.8512
CCACCTCAGAAGGATC-E14S,E14S,Tumor,0.3982057388401991,0.5316912116761494,0.5452827126629345,0.22435102014378314,-0.08199378031408526,1.283533960154517,never_hypoxic,CCACCTCAGAAGGATC,-0.7014,7.6406
GTGAATCCATCCCTGG-E14S,E14S,Tumor,0.9673775198814214,1.4313652704357467,0.49181773989626876,0.3295144329296164,-0.3450878957607911,-0.7979860091993929,never_hypoxic,GTGAATCCATCCCTGG,-2.2087,6.0675
TGTGCCAGTGCGGACA-E14S,E14S,Tumor,2.115372714935053,1.9113903140544468,0.6139598717114587,0.1277029154265575,0.11139920280267282,1.479745046536623,never_hypoxic,TGTGCCAGTGCGGACA,-1.2841,4.8435
TACCTCCGTTAGCAAG-E14S,E14S,Tumor,0.9654134485723171,1.9878491438319355,0.39307185812760975,0.5667700904593578,-0.672563177636138,1.0564919863687892,never_hypoxic,TACCTCCGTTAGCAAG,-1.4391,7.3633
TCGTACTTCCAATTCC-E14S,E14S,Tumor,1.7443643089284675,1.2767891996774314,0.3257487858630703,0.7183303559373,0.27125913132588864,1.1908028184464683,never_hypoxic,TCGTACTTCCAATTCC,-1.0372,5.34
GTACGATCAGGATCTG-E14S,E14S,Tumor,1.3163108784158382,1.6550350265068206,0.053855980833032585,0.9742194620981544,0.1469214541914267,0.6761698463448766,never_hypoxic,GTACGATCAGGATCTG,0.166,4.4068
TAGGCCACATAGGGCC-E14S,E14S,Tumor,1.5289376383742126,2.1197816338893785,0.1921406510737234,0.9055884666911441,-0.09356883180027094,-0.7979860091993929,never_hypoxic,TAGGCCACATAGGGCC,-0.8669,5.9214
ACTGCTGGTGATTAGG-E14S,E14S,Tumor,0.3060978594844139,0.5822833352730004,1.0449839891173418,0.0020353798166604428,-0.22360577404850795,0.4043333394830086,never_hypoxic,ACTGCTGGTGATTAGG,-0.405,7.0098
TCATGGATCACCTCGC-E14S,E14S,Tumor,1.4774927166905658,2.175871508423578,0.5958252487358133,0.14910749045387467,0.10403230993313904,-0.7979860091993929,never_hypoxic,TCATGGATCACCTCGC,0.2364,4.7454
TGAGAACAGCGGATAG-E14S,E14S,Tumor,1.322600700235226,1.7304172734713448,0.10507259184420316,0.9578801327560442,-0.09529510789054921,0.22702942295686643,never_hypoxic,TGAGAACAGCGGATAG,-3.1354,4.8997
TAGGGTAGTTGGAGAC-E14S,E14S,Tumor,1.659654385377094,1.6651628209723346,0.6120829680904403,0.12979032407364635,0.5313367138887619,-0.7979860091993929,never_hypoxic,TAGGGTAGTTGGAGAC,-2.9926,4.8097
TCTATGAGTTTGGAGA-E14S,E14S,Tumor,1.176894480547901,1.9883162474634175,0.09647210922255464,0.9611893620346295,0.21160726093076965,-0.7979860091993929,never_hypoxic,TCTATGAGTTTGGAGA,-4.3269,4.5255
CGCCCATTCCCAGTAA-E14S,E14S,Tumor,1.630486922053494,1.0364744417383878,0.5804755217866524,0.1694647359942671,0.3323957218714279,-0.7979860091993929,never_hypoxic,CGCCCATTCCCAGTAA,-2.1448,4.8527
AAACGTAAGCGAGTCT-E14S,E14S,Tumor,1.170097951204977,1.8179330073281168,0.46308646694962935,0.3951987877628729,0.009497878619805396,-0.7979860091993929,never_hypoxic,AAACGTAAGCGAGTCT,-0.3478,5.7404
GGAAGTTAGGTCAATT-E14S,E14S,Tumor,1.577129796317968,1.6227265348433977,-0.1943430023328302,0.9977462739502464,0.16297787227855778,-0.7979860091993929,never_hypoxic,GGAAGTTAGGTCAATT,-0.7157,5.6815
CCCGACAAGTTGCGCG-E14S,E14S,Tumor,1.5165707272355706,0.925947570237324,0.01994042077698007,0.981445062760755,-0.10482993980849972,1.4794009335487461,never_hypoxic,CCCGACAAGTTGCGCG,-0.4444,5.1839
AGCGCACCATGCTGTC-E14S,E14S,Tumor,0.9408496850017205,0.9925491856709941,-0.0339650179943548,0.9890430459444264,0.1105163378044527,1.5819995005145389,never_hypoxic,AGCGCACCATGCTGTC,-1.843,6.2606
TGCCATTTCGATCGCG-E14S,E14S,Tumor,1.1919302578953008,1.4625765196701428,0.2943356849339731,0.7768938611939146,-0.24486564663612445,0.597098499993319,never_hypoxic,TGCCATTTCGATCGCG,-3.8775,7.3789
GTGCGGTCAATGCCTC-E14S,E14S,Tumor,1.5509034935423174,2.4539175832597,0.45267829033866436,0.42011199208959665,0.1859759867550449,-0.7979860091993929,never_hypoxic,GTGCGGTCAATGCCTC,-3.3171,3.9643
CGTGGATTCCTCATAC-E14S,E14S,Tumor,1.5334351526954457,1.1550434038838768,0.3609643431450176,0.6426838070898144,0.205974904760222,-0.7979860091993929,never_hypoxic,CGTGGATTCCTCATAC,0.0694,4.3305
GTAGTGAGTGATAGAT-E14S,E14S,Tumor,1.388799910645743,1.507962101836257,0.43066821608226724,0.47400261880689554,0.34876343798469217,-0.7979860091993929,never_hypoxic,GTAGTGAGTGATAGAT,-3.8593,7.7418
AGTTAGAAGCCACATA-E14S,E14S,Tumor,1.2163423969627574,1.1500706090785062,0.11302466424450991,0.9545817019178996,0.17178783586054844,0.9136787120163682,never_hypoxic,AGTTAGAAGCCACATA,-4.0593,7.1718
CCGAATGCAAACTACA-E14S,E14S,Tumor,0.9868274653941045,0.9121761502199219,-1.2870548600247875,0.9999999554730854,-0.014689740096098693,-0.7979860091993929,never_hypoxic,CCGAATGCAAACTACA,2.6029,3.2286
TCCCCTGGTATAGCTC-E14S,E14S,Tumor,0.7385758795405664,0.7603169314089469,-0.3768272601852448,0.9996302260549426,-0.020013476498262628,-0.7979860091993929,never_hypoxic,TCCCCTGGTATAGCTC,1.5755,4.0966
AGGAATGCATCACTTG-E14S,E14S,Tumor,0.48707863072654856,1.954113931304549,1.0160019238512608,0.0027111226042538946,-0.12691204111891285,-0.7979860091993929,never_hypoxic,AGGAATGCATCACTTG,0.7036,4.9412
CTTCAGCCATAATTCC-E14S,E14S,Tumor,0.26235723882011497,0.40520773543698757,-0.8816564288710559,0.9999975209661934,-0.025705867862173958,-0.7979860091993929,never_hypoxic,CTTCAGCCATAATTCC,5.529,14.7633
GGGGTATGTCAACTCG-E14S,E14S,Tumor,0.24725132478873688,0.59188431683899,-0.23128500694993936,0.9984363924814992,0.10484836959342284,1.723413362469002,never_hypoxic,GGGGTATGTCAACTCG,-2.2363,6.9006
CGAGGATGTGACGAAC-E14S,E14S,Tumor,0.5651121871774752,0.6073903030691674,0.5643352956542791,0.19319298371568594,0.3421733123177664,-0.7979860091993929,never_hypoxic,CGAGGATGTGACGAAC,10.8763,7.8623
CCCATCTGTAGCTGGG-E14S,E14S,Tumor,0.048060197167031374,0.23080235748765676,-0.7650416914123379,0.9999921217899995,-0.03816209263956608,1.2907427807012626,never_hypoxic,CCCATCTGTAGCTGGG,5.9728,14.4137
AACTCTTCATGATAGC-E14S,E14S,Tumor,0.16598334993915237,0.2724513879577449,-0.6172793104999355,0.9999659053261015,-0.027462272649181305,-0.7979860091993929,never_hypoxic,AACTCTTCATGATAGC,5.4372,14.7732
GGCAACTTCCATCGCC-E14S,E14S,Tumor,0.3527390573562536,0.5375026146355291,-0.19150030836972376,0.997681997538117,0.08117107790642084,-0.7979860091993929,never_hypoxic,GGCAACTTCCATCGCC,-1.7587,6.7671
CGGGTCATCACAGCAC-E14S,E14S,Tumor,0.9598359091740724,1.7042840735906613,0.17298033306701724,0.9206269949596784,0.40933260603196003,-0.7979860091993929,never_hypoxic,CGGGTCATCACAGCAC,-1.8096,6.3098
ACGTTCAAGTTACCTC-E14S,E14S,Tumor,0.8234030516887257,0.9812836072700847,-0.6848901390254793,0.9999825594971874,-0.06671411157604312,-0.7979860091993929,never_hypoxic,ACGTTCAAGTTACCTC,1.4489,4.1145
GGGATATAGTGATTAC-E14S,E14S,Tumor,0.04889001801240405,0.1932663789947471,-1.1477240757288338,0.9999998227500394,-0.048457591072895594,1.326807357884866,never_hypoxic,GGGATATAGTGATTAC,6.0534,14.2421
AGAGTCCTCTTGAGGC-E14S,E14S,Tumor,0.09863455797943317,0.3804717232942757,-0.25792685722295217,0.9987989402573095,0.07953788920150617,1.3453764099637033,never_hypoxic,AGAGTCCTCTTGAGGC,5.9408,14.2681
TAACACTAGCAAGCGA-E14S,E14S,Tumor,0.16040383046625994,0.28642289338267757,-0.8287835396194349,0.9999958125044507,0.00011873712862091323,-0.7979860091993929,never_hypoxic,TAACACTAGCAAGCGA,5.635,14.7772
GTTCACCCAGTTGGGC-E14S,E14S,Tumor,0.15019551613157922,0.258052317162669,0.8532514843812583,0.013466341006215505,0.35268048575489575,-0.7979860091993929,never_hypoxic,GTTCACCCAGTTGGGC,12.1195,5.4014
GGTGACTTCACATAGT-E14S,E14S,Tumor,0.2720696805939512,0.3636170772616911,-0.8071005623031079,0.9999948081559519,-0.017308625071441687,-0.7979860091993929,never_hypoxic,GGTGACTTCACATAGT,5.8023,14.83
GTTATCAGTAGTAGTG-E14S,E14S,Tumor,0.05037599839973023,0.18394323629168183,-0.6894471337678988,0.9999833299560323,-0.02885771127786906,-0.7979860091993929,never_hypoxic,GTTATCAGTAGTAGTG,6.0519,14.4849
TGCTACCCAATGCCTC-E14S,E14S,Tumor,0.14323123099520038,0.2745400698254646,1.0866307014511276,0.0013477591491698486,1.1184061827318283,-0.7979860091993929,never_hypoxic,TGCTACCCAATGCCTC,-0.6846,7.8379
ATTACGTAGCATCTAG-E14S,E14S,Tumor,0.33169053070052695,0.4674285457294911,-0.4102068733382666,0.9997343880027657,0.006366629679830066,-0.7979860091993929,never_hypoxic,ATTACGTAGCATCTAG,5.513,14.8136
GCTAAACCAATACAGC-E14S,E14S,Tumor,0.25199025814969767,0.2642791776673293,-0.9324799837576246,0.9999985022658401,-0.033349179232313515,1.3923475224858795,never_hypoxic,GCTAAACCAATACAGC,5.7052,14.9732
ATGTCAACATTAGACA-E14S,E14S,Tumor,0.38875034573884343,0.29727419219097045,-0.8419536256849587,0.999996325115493,0.006496132851412081,-0.7979860091993929,never_hypoxic,ATGTCAACATTAGACA,5.5397,14.7396
CTTGCATTCGCGTCTC-E14S,E14S,Tumor,0.11788164928260318,0.2528648818326943,0.9456787683250963,0.005429724725393105,-0.16914688766595018,-0.7979860091993929,never_hypoxic,CTTGCATTCGCGTCTC,11.8603,5.1514
GCACGAGGTCTTGACG-E14S,E14S,Tumor,0.049885454378475406,0.46385330463153746,-0.8188427853546768,0.9999953787503348,-0.024461946243452163,-0.7979860091993929,never_hypoxic,GCACGAGGTCTTGACG,6.2323,14.265
CTTCACTAGCGGAGTA-E14S,E14S,Tumor,0.36920384802738554,0.42687258662263944,0.5484850324120061,0.21887417023316616,-0.012121980918873548,-0.7979860091993929,never_hypoxic,CTTCACTAGCGGAGTA,0.8456,4.4521
GCCGAGTCACCTTGCG-E14S,E14S,Tumor,0.14730516099419555,0.4778455800829967,-0.6525168846151472,0.9999759587753424,0.15361486376044925,-0.7979860091993929,never_hypoxic,GCCGAGTCACCTTGCG,5.3048,14.5753
GGTTAGCTCGCTTCCA-E14S,E14S,Tumor,1.290884936438005,1.2265762222317762,-0.09770604861846918,0.9941459889952469,-0.026093044465438663,-0.7979860091993929,never_hypoxic,GGTTAGCTCGCTTCCA,0.9848,4.4483
GGGCAATGTGAGCATA-E14S,E14S,Tumor,0.21185970676045682,0.26491604944833236,-0.961956745179811,0.9999988818325238,-0.2275038622039888,-0.7979860091993929,never_hypoxic,GGGCAATGTGAGCATA,5.5303,14.8054
ATTGAGGGTAACGAGC-E14S,E14S,Tumor,0.3506872387869451,0.5408591412141965,0.6704304799218885,0.07717738442455618,0.425272729502915,-0.7979860091993929,never_hypoxic,ATTGAGGGTAACGAGC,-1.9863,8.6349
GTTACCAAGGTGCGTT-E14S,E14S,Tumor,0.10822528471062466,0.11044372997886388,-0.4788750265992962,0.9998655326018254,0.02535593842172547,-0.7979860091993929,never_hypoxic,GTTACCAAGGTGCGTT,5.5467,14.4108
TGCTTAGAGATAGGTA-E14S,E14S,Tumor,0.11927343296677548,0.3218371133942863,-0.43997714212906125,0.9998022642139572,0.07136086977671595,-0.7979860091993929,never_hypoxic,TGCTTAGAGATAGGTA,5.4572,14.5504
ATCAAGGGTCAAGTAG-E14S,E14S,Tumor,0.7813707588246673,0.44179452518234197,-0.08910719648487853,0.99362831481802,0.12486481938611504,-0.7979860091993929,never_hypoxic,ATCAAGGGTCAAGTAG,-1.1719,7.2449
AGCCTGACATCCCTAA-E14S,E14S,Tumor,0.1847519173609756,0.3777261309211602,-0.8001003565843493,0.9999944350069542,-0.019457520478789545,-0.7979860091993929,never_hypoxic,AGCCTGACATCCCTAA,5.4451,14.7713
CACTTCACACCTCGAT-E14S,E14S,Tumor,0.3147717760223913,0.38680215409986496,0.10918480884463667,0.9562040676772326,0.42213399217823305,-0.7979860091993929,never_hypoxic,CACTTCACACCTCGAT,5.4808,14.9458
ATCCACGGTAATCCGT-E14S,E14S,Tumor,0.1128341686465355,0.3549181846932188,0.21230894889604093,0.887049657962193,-0.9656044495664429,-0.7979860091993929,never_hypoxic,ATCCACGGTAATCCGT,12.6078,8.2798
TGGAGGATCGCGCTCT-E14S,E14S,Tumor,0.48656119591891306,0.8615353140489135,0.11187217449639435,0.9550745575730194,0.19444592301410143,-0.7979860091993929,never_hypoxic,TGGAGGATCGCGCTCT,3.6542,4.3693
ACATCATAGCCTGACG-E14S,E14S,Tumor,0.055573903300336576,0.23323376627543074,-0.6269932389829391,0.9999690358360079,0.1236598260537525,-0.7979860091993929,never_hypoxic,ACATCATAGCCTGACG,5.5636,14.5885
ACCGATTGTCTGGGCT-E14S,E14S,Tumor,0.11287458357893136,0.17976322569977957,-0.9303633303225045,0.9999984705013051,-0.21440445923438758,-0.7979860091993929,never_hypoxic,ACCGATTGTCTGGGCT,5.5027,14.8563
GTAGTTGTCCAGGTCG-E14S,E14S,Tumor,0.7207478848340626,0.6869023968850665,-0.29169426829404793,0.9991403744734334,-0.08936750205509636,-0.7979860091993929,never_hypoxic,GTAGTTGTCCAGGTCG,2.3072,3.8491
TATCTCATCGATGCAC-E14S,E14S,Tumor,0.05397571698916662,0.35296206852483136,0.7665856022089388,0.03122811553404372,0.31223177056218654,3.272518295895649,never_hypoxic,TATCTCATCGATGCAC,11.7468,5.5197
TATCCCACAACATCCC-E14S,E14S,Tumor,0.05719306158387169,0.18217049245233205,-0.6863652228740791,0.9999828127123702,-0.13454599573094106,-0.7979860091993929,never_hypoxic,TATCCCACAACATCCC,5.2257,14.213
GCTCATTTCCGTTACT-E14S,E14S,Tumor,0.24158574629995772,0.37129316152595254,0.7650172718789328,0.03170199390515883,-0.04354805051682448,-0.7979860091993929,never_hypoxic,GCTCATTTCCGTTACT,11.638,5.2331
AGCACTATCTATGCCT-E14S,E14S,Tumor,1.4073058285872189,1.1054411187317452,-0.9194241107161365,0.9999982952773716,0.00814719703866874,-0.7979860091993929,never_hypoxic,AGCACTATCTATGCCT,-1.7526,4.9962
ACCTTCACATGCTGCT-E14S,E14S,Tumor,0.0586578254596112,0.2154112647221178,-0.5285872240833429,0.9999178557564927,0.10299527355268781,-0.7979860091993929,never_hypoxic,ACCTTCACATGCTGCT,5.2715,14.2396
CCAAGGGGTGCGCAGA-E14S,E14S,Tumor,0.13308797661446156,0.21920705019439482,-0.7298763294086646,0.9999888352372671,-0.023210593068970303,-0.7979860091993929,never_hypoxic,CCAAGGGGTGCGCAGA,5.378,14.5526
ATCCACAAGTAGGAGT-E14S,E14S,Tumor,0.05591204043111297,0.4322053607024852,-1.1482963023331942,0.9999998237528438,-0.03342655764848201,-0.7979860091993929,never_hypoxic,ATCCACAAGTAGGAGT,5.3115,14.138
GTAGCATCACTTGGAG-E14S,E14S,Tumor,0.4592571939903509,0.2450181657012736,-0.32544658878896043,0.9993847144231341,-0.4634562147132273,-0.7979860091993929,never_hypoxic,GTAGCATCACTTGGAG,5.4791,14.8535
CCGGCTAAGCTAAGGG-E14S,E14S,Tumor,0.1614221983115431,0.3499867310806465,-0.27077144749637466,0.9989424091141548,0.14677551588040733,-0.7979860091993929,never_hypoxic,CCGGCTAAGCTAAGGG,-1.6274,7.5192
GCAATATTCCAATGTG-E14S,E14S,Tumor,0.34931749403752677,0.15794057524614202,0.4947895498097248,0.3230374768223921,0.5067767290804449,-0.7979860091993929,never_hypoxic,GCAATATTCCAATGTG,11.7913,6.3054
GTCCAAATCCCTGATT-E14S,E14S,Tumor,0.24345207572896002,0.13637752316906454,-0.9467762765622019,0.9999987002062444,-0.05284976292537541,-0.7979860091993929,never_hypoxic,GTCCAAATCCCTGATT,5.4834,14.4352
GGTACTTGTTGGCTAT-E14S,E14S,Tumor,0.3437344627620761,0.27371447960683837,-0.7616368567033386,0.999991851291504,-0.03897256140819226,-0.7979860091993929,never_hypoxic,GGTACTTGTTGGCTAT,5.458,14.2715
GCTCCCACATCGTTGC-E14S,E14S,Tumor,0.1804482741180576,0.39910851877190107,0.5750462738336345,0.17717662650149993,0.280336877842706,1.5987297162169094,never_hypoxic,GCTCCCACATCGTTGC,-1.7616,7.7573
GGTAGTAGTAGCTCAT-E14S,E14S,Tumor,0.36719091770513607,0.3654714588865672,-0.14561300802067473,0.9963513959726571,-0.17393024528308,-0.7979860091993929,never_hypoxic,GGTAGTAGTAGCTCAT,12.8784,7.4559
AGACGTTCAAAGGTCT-E14S,E14S,Tumor,0.13615270988082048,0.2988380266387422,-0.544168211064139,0.9999296134101402,-0.2331501747346164,-0.7979860091993929,never_hypoxic,AGACGTTCAAAGGTCT,5.5906,14.781
AGAGGCTGTTGGTCAT-E14S,E14S,Tumor,0.11192917794330305,0.10111090100560124,-1.1275462892679913,0.9999997834927528,-0.2645929626591526,-0.7979860091993929,never_hypoxic,AGAGGCTGTTGGTCAT,5.5193,14.1867
CAGCGAGGTTCAAGTC-E14S,E14S,Tumor,0.11939129658091614,0.2852125418321886,-0.8805634799750953,0.9999974939558571,-0.020677729885703752,-0.7979860091993929,never_hypoxic,CAGCGAGGTTCAAGTC,5.2948,14.5669
AGCCCTAGTCAGCACC-E14S,E14S,Tumor,0.2850789055069772,0.4467362475905158,-0.18125108551814179,0.9974346905246684,-0.10940425123182326,2.5320224971072864,never_hypoxic,AGCCCTAGTCAGCACC,11.2776,6.4736
GCTCTCATCCACGGCA-E14S,E14S,Tumor,1.0475967085511528,2.208863300491429,0.5150762660698796,0.2807002634303317,0.4951070269929787,1.6673573949032678,never_hypoxic,GCTCTCATCCACGGCA,-2.3005,7.0602
TAACCGATCATCACAG-E14S,E14S,Tumor,0.4148887826595795,0.2848957951519466,-0.8312372995258089,0.9999959131526197,0.019714704221144526,-0.7979860091993929,never_hypoxic,TAACCGATCATCACAG,6.0214,14.4869
GCTGCCTTCTGTCTAC-E14S,E14S,Tumor,0.674732751867473,1.2617312984644455,1.0305091016008876,0.002348759102488386,1.090483534295921,-0.7979860091993929,never_hypoxic,GCTGCCTTCTGTCTAC,1.1311,4.5006
CGTTACCCAAACCATA-E14S,E14S,Tumor,0.1783403012624037,0.21355545587930924,-0.5581629899046731,0.9999387322628053,-0.010404742107630288,3.347515692055393,never_hypoxic,CGTTACCCAAACCATA,9.7456,7.055
ATCTATGGTCTGTGGC-E14S,E14S,Tumor,0.1362804619622331,0.16398055779090445,-0.19912867524905473,0.9978504913470365,0.17038374996199696,-0.7979860091993929,never_hypoxic,ATCTATGGTCTGTGGC,5.2655,14.1689
CTCTCGATCCGCGCTT-E14S,E14S,Tumor,0.0,0.46414651286308684,1.0892889229486322,0.0013127472361651835,1.191370483209417,-0.7979860091993929,never_hypoxic,CTCTCGATCCGCGCTT,11.7406,5.1998
GTGTCCTCAGGCATAT-E14S,E14S,Tumor,0.3651244999189391,0.3878828336416061,-0.6455634498887274,0.9999742428626869,-0.8737161973757205,-0.7979860091993929,never_hypoxic,GTGTCCTCAGGCATAT,9.0536,19.0552
GGCATAAGTTCCCATC-E14S,E14S,Tumor,0.23347767754963772,0.21005294904146787,-0.6853685895736902,0.99998264203488,-0.03585956597050031,-0.7979860091993929,never_hypoxic,GGCATAAGTTCCCATC,5.4888,14.5858
AACCACGCAAGTTAGC-E14S,E14S,Tumor,0.2725947080681798,0.33320819658880746,-0.9633884322431658,0.9999988975929945,-0.19973802880343883,-0.7979860091993929,never_hypoxic,AACCACGCAAGTTAGC,9.0188,19.0089
GTGGACCCACCATGAG-E14S,E14S,Tumor,0.060105301156429494,0.17509817701870953,-0.9478260082065355,0.9999987136644621,-0.03586216647610119,-0.7979860091993929,never_hypoxic,GTGGACCCACCATGAG,5.501,14.4697
ATCCACAAGCTAGTAT-E14S,E14S,Tumor,0.11960654066917413,0.3333478587168649,-0.947913710019612,0.9999987147825271,-0.024418420438073137,-0.7979860091993929,never_hypoxic,ATCCACAAGCTAGTAT,8.9623,19.2677
CCATCAGGTTGTCCAG-E14S,E14S,Tumor,0.1794098110037612,0.3454624738385689,-1.3911744437687774,0.9999999841408549,-0.04167647545453708,-0.7979860091993929,never_hypoxic,CCATCAGGTTGTCCAG,4.6165,1.1029
TAACGCGCACTCGCAT-E14S,E14S,Tumor,0.0,0.15457334372222298,-0.6277103552147679,0.9999692552104453,0.27920783094172885,-0.7979860091993929,never_hypoxic,TAACGCGCACTCGCAT,3.772,1.9295
ATTCCTTGTTCGATGT-E14S,E14S,Tumor,0.2553360146281817,1.2640348674546336,0.40792440451575074,0.5303182388009251,0.3443215588057669,-0.7979860091993929,never_hypoxic,ATTCCTTGTTCGATGT,4.212,4.2724
GGCCTAGTCCGTCCTA-E14S,E14S,Tumor,0.06004857434896668,0.27579556035376124,-0.524613145131236,0.9999145546891265,0.0006611384276570334,1.811765790179754,never_hypoxic,GGCCTAGTCCGTCCTA,-1.0588,7.804
CAACCAGCAATCTCTG-E14S,E14S,Tumor,0.06028054642517597,0.09600235171416914,-0.9643190815942122,0.9999989077185514,-0.04371935443319992,-0.7979860091993929,never_hypoxic,CAACCAGCAATCTCTG,4.3421,0.8835
ACGAAGGTCAGCACCG-E14S,E14S,Tumor,0.05743978709432502,0.09147817944651762,-1.2418019242768565,0.9999999302597602,-0.05152265512864492,-0.7979860091993929,never_hypoxic,ACGAAGGTCAGCACCG,4.1503,1.1952
AGAGTCCTCGATTCCT-E15S,E15S,Tumor,1.6215111843873242,2.078636872984624,0.6350728824252123,0.10614292566919743,-0.1698355566918836,0.9940439976835345,persistent,AGAGTCCTCGATTCCT,-4.459,5.867
GGACATAGTGGCGACA-E15S,E15S,Tumor,1.7338058782844272,2.041541198374892,0.6056109168692208,0.13721181096510324,0.17284659073454717,1.0199134436778554,persistent,GGACATAGTGGCGACA,-2.8225,7.3085
TGGATATTCACTCGCC-E15S,E15S,Tumor,1.5553649786500812,1.867369532325922,0.26908274582950686,0.8172818881658035,0.09885346371219833,0.4887664081491468,reverted,TGGATATTCACTCGCC,-4.1312,7.4995
CAGTCCTCATCCACTA-E15S,E15S,Tumor,1.3666429850457915,2.0250647730224585,0.40677860509698516,0.5331469469273225,-0.12225011440299188,1.1390109602147227,partial,CAGTCCTCATCCACTA,-4.7585,5.2375
GGCTATTGTTTAGGAG-E15S,E15S,Tumor,1.1772385970602175,2.185268015943785,0.5776463978558786,0.17344947264837896,-0.06722547551994199,0.32453728019653344,persistent,GGCTATTGTTTAGGAG,-3.5666,3.8539
CTACGAATCCCTGTCA-E15S,E15S,Tumor,1.7791864686686303,2.016688311380478,0.4919006584102653,0.3293328194815441,0.06552360388459186,0.6771212054870753,partial,CTACGAATCCCTGTCA,-2.5742,7.9315
GTAGGTGAGTGATACT-E15S,E15S,Tumor,1.474732626017246,2.1527729358007854,0.12747833880370252,0.9479476692421456,0.10890157772602968,1.016093836124951,memory,GTAGGTGAGTGATACT,-4.8104,4.5479
ACCAATGTCACCAATG-E15S,E15S,Tumor,1.2612196127247215,2.2959958429645724,0.6269663846621405,0.11401365898405096,0.1752594003042851,0.8166624142004414,persistent,ACCAATGTCACCAATG,-4.5329,4.4991
TACGGGCCAATAGGGA-E15S,E15S,Tumor,1.4976627803925644,2.492123621346784,0.33159983158498774,0.706445228185207,0.1675720339821964,0.3337577980292897,reverted,TACGGGCCAATAGGGA,-3.7747,4.9497
CAATATCAGCCTGGAT-E15S,E15S,Tumor,1.6832598753905792,2.22183481850477,0.27878244008329855,0.8024799587176454,0.00549186314878386,0.3969994667348731,reverted,CAATATCAGCCTGGAT,-4.5887,5.0767
CACAGGTTCACTTCGT-E15S,E15S,Tumor,1.4800751660610862,2.164953256088851,0.34731955685120386,0.6731177087613043,-0.004252946202602026,0.8494558691729984,partial,CACAGGTTCACTTCGT,-3.257,8.2318
GTGGGATGTTCCCGAA-E15S,E15S,Tumor,1.5011386446019577,2.215925806934284,0.30198465002884334,0.7634731989696046,-0.13542788414465579,0.8683952064962088,reverted,GTGGGATGTTCCCGAA,-3.4019,8.0436
CAATGCATCCCGCGTT-E15S,E15S,Tumor,1.3112508239620893,1.6157080055247437,0.290705206887001,0.7830708506862823,-0.03871141426456345,0.15520968711433467,reverted,CAATGCATCCCGCGTT,-4.5625,5.1144
GCTAATGTCATGCCTT-E15S,E15S,Tumor,1.590986471919088,2.1594671969828685,0.240843883806877,0.8554532299130109,-0.04591021184482967,0.5310483112418591,reverted,GCTAATGTCATGCCTT,-4.5306,5.455
CTACCGCTCACGTAGC-E15S,E15S,Tumor,1.1451369289077784,2.0624799364312643,0.10085522409046858,0.9595352718191899,0.054538294392070266,0.5665277853343301,reverted,CTACCGCTCACGTAGC,-3.402,7.4499
CGTCAAATCCGGGCTA-E15S,E15S,Tumor,1.1409850617765138,2.143490254105457,0.7952537839648066,0.02368471004201344,-0.05008439223743402,0.15777346312225698,persistent,CGTCAAATCCGGGCTA,-3.12,6.2244
AGGTATGGTCAATCAC-E15S,E15S,Tumor,1.310500557395634,2.277884432227126,0.05065100256802909,0.9750056667472548,-0.042505557709598366,0.9041650432542605,reverted,AGGTATGGTCAATCAC,-4.7922,5.507
CCACGTAGTTTACCAA-E15S,E15S,Tumor,1.6757041739823373,2.108036668468225,0.5284007903147336,0.2548133082283374,0.012834189277073187,0.9738040362662759,persistent,CCACGTAGTTTACCAA,-4.6155,4.1659
CTGCTGCTCCATCCAT-E15S,E15S,Tumor,1.5736944235438992,2.5149868566728197,0.2385901695981885,0.8581944454871371,0.03792169524684266,0.5000304022278279,reverted,CTGCTGCTCCATCCAT,-2.9542,8.4183
CTGGGCATCAGGCTAC-E15S,E15S,Tumor,1.81778628312165,1.54738368138991,0.30073042742983974,0.7657114875880268,0.04810976547647688,0.18164478907757337,reverted,CTGGGCATCAGGCTAC,-3.863,7.8669
ATCGCCTCAATTCAAG-E15S,E15S,Tumor,1.3665901619082,1.6741202606667354,0.3828519788564151,0.5914627162836246,-0.17724641503849628,0.2738153695609324,partial,ATCGCCTCAATTCAAG,-4.7558,5.3125
CTACATGAGTGAGGTG-E15S,E15S,Tumor,1.3853036453953609,2.2165978681970078,0.2403945072616976,0.856003303240269,-0.12970055213402198,0.7109117114723482,reverted,CTACATGAGTGAGGTG,-4.7695,4.401
AGCGATTCAAGTCGAT-E15S,E15S,Tumor,1.2541391080115951,2.340852412303314,0.5159978524748277,0.27885902563820864,0.05103616243356373,0.4448995670152818,persistent,AGCGATTCAAGTCGAT,-3.1902,7.4197
GGGGTAATCGCGAACT-E15S,E15S,Tumor,1.5401835804862858,2.5473878692483747,0.14034769278149645,0.9412794241805096,0.009466156551755436,0.3111859534232825,reverted,GGGGTAATCGCGAACT,-4.5801,4.5005
ACACCCTCAAGCCACA-E15S,E15S,Tumor,1.682414734733539,2.394910660696357,0.3733978795361531,0.6139041217669188,-0.08782639665991573,0.6344689522360933,partial,ACACCCTCAAGCCACA,-4.5582,4.3737
GTCAAACCAGCACTTC-E15S,E15S,Tumor,1.7064943087655362,1.8149625249072296,0.3381691298361391,0.6927583625901009,0.14292196733841356,0.965402404842802,partial,GTCAAACCAGCACTTC,-3.7678,7.9939
CTACGTCCATCCGTCG-E15S,E15S,Tumor,1.507850060500403,2.3508919950046696,-0.011018992689044469,0.9862822677899794,0.10472209778713595,0.7011717872524903,reverted,CTACGTCCATCCGTCG,-3.1438,8.3808
TCCCAAGGTGACGAAC-E15S,E15S,Tumor,1.1365423449451046,2.121419937447354,0.33076700965887407,0.7081547361234086,-0.020243319947511426,0.8171130099119899,reverted,TCCCAAGGTGACGAAC,-4.9659,5.045
TCAGCTAAGGAATGGT-E15S,E15S,Tumor,1.0430176279063952,2.187822846683046,0.4378059272782441,0.45639755407796995,0.054994319336874535,0.9765509534007832,partial,TCAGCTAAGGAATGGT,-4.4236,5.1633
TGGACAAGTGCACCAC-E15S,E15S,Tumor,1.385207233967166,1.633691986447982,0.6761436187192819,0.07323840295054085,0.026592221214074334,1.2607079464666153,persistent,TGGACAAGTGCACCAC,-2.5736,7.3384
TCTCGCGCATAACGTA-E15S,E15S,Tumor,1.4273029618779185,1.7422377062817564,0.3244999908472118,0.7208288075430962,0.07161714963798535,0.3548232833287238,reverted,TCTCGCGCATAACGTA,-4.1727,5.5228
AGCCAAAGTCAACCAT-E15S,E15S,Tumor,1.5996422621213287,1.7409317717766764,0.4121243284398881,0.5199343264210279,-0.012704255133379583,1.062193262198767,partial,AGCCAAAGTCAACCAT,-3.5104,7.2791
GTACTAACATAAGGTC-E15S,E15S,Tumor,1.5394066272503886,1.5300986462381745,0.6687975462731506,0.07833841610676341,0.02896425507660673,0.655693295289905,persistent,GTACTAACATAAGGTC,-3.2293,8.0438
ACATGCCAGGGTCTCG-E15S,E15S,Tumor,1.59000737916844,1.4613556853854874,0.5888593084844065,0.1580843701913512,-0.10086251201930306,0.77435451282142,persistent,ACATGCCAGGGTCTCG,-2.5613,8.2317
GCTGACTAGGGTAGAT-E15S,E15S,Tumor,1.55766583305862,1.1127468619016843,0.3923491994903675,0.5685285908996209,-0.241401658852922,0.7715545654037519,partial,GCTGACTAGGGTAGAT,-2.4444,8.5924
GCCCTTGCAAGCCGGT-E15S,E15S,Tumor,1.5490505643721053,1.7987096455975893,0.4154837645604566,0.511615590699573,0.057151434978932714,0.6967813393842838,partial,GCCCTTGCAAGCCGGT,-4.0633,7.5327
ATGGTTACAGGACACC-E15S,E15S,Tumor,1.669593293478995,2.330086600423957,0.2510548919963094,0.8424784710493962,-0.14646576587608018,0.6537170197770921,reverted,ATGGTTACAGGACACC,-2.8648,7.96
TCAGGTCAGGGGTACA-E15S,E15S,Tumor,1.2732854822902842,2.2741629447107665,0.1318954584383626,0.9457437727519263,0.028687006363856217,0.6816114437121461,reverted,TCAGGTCAGGGGTACA,-4.6916,5.181
GGCTGGTCAGGAACTT-E15S,E15S,Tumor,1.537146022078484,2.17860965092482,0.3037573914258822,0.760284469246835,0.06152557717529292,0.5139615066811329,reverted,GGCTGGTCAGGAACTT,-4.5438,4.611
GGTCTTAAGCCTGATA-E15S,E15S,Tumor,1.5019823474072862,2.216155421443671,0.577458521621329,0.1737166944474471,0.16830973363399152,0.8329030142711665,persistent,GGTCTTAAGCCTGATA,-4.2804,5.2529
TCGATATAGCTAGACC-E15S,E15S,Tumor,1.128735340606933,1.9245865474042998,0.6761097686306975,0.07326118655433267,0.07805332318366415,0.4736340222729324,persistent,TCGATATAGCTAGACC,-4.2116,4.872
TGCTCAAAGCTTCCTG-E15S,E15S,Tumor,1.4621350864343163,2.094197438807267,0.4807593525840852,0.3541748894544183,-0.3121502439332314,0.37236439698306517,partial,TGCTCAAAGCTTCCTG,-2.8598,8.2859
TGGAATGGTCAAGGAC-E15S,E15S,Tumor,1.3487432405451738,1.682550864804554,0.17324537181138905,0.9204347568590732,0.12527452245927137,1.0206612234831804,memory,TGGAATGGTCAAGGAC,-3.8969,7.3301
ACCCAGTAGCGGGTAA-E15S,E15S,Tumor,1.483134340193944,2.4222638654073028,0.3884567815707269,0.5779695575577091,0.266524899432681,0.3431601898876086,partial,ACCCAGTAGCGGGTAA,-2.5899,7.9196
ATCCAAGTCCCTGGCT-E15S,E15S,Tumor,1.0645334183458253,2.1163580070493433,0.08714119527418682,0.9644971270909907,-0.359053433173714,0.4695059520889338,reverted,ATCCAAGTCCCTGGCT,-5.1581,5.459
ACATGCATCAGTAGTT-E15S,E15S,Tumor,1.6372970649020815,2.092967606073031,0.1590914499900265,0.9301246167481557,0.059492367410747135,0.23935938938946846,reverted,ACATGCATCAGTAGTT,-4.6522,4.9246
AAACCATTCGAACGCT-E15S,E15S,Tumor,1.374789866122131,1.86892832201808,0.2642821584906186,0.8242827407335857,0.1313521930362078,0.49384663954067815,reverted,AAACCATTCGAACGCT,-4.0911,7.5867
GGCAATTCACAAGGTT-E15S,E15S,Tumor,1.1888618925588788,1.9693448810091647,0.5285063372018813,0.2546146462864647,0.07977755075827729,0.8896130094082983,persistent,GGCAATTCACAAGGTT,-3.759,4.0191
GTGAGCAAGGTAGCAG-E15S,E15S,Tumor,1.525309558017972,1.910651870100499,0.27931381762200164,0.8016435207737937,0.07618811286841888,0.9951483261374157,reverted,GTGAGCAAGGTAGCAG,-4.4004,5.2279
CTCTAATCAACTAGAC-E15S,E15S,Tumor,1.9680823616126373,1.6273760251271812,0.6795000444393761,0.07101143803108213,0.05223532975171717,0.5028042525442203,persistent,CTCTAATCAACTAGAC,-4.4838,4.3496
ACGCTAATCATGCCGG-E15S,E15S,Tumor,1.6145992719916087,2.41495962771368,0.3991874183780513,0.5518255205912617,0.18946460952308736,0.3707263811935093,partial,ACGCTAATCATGCCGG,-4.4324,4.3337
AACACCATCCAGGTCG-E15S,E15S,Tumor,1.400209462188689,2.119800008898131,0.05603877909986957,0.9736702765766644,0.12303915796181175,1.2826462076973977,memory,AACACCATCCAGGTCG,-3.8013,7.6912
TCTGCCATCGACCTAA-E15S,E15S,Tumor,1.4771400326763173,2.332591164978961,0.454790284269844,0.41501922729671703,0.2890774319045881,0.34261398950951266,partial,TCTGCCATCGACCTAA,-3.4789,4.3768
AGTCCAGCAACGGGTC-E15S,E15S,Tumor,1.4219239069615874,0.9997042050258416,0.7768705007362434,0.02828625403107145,-0.06410426919994883,0.2789886225416993,persistent,AGTCCAGCAACGGGTC,-4.1231,4.0822
ATCGTACGTCAGCCTA-E15S,E15S,Tumor,1.5484500914896808,2.1159181884825733,0.21885561400060166,0.8803809277982342,-0.3094484413740698,0.9031053879314079,reverted,ATCGTACGTCAGCCTA,-3.5907,5.2669
GCGGGTTCAATAGTCA-E15S,E15S,Tumor,1.4803021880466398,1.892923044841092,0.2027499186937183,0.8962030716087334,0.06411079804312222,1.0274537732794775,memory,GCGGGTTCAATAGTCA,-4.96,5.4081
GCGCTAGTCAGCCACG-E15S,E15S,Tumor,1.570225666994075,1.4214140211078525,0.4646105292868665,0.3915927604214887,-0.018040255245560827,0.6522535377040681,partial,GCGCTAGTCAGCCACG,-3.5933,7.339
CAAACTTAGCGCTCAG-E15S,E15S,Tumor,1.1244338436448222,1.7201804386594348,0.46673158212875987,0.38659392240691104,-0.026076911359019253,0.9049353332078869,partial,CAAACTTAGCGCTCAG,-3.2226,7.6255
CGATTTAGTTTCGAGT-E15S,E15S,Tumor,1.474963993187403,2.2444825660021763,0.5874155185541092,0.15999897208791167,0.2783314376680424,0.7065758690275539,persistent,CGATTTAGTTTCGAGT,-4.8121,4.2834
GGACCCTGTGCAACGG-E15S,E15S,Tumor,1.3432331311589747,1.9577474402432997,0.4741101109095285,0.3693956019101689,0.1172833312608519,0.8107139564201228,partial,GGACCCTGTGCAACGG,-4.3084,4.6695
ACCTACCCAATCGTAA-E15S,E15S,Tumor,1.0461973486092007,1.952280157732381,0.3253107600546349,0.7192082562079171,0.0910436130603177,0.2796682663112957,reverted,ACCTACCCAATCGTAA,-4.9526,5.2979
AGTGACAGTATGTGTC-E15S,E15S,Tumor,1.039370579155863,1.874305381849923,0.4508737171967136,0.4244770179601928,0.03999240065441851,0.8435268878157268,partial,AGTGACAGTATGTGTC,-2.5565,7.3118
TGCCATAAGGATTGGG-E15S,E15S,Tumor,1.343792953481133,2.1846912144988035,0.39241694541379235,0.5683638122326349,-0.10261751748161482,0.6861288624491515,partial,TGCCATAAGGATTGGG,-4.2563,4.611
AAAGTCAAGTACGGAG-E15S,E15S,Tumor,1.3474027164156488,1.877502002890445,0.7413332532856024,0.039759580969985546,-0.06620208676975356,0.4712833922973905,persistent,AAAGTCAAGTACGGAG,-3.6151,7.2008
CTTGATAGTTCTGTAA-E15S,E15S,Tumor,1.500330128282686,2.4844134724665756,0.35766519491879833,0.6501600699818385,0.19448212922446495,0.2112110351323602,partial,CTTGATAGTTCTGTAA,-4.854,4.4171
CGACCTAGTCTTGACG-E15S,E15S,Tumor,1.2306543128920393,1.2137287607966163,1.4352525478834042,4.255991301103852e-05,-0.27351939837440004,-0.15935238066192253,persistent,CGACCTAGTCTTGACG,-1.1541,7.9571
ATACCATAGCATATCG-E15S,E15S,Tumor,1.4398172818603971,1.7274322323095166,0.38712816834681146,0.5811794369234838,-0.029155598454327872,0.4892228823492801,partial,ATACCATAGCATATCG,-3.6797,6.3808
GTGGGATGTCATGCTG-E15S,E15S,Tumor,1.3017832205740163,2.3569258109618385,0.5630676429001968,0.19515963361157762,-0.2754059392339843,0.6411310609386472,persistent,GTGGGATGTCATGCTG,-3.0107,8.1976
CAAAGCTCAAGCTCAG-E15S,E15S,Tumor,1.7901768120923516,2.416167402441804,-0.06646208089623108,0.9920371414134397,0.06703275793855776,1.0309666351684958,memory,CAAAGCTCAAGCTCAG,-3.2154,8.3756
TCCCAAGGTTCGGCAC-E15S,E15S,Tumor,0.91083204327909,2.0547769758889602,0.4452801633832051,0.4380792220856028,0.09275954920352113,0.7201125257683827,partial,TCCCAAGGTTCGGCAC,-4.5701,4.8713
CACAACATCCCTGACC-E15S,E15S,Tumor,1.597290890468758,2.4812002036121323,0.6909746480069897,0.06386271925898171,-0.6155387211989767,0.4146299766025168,persistent,CACAACATCCCTGACC,-4.2337,5.0215
TACCATAGTTATCATG-E15S,E15S,Tumor,1.3515794171127018,2.2341893508483217,0.04227417195907133,0.9769518211617002,0.02749454940378654,0.8386691216559066,reverted,TACCATAGTTATCATG,-3.3096,8.3685
CTTAGTGAGTTGGACC-E15S,E15S,Tumor,1.8064832163475801,1.677722337163778,0.39302721257645346,0.5668787791136305,0.028496139543254046,1.2349678784294145,partial,CTTAGTGAGTTGGACC,-2.7498,7.5885
CCACGAACAATGACAC-E15S,E15S,Tumor,1.7214296814720125,1.5353504706020271,0.3152519893385747,0.7389022126548107,0.1465469354304068,0.10136345468375142,reverted,CCACGAACAATGACAC,-4.028,7.7281
TCGGTATGTTGCAATC-E15S,E15S,Tumor,1.1073185485624428,2.379785637085892,0.42844108364796357,0.47951114740464523,0.21580976292763931,0.2580019674178425,partial,TCGGTATGTTGCAATC,-4.1419,5.0993
ATGCCCAGTTGTCTGG-E15S,E15S,Tumor,1.108666271247152,1.609019562822896,0.5019882102386829,0.30763006688425887,0.06310757112064566,0.8305191178346409,partial,ATGCCCAGTTGTCTGG,-3.4175,7.6485
ACTCACCCACAAGCTG-E15S,E15S,Tumor,1.814073254364048,1.3955289220322886,0.3874120036469968,0.5804942688846668,-2.1325793940243116,0.4011410500287493,partial,ACTCACCCACAAGCTG,-4.9529,5.2109
GTCCTATTCCAGCTAA-E15S,E15S,Tumor,1.4222579093769967,1.7556822608556213,0.11789365894781516,0.952442127114695,0.005832695230814033,0.6530758282395371,reverted,GTCCTATTCCAGCTAA,-3.9828,7.426
ATATGGCCAACTGTGG-E15S,E15S,Tumor,1.6633496879783602,1.7228079922271362,0.3773459739099987,0.6045852824778645,-0.06697011911167006,0.4127217574415049,partial,ATATGGCCAACTGTGG,-4.1733,7.8311
AGGTTGGAGCAATCGC-E15S,E15S,Tumor,1.2992973903862957,1.5647599472046314,0.6820928892503872,0.0693340958801226,0.14240912477717718,1.0736833860547712,persistent,AGGTTGGAGCAATCGC,-4.8999,5.0035
AGCCGATTCACAGCCG-E15S,E15S,Tumor,1.2391217743579097,2.3758777301019514,0.6580913153634823,0.08635404209931573,0.2693679303727544,0.3967756571312516,persistent,AGCCGATTCACAGCCG,-3.6286,3.8574
TACAAGCCACTATATC-E15S,E15S,Tumor,1.0798950184453298,2.258325282181164,0.6804790609421754,0.07037374146714978,0.19501251258757735,0.2608358070288928,persistent,TACAAGCCACTATATC,-4.3352,4.4343
AACTTCCTCGCTCACC-E15S,E15S,Tumor,1.556764128572621,1.7597398657143717,0.5475390896646092,0.2204819157012567,0.14612482989621836,0.2628265631502879,persistent,AACTTCCTCGCTCACC,-3.2532,7.471
CTTCGTTAGTCGATTG-E15S,E15S,Tumor,1.461909758333405,2.3738078806619254,0.5248048460688393,0.2616423611285568,-0.09243620255784393,-0.7979860091993929,persistent,CTTCGTTAGTCGATTG,-4.0957,5.0067
ACACTCCCAAACTCGG-E15S,E15S,Tumor,1.141735261400283,2.1401290553412884,0.4906299930583321,0.33212148113297446,0.010722615943148897,0.9601822389392396,partial,ACACTCCCAAACTCGG,-4.7542,5.3059
TGGCGATTCCTCATTA-E15S,E15S,Tumor,1.627626941775055,2.178878430558988,0.46636988762249393,0.3874446974005195,-0.027281215299782918,0.35885562128230547,partial,TGGCGATTCCTCATTA,-4.1071,4.0768
TGGTTAACACCATGCT-E15S,E15S,Tumor,1.8886165566579223,1.5813827133696163,0.4637844745762323,0.3935458164312926,-0.6212088345451504,0.2556838573752399,partial,TGGTTAACACCATGCT,-3.9025,4.5569
AACATTGCAGCCATTC-E15S,E15S,Tumor,2.055584372512181,1.6035619158826033,0.2808100729154443,0.7992739661911379,-0.14439636646273132,1.1725052234599007,memory,AACATTGCAGCCATTC,-4.5726,5.0851
CACCTCTGTTCACGCA-E15S,E15S,Tumor,1.2126858488978924,2.2810020604734493,0.4309072435910764,0.47341176674152124,0.04328828397329249,-0.14009362480841073,partial,CACCTCTGTTCACGCA,-3.9883,4.6634
CGGACAGGTTGCCTGA-E15S,E15S,Tumor,1.3130268988920906,2.3452579283182278,0.18562252451850536,0.9109710137566496,-0.20571392052734855,0.7659717508297532,reverted,CGGACAGGTTGCCTGA,-4.6923,5.0516
GGACACCCAAACTACA-E15S,E15S,Tumor,1.5431264343997764,1.759076310020411,0.4669374273692236,0.38611004340378896,-0.24933660820295775,1.1137601011606066,partial,GGACACCCAAACTACA,-2.9653,8.3796
CCTTAGAAGAAGGAGA-E15S,E15S,Tumor,1.1416834748935,2.0099327921664356,0.3406284440641094,0.6875440883944455,0.1668375227028306,0.9817048232107828,partial,CCTTAGAAGAAGGAGA,-4.9042,4.5484
AACCCAATCTAACCAG-E15S,E15S,Tumor,1.3945784640894692,2.505676268861806,0.2997424580417428,0.7674642407623083,0.2598720182815539,-0.16051585434824742,reverted,AACCCAATCTAACCAG,-3.6617,4.8093
ATGGACCTCGAATCTG-E15S,E15S,Tumor,1.35188005749894,1.7695629518581626,0.1865906337620517,0.9101894451171857,0.12316016814593331,1.0299064650786343,memory,ATGGACCTCGAATCTG,-4.0241,7.5109
ACCATATAGTCGATCA-E15S,E15S,Tumor,1.414462021115478,1.815556203675609,0.30070779189056995,0.7657517476661801,0.0687706028271825,0.5037452437638502,reverted,ACCATATAGTCGATCA,-5.1574,5.0588
GTATGCATCCTGATTC-E15S,E15S,Tumor,1.452128097626463,2.421588295992931,0.8710391058720567,0.011313632792941708,-0.14819353568907181,0.42258130085704165,persistent,GTATGCATCCTGATTC,-3.6056,4.5117
ATCTTGCTCACGGCTG-E15S,E15S,Tumor,1.4189629537420811,1.7209286771905459,0.47868139804111964,0.35890154124580437,0.042710653709306205,0.5645671055201318,partial,ATCTTGCTCACGGCTG,-3.5582,7.705
CAGGCACCAAATCGTA-E15S,E15S,Tumor,1.8287916459887044,1.510610332413864,0.7593760034673736,0.03346468798573431,0.18242061908722587,0.551202885376302,persistent,CAGGCACCAAATCGTA,-4.1961,4.3235
ATAACGTTCACGCCGA-E15S,E15S,Tumor,1.6533923838577844,1.3501336319432584,0.4909772818350681,0.33135812483699106,0.03719646115634358,0.4299806078448032,partial,ATAACGTTCACGCCGA,-4.6882,4.8944
GTGTTAGTCCACGGAT-E15S,E15S,Tumor,1.2849999058360353,2.1374876958179536,0.5790354528246786,0.17148385214064613,0.06446705095599056,0.5380511945690877,persistent,GTGTTAGTCCACGGAT,-4.0465,3.8675
CAGTCAATCACGGAGA-E15S,E15S,Tumor,1.0883688284124846,2.130509455337127,0.2611529849307552,0.8287314255727712,-0.2834750780705609,0.4229704067877562,reverted,CAGTCAATCACGGAGA,-4.9812,5.2391
ATCCCCATCGTACACA-E15S,E15S,Tumor,1.263012621195985,2.1936431666218024,0.3642672145312734,0.6351288799148357,0.15988658211678636,0.07145955385590513,partial,ATCCCCATCGTACACA,-4.2649,4.9027
AAGTACGGTAGTCCGC-E15S,E15S,Tumor,1.1424593517786739,2.156238429815797,0.26410013570518764,0.8245439903600578,-0.2759736728944468,0.503045511465346,reverted,AAGTACGGTAGTCCGC,-4.7599,5.3127
CTTCAGCCATTACCGC-E15S,E15S,Tumor,1.4505076994653463,1.8423322970771598,0.39962283919860775,0.5507575774954481,-0.2766834688171413,0.6501098588042501,partial,CTTCAGCCATTACCGC,-3.0017,7.8121
ACCACTAAGTCAGGGA-E15S,E15S,Tumor,1.4763209462630593,1.5138965573024847,0.3957031615559289,0.5603532340766477,0.11255550697404007,1.1195472475687573,partial,ACCACTAAGTCAGGGA,-4.457,4.9616
TGGAATGGTTTACTCT-E15S,E15S,Tumor,1.522101646094745,2.470726801586607,0.22584840593247824,0.8728846786217322,0.12273227982943816,0.8533250905206333,reverted,TGGAATGGTTTACTCT,-3.4307,8.2483
TAGTACCGTGGCCTGT-E15S,E15S,Tumor,1.3044356419527363,2.144176686608798,0.3490687692892731,0.6692902239811951,0.04640827250508788,0.952545717235187,partial,TAGTACCGTGGCCTGT,-4.902,5.5711
GCCATAGCACCTCGTG-E15S,E15S,Tumor,1.2289576875384491,2.303062088975386,0.24354462128446383,0.8521104492732464,0.08053445237067787,0.9805956405969231,reverted,GCCATAGCACCTCGTG,-3.1862,7.5893
CCCTACGCATTGGCGA-E15S,E15S,Tumor,1.6498293712031873,1.6818125379043325,0.40312334949001755,0.5421558000762702,0.0015412514939688177,0.12035791460457207,partial,CCCTACGCATTGGCGA,-2.8995,6.9432
CCCAAATGTTAATGGG-E15S,E15S,Tumor,1.464050058665987,2.3848495686058166,0.20733949714594863,0.8918930197555476,0.191893899026968,0.8276358242678789,reverted,CCCAAATGTTAATGGG,-2.8684,8.3168
ATCACAACACTAGCCT-E15S,E15S,Tumor,1.3296744718302627,2.3037096420806744,0.1705091060530563,0.9223990944858766,0.059853534299918756,0.5844863604234867,reverted,ATCACAACACTAGCCT,-4.0692,7.8126
ATCAAGCCACGCCATT-E15S,E15S,Tumor,1.2183147940700663,0.9776612279573368,0.9615469543042816,0.0046429310704056235,-0.05748614742460296,-0.08267155077644503,persistent,ATCAAGCCACGCCATT,-3.1409,3.8793
GTGCGAGGTCAATCCG-E15S,E15S,Tumor,1.090795219159006,2.063125440427388,0.30160397544122036,0.7641541084249625,0.10672174547727274,0.27299517288416303,reverted,GTGCGAGGTCAATCCG,-4.5189,4.6801
AGTGCGCCAATCTGCC-E15S,E15S,Tumor,1.1211439070783777,2.3415857134462903,0.8534701499222324,0.013437568523721593,0.191142152197049,-0.11472033519390573,persistent,AGTGCGCCAATCTGCC,-3.1929,3.9741
ACCCATAAGGCACATC-E15S,E15S,Tumor,1.595595355232783,1.8374990535162112,0.6010082740098585,0.1427043124695282,-0.05905657118200222,0.31988975350029036,persistent,ACCCATAAGGCACATC,-2.5537,7.3266
GTTAGCCAGGCATCCG-E15S,E15S,Tumor,1.1940009678796435,2.0418159468930472,0.621266558863704,0.11984809971201459,0.14212749794756302,0.5756633572923004,persistent,GTTAGCCAGGCATCCG,-3.3447,7.8961
TGCATATAGTCAGGCT-E15S,E15S,Tumor,1.3589609117395876,1.779072181198801,0.44786198697297264,0.43178798156941645,0.13139271885489867,1.1159017137434468,partial,TGCATATAGTCAGGCT,-3.4749,7.6907
CCGTACCTCATGGCAC-E15S,E15S,Tumor,1.7893375484478842,1.709052902534401,0.5501713850918015,0.2160289836840596,0.525747866228802,0.2975889676163278,reverting,CCGTACCTCATGGCAC,-4.7268,4.4452
CGTTCCGCATGGCTAG-E15S,E15S,Tumor,1.5378897674200063,1.8351873686147595,0.5559642731870739,0.2064601967293715,0.25527868145203475,1.1094151240242418,persistent,CGTTCCGCATGGCTAG,-4.328,4.5777
TAACCAACAAATCACA-E15S,E15S,Tumor,1.3089207345226337,2.610766254143338,0.09717190028234327,0.9609296979813838,-0.052950978187227604,-0.12277909983879122,reverted,TAACCAACAAATCACA,-2.6909,7.8313
TACTACCTCCTGATTC-E15S,E15S,Tumor,1.1989765512759825,1.7677269501373425,0.3073065525368049,0.7538124097904002,0.14122426752693454,0.9318129740669674,reverted,TACTACCTCCTGATTC,-4.0329,4.8463
GGTCTAATCCATTCCG-E15S,E15S,Tumor,1.5868593524447652,1.5700017520138287,0.5650449426773457,0.19209862776519895,-0.07290171261143544,0.9045504125802484,persistent,GGTCTAATCCATTCCG,-2.5004,7.746
CCACGGATCACGGCCA-E15S,E15S,Tumor,1.681093396163807,1.5681494246204382,0.5238630554184165,0.26345031465961316,0.06648430160477856,1.2058335297403893,persistent,CCACGGATCACGGCCA,-4.8318,4.5746
GCCACTTCACTAGTCC-E15S,E15S,Tumor,1.5394406423142748,2.031399735453233,0.7414307055695857,0.03972270748456563,0.06568069694349322,0.3272657242879817,persistent,GCCACTTCACTAGTCC,-2.7404,7.7168
CTGTGATGTGACTCGC-E15S,E15S,Tumor,1.2535036504190789,2.630933635076604,0.06120529391158577,0.9723246645001647,0.16613403537254715,0.6803833358157199,reverted,CTGTGATGTGACTCGC,-1.8301,7.5909
GTACCAGCAGCATGGC-E15S,E15S,Tumor,0.9803405241950274,1.780119034509589,0.6467198782991523,0.09567432981788637,0.05304004701750083,0.894668536559707,persistent,GTACCAGCAGCATGGC,-4.9313,4.5188
GGCGATTTCTGTGCCC-E15S,E15S,Tumor,1.6166088266841516,1.555277627116776,0.5302107689715044,0.25142068365696535,-0.05010367971040973,0.2979013304421517,persistent,GGCGATTTCTGTGCCC,-3.5909,3.8674
CTGCCTTGTTAACTGC-E15S,E15S,Tumor,1.2174504503967585,2.0675474233140476,0.10247702688553983,0.9589062860800989,0.17123921550715582,-0.11106964827612299,reverted,CTGCCTTGTTAACTGC,-5.1042,5.1262
CGTAGGGGTTTGGCAT-E15S,E15S,Tumor,1.370275575975093,1.8389547712912953,0.5308625952623507,0.2502062730526984,-0.11414964252513904,0.7093420974468363,persistent,CGTAGGGGTTTGGCAT,-3.8284,4.9489
TATGCCCCATCAATCT-E15S,E15S,Tumor,1.0858216510941892,2.347916930264152,0.28525689653495223,0.792106920117807,0.10543898841794609,0.9312719450567112,reverted,TATGCCCCATCAATCT,-2.3989,7.824
ATCTGCAAGGCAAGCA-E15S,E15S,Tumor,1.2491108224543839,1.9345811854217285,0.28029033296284306,0.8000994503791656,-0.08335457896442137,-0.12159137435089554,reverted,ATCTGCAAGGCAAGCA,-4.2962,4.9249
TGTCCTTAGGTGCTAC-E15S,E15S,Tumor,1.6119591822550583,1.2557317236632888,0.6321799547836804,0.10889521651748134,-0.10583751380194041,0.4323930034813137,persistent,TGTCCTTAGGTGCTAC,-2.8194,6.6541
CCTTGGGAGTTAGGAA-E15S,E15S,Tumor,1.5452412250240857,1.772056369691244,0.8186423636403956,0.018875138962502057,-0.20546168542173737,0.2636345556391136,persistent,CCTTGGGAGTTAGGAA,-2.979,6.6067
AGGAGCCAGAACGGGC-E15S,E15S,Tumor,1.311060942118127,2.3072181392414937,0.12883707097833752,0.947278903410569,0.02584903647577303,0.7909781938282261,reverted,AGGAGCCAGAACGGGC,-3.1253,7.9372
ACCCTAGGTTAAGGGC-E15S,E15S,Tumor,1.650860583339056,1.7629907463927608,0.09332983887362527,0.962335049972723,-0.004001897253153641,0.26893842067168067,reverted,ACCCTAGGTTAAGGGC,-3.5195,7.6957
ACTATTGGTCATCCTC-E15S,E15S,Tumor,1.9273655751117482,1.6370243767914519,0.22975473862659201,0.868524739899674,0.08525798467910171,0.8001065145101891,reverted,ACTATTGGTCATCCTC,-3.6329,7.384
TAGGCCACAAGGTCAT-E15S,E15S,Tumor,1.1657377473478332,1.8004095862093423,0.8246723225230836,0.017799218021986453,0.17148199359004054,-0.4020645169013758,persistent,TAGGCCACAAGGTCAT,-4.743,4.6024
ATCATGGTCATGTGGC-E15S,E15S,Tumor,1.498581281071108,2.5101621029401944,0.21039919522575767,0.888932969558357,-0.029809326216906032,0.9137350850094555,reverted,ATCATGGTCATGTGGC,-2.5359,8.0492
ATCCTAGAGATTGCGC-E15S,E15S,Tumor,1.2000192861671457,2.2411562336973097,0.7694410977120771,0.030382860781262823,0.3074754815487234,0.4722589854511651,persistent,ATCCTAGAGATTGCGC,-3.4563,3.883
CGCAAATCAATCTAAG-E15S,E15S,Tumor,1.289490486596636,1.9933490394432551,0.1957576645438664,0.9024773537927194,0.03980281647631729,0.6739838685694957,reverted,CGCAAATCAATCTAAG,-3.8557,7.3715
GCTGCCTTCACAGACC-E15S,E15S,Tumor,1.3286889750490103,2.0045290181555857,0.24060187586620338,0.8557496839181559,0.04529635417303859,0.5936075054709201,reverted,GCTGCCTTCACAGACC,-3.6248,7.4279
GCCACTTCACAAGCGC-E15S,E15S,Tumor,1.392053874703852,1.6674161047639653,0.43089700754689025,0.4734370677034112,-0.001088613804661534,0.3067326421489935,partial,GCCACTTCACAAGCGC,-3.989,7.5221
TATCAGTAGCAGGTGA-E15S,E15S,Tumor,1.140466467313921,1.9665919606002842,0.43847377006261296,0.45475520488851046,-0.10322893314668274,0.9730554373320843,partial,TATCAGTAGCAGGTGA,-4.3187,5.709
CTTGTGTTCATGCACA-E15S,E15S,Tumor,1.6510542145802303,2.43359898501629,0.12322440128341887,0.9499899582327803,0.01425284800157553,0.793873105727821,reverted,CTTGTGTTCATGCACA,-3.8422,4.6675
CACTCGCTCATGTGGC-E15S,E15S,Tumor,1.370417495255868,2.4039359285141604,0.16439735508388817,0.926627130653076,-0.033542320349420576,0.7035908086207211,reverted,CACTCGCTCATGTGGC,-4.9092,4.9477
CAGTTAACACTTGCTA-E15S,E15S,Tumor,1.6554037475613403,2.224427027800213,0.7714279052042693,0.029807864413725797,-0.15638830796929543,0.18056903511612363,persistent,CAGTTAACACTTGCTA,-3.0244,4.4699
CATACCAAGCATCTCT-E15S,E15S,Tumor,2.032533101345191,1.6162419360450115,0.33925612835121666,0.6904596574300671,-0.1506672409232747,1.0890594624791199,partial,CATACCAAGCATCTCT,-4.0079,5.0318
GCCTCATCAAAGGAAT-E15S,E15S,Tumor,1.4999421025554978,2.198205634844192,0.30328721359225,0.7611330643338969,-0.17337732497992123,0.7693962110598669,reverted,GCCTCATCAAAGGAAT,-3.1714,8.452
CTCATTATCCGTAGAC-E15S,E15S,Tumor,1.2892186777323542,1.693891760666749,0.4757580403965617,0.36559768532355696,0.1885058603584261,0.5908509060597611,partial,CTCATTATCCGTAGAC,-4.4515,4.3972
GCTTTGAAGTAGCCCG-E15S,E15S,Tumor,1.1704773791679708,2.257851088241798,0.1846301891336595,0.9117657663123369,-0.12995837642251723,0.5796235252619338,reverted,GCTTTGAAGTAGCCCG,-5.143,5.2388
TGCACAGCACATTCCA-E15S,E15S,Tumor,1.781960154254576,1.7044151295887877,0.5503067775345034,0.215801717733729,-0.14396182709458993,0.6306313450871083,persistent,TGCACAGCACATTCCA,-4.4209,4.3269
TGGCTTGGTTTGGTCG-E15S,E15S,Tumor,1.4251308425668605,1.6782073062395497,0.4153501808948746,0.5119465279725348,0.052032984933005594,1.1701800726871145,partial,TGGCTTGGTTTGGTCG,-4.4448,4.5364
TAACCGATCCCATGCC-E15S,E15S,Tumor,1.5362135861497321,1.6376633711868687,0.32723963781864035,0.7153298932170066,-0.09231483645230858,0.17186809713966822,reverted,TAACCGATCCCATGCC,-2.2375,7.1986
GCGACAGGTGAGGATC-E15S,E15S,Tumor,1.1499429831482835,2.4780813609437615,0.40245754260792055,0.5437939784756921,-0.24223981956671392,0.4516718703119359,partial,GCGACAGGTGAGGATC,-2.5433,7.7186
CATTGGGCAATCGTCC-E15S,E15S,Tumor,1.0225633482605947,2.142568777272601,0.3307624068134287,0.708164167967015,-0.38191494892342603,0.30267137178844183,reverted,CATTGGGCAATCGTCC,-4.6227,4.8528
CTAGAAGGTGAGGCCA-E15S,E15S,Tumor,1.2509470135606788,1.7777307658679453,0.4797550217218181,0.35645591697443735,-0.053245702574456405,0.5896285184953518,partial,CTAGAAGGTGAGGCCA,-4.5,4.8616
CCTCTTGAGTGAAGTA-E15S,E15S,Tumor,1.495285858914319,2.2882658854951163,0.09586439138840527,0.9614135171872206,0.11926759116315677,0.4480417048322843,reverted,CCTCTTGAGTGAAGTA,-5.0755,5.2826
ACTGCCCTCACCCTGC-E15S,E15S,Tumor,1.3050467426390953,1.9663003793276792,0.5170821538209956,0.27670221051059174,0.13330442279036409,0.5355996541487162,persistent,ACTGCCCTCACCCTGC,-3.179,7.725
AACTCAACAAGCCATG-E15S,E15S,Tumor,1.5012508265539573,1.690270793844264,0.665766758749631,0.0805357715227484,-0.030115735668895825,0.6216331709445304,persistent,AACTCAACAAGCCATG,-4.4856,4.5703
ACAGGTAGTTGAGTGA-E15S,E15S,Tumor,1.5218534545612898,1.72410232375303,0.427490121570751,0.48186482806281666,-0.15848777262197863,0.8967803606023472,partial,ACAGGTAGTTGAGTGA,-3.6527,7.4428
ATCTGTGAGGTGGACA-E15S,E15S,Tumor,1.3321245995383346,1.653558311986986,0.2559149714447632,0.8359775146281815,-0.0628319421357239,0.6983688366834074,reverted,ATCTGTGAGGTGGACA,-4.8516,4.9954
GTCCGCTTCGCGAACT-E15S,E15S,Tumor,1.4394102991406004,2.4569684357917567,0.11158115204617955,0.9551982033923391,-0.04010221767801754,0.9242750438396674,reverted,GTCCGCTTCGCGAACT,-2.6608,7.7626
ACGACGAAGCCACTCC-E15S,E15S,Tumor,1.514968000940785,1.8873959770942268,0.057272555689170994,0.9733548439739765,-0.00829573643565739,0.6322755103267846,reverted,ACGACGAAGCCACTCC,-3.896,7.6944
CTCATCCGTTGACGAA-E15S,E15S,Tumor,1.178466492924575,2.338475654645787,0.36321497051960305,0.6375432039180282,0.05261944684391964,0.327618363175949,partial,CTCATCCGTTGACGAA,-4.3472,5.1362
AGTGCTTGTGACTTCG-E15S,E15S,Tumor,1.639840085645561,1.4817493921760134,0.4122591285666729,0.5196007122717476,-0.04088322001827252,0.8384312155796415,partial,AGTGCTTGTGACTTCG,-5.0918,5.0064
ATCAACTAGGCTTGGT-E15S,E15S,Tumor,0.9857352098523202,1.9648294366771224,0.31499315407718304,0.7393970251785036,0.22238040289360672,0.8493103987167225,reverted,ATCAACTAGGCTTGGT,-4.3564,4.9109
TGCTTAAGTTGTAGAG-E15S,E15S,Tumor,1.3887626017386885,1.4898887024535894,0.2826150430341006,0.7963873866221601,0.0013126706663963011,0.29773001052755776,reverted,TGCTTAAGTTGTAGAG,-4.2402,5.962
TGTGCCAGTCAAGGTA-E15S,E15S,Tumor,1.2814026853933325,2.0022448522002527,0.5242726427570199,0.2626630455614254,0.2821809089305939,0.3344517404155979,persistent,TGTGCCAGTCAAGGTA,-4.6209,4.4568
ATGCCCAGTGAGCGCA-E15S,E15S,Tumor,1.0942404003871584,2.556192598342426,0.6849786567340697,0.06751042110038326,0.21874373262495053,0.1354753747263577,persistent,ATGCCCAGTGAGCGCA,-3.6757,4.419
ACCACGTAGTTGGCTA-E15S,E15S,Tumor,1.3624823858170463,2.4109308782942556,0.09180073841444095,0.9628807467698898,0.16849215751653696,0.7495674533928196,reverted,ACCACGTAGTTGGCTA,-2.845,7.5406
ATGGTGAGTTAAGTGG-E15S,E15S,Tumor,1.7264971900031825,1.3410963697130796,0.04899960836877849,0.9754015969678772,0.07826476547107702,0.3404831728251518,reverted,ATGGTGAGTTAAGTGG,-4.138,7.2859
TCTGTGAAGAAGCGCA-E15S,E15S,Tumor,1.4537911309371667,2.3468260286725062,0.12700848302339396,0.9481770603049352,-0.0023098257039112363,0.13166984089650446,reverted,TCTGTGAAGAAGCGCA,-4.4191,5.0604
CACGGTTAGCTATGGC-E15S,E15S,Tumor,1.0338476038288797,1.459297902109502,0.11963124953458673,0.9516556435512029,-0.26778602744753355,-0.35465313224567885,reverted,CACGGTTAGCTATGGC,-2.1209,6.8462
GCTCTATTCGATGGGA-E15S,E15S,Tumor,1.6176860255845578,1.333239735364693,0.3450368385356975,0.6780780487721643,0.034302659747748133,1.1621249685980366,partial,GCTCTATTCGATGGGA,-4.1578,7.5959
ACTCCGCTCCCGTTGC-E15S,E15S,Tumor,1.593421565288699,1.2218782557809176,0.4421493315612305,0.4457348645594476,-0.05968327782677674,0.3518867828874682,partial,ACTCCGCTCCCGTTGC,-2.6809,8.3308
CAATTAGCAATCTGCC-E15S,E15S,Tumor,1.321513237858189,2.442556006715908,0.6044101200258897,0.13862738799340105,0.09995305871544256,0.8305145786245574,persistent,CAATTAGCAATCTGCC,-3.6804,4.9175
GTTCCCGCAACATCGG-E15S,E15S,Tumor,1.0671609473461883,2.0304660119694025,0.3702020478086847,0.6213870618695699,-0.10149979372878933,0.14621325385423775,partial,GTTCCCGCAACATCGG,-4.4157,5.0815
GCTAGGGGTAATGCTC-E15S,E15S,Tumor,1.7108513988743046,1.4872433261205922,0.644641468370957,0.09747222043480595,-0.018531877563232955,0.3480353807306155,persistent,GCTAGGGGTAATGCTC,-3.9375,4.214
TCAACCAAGTCGAGTC-E15S,E15S,Tumor,1.4805388610402266,2.159252077500344,-0.04631572740878019,0.9902936483603901,0.005069714244120699,0.14575610328901317,reverted,TCAACCAAGTCGAGTC,-5.0079,5.2264
AAGTTTCAGGATGTAA-E15S,E15S,Tumor,1.385048783186611,1.9472854512683253,0.20052297835998042,0.8982391418061771,-0.4648636370712888,0.1507176008938645,reverted,AAGTTTCAGGATGTAA,-4.2364,4.9655
GTCTAACGTAATGGTG-E15S,E15S,Tumor,1.273661217058776,1.2169976422472488,0.23559167962649685,0.8617741154505857,0.2835439400402078,0.4883275775528986,reverted,GTCTAACGTAATGGTG,-4.3066,5.1094
TAATAGCTCCGTTAGA-E15S,E15S,Tumor,1.0633403730048405,2.220210330707861,0.556129253301362,0.20619232826856781,-0.12073667636488673,0.14376284349703855,persistent,TAATAGCTCCGTTAGA,-4.2107,4.0211
CGTATCCCATGATTAG-E15S,E15S,Tumor,1.2634111932805607,1.669154386981037,0.23608925523319524,0.861185393329688,0.021125398424960556,0.6219881670256745,reverted,CGTATCCCATGATTAG,-4.9053,5.5365
CCACTATTCCCGCACT-E15S,E15S,Tumor,1.8297291131667723,1.4809661471557196,0.3960925915143495,0.5594017767546332,0.09602674937443319,1.4792007619489824,partial,CCACTATTCCCGCACT,-4.7608,4.9873
CTGACAATCGTTAGCA-E15S,E15S,Tumor,1.7850041157574528,1.66291070242786,0.5329173905751894,0.24640365635199477,0.21186210669543332,1.0685337474144985,persistent,CTGACAATCGTTAGCA,-3.4064,7.6004
TAGTCCTTCGTTAGTG-E15S,E15S,Tumor,1.3503064749949687,2.230460339108193,0.33993305014531994,0.6890233696725696,0.11364133276575689,0.3110804001120751,partial,TAGTCCTTCGTTAGTG,-4.1444,4.0272
TGCCACCTCACACCAA-E15S,E15S,Tumor,1.70944211210997,1.7499488768447196,0.354943819821545,0.6562721534112612,0.055628427267613356,0.8013619424929794,partial,TGCCACCTCACACCAA,-4.0344,4.5474
CAAGATGGTCATTACA-E15S,E15S,Tumor,1.8886005240089403,1.77287024988173,0.3042938490573652,0.7593137315848645,0.04780072355832486,0.3445215930060854,reverted,CAAGATGGTCATTACA,-3.4886,8.1543
AGCGAACGTTGTGCGC-E15S,E15S,Tumor,1.5735471789151176,1.7795268238995205,0.6958883313252094,0.06101122712772681,-0.08115400379271218,0.6086883582464431,persistent,AGCGAACGTTGTGCGC,-4.48,5.183
TCTCGATTCACCAAGC-E15S,E15S,Tumor,1.2968557974385122,1.7729666240381363,0.3057153343683628,0.7567285479521457,0.09230034638240339,0.3179876035752465,reverted,TCTCGATTCACCAAGC,-5.0366,5.1962
GCGACTTAGTGAAGGT-E15S,E15S,Tumor,1.7815343712985712,1.6779862625628383,0.4924304507598797,0.3281736389133715,-0.29435417283507864,1.3751640093915538,partial,GCGACTTAGTGAAGGT,-3.6016,7.6061
TCCATCCGTTACACGT-E15S,E15S,Tumor,1.4070962529486,1.745333978884855,0.20859761520494696,0.8906843600689538,-0.13120682302118095,0.36700054205739935,reverted,TCCATCCGTTACACGT,-4.3432,4.5786
CCATTAAGTTAAGCGA-E15S,E15S,Tumor,1.8224799330663244,1.303839967130347,0.39656340713840865,0.5582508952367988,0.026344937637622738,0.8476183859697276,partial,CCATTAAGTTAAGCGA,-3.1011,8.3428
TGCCTGCTCATGAGCC-E15S,E15S,Tumor,1.3521908754243719,1.8625783607247344,0.20179636804008694,0.8970792674854356,-0.09006679224123448,0.758357288555467,reverted,TGCCTGCTCATGAGCC,-5.1096,5.1054
CCGCATTCAACCTCGT-E15S,E15S,Tumor,1.4259930234260236,1.869030746930507,0.42327487664231156,0.49230603406019185,-0.042729306694095984,0.3544815887543708,partial,CCGCATTCAACCTCGT,-4.0565,4.5468
ATTCGGGCAATCAGGT-E15S,E15S,Tumor,1.3211564264200448,2.2407526387649304,0.6587818974080637,0.08581535149596264,0.14591793360695257,0.40437664178650196,persistent,ATTCGGGCAATCAGGT,-4.1148,4.6708
ACAACTTAGCATAGCC-E15S,E15S,Tumor,1.6005573994314721,1.432256782084426,0.3381404098279113,0.6928189686537654,0.0025421611120331616,0.5015415166864964,partial,ACAACTTAGCATAGCC,-3.8522,7.8931
AGTCGGGGTAGTGCTT-E15S,E15S,Tumor,1.753157592335057,1.2305386065182045,0.7604319803314239,0.03312768615228364,0.07798424562852506,0.5315068172872545,persistent,AGTCGGGGTAGTGCTT,-4.5178,4.3366
CTGATAGTCACGCACG-E15S,E15S,Tumor,1.4673863312276954,2.318704067112251,0.12921252108467782,0.9470926812935969,0.009833413717749054,0.8047785620254542,reverted,CTGATAGTCACGCACG,-3.5271,5.0189
GCCGTTGAGGATCATT-E15S,E15S,Tumor,1.552909415688901,2.27214998588419,0.4040308964396696,0.5399213725208155,-0.09435746785918456,1.721118620540195,partial,GCCGTTGAGGATCATT,-2.3318,8.3733
GCCACTTCAAACTGGT-E15S,E15S,Tumor,1.7479869449928498,1.5143340587053709,0.4195123652322104,0.5016317630605435,-0.03924166767279117,0.8976167991005631,partial,GCCACTTCAAACTGGT,-3.6534,7.6579
AAAGCAATCCACCGTC-E15S,E15S,Tumor,1.9412664417819043,1.713972378047436,0.7725533093609231,0.02948685812201931,0.22920236453669257,0.9946670583408613,persistent,AAAGCAATCCACCGTC,-3.3117,7.8119
AATGTGTTCCTCGTCA-E15S,E15S,Tumor,1.1100149496968683,2.3032721589422716,0.5151888738249408,0.280474887172675,0.10941613009980428,-0.3634529993363301,persistent,AATGTGTTCCTCGTCA,-3.8905,4.2286
TCCCCTAAGCGATCAC-E15S,E15S,Tumor,1.029227226498358,2.0752515085146697,0.27787003592104853,0.8039099599202694,0.11155561896032545,0.33187449106677674,reverted,TCCCCTAAGCGATCAC,-5.0152,5.4848
GTAACCTGTAACGCGG-E15S,E15S,Tumor,1.7318197097298922,1.6155597108777882,0.308625936781522,0.7513766614327168,-0.04203164714107045,0.8854751182867656,reverted,GTAACCTGTAACGCGG,-3.2859,7.1975
CCACGATAGTTACGAT-E15S,E15S,Tumor,1.4397906516976042,1.5887658779188802,0.38707058980555575,0.5813183913114868,-0.10571448380018393,1.0439747653941522,partial,CCACGATAGTTACGAT,-3.9243,7.8556
GCGAGTTTCGTGAGAG-E15S,E15S,Tumor,1.7405704216454132,1.5892507148710653,0.18249578074378206,0.913453513065124,-0.27594588459174973,1.1513737514008902,memory,GCGAGTTTCGTGAGAG,-3.8347,7.6865
GCAATGAGTAAGTGGC-E15S,E15S,Tumor,1.68011655096189,1.7290001282611613,0.687151284625376,0.06616688408176676,0.17189424961142774,0.652810046264001,persistent,GCAATGAGTAAGTGGC,-4.2404,5.0732
TACCCAGGTTTAGCAC-E15S,E15S,Tumor,0.6562057278911163,0.7430123245945652,0.6165477772243815,0.12487181997714877,0.005812516477491236,0.7988126281962131,persistent,TACCCAGGTTTAGCAC,-3.1404,3.5147
TGCTACTTCCTGCGAG-E15S,E15S,Tumor,1.1955159110009528,1.8780511442912815,0.6300351500983005,0.11097601264111316,-0.237599511922665,1.4938905130039513,persistent,TGCTACTTCCTGCGAG,-3.2214,8.0484
TACAGGGAGCAGGTCT-E15S,E15S,Tumor,1.6562106653440516,1.6080429211451934,0.5157394020093696,0.27937463601143947,-0.17616178237198699,0.5039336273965138,persistent,TACAGGGAGCAGGTCT,-4.7753,5.0536
CGTGATTGTAGCGCCT-E15S,E15S,Tumor,1.4618510707847363,1.3799880350429883,0.025978890622908014,0.9803227477152907,-0.021019837388250195,0.8318828306230642,reverted,CGTGATTGTAGCGCCT,-4.0457,7.6603
AATGAACGTTGCTTGG-E15S,E15S,Tumor,1.9436116500947265,1.7818412063732054,0.48626050098351215,0.34180026293316895,-0.08726608881958833,0.5261309308236092,partial,AATGAACGTTGCTTGG,-3.357,7.7491
CACTGCCTCCTCACTG-E15S,E15S,Tumor,1.8144161292572216,1.3994639453758015,0.5173930174292733,0.27608576596334494,0.07741847970607174,0.994308951715091,persistent,CACTGCCTCCTCACTG,-5.1697,5.1455
GCTTGGGTCACTGGCG-E15S,E15S,Tumor,1.7187844794468696,1.6613595152653406,0.2668604254325312,0.8205493503898554,-0.20204934870173685,0.8946418748047259,reverted,GCTTGGGTCACTGGCG,-3.8726,7.7061
CACTCACCATCGATCC-E15S,E15S,Tumor,2.064043646695882,1.4978955268687373,0.4969557562257043,0.3183585450038212,0.02599740532833565,-0.026790500266083518,partial,CACTCACCATCGATCC,-4.3886,4.512
CAACGGGGTAACTCTA-E15S,E15S,Tumor,1.772810387733991,1.5121732402689085,0.5296157564696509,0.2525326573933256,-0.07082249503114223,0.3874124213757889,persistent,CAACGGGGTAACTCTA,-3.9325,4.9361
CAGCTATGTATGTGAG-E15S,E15S,Tumor,1.2155592076934778,2.04810742241803,-0.037071739660733516,0.9893718775841729,-0.009754124308351875,0.5338705590555176,reverted,CAGCTATGTATGTGAG,-3.383,7.5028
GCCTCATCATGGCTTC-E15S,E15S,Tumor,1.4168937111613304,2.1703327946293878,0.03282264416279414,0.9789702396556866,-0.17313894701779686,0.33286711697393007,reverted,GCCTCATCATGGCTTC,-4.5081,4.2059
AAATGCAAGTATGGTT-E15S,E15S,Tumor,1.8566005894100444,1.5154771066494679,0.14407081221830595,0.9392055040917611,-0.19087080014590282,0.18768600460451096,reverted,AAATGCAAGTATGGTT,-3.4391,7.4988
AAACGCCTCCGCTGTC-E15S,E15S,Tumor,1.5675984208749976,1.782673342589311,0.4477782906787275,0.4319915944577003,-0.05720519643712167,0.6628745662374446,partial,AAACGCCTCCGCTGTC,-4.5236,4.5945
ATGCTGATCACATTCC-E15S,E15S,Tumor,1.7847138419437243,1.2455718273328191,0.593711619662626,0.15178595458749505,0.13159674364059373,1.2964388412465326,persistent,ATGCTGATCACATTCC,-3.6964,8.1635
TCGCAATGTCAGTAGA-E15S,E15S,Tumor,1.5086268530286988,1.5888213174721235,0.6341013981222925,0.10706027721736344,-0.03942182530862477,0.9708714142253447,persistent,TCGCAATGTCAGTAGA,-4.6003,4.4065
CAATTGGTCATCATCC-E15S,E15S,Tumor,1.3478877775894678,2.2630148656377025,0.3135964643287979,0.7420565632168039,0.1224495004991736,0.7787169062009397,reverted,CAATTGGTCATCATCC,-2.2941,7.3477
ATGTCAACATGCTGCT-E15S,E15S,Tumor,1.3731200038670206,2.506440843328779,0.5390172593470095,0.23534610118985258,0.16100565550333967,0.19235280004724828,persistent,ATGTCAACATGCTGCT,-3.3877,4.0763
CTCATGTTCCGGGCTA-E15S,E15S,Tumor,1.4678230162416401,1.5535517201113231,0.39387447694926386,0.564815045547759,-0.15397816245538726,0.7713855667441978,partial,CTCATGTTCCGGGCTA,-4.7278,5.0993
ACAGACAGTTAGGTTC-E15S,E15S,Tumor,1.2201453505495918,2.1639542333849016,0.03115655480744127,0.9793076536479763,-0.02992268601297804,0.8761816667473551,reverted,ACAGACAGTTAGGTTC,-4.9022,5.6006
TAATAGCTCTCACCAT-E15S,E15S,Tumor,1.515391317477754,1.5240213159662035,0.25809764350069175,0.8329884714635677,-0.12954116021517312,0.5015886717367936,reverted,TAATAGCTCTCACCAT,-5.0471,5.3118
CCGGAACCAACTCGCT-E15S,E15S,Tumor,0.952672431946541,2.075010689463911,0.3216766717306547,0.7264270487730876,-0.04285199173249618,-0.06555763701669051,reverted,CCGGAACCAACTCGCT,-5.0215,5.4501
CCGGATTAGAACCTCA-E15S,E15S,Tumor,1.891073920859915,1.4430076736270905,0.5481910870479549,0.21937286097704933,-0.09421398408804166,-0.03394636899718401,persistent,CCGGATTAGAACCTCA,-4.568,4.7109
GTTCATGAGCATTCAG-E15S,E15S,Tumor,1.2203374113331864,1.4322570261453489,0.3594254053949245,0.6461801314238936,-0.07864793958479323,0.8937854367968068,partial,GTTCATGAGCATTCAG,-4.4489,5.7793
AGCCACTAGTTACACG-E15S,E15S,Tumor,0.751107202288232,0.8338629457132244,0.7243477199522381,0.04671177707301245,-0.2515285680595369,0.38279349432086673,persistent,AGCCACTAGTTACACG,-2.7142,8.897
ATCATGGTCATGCTGA-E15S,E15S,Tumor,1.0261983428095796,2.5102132995579987,0.35752434668590183,0.6504776428936703,0.23536931957135745,0.3844896015010446,partial,ATCATGGTCATGCTGA,-3.8611,4.3604
AGCGGGACAGGAACGG-E15S,E15S,Tumor,1.7233501733695669,1.5837872694593542,0.3876314855456586,0.5799642345983916,-0.018261331148779078,0.9916952805437463,partial,AGCGGGACAGGAACGG,-4.0243,7.6905
ACGGGTTTCACGCTCC-E15S,E15S,Tumor,1.36805076323442,1.8666429758255954,0.2524347936890276,0.8406542673179954,0.15633484058429697,0.5378043225943461,reverted,ACGGGTTTCACGCTCC,-4.7363,5.1334
CTTGCATTCAGTAGTT-E15S,E15S,Tumor,0.8978943792111711,0.6664942631669087,0.8203730919115436,0.018559961347121012,0.18600484909108508,0.5580344980881805,persistent,CTTGCATTCAGTAGTT,-2.968,3.6541
CTTGTCCGTGAACCGG-E15S,E15S,Tumor,1.8941372177018692,1.3631993305637917,0.5160488629449516,0.2787573284059594,-0.08363653823285752,0.7000482290212049,persistent,CTTGTCCGTGAACCGG,-3.3353,8.3321
ATCTGAGTCTAATGCG-E15S,E15S,Tumor,0.9730683634666569,1.9112766664884016,0.01918145400059868,0.9815816056635834,-0.042463869608646114,1.1651642635832271,memory,ATCTGAGTCTAATGCG,-4.8138,5.7097
TAACAGCCAAGGGCAG-E15S,E15S,Tumor,1.5077383316718698,2.271058075411644,0.9044745495748548,0.00814735071477869,0.34846659720839945,-0.3575603458585246,persistent,TAACAGCCAAGGGCAG,-3.1684,3.9325
TGGTTCCCAACCAGGC-E15S,E15S,Tumor,1.6925485025822662,1.369018718518372,0.3053038419858223,0.7574788416775023,-0.09727643556230939,0.5598232023292742,reverted,TGGTTCCCAACCAGGC,-3.8667,7.871
GCACCCTTCCATTACC-E15S,E15S,Tumor,1.49948612527977,1.8678057565508144,0.803294700397595,0.021909503296887622,0.29562519190793063,0.23289706106148042,persistent,GCACCCTTCCATTACC,-3.2512,5.48
TGCAAAGGTAAGTAGT-E15S,E15S,Tumor,1.0206375044074312,1.3265066426440735,0.6094534228029834,0.1327635490086952,-0.008220116927662044,0.5501253311258987,persistent,TGCAAAGGTAAGTAGT,-1.72,7.9417
CCCGTTGCATGCTTCA-E15S,E15S,Tumor,1.9006069852576308,1.6682161885711637,0.3180450207727898,0.7335242924624966,-0.20325593532531525,0.5425296469457692,reverted,CCCGTTGCATGCTTCA,-4.8216,4.624
ACCATTGAGCGCAACT-E15S,E15S,Tumor,1.1350269137029187,2.387187320346673,0.4975534192803744,0.3170739863381665,0.21648972473363046,0.6821217307649277,partial,ACCATTGAGCGCAACT,-4.1523,4.7776
GGTTGGTTCGCTAGGT-E15S,E15S,Tumor,1.4758421582604468,1.5626191118412536,0.30357252276890534,0.7606183733959706,-0.1328752630649571,0.8028455756319045,reverted,GGTTGGTTCGCTAGGT,-4.3688,5.0511
AGCAGCAAGCGGAGAC-E15S,E15S,Tumor,1.374641357574914,1.6572058549568152,0.3099538202780886,0.7489089946269165,0.12186863235593096,0.6695779585190603,reverted,AGCAGCAAGCGGAGAC,-3.506,7.7947
TCCCACGCAACCCTTA-E15S,E15S,Tumor,1.2747596106051644,2.1535378329706134,0.3696225511434058,0.6227378838504313,0.11623660953441023,0.7309188202810286,partial,TCCCACGCAACCCTTA,-3.9776,4.9032
GGGCAGACACTCAATT-E15S,E15S,Tumor,1.5839842596915705,2.3706825499057462,0.45996623009004156,0.4026167558735952,-0.14642258236885008,0.7857502971427751,partial,GGGCAGACACTCAATT,-4.2017,4.9328
GTGTTCCCATCACGGA-E15S,E15S,Tumor,1.4670020937682906,1.5956982523947472,0.2085153408346121,0.8907637610362237,0.03155674604723789,0.5238044723344848,reverted,GTGTTCCCATCACGGA,-5.1579,5.3469
GCGGAGACAATCATCT-E15S,E15S,Tumor,1.6541675212921743,1.9465619280043778,0.7187285187691893,0.04925633496819846,0.09126498041696154,0.5393248659808211,persistent,GCGGAGACAATCATCT,-4.1921,4.1901
CTCCTAGTCCTTCCAG-E15S,E15S,Tumor,1.3228418177905465,2.364527499115217,0.6598908643999896,0.08495666756169717,-0.012520863454545575,0.412159134144657,persistent,CTCCTAGTCCTTCCAG,-1.603,7.8669
GTGCATTGTGCAAGGT-E15S,E15S,Tumor,1.2941102931321216,2.492654472320448,0.17752988537030212,0.9172675840088323,0.17309720726315697,0.5642038691956612,reverted,GTGCATTGTGCAAGGT,-2.2168,7.7011
CGCATCAGTTGTAGGA-E15S,E15S,Tumor,1.3622530440236567,2.3967750128294485,0.1594643442997763,0.9298839393477072,0.07575516611092939,0.17248701895014695,reverted,CGCATCAGTTGTAGGA,-3.124,7.7571
ATGCCTAAGTCGAGCT-E15S,E15S,Tumor,1.3377658324972768,1.1861712676862097,0.8241647066953561,0.017887421198618584,-0.13395521452190937,1.1875618414958582,persistent,ATGCCTAAGTCGAGCT,-2.923,7.0904
ATCCAATAGGCAAGGC-E15S,E15S,Tumor,1.3004623525727157,1.7143431686092019,0.5179505651229594,0.2749822761808522,0.020647690547844072,0.9179548349910956,persistent,ATCCAATAGGCAAGGC,-3.4606,7.5072
GCTGATGCACTAATTC-E15S,E15S,Tumor,1.6532052776981347,1.8970004198771169,0.40387836385223896,0.5402970303313633,0.12029353924559523,1.3421216318804885,partial,GCTGATGCACTAATTC,-4.1354,7.8837
CAGCCAACATTCATGT-E15S,E15S,Tumor,1.8571260681653163,1.6183353164226104,0.1105691252831473,0.9556256596210347,0.12574359593856205,0.8303719333054297,reverted,CAGCCAACATTCATGT,-3.5639,8.2468
ATAACCACATGGTAAC-E15S,E15S,Tumor,1.00592065219566,1.470557647345322,0.44577786820925697,0.43686482828022444,0.19848011334363316,0.6918895604917198,partial,ATAACCACATGGTAAC,-3.8031,7.726
CACCGCTTCCCAATGA-E15S,E15S,Tumor,1.201579175253549,2.4481430064124394,0.1435474739571441,0.9395011087586271,0.17179263105523318,0.5550286718912413,reverted,CACCGCTTCCCAATGA,-3.6128,7.3728
GCGGTCATCAGGACGA-E15S,E15S,Tumor,1.5704710655228105,1.3422812053691213,0.7443795475274041,0.03862232304578316,-0.13412200741454014,0.39680249541093665,persistent,GCGGTCATCAGGACGA,-4.3723,3.9399
CTGCTAAAGATTCACG-E15S,E15S,Tumor,1.6441465754039777,1.5239125700558018,0.4923289408959296,0.32839557992712054,-0.1389966778144589,0.5432322419502282,partial,CTGCTAAAGATTCACG,-5.3029,5.1489
CATCCAGGTTGAGTAG-E15S,E15S,Tumor,1.4432392868808124,1.3136642971310433,0.3464755242881541,0.6749563790632961,-0.10900300173272992,0.18783546176732233,partial,CATCCAGGTTGAGTAG,-3.9701,7.1741
AACATAGAGCTTACCT-E15S,E15S,Tumor,1.5639617186694175,1.75123989818208,0.43951215072810595,0.45220360120947556,-0.8380290785429891,-0.036283875938138234,partial,AACATAGAGCTTACCT,-3.2506,7.6343
AGTCATTAGTGAGTAA-E15S,E15S,Tumor,1.693789141443801,1.4250820749661557,0.49205990394993804,0.32898417262807594,0.04524104867398258,0.21484026866416242,partial,AGTCATTAGTGAGTAA,-4.9226,4.779
AACGCTTGTATGGGTA-E15S,E15S,Tumor,1.8327096631436497,1.5759901825693954,0.6447044083959274,0.09741733554904511,0.14954748237282947,1.1957945207155989,persistent,AACGCTTGTATGGGTA,-3.9161,7.781
CTGATTTCATTAACTC-E15S,E15S,Tumor,1.412958805824231,2.545459431750722,0.21616585708929628,0.8831610806061827,-0.26655761695633867,0.21268892227037672,reverted,CTGATTTCATTAACTC,-2.4671,7.8185
TACCTGTTCCAGAGGA-E15S,E15S,Tumor,1.4046673823557017,1.5123298538674337,0.04566984603892682,0.9761814178809596,-0.5387789651335539,0.9630378137267488,reverted,TACCTGTTCCAGAGGA,-3.8905,7.1664
CCTGCCACAAGGTCGC-E15S,E15S,Tumor,1.0462764567740181,1.9389284672273075,0.487593348660784,0.3388334455652607,0.06890024415501225,0.5849504714102215,partial,CCTGCCACAAGGTCGC,-4.5908,4.5764
TGGAACCTCGATTGCA-E15S,E15S,Tumor,1.6957014257344438,2.096492994131246,0.25716742348776533,0.8342676459816467,-0.4062907782796209,1.2082203152057929,memory,TGGAACCTCGATTGCA,-3.0045,8.3669
TGGCTGACATTCGCGT-E15S,E15S,Tumor,1.584731852099067,1.8394254532237793,0.5427370859868891,0.22877374971894432,0.0715734408613728,0.8589880911039045,persistent,TGGCTGACATTCGCGT,-3.6265,5.0353
CTAGTCAAGCAGGTGA-E15S,E15S,Tumor,0.6027972458841329,0.7746282734585779,0.5458259215028692,0.2234151657602919,-0.2710490704099521,0.001822264534717888,persistent,CTAGTCAAGCAGGTGA,-0.8683,7.6698
GTGTGGCCAGCTATCC-E15S,E15S,Tumor,1.3077126904281953,1.469172107285678,0.5633686108864528,0.19469133987654946,-0.5258983347000331,1.4084922132640145,persistent,GTGTGGCCAGCTATCC,-4.9196,5.1126
AATCCCAAGTAAGGAC-E15S,E15S,Tumor,1.6344119284626017,1.4976339326096282,0.4393426928131749,0.45261984075055645,0.10230102123484705,1.0245014167844395,partial,AATCCCAAGTAAGGAC,-3.4832,7.6356
ATCCATAGTTTCCAGG-E15S,E15S,Tumor,1.3618219206314366,1.5262973597681866,0.12742094366025733,0.9479757418328583,-0.11735508842240983,0.38143456946925464,reverted,ATCCATAGTTTCCAGG,-4.8082,5.6728
AGTATGTTCCATAGCA-E15S,E15S,Tumor,1.84808107443265,1.500840607867947,0.11445757212158456,0.953961743836381,-0.13919971072935744,0.5422071149000272,reverted,AGTATGTTCCATAGCA,-4.0905,7.8115
GTAGTCATCTGGCCTC-E15S,E15S,Tumor,1.8486213200163952,1.5600960601211458,0.31079131691058737,0.7473442882633894,-0.20740605268997425,0.4392035470331662,reverted,GTAGTCATCTGGCCTC,-2.7507,7.6787
CATATTGGTGAGCCCT-E15S,E15S,Tumor,1.1034940421587807,0.7618783630136704,0.48899564517076294,0.3357256571649003,-0.2340303424494965,1.0420607295582005,partial,CATATTGGTGAGCCCT,-2.5614,8.7827
CATTCGAAGTACGCCG-E15S,E15S,Tumor,1.6875023219469634,1.3584202795918623,0.4231830053931128,0.4925337079912609,0.016351968673284423,0.593573041891517,partial,CATTCGAAGTACGCCG,-3.7588,5.2668
CTGGCCAAGATTGCAT-E15S,E15S,Tumor,1.8438693283629874,1.911582723540313,0.2758362304695741,0.8070693105173741,-0.056500939229971535,0.4450106229636085,reverted,CTGGCCAAGATTGCAT,-2.8164,8.1343
TAGTTCCTCATCGTTC-E15S,E15S,Tumor,1.4138561383137922,2.5352713290983226,0.6532768084166884,0.09019538514079577,0.001975102256710104,0.9481904159935978,persistent,TAGTTCCTCATCGTTC,-2.9725,7.9076
TCTGCGGAGAAGCATA-E15S,E15S,Tumor,1.7443213984538597,1.7631591218680815,0.2861460476593015,0.7906514276894134,-0.5874482830925174,0.5627553243418679,reverted,TCTGCGGAGAAGCATA,-5.0885,4.7779
TGCTTAGAGGGTACGA-E15S,E15S,Tumor,1.9130087778582427,1.7146387118404418,0.08614301603434314,0.9648344695650009,-0.07522160090168777,0.8506703560116131,reverted,TGCTTAGAGGGTACGA,-3.9051,7.7781
CGCCAAGTCGATCCTT-E15S,E15S,Tumor,1.4266511112934324,2.290871823294669,0.3753092530040256,0.6094025907477522,0.09504422925839306,0.23189254712737345,partial,CGCCAAGTCGATCCTT,-3.0765,7.3295
GTACGTTGTAAGCATG-E15S,E15S,Tumor,1.6712096569902948,1.4111362112318393,0.4241885567201623,0.4900419550063437,0.12663165515358507,0.708423379040642,partial,GTACGTTGTAAGCATG,-5.0259,5.4669
ACATGCATCCGTTGCC-E15S,E15S,Tumor,1.2267956702186007,2.1714006969492354,0.5192994997701771,0.27232384008816385,-0.005620713614788317,1.0328873316293756,persistent,ACATGCATCCGTTGCC,-2.8641,8.1673
ACGTGGTTCTAGTCTC-E15S,E15S,Tumor,1.2756473743563816,1.8999563631713972,0.23829731479629596,0.8585474441274633,0.1106732851697396,0.5686964350854503,reverted,ACGTGGTTCTAGTCTC,-5.0387,5.2189
CCTGATCCAAGCACCA-E15S,E15S,Tumor,1.333290707551523,2.0079205105957154,0.15413567276719098,0.933251430118016,0.04381443724179476,0.38257369439500427,reverted,CCTGATCCAAGCACCA,-2.7425,7.8449
ACTCCCGCATCCTCGG-E15S,E15S,Tumor,1.6240888906528028,1.5942300129337061,0.6913758077991217,0.06362533902740136,0.09294394776336455,-0.011736710532001452,persistent,ACTCCCGCATCCTCGG,-2.7701,8.2519
CTTCTGGTCCGTATGA-E15S,E15S,Tumor,1.8145597058873777,1.8818862503529548,0.30327094805670385,0.7611623840805806,-0.03038677237863851,1.1329106123204205,memory,CTTCTGGTCCGTATGA,-4.7556,4.3314
AACACCTGTGGGTTAA-E15S,E15S,Tumor,1.081276533739823,2.057253484865162,0.9280108582103653,0.006462569939778978,0.08338517032894392,0.40458701675211806,persistent,AACACCTGTGGGTTAA,-3.6704,4.066
CGCGAAGGTATGTAGG-E15S,E15S,Tumor,1.1476429228347733,2.476616545938855,0.3347434366733265,0.6999400781139465,-0.035867587666582657,0.21113101695514297,partial,CGCGAAGGTATGTAGG,-2.9689,7.6638
GTATTCCTCGAGTCTA-E15S,E15S,Tumor,1.3134781075112312,2.2926224892105376,0.07534521280111629,0.9682915681099891,-0.45577956591222946,0.5803883687113384,reverted,GTATTCCTCGAGTCTA,-3.2341,7.0068
TGATTCCTCTAGCGCG-E15S,E15S,Tumor,1.4294104657356341,1.6478111189148765,0.39526791462464944,0.5614161067005317,0.06651922269659502,0.9298743994101968,partial,TGATTCCTCTAGCGCG,-4.7057,5.0719
TACGAGGAGCCATACA-E15S,E15S,Tumor,1.5892826551053192,1.3189961224157787,0.5518115106602406,0.21328758500166228,-0.14902420676086867,1.1349050362730138,persistent,TACGAGGAGCCATACA,-5.0938,5.0895
GTCTACTTCTCACTTA-E15S,E15S,Tumor,1.888341017180141,1.6640187505197173,0.334544381510153,0.7003544252365127,0.07474535388539592,1.120160946780691,memory,GTCTACTTCTCACTTA,-3.9577,7.8842
TGTACGATCAGCAGTC-E15S,E15S,Tumor,1.544618863904713,1.4459373014588475,0.4096074996241328,0.5261595911058801,-0.1875927550222033,0.937699116270126,partial,TGTACGATCAGCAGTC,-4.7988,5.4852
GTGGAACGTAGCCATT-E15S,E15S,Tumor,1.1231241979396287,1.7450860549950091,0.639944161634288,0.10164689862239251,-0.2862954645700051,0.3909785010414227,persistent,GTGGAACGTAGCCATT,-3.8066,4.0174
TCGCAACAGCAAGGAT-E15S,E15S,Tumor,1.5138528574645764,1.376249165960078,0.5131982531748768,0.2844751965768305,-0.6669441528449795,0.8206227588640528,persistent,TCGCAACAGCAAGGAT,-4.253,5.6438
CGTAATGTCATCAGTG-E15S,E15S,Tumor,1.4320177947802057,1.695222757230802,0.01596842924258775,0.9821488070774134,-0.11387255986076061,0.6918828275777925,reverted,CGTAATGTCATCAGTG,-4.2829,7.237
ATGCATTAGGAGGCAC-E15S,E15S,Tumor,1.4973861472690915,2.459166629017178,0.29925803676026247,0.7683203047590553,-0.0003495285559859673,0.8125877967380335,reverted,ATGCATTAGGAGGCAC,-3.8251,7.3637
CCATGCCTCACTTGGA-E15S,E15S,Tumor,1.6307793610047099,1.6848027478660137,1.0901466153416293,0.0013016453902258088,0.011770065291121921,0.5594389884422871,persistent,CCATGCCTCACTTGGA,-3.8793,4.2833
CCACATAAGCTTAGAT-E15S,E15S,Tumor,1.9156956811396528,1.297684545957061,0.3355329931322792,0.6982933434263175,0.12546154854244462,0.717007786368671,partial,CCACATAAGCTTAGAT,-3.6256,8.2061
AGTTTCCTCATATGGT-E15S,E15S,Tumor,1.3611491589388307,2.104832361089728,0.35802364529086184,0.6493512654175321,0.008282296478557633,-0.02503685093995727,partial,AGTTTCCTCATATGGT,-2.232,7.6263
GGAGAAGGTTAGCCAT-E15S,E15S,Tumor,1.6428510354540766,1.7478930369113603,0.3383287088720756,0.6924214916259953,0.018643735780193106,0.21816288573270592,partial,GGAGAAGGTTAGCCAT,-4.9295,5.1559
GGTATCTGTTATGACC-E15S,E15S,Tumor,1.4203243265645327,1.6972305004463133,0.11173805670552196,0.9551315801372265,-0.21918293034245284,0.9210812848732232,reverted,GGTATCTGTTATGACC,-5.2715,5.0517
AACCTTAGTTCCGTTC-E15S,E15S,Tumor,1.314007906006531,1.7752429618324546,0.29518587681417585,0.7754293389338367,0.04852724169273642,1.1448798299545924,memory,AACCTTAGTTCCGTTC,-3.5007,7.5801
TGGTAGCTCGCGCTAG-E15S,E15S,Tumor,1.5476936455606793,1.7720026744139934,0.47607701670334934,0.36486446380092896,-0.12550822475334802,1.3687394964431225,partial,TGGTAGCTCGCGCTAG,-3.5349,8.3568
TAAACGAAGGGCTCTG-E15S,E15S,Tumor,1.6972664889813323,1.352523440456875,0.23988922708061922,0.8566197264059965,-0.24548816591592368,0.8549237382565349,reverted,TAAACGAAGGGCTCTG,-3.4035,8.4187
CGTTTAAGTAATGTGG-E15S,E15S,Tumor,1.3725804545599924,1.4864369307162912,0.1942586741158476,0.9037776313833366,-0.11181911541261325,0.6797593264009605,reverted,CGTTTAAGTAATGTGG,-4.1312,7.5839
GGCTGACCATGAGCCA-E15S,E15S,Tumor,1.5399629152013683,1.7483853563201104,1.0398541875022658,0.0021413539660578244,0.06486452909583951,1.0354912157696974,persistent,GGCTGACCATGAGCCA,-2.8793,7.3933
CCGACCAAGTGCTGCG-E15S,E15S,Tumor,1.7812942295740104,1.540141632201562,0.4646655884522087,0.3914627056024261,-0.10804720962802533,0.7202163346614567,partial,CCGACCAAGTGCTGCG,-2.8522,7.5835
TCATGTGAGCAACTGC-E15S,E15S,Tumor,1.8235790174528874,1.4239035695602058,0.32558707322956043,0.7186546579365047,0.06681842353201324,0.41266144842938457,reverted,TCATGTGAGCAACTGC,-4.861,4.5102
AGTATTCAGTTGGACC-E15S,E15S,Tumor,1.6042331007209214,1.6936653818944354,0.27520302398657553,0.8080450033983944,0.016078012826788474,0.7225220411408899,reverted,AGTATTCAGTTGGACC,-4.127,7.7606
ATGTTAGCATGCGTCT-E15S,E15S,Tumor,1.2245417733852026,2.339989740418039,0.2961115261701284,0.7738270847210905,0.27887486596305366,0.7975348332695569,reverted,ATGTTAGCATGCGTCT,-3.3399,7.3189
CTAAACCGTGAACTAG-E15S,E15S,Tumor,1.5527291357890625,1.3228414810616551,-0.009857161896636112,0.9861255368407948,-0.036190099048077906,0.733593677900779,reverted,CTAAACCGTGAACTAG,-4.2045,7.3079
CAGCGGTCAAATGGCT-E15S,E15S,Tumor,1.500299819537726,1.6716606773898657,0.32458882599305017,0.7206515251851362,-0.06875548462018184,0.859494120774966,reverted,CAGCGGTCAAATGGCT,-3.3462,7.664
CCTCACGCAGCCATTC-E15S,E15S,Tumor,1.9142597339314833,1.5937228015724414,0.45009828346707315,0.4263563570975191,0.04074140217592827,0.5903902202080404,partial,CCTCACGCAGCCATTC,-4.5825,4.3578
TCTCGCGCACTAGGTG-E15S,E15S,Tumor,1.0572930412650385,2.3616732478885365,0.5133471544029536,0.2841747808645306,-0.34822917060812586,0.8322286797823953,persistent,TCTCGCGCACTAGGTG,-4.4969,5.1661
CGACTCCTCAATCCAG-E15S,E15S,Tumor,1.4326932185537053,2.2899157618947177,0.6811781105412877,0.0699216487816178,0.41250719815913445,0.4439720103618905,persistent,CGACTCCTCAATCCAG,-2.2713,7.8114
CGTGGATTCCTCAATC-E15S,E15S,Tumor,1.4088266528161058,1.583884083560926,0.5753329841402653,0.17676257801512948,-0.16508646034256885,0.5532350645486874,persistent,CGTGGATTCCTCAATC,-4.3494,5.2859
CGGATTCAGTTAGCGC-E15S,E15S,Tumor,1.6099674798408747,1.4214238537589723,0.39810516765120085,0.5544778330490144,0.20588573063284546,1.3064535478154726,partial,CGGATTCAGTTAGCGC,-3.9428,7.7613
AACGCTATCACGCTAA-E15S,E15S,Tumor,1.5450430678510785,1.7148011561870047,0.4217820322927741,0.49600590632984404,-0.16366842630775158,0.43592931291799275,partial,AACGCTATCACGCTAA,-4.7448,4.4675
TCAACATAGGCTCTCC-E15S,E15S,Tumor,1.0477952316154124,1.9516330181566046,0.18512387398772076,0.9113711826761877,-0.03199513802725737,0.9976088822431174,reverted,TCAACATAGGCTCTCC,-4.1038,7.0469
CACGCCAAGGTACTTG-E15S,E15S,Tumor,1.5888330296838893,1.6787668411204297,0.2534465520343528,0.839305890832767,0.024699016788206452,0.4261061550152334,reverted,CACGCCAAGGTACTTG,-4.0462,4.9028
TGGGGTTTCCTCAACT-E15S,E15S,Tumor,1.3823543602030206,2.1338173809642567,0.4631773781659485,0.3949833617311011,0.15992107765102578,0.20568848402694725,partial,TGGGGTTTCCTCAACT,-5.0349,5.1309
ATGCTAGTCCATCTGT-E15S,E15S,Tumor,1.8084704095689572,1.4836539789513947,0.6228097970589235,0.11824342151999585,-0.443132453634728,1.0461215389336425,persistent,ATGCTAGTCCATCTGT,-4.5791,4.6017
CGGGACTCATGCTGCT-E15S,E15S,Tumor,1.473062038483446,1.8904091384272494,0.6191773326721779,0.12205044594076571,0.23630135803995933,0.9673822455239466,persistent,CGGGACTCATGCTGCT,-3.8966,4.6841
CATAGCGCAGGATGCC-E15S,E15S,Tumor,1.5173035312422356,1.1956583980637405,0.4844956374071724,0.34574781213694694,-0.12881954337655102,0.7038103024378088,partial,CATAGCGCAGGATGCC,-4.5401,4.1266
CTTAGGATCACACATG-E15S,E15S,Tumor,1.482554709865765,1.7233661422731918,0.2985461967641821,0.7695742619218096,0.16333458324466152,1.2604596810860789,memory,CTTAGGATCACACATG,-3.8467,7.2704
AGGAACTAGCAGGTGA-E15S,E15S,Tumor,1.177190533587745,1.7805826691705988,0.7696564083246448,0.030320032880566082,0.38261760091949437,0.743441222799966,persistent,AGGAACTAGCAGGTGA,-3.5463,4.2265
TGCAAATTCAAGTCCA-E15S,E15S,Tumor,1.0932368509309527,1.1591452150138828,0.5548762859674121,0.20823314278677596,-0.20771489763956263,0.8284989501989056,persistent,TGCAAATTCAAGTCCA,-2.7214,7.2487
AACTGACCATAGATCA-E15S,E15S,Tumor,1.4253948173546525,2.5320892752839175,0.25949489661653957,0.831052249409607,0.040337153092715704,0.6963285997370313,reverted,AACTGACCATAGATCA,-2.2812,7.7456
TGGGACAAGTTAGATC-E15S,E15S,Tumor,1.6080102745093527,2.484347460362854,0.5133848053363305,0.28409884852319783,0.2239425487369832,0.2387071153187876,persistent,TGGGACAAGTTAGATC,-1.6739,6.7274
CATTTCGCATAGGCAT-E15S,E15S,Tumor,1.7007371269480442,1.389325655755535,0.5620027588666261,0.19682339714502073,-0.5459683929823976,0.7142962162111555,persistent,CATTTCGCATAGGCAT,-4.9964,4.6248
CGAGTCACAACCAGTG-E15S,E15S,Tumor,1.660808888866169,1.5842009596062223,0.2493404593210025,0.8447212232573121,-0.23533524036897463,0.8829697385441456,reverted,CGAGTCACAACCAGTG,-3.4991,8.4788
CGATGTCAGGGGTAAT-E15S,E15S,Tumor,1.2657694371941266,1.0074630563785094,0.7862343615215782,0.025843114892859845,0.07345160170209954,0.5968281784105136,persistent,CGATGTCAGGGGTAAT,-3.6937,5.708
AGCCTTGGTAACCCAT-E15S,E15S,Tumor,1.2379290381130743,2.0400611204313632,0.393579134174939,0.5655346888008899,-0.16967778215205964,0.9770529740404468,partial,AGCCTTGGTAACCCAT,-2.3348,7.1817
GCTTCCATCTTGACAG-E15S,E15S,Tumor,1.946365211010962,1.7280714876986016,0.17566082602478644,0.9186630866700684,0.08325420927502075,0.42109399579139256,reverted,GCTTCCATCTTGACAG,-2.8479,7.9649
CAGTACGCACAATGAC-E15S,E15S,Tumor,1.7081668418039386,1.4785542139070358,0.44554033129759585,0.43744432199723166,0.04561686524940513,0.7383829030571748,partial,CAGTACGCACAATGAC,-5.0164,4.9424
CTTAGCAAGGTGAAGT-E15S,E15S,Tumor,1.2790913810136029,2.2718798031856076,0.6204796044446282,0.1206736048491552,-0.010958737241339334,0.0011710677183244748,persistent,CTTAGCAAGGTGAAGT,-4.116,4.5472
CAACCAGCATTCATGT-E15S,E15S,Tumor,1.8094776599041629,1.602161204526836,0.34794300007279677,0.6717561498447516,0.04430547094436367,0.7346724863465353,partial,CAACCAGCATTCATGT,-4.9111,5.1654
CGCCTTGCAACATACA-E15S,E15S,Tumor,1.256408145952515,1.9943868769280446,0.6325423423077143,0.10854704440183352,-0.23418415545089669,0.9093596416359371,persistent,CGCCTTGCAACATACA,-2.728,6.7452
GGTCATATCAGGGCTT-E15S,E15S,Tumor,1.4744807214947826,1.863355319179224,0.47933760779199014,0.3574058698041144,-0.11414253063388627,1.1372424200149145,partial,GGTCATATCAGGGCTT,-2.8546,7.5352
GGGATTGAGGCACACT-E15S,E15S,Tumor,2.113562597983427,2.130047300878928,0.4051916425264896,0.5370612271825219,0.0995642145861991,0.2828523772590656,partial,GGGATTGAGGCACACT,-2.5647,4.8052
ACTCCTTAGGCATCGT-E15S,E15S,Tumor,1.4508491593097774,1.8534606436562082,0.5544034549102665,0.20900714166834056,0.06308843312311208,0.7373412631472394,persistent,ACTCCTTAGGCATCGT,-2.4436,7.454
CTTGTGTTCCGTGCGA-E15S,E15S,Tumor,1.4714303706192724,2.374022353899218,0.46076602126655664,0.4007109552039057,0.14162885226738647,0.9844145249542544,partial,CTTGTGTTCCGTGCGA,-2.5982,7.961
AACTTCCTCACAGCGT-E15S,E15S,Tumor,1.6698468072484804,1.520077044494608,0.47733081435694313,0.3619884935600264,-0.07614398101592035,0.7392232213632008,partial,AACTTCCTCACAGCGT,-4.4005,5.115
GTATTCCTCCAGGGAA-E15S,E15S,Tumor,1.4183904308873636,1.6133055419039888,0.21705731666013903,0.8822459288870148,-0.32948192638561824,0.6121834192123375,reverted,GTATTCCTCCAGGGAA,-4.0375,7.6173
CACCGCTTCGTTGCCC-E15S,E15S,Tumor,1.0699994533704646,2.2940607799484227,1.147576913725164,0.000736955306315565,-0.008312753798788042,-0.011850561552859604,persistent,CACCGCTTCGTTGCCC,-3.3361,4.2893
CCCAACCTCACTCAGA-E15S,E15S,Tumor,1.9254506923529573,1.1249880204918552,0.5972405889822507,0.14733579868835833,0.011953190567785755,0.8776439996931527,persistent,CCCAACCTCACTCAGA,-4.1781,3.9746
GGGTACGGTAGGCGAT-E15S,E15S,Tumor,1.752457499543386,1.6695258151712922,0.32274521828059505,0.7243165206905717,0.07404533294867352,0.9765212395766664,reverted,GGGTACGGTAGGCGAT,-4.0773,7.9019
GCTCAATGTGGGTACG-E15S,E15S,Tumor,1.2854231358092698,2.3201586690242313,0.3512800874953009,0.6644193848287708,0.06427163356810171,0.43243990064961935,partial,GCTCAATGTGGGTACG,-2.9329,7.3597
ACACCAGCACATGAGT-E15S,E15S,Tumor,1.804385651538203,1.6523862195865282,0.3088469838518638,0.7509670075924437,0.11266228086933788,0.4317954155154839,reverted,ACACCAGCACATGAGT,-2.5643,6.7976
GCGTAGCCAAGCCGAC-E15S,E15S,Tumor,1.0448615242034966,1.6963516202285245,-0.03796110882361105,0.9894642024724014,-0.000207837614126051,0.02785748053136101,reverted,GCGTAGCCAAGCCGAC,-3.9741,5.2816
AAGCATCCACATGAGT-E15S,E15S,Tumor,1.3302956794444636,1.7515336836855468,0.18819972628277354,0.908876713652062,0.13043177635632647,-0.31962883699267197,reverted,AAGCATCCACATGAGT,-4.5532,5.5178
ATAATCGCATCCAGCT-E15S,E15S,Tumor,1.2299516773462513,2.1817711511258833,0.9133091154466391,0.007469151943918206,-1.0517432355429386,-0.32483009445783884,persistent,ATAATCGCATCCAGCT,-3.5599,4.5236
AATGGCTCAACTCGCT-E15S,E15S,Tumor,1.3618370089296998,2.211324643538006,0.3455760150655235,0.6769099827948915,-0.10962768314995489,0.22227331962112934,partial,AATGGCTCAACTCGCT,-3.2363,7.0386
TGGGACAAGGAATTGA-E15S,E15S,Tumor,1.3876538680960562,1.6358478237745029,0.4802559040214855,0.35531749585321293,-0.25989971115918997,0.8463996019099086,partial,TGGGACAAGGAATTGA,-4.5329,4.997
GCTAAATTCGATCCAA-E15S,E15S,Tumor,1.524239102329823,1.7305111950594712,0.5415397314628657,0.23087510654659932,0.18277272611037998,0.4543247491088993,persistent,GCTAAATTCGATCCAA,-4.4183,4.0988
GCTTCCTGTTCCTGCT-E15S,E15S,Tumor,1.2380067755136996,2.8231083446275815,-0.04067919782873936,0.9897414753667318,0.06916125703849942,-0.32383116940406853,reverted,GCTTCCTGTTCCTGCT,-3.645,5.2276
CTTACGAAGCTGAGAG-E15S,E15S,Tumor,1.8272999027901593,1.3912407951220298,0.4993126496288,0.31330906422823435,0.057264227294003475,-0.009297951650732364,partial,CTTACGAAGCTGAGAG,-4.5424,4.4248
ACTCCCTGTAACTCGT-E15S,E15S,Tumor,1.1804548842828289,2.3753084490219334,0.9318387459117338,0.006223386405509233,0.2657867534326021,0.7529885883390874,persistent,ACTCCCTGTAACTCGT,-2.5804,7.6329
GCGTAAAGTTGCATCG-E15S,E15S,Tumor,1.5190793706853916,2.050269737282796,0.1576244905841942,0.931064038905331,0.11613034717835069,1.2685523390282318,memory,GCGTAAAGTTGCATCG,-4.7136,5.4815
GCCCTCACAATTGGCG-E15S,E15S,Tumor,1.2399567539040406,1.6440733661266256,0.4228402885332877,0.4933830502617991,-0.30731847414026425,0.9384068321966821,partial,GCCCTCACAATTGGCG,-5.1446,5.1988
AACGATGGTAGCCAGG-E15S,E15S,Tumor,1.7198902921926773,2.129325932025869,0.2775089104070801,0.8044737816832892,0.25291696677573244,0.5952087835796004,reverted,AACGATGGTAGCCAGG,-2.9777,8.4499
CTTACTATCACTTGCT-E15S,E15S,Tumor,1.7995532824063487,1.5514219305205628,0.3133451720781644,0.7425331829620829,-0.03522134232632748,0.6047520445185067,reverted,CTTACTATCACTTGCT,-5.1043,5.0762
ACAACATTCCAGATTG-E15S,E15S,Tumor,1.3289562258840786,1.7797362939134207,0.17777736993110466,0.9170811787945781,0.08554005050736935,0.6388543310448191,reverted,ACAACATTCCAGATTG,-4.653,5.4058
GCAACATCAATAGGGA-E15S,E15S,Tumor,1.3442417707333396,1.9229091635852404,0.3852757844697349,0.585643224393153,0.1182702410736533,0.7719101120705895,partial,GCAACATCAATAGGGA,-4.5339,5.1659
GCCATCCTCCGCTAGG-E15S,E15S,Tumor,2.1753819513749963,1.9269839017641148,0.32799204831454104,0.713808320239933,0.09063156336478295,-0.2858770653528692,reverted,GCCATCCTCCGCTAGG,-3.8302,4.7037
AAGTCCATCCTGACGG-E15S,E15S,Tumor,1.773432068352877,1.2386851461200659,0.7950168127404401,0.02373910183727625,-0.04434186388786886,0.46622195704202907,persistent,AAGTCCATCCTGACGG,-2.7331,8.3459
CGGACTTAGCTTACAG-E15S,E15S,Tumor,1.693190255729778,1.715474266386398,0.5064964237566468,0.2981921780565161,-0.030271254052613675,-0.32077311674937836,persistent,CGGACTTAGCTTACAG,-2.7382,8.0019
CATTCGTTCACCATCT-E15S,E15S,Tumor,1.5592407475174415,1.6032571306592749,0.2642078200134444,0.8243894725710795,0.025872890864094604,0.23418665408374967,reverted,CATTCGTTCACCATCT,-3.8452,7.8178
CTGTTCCGTTGACGGG-E15S,E15S,Tumor,1.395203348118472,1.5424925991139564,0.3068248184802227,0.7546977359466032,-0.6145553918495065,0.8595462333782906,reverted,CTGTTCCGTTGACGGG,-5.1195,5.3334
TATCGCTTCACGGAAG-E15S,E15S,Tumor,1.5143190439724703,1.5295850149901644,0.20774875960553466,0.8915011402897585,0.04198532574020823,0.727934365957745,reverted,TATCGCTTCACGGAAG,-4.08,7.7243
CCATCATTCCCAATCT-E15S,E15S,Tumor,2.001591777600044,1.55981333654836,0.3585133715332519,0.6482448631341781,-0.1294128180469571,1.1141217779235546,partial,CCATCATTCCCAATCT,-2.8467,7.7629
TGCGATGCAGTTAGGT-E15S,E15S,Tumor,1.6192137421290747,1.755430816938815,0.09659538130961474,0.9611437412429764,-0.22223484681762076,0.9996074596359363,reverted,TGCGATGCAGTTAGGT,-2.4128,6.7702
CCTGGCTTCGATGCGT-E15S,E15S,Tumor,1.3429429252819078,1.6440833978368627,0.2448717599424499,0.8504445306623707,-0.015117468446434162,0.00010694577086374012,reverted,CCTGGCTTCGATGCGT,-4.8031,4.6133
CACCGTTCAAGCGATT-E15S,E15S,Tumor,1.42840390179743,2.021692092904301,0.16312223151161168,0.9274820877979175,0.021476925144684925,0.8877937240384898,reverted,CACCGTTCAAGCGATT,-3.0156,7.2794
CGGCCTAAGTCATCAG-E15S,E15S,Tumor,1.3448935232134642,1.8920545950042746,0.2514686333016358,0.8419333021221732,0.07399358000688586,0.472585159445966,reverted,CGGCCTAAGTCATCAG,-2.7086,6.6325
CGTCAGTAGATTGATC-E15S,E15S,Tumor,1.5683801117277443,1.9789263562880777,0.05908659481856501,0.9728843748015987,-0.5080582751449108,0.9524742240214947,reverted,CGTCAGTAGATTGATC,-4.4087,5.0216
AACCTAGTCAAGTGAA-E15S,E15S,Tumor,1.0903627054139318,1.9232695526996915,0.11033956020684078,0.955722079969274,-0.20665631337594703,0.2746032808213664,reverted,AACCTAGTCAAGTGAA,-3.6645,7.479
CTGGGGTCAAGTGGTT-E15S,E15S,Tumor,1.9132473156710776,1.6456384030985132,0.28426369540193314,0.7937238961385111,-0.07068132813675072,0.5990845595292187,reverted,CTGGGGTCAAGTGGTT,-5.1462,5.0999
AACGATGGTGGCCATC-E15S,E15S,Tumor,1.2806369842375522,1.8375686827706963,0.21391563307136324,0.8854436919913055,0.0685978344091152,0.4475085944095375,reverted,AACGATGGTGGCCATC,-4.0616,7.4333
CGCTCCACAGGCAACC-E15S,E15S,Tumor,1.575904889162933,1.5353391408939805,0.21192386191791138,0.8874316426622139,0.03352504936074729,1.3597473306605279,memory,CGCTCCACAGGCAACC,-3.1014,8.3916
GGCATAGAGGCGTTAC-E15S,E15S,Tumor,1.252245472155656,2.4264651157597803,0.4572934293595078,0.40900676888109233,0.06861708650244677,0.4392628992880577,partial,GGCATAGAGGCGTTAC,-2.2055,7.6759
TCCTGACCATGACTCC-E15S,E15S,Tumor,1.488111677627859,1.7986609084907943,0.3758374258099236,0.6081553476829054,0.004252321942654541,0.03730913385428429,partial,TCCTGACCATGACTCC,-3.9338,4.4271
CTGAAAGGTTTGATTG-E15S,E15S,Tumor,1.8087627451924189,1.2276309147267725,0.10968298138328686,0.9559967499199082,0.025952272226090964,1.3324379418309755,memory,CTGAAAGGTTTGATTG,-4.1563,7.5434
CAAATGAAGGGTGAAT-E15S,E15S,Tumor,1.1804402481188927,1.9921705408838244,0.6155263415006617,0.1259827584854068,0.07257038025409603,0.020817036946283063,persistent,CAAATGAAGGGTGAAT,-3.4428,7.7056
CTCAACGGTTTACTCT-E15S,E15S,Tumor,1.4190939728389609,2.4411960023580437,0.686868315988269,0.06634045238530806,-0.8776625924850389,0.6161050488092071,persistent,CTCAACGGTTTACTCT,-2.5866,8.218
TGCCACCTCTGGCTGG-E15S,E15S,Tumor,1.6352795993106253,1.3559884674309746,0.10882314313345345,0.9563539929533892,0.1253574828197325,0.7431932028164899,reverted,TGCCACCTCTGGCTGG,-4.0067,7.9381
ACGAGTGAGGTGACAG-E15S,E15S,Tumor,1.4196359750707581,1.37258585210751,0.4023433719276861,0.5440747945284566,0.0936003027812268,0.42974332144728167,partial,ACGAGTGAGGTGACAG,-4.9075,5.3271
CCGACTAGTAAGTAAC-E15S,E15S,Tumor,0.9767759687823735,1.637933660712928,0.3151811674471816,0.7390376624404394,-0.03636405663996775,0.6284828395943978,reverted,CCGACTAGTAAGTAAC,-4.6083,4.9339
TAGGGTGAGAATCACT-E15S,E15S,Tumor,1.3674744086608124,1.6261602746203312,0.3273975476230515,0.7150109618771611,-0.2384863893940246,1.3768345118180627,memory,TAGGGTGAGAATCACT,-4.1084,7.1083
GCTACTGGTGCATCCA-E15S,E15S,Tumor,1.4295821782434686,1.933525270812321,0.43282355393915006,0.46867766973948327,-0.009115268232570271,0.6595425817888007,partial,GCTACTGGTGCATCCA,-3.1947,7.0184
CATAGCGCAGGTTCAG-E15S,E15S,Tumor,1.8791006305612115,1.7643516634940597,0.27524479892288356,0.8079807494697011,-0.024373842737422782,0.6338933953567576,reverted,CATAGCGCAGGTTCAG,-2.3099,7.2283
ACCTACTTCCGCACTC-E15S,E15S,Tumor,0.8050368214683694,0.7457039378370768,0.3729291437172817,0.6150051203062724,0.04651332579172832,1.136941430429219,partial,ACCTACTTCCGCACTC,-1.9802,8.5527
GCAAAGGTCCGCTGAG-E15S,E15S,Tumor,1.099007763367404,1.8013672797750615,0.3483267603683599,0.6709166024998456,-0.04817049433701898,0.7807252789032268,partial,GCAAAGGTCCGCTGAG,-3.2935,7.2276
AGGATTGGTGATTCGT-E15S,E15S,Tumor,1.803815434237887,1.7443539006856963,0.38518879375338666,0.5858525112130648,0.19786885825427106,1.137581070890895,partial,AGGATTGGTGATTCGT,-2.539,7.4311
CGGACATTCGATGTCA-E15S,E15S,Tumor,1.6426830316265602,1.431956770260635,0.30486761281383756,0.7582725195910699,-0.09500043105142933,0.8826308570465767,reverted,CGGACATTCGATGTCA,-5.1332,5.1361
GTAACCTGTGAGTTGA-E15S,E15S,Tumor,1.6003057404807066,1.4947314031134054,0.3147711855669267,0.7398208759848379,-0.037571206585933395,0.7544413717652508,reverted,GTAACCTGTGAGTTGA,-5.0372,4.9057
GGCATCACATCATCTG-E15S,E15S,Tumor,1.2316561622269164,2.1919080726956133,0.31181755790912746,0.7454181681995214,-0.048438719852037196,0.8632788909549153,reverted,GGCATCACATCATCTG,-3.2811,7.1439
TCTATTGTCAGTAGGG-E15S,E15S,Tumor,1.7951730170580233,1.7240345424036458,0.1700437388856546,0.922728725844897,0.08628910803124466,1.2006754003532436,memory,TCTATTGTCAGTAGGG,-3.8871,7.8255
TCATTAGGTCAACTGT-E15S,E15S,Tumor,1.0706061678772756,2.082943998588268,0.09588235721829667,0.9614069083978973,0.05122461699270915,0.9549882712770357,reverted,TCATTAGGTCAACTGT,-3.4269,7.5605
GGTGCGAGTTTCCTGC-E15S,E15S,Tumor,1.0809851675726914,1.8885286118820657,0.4894881413545867,0.33463753090680415,-0.23699207277226098,0.22596771706834723,partial,GGTGCGAGTTTCCTGC,-4.4187,4.1657
AGGATCAGTTTCGAGT-E15S,E15S,Tumor,1.6582443620113283,1.4844212189071821,0.3625559658160437,0.6390517417903927,7.681579171076036e-05,0.6114872963231632,partial,AGGATCAGTTTCGAGT,-4.1304,7.0933
ACCTCCATCAATGGTT-E15S,E15S,Tumor,1.73580711001872,1.8913688123391068,0.3283664863381279,0.7130492946215226,-0.09467259508745332,1.0249416734234031,memory,ACCTCCATCAATGGTT,-2.7962,8.2558
ATCTGAGTCGTGATTG-E15S,E15S,Tumor,1.0762376730274292,1.7258829812227359,0.3668551731579045,0.6291621448930509,0.15049771671172105,0.8337249314344762,partial,ATCTGAGTCGTGATTG,-4.6683,5.4834
GCTGTTAAGGAATGGT-E15S,E15S,Tumor,1.1682563736173677,1.8399457669981856,0.34981641994987767,0.6676473770066842,-0.3622042195191984,0.44185423477467034,partial,GCTGTTAAGGAATGGT,-4.7399,5.4485
CCTAGCTCAACTGGCA-E15S,E15S,Tumor,1.6071190032329496,2.1902665879845364,0.3997391618163567,0.5504721969948592,-0.12039717257381609,0.4451239229935543,partial,CCTAGCTCAACTGGCA,-3.2912,7.7635
TGGACTATCCAGAGGA-E15S,E15S,Tumor,1.5287823432684278,1.37681805096914,-0.012358072971467838,0.9864607448397901,-0.460898180005731,0.7830309141451511,reverted,TGGACTATCCAGAGGA,-3.813,7.0361
CTTATAGGTCCATTAA-E15S,E15S,Tumor,1.1228831071655034,2.754338328020112,1.0541577737255408,0.0018587443579879523,-0.12111800011477007,0.617307970285543,persistent,CTTATAGGTCCATTAA,-1.2537,7.8284
CCTCAAGGTAATGCTC-E15S,E15S,Tumor,1.650115700352759,1.7258921932652525,0.4087133597283337,0.5283693506455566,-1.1756286005802037,0.9987884652279317,partial,CCTCAAGGTAATGCTC,-4.5545,5.0174
CGTAAACCATCACTAT-E15S,E15S,Tumor,0.5997078115774161,0.6283595354287294,1.3862358242882902,6.919218120204027e-05,0.3443888657662782,0.8807776641583942,persistent,CGTAAACCATCACTAT,-1.1307,8.2233
CCCAATCCATGACGGC-E15S,E15S,Tumor,1.7147909847112992,1.3681304462108708,0.5042403220346804,0.30289451148884744,-0.18216446834256858,1.202622360972048,partial,CCCAATCCATGACGGC,-5.0602,5.1993
GTGTAAGGTGATCCTG-E15S,E15S,Tumor,1.4864314107899077,2.1903330196882242,0.7198166509664267,0.048753541467177676,0.07168334617110543,-0.32099212422553863,persistent,GTGTAAGGTGATCCTG,-4.4609,4.1937
GGCATGAAGTGCGCCA-E15S,E15S,Tumor,1.6054123909326294,1.8493793107227812,0.08725799702821471,0.9644574498974847,-0.10357779262552219,0.25439670016263927,reverted,GGCATGAAGTGCGCCA,-4.6801,5.6151
GTGTGGCCAATTAGCA-E15S,E15S,Tumor,1.8048740360633477,1.2639724060484963,0.5662660513505576,0.1902266134266809,0.2602513705078076,1.201176290157769,persistent,GTGTGGCCAATTAGCA,-3.2631,8.2643
TGAGGCAAGGAACCCT-E15S,E15S,Tumor,1.6200809803309668,1.2518675001725368,0.20320783410631013,0.8957799639454697,0.059001681412071474,0.6525216114899185,reverted,TGAGGCAAGGAACCCT,-4.4419,5.0433
AGGAATGCATAAGCCG-E15S,E15S,Tumor,1.3867961191835543,1.7323143943590422,0.5726798329960225,0.18062317362426225,0.09158084264529162,1.0337042142013912,persistent,AGGAATGCATAAGCCG,-3.4981,7.6392
CCTACCGCATGGTGCA-E15S,E15S,Tumor,1.6027150605726748,1.4056015843967766,0.2186916153465659,0.8805520617651796,-0.35090784902638705,0.6505516916943805,reverted,CCTACCGCATGGTGCA,-3.9616,7.4318
AATCGTTAGGTACCGT-E15S,E15S,Tumor,1.6441904514073988,1.6616743208501912,0.30774879835816765,0.7529977625270622,0.10055772000140528,0.49245024958360567,reverted,AATCGTTAGGTACCGT,-3.8249,7.7642
GCACTTGGTCAGTCCA-E15S,E15S,Tumor,1.2658298371160517,2.502684552957209,0.03734749423356852,0.9780264805601382,0.11013408505061201,0.08916042278196139,reverted,GCACTTGGTCAGTCCA,-2.1545,5.0347
TAAACCACACAGGGTC-E15S,E15S,Tumor,1.744683815345737,1.542065239083559,0.23595525925658964,0.8613441414807377,0.09222452274461879,1.008638200626108,memory,TAAACCACACAGGGTC,-4.2159,7.2649
TGAGCTATCAATGTCG-E15S,E15S,Tumor,1.4927927264881737,1.8741050475175143,0.7210256243332465,0.04820062250206614,-0.060945014553287255,0.019288737155958663,persistent,TGAGCTATCAATGTCG,-2.6293,4.4406
TGCGATGCAAATTCGA-E15S,E15S,Tumor,1.3764147245502008,1.3263838601475666,0.34266133617745353,0.6831977133550717,0.09535908268132039,0.45050897901982245,partial,TGCGATGCAAATTCGA,-4.1415,7.1643
GTCAACATCAATGTGT-E15S,E15S,Tumor,1.561909901651263,1.3349887079560727,0.3548333430084698,0.6565192057466855,0.130159475527252,1.0226545240841887,partial,GTCAACATCAATGTGT,-2.8511,8.3795
TGGGTCCGTTTGACCG-E15S,E15S,Tumor,1.2331667305064504,1.7056967793812134,0.9663410347286726,0.004428354292057454,-0.8408502451232454,0.7868474242827636,persistent,TGGGTCCGTTTGACCG,-3.4122,3.7975
GTTAGCCAGATTAGGA-E15S,E15S,Tumor,1.0408151773111864,2.4229997843419984,0.11159742470594021,0.9551912982461477,0.053134225393337564,0.27189254941457475,reverted,GTTAGCCAGATTAGGA,-3.7745,5.2653
ACTAAGGGTGCGGTTC-E15S,E15S,Tumor,1.510803645947835,2.646081859757997,0.501267286758357,0.3091546299650368,-0.052560244603894773,0.4602108687429008,partial,ACTAAGGGTGCGGTTC,-2.4253,7.6009
CTCGACTCAGGCTATG-E15S,E15S,Tumor,1.7689275020506767,2.4439347177353454,0.06927675211294454,0.9700877811791633,0.005537430231588675,0.49040179862984956,reverted,CTCGACTCAGGCTATG,-2.0967,7.1831
CCGAATATCTAGTAAC-E15S,E15S,Tumor,1.6855286059221666,2.067419445219696,0.3077529191757784,0.7529901631854891,-0.07894509261631322,0.7803083392815623,reverted,CCGAATATCTAGTAAC,-4.7924,4.3556
ATGGCAAGTCCATATA-E15S,E15S,Tumor,1.351570669305432,2.569342444637822,-0.08650842991309482,0.9934630904741785,0.11801432261521981,0.6439003323053144,reverted,ATGGCAAGTCCATATA,-3.4634,5.4183
TGGCTCTCAACCAGTG-E15S,E15S,Tumor,2.0501627185662192,1.5081747629024889,0.20795121078024784,0.8913068271485547,0.06705657922699867,1.0257909063629047,memory,TGGCTCTCAACCAGTG,-2.9009,7.262
GCAACCACATCGCGTT-E15S,E15S,Tumor,1.7812336340474806,1.8867838972370363,0.6308181289246266,0.11021239787579304,0.2113423777036439,0.49090779708364457,persistent,GCAACCACATCGCGTT,-4.3945,4.744
CTAAGCCAGGTAGACG-E15S,E15S,Tumor,1.2040216380953945,1.7655856062631254,0.41362003881974707,0.5162316939274928,-0.4339615664725852,0.4714520625360898,partial,CTAAGCCAGGTAGACG,-4.117,5.8562
AACATTGCAACATTGA-E15S,E15S,Tumor,1.610154765074637,1.5852950674925845,0.5346294360948798,0.24326518021095553,-0.16789023659587637,0.47343998727558956,persistent,AACATTGCAACATTGA,-5.1119,4.8814
GGAACCTTCGACCCGA-E15S,E15S,Tumor,1.3218854997119514,2.2226791209765144,0.08423218092695334,0.9654716550209819,-0.7659505743027265,0.8907324403069001,reverted,GGAACCTTCGACCCGA,-3.3053,7.5482
CAGGTCCGTAACGACA-E15S,E15S,Tumor,1.780558282012724,1.5280141429269851,0.4448264835532594,0.4391868425689973,-0.09177052725510698,0.9219985248156946,partial,CAGGTCCGTAACGACA,-4.5592,4.4917
CACCCAAGTCAGCCGT-E15S,E15S,Tumor,1.457009990701919,1.7145425653010113,0.504481668463094,0.3023894790288889,0.06849924427623601,0.7868162434422996,partial,CACCCAAGTCAGCCGT,-3.6604,4.5027
TAACTCCTCCGTGATA-E15S,E15S,Tumor,1.0212194691873073,2.1836886961799746,0.43815404483858716,0.45554134788369177,-0.043773892311063364,0.48681491546296113,partial,TAACTCCTCCGTGATA,-3.6945,4.973
TCGCCAAGTCAAGTAG-E15S,E15S,Tumor,1.1738923971937902,2.026977069750078,0.32616463565979287,0.7174953591870608,-0.03957756246100162,0.6160120642982817,reverted,TCGCCAAGTCAAGTAG,-3.7947,4.1723
AACGTAGGTCAGCTAT-E15S,E15S,Tumor,1.7030468710870488,1.6451061230261188,0.27126672597501944,0.8140259758991373,-0.15589885263350434,1.1390329422038261,memory,AACGTAGGTCAGCTAT,-3.0919,7.2089
GGACGTAAGAACGATA-E15S,E15S,Tumor,1.7849477858244034,1.7306857319458513,0.23924185504776846,0.8574062838616344,-0.02651781694243425,0.6550537701307584,reverted,GGACGTAAGAACGATA,-3.1733,8.0192
TCCCATTAGTCATACG-E15S,E15S,Tumor,1.553655185017526,1.976284581735908,0.48876955075820894,0.33622577821155036,-1.2671089657187677,0.8953993597854111,partial,TCCCATTAGTCATACG,-3.0911,8.5391
ACCCGTAGTTCGCTCT-E15S,E15S,Tumor,1.7799609616911827,1.7668569102520846,0.28510835469696927,0.7923493461574019,0.013456581995289714,0.5002256892442551,reverted,ACCCGTAGTTCGCTCT,-3.5572,7.6404
CTGCATCCATGGTCCT-E15S,E15S,Tumor,1.6498108759010928,1.8305826379328463,0.24007280077607374,0.8563960277846779,0.07268816844498072,0.020714603503747785,reverted,CTGCATCCATGGTCCT,-4.3818,4.9972
TAAGGCTCAACTAGCG-E15S,E15S,Tumor,1.6104320342854026,2.174583745654423,0.06745605695395529,0.9706071893615532,0.04288932301889856,0.9203786449859892,reverted,TAAGGCTCAACTAGCG,-3.0418,8.1409
CTATAGGTCACTCGGG-E15S,E15S,Tumor,1.355188907497602,2.598011709478052,0.5500563271251115,0.2162222529966723,0.15880965061069685,0.7556222856688475,persistent,CTATAGGTCACTCGGG,-2.3524,8.2193
GTTAGCTGTAGGTATG-E15S,E15S,Tumor,1.344037035902323,2.357688012053009,0.2688699048512093,0.8175968162396845,-1.050250061624365,1.3540304109208632,memory,GTTAGCTGTAGGTATG,-4.2546,4.8689
TCTGGGACATGACCGA-E15S,E15S,Tumor,1.7874844884948273,1.7931261363860547,0.2186863046585915,0.8805575999735222,0.07674374077305424,0.9433462215008859,reverted,TCTGGGACATGACCGA,-3.0823,7.1888
GCCACCTTCAGCCAGT-E15S,E15S,Tumor,1.8534645911646053,1.4609525224573607,0.26117306598593143,0.8287031637638975,0.15077527845561603,0.8179418940172841,reverted,GCCACCTTCAGCCAGT,-3.719,7.7195
CCAGCTAGTTCCGTGA-E15S,E15S,Tumor,1.8386169101039824,1.4866128929814215,-0.023530912440248325,0.9878632853024488,-0.09537311673504306,0.042460047685231324,reverted,CCAGCTAGTTCCGTGA,-4.072,7.8359
CTCTGTTAGTATCTGG-E15S,E15S,Tumor,1.4551033828463433,1.3562409302279193,0.3300011879884721,0.7097215377410774,0.14678710218038069,-0.30554228265050687,reverted,CTCTGTTAGTATCTGG,-3.241,4.4745
TGTGCGCGTTAGCTTA-E15S,E15S,Tumor,1.622074041209698,1.6704269509496914,0.6864615906979815,0.0665906719331683,0.16372260370408837,0.7687095095602955,persistent,TGTGCGCGTTAGCTTA,-4.7314,4.1792
AGCAACCTCACCCTAT-E15S,E15S,Tumor,1.5454813492282526,1.8248334929933927,0.2728313157498061,0.8116660594997082,-0.03874190477365078,0.9629557520272964,reverted,AGCAACCTCACCCTAT,-4.5163,4.8912
GTTGGTTGTGAGGTTA-E15S,E15S,Tumor,1.2466604913476045,1.9375181592392265,1.1363212804676324,0.0008238924913620998,-0.20672234135591167,0.023104547234394177,persistent,GTTGGTTGTGAGGTTA,-2.8305,3.9646
AGTTTCCTCCGTGATA-E15S,E15S,Tumor,1.6185911803162312,1.814549966837932,0.26085211808667286,0.8291544187206824,-0.13027232560773983,0.90579936545715,reverted,AGTTTCCTCCGTGATA,-3.3471,8.4364
AGTGCTCAGCTTAGTG-E15S,E15S,Tumor,1.9100422329209497,1.5927715284679178,0.05939942265824692,0.9728024308555787,0.07638129439810945,0.9300887178569631,reverted,AGTGCTCAGCTTAGTG,-3.34,7.275
TGGCTGACAAGCGTAT-E15S,E15S,Tumor,1.1695528144247131,1.9081036040346602,0.21847738379104736,0.8807752953693735,-0.02065835484971923,0.8037828083845414,reverted,TGGCTGACAAGCGTAT,-4.8832,5.2176
CCATCCGCACAGCGGT-E15S,E15S,Tumor,1.4637356245742421,2.249683531584973,0.2578721093754513,0.8332993335592935,-0.045104192069580454,-0.28652513903633686,reverted,CCATCCGCACAGCGGT,-3.5333,5.2144
GTCGCAACAACTAGAC-E15S,E15S,Tumor,1.797716476579946,1.7070210138120308,0.574956641223896,0.17730622416946734,0.059267756429701314,0.02876991538278599,persistent,GTCGCAACAACTAGAC,-4.258,4.3075
TGCTTAGAGTAGGTCC-E15S,E15S,Tumor,1.8753259235888282,1.31990201113214,0.5077153874600593,0.29566907213948546,-0.5887180536193153,0.7717500922842884,persistent,TGCTTAGAGTAGGTCC,-4.8594,4.8591
CCCGTTGCATTCCTGA-E15S,E15S,Tumor,1.613309964065759,2.36367910669806,0.4302837121417886,0.4749532261130509,-0.35202388963584536,-0.3028751460445162,partial,CCCGTTGCATTCCTGA,-4.0314,4.8158
GCGGATGGTGCGGTAG-E15S,E15S,Tumor,1.1243225255297724,2.600119579034447,0.10384784061578789,0.9583673539313383,-0.24429190292792524,1.242459185591698,memory,GCGGATGGTGCGGTAG,-1.484,7.546
AATGGGGTCAGGAGAT-E15S,E15S,Tumor,1.3210189141930484,2.2075473173605737,0.06993995454243052,0.9698963810367427,-0.15042048134141106,0.2679112849269323,reverted,AATGGGGTCAGGAGAT,-4.3075,4.937
GGCTTCTCACCTTGGT-E15S,E15S,Tumor,1.0220934322070536,0.7793956725303123,0.7273515701137417,0.04540329794222572,-0.08033809357905891,0.6496899227946926,persistent,GGCTTCTCACCTTGGT,-1.7635,8.6153
AGCGAATAGGTTAGGG-E15S,E15S,Tumor,0.9300825023535721,0.761870965990588,0.8970130683233438,0.008767468611909506,-0.2005690816487689,1.0275171697796985,persistent,AGCGAATAGGTTAGGG,-3.1567,3.6069
CTATGCTTCACTAGAT-E15S,E15S,Tumor,1.6236173727480996,0.858198760074982,0.6705205952517238,0.07711377281242286,0.10932065365036665,0.9248894308344285,persistent,CTATGCTTCACTAGAT,-2.8071,8.8096
GGATGGGCATTACCGC-E15S,E15S,Tumor,1.0422665491340986,2.8285861330744817,0.5622394368796939,0.19645269070823865,0.2165172725459536,0.3228640517369575,persistent,GGATGGGCATTACCGC,-1.5661,7.5238
AGCTATGTCAGCTACA-E15S,E15S,Tumor,1.2606247613423598,1.5456610170371268,0.4649447841437548,0.3908034572228999,-0.008857445317070826,0.5055502499381891,partial,AGCTATGTCAGCTACA,-3.4725,6.8418
CAATGCATCACGGACT-E15S,E15S,Tumor,1.276847504763729,2.6893615739388568,0.5970994384615744,0.1475117030618201,0.25820199062317667,0.7766060672624608,persistent,CAATGCATCACGGACT,-2.2002,7.666
TCGTTAAGTTTACGAC-E15S,E15S,Tumor,1.2140562054118826,1.7989959443823806,0.4026158708277142,0.5434045057807447,0.11605288311446545,1.2649571199470646,partial,TCGTTAAGTTTACGAC,-3.7091,7.3462
CGCACAACAACCAGCA-E15S,E15S,Tumor,1.5493042704432225,2.043347565313669,0.17662745273564096,0.9179440698705136,-0.04250172359188417,0.3022695873674833,reverted,CGCACAACAACCAGCA,-4.72,4.5258
CATTTCGCAATTACCT-E15S,E15S,Tumor,2.003625862767455,1.5671384821467005,0.6320838045011321,0.1089877595183094,0.03674267097511753,0.034183508809575984,persistent,CATTTCGCAATTACCT,-3.2117,7.4142
TAAGGCTCAAAGGGTA-E15S,E15S,Tumor,1.349223477287337,1.9378311853736765,0.6018299756319632,0.14171048585956497,0.0798510598685525,-0.30140405363065104,persistent,TAAGGCTCAAAGGGTA,-3.615,3.8598
TAATTCCCACCATTGC-E15S,E15S,Tumor,1.8271513780236093,1.5520647739917317,0.4156883602953736,0.5111087100259231,0.083651373461365,-0.29552363384935565,partial,TAATTCCCACCATTGC,-4.5405,5.217
AGTTATCAGTTGGGCT-E15S,E15S,Tumor,1.7274239407489382,1.135901066850688,0.4751056122602556,0.36709934190635235,0.2066629360098282,0.28953379050057554,partial,AGTTATCAGTTGGGCT,-2.6709,8.7562
AAGGTTGGTGGCGTAG-E15S,E15S,Tumor,1.3112324056125055,2.258816081785653,0.06650699090647529,0.9708744606985479,0.02469713832895462,1.2210308024084557,memory,AAGGTTGGTGGCGTAG,-2.61,7.228
TGAGCTTGTGCACGTC-E15S,E15S,Tumor,1.4280370995955423,1.2279257547288747,0.05851265283675702,0.9730340928167416,0.11919268449266175,1.074263022197236,memory,TGAGCTTGTGCACGTC,-4.2324,7.2776
ACAATAGAGTCAGGAG-E15S,E15S,Tumor,1.5943025027914441,1.6594085871440025,0.6343754093791428,0.10680083014670047,-0.3865028316072932,-0.29606871322551986,persistent,ACAATAGAGTCAGGAG,-4.3069,4.7827
TCGTGGACAAGTGCGC-E15S,E15S,Tumor,1.0855232722880865,1.9417800254053053,0.4074993197412082,0.5313679097677724,-0.17230471897240252,0.24092669726587593,partial,TCGTGGACAAGTGCGC,-3.1776,8.4236
TAAGGCGAGGTGGAAT-E15S,E15S,Tumor,2.020966989080464,1.958128164583205,0.43282903544538176,0.46866413577558436,0.34727469009378864,0.792138179565874,partial,TAAGGCGAGGTGGAAT,-3.5087,4.411
CTTCGTTAGCCGACTG-E15S,E15S,Tumor,1.3644198154355753,1.8069618372185081,0.22421529403595813,0.8746705100460449,-0.4622969331344454,0.8656184451399149,reverted,CTTCGTTAGCCGACTG,-4.2656,5.8437
CTATTCGCAAACTATG-E15S,E15S,Tumor,1.4884918577883508,1.4482317361989194,0.744821531333514,0.0384599348738215,0.02172164664270646,1.1167310397817074,persistent,CTATTCGCAAACTATG,-3.2147,7.832
TCTATGCTCATCACGA-E15S,E15S,Tumor,1.6837755843192042,1.7118891122107183,0.48866552741935404,0.33645600137441906,0.05709719194437944,0.5048828969519559,partial,TCTATGCTCATCACGA,-4.4469,4.1112
CTAAGGTCATTAGTAG-E15S,E15S,Tumor,1.2318424102284644,1.5324094103867116,0.598798971374709,0.14540523048663906,0.07404116337511205,0.7780044841085745,persistent,CTAAGGTCATTAGTAG,-3.4589,7.8925
CGAAACCTCTAATGCG-E15S,E15S,Tumor,1.2533894300645358,1.9625340216259635,0.9100823996352256,0.007710103531778048,0.1674436154867768,0.8227946929103703,persistent,CGAAACCTCTAATGCG,-3.468,7.762
GTAATGAAGCCAGATC-E15S,E15S,Tumor,1.6458334455682155,1.6237890366050283,0.5069750039608871,0.2972000991975755,-0.38347011790759716,0.02221606610164146,persistent,GTAATGAAGCCAGATC,-3.7159,7.2267
CGACTGGTCCTGAGCG-E15S,E15S,Tumor,1.747937866446954,1.578950732627214,0.33741370409672916,0.6943502726944558,0.17335710202586477,0.48645603412856164,partial,CGACTGGTCCTGAGCG,-3.5689,7.9402
AGGCGAATCACAGATT-E15S,E15S,Tumor,1.8087052783732571,1.5483627399371682,0.4975314594795226,0.3171211354452388,0.12117648020032169,0.7834573317145738,partial,AGGCGAATCACAGATT,-3.7932,4.5282
CAAAGGCGTTTCGCTC-E15S,E15S,Tumor,1.6617983925493824,1.682372809029449,0.6150081288331685,0.1265496071037494,0.26484672836741446,0.3027035962912654,persistent,CAAAGGCGTTTCGCTC,-4.719,4.6403
TCAACATAGTCGATTG-E15S,E15S,Tumor,1.2345170266008691,2.0453669134842483,0.13170610530467664,0.9458400282778073,-0.3319247014080414,0.4871237349023434,reverted,TCAACATAGTCGATTG,-4.8493,5.4026
CATTGTGAGTGAAGCG-E15S,E15S,Tumor,1.1093416616522074,1.724363061761846,0.4641748691547484,0.39262237123983806,-0.5980274259869504,0.6440051164189708,partial,CATTGTGAGTGAAGCG,-4.9914,5.5427
TCAAAGCCATGGTTGG-E15S,E15S,Tumor,0.6933557737687117,1.016295072063901,0.84623554872775,0.014422461255197626,-0.0037677756544149356,0.507854862442982,persistent,TCAAAGCCATGGTTGG,-2.0133,8.5336
ATGATCCGTAGCTGCC-E15S,E15S,Tumor,1.3047811547596397,1.6365625083993225,0.7200092536412303,0.0486650541899713,0.21613818757284317,0.9320205373865353,persistent,ATGATCCGTAGCTGCC,-4.5504,4.4284
CTCGATCCAATTGAGC-E15S,E15S,Tumor,1.1863303448932399,2.2748382675541987,0.2590705009309214,0.8316422331036671,0.13271505300203196,0.9159533542506849,reverted,CTCGATCCAATTGAGC,-2.1643,7.494
GGCTTATGTAACTCGT-E15S,E15S,Tumor,1.2727862183547682,1.7303705348838274,0.46013453053913295,0.4022154708073422,-0.19043435165289052,-0.7979860091993929,partial,GGCTTATGTAACTCGT,-4.9585,4.8944
TGGTTCCCATGATTGA-E15S,E15S,Tumor,1.009790492482759,0.9921225512310113,0.6976425283395264,0.06002238307697864,-0.39616598644540657,1.4799349639182808,persistent,TGGTTCCCATGATTGA,-2.7415,8.8011
TACACCTTCTGGCTAA-E15S,E15S,Tumor,1.2974198976416522,1.9158506508192292,0.5266894819333839,0.2580485672778077,0.10346852397602134,0.049257523406696604,persistent,TACACCTTCTGGCTAA,-2.4077,8.3735
AATTGTCAGCAATCCA-E15S,E15S,Tumor,1.7021063805492607,1.612496850522706,0.647907356775069,0.09466048378233892,0.12358711582532336,0.8191272622795239,persistent,AATTGTCAGCAATCCA,-3.7036,7.4317
CGTGCTAGTTGGAGTA-E15S,E15S,Tumor,1.4405159356852668,1.8227224717411044,0.6588169095527617,0.08578812143015709,-0.559432875534795,0.628475540414495,persistent,CGTGCTAGTTGGAGTA,-2.85,7.2378
AAGCAATGTGGCTTCA-E15S,E15S,Tumor,1.7046709058025253,1.4500858515762773,0.6408780887741685,0.10080444582124792,-0.3520683086394495,0.038294508088334005,persistent,AAGCAATGTGGCTTCA,-4.3191,4.3191
ACCCTAGGTGCATCCA-E15S,E15S,Tumor,1.8120385181707612,1.9438585249528626,0.805945908069871,0.02135321468692412,-0.037691124875670855,0.3199985629368723,persistent,ACCCTAGGTGCATCCA,-2.1678,7.3382
ACATTGGTCGCGCCAA-E15S,E15S,Tumor,1.821540520487366,1.570084116510362,0.4123495804212364,0.5193768449601769,0.1525327734345262,0.8027440546083568,partial,ACATTGGTCGCGCCAA,-4.5178,5.1419
TCAGGTCAGTCGAGTC-E15S,E15S,Tumor,1.4807214537207236,2.205713459213343,0.16751158099051042,0.9244999310203204,0.04829071943738511,0.8163592221185141,reverted,TCAGGTCAGTCGAGTC,-2.7015,7.2778
GCTAAACCATAGGTCG-E15S,E15S,Tumor,1.7240447365692573,1.1210219287151328,0.4109126039500217,0.5229323656953804,-0.04232165678817239,0.8331410703206543,partial,GCTAAACCATAGGTCG,-2.9175,8.6831
CGCAGGTCACTACCAC-E15S,E15S,Tumor,1.566616488924865,2.821861384323655,0.14961908943452026,0.9359875023141424,0.08327957791600543,0.035284175339947974,reverted,CGCAGGTCACTACCAC,-2.4953,7.4709
ACCTTCACAATCGAGT-E15S,E15S,Tumor,1.7109855436754169,1.445596552734854,0.4737948238797342,0.37012409481629616,0.12417475049078164,0.6435561664246444,partial,ACCTTCACAATCGAGT,-5.0354,5.3259
GTTACCTTCTTGAACG-E15S,E15S,Tumor,1.537448893472021,1.947808808493024,0.6172895932033213,0.1240702762220659,0.18093733700478543,0.6665347638915816,persistent,GTTACCTTCTTGAACG,-2.6154,7.3882
TCTGCCATCGAATCTG-E15S,E15S,Tumor,1.7925262062408536,1.1824168295290358,0.3977116164234013,0.5554415631546292,-0.017874569884112373,0.6680577558872828,partial,TCTGCCATCGAATCTG,-3.9195,3.834
AGGTATGGTTCATCCC-E15S,E15S,Tumor,0.845957485578765,1.6188773050670877,0.8288631398818829,0.01708715815201158,0.13603325619400577,0.8496741332634523,persistent,AGGTATGGTTCATCCC,-3.0027,4.0759
GTTAACTAGGATAGCG-E15S,E15S,Tumor,1.2865994663468387,2.31608078549837,0.43525470498614954,0.4626799109897736,0.06584182841530131,0.479431994218374,partial,GTTAACTAGGATAGCG,-3.49,7.1873
CGTTGAATCCCGCGTT-E15S,E15S,Tumor,1.8049376159788553,1.7453989674318404,0.07530408179953829,0.9683040868543897,-0.059759428975288735,0.662681704301818,reverted,CGTTGAATCCCGCGTT,-4.1984,7.5941
CTCGATCCATCGGTTC-E15S,E15S,Tumor,1.7500064418639136,1.3266207346410235,0.8181708803498032,0.018961905317528175,0.4620447317360801,0.032985771938468106,reverting,CTCGATCCATCGGTTC,-3.8468,4.4641
ATGCCCAGTCTAGCTG-E15S,E15S,Tumor,0.663709616418601,0.6817596081360017,1.1640550268065433,0.0006259418952384719,0.32239463927481987,0.5682585326375237,persistent,ATGCCCAGTCTAGCTG,-1.6747,8.1526
CCAGGTTAGGAACTAA-E15S,E15S,Tumor,1.6296397177759603,1.9128632339541436,0.2781646244052184,0.8034491120388108,0.08159453116264094,0.6553205120623523,reverted,CCAGGTTAGGAACTAA,-3.8527,4.8835
CTCCTTGAGTGATCTG-E15S,E15S,Tumor,1.804159460115642,1.3594747560117157,0.5077635300654172,0.2955696774016486,0.03449001737876533,1.1102866195337968,persistent,CTCCTTGAGTGATCTG,-3.349,8.5762
CATCTCACAGTACCTC-E15S,E15S,Tumor,1.1395944466325856,2.3863990374632036,0.7654658451105232,0.03156574966408579,0.15511905101226237,0.11281548464251738,persistent,CATCTCACAGTACCTC,-1.6888,7.903
GGACAGGCATAAGCTA-E15S,E15S,Tumor,1.5377288561891698,1.1299677403884791,0.5317315875876449,0.24859335217056308,-0.28554806136100436,0.9630334944532959,persistent,GGACAGGCATAAGCTA,-3.2383,8.4876
AATGGATGTCTCACCT-E15S,E15S,Tumor,1.7984263029921055,1.9185102797668199,0.21698054307110887,0.8823249866604027,-0.35620073830720544,-0.26883233695978215,reverted,AATGGATGTCTCACCT,-4.5246,5.2763
AAATTCGCATAGGGCC-E15S,E15S,Tumor,1.912184727001635,1.4016362711687405,0.5674344468562263,0.18844850763701496,0.01584412950478193,1.5633182676134456,persistent,AAATTCGCATAGGGCC,-2.6927,8.1432
GTAAGGTAGTATGATC-E15S,E15S,Tumor,1.8967911099636703,1.381221727775807,0.27953496454542137,0.8012946301838441,0.08510588598791498,-0.29644837798260626,reverted,GTAAGGTAGTATGATC,-3.5219,8.3542
CAAGGCAAGGATGCCT-E15S,E15S,Tumor,1.4588565393560822,1.5594174567203476,0.2657618685542563,0.8221476118441221,0.022000344909298863,1.241314574719468,memory,CAAGGCAAGGATGCCT,-2.7245,8.1624
GCACTAATCTTGAGGC-E15S,E15S,Tumor,1.6756326387769265,1.692602805344077,0.6607622168660814,0.08428744692631263,-0.10518724400384329,0.29957899640010544,persistent,GCACTAATCTTGAGGC,-4.2553,4.5278
CCCTTAACACATGACG-E15S,E15S,Tumor,0.7790145347146047,0.7796263280989365,0.8801288776240171,0.01034867726241816,0.12295994926214848,0.05841898426275096,persistent,CCCTTAACACATGACG,-3.0762,3.827
CTCCTTGAGGTTAGTT-E15S,E15S,Tumor,1.5740483533980631,1.5081235921127214,0.15108042619523657,0.9351138810806601,-0.05545917028538189,1.2431555849116878,memory,CTCCTTGAGGTTAGTT,-3.499,6.7335
TCTACTATCGTCTCCA-E15S,E15S,Tumor,1.8819848871529437,1.6880132375267929,0.458144326620875,0.40696903346560515,-0.47976295802155655,-0.28668791281229267,partial,TCTACTATCGTCTCCA,-2.8432,8.3152
AGTCTTAGTAACGCAA-E15S,E15S,Tumor,1.7565483695545483,1.3955139948548823,0.3519459099291921,0.6629458474003549,0.07896651217914732,0.3101947603674589,partial,AGTCTTAGTAACGCAA,-3.0459,8.1008
CGAATCTGTCAGGGCA-E15S,E15S,Tumor,1.2648490153666603,1.1697609595112743,0.4825463171768228,0.350132760344296,-0.1878286830852166,0.7506074007589725,partial,CGAATCTGTCAGGGCA,-1.0146,7.6049
CTGTCGCTCCTCATCG-E15S,E15S,Tumor,1.719720100786133,1.6094302803016325,0.38098610676367134,0.5959253151095937,0.022845897816680102,0.673315544878898,partial,CTGTCGCTCCTCATCG,-2.6147,6.793
CACACCCTCTATCAGG-E15S,E15S,Tumor,1.6758372144938765,1.6240919646475904,0.639787959296528,0.10178840961482831,0.20188018888441925,0.7023164948824054,persistent,CACACCCTCTATCAGG,-2.7455,8.224
GGGTGAATCTGTGGAC-E15S,E15S,Tumor,1.561347130934728,1.410729136624848,0.3775524892325197,0.6040956738605291,0.0489510684344463,0.6689998213057285,partial,GGGTGAATCTGTGGAC,-4.6183,4.6648
GTCTCCATCTGGATAT-E15S,E15S,Tumor,1.4691495707129762,1.0395030136159218,0.7524214191510173,0.03576820964988319,-0.06134838212749964,0.5017566931505164,persistent,GTCTCCATCTGGATAT,-2.5177,8.645
AAACCCGCAGCTAGAT-E15S,E15S,Tumor,1.9533002034723672,1.787375673894748,0.28225909589320536,0.7969590673844658,0.14380698779980716,0.9498874668508753,reverted,AAACCCGCAGCTAGAT,-4.9777,5.148
AACACATTCGTTCACT-E15S,E15S,Tumor,1.2512411086229427,2.1368461255764286,0.15504435943388006,0.9326879950078736,0.17605386637548462,0.5151187147065803,reverted,AACACATTCGTTCACT,-4.7959,5.2071
CCGTCTATCGTGCCAG-E15S,E15S,Tumor,1.7484271064661865,1.309251754164974,0.7433898966035827,0.038988317987405346,0.18565309848789702,-0.7979860091993929,persistent,CCGTCTATCGTGCCAG,-3.6569,4.5867
TGCAATTAGTAAGGGT-E15S,E15S,Tumor,1.8790991774144683,1.4275264083581376,0.2717998492903795,0.8132244229468957,-0.12769398255467157,0.6798214164570004,reverted,TGCAATTAGTAAGGGT,-3.0766,7.5383
ATGGCGAAGCGGAGAC-E15S,E15S,Tumor,1.143107906498586,1.8666336187815114,0.504890486467042,0.3015350915076409,0.1834856001803115,0.6894783702340064,partial,ATGGCGAAGCGGAGAC,-3.8449,4.2727
TGTGCGCGTAGCGGCA-E15S,E15S,Tumor,1.3067398369649508,1.4461787041650236,0.3336125586181694,0.7022897166770696,0.037117920623686795,1.1471378607126257,memory,TGTGCGCGTAGCGGCA,-4.1582,7.2299
CAAGGGGCAGGCATTG-E15S,E15S,Tumor,1.2829558330043127,1.1602445771428518,0.4782325463394258,0.3599261746779189,-0.41403770086332564,1.0949724063672535,partial,CAAGGGGCAGGCATTG,-2.6536,8.346
ACTCCAAAGTCGAACC-E15S,E15S,Tumor,1.4778958661262054,1.5215675116912306,0.5557936480615185,0.20673750138793276,-0.014081395347926053,-0.28666350349139985,persistent,ACTCCAAAGTCGAACC,-3.6203,4.886
ATCAGGGAGCTGGGTT-E15S,E15S,Tumor,1.8328073505777838,1.5421025065981941,0.09441243095939085,0.9619440484112404,-0.08431963808549822,0.05187968483881965,reverted,ATCAGGGAGCTGGGTT,-4.7806,4.9107
ATGTCAACACAAGGTT-E15S,E15S,Tumor,2.0471143088017123,1.420083749842953,0.616969119178277,0.12441601020989619,-0.024850235448256534,0.8475287756079505,persistent,ATGTCAACACAAGGTT,-4.386,4.5194
ACCCCTTGTTTGAGTC-E15S,E15S,Tumor,1.7594247543699277,1.9100340644536373,0.4419746600069503,0.4461627727210358,-0.3751245461032047,0.6681744640154175,partial,ACCCCTTGTTTGAGTC,-4.4934,4.7123
CGCCCATTCGAATCAT-E15S,E15S,Tumor,1.074565003078304,1.8569492564197245,0.204173386501192,0.8948828094221248,-0.08240953684754934,0.08249877088232709,reverted,CGCCCATTCGAATCAT,-2.9318,6.4625
CTGCCTGCAGCCAAGC-E15S,E15S,Tumor,1.2532663057220752,1.5740223042274055,0.4731986789855674,0.37150314461663286,0.24439806098165182,0.5337459125913495,partial,CTGCCTGCAGCCAAGC,-3.6025,3.9327
ACAACAGGTGCGGTAG-E15S,E15S,Tumor,1.6884394693039773,2.1049814964299993,0.2326655925632264,0.8651939011519886,0.08123959613146883,0.8413782986822337,reverted,ACAACAGGTGCGGTAG,-3.467,8.3942
ACAGTTACACAAGCCA-E15S,E15S,Tumor,1.3998756417398885,1.5029682377001334,0.3451252070276645,0.6778867602243832,-0.04494575733914392,0.6964058987283271,partial,ACAGTTACACAAGCCA,-2.6786,8.4668
CTCAAAGTCACCATTC-E15S,E15S,Tumor,1.1440620218198498,2.316450473872059,-0.013573108368517592,0.9866207058253611,-0.49938619701233505,0.32130609604092997,reverted,CTCAAAGTCACCATTC,-4.3636,4.41
GTGTCAATCCGCATCC-E15S,E15S,Tumor,1.62054378878437,1.9044996388346194,0.5352904843374289,0.24206064749483486,0.15152131707180094,0.5078846598434603,persistent,GTGTCAATCCGCATCC,-4.7851,4.5227
CCCTTGATCCTTGAGA-E15S,E15S,Tumor,1.8272828450281562,1.4525651177261656,0.40904573461025207,0.5275480511508422,0.11513673808068442,-0.7979860091993929,partial,CCCTTGATCCTTGAGA,-5.1636,5.2328
GGTATCTGTGCAGGCA-E15S,E15S,Tumor,1.7818866738421715,1.4426391388043867,0.3078214929410438,0.7528636808864038,-0.0829393812218025,0.6899212121053876,reverted,GGTATCTGTGCAGGCA,-4.8234,5.0595
GGACATTCAATATACG-E15S,E15S,Tumor,1.2900983767299201,1.5528623434418034,0.2554994263646183,0.8365416823822192,-0.01332123298351108,0.06426505320498699,reverted,GGACATTCAATATACG,-4.3444,4.1986
ATCTAACAGGATCCGT-E15S,E15S,Tumor,1.8902519925993182,1.66047967500724,0.2648153386607219,0.823515728535249,0.01439683806950028,0.5296861270543745,reverted,ATCTAACAGGATCCGT,-4.7018,5.011
TGGTGAGAGGCATCGT-E15S,E15S,Tumor,1.7206282928238723,1.6534923226061196,-0.05282553159425306,0.9908948285644873,-0.03472361302732528,0.03897161401543961,reverted,TGGTGAGAGGCATCGT,-2.9998,4.5999
TAACAGCCATGGTTCC-E15S,E15S,Tumor,1.6966422447421075,2.010585556771067,0.3142302683181579,0.7408518888769526,0.0826375323356735,0.8345293131558758,reverted,TAACAGCCATGGTTCC,-3.279,8.5215
TGCATTTCATGATCCC-E15S,E15S,Tumor,0.4659914964539563,0.5906256384894631,1.0016040798116288,0.0031258359484205938,0.32898558562409946,1.066367650354793,persistent,TGCATTTCATGATCCC,-1.3147,7.9669
TCACAATAGGAGGTGC-E15S,E15S,Tumor,1.5545364807938036,2.0035170891968423,0.2449442860131108,0.8503530466106993,-0.017825807929200563,1.6237901790969238,memory,TCACAATAGGAGGTGC,-3.5087,8.402
TCATGCAAGCATTACG-E15S,E15S,Tumor,1.583818826283104,1.6776611264800414,0.603072279175325,0.14021893130672186,0.07183374732881839,0.3344463238178229,persistent,TCATGCAAGCATTACG,-3.7346,7.5633
GTGGATTCACCATGCT-E15S,E15S,Tumor,1.5172382524995938,1.6805211831601814,0.621300063791841,0.11981306196778499,-0.6775567786361266,0.06562061063586004,persistent,GTGGATTCACCATGCT,-2.8782,7.3429
AAGCCGCCAATCAATG-E15S,E15S,Tumor,1.6964746279911862,1.2883396586213922,0.4094781038294117,0.5264794427764183,1.3011227896066874e-05,1.1838957538948551,partial,AAGCCGCCAATCAATG,-2.9765,8.2237
GCGGCTTGTGGCCAAG-E15S,E15S,Tumor,1.2991487138263609,1.9864170298020416,0.37907728708452576,0.6004742656373517,-0.9552184402792652,0.7114571968400426,partial,GCGGCTTGTGGCCAAG,-2.4889,6.7153
ACGGGTAAGCTTACAG-E15S,E15S,Tumor,1.8804914552261918,1.3183310889896842,0.5626207156868632,0.19585660732667598,0.1136151828755908,0.8605905647928844,persistent,ACGGGTAAGCTTACAG,-2.4056,8.3937
CTGCACCTCGACCCGA-E15S,E15S,Tumor,1.9210967157902148,1.4640680500339072,0.525802899372816,0.2597351649379336,0.2513132363993112,0.0775112727240696,persistent,CTGCACCTCGACCCGA,-4.5984,4.3659
GGTATAGGTGATCAGA-E15S,E15S,Tumor,0.5524375849661126,0.7892058714540023,0.7551283448441505,0.034854001614082676,0.3724434281003364,0.7126330277360766,persistent,GGTATAGGTGATCAGA,-1.7677,8.6998
CAACTAACATGCTCCG-E15S,E15S,Tumor,1.8138460103978276,1.512406205820705,0.37548227467612,0.6089941687927627,-0.4629738698083862,1.2064218855136448,partial,CAACTAACATGCTCCG,-3.8461,7.5946
GCTGGATTCGTTAGGC-E15S,E15S,Tumor,1.8625739375845798,1.388030656973479,0.36612866868909194,0.630841229931197,0.12116548871534774,1.1729445950851756,partial,GCTGGATTCGTTAGGC,-3.4426,7.5157
ACTCCTTAGCCTATCT-E15S,E15S,Tumor,1.49895566419298,1.8226276573143811,0.20884642688002264,0.8904439299059512,0.06607085231842558,0.5241736892466972,reverted,ACTCCTTAGCCTATCT,-4.1414,7.6465
AACTCGATCCCGTTCA-E15S,E15S,Tumor,1.925997315839072,1.7785295155678724,0.5935610018966148,0.15197832247492607,0.26833143463335657,1.0199126643314496,persistent,AACTCGATCCCGTTCA,-2.7339,7.3324
ATTGATGCAAGGTCAT-E15S,E15S,Tumor,0.9522208044073449,2.488413205214149,0.1861827019431538,0.9105195255243294,0.11483106809261795,-0.25782915447129306,reverted,ATTGATGCAAGGTCAT,-4.1558,5.1993
ATCCCAGGTCAGGAGT-E15S,E15S,Tumor,1.0908310123811817,2.455887467553686,0.7178265510853068,0.0496768304178522,-0.1390843447228482,0.32823695920848794,persistent,ATCCCAGGTCAGGAGT,-2.8024,7.2277
GGGAACATCGTTCATC-E15S,E15S,Tumor,1.581779221240485,1.0585615444580958,0.25482310476099845,0.8374565552798616,-1.1176630518853514,0.7099758931876807,reverted,GGGAACATCGTTCATC,-3.0591,7.3797
GCCTGTGAGTAGGAAC-E15S,E15S,Tumor,1.341249228074266,1.2384944308218768,0.20516443517186084,0.893954883443435,-0.010716160507990603,0.7071559394274128,reverted,GCCTGTGAGTAGGAAC,-3.4132,4.0943
GTAGTGAGTTCGCTAG-E15S,E15S,Tumor,1.4811939504824692,2.4250495107701746,0.5438793679846731,0.22678161745040704,0.14363549971946116,0.08267486744416476,persistent,GTAGTGAGTTCGCTAG,-2.6784,8.0861
ACAATGGGTTGCTGGC-E15S,E15S,Tumor,1.7099962462636427,1.8710583623498342,0.38094595837462236,0.596021166523361,-0.19697753774278431,0.5230866273727525,partial,ACAATGGGTTGCTGGC,-5.0393,4.7247
ATATGTCAGATACTGT-E15S,E15S,Tumor,1.5450387059648625,1.5358986721790548,0.3670095293736935,0.6288049953892916,0.10323745674677356,0.8300487155971115,partial,ATATGTCAGATACTGT,-2.9757,8.6178
GCATCAATCTTGAGCA-E15S,E15S,Tumor,1.0654851339870064,0.8444303607288162,0.03449320107955772,0.9786265172876786,-0.06334004941106884,1.0995831815617287,memory,GCATCAATCTTGAGCA,-2.975,4.1909
TGCTCGCTCGTAATCG-E15S,E15S,Tumor,1.5298954825973425,2.2382766074636873,0.21948202615817436,0.8797253102336621,0.10750619946329255,0.8814255861109999,reverted,TGCTCGCTCGTAATCG,-2.2603,7.2713
CTTAGTAGTATGTGTC-E15S,E15S,Tumor,1.5721074117738305,1.3204567251271342,0.1389556276751522,0.9420376838276033,-0.10445758254271276,0.6716232484838369,reverted,CTTAGTAGTATGTGTC,-3.7774,7.4128
GTTGCAATCGCGTTAA-E15S,E15S,Tumor,1.4561187835233387,1.5782069478883096,0.22984633794730194,0.8684209972472606,-0.006302646952698304,0.33663203767934957,reverted,GTTGCAATCGCGTTAA,-3.8644,7.9871
TGCACCCTCGATGGGA-E15S,E15S,Tumor,1.8378126559336925,1.8570374782152395,0.36507768011408614,0.6332646522852422,0.21989908881726491,0.09244467212258514,partial,TGCACCCTCGATGGGA,-2.458,7.4738
CCCATGGAGCGGTACT-E15S,E15S,Tumor,1.30242047760851,1.7276083251728638,0.0078738300131809,0.9835028126165923,-0.20830898698620573,0.5294309106716714,reverted,CCCATGGAGCGGTACT,-4.6325,5.0946
CACTTAGAGCTACTGA-E15S,E15S,Tumor,1.4547315120008302,2.814801674681244,0.8192166234646052,0.01876998464216391,0.119384976074775,0.028907514626109482,persistent,CACTTAGAGCTACTGA,-3.0305,4.0545
TGGAGCGGTTGTGAGA-E15S,E15S,Tumor,1.7700577657023275,1.1933309257615579,0.6287729378095355,0.11221675718844178,-0.05705219081230469,0.05870958958634452,persistent,TGGAGCGGTTGTGAGA,-3.9245,4.0444
GCTTTGGGTAACGATG-E15S,E15S,Tumor,1.6912460844019974,1.288458257414607,0.271356641745131,0.8138909734946433,-0.06635662177140755,1.206048273926721,memory,GCTTTGGGTAACGATG,-3.7847,7.6991
CGATCAATCTAGTGCA-E15S,E15S,Tumor,0.9947425391739632,2.119428222044179,0.6139400457061739,0.12772481450021886,-0.5698517154199683,0.29454110973382724,persistent,CGATCAATCTAGTGCA,-4.2854,5.7546
CCATTAAGTTAGTGTC-E15S,E15S,Tumor,1.6214374547733108,1.5585846160996195,0.1862398877757695,0.9104733192886448,-0.15995191974929696,0.5055650888174082,reverted,CCATTAAGTTAGTGTC,-5.0422,5.1794
CTATGGATCCCGCTGT-E15S,E15S,Tumor,1.677675878601861,1.714431441136207,0.36934785980624646,0.6233775325693924,-0.26989951071320406,0.07979130243842428,partial,CTATGGATCCCGCTGT,-4.5277,5.2898
ATGTGTTAGCGAATGG-E15S,E15S,Tumor,1.297781171707649,2.124671046087112,0.3591222912616638,0.6468669537940009,0.0227288145253223,0.08666962864661445,partial,ATGTGTTAGCGAATGG,-2.3911,8.1849
GTCGGCTGTTAATCGC-E15S,E15S,Tumor,1.1727704820654254,2.1291900575988345,0.6071323658761159,0.13543570811318822,-0.2328785973354924,0.5025753965940815,persistent,GTCGGCTGTTAATCGC,-4.3446,4.1749
TCCCATTAGCTTACCT-E15S,E15S,Tumor,1.8435813329991377,1.4094343185529388,0.6274327664176635,0.11354738226520114,-0.23880557843888106,-0.2791603748024779,persistent,TCCCATTAGCTTACCT,-4.3038,5.4284
ACTTGCTTCACTTCAC-E15S,E15S,Tumor,0.9893804833190379,2.781905832435471,0.5967689754182447,0.14792421146317028,0.2193649645657427,0.32971606287250627,persistent,ACTTGCTTCACTTCAC,-1.6831,7.4734
ACAATAGAGCATGTGC-E15S,E15S,Tumor,1.0964426830076424,1.9723030715966248,0.505422110788058,0.3004261064049308,0.06110737813416473,0.3559024051713866,partial,ACAATAGAGCATGTGC,-3.0053,7.4249
AGTATGGGTTCCAGGC-E15S,E15S,Tumor,1.570139332372278,1.7050975113150846,0.11977138212234503,0.9515916802580936,0.02596717873869207,0.32818701590451643,reverted,AGTATGGGTTCCAGGC,-3.0405,7.1094
GTTCCCGCATTGGAAC-E15S,E15S,Tumor,1.433227040203051,1.5831879023223123,0.3632022651970033,0.6375723136059396,0.04820642542982271,0.09055563962362809,partial,GTTCCCGCATTGGAAC,-2.8641,6.745
TCATGGGCACATGACG-E15S,E15S,Tumor,1.662441917965051,2.407075011351312,0.04006709259351375,0.9774394559983515,0.10039230139828616,0.5452545159197677,reverted,TCATGGGCACATGACG,-1.78,6.8049
ACCACAATCGATGCAC-E15S,E15S,Tumor,1.8335394406420942,1.5482879003863024,0.369896733009149,0.6220989948865058,0.01567106076830807,0.9843766933236294,partial,ACCACAATCGATGCAC,-3.7084,8.0888
GCGAATTCAAACCGGC-E15S,E15S,Tumor,1.599070464007464,1.6991019130578364,0.2696839752826682,0.8163900046504152,-0.05218326671564609,1.065381547891969,memory,GCGAATTCAAACCGGC,-2.956,7.951
AGCTAATTCCGCACTC-E15S,E15S,Tumor,1.8066236948402954,1.253555385136421,0.7291164193537141,0.044650884726342016,0.02809302797358543,0.5279713682605187,persistent,AGCTAATTCCGCACTC,-4.3323,4.3695
TGCGTAATCTAGTCGA-E15S,E15S,Tumor,1.5502978997701617,0.8058606239064956,0.5023628901845336,0.30683936971553366,0.1683322243060575,0.3515022213539111,partial,TGCGTAATCTAGTCGA,-3.7212,3.7654
CATACTGAGGTATCTG-E15S,E15S,Tumor,1.7841277857689322,1.2779586197070842,0.5528291971056472,0.21159935819943218,-0.09504151598497543,0.33084075270424446,persistent,CATACTGAGGTATCTG,-4.0744,4.305
TGTGCATGTTCCTGAG-E15S,E15S,Tumor,1.1013783125147723,2.0787949125131138,0.6341022649077747,0.10705945562918989,0.32521377192773665,0.5242196662975503,persistent,TGTGCATGTTCCTGAG,-3.4882,3.7095
TCCAAGGCAGGTAGTT-E15S,E15S,Tumor,0.8683561389158738,1.1206911962049533,0.951740751631282,0.005114606937634134,-0.353825958585764,-0.2566339868246471,persistent,TCCAAGGCAGGTAGTT,-1.7743,8.0555
TGCACTAAGTTACCCT-E15S,E15S,Tumor,1.1166350390768158,1.9532726981819446,0.2941995978642869,0.7771276486948594,0.15159749749838564,0.328536721521479,reverted,TGCACTAAGTTACCCT,-4.9266,5.6487
CTCGCGAAGCTACAGC-E15S,E15S,Tumor,0.5068440864881073,0.7218873423672811,0.4217563725963204,0.4960695064240203,0.15974860562342322,1.0350995607395068,partial,CTCGCGAAGCTACAGC,-1.6053,8.5094
CTGTCATTCCGTGCAG-E15S,E15S,Tumor,1.4750670505673082,1.5078896589589752,0.49620131576243975,0.31998401685140193,-0.1659014455108872,-0.2694425330063247,partial,CTGTCATTCCGTGCAG,-4.5841,4.4451
GTCCAAATCTCACTAC-E15S,E15S,Tumor,1.3594530717798323,1.93353833143595,0.2764818574033868,0.8060705983631287,0.005182522711246126,0.5145456821788794,reverted,GTCCAAATCTCACTAC,-5.0201,5.1895
GGTACTATCGAGTCTA-E15S,E15S,Tumor,1.8512964194671901,1.2953889134294576,0.5873925134414989,0.16002963042281754,0.12004323826418431,0.9775465317493167,persistent,GGTACTATCGAGTCTA,-3.217,7.8132
TCACACAAGAATCGTT-E15S,E15S,Tumor,1.1216605214579871,1.1359487409175053,0.4358659365248869,0.4611736041675344,0.14392198076063553,0.7152174227293234,partial,TCACACAAGAATCGTT,-2.6418,8.7083
ACGGGCTCAGCTCGAA-E15S,E15S,Tumor,1.6529289672256413,0.9927614050774052,0.4316226075674706,0.47164391003289347,0.0633385599767784,1.4132105088716207,partial,ACGGGCTCAGCTCGAA,-2.86,8.7448
TATCGAACATAGGCAT-E15S,E15S,Tumor,1.4129878261311903,2.0588344773052394,0.19313277891468222,0.9047440637032959,-0.2025410945299188,0.556498905012298,reverted,TATCGAACATAGGCAT,-2.3975,7.1655
AACCGAAGTTGCACAT-E15S,E15S,Tumor,1.4424118925108782,2.205068456975273,0.364625915042311,0.6343042954170007,-0.13015697523780803,0.36219577384602997,partial,AACCGAAGTTGCACAT,-2.8257,6.9417
ATATCACAGTAGCTGC-E15S,E15S,Tumor,1.4996175075443032,1.3452864140773397,0.41236318500959657,0.5193431730833293,-0.2991538941137899,0.8558746112479348,partial,ATATCACAGTAGCTGC,-3.1582,8.4484
GGTTCAGCAACCAGCA-E15S,E15S,Tumor,1.5987188862837545,1.4834077434156614,0.5028534125246593,0.30580592175482896,0.02188954677262019,1.0935594536378581,partial,GGTTCAGCAACCAGCA,-3.8674,7.3428
CATCCCGCAACTACTT-E15S,E15S,Tumor,1.8823121152632845,1.8476310801736484,0.47562631543113437,0.3659006597552645,0.07452447752409455,-0.25858360645608375,partial,CATCCCGCAACTACTT,-3.8217,4.4653
GCTTGTCCAAGGTACT-E15S,E15S,Tumor,1.5647523786008137,1.9409194812986472,0.692456312095509,0.06299005190735914,0.34025273891071584,-0.2663550462812958,persistent,GCTTGTCCAAGGTACT,-2.4964,7.8046
TCCATTGCAAGCATGT-E15S,E15S,Tumor,0.9878084347290815,2.5981132411448273,0.957778844298079,0.004818824469629715,0.4859336333050232,-0.2535251123396731,reverting,TCCATTGCAAGCATGT,-2.8731,3.8055
GCTTGTCCAATTACAG-E15S,E15S,Tumor,1.8776538309161257,1.523913693902061,0.48335714641800265,0.3483056910128797,-0.8104504293388624,0.3356683095985236,partial,GCTTGTCCAATTACAG,-4.9904,4.6001
TCTCGATTCATCGAGC-E15S,E15S,Tumor,1.9057538725204772,1.5885582066411206,0.4144867217225766,0.5140853776270524,0.13208838389605856,0.8226137237694627,partial,TCTCGATTCATCGAGC,-3.3929,7.6396
GTGGCAAAGGAATGCG-E15S,E15S,Tumor,1.122645771081075,1.5261207632723,0.3526807602820763,0.6613158603830055,0.07180961237662227,1.3486897344146225,partial,GTGGCAAAGGAATGCG,-3.9995,6.9602
GGCTGACCATGATAGC-E15S,E15S,Tumor,1.9139386332675967,1.5182982710132278,0.7221814474019171,0.047677581914397055,-0.2807866055366689,-0.25429191638168547,persistent,GGCTGACCATGATAGC,-3.0336,7.9234
AAGTAACGTCAGTAGA-E15S,E15S,Tumor,1.436336186163724,2.2512153087121916,0.4400225458586783,0.4509503236536645,-0.1707221322542069,0.9664365781862165,partial,AAGTAACGTCAGTAGA,-4.7224,4.286
TCGTACTTCGATTGCA-E15S,E15S,Tumor,1.616177293281315,1.844469732197708,0.37166845154178896,0.6179604554562718,0.053901306165638936,0.6977988905818449,partial,TCGTACTTCGATTGCA,-4.7992,4.204
GTACGAAGTTTGGGCC-E15S,E15S,Tumor,1.41551627129464,1.7928442190514973,0.4956965766698446,0.3210739462823075,0.028421183543043613,0.8595648459869939,partial,GTACGAAGTTTGGGCC,-2.71,8.0136
CGTAGTTGTGATCAAG-E15S,E15S,Tumor,1.4591847206275403,1.5700756790684154,0.16220642095474436,0.9280904531724492,-0.17564395624875379,1.2603211424742,memory,CGTAGTTGTGATCAAG,-3.9979,7.122
ACCCGATAGCTAGAGG-E15S,E15S,Tumor,1.1696027054494476,1.3864858230714459,0.40070884445456223,0.5480919472524456,-0.05087383543378837,0.9528019606483924,partial,ACCCGATAGCTAGAGG,-3.8302,6.222
TCAGGTTGTAGTGCCC-E15S,E15S,Tumor,1.7969969447027265,1.6390856277777075,0.08881921531771432,0.9639229917124023,-0.01705978839657863,1.062045853636479,memory,TCAGGTTGTAGTGCCC,-3.4197,8.5401
AATCCATAGGCATCCG-E15S,E15S,Tumor,0.5907603921661506,0.6047724749198122,0.723833895363822,0.0469391622504636,-0.14225007817666538,0.7089459975287254,persistent,AATCCATAGGCATCCG,-2.9852,4.0847
AGCAAGGTCCGCGTAG-E15S,E15S,Tumor,1.7006355332930065,1.432942512400339,0.47512871223017494,0.3670461297502287,-0.1672670187470784,1.1006147447028616,partial,AGCAAGGTCCGCGTAG,-3.4915,7.2807
CCGTTGCTCCAGGTTA-E15S,E15S,Tumor,1.1639991348358967,0.939372559832618,0.31058117250924555,0.7477375097638361,0.01195291472019727,0.3197528972943671,reverted,CCGTTGCTCCAGGTTA,-3.2443,4.1099
GTCATAACACCTCGTG-E15S,E15S,Tumor,1.5169702477987637,2.412775671119351,0.16395013780924408,0.9269280368218317,-0.18902448476475553,1.1065764857586773,memory,GTCATAACACCTCGTG,-2.8275,8.1002
ACCCTTTAGCATATCG-E15S,E15S,Tumor,1.6206195229519809,1.6807020545930011,0.6626644334217979,0.08284310195942118,0.10011253958490879,0.566608967170452,persistent,ACCCTTTAGCATATCG,-2.8232,7.513
AAGGCCCCATAGATCA-E15S,E15S,Tumor,1.111204570723609,2.4255507904045372,0.5849705992859472,0.16328391581679125,-0.07686226350784983,0.8466503671265279,persistent,AAGGCCCCATAGATCA,-1.874,7.4829
AGTATGTTCGTGCATA-E15S,E15S,Tumor,1.6511245079265644,1.6516359022686646,0.13288539214354503,0.9452379207902833,0.10217830962504146,0.07873070570886488,reverted,AGTATGTTCGTGCATA,-3.9137,7.7007
GCATCCTCATTCGTCA-E15S,E15S,Tumor,1.7856927644621279,1.7322918413174775,0.7372187097763067,0.041346692142485576,-0.162706101989624,0.7312982195538542,persistent,GCATCCTCATTCGTCA,-2.3856,7.3769
AATCAGCCATAGGCCA-E15S,E15S,Tumor,1.4445454180203063,1.6344464346893492,0.43179064612712437,0.4712287430658042,-0.47981054829011766,0.07942290433130787,partial,AATCAGCCATAGGCCA,-2.9374,8.2307
CTCAGTAAGATTGCAT-E15S,E15S,Tumor,1.4951640134378252,1.2649553685647297,0.5569558082243486,0.20485417413398985,-0.19169569641007933,0.5510263651112103,persistent,CTCAGTAAGATTGCAT,-4.4679,4.4941
GTCTACAAGTAGTCGC-E15S,E15S,Tumor,1.5156776886089198,2.1614137342122146,0.20378144883722105,0.895247801924017,-0.03130990975968355,0.34133151652546573,reverted,GTCTACAAGTAGTCGC,-3.8679,4.8467
ATAAGTGAGGGTATCC-E15S,E15S,Tumor,1.0985201923792516,1.4440403790819982,0.581502905914776,0.16803584131442373,0.06771264469981714,0.858696798215485,persistent,ATAAGTGAGGGTATCC,-1.9942,8.382
CCTGCAAGTGAGGTGT-E15S,E15S,Tumor,1.8201055815552856,1.633403174393662,0.3946216477826485,0.5629932478658382,0.12126255339200079,0.6324132326907407,partial,CCTGCAAGTGAGGTGT,-2.5422,7.3748
CTTAATCCACTCAACC-E15S,E15S,Tumor,1.648041251991167,1.6702317131003275,0.7514386038367774,0.036105815315361035,-0.009223253610793132,-0.250121876985552,persistent,CTTAATCCACTCAACC,-2.9855,7.7748
GGTGACTTCGTACCAA-E15S,E15S,Tumor,1.6930616837557435,2.082773727442615,0.15689519106936595,0.9315267088964267,-0.03941833886810536,0.36516797307605603,reverted,GGTGACTTCGTACCAA,-3.3919,8.4532
GGCTTATGTGGACACG-E15S,E15S,Tumor,1.433617945037728,0.9026059820936658,0.42462761766961293,0.48895411125469906,-0.02281208257335612,0.8877859662285201,partial,GGCTTATGTGGACACG,-3.6784,3.7745
AGCTTAGTCTATGAAC-E15S,E15S,Tumor,1.576749880341566,1.5733677979685554,0.251865897812921,0.8414084026880799,0.08418817270049986,0.5252397600880863,reverted,AGCTTAGTCTATGAAC,-3.679,7.0576
CGCCTGAAGCTACTCT-E15S,E15S,Tumor,1.3266527847371632,1.5516759224967016,0.19313614707991258,0.9047411855722695,0.13649244858776996,1.4190673281903432,memory,CGCCTGAAGCTACTCT,-3.266,7.895
CCTTGCATCACCCTGC-E15S,E15S,Tumor,1.9263818872707537,1.583067198973527,0.6192501768140812,0.12197307488533707,-0.4801811352750185,1.0148243313770442,persistent,CCTTGCATCACCCTGC,-4.6521,4.8814
GGGTTGAAGGCAACTC-E15S,E15S,Tumor,1.6028715914539664,1.7811074720902158,0.5958348886324173,0.14909536423279146,-0.8080595134441115,0.35780286809522377,persistent,GGGTTGAAGGCAACTC,-2.7061,7.2892
GCTAAATTCCCCTGTA-E15S,E15S,Tumor,1.4716734355600898,1.654716251728663,0.46739671596193416,0.3850312088134811,-0.08100900733032734,0.10138757439471639,partial,GCTAAATTCCCCTGTA,-2.9911,8.3057
CAGGCCATCTGGCTCC-E15S,E15S,Tumor,1.9723518959531423,1.6735269982053413,-0.0537778784144303,0.9909796279476137,-0.055468324523440804,0.3568442300316343,reverted,CAGGCCATCTGGCTCC,-4.0547,7.7619
TAATCACAGCCTCTAT-E15S,E15S,Tumor,2.0160552301432206,1.2545198038479397,0.8121626087813021,0.02010243306541159,0.22992674659374163,0.9906798134490488,persistent,TAATCACAGCCTCTAT,-4.4961,4.1032
TCTGGTAAGCGCTCCT-E15S,E15S,Tumor,1.0658511412579208,2.276554971510673,0.5582666697577124,0.20274519131333749,0.005850008326183681,0.9628262002451895,persistent,TCTGGTAAGCGCTCCT,-4.2459,5.4068
ACTCACCCAAGTTCGG-E15S,E15S,Tumor,2.0815559372221837,1.736659344214786,0.15707713839060075,0.931411550981448,-0.0633840653119231,0.12236171825015114,reverted,ACTCACCCAAGTTCGG,-2.1715,6.781
AGCGGTAAGCCGAGTT-E15S,E15S,Tumor,1.297801004659149,1.8887923926214778,0.2771810274415689,0.8049846385215882,0.1585885708022757,0.3562262010954549,reverted,AGCGGTAAGCCGAGTT,-2.9385,7.3383
CAAGTAGGTTGCCTAG-E15S,E15S,Tumor,1.3336192057488756,1.382081924988257,0.5530819394006378,0.2111816059808825,-0.9144121245423902,0.3438261014107297,persistent,CAAGTAGGTTGCCTAG,-3.6711,3.8483
AGAGATTGTAGTTGGA-E15S,E15S,Tumor,1.204424089958278,2.332386709450602,0.35556454406866267,0.6548824969930013,-0.02357911579535721,1.2365071671510972,partial,AGAGATTGTAGTTGGA,-3.0704,7.4282
TGCCTCGCACCTATAT-E15S,E15S,Tumor,1.6192044243420212,2.123774759229524,0.27952524004923845,0.801309981649308,0.13731991336264868,0.34874026367842087,reverted,TGCCTCGCACCTATAT,-3.8152,4.7085
CGCAATATCCTCTCGA-E15S,E15S,Tumor,1.4544265341589113,2.4674406460933747,0.37663428975940677,0.6062709387350583,-0.1199796507382076,0.8830775994591039,partial,CGCAATATCCTCTCGA,-2.2837,7.3412
CGACCTAGTTTACCGG-E15S,E15S,Tumor,1.5012248978825287,1.405578432329429,0.37584157238315985,0.608145550228846,-0.023760862259024962,0.34410565756712885,partial,CGACCTAGTTTACCGG,-3.257,8.5402
AGCACGCCAATCATAG-E15S,E15S,Tumor,1.4635669329091832,1.4647983322741578,0.10141217767688479,0.9593203143862499,-0.18881863311506872,0.727101471628689,reverted,AGCACGCCAATCATAG,-4.0565,7.1555
TGCACTAAGGGTCTAC-E15S,E15S,Tumor,1.141335129162487,1.1448227276579137,0.34493125741704794,0.6783065187045998,-0.10924234263916152,0.5724607729481959,partial,TGCACTAAGGGTCTAC,-2.8029,8.3911
CTCGCTTGTTTGAGCT-E15S,E15S,Tumor,1.5687665834099678,1.2585288564448778,0.3375193604173629,0.6941279007431352,0.01337627729270498,0.5637168030479536,partial,CTCGCTTGTTTGAGCT,-4.8718,5.436
CGAGGAATCACAGGGA-E15S,E15S,Tumor,1.667816850180633,1.75824802746534,0.38932681298869604,0.5758640020402354,0.28041770989741915,0.7466359997871981,partial,CGAGGAATCACAGGGA,-2.556,7.4326
CTTGGCGAGCGCTACG-E15S,E15S,Tumor,1.4772177483714926,1.4630499709619869,0.4837068992028587,0.3475189525978077,-0.2501991185357041,0.3425626293960901,partial,CTTGGCGAGCGCTACG,-2.7761,8.7516
CTGAATGTCACACTGA-E15S,E15S,Tumor,1.6803316297004558,1.7137531027977468,0.3584371214331192,0.6484172343595351,-0.12179887962201902,0.3624548836907311,partial,CTGAATGTCACACTGA,-4.4338,4.5741
TAGCCTGGTAGTCATC-E15S,E15S,Tumor,1.2442853618761767,1.720065309709683,0.3895526632326658,0.5753169700259009,-0.40285960189965825,0.567556908340726,partial,TAGCCTGGTAGTCATC,-2.8589,6.5172
CTACGTCCATGAATTG-E15S,E15S,Tumor,1.6459412828955986,1.7109175448387548,0.04998022185469261,0.975167233252221,-0.20844496559790135,0.7709992814460064,reverted,CTACGTCCATGAATTG,-2.3642,6.5945
CCTTGCATCGATCATG-E15S,E15S,Tumor,1.16703735783003,2.157500095727391,0.4182275508398882,0.5048163593575752,-0.1430103327800577,-0.22324255094961537,partial,CCTTGCATCGATCATG,-2.5007,6.9021
GCCTACTCAATCGAGT-E15S,E15S,Tumor,1.6187262815719616,1.4748587809390172,0.1310301734060752,0.9461823190793207,-0.09439003784986913,1.151845823476605,memory,GCCTACTCAATCGAGT,-3.3058,7.1196
AGGGCTAAGTCATCGA-E15S,E15S,Tumor,1.5539017043304448,1.859778807178968,0.16744333202619896,0.924547150267117,-0.12570820351223316,0.7361281302256485,reverted,AGGGCTAAGTCATCGA,-4.6666,4.7574
TACCACGGTTAAGGAT-E15S,E15S,Tumor,1.5470930484889924,1.5968018543699583,0.49785709663661737,0.316422356857371,-0.13167254782525048,-0.25157973678765294,partial,TACCACGGTTAAGGAT,-3.2725,8.5032
TGTGCGCGTTTGCCTC-E15S,E15S,Tumor,1.4130558874220454,1.855623312150364,0.8879182612434259,0.009586887610572201,0.35248424033172165,0.850513605046971,persistent,TGTGCGCGTTTGCCTC,-2.3356,7.2067
ATGGCTGCATCCATTG-E15S,E15S,Tumor,0.6946724704555587,0.6105175342705903,0.5197056751949886,0.27152652065031085,0.058723193354982856,-0.22975644174415186,persistent,ATGGCTGCATCCATTG,-3.0134,4.0962
ACCTCTTAGGCAACGA-E15S,E15S,Tumor,1.2065474814851518,1.990478618616096,0.4487068854432213,0.42973384948808335,0.0632824698168723,0.11800984478933775,partial,ACCTCTTAGGCAACGA,-2.2139,7.6572
ACGCTATGTTGGCTTG-E15S,E15S,Tumor,1.8376285896600666,1.487004836968437,0.31914611493181144,0.7313848805749938,0.10437430986656408,0.3435466963214429,reverted,ACGCTATGTTGGCTTG,-4.9511,5.0144
TAAACGGGTTGAAGTG-E15S,E15S,Tumor,1.701246588087585,1.586749994642685,0.4509539712849074,0.4242826380368935,0.2509292749302954,0.5570011419134955,partial,TAAACGGGTTGAAGTG,-4.6906,4.8839
GGTAGTGAGTTGCCGG-E15S,E15S,Tumor,1.0429371224106674,2.1712370551339855,0.39317215278328144,0.5665259018177233,0.0472438285449589,0.07539208856498286,partial,GGTAGTGAGTTGCCGG,-4.723,5.2348
AGTATTGCAGGCAGCT-E15S,E15S,Tumor,1.1688688262046043,1.535742814620838,0.22583614157160448,0.8728981705340223,0.014832895162193604,0.3737971719192331,reverted,AGTATTGCAGGCAGCT,-3.3387,6.5588
AATTCAGCAACATACA-E15S,E15S,Tumor,1.4699836383211147,2.383106171116705,0.14573479951356863,0.9382566117683002,-0.31973598276814436,0.11626229537652524,reverted,AATTCAGCAACATACA,-3.7837,4.7553
TCACATTCAGCTCTAC-E15S,E15S,Tumor,1.9376618150036777,1.4243970448543648,0.554616731905039,0.2086577569624745,0.20839713853864872,1.131940154583113,persistent,TCACATTCAGCTCTAC,-3.616,7.6582
ACTACCAAGGAACTAA-E15S,E15S,Tumor,1.1133241572885302,1.6733608970807181,0.11541534237826384,0.9535428753608197,0.08018698862386975,0.9392735987866332,reverted,ACTACCAAGGAACTAA,-3.0517,6.4344
GCATGTTGTCCATCGA-E15S,E15S,Tumor,1.9887740828401377,2.1334407243047484,0.06726350071196431,0.970661607736635,0.11921481667771619,0.7694121540942409,reverted,GCATGTTGTCCATCGA,-2.6732,7.2186
GTGGGTAAGCGATAGG-E15S,E15S,Tumor,1.708017541977231,1.2267571988778456,0.763466803993666,0.03217730847498338,0.17653251849923876,0.11619417613960215,persistent,GTGGGTAAGCGATAGG,-3.5186,3.6922
ATTCCGCCACTATCGC-E15S,E15S,Tumor,1.230504869698506,1.8969600692476172,0.673541188444138,0.0750091805933703,0.056086056282833405,-0.260469344648037,persistent,ATTCCGCCACTATCGC,-3.8644,5.2229
AGCAAATGTAAGTGCA-E15S,E15S,Tumor,1.522033766671341,1.5163924027070814,0.3664182262050063,0.6301723864729734,0.028893118867699026,-0.2459524113861328,partial,AGCAAATGTAAGTGCA,-3.479,7.0798
TCCCCTAAGGTTCGTA-E15S,E15S,Tumor,1.6445624557423533,2.1986132512784176,0.5583843093409177,0.20255672050351708,-0.3841447852577692,-0.25700862865508706,persistent,TCCCCTAAGGTTCGTA,-3.7673,4.0591
GCCAATTGTTCTGTAA-E15S,E15S,Tumor,1.791146401699699,1.2152334764291663,0.4028881948885068,0.5427344900206725,-0.7635343795914703,0.5783453531151806,partial,GCCAATTGTTCTGTAA,-4.4293,4.4682
CCTTCGATCAGCTGGT-E15S,E15S,Tumor,1.7533157122648666,1.885807536734757,0.38421975926582114,0.5881817533870234,0.06751380479361045,0.40048716946039753,partial,CCTTCGATCAGCTGGT,-1.7577,6.5517
TCAATCTCAGGTAGTT-E15S,E15S,Tumor,1.2576233730239925,1.6717970011645156,0.032597891167408466,0.9790160685452737,-0.07237997882443457,0.9913356586044642,reverted,TCAATCTCAGGTAGTT,-2.922,8.1397
GGATGTGAGAAGCACG-E15S,E15S,Tumor,0.9750158463543226,2.0579459998031497,0.6268181983162954,0.11416216084539202,0.0189344220792557,0.3738205392311259,persistent,GGATGTGAGAAGCACG,-3.6664,3.7825
ATTCCGCCAAGGGTCC-E15S,E15S,Tumor,1.4349234186320479,1.333870554943191,0.1115797570976121,0.9551987952781082,-0.12649900153518817,1.15564111430298,memory,ATTCCGCCAAGGGTCC,-3.3307,6.8786
GCCCTAAGTAGGTTAG-E15S,E15S,Tumor,1.618823007827225,1.2671248844682932,0.5876476097505858,0.15968993590259048,0.2035095185431602,0.5704512725059839,persistent,GCCCTAAGTAGGTTAG,-5.0397,4.9584
CTTGGCCTCCACCATT-E15S,E15S,Tumor,2.088197402095848,1.4953704975789406,0.18442443372986533,0.911929749884416,0.00627498429309057,0.13172867936651766,reverted,CTTGGCCTCCACCATT,-3.9883,4.6022
CATAAGGGTTGCATTA-E15S,E15S,Tumor,1.347139250798328,2.300875140016538,0.2294835254645117,0.8688315008492922,0.0016155342152428948,0.5760314190985392,reverted,CATAAGGGTTGCATTA,-2.1596,7.4023
AGCACTTGTAATCCAC-E15S,E15S,Tumor,1.4521867874807688,1.4299706345287628,0.08496390355300137,0.9652289814532099,0.042784211255546566,-0.24815618170220444,reverted,AGCACTTGTAATCCAC,-4.1062,6.9634
TCCACATTCACAGGCT-E15S,E15S,Tumor,1.7926472411029333,1.396486217533508,0.17261992163216017,0.9208877278617544,-0.1952588705348513,1.2494386847771435,memory,TCCACATTCACAGGCT,-3.3564,7.5817
ACCCTATTCTGTCAAG-E15S,E15S,Tumor,1.5310354297613933,1.5214300303451158,0.4195856646545799,0.5014500735137578,0.08289657747405169,0.38846232884779713,partial,ACCCTATTCTGTCAAG,-2.6614,7.6443
ACAGCAAGTGGACCGA-E15S,E15S,Tumor,1.3552214425425746,1.268681722580386,0.23469501733795944,0.8628297359035804,-1.136820024048213,0.10359045651836853,reverted,ACAGCAAGTGGACCGA,-3.5987,6.5595
CAGTCAATCACCATTC-E15S,E15S,Tumor,1.1815806588301243,2.016135429349614,0.9978732150184171,0.0032432488366970448,-0.07595146869457357,0.090510766554565,persistent,CAGTCAATCACCATTC,-3.6106,3.7164
CGGTGCATCCTTCGCA-E15S,E15S,Tumor,1.8354250223168116,1.4941399307672654,0.21311360968422066,0.886247827255058,-0.12137821164407392,1.0462917695313427,memory,CGGTGCATCCTTCGCA,-3.0631,7.4885
TGAGGTTCATTCGTGC-E15S,E15S,Tumor,2.086319069678375,1.5408802963445254,0.6914295775674097,0.06359358415271738,-0.3522639914396311,0.13249194719746288,persistent,TGAGGTTCATTCGTGC,-1.9731,7.5767
ACAAGGTAGGGTCTAC-E15S,E15S,Tumor,2.094271632186573,1.9902685675758878,0.06928650264421615,0.9700849757378336,-0.22514146383417366,0.34828754458128736,reverted,ACAAGGTAGGGTCTAC,-3.2383,4.5269
CTAATCCTCAGCTCGG-E15S,E15S,Tumor,0.9952971254440717,1.8175261263529277,0.35406254188461006,0.6582405369436168,-0.07943323597853355,0.5590631559112565,partial,CTAATCCTCAGCTCGG,-4.5905,4.9717
TCTGGGCGTAAGGGTC-E15S,E15S,Tumor,1.5735914520766747,1.4108810729795933,0.12277941495267383,0.9501991546902706,0.11686466383703678,0.8851572207791231,reverted,TCTGGGCGTAAGGGTC,-4.1059,7.127
AGGAGTTAGCTAGATT-E15S,E15S,Tumor,1.3836956497269683,1.6370340825261283,0.19118876560513587,0.9063923104703634,-0.6442542941239032,0.8692573691451183,reverted,AGGAGTTAGCTAGATT,-4.1409,7.0869
AATGGGGTCGCGATTA-E15S,E15S,Tumor,1.3646314748914556,1.0225199127196585,0.2598479641002512,0.8305601700716695,-0.08191125001929078,1.3730807759049517,memory,AATGGGGTCGCGATTA,-4.3366,4.6542
TGTCATGAGAAGCACG-E15S,E15S,Tumor,1.391724929216586,1.7841933235711172,0.20797520730784702,0.8912837749768744,0.002642918378221809,0.12682781316127278,reverted,TGTCATGAGAAGCACG,-2.7174,6.687
GTGCATTGTCTCCAGA-E15S,E15S,Tumor,0.8502098926609555,1.1688979032760995,0.9511716460139958,0.0051433998107081194,0.06794338771502768,1.1575705796903564,persistent,GTGCATTGTCTCCAGA,-1.6037,8.2554
GTTAGTTAGGGGATTG-E15S,E15S,Tumor,1.4187873499292807,1.7808949988972538,0.3621252218798277,0.6400362858580918,-0.052788613091839846,0.7249452245032475,partial,GTTAGTTAGGGGATTG,-4.2398,5.1142
CCCGATTCATCCCTGG-E15S,E15S,Tumor,1.84433126209366,1.4539398993645796,0.1365114044071765,0.9433468648322895,0.04654878146974,0.9170503054757584,reverted,CCCGATTCATCCCTGG,-3.8623,7.7248
CCTGATCCATTCGTGC-E15S,E15S,Tumor,1.6331483989981797,1.5777367000940838,0.3161454046773593,0.7371896192105769,-0.28311694900774037,0.3671793436965485,reverted,CCTGATCCATTCGTGC,-4.6087,4.8262
GCCAATTGTTGTGCGC-E15S,E15S,Tumor,1.7478177605694996,1.4817814821578452,0.3803354255903094,0.5974778631157023,-0.2908040987100292,0.6086559702251911,partial,GCCAATTGTTGTGCGC,-3.9101,8.1182
ACTGGTCAGCCTCTGC-E15S,E15S,Tumor,1.706910680018166,1.081270145192362,0.5236621935700919,0.26383694527064055,-0.10066949555806315,1.250348074101056,persistent,ACTGGTCAGCCTCTGC,-2.6748,8.2866
GCCACTTCAACCAACG-E15S,E15S,Tumor,1.1232820529218694,2.466256614329004,0.49581919596429974,0.32080898321213863,0.058477100970284815,0.9644097927996022,partial,GCCACTTCAACCAACG,-1.7027,7.7509
AATCTCCTCACCTGAA-E15S,E15S,Tumor,2.0603735537313623,1.415897684848987,0.5628423089403903,0.19551080215697977,0.29304736496353306,0.13491783197363127,persistent,AATCTCCTCACCTGAA,-2.6971,8.2623
CATAGCGCAAACCGCA-E15S,E15S,Tumor,1.828748260262673,1.479766481529885,0.6101796495614145,0.13193668636598838,0.00778771840615497,0.13136165748565698,persistent,CATAGCGCAAACCGCA,-3.6605,3.9678
AATATGCTCAGGGCTT-E15S,E15S,Tumor,2.1474457560878313,1.8328016109879792,0.6764569967498927,0.07302778610453904,0.3262686261035229,1.0459136528756932,persistent,AATATGCTCAGGGCTT,-3.9326,4.7564
CACCGTTCATTAATCC-E15S,E15S,Tumor,1.1259209373432542,1.1005332442321956,0.3308666161785446,0.7079505852024641,-0.26833530062401245,1.1661750441594128,memory,CACCGTTCATTAATCC,-2.0137,7.8813
GCTTATAGTAACGTAG-E15S,E15S,Tumor,1.103118138722998,1.4899961513031386,0.8508310562920132,0.013788913128818634,0.4552619272269549,0.7204514622217603,persistent,GCTTATAGTAACGTAG,-4.4816,3.9602
CGGATCACATCCGCTG-E15S,E15S,Tumor,1.0082007125791843,1.0559803308939062,0.511433119182629,0.2880509733980699,-0.17669310738796565,0.940385401586741,persistent,CGGATCACATCCGCTG,-2.7898,8.8078
GGGTTGAAGTAAGGAC-E15S,E15S,Tumor,1.629554477658227,2.274042570326063,-0.014831918677513545,0.9867844635833468,-0.1664651183374189,0.3715974946840107,reverted,GGGTTGAAGTAAGGAC,-5.1808,4.7501
TGAATGGGTTCCAGTG-E15S,E15S,Tumor,1.7209699514412777,1.776240374474874,0.06924072588252413,0.9700981445030867,-0.1082012735604958,0.10754337843820982,reverted,TGAATGGGTTCCAGTG,-4.8748,4.7363
TCTACGGGTGCGTGCT-E15S,E15S,Tumor,1.618456282921704,1.7864156292529207,0.3760988789262848,0.6075374204648988,-0.26513329334149816,0.37791796151559537,partial,TCTACGGGTGCGTGCT,-3.2704,8.4059
TCTGGGTAGCGGGTAA-E15S,E15S,Tumor,1.5857321263845245,1.6075749943572848,0.25091166529710296,0.8426668381192353,-0.04732795855564885,0.7504569289911699,reverted,TCTGGGTAGCGGGTAA,-4.3657,5.5626
GCAATCGCATTCGGGA-E15S,E15S,Tumor,1.2092229680270754,1.2953569734740782,0.4200796261900325,0.5002256681756992,0.08963496432726048,0.10736320197770567,partial,GCAATCGCATTCGGGA,-3.6088,3.6748
CATCACTTCCAATGCA-E15S,E15S,Tumor,2.0074748634024737,1.5830982202495407,0.5085970861813541,0.29385180597156785,0.14756988440879404,0.40682992226537795,persistent,CATCACTTCCAATGCA,-4.2278,4.237
AGTTAGAAGAATCCGC-E15S,E15S,Tumor,1.7145124234610138,1.614543254440692,0.8008046025723533,0.022444875681371865,-0.5615854463971238,1.0458748827526865,persistent,AGTTAGAAGAATCCGC,-3.781,4.2199
GGGTACGGTGAAGGTC-E15S,E15S,Tumor,1.3828648620583075,2.671281353468991,0.09454972526292087,0.9618941839025781,-0.5787926874529006,0.755200179320453,reverted,GGGTACGGTGAAGGTC,-2.362,7.6834
TGACTCCCAGCTACTC-E15S,E15S,Tumor,0.5453698646668665,0.7932776985741673,0.49247605679968104,0.32807395091956715,-0.21291549547011987,0.9082041462136475,partial,TGACTCCCAGCTACTC,-1.2954,7.8317
GGATAGGTCTATGCGA-E15S,E15S,Tumor,1.5848119932451263,1.5214702787043404,0.4376223535108099,0.4568491637034538,-0.8269474217964248,0.37364141626190595,partial,GGATAGGTCTATGCGA,-3.9045,5.1256
AGTAATGAGCCGATGT-E15S,E15S,Tumor,0.4890036615667905,0.6839614643557047,0.5319068111723358,0.24826896710170998,0.23480627700326592,1.1514546316658978,persistent,AGTAATGAGCCGATGT,-1.8228,8.6825
GTAGTCATCAGCCCAG-E15S,E15S,Tumor,1.6629055610915193,1.7507805017932039,0.2186152403068718,0.8806316875084166,0.07627782608915698,1.1690317116505156,memory,GTAGTCATCAGCCCAG,-3.884,7.5507
AAATGCAAGGAATGCG-E15S,E15S,Tumor,1.1478045277931896,0.8954930789331764,0.5480514041814329,0.2196101250323203,0.003769249069477571,0.37818492431156997,persistent,AAATGCAAGGAATGCG,-2.4037,8.7609
GGGCTCTGTTTCACGG-E15S,E15S,Tumor,1.6822987518721846,2.046534853959226,0.27765469456994984,0.8042463181119975,-0.07748591239054427,0.5717209541638135,reverted,GGGCTCTGTTTCACGG,-4.9499,4.8213
TAATGTCAGATTCAAC-E15S,E15S,Tumor,2.0214052018431587,1.6263198044339322,0.23414275350226732,0.8634765241702412,-0.03943301376979082,1.0300461223172785,memory,TAATGTCAGATTCAAC,-3.2747,7.7379
ATGCCTAAGCTATCAG-E15S,E15S,Tumor,1.2602678204174844,1.6795523587610006,0.5465587955606346,0.222156963266692,0.06832877079598104,0.784208495329135,persistent,ATGCCTAAGCTATCAG,-3.1277,6.6616
ATGCGGTTCAGGTCAC-E15S,E15S,Tumor,1.1451515952650042,1.6637351098945496,0.2926219676367593,0.7798251391424456,-0.11298306480743599,1.0731667978730264,memory,ATGCGGTTCAGGTCAC,-2.617,8.5497
CGCACCTTCCCAATGA-E15S,E15S,Tumor,1.913981258355526,1.3595778608775584,0.6578028043936412,0.08658000146426469,-0.12735890222623478,0.12539196109082182,persistent,CGCACCTTCCCAATGA,-2.9402,8.0332
GCGTGCATCACCACGG-E15S,E15S,Tumor,1.8211778923015507,1.651478123362285,0.05874300738348898,0.9729740995285432,0.014652770726197112,0.6245846800508628,reverted,GCGTGCATCACCACGG,-2.7589,6.7085
CGAACATCAATCAGCG-E15S,E15S,Tumor,1.473258002849378,2.046338278406828,0.28070752936899035,0.7994370343060941,0.22017467831877013,1.1555034837759888,memory,CGAACATCAATCAGCG,-3.2649,8.4407
CGAACGAAGGAATCAA-E15S,E15S,Tumor,1.3962950528913878,1.8981945492599057,0.2647906370693384,0.8235513213174025,0.1583033496904028,0.7777829985374821,reverted,CGAACGAAGGAATCAA,-4.3148,4.5755
CCTGGTGAGTTGGCTA-E15S,E15S,Tumor,1.7284828948508428,1.6080041553316218,0.27876967440605904,0.8025000203425181,-0.3303467110962957,0.3773295484947851,reverted,CCTGGTGAGTTGGCTA,-3.4282,7.9588
TCTGCCATCTCACTCG-E15S,E15S,Tumor,1.8576974638680976,1.1444951050078156,0.5638231915639295,0.1939856473177675,0.09101461411455594,0.9475566130975427,persistent,TCTGCCATCTCACTCG,-1.6093,7.88
AACTCAACAATCGAAC-E15S,E15S,Tumor,0.7610052272834652,0.647994831421917,0.36175661489521915,0.6408778702923394,-0.6486928234307113,0.13327781515694206,partial,AACTCAACAATCGAAC,-3.0,3.8968
AGCGGTTTCCCTGTGC-E15S,E15S,Tumor,1.6429982501022875,1.275439773145661,0.8369800974191465,0.015786727860634137,0.2613416092468877,1.0269798532655814,persistent,AGCGGTTTCCCTGTGC,-4.4628,3.9638
GCCCATTCAGGACTAT-E15S,E15S,Tumor,1.7688968914026342,1.897920809246501,0.2987686630010665,0.7691828831379962,0.10564949557220772,0.9169464659148254,reverted,GCCCATTCAGGACTAT,-2.8534,8.011
AGCCCAACAACTAATG-E15S,E15S,Tumor,0.9581177529523753,1.831984007770153,0.5749816970553772,0.1772699890492911,-0.08421172775090655,0.7260948931630615,persistent,AGCCCAACAACTAATG,-4.1033,5.7539
CCTAGCGAGGTCGTAC-E15S,E15S,Tumor,1.1557339461498402,0.8849362700181026,0.8615051421205053,0.012421350932986876,-0.22682257569221026,0.7722516177824077,persistent,CCTAGCGAGGTCGTAC,-1.6904,8.2421
CCTATTATCACCAGCG-E15S,E15S,Tumor,1.4429673021901803,1.5332612650568147,0.6198256915364355,0.12136327861228413,-0.07888582791503843,0.9255130033639947,persistent,CCTATTATCACCAGCG,-2.1503,6.6149
CCAGCCTTCATACTGG-E15S,E15S,Tumor,0.9709708571296262,1.046962717952261,0.33576498522435866,0.6978085157227277,-0.18650034457719028,0.1278413513993728,partial,CCAGCCTTCATACTGG,-2.3585,8.4786
GCATGGTTCATGCACA-E15S,E15S,Tumor,1.7277880701834065,1.2102504172221165,0.6514899571250294,0.09165981161593878,0.027878802340252317,0.9183827102487774,persistent,GCATGGTTCATGCACA,-3.1706,7.6327
CTAGCTGGTATTGAGG-E15S,E15S,Tumor,2.1259295485819694,1.4171956342975751,0.4370945273940793,0.4581480608623442,-0.09764745445023229,1.0722418703514494,partial,CTAGCTGGTATTGAGG,-2.8044,7.7196
CTATATGGTTGCGTCA-E15S,E15S,Tumor,1.6105504302241542,1.210971340950065,0.673494637178315,0.07504121096956046,-0.14874811938024568,1.1565166382662657,persistent,CTATATGGTTGCGTCA,-2.6379,8.7951
CCCGAACGTATGGATG-E15S,E15S,Tumor,0.8032524137898325,1.788465552538639,0.465684295423924,0.3890592237614156,-0.2119996315672938,0.8481691091969196,partial,CCCGAACGTATGGATG,-1.4763,6.1629
GGTCGAGGTTCACGAT-E15S,E15S,Tumor,1.300023893831402,1.5922168941476256,0.6035468141014884,0.13965266479171637,-0.5356226361379566,0.16165608238298843,persistent,GGTCGAGGTTCACGAT,-3.5085,5.1712
CATTCGCCACCTATCA-E15S,E15S,Tumor,1.7450740644609348,1.4948518311621681,0.057656585945589686,0.9732559132111005,0.09181967654419892,0.7833704752835373,reverted,CATTCGCCACCTATCA,-4.5746,5.6909
CATGCTGGTATTGGTC-E15S,E15S,Tumor,1.1621158382588785,2.1168690244947133,0.7726415278606666,0.029461837138713403,-0.19180509665820855,0.6090447403538767,persistent,CATGCTGGTATTGGTC,-1.962,7.6259
CAACCAGCACCAGCTT-E15S,E15S,Tumor,1.1059706928164552,2.4175972758699142,1.0389792371093247,0.0021599710420476784,-0.020201077746084026,0.1741001999438112,persistent,CAACCAGCACCAGCTT,-1.9007,7.3585
TGCAATTAGGGGATTG-E15S,E15S,Tumor,1.6584340848046772,1.4994598655185927,0.2830547349969102,0.7956795518036467,-0.4266741764132226,0.6190251576455392,reverted,TGCAATTAGGGGATTG,-2.8512,8.3142
AGTCTTGAGGGGCATA-E15S,E15S,Tumor,1.40321056412809,2.760402544615798,-0.06992684035747948,0.9923039759236747,-0.12313560829337594,-0.24383599933215508,reverted,AGTCTTGAGGGGCATA,-2.5374,4.5172
CCTATAGAGAAGGATC-E15S,E15S,Tumor,1.3174472368475598,1.5162066050078142,0.25360709049717145,0.8390910942505069,-0.010267509192227721,0.38710284367010556,reverted,CCTATAGAGAAGGATC,-3.4874,6.6655
TCACCGCTCAGCTCAA-E15S,E15S,Tumor,1.6051091717022423,1.4310731014321318,0.21628849674121362,0.8830355486747613,-0.10923423745110318,0.6666279019764789,reverted,TCACCGCTCAGCTCAA,-2.6892,6.4871
TGCTCCATCGCATGGT-E15S,E15S,Tumor,1.5915103443315977,1.8640659663882129,0.36169460446061347,0.6410193643169578,0.06852292817866759,0.43539204414444727,partial,TGCTCCATCGCATGGT,-2.4713,7.8703
TGTATGACAGCACCTT-E15S,E15S,Tumor,1.6773937419967508,1.3640069791771579,0.2680772092039163,0.8187660103872535,-0.010821198599814955,0.945538161275922,reverted,TGTATGACAGCACCTT,-3.4726,7.7183
CAGTTCCCATTCAGGG-E15S,E15S,Tumor,1.8770026576702965,1.5545401874027707,0.4291121193065794,0.477850840211942,-0.10480330229602695,-0.23355272217041612,partial,CAGTTCCCATTCAGGG,-4.7193,5.0687
ACACAAGGTTGTGATC-E15S,E15S,Tumor,1.4435507866433823,1.588270306613597,0.6306041329486157,0.11042064311605591,-0.14444541887484327,0.5812082053859441,persistent,ACACAAGGTTGTGATC,-4.63,4.7655
AACATCCGTCCCGTAA-E15S,E15S,Tumor,1.5034602042964595,1.5293284754044234,0.39033683725384716,0.573416197003247,-0.19659940863104167,0.6259279581551269,partial,AACATCCGTCCCGTAA,-3.5833,7.1053
CATTTCGCATCATCAT-E15S,E15S,Tumor,1.6527904967991762,1.628111671471608,0.267918121941361,0.8189999533438815,-0.03987967554928278,0.5892719804611508,reverted,CATTTCGCATCATCAT,-3.2853,7.7685
CAGCCATAGCGATCCG-E15S,E15S,Tumor,1.1623877128543905,1.0733498222986337,1.1508453456383059,0.0007134727083302726,0.11418800123517993,0.14742163455846163,persistent,CAGCCATAGCGATCCG,-3.9272,3.8997
ATACGAAAGCAGGTAG-E15S,E15S,Tumor,1.4787822736516483,1.7768296746193126,0.3482161926839378,0.6711586021986299,0.06261043891881288,-0.24262945989223908,partial,ATACGAAAGCAGGTAG,-5.0515,5.3668
GGGTTGGGTTAAGTCC-E15S,E15S,Tumor,1.6605932873116185,1.1765283504575124,0.41929831079770663,0.5021623437696351,0.10421516425101614,1.2592909386488496,partial,GGGTTGGGTTAAGTCC,-4.5908,4.313
TGCTCACCAATCAGTA-E15S,E15S,Tumor,1.6169241123380103,1.8077202904099035,0.5523645740518289,0.21236889996204736,-0.03397398898623026,0.9396050052708775,persistent,TGCTCACCAATCAGTA,-4.0546,4.616
TGTCTCACAATTACAG-E15S,E15S,Tumor,1.3491425772065533,1.7137127793284779,0.4637448434189067,0.39363960323240527,0.2172199838951397,0.5937712343606053,partial,TGTCTCACAATTACAG,-2.5063,6.9725
GTGAAGGTCGACTAAT-E15S,E15S,Tumor,1.591266284794655,1.8654198902077244,0.4081920100739159,0.529657296447872,-0.0316125980748097,0.6035018347566931,partial,GTGAAGGTCGACTAAT,-3.1165,8.5614
GTTAACTAGTTAGATC-E15S,E15S,Tumor,1.7280560259045021,1.624905377025276,0.71188518071026,0.05253279539899306,-0.08060536260691203,0.6294087132269688,persistent,GTTAACTAGTTAGATC,-2.0449,8.1597
CGCCCTTAGAAGGTAC-E15S,E15S,Tumor,1.704151963446088,2.001338326034783,0.2904046724297803,0.7835766057754735,0.22941794738558263,0.151140556104667,reverted,CGCCCTTAGAAGGTAC,-2.1087,6.6596
CCCTGTTGTGGGAACT-E15S,E15S,Tumor,1.2483036023509846,2.282636034479785,0.9777704506829795,0.003955787568356069,0.04493529101031553,-0.7979860091993929,persistent,CCCTGTTGTGGGAACT,-3.3752,5.4617
CAGTTTGAGGATCTCA-E15S,E15S,Tumor,1.4030616390756563,2.1244818396731127,0.18491779896291866,0.9115360839773743,-0.11742854143221698,-0.22056775715760826,reverted,CAGTTTGAGGATCTCA,-3.2338,8.422
CGTAAACCAATACCTT-E15S,E15S,Tumor,1.5515197690805425,1.7316112275220854,0.4153961951413079,0.5118325344451479,0.24280411739648752,0.16616015097466355,partial,CGTAAACCAATACCTT,-2.4538,7.3776
AAGCCATCAGTACCTC-E15S,E15S,Tumor,1.874448599550803,1.449495797868376,0.27715304150021836,0.80502819503323,-0.11087199561682033,0.16954699043420018,reverted,AAGCCATCAGTACCTC,-4.5649,5.3575
CTCCTTGAGTCGAATT-E15S,E15S,Tumor,1.5697028111163582,1.8206180581608025,-0.010194279923619862,0.9861711949969111,0.07757091067093931,0.5875891229251883,reverted,CTCCTTGAGTCGAATT,-3.2819,8.2499
TGCATTGAGCGCAATC-E15S,E15S,Tumor,1.3163952940422854,1.7845906011669341,0.34822264199192277,0.6711444890788671,0.003417876854887633,0.6342064316255187,partial,TGCATTGAGCGCAATC,-2.6954,7.5745
AGCTTAACATTCGCAC-E15S,E15S,Tumor,1.3799405912097071,0.844965250221428,0.8996195523898782,0.00854570219453249,0.25460897324000326,-0.21158616276382095,persistent,AGCTTAACATTCGCAC,-4.4211,4.4498
AAAGCTAAGCAGGTGA-E15S,E15S,Tumor,1.4485294061409049,1.9631125981727904,0.4769538870542348,0.3628520643371919,0.15344997130703816,-0.22715386394723885,partial,AAAGCTAAGCAGGTGA,-2.8048,8.4042
CTGTCACCAGGTAGCC-E15S,E15S,Tumor,1.2578907830731043,1.1700106124754,0.20602649040441046,0.8931418712306819,-0.0031457944858213228,0.911568011357745,reverted,CTGTCACCAGGTAGCC,-2.7324,4.3016
CGTTTAAGTTTAGCAC-E15S,E15S,Tumor,1.7476074401712463,1.5070927647725494,0.3418978991436241,0.6848337670379643,0.031534430127234815,0.9058312152688714,partial,CGTTTAAGTTTAGCAC,-4.9836,5.2508
AAATTGCTCATGCAGC-E15S,E15S,Tumor,1.9179513780063981,1.2693019098120315,0.5994754304247142,0.14457376926492813,0.07903639517516445,0.3962212998554472,persistent,AAATTGCTCATGCAGC,-4.2833,4.9786
ACCTGATGTAGGCCAG-E15S,E15S,Tumor,1.316878586408643,1.120967682537734,0.4410486811970559,0.4484325419268534,-0.06693999705893487,0.6271831288808177,partial,ACCTGATGTAGGCCAG,-2.5781,8.5855
TGGTTCCCAGTACCGA-E15S,E15S,Tumor,1.0637075488284404,2.004236670408686,1.0480004850515088,0.001975524253031339,0.4298939074982548,0.15544960028841273,persistent,TGGTTCCCAGTACCGA,-3.0051,3.6178
GCGCTCAAGTCAATCG-E15S,E15S,Tumor,1.0854751277192225,1.5989332251985582,0.34885582865306225,0.6697573759799634,-0.5196286924489066,1.3363950379695702,partial,GCGCTCAAGTCAATCG,-4.051,6.9966
TCAGGTCAGTAGGATA-E15S,E15S,Tumor,1.2934948725872037,2.2264767859252816,0.10530757728562888,0.9577860313775519,-0.0256389645640384,0.9517795278008002,reverted,TCAGGTCAGTAGGATA,-2.3113,6.7016
ACCTAAGTCAAGTGAA-E15S,E15S,Tumor,0.9576914545443985,0.8422828923609568,0.8536451784957744,0.013414581588994213,-0.35390816023424954,0.14890251061020365,persistent,ACCTAAGTCAAGTGAA,-3.6484,3.5223
CTCACGAGTTCGCTAG-E15S,E15S,Tumor,1.487840452365429,2.2437645853422876,0.08074362774789964,0.9666063391696927,-0.09736082422915156,0.40074108878657716,reverted,CTCACGAGTTCGCTAG,-3.1216,7.9123
TGGGTCACAGGCAGGA-E15S,E15S,Tumor,0.44770227245442434,0.5987509238807315,1.2218560672389551,0.00035298736926833165,-0.8339436781710892,0.7997535107916871,persistent,TGGGTCACAGGCAGGA,-1.3884,8.304
AGTTTCAGTGAGTAGC-E15S,E15S,Tumor,1.6507242883222824,1.5177680490628462,0.3437418810769639,0.6808743340873934,0.2496254660468094,0.13970256493411706,partial,AGTTTCAGTGAGTAGC,-4.2293,5.2369
TGCAATTAGGCAAGGC-E15S,E15S,Tumor,1.3783698932330481,1.2646903994077505,0.7561941166095001,0.03450027322432919,0.1750164079517566,0.6177955413236249,persistent,TGCAATTAGGCAAGGC,-3.6762,3.6808
TGCATTGAGGCAACTC-E15S,E15S,Tumor,1.0100381073202565,0.6436818001991741,0.7583113046872408,0.03380782288949617,0.30792851069759136,0.6292077148400534,persistent,TGCATTGAGGCAACTC,-2.8,3.8396
TGGTTCCCATGACGTG-E15S,E15S,Tumor,1.0478696029143297,1.7453809704674073,0.154821821087752,0.9328263875461771,-0.745103899441783,0.11777733779730222,reverted,TGGTTCCCATGACGTG,-3.6096,6.1552
ATAGCGAGTCCATAGT-E15S,E15S,Tumor,0.8003833978058619,0.7024918949762663,0.8331062343923732,0.01639474794924855,0.28972420519726855,1.2603922759162671,persistent,ATAGCGAGTCCATAGT,-2.0319,8.5759
GGATAATGTCATGCCA-E15S,E15S,Tumor,1.1279661186828196,0.6090364509161572,0.4559379538835261,0.41225931197919347,-0.10007109361726577,0.6139343409969558,partial,GGATAATGTCATGCCA,-3.3214,3.8956
AGTGATGGTCTCCACT-E15S,E15S,Tumor,1.8050356278942865,2.425640327978787,0.3800873587928251,0.5980692468947046,0.2738532624565051,-0.7979860091993929,partial,AGTGATGGTCTCCACT,-1.3024,4.6335
GCTTACCCATCCAGAG-E15S,E15S,Tumor,1.3082522507578138,1.6772462584215528,0.6702707823465961,0.07729023164962703,-0.6270896272557792,0.1326051379384649,persistent,GCTTACCCATCCAGAG,-4.1308,4.5501
TCGCAATGTTTGGAGA-E15S,E15S,Tumor,1.1703790511875232,1.6340846869431478,0.3303977688630604,0.7089107898966808,0.1503984755173194,0.3747170665011641,reverted,TCGCAATGTTTGGAGA,-4.7043,5.7045
CATAGGTCAAATCACA-E15S,E15S,Tumor,1.5197277897842913,1.3885962691323186,0.5966662533350829,0.14805263083428397,-0.09203931492887231,0.11941440074509398,persistent,CATAGGTCAAATCACA,-3.5637,4.0755
CCAGTATGTGCACCGT-E15S,E15S,Tumor,1.6593753148167951,2.1077609695760864,0.6746635607976016,0.07424070739702748,0.2271415284996193,0.4131977639327906,persistent,CCAGTATGTGCACCGT,-4.0617,3.9855
TCGCATAAGGCGAAGC-E15S,E15S,Tumor,1.5843417272853404,1.4099348720763576,0.3799328632918078,0.5984374154841349,0.011773361818231746,0.6166578836477655,partial,TCGCATAAGGCGAAGC,-3.0108,6.8402
TCTGCCTGTCAATTCA-E15S,E15S,Tumor,1.9011230479457142,1.5022677988092656,0.5365928083740436,0.2396995108793177,0.14438603211372336,0.7177996563501591,persistent,TCTGCCTGTCAATTCA,-1.449,6.3629
GTACGGGGTGGCTGTC-E15S,E15S,Tumor,1.7036812590191002,1.6984622537309562,0.28932986725898985,0.7853783551029071,0.04812426862134206,1.470460690637357,memory,GTACGGGGTGGCTGTC,-3.762,7.8877
GTCCATTTCGTACCAA-E15S,E15S,Tumor,1.374865013752474,0.9670050421567828,0.21328828971034358,0.886073107441057,0.04019220039384638,1.0872227737693896,memory,GTCCATTTCGTACCAA,-1.77,7.8102
GTGGCAAAGGTAACGG-E15S,E15S,Tumor,1.4073901352423426,2.4379841424998494,0.635572545772359,0.10567380705317429,-0.3924697078628066,0.17888818196232426,persistent,GTGGCAAAGGTAACGG,-1.9721,6.493
AATTCCTCAAATCGGT-E15S,E15S,Tumor,1.893541383720346,1.42901803673452,0.34967122685379665,0.667966737255253,-0.1483063222126862,0.1512881937871989,partial,AATTCCTCAAATCGGT,-3.6919,7.5449
GCCAAATCAAACTATG-E15S,E15S,Tumor,0.8258671527442698,0.6538287443407088,0.7905870537892323,0.024778575244856115,-1.135963829554833,0.6446547992238617,persistent,GCCAAATCAAACTATG,-3.0732,3.3935
AGTGGAACAACCTGAG-E15S,E15S,Tumor,1.2543498799197155,1.9190463616264486,0.43142192079113617,0.4721397911576273,-0.12593413268738618,0.41514636535942784,partial,AGTGGAACAACCTGAG,-3.7508,5.1725
AAGGCCCCACTATCGC-E15S,E15S,Tumor,1.8260085204370724,1.534461989482769,0.5782022721491572,0.17266073883362543,0.007888102495112088,1.0649934464456061,persistent,AAGGCCCCACTATCGC,-3.6629,7.5439
TGGCTAATCGTAGTCA-E15S,E15S,Tumor,1.7602314476942362,1.8938165711253068,0.8020424467019664,0.022177159588895393,0.4027456480672669,0.8972450938237907,persistent,TGGCTAATCGTAGTCA,-2.2601,7.8313
CCATGTCCAACTAGCG-E15S,E15S,Tumor,1.1100027843045626,1.6498291746898095,0.4391797828176915,0.4530200591261154,0.16454890076322318,0.3984682802564347,partial,CCATGTCCAACTAGCG,-3.7471,3.6434
CGATAGTCAGGATGGG-E15S,E15S,Tumor,1.3202625136937263,1.7684446182578266,0.3819951209589693,0.5935139797207096,-0.8820190723649147,0.608876831859512,partial,CGATAGTCAGGATGGG,-2.5694,6.9127
AGTGGCGGTTCCCATC-E15S,E15S,Tumor,1.3713242095185287,2.128104100219264,0.07312504590202393,0.9689605104484418,0.26497728710847035,-0.23343814609465788,reverted,AGTGGCGGTTCCCATC,-4.069,5.564
GTCAATTAGGATTAAG-E15S,E15S,Tumor,1.8688913109883765,1.179637215379634,0.7027866537558827,0.05720850274172996,-0.3128852940590887,0.8068011614598651,persistent,GTCAATTAGGATTAAG,-3.8143,3.9942
TAGGGTAGTATGGTGA-E15S,E15S,Tumor,1.4536189426134447,1.3107863470535175,0.6180443836629734,0.12325925019900064,-0.8784451137212425,0.5905479340133738,persistent,TAGGGTAGTATGGTGA,-3.5376,3.7418
TCTATGCTCCGTAGAC-E15S,E15S,Tumor,1.8448848171034165,1.3108542086521824,0.21035590122086925,0.8889753438975762,0.13422329663528326,0.7371894971811125,reverted,TCTATGCTCCGTAGAC,-1.6527,7.5151
CTATGCAAGCATGGGA-E15S,E15S,Tumor,0.9670928896112257,1.3782626467851224,0.8187270844092432,0.018859589251306208,-0.5646233028141029,0.8201786769915369,persistent,CTATGCAAGCATGGGA,-3.5001,3.5617
CGACTCCTCCTTGGAA-E15S,E15S,Tumor,1.0673780059157278,1.192287699315113,0.27753413188238096,0.8044344435308929,-0.1625275040002242,0.8358583411906951,reverted,CGACTCCTCCTTGGAA,-2.6506,4.4337
GGCATGGGTGCGTGAG-E15S,E15S,Tumor,1.5196401668307793,1.6661071279366435,0.4854563768465988,0.3435962058488136,0.1334122492801865,0.4175835406132876,partial,GGCATGGGTGCGTGAG,-3.205,7.927
ACTATTCCAAGCGTAT-E15S,E15S,Tumor,1.246810454338692,1.9121198257175072,0.7275656221962241,0.04531140094371301,-0.3265298930760953,0.39991424399628855,persistent,ACTATTCCAAGCGTAT,-4.4992,4.2476
ACGAATCCAAACTGCG-E15S,E15S,Tumor,1.598759670007176,1.0393351602798493,0.46260721211472117,0.3963351159596166,-0.012927085369895936,0.7904994817562501,partial,ACGAATCCAAACTGCG,-4.5404,4.4524
CTGAATGTCCGCGTGA-E15S,E15S,Tumor,1.4903339709481715,1.093486237835534,0.4843536258096601,0.34606639045293847,0.17070460001718946,1.4364208246997916,partial,CTGAATGTCCGCGTGA,-2.1908,8.172
ACAGGAACAACCGCAA-E15S,E15S,Tumor,1.0161739533864966,1.795052484932791,0.23061647265874494,0.867546016516772,-0.020265875185832123,0.4675781234465394,reverted,ACAGGAACAACCGCAA,-2.3822,6.5066
GCATAAGGTTTCCGCT-E15S,E15S,Tumor,1.6979307028156272,1.4569955680454953,0.3810323344594413,0.5958149407181641,0.19634956248759625,0.18830550255453565,partial,GCATAAGGTTTCCGCT,-4.0935,4.4774
AACGAACAGGTTAATC-E15S,E15S,Tumor,1.5668400303324481,1.3985636056438944,0.6954010653380572,0.061288591694140054,-0.36269156425433663,0.6231086558644153,persistent,AACGAACAGGTTAATC,-4.6907,4.2096
CTGCATGGTTAAGGGC-E15S,E15S,Tumor,1.785361140553779,1.290492457546675,0.5931493584844173,0.15250509122330538,0.043495099562538414,0.632211250431835,persistent,CTGCATGGTTAAGGGC,-3.6138,7.403
ATTCCAAGTTAACTGC-E15S,E15S,Tumor,1.5531839159291976,1.8463063485907991,0.38846856905906835,0.5779410495093472,0.1526920469932185,0.4178287058831681,partial,ATTCCAAGTTAACTGC,-3.2948,7.2459
AGCACCACAGGTAGTT-E15S,E15S,Tumor,2.018400708572196,1.142365632434992,0.5618726298794913,0.19702744178312195,0.03524686474411508,0.16342040743484768,persistent,AGCACCACAGGTAGTT,-4.4645,3.91
CAGCACTAGGCGTACT-E15S,E15S,Tumor,1.839068551934668,1.3853632955232822,0.3445817345796634,0.6790622520857512,0.21098868526787273,1.3261315406096597,partial,CAGCACTAGGCGTACT,-3.9137,7.7003
ATCGCGCGTGATTCGT-E15S,E15S,Tumor,0.5965896845922596,0.4749074095939953,0.6791683950317485,0.07122867017458033,-0.2484832253856273,0.13837418410451757,persistent,ATCGCGCGTGATTCGT,-3.5381,3.3497
TACCATTCACCTGTGT-E15S,E15S,Tumor,1.7316400513181907,1.7370432482641454,0.9093033572922611,0.007769424162739878,0.15637722983376723,-0.2172923766683943,persistent,TACCATTCACCTGTGT,-3.6757,4.1421
ACTCCAAAGATTGAGA-E15S,E15S,Tumor,1.6099118624474098,2.031623165011155,0.44840567260037095,0.4304658897657742,0.08193985080775423,1.904369338646643,partial,ACTCCAAAGATTGAGA,-2.5443,7.1348
CGAATCTGTTGCTATA-E15S,E15S,Tumor,1.8810267905347426,1.003193342656513,0.6861821901463669,0.06676306816833907,0.059544150326827444,0.4287697514692471,persistent,CGAATCTGTTGCTATA,-4.1543,4.4278
AAGCTAGGTTTCACGG-E15S,E15S,Tumor,1.141934517549388,1.682427476530306,0.23693035935972256,0.8601854331726771,0.026974493646501844,0.6242765042404766,reverted,AAGCTAGGTTTCACGG,-3.6674,8.2379
ACGACAAGTAGTGTGA-E15S,E15S,Tumor,1.250711990171429,1.8219759454459332,0.10129246574992042,0.9593666095262855,-0.13835692306052336,0.6498844722441681,reverted,ACGACAAGTAGTGTGA,-3.2168,7.1186
TAGTTTCCAATCCAGG-E15S,E15S,Tumor,1.5782843865330949,1.6040679273520566,0.32213099731690537,0.7255309243200819,0.08322065809885097,0.7906970409267273,reverted,TAGTTTCCAATCCAGG,-3.6043,8.1815
CGTGAGAAGGATGTGG-E15S,E15S,Tumor,1.0394764322716816,1.8223331654750987,0.9802046500832406,0.003861821323469288,-0.07070541890078508,-0.2317889582458193,persistent,CGTGAGAAGGATGTGG,-1.3127,7.807
CTTACGAAGGCGTACT-E15S,E15S,Tumor,1.406948727339694,1.4343543618018113,0.8466653071136853,0.014362017737324347,0.29593567726409825,0.7968982119359769,persistent,CTTACGAAGGCGTACT,-4.6063,4.0528
AGGGCTAAGGCAACTC-E15S,E15S,Tumor,1.4070073980728877,2.0190709160573195,0.3312724801647579,0.7071178703595639,-0.20655374668589416,0.17271933375837056,reverted,AGGGCTAAGGCAACTC,-2.7612,7.2632
TGCAAACCAACCCTTA-E15S,E15S,Tumor,1.677851386714072,2.003422924017598,0.36485772704783453,0.6337709840541166,-0.10263195664831398,0.2914868915443129,partial,TGCAAACCAACCCTTA,-2.3339,4.9987
GCAGGCTCATCAATCT-E15S,E15S,Tumor,1.3078462862804545,0.825594829483744,0.4266371730536761,0.48397660797364445,0.01336930303805117,1.4140450267240405,partial,GCAGGCTCATCAATCT,-2.7548,8.7149
ATGAAACGTTGCCCAA-E15S,E15S,Tumor,1.0982472802296888,1.2446838561939433,0.27131997412043013,0.8139460365612098,-0.4926717095078076,0.9549309778674525,reverted,ATGAAACGTTGCCCAA,-2.7826,8.8162
ATGAACGGTATTAGGG-E15S,E15S,Tumor,1.3543415389133826,1.650544589093506,0.14775735615035607,0.9370846178745634,0.13914680959871736,1.2981631173966977,memory,ATGAACGGTATTAGGG,-2.0357,7.4504
TCTGGCTCACTTGCGT-E15S,E15S,Tumor,1.7163371236159077,1.8139449396988903,0.43780987751980677,0.45638783687815665,0.027972545036164496,0.6699062397892619,partial,TCTGGCTCACTTGCGT,-2.6587,7.9575
GTCCAGTAGGTGATCC-E15S,E15S,Tumor,1.694935546318075,1.7118867868960956,0.5404374164739141,0.2328215786208933,0.325656031704973,0.15498777106971096,persistent,GTCCAGTAGGTGATCC,-3.6988,4.0651
GTCTACCCACTTCAAT-E15S,E15S,Tumor,1.5757265419802498,1.20907127010732,0.16911675989069233,0.92338150815304,0.08937777523970208,0.6350173822217489,reverted,GTCTACCCACTTCAAT,-3.2961,8.1503
TGAGCGAAGGATGTGG-E15S,E15S,Tumor,1.6498159222388273,0.9951235948018479,0.3152760622295111,0.7388561619077452,0.029063090095293353,0.4127368357430699,reverted,TGAGCGAAGGATGTGG,-2.2056,8.3109
CTAGAACCATCGGTGA-E15S,E15S,Tumor,1.1342508129427815,1.6179585786366606,0.3853844421874911,0.5853817665416621,-0.21288907565302242,0.45930301352097086,partial,CTAGAACCATCGGTGA,-2.6096,8.6905
CAGCTTGGTGCAACCC-E15S,E15S,Tumor,0.8747960336762066,0.8363495889818423,0.7275911901820381,0.045300435929625106,-0.21094910006426362,0.9742011539221196,persistent,CAGCTTGGTGCAACCC,-1.7151,8.5255
CGAGTCCGTTCGATAC-E15S,E15S,Tumor,1.9691433176242665,1.8117986230357008,-0.02679402634621922,0.9882451284185786,0.08975062015187457,0.9966116751582944,reverted,CGAGTCCGTTCGATAC,-3.5606,4.7625
AATGTTGCACCTCAGT-E15S,E15S,Tumor,1.6359415144006413,2.123092217377549,0.41090257388083784,0.5229571754188812,-0.28924381184911674,0.4785656877056874,partial,AATGTTGCACCTCAGT,-4.1711,4.4299
TGACGGTTCACTTGAG-E15S,E15S,Tumor,1.212305140585765,1.5071729835800964,0.24114185504835384,0.8550875269159229,0.004012444389997302,-0.17234552862369987,reverted,TGACGGTTCACTTGAG,-2.7893,6.8099
CATTGCTTCGAACGGA-E15S,E15S,Tumor,1.673667203605111,1.7125095968616424,0.5008035873247417,0.3101374344868497,0.08673896935619825,0.1579982732043353,partial,CATTGCTTCGAACGGA,-4.3306,4.8586
CAGTTTGAGTACCAAT-E15S,E15S,Tumor,1.6051962516855818,1.6087412169598594,0.3200002673330284,0.7297178077228976,-0.8501475897088319,0.8116383673055161,reverted,CAGTTTGAGTACCAAT,-4.2803,7.7445
CGTCCATCAGGCAATT-E15S,E15S,Tumor,0.5988968424038389,0.6883036488483285,1.0456673861184715,0.002021662706665319,-0.16687899736281175,0.4542840898383041,persistent,CGTCCATCAGGCAATT,-2.9093,3.5576
CGTTTAAGTAATGAAC-E15S,E15S,Tumor,0.6769638691869997,0.6549985568975042,0.66238771034146,0.08305180845717254,-0.18917892742287448,0.4287870059393164,persistent,CGTTTAAGTAATGAAC,-1.8736,8.4669
GCGGGTTCAACATGCG-E15S,E15S,Tumor,1.4634864097047335,1.198196744582601,0.3585452828580073,0.6481727128171418,-0.0837126820955908,-0.21851985140505092,partial,GCGGGTTCAACATGCG,-4.7818,4.5563
CTCATGGGTGAGGAGA-E15S,E15S,Tumor,0.8289420956400686,0.8272202464180253,0.18053192165838747,0.9149805296863405,-0.1930753239229727,0.17285878008256816,reverted,CTCATGGGTGAGGAGA,-1.8669,7.7269
TCGTTAGAGTGACCAC-E15S,E15S,Tumor,1.613107835197558,1.58273764881987,0.5530473399315123,0.21123875898866717,0.07843322475497755,0.9712995259853822,persistent,TCGTTAGAGTGACCAC,-3.1631,7.7876
CTTGCATTCTGGAAGG-E15S,E15S,Tumor,1.461022145365433,1.8651939365487493,0.31685829040337954,0.7358179099844996,-0.37607343003987015,0.14358142568634122,reverted,CTTGCATTCTGGAAGG,-4.9573,4.6033
CGTCGTAGTGCAATTC-E15S,E15S,Tumor,1.5066047864435594,1.2122280761123407,0.15397851434453053,0.933348431655457,-0.0022579848980587604,1.0665670237707747,memory,CGTCGTAGTGCAATTC,-3.0746,8.6945
AGCTAACCACCTTAGC-E15S,E15S,Tumor,1.5033454688685777,1.249030473856055,0.5291711154363609,0.25336573639164667,-2.0757803697340615,0.9643794999307663,persistent,AGCTAACCACCTTAGC,-4.351,4.0974
CTAGAACCAATGCGTG-E15S,E15S,Tumor,0.4127809569312612,0.6576039437549278,1.163615272546243,0.0006286753482549433,-0.5894472738396449,0.8466742311688035,persistent,CTAGAACCAATGCGTG,-0.9472,8.1974
ATAGCCATCACTTGCT-E15S,E15S,Tumor,0.684928098963839,0.7348856898978862,0.7405270935367315,0.040065872286475526,0.013417553241662161,0.15838821307263515,persistent,ATAGCCATCACTTGCT,-1.8574,8.5733
TCGATTAGTTTCGATA-E15S,E15S,Tumor,1.5945381188969168,1.8207586206623672,0.5421847133005573,0.22974148865286487,-0.009665524394707192,0.620284259507129,persistent,TCGATTAGTTTCGATA,-4.6993,4.4538
TGGCGCATCCATAGTG-E15S,E15S,Tumor,1.6810079988593865,1.6607092903303462,0.3912694775268707,0.5711527317353955,0.22588688485131114,0.703539375685142,partial,TGGCGCATCCATAGTG,-1.6943,6.1758
TGGTTCCCAGCACTGA-E15S,E15S,Tumor,1.744737075936054,1.2833715615487489,0.897751638622702,0.008704056281644511,0.3056356145119097,-0.18678530890815462,persistent,TGGTTCCCAGCACTGA,-3.8353,4.3177
GTGCTAATCACTAACG-E15S,E15S,Tumor,1.3261987903576544,2.5371808788330434,0.4258000749659106,0.4860497014677259,0.04331324769949905,-0.17351282935224677,partial,GTGCTAATCACTAACG,-2.7189,7.2898
TGGATGCTCACCATGA-E15S,E15S,Tumor,1.6124106427863028,1.9018306836979753,0.348726386857138,0.6700411835680362,-0.11770059113385678,0.18604253508855753,partial,TGGATGCTCACCATGA,-2.3356,7.3516
TGGGTCCGTATGGACA-E15S,E15S,Tumor,1.487044979301738,2.0334390092244905,0.6426328514025482,0.09923831181342724,0.2670238211946804,0.6771162724575996,persistent,TGGGTCCGTATGGACA,-4.456,4.507
TAGCTCCCATGGTGCA-E15S,E15S,Tumor,1.6322748396520748,1.3627708328502914,0.17984958194574438,0.9155053434000464,-0.09510629946513982,0.638967544291312,reverted,TAGCTCCCATGGTGCA,-4.0439,7.1058
CTGCCATCATCCACGT-E15S,E15S,Tumor,1.4228523311583015,1.8128698467137423,0.3347790540015726,0.6998659036589763,-0.5998430193963937,0.677965322384661,partial,CTGCCATCATCCACGT,-3.8937,4.8108
CCCGTAAGTCTTGACG-E15S,E15S,Tumor,1.363955877034053,1.581030612043956,0.23430176279360862,0.8632905628000757,-0.3674744527797433,0.4592847802952058,reverted,CCCGTAAGTCTTGACG,-3.1383,7.0235
CGCCATAGTTCGGTTG-E15S,E15S,Tumor,1.7261724376129524,1.288733824911693,0.39952904067552575,0.5509876741053982,0.05899906165483497,0.17850358925171766,partial,CGCCATAGTTCGGTTG,-3.5267,7.1982
AGAGAGGGTTGGAGTA-E15S,E15S,Tumor,1.552478610276346,1.1226715110811414,0.5457320549146516,0.22357668262481378,-0.30386993043960325,0.984793693620542,persistent,AGAGAGGGTTGGAGTA,-2.2884,8.0603
GCGGGAACAGGTTCGA-E15S,E15S,Tumor,1.704963206031243,1.4171911431436988,1.0676869905220845,0.001625787181829512,-0.11810315625574408,0.4441849001952171,persistent,GCGGGAACAGGTTCGA,-4.0067,3.9835
GGGCAATGTCTGTGCA-E15S,E15S,Tumor,1.7208663412106877,1.5362215898095073,0.34122740791943484,0.6862668671841096,-0.0344302066765312,0.4848939572929633,partial,GGGCAATGTCTGTGCA,-3.0024,6.8118
ATACGCGCATCACACC-E15S,E15S,Tumor,1.5907021525909857,1.735454450747775,0.39415889975019475,0.5641217520149541,-0.2556015777422768,1.152999623029922,partial,ATACGCGCATCACACC,-3.0156,7.469
CACCAACAGATAGCTT-E15S,E15S,Tumor,1.0558304309685618,1.3710437744078403,0.42381208868071973,0.49097479030779523,-0.05440118873220513,0.6706674728644513,partial,CACCAACAGATAGCTT,-2.6249,8.5853
CAGTAAGGTCTTGGTG-E15S,E15S,Tumor,0.47025275879475026,0.728516774544035,1.3727363914546562,7.910096535004233e-05,0.4927563233239212,1.023046172685375,reverting,CAGTAAGGTCTTGGTG,-2.8912,3.621
GTCCTGCTCAGCCCGA-E15S,E15S,Tumor,1.5229978100758432,2.643903789688427,0.05050368412452836,0.9750412379075061,-0.010224799723023204,-0.1313598979402826,reverted,GTCCTGCTCAGCCCGA,-1.1329,6.1061
CGGCTCAAGGATGGCA-E15S,E15S,Tumor,1.506635208324778,1.0193711336445632,0.6729878903101383,0.07539070049735216,0.14035210214961547,0.20942442881058976,persistent,CGGCTCAAGGATGGCA,-1.0041,7.9214
CTGACCCTCACGTACA-E15S,E15S,Tumor,1.807324680626766,1.638408356079276,0.5636906299438175,0.1941912355903648,0.03089071091711872,1.0744824629804064,persistent,CTGACCCTCACGTACA,-2.676,7.9874
CGTTCCATCGCATGAC-E15S,E15S,Tumor,1.0617245277228755,1.9249193022775402,0.30998426150657005,0.7488522338263119,-0.3739145577796533,0.9954295077834306,reverted,CGTTCCATCGCATGAC,-3.5299,5.1535
CTTCTGGTCATATCCC-E15S,E15S,Tumor,2.0231063536694402,1.3011169035597503,0.7947602686937252,0.023798123553564823,-0.18099842576260622,-0.12905663068076867,persistent,CTTCTGGTCATATCCC,-1.0587,6.1276
CCTTAGAAGTTGCAGC-E15S,E15S,Tumor,1.428771423113723,1.9727903544962573,0.5820284289359194,0.16730866410891743,0.26804230391922657,0.4816213700177404,persistent,CCTTAGAAGTTGCAGC,-3.0692,3.9061
TGATGAGGTTCGTAGT-E15S,E15S,Tumor,0.8523993469635909,0.6458740232790936,0.7003225364013143,0.05854059152592248,0.20300995077546244,0.8145478201351903,persistent,TGATGAGGTTCGTAGT,-3.8336,3.536
AAGTTCCGTTCTGTGG-E15S,E15S,Tumor,2.1418501832871955,1.7904007691787915,0.7525094555478908,0.03573811713794025,-0.08931050453074538,-0.7979860091993929,persistent,AAGTTCCGTTCTGTGG,-3.5854,4.2523
ACACCAGCATGATTAG-E15S,E15S,Tumor,1.4058298024467768,2.091388251693168,0.15488211622946285,0.9327889171974183,0.12823547899412854,0.6786176959977236,reverted,ACACCAGCATGATTAG,-2.3873,7.657
AGTATGGGTGCGCCAT-E15S,E15S,Tumor,0.9620774309816612,0.9452278200954706,1.3294239374585493,0.0001215257791180745,0.3124073002440224,0.8232934327180783,persistent,AGTATGGGTGCGCCAT,-1.1674,8.1974
CAGGAACGTTTACGAC-E15S,E15S,Tumor,1.175379448440239,1.7195147669586897,0.822124426345464,0.018246288434586116,0.125753607868504,-0.7979860091993929,persistent,CAGGAACGTTTACGAC,-3.109,7.7695
CCTTGGTCATGGAACT-E15S,E15S,Tumor,1.8017421856754223,1.809247736423022,0.22265803029833492,0.8763533379099965,-0.14549716235632357,-0.7979860091993929,reverted,CCTTGGTCATGGAACT,-3.2106,8.192
GCTAGGGGTTATCCGG-E15S,E15S,Tumor,0.5676805113729291,0.7497572190283835,0.7440588178573023,0.038740573378585046,0.21295287636109234,0.496177524546954,persistent,GCTAGGGGTTATCCGG,-1.1157,6.7642
CTGCATTTCCGGTTGG-E15S,E15S,Tumor,1.8896734453208475,1.488993112313112,0.15587772137797393,0.932167389106956,0.06430118684627142,1.1785638607599294,memory,CTGCATTTCCGGTTGG,-2.6786,6.6777
CTTACGTTCTGTCAAG-E15S,E15S,Tumor,1.5736898997723825,1.894993631144796,0.2281798254085767,0.8702976044644885,0.09513111803429879,1.4146911520961745,memory,CTTACGTTCTGTCAAG,-4.3045,4.6792
CCGCCATTCATGTGGC-E15S,E15S,Tumor,1.339654386802544,1.0070010500096251,0.5525904823705212,0.21199447946357974,-0.12087128212562077,0.837632211179169,persistent,CCGCCATTCATGTGGC,-3.9434,3.8283
CGTGGCTGTATAGCAG-E15S,E15S,Tumor,1.6151643455080362,2.3603468856012344,0.16859927451239518,0.923743720301463,-0.0012926085167361545,0.8289485609870793,reverted,CGTGGCTGTATAGCAG,-2.5046,7.8211
GGGCGTAGTTATGGAG-E15S,E15S,Tumor,1.881016144924479,1.437564279200122,0.42971317629022027,0.4763640917836767,0.016983826744138245,1.0784976517635607,partial,GGGCGTAGTTATGGAG,-3.442,7.3801
GTAAACGGTGAGGCAT-E15S,E15S,Tumor,0.813449860287428,0.741811247101909,0.676871479875521,0.0727500750152093,0.28324888504766593,0.6477063569615017,persistent,GTAAACGGTGAGGCAT,-2.2584,8.4602
CCGCTTGCACCAGGGT-E15S,E15S,Tumor,1.2628564840427323,1.0675418951378266,0.4152185547594328,0.5122726054606176,0.016769256949427706,0.8498111190808121,partial,CCGCTTGCACCAGGGT,-2.3487,8.4546
TGGTTCAAGGGGTTAG-E15S,E15S,Tumor,1.422163566589389,1.744825194728865,0.9081940178747001,0.007854677756262626,0.249594818070514,0.6576785169581174,persistent,TGGTTCAAGGGGTTAG,-4.134,4.7764
CTCATCCGTGAGTGCG-E15S,E15S,Tumor,1.2929850190334347,1.9190858597336358,0.2530067986722462,0.8398930829091235,0.09654411352062402,0.9833922915722717,reverted,CTCATCCGTGAGTGCG,-2.1714,7.2661
GCCTAATGTGATGAAT-E15S,E15S,Tumor,1.3798529428445037,0.9789225370680723,0.6376403346482928,0.10375181775802271,0.0711303452025167,1.0342771351139988,persistent,GCCTAATGTGATGAAT,-2.5825,6.4853
TGTAGCGCACTATGGG-E15S,E15S,Tumor,1.4134405099450864,1.3285824982657943,0.17471757431293164,0.9193591756504096,-0.06521919295111205,0.42420783105183585,reverted,TGTAGCGCACTATGGG,-3.5225,6.7092
TCCCAAGGTCAAGTGA-E15S,E15S,Tumor,1.4148742451588805,0.8114003804456145,0.4513747493487027,0.423263874508084,-0.5253072046684317,0.9760771471797257,partial,TCCCAAGGTCAAGTGA,-2.7422,8.8591
AGGAGATTCACCATTC-E15S,E15S,Tumor,1.6775210916099468,1.6523185423859217,0.3829814711648561,0.5911524407746942,0.14650642945091022,0.8141091336077386,partial,AGGAGATTCACCATTC,-3.3197,7.2415
CGGGTTACACCATGCT-E15S,E15S,Tumor,0.9365199052445184,1.5524703544162022,0.39964711883843196,0.5506980137092178,-0.18652324280206678,-0.18927381835325513,partial,CGGGTTACACCATGCT,-3.2757,7.1162
CATTTGAGTTGTGACT-E15S,E15S,Tumor,1.5669144960160382,2.1172747585603897,0.26175448952821423,0.8278832711216942,-0.009324325705395986,0.6406589306478461,reverted,CATTTGAGTTGTGACT,-3.0466,8.363
AGAGGGTCATCGCTAC-E15S,E15S,Tumor,1.5342274628235766,1.1737285347627209,0.2068753644747353,0.8923359332023789,-0.2102997195585729,0.8378744635139199,reverted,AGAGGGTCATCGCTAC,-3.9603,5.4986
GGTGAATAGATACTCG-E15S,E15S,Tumor,1.2869311461235013,1.1407905542416108,0.31354022773982715,0.7421632757306127,-0.5169567491881282,0.8696080982499731,reverted,GGTGAATAGATACTCG,-2.5694,8.561
AGCGTAAGTAGGTCCC-E15S,E15S,Tumor,0.6302994748505055,0.7252444133295028,0.23098797122445033,0.8671221822553029,0.005642560387906025,1.2962935740042878,memory,AGCGTAAGTAGGTCCC,-1.1738,7.9063
GCAATATTCTCACCAT-E15S,E15S,Tumor,1.9880288604515393,1.469696538279897,0.7885587974807058,0.02526920237229507,-0.7476228961889568,0.21519129471083184,persistent,GCAATATTCTCACCAT,-4.151,4.5615
GCCCTGAAGCTAGAGG-E15S,E15S,Tumor,1.4014516671175354,1.5777335793725373,0.6423297678035549,0.09950725976302466,-0.32876443512750986,0.8266708759189165,persistent,GCCCTGAAGCTAGAGG,-4.2411,3.9849
CCTTGGGAGGGCTCCA-E15S,E15S,Tumor,1.6643116849614616,2.2509217347687964,0.19055211152626217,0.9069265188004819,0.1393817908855234,0.449032489493055,reverted,CCTTGGGAGGGCTCCA,-1.7166,7.369
TCGTCCATCCTGAAGC-E15S,E15S,Tumor,1.0691081010293693,1.121539209257807,0.6663429708509017,0.080113726442376,-0.3127886627114927,0.7116446846568462,persistent,TCGTCCATCCTGAAGC,-2.2662,8.4914
AGCAAGGTCTATGCAG-E15S,E15S,Tumor,1.813674741875153,1.4410607749563407,0.5132200019022137,0.2844313054962833,-0.11686020900573794,0.48237125321869695,persistent,AGCAAGGTCTATGCAG,-4.2214,4.9966
CGGTGCATCGACATAT-E15S,E15S,Tumor,1.6357196748692557,1.4097091054552995,0.5567077278866753,0.20525512636896873,-0.020804672515534237,0.18624199309867928,persistent,CGGTGCATCGACATAT,-5.0129,4.8927
GGCTGTTAGGTACGCT-E15S,E15S,Tumor,1.6183685918735682,1.9606512029657504,0.7823579409757335,0.026828557530187102,0.04933162202310046,0.9087580646551728,persistent,GGCTGTTAGGTACGCT,-2.4405,7.8066
AACACCGCACTTACGC-E15S,E15S,Tumor,0.7670687873629313,0.7144470483506387,0.7589412993759553,0.03360437795902077,-0.01790710434638293,1.013737074168209,persistent,AACACCGCACTTACGC,-3.7491,3.4542
CCTTTCAGTCTGGTGC-E15S,E15S,Tumor,1.1689657975200678,1.6938911843072542,0.38253404196810253,0.5922242128367019,-0.1739857316389416,0.46050772429333775,partial,CCTTTCAGTCTGGTGC,-3.9307,4.6407
CTTGCCTGTGCGGAAT-E15S,E15S,Tumor,1.3383552896045643,1.0409924686454284,0.7476339676867035,0.03744188146694835,-0.5735273664122497,0.18884290196082942,persistent,CTTGCCTGTGCGGAAT,-3.6074,3.6442
CCCGACAAGCGGTACT-E15S,E15S,Tumor,1.988920547086572,1.2385126021593786,0.0540060671469125,0.974182060523855,-0.1682022526473797,-0.1792705601998394,reverted,CCCGACAAGCGGTACT,-3.827,5.1245
GTGGGTTTCAATGTAC-E15S,E15S,Tumor,1.2431523590168425,2.142396734808323,0.41762385310932215,0.5063125913813473,0.236114392089707,0.9709631307772808,partial,GTGGGTTTCAATGTAC,-4.3548,5.4496
GTCCGTAGTTGGCATT-E15S,E15S,Tumor,1.4193601173679438,2.304000621537938,0.09247108882077369,0.9626424579279044,-0.09966814126084857,0.690467138651592,reverted,GTCCGTAGTTGGCATT,-3.866,5.0485
ACACTCCCAGCACTGA-E15S,E15S,Tumor,0.8035099962690664,0.5566418262987876,0.7605990361214015,0.03307467350928649,0.09762759067685647,-0.191429875305573,persistent,ACACTCCCAGCACTGA,-3.1335,3.5136
CCTTTCCTCTGGTACA-E15S,E15S,Tumor,1.6041841145465925,1.7658420248242115,0.5992233996178464,0.1448830870419081,-0.15571776258450137,0.6516722652657861,persistent,CCTTTCCTCTGGTACA,-4.5526,4.9155
CCTCAGTCAAGCATAC-E15S,E15S,Tumor,1.9177686886191758,1.6064599978423306,0.5254924139517013,0.26032750839369373,-0.11938216540358786,1.1427240262216383,persistent,CCTCAGTCAAGCATAC,-3.643,4.3357
GCAATCTGTTGGGTCC-E15S,E15S,Tumor,1.771936235975863,1.2571347922462275,0.4865429742167661,0.3411704548323791,-0.1894180146368245,1.2011667463350046,partial,GCAATCTGTTGGGTCC,-2.8799,6.7604
TCTAGCTTCCAGGTGT-E15S,E15S,Tumor,1.5582378636920817,0.7906847349806967,0.5429625078033321,0.22837964278522774,-0.3434077820114048,0.4673283611302006,persistent,TCTAGCTTCCAGGTGT,-2.4364,8.6946
ATGGCGAAGCAGTCTA-E15S,E15S,Tumor,1.7321184711372266,1.1002326981633455,0.45126602808258043,0.4235270420077775,-0.18659240830305202,0.4543111956887349,partial,ATGGCGAAGCAGTCTA,-4.7161,5.1518
CACTTCACAAATGGAG-E15S,E15S,Tumor,1.6016907352003846,1.1909637639032373,0.5369959044539085,0.23897189470547134,0.25450445061705224,0.6760319447027324,persistent,CACTTCACAAATGGAG,-2.2715,8.3237
CAATATCAGGTAACGG-E15S,E15S,Tumor,1.58619824251258,2.2173889293300766,0.2656706808653679,0.8222797757043622,-0.2609172478151595,0.17807229170754107,reverted,CAATATCAGGTAACGG,-4.7706,4.6059
GGCTTCCTCACATTGG-E15S,E15S,Tumor,1.0439648259390972,2.6629160071277624,1.0830955917674387,0.001395769566657417,0.6774810054666228,0.4653066095216815,reverting,GGCTTCCTCACATTGG,-1.692,8.0765
CCATTAGAGGGCCATT-E15S,E15S,Tumor,1.4272679037406095,1.5652105307611948,-0.005022830355810817,0.9854542122421815,-0.18449155122128502,0.6927587063269766,reverted,CCATTAGAGGGCCATT,-2.9151,6.5207
ACCATCCCAAGGTCGC-E15S,E15S,Tumor,1.621492003581581,1.0229043543359928,0.0662616462224872,0.970943169096815,0.02138006546700325,0.22096989202303371,reverted,ACCATCCCAAGGTCGC,-3.6872,5.0688
AGAGTAATCCATTGAG-E15S,E15S,Tumor,1.2654611903823094,2.182599379682814,0.08524918463369222,0.9651339240742003,0.05885281923833223,0.45908425409606224,reverted,AGAGTAATCCATTGAG,-3.3914,8.5817
TCTGGTAAGGGTACGA-E15S,E15S,Tumor,1.2108668418729824,0.8296063719037724,1.0013640330383842,0.0031332611730683843,-0.23864585092566615,1.2313535135909497,persistent,TCTGGTAAGGGTACGA,-2.4962,8.8715
GTATCTTCATTCAGGG-E15S,E15S,Tumor,1.0655733577358988,1.7821268817366773,0.5872680875871568,0.16019553204920595,-0.03787992763424176,1.0968514523675819,persistent,GTATCTTCATTCAGGG,-4.3804,4.1794
CAAGCAAGTAGTAAGT-E15S,E15S,Tumor,1.645718324127321,1.6671177600298048,0.4209261893159244,0.4981272547745789,0.12516730106161855,0.19665373742313488,partial,CAAGCAAGTAGTAAGT,-2.0467,7.3716
AATGGGCGTTAGCAGA-E15S,E15S,Tumor,1.0751828560624612,1.8981874736946358,0.061640478329090705,0.972208317183831,-0.005146730611754226,0.6960642269108736,reverted,AATGGGCGTTAGCAGA,-2.8556,6.4227
TACAGGGAGATAGAGC-E15S,E15S,Tumor,0.6249780865683973,0.8383635258354871,0.7037868551946611,0.05667596450721277,-0.0019929393999510844,0.1848317030282989,persistent,TACAGGGAGATAGAGC,-1.7834,8.1857
CACACCCTCTAATCGG-E15S,E15S,Tumor,0.611844591688879,0.6153642409632769,0.7334492062368003,0.04285377737679162,0.18649729358457645,0.6631253757297823,persistent,CACACCCTCTAATCGG,-1.2562,8.0869
CCTTTAATCAAGTGAA-E15S,E15S,Tumor,1.7472370820358096,1.9040685030143583,0.3328913403648444,0.703782651134538,-0.03366703560708592,0.19297864398295966,reverted,CCTTTAATCAAGTGAA,-2.5142,7.6992
CCACCTTGTGAAGTGC-E15S,E15S,Tumor,1.0758290212860444,0.6943251498927716,0.5430530640939362,0.2282214570674756,-0.22653993922155802,0.6595176397636054,persistent,CCACCTTGTGAAGTGC,-2.2905,8.7029
GGCTGCATCGTTACCT-E15S,E15S,Tumor,1.4747952321623963,2.0044431979961734,0.1345079296062117,0.944399191488165,0.1614222304624622,0.5474804402032987,reverted,GGCTGCATCGTTACCT,-2.2078,6.4438
ACACGTTGTGATGGAC-E15S,E15S,Tumor,1.6748284917332483,1.1460306638059845,0.4442717304670275,0.44054204743074266,-0.03972410324418183,0.9790601803447537,partial,ACACGTTGTGATGGAC,-4.4547,4.4496
CTGATCAAGTAGCTCA-E15S,E15S,Tumor,1.381521714970607,2.0991417265188392,0.4916200115091703,0.32994771573073567,-0.20896235216222026,-0.18606877095852234,partial,CTGATCAAGTAGCTCA,-4.4859,4.3536
TGCGACTAGGAATCGG-E15S,E15S,Tumor,1.6473425779563942,2.624371890149101,0.22521827429617525,0.8735762986447091,0.07938638286833695,0.22615899597273773,reverted,TGCGACTAGGAATCGG,-1.1034,6.3454
GCATTACGTTGACGGG-E15S,E15S,Tumor,1.441014830559478,2.148867910655939,0.01208483010671186,0.9828115281189885,-0.10533705585351667,-0.7979860091993929,reverted,GCATTACGTTGACGGG,-1.8212,6.1642
ATCGAGGAGGATGGGC-E15S,E15S,Tumor,0.7378033050528542,0.6266834954900645,0.976217425617443,0.004016924674513835,0.3074639247400571,0.6524969489339283,persistent,ATCGAGGAGGATGGGC,-1.8908,8.6022
TGCAGGTTCCTGATAG-E15S,E15S,Tumor,1.4153140831499238,1.2808671483748877,0.10790580985920525,0.9567320714430232,-0.08020903154069943,0.8353049601844729,reverted,TGCAGGTTCCTGATAG,-4.1699,7.0399
ACGATATTCAATTCGG-E15S,E15S,Tumor,1.6197345926764317,0.9959121769485955,0.5476911762318619,0.22022285565478583,-0.13282368798255859,0.9929028317516366,persistent,ACGATATTCAATTCGG,-3.875,3.6997
CGTCCGTTCTAGCTTC-E15S,E15S,Tumor,1.5512039727456473,1.5001892669893255,0.5771290037605267,0.17418616227312206,-0.13451560923893427,0.437482914512314,persistent,CGTCCGTTCTAGCTTC,-4.5464,4.6233
TCCATCACATGATATG-E15S,E15S,Tumor,1.8673739796751865,1.1781295496983921,0.9068751881451298,0.007957239067142704,0.207632525073918,0.8848489326404342,persistent,TCCATCACATGATATG,-2.9458,3.9311
TGCGAGGGTCAGGACG-E15S,E15S,Tumor,1.015952786210932,1.7951458423550624,0.8040657067128,0.02174628210267904,-0.35437804261414635,0.880407623698322,persistent,TGCGAGGGTCAGGACG,-1.2972,7.6056
GGTTGGGGTGCACGAG-E15S,E15S,Tumor,1.8427399790572085,1.8010689551765768,0.9170458263032046,0.0071994426320655495,-0.08783828843615,0.502794407397247,persistent,GGTTGGGGTGCACGAG,-2.3155,7.6053
TGTCACTTCCTTAGCT-E15S,E15S,Tumor,1.6052159218235174,2.2197340730047452,0.06274583844976908,0.9719106571506696,0.14437123697783977,0.18162898943410016,reverted,TGTCACTTCCTTAGCT,-3.1705,8.3131
GCATTTAGTGAAGGCT-E15S,E15S,Tumor,1.6324774528217854,1.1528829162884262,0.4141258930818994,0.5149790274719231,-0.11544730924561174,-0.1879912847258608,partial,GCATTTAGTGAAGGCT,-4.0778,4.0908
GGTTAAGGTTCACCAG-E15S,E15S,Tumor,1.0991906090121824,2.05195044749299,1.1955070282565847,0.00045832479529104474,0.1538967952694355,-0.1820012923607694,persistent,GGTTAAGGTTCACCAG,-2.5069,8.3011
AAACTCCGTCAGGCAG-E15S,E15S,Tumor,1.9155080577050243,1.882378865764632,0.1837038969834363,0.9125018370648743,0.18492694128327652,-0.17166766266727188,reverted,AAACTCCGTCAGGCAG,-3.7215,5.01
ACATGGTCATCCCGTG-E15S,E15S,Tumor,1.7690505744076948,1.3521181953740493,0.3583152327512485,0.6486926959652128,0.20846895431366053,0.21321596122346997,partial,ACATGGTCATCCCGTG,-4.7074,5.186
TATAGTCAGTGGCTGT-E15S,E15S,Tumor,0.5968479720018582,0.6769111694290646,0.75123175320533,0.036177260031605867,-0.9041392713898211,0.6807574710579992,persistent,TATAGTCAGTGGCTGT,-1.2339,8.0538
TGGCCTGAGGGTATCC-E15S,E15S,Tumor,1.656027809244265,1.6885466597481835,1.0389022828112675,0.00216161617204232,-0.12101833367673931,0.84035243128576,persistent,TGGCCTGAGGGTATCC,-3.8836,4.1672
CGCTGTTCAACTATGA-E15S,E15S,Tumor,0.9949085899672641,1.302489911242614,0.6128184781396232,0.1289688847249967,-0.1688600203939448,0.6784397089097346,persistent,CGCTGTTCAACTATGA,-2.5453,8.6893
ACAGCAAGTGGGTTGG-E15S,E15S,Tumor,1.240008102075915,0.7915780383146751,0.4127063705352176,0.5184937184654532,-0.044848285314400875,-0.1792224297862917,partial,ACAGCAAGTGGGTTGG,-4.1249,4.2373
ATGGTAAAGGATACCC-E15S,E15S,Tumor,1.2023542691064337,1.7357291963975205,0.2202204857820942,0.8789484394348633,0.09204662567927703,1.0515523341483195,memory,ATGGTAAAGGATACCC,-2.6729,6.5291
GCACTAGCACCATCAC-E15S,E15S,Tumor,1.109984286819727,1.683781556267052,0.7788908139943641,0.027740838885048476,-0.3740927080573508,0.7290786788580881,persistent,GCACTAGCACCATCAC,-3.2578,7.6832
CATATCTCATAGACAC-E15S,E15S,Tumor,1.52327485799823,1.877231076911894,0.4772158966852471,0.36225168505912586,0.014338208192243997,0.7203711994314302,partial,CATATCTCATAGACAC,-2.4836,6.8475
TCGATAGTCACACATG-E15S,E15S,Tumor,1.4825605959867434,1.5029235881503433,0.2590111572218867,0.8317246000828656,-0.4803956818265763,0.8828511110478421,reverted,TCGATAGTCACACATG,-4.9024,5.1997
AACCTTGAGTTGGTTG-E15S,E15S,Tumor,1.5020432377999768,1.5583151766938632,0.47760964604348505,0.36135024041524116,0.24467630170764426,0.4497579207462675,partial,AACCTTGAGTTGGTTG,-4.6878,5.023
CCTCCTGGTAATGGAT-E15S,E15S,Tumor,1.5691924997127218,1.587197502527113,0.5883442441957584,0.15876525007399744,0.03517284806733533,1.0281155748214466,persistent,CCTCCTGGTAATGGAT,-4.561,3.9447
GGGATCAAGCTACAGC-E15S,E15S,Tumor,1.5673671990288702,1.1579332229121695,0.40138912640623753,0.5464207596185265,0.15671898393571082,0.5013490071688562,partial,GGGATCAAGCTACAGC,-2.6931,8.4905
GTCATAGTCTGGCACG-E15S,E15S,Tumor,1.2364624608931378,1.8155814968125756,0.6685463424679947,0.07851843667144837,-0.23403480825689946,-0.15144606335926963,persistent,GTCATAGTCTGGCACG,-3.6891,4.1658
CTGGTTGGTCCATTAA-E15S,E15S,Tumor,1.3111859963721615,2.1065170311654344,0.6283841980701496,0.11260131901822845,-0.22027758642442885,0.7156261084397336,persistent,CTGGTTGGTCCATTAA,-1.7855,7.4324
ATCGAGGAGTAAGCCC-E15S,E15S,Tumor,1.718115751777202,1.445740885344863,0.7690088176851747,0.030509381600118898,-0.24590916230172094,0.44751305719278717,persistent,ATCGAGGAGTAAGCCC,-3.603,3.8965
AACCAGGAGGAACTAA-E15S,E15S,Tumor,1.6478278569993652,1.3100162332158058,0.01387264731756361,0.9825095012774158,0.15043192651100187,0.46860609313240237,reverted,AACCAGGAGGAACTAA,-4.3997,5.6811
GCTTATAGTTGACGCC-E15S,E15S,Tumor,1.799062723802853,2.2073897474378907,0.4128067522281448,0.5182452327426896,0.07880118556211309,0.6917885742889611,partial,GCTTATAGTTGACGCC,-3.0442,8.4463
GCAATCTGTCTTGCTC-E15S,E15S,Tumor,0.5823512111851029,0.740031706108035,0.7778525093741665,0.028019857183950465,0.06996107385564945,1.0652289365342487,persistent,GCAATCTGTCTTGCTC,-1.7264,8.6031
GTGACGTTCGTTCCGC-E15S,E15S,Tumor,1.4618349798627597,2.1435586165834546,0.2979217848006689,0.7706702874035014,-0.1464794753735436,-0.14881970723012586,reverted,GTGACGTTCGTTCCGC,-2.2985,6.8138
TCCAACCCATTACCAT-E15S,E15S,Tumor,1.813904435230841,1.2225487864983917,0.4128455374018792,0.5181492211597388,0.1654899052362476,0.8713450004384355,partial,TCCAACCCATTACCAT,-3.6202,7.3021
ATCCACTTCCCCTGAC-E15S,E15S,Tumor,1.054582877800025,2.039931350177304,0.18681208085940898,0.9100098006613295,-0.3635111360991983,0.5291320115010839,reverted,ATCCACTTCCCCTGAC,-2.7442,6.6249
GGCCTAACAGGAGCAG-E15S,E15S,Tumor,1.2934295552897428,1.7606929778842288,0.5211607704732832,0.26868222823818744,-0.010620899447886592,-0.7979860091993929,persistent,GGCCTAACAGGAGCAG,-4.5157,4.7474
ACGGGTTTCGTGCGAT-E15S,E15S,Tumor,1.8663627328663808,1.5351824300608639,0.043331918009152606,0.9767144879562374,-0.01383419451006071,0.23477667479747183,reverted,ACGGGTTTCGTGCGAT,-3.4083,6.9667
AGACAGACAATATACG-E15S,E15S,Tumor,0.8309150300800314,0.6918063564964704,0.5674801022411091,0.18837928740515691,-0.02374464389414453,0.4946128385326766,persistent,AGACAGACAATATACG,-1.5534,8.2904
CAACCCAGTATTAGCC-E15S,E15S,Tumor,1.6343736464155458,1.4057966820810965,0.3957382976569429,0.5602674074644931,0.2219200913624008,0.4852566254280852,partial,CAACCCAGTATTAGCC,-3.2143,7.9405
ACGCGATTCCCCAGTC-E15S,E15S,Tumor,1.648967349348573,1.6946218047106762,0.1338013889103361,0.9447658955319427,0.028134568124833715,0.507698451416822,reverted,ACGCGATTCCCCAGTC,-2.515,7.2977
AACGATTTCCGCCACT-E15S,E15S,Tumor,1.5833411529322814,1.4898400446496056,0.40119058624842396,0.5469086052367852,0.2175103724025218,0.5062901876104458,partial,AACGATTTCCGCCACT,-4.1494,5.327
AGCCCATAGGCGATGA-E15S,E15S,Tumor,1.2666361912061093,2.393870262401555,0.02216645426420832,0.9810388323810995,0.13702947858444825,0.6731331688828205,reverted,AGCCCATAGGCGATGA,-2.2931,7.133
TGCTAACGTGGGTCTC-E15S,E15S,Tumor,1.405505545281129,1.5450491810253368,0.4751824645209646,0.36692232069371805,0.03266837619427136,1.143132811357793,partial,TGCTAACGTGGGTCTC,-4.4358,4.0783
CACATATAGGATGTCC-E15S,E15S,Tumor,1.3488076842130783,1.9951163088374817,0.6937465018543117,0.06223923112485163,-0.03552158590399021,1.0719354930701048,persistent,CACATATAGGATGTCC,-2.7565,4.8596
TGTCGCCTCACAGCAC-E15S,E15S,Tumor,1.5274157265331536,2.015274541455027,0.4757658684565371,0.36557968371472543,0.10806813844166287,0.7124056154003927,partial,TGTCGCCTCACAGCAC,-4.1762,4.5105
CACCGCAAGCCCGTGA-E15S,E15S,Tumor,1.8877557153726194,1.440938148374455,0.49104037543880225,0.3312195372890393,-0.2442074977048076,0.4851898007177168,partial,CACCGCAAGCCCGTGA,-3.2575,7.6154
AAAGTGATCCTTCGGC-E15S,E15S,Tumor,1.2699282852560947,1.7299175581147361,0.4554132338028085,0.41352048519356593,0.10679115355867531,0.7424132869547027,partial,AAAGTGATCCTTCGGC,-2.4499,6.7523
TATCAGGTCGATCATG-E15S,E15S,Tumor,1.2554268877650507,1.4438801013694642,0.09116643759333179,0.9631048750454279,0.1414450743166852,-0.1843053231788606,reverted,TATCAGGTCGATCATG,-4.9105,5.3238
CCACGCAAGTGATTCG-E15S,E15S,Tumor,1.3993622261770893,1.8058486529106048,0.4421122236431301,0.44582576436040905,0.0935611339181912,0.7233136675799182,partial,CCACGCAAGTGATTCG,-3.6773,4.8147
GTAATGAAGTGCCGAT-E15S,E15S,Tumor,1.9733691703301879,1.8900254146749242,0.24118766796733077,0.8550312321703276,0.2261656460274104,0.6753330513152771,reverted,GTAATGAAGTGCCGAT,-3.4285,4.6132
TGCGACCGTTGGACGG-E15S,E15S,Tumor,0.8286781731196013,1.0299832643677183,0.20606740203936352,0.8931031510282794,-0.07958582340987994,1.1826514473596463,memory,TGCGACCGTTGGACGG,-2.8517,4.2928
CGAGTCCGTAAGGTAT-E15S,E15S,Tumor,1.7958645093234977,1.670573055866862,0.6066443716823279,0.13600325864716314,0.2285852859859615,0.25721256439979406,persistent,CGAGTCCGTAAGGTAT,-2.1098,7.1541
TGGCACTAGGATGATA-E15S,E15S,Tumor,1.6979445903897832,1.435559757875929,0.436569581917535,0.45944043371269266,-0.03162141667484017,0.48132738317116647,partial,TGGCACTAGGATGATA,-3.4084,7.1426
GCCGTAGTCGCTAATG-E15S,E15S,Tumor,1.393449961684103,2.4676489102090113,0.1857706589130861,0.9108518216346276,-0.28260898718323046,0.47651263691623785,reverted,GCCGTAGTCGCTAATG,-2.0527,6.9132
TGGTCACAGTGGGTAG-E15S,E15S,Tumor,1.513741280654442,1.5080909748273834,-0.031027388147233936,0.9887228652629663,-0.018161922094126932,0.7523225762998943,reverted,TGGTCACAGTGGGTAG,-3.2968,6.704
TCTGGGACATTGGCCT-E15S,E15S,Tumor,1.6095201369737966,2.3116114161265786,0.2801998419555653,0.800242913390842,-0.23229718650030365,0.713209222218498,reverted,TCTGGGACATTGGCCT,-2.539,8.0292
GTAAGCTCATTAGTCT-E15S,E15S,Tumor,0.9554524258717322,1.1456645669206595,0.6428160536746272,0.09907605703931979,-0.16306418826880692,0.6856186624314603,persistent,GTAAGCTCATTAGTCT,-2.7422,8.4577
CACTATGAGGCGTACT-E15S,E15S,Tumor,1.3138309996374427,1.2875400319944728,0.4360367217223665,0.4607528500399538,0.00013184118185397345,0.7330405878968952,partial,CACTATGAGGCGTACT,-3.9423,5.0123
CTTGCCATCAATTCCC-E15S,E15S,Tumor,1.2878147326812557,2.1457532207358394,0.04011999710082242,0.9774278859709701,-0.02579298658515805,0.7402315913276478,reverted,CTTGCCATCAATTCCC,-3.3508,5.1821
TGAGTAGGTTCACTAA-E15S,E15S,Tumor,0.6431502140151449,0.7256694875326979,0.9531753235847054,0.005042736955502969,-1.7405726764035645,0.7047646064294734,persistent,TGAGTAGGTTCACTAA,-2.9811,3.4128
ATACGCGCAAGTGAGA-E15S,E15S,Tumor,1.791596713344772,1.8018090089129288,0.3213442590166692,0.7270815521978329,-0.15461073092829725,0.5058743193618982,reverted,ATACGCGCAAGTGAGA,-4.0723,4.7974
AATGCGGAGTGTCCTT-E15S,E15S,Tumor,2.0779131621080253,1.8330300028938726,0.654608047944217,0.0891180940305767,0.1546414557084582,0.6979375421012121,persistent,AATGCGGAGTGTCCTT,-1.8845,6.7133
GTATCGATCACAGCGT-E15S,E15S,Tumor,1.188162605114898,1.6648105463269172,1.0212171740917675,0.002574847040273138,0.20465948709293375,0.6986720836138824,persistent,GTATCGATCACAGCGT,-3.1847,4.4161
ATCGCATGTCTGGTAT-E15S,E15S,Tumor,1.55515768348878,1.2913570154551097,0.6475312590163741,0.09498054340470384,0.017357314643634776,1.176170303014538,persistent,ATCGCATGTCTGGTAT,-4.5701,4.0256
TCACCAAAGTAGCACC-E15S,E15S,Tumor,0.9898584940514585,1.2459220574071164,0.5419507200481142,0.23015230241102524,0.10359570742857308,1.0591240359757508,persistent,TCACCAAAGTAGCACC,-3.3869,4.0262
CAGTTATAGCGACTGT-E15S,E15S,Tumor,1.5212881227151132,1.8233065749228325,0.3033244848888885,0.7610658709449625,0.05825230239776211,0.8695446364621683,reverted,CAGTTATAGCGACTGT,-2.7918,7.1341
GGCTGAGGTAATGGTG-E15S,E15S,Tumor,1.0583427548915052,0.9507354863197525,0.30735934718453,0.7537152535856746,0.1115005110536508,0.7086099794471479,reverted,GGCTGAGGTAATGGTG,-2.3057,8.7591
ACCACAGCATAGGTTA-E15S,E15S,Tumor,2.155267277829635,1.6369261625108498,0.3095363302281087,0.7496865869820747,-0.1823760942968032,0.5473209760738844,reverted,ACCACAGCATAGGTTA,-1.9475,6.7888
GCCTTCATCGACCCGA-E15S,E15S,Tumor,2.0481429412473715,1.8826730430932639,0.2818352309929068,0.7976382683224993,-0.08081041478794473,0.5526384043694376,reverted,GCCTTCATCGACCCGA,-1.6957,6.3163
GTAATCACAGTTGGTG-E15S,E15S,Tumor,1.0330051213706122,1.8323237876769691,0.23211361525601498,0.8658309452591827,0.03850452592392573,0.6990396727015072,reverted,GTAATCACAGTTGGTG,-3.0858,7.0956
GTGCCATAGGGGCATA-E15S,E15S,Tumor,1.7566188066264588,1.4027441927124267,0.35185358187701904,0.6631503694389259,0.05458372390131001,-0.17646617363754094,partial,GTGCCATAGGGGCATA,-4.9683,4.6015
ACACTCCCATAGAGCT-E15S,E15S,Tumor,1.619267357536614,2.2317280337347833,0.3179308399646803,0.7337455224019517,-0.049154135041934,0.4729049840557863,reverted,ACACTCCCATAGAGCT,-3.0544,8.2085
ACGGGCAGTTCCAGAT-E15S,E15S,Tumor,1.919758622334546,1.5981147753957745,0.034314358821613364,0.9786635757487119,0.07075381806481684,0.23314116736883617,reverted,ACGGGCAGTTCCAGAT,-2.3423,7.0141
AGGACCCCATAGGGTT-E15S,E15S,Tumor,1.1184196872768033,1.6022537889647974,-0.053824887203750484,0.9909837934018993,-0.03925496726480132,-0.17750878338786635,reverted,AGGACCCCATAGGGTT,-3.3723,6.4211
ACTATCTCAGTTGCTC-E15S,E15S,Tumor,1.3965740917008407,1.5964060969783134,0.25255778565696946,0.8404908460721479,-0.10640713193364437,1.5995979261452893,memory,ACTATCTCAGTTGCTC,-4.1885,6.9373
GGCGATGGTTAGAGTG-E15S,E15S,Tumor,1.2840283430147765,2.356983414192024,0.13063136103434703,0.9463833189700077,-0.16379635214790417,0.443608513031611,reverted,GGCGATGGTTAGAGTG,-4.5646,4.7008
TCCTCAACAATGTAGC-E15S,E15S,Tumor,1.6276042189369255,1.6536329235953175,0.44308597785659776,0.44344166754408276,-0.11947156559166162,0.25378204565946944,partial,TCCTCAACAATGTAGC,-1.528,6.396
CAGTACGCAGGGCATC-E15S,E15S,Tumor,1.0691356611771545,1.6344059151333223,0.35235243105289993,0.6620446102084815,-0.046302603255101604,-0.7979860091993929,partial,CAGTACGCAGGGCATC,-3.5663,4.7161
CATCCCGCAATGAAGG-E15S,E15S,Tumor,1.6367493977386254,2.216424572606739,0.287953253414533,0.7876700827727745,-0.050859742395295504,0.222166957927384,reverted,CATCCCGCAATGAAGG,-2.3901,7.2201
CTGTAATAGGGTGAGC-E15S,E15S,Tumor,1.8737144859458479,1.7248038832809267,0.8184447870653996,0.018911451180987512,0.4351412822770895,-0.17640544562632174,persistent,CTGTAATAGGGTGAGC,-3.7608,4.5479
CCTGTCGCAGGATCTG-E15S,E15S,Tumor,1.8391869747717864,1.827873150703834,0.08476885931714813,0.9652938275299603,-0.011227777826782873,0.5702523519598035,reverted,CCTGTCGCAGGATCTG,-1.5364,6.1182
ACCCTTTAGGTGGACA-E15S,E15S,Tumor,1.2975907075553492,0.8392987834506598,0.6011323440932655,0.1425538814416796,-0.06605463671007139,1.314851078317716,persistent,ACCCTTTAGGTGGACA,-3.5283,3.8108
GCCAACTAGCGGATGA-E15S,E15S,Tumor,1.1439580302515262,2.512289882645433,0.5560085257891323,0.20638832113706818,0.20358232621462263,0.7601240869275906,persistent,GCCAACTAGCGGATGA,-2.0646,7.1344
ATAGTCACACCTTGGT-E15S,E15S,Tumor,1.5159784597045587,1.4864431774144526,0.08915000443315327,0.9638087621541557,-0.18683643563002555,0.5332891031421948,reverted,ATAGTCACACCTTGGT,-2.6177,6.4244
GGTACGGGTATGTGCT-E15S,E15S,Tumor,1.4271676338094534,2.227627416326178,0.4793058418049644,0.3574782090206899,-0.32157060947467286,1.178448056495184,partial,GGTACGGGTATGTGCT,-4.3884,4.4569
ATCACATAGTCGCGTG-E15S,E15S,Tumor,0.6265658748479273,0.8332703649765932,0.6831752406610324,0.06864481576171995,-0.08463958295356341,-0.1601829653445866,persistent,ATCACATAGTCGCGTG,-0.8896,7.7391
CACGACTAGCAGGGTA-E15S,E15S,Tumor,1.2027490969674792,1.7267473538239584,0.46600646979895555,0.3883002179801505,-0.12920779008210617,1.3507319652096113,partial,CACGACTAGCAGGGTA,-2.3856,6.452
CTCGTGAGTCATCATA-E15S,E15S,Tumor,1.945506635078116,1.3829937641510075,0.07367888186266329,0.9687949280940652,0.040237858054311015,1.0605647419452848,memory,CTCGTGAGTCATCATA,-2.2855,7.4136
TCCCTAACATCCTATG-E15S,E15S,Tumor,1.8172132321479035,1.46663961248662,0.250826909845819,0.8427782194128342,-0.7942415989081415,0.7638623817337106,reverted,TCCCTAACATCCTATG,-3.349,7.8522
TGCCATGGTGAGGTAC-E15S,E15S,Tumor,0.9936682183754049,0.6227593952608547,0.2885395040123115,0.7866963093166889,-0.5110333305418395,0.8743845562340449,reverted,TGCCATGGTGAGGTAC,-3.5537,3.7295
ACTGAAGGTTGCAGTT-E15S,E15S,Tumor,0.809937328144233,0.9199530950584693,0.543534127882737,0.2273824185266728,-0.3207131425876993,0.9019404451626273,persistent,ACTGAAGGTTGCAGTT,-2.4645,8.8302
ACTATGGTCTATCTCA-E15S,E15S,Tumor,1.0753595765900885,0.9935865578118069,0.4913362822387562,0.33056995726130856,-0.002884771751996843,-0.15118243884723667,partial,ACTATGGTCTATCTCA,-1.6399,7.925
AACGTTGTCCAGCGAT-E15S,E15S,Tumor,1.8208444248573146,1.6561607761727786,0.14872058132331062,0.9365191989368584,0.0743797269016174,0.9520156479035337,reverted,AACGTTGTCCAGCGAT,-2.3955,8.1181
ACGAAATGTCATGCTG-E15S,E15S,Tumor,1.5846164180324989,2.2555232564129457,0.22764217154611566,0.8708981619535298,0.004595029884606014,0.5135166579157446,reverted,ACGAAATGTCATGCTG,-2.309,7.7005
ATGAGTAAGGTACGTC-E15S,E15S,Tumor,1.1413942165390696,2.3662380590322907,0.23441090228797337,0.8631628008125565,0.1835712937980722,0.5181895793105087,reverted,ATGAGTAAGGTACGTC,-1.8174,7.426
AACCCAGCAACGTTAA-E15S,E15S,Tumor,1.606311864962542,1.5840816388767953,0.6288596760129377,0.11213110790151697,0.027087605489418548,0.8013602351419994,persistent,AACCCAGCAACGTTAA,-2.7039,7.9898
GCGTTTCCATTACGGG-E15S,E15S,Tumor,1.6167518501382567,2.202402203261961,0.021991065061288496,0.9810711533511541,-0.024257333089312147,1.0356807506164183,memory,GCGTTTCCATTACGGG,-4.1787,4.5871
CGCAGCTGTAAGTAAC-E15S,E15S,Tumor,1.352662912878192,1.761197240859653,0.200953530709426,0.8978482734578915,-0.09719900833348266,1.0739770635784214,memory,CGCAGCTGTAAGTAAC,-3.3224,6.6241
TGCCATAAGAAGGTAC-E15S,E15S,Tumor,1.142886313176023,2.735212220969628,0.1979892607815745,0.9005125557889185,-0.01835540330830053,0.2625966245750829,reverted,TGCCATAAGAAGGTAC,-1.7448,7.3367
TCCATCCGTAATGTCC-E15S,E15S,Tumor,0.6148637187946848,0.6151877339800551,1.160413020355639,0.0006489431337780404,0.011231301362616557,0.27743866316012344,persistent,TCCATCCGTAATGTCC,-0.9685,7.863
ATGCCCAGTCAAGTGA-E15S,E15S,Tumor,1.378969747837617,0.9407840527823375,0.3356129482641952,0.6981262994183521,-0.16178071412894843,0.23939515620212667,partial,ATGCCCAGTCAAGTGA,-3.204,3.7778
GCCCATAGTAAGCGTA-E15S,E15S,Tumor,1.3246929201084767,1.6407082327703568,0.4970302973339018,0.31819818223623675,0.07283537905552881,0.22034243508696913,partial,GCCCATAGTAAGCGTA,-3.7071,4.5725
CATCTCACATGGAACT-E15S,E15S,Tumor,2.026359967994991,1.4886529218058968,0.1766747892309889,0.91790871078735,0.07503260994288652,0.2774966986624043,reverted,CATCTCACATGGAACT,-2.3263,6.6767
CCACTAGGTTAGCAGA-E15S,E15S,Tumor,1.689125131848664,1.8720499476505594,0.12097250060573762,0.9510401278210513,0.10130910027107129,0.5156872823106736,reverted,CCACTAGGTTAGCAGA,-2.5869,7.6201
CTTCGAGGTTGCGACC-E15S,E15S,Tumor,1.5927046935518794,1.758854497099868,0.05235927741637342,0.9745895667528351,0.07091520255100844,0.2186362130522582,reverted,CTTCGAGGTTGCGACC,-2.1602,6.6477
CTCATGTTCGCGCACA-E15S,E15S,Tumor,1.704992116896465,1.2843278053420475,0.32836887740218057,0.7130444438170939,-0.018450187312088827,0.7087655214141779,reverted,CTCATGTTCGCGCACA,-4.8294,5.0716
ACAAGGCGTAGCGCGA-E15S,E15S,Tumor,1.218985971859377,1.534979321024036,0.2249845818660165,0.8738319755740186,-0.341507725555881,0.22605465242156686,reverted,ACAAGGCGTAGCGCGA,-4.3131,5.7352
GTGACTATCACTATCC-E15S,E15S,Tumor,1.8431392337237653,1.4432244516420543,0.4050864199894498,0.5373206049834989,-0.12279852565201588,0.2532295244969747,partial,GTGACTATCACTATCC,-2.6092,7.6212
ACCATCAAGCTACAGC-E15S,E15S,Tumor,1.6001481023283124,1.7742175776713434,0.28357409712238274,0.794841106736369,0.2078963811334349,1.1930736790199605,memory,ACCATCAAGCTACAGC,-3.1747,8.0084
GGGTACGGTAACGACA-E15S,E15S,Tumor,1.4938681005628969,2.1285270193595576,0.13455381084271553,0.9443752994534483,-1.0617260768505317,1.1309341626221738,memory,GGGTACGGTAACGACA,-2.3957,6.3387
TGCCAGGTCCATCGGG-E15S,E15S,Tumor,1.5612190772971226,1.4797238447517582,0.10416940088122625,0.9582399576682484,-0.0028419720065235993,1.1947990151643995,memory,TGCCAGGTCCATCGGG,-3.3502,7.5702
TATGGCGCACATAGTA-E15S,E15S,Tumor,1.5215960398071098,2.2390939380481307,0.6128857692028151,0.12889395364330833,0.2597660924870675,0.3084487186235707,persistent,TATGGCGCACATAGTA,-1.6975,7.3602
CGTTATGAGTGCGGTT-E15S,E15S,Tumor,1.835705856301172,1.2843718177825532,0.35128030037140423,0.6644189142203071,-0.33407247802306317,0.7090559677295215,partial,CGTTATGAGTGCGGTT,-2.3438,8.0613
CCCAATCCAAGCGCAC-E15S,E15S,Tumor,1.2657396192416224,1.9417393720302494,0.3815788994627762,0.594509216455269,0.08465498333907748,0.5285655549227427,partial,CCCAATCCAAGCGCAC,-3.1007,8.6993
TGTATCAGTGCGGAAT-E15S,E15S,Tumor,0.43774791691607345,0.6398183623245494,1.0481995935910922,0.0019716357715650395,-0.064335851619036,-0.15846159513167776,persistent,TGTATCAGTGCGGAAT,-2.8332,3.8683
AGACGGGCAAACTCAA-E15S,E15S,Tumor,1.2536939469197628,0.8466322010628899,0.7925404237673754,0.02431484524477148,0.21307237103365248,0.7148508751861493,persistent,AGACGGGCAAACTCAA,-3.6281,3.4946
GCACGAAAGAAGCCTC-E15S,E15S,Tumor,1.2860610640914882,1.887638826402143,-0.009718978496101226,0.9861067788177931,0.07590788794107964,-0.7979860091993929,reverted,GCACGAAAGAAGCCTC,-1.9899,6.5038
ACTGTTAGTATGTACC-E15S,E15S,Tumor,1.3836383931574852,1.6972824589701816,0.16162450799702502,0.9284745633664357,-0.3252504933914836,0.7265574681150827,reverted,ACTGTTAGTATGTACC,-2.0619,7.9654
AGGGTCAAGCCGACCA-E15S,E15S,Tumor,1.3664438928467673,0.7428520113589249,0.7905164559459484,0.024795495580787908,0.2937709959513133,0.7384372010472966,persistent,AGGGTCAAGCCGACCA,-3.4474,3.4469
ACAGCAAGTGATTCCG-E15S,E15S,Tumor,1.72940170554222,1.4342187125120207,0.30401622128213823,0.7598164430892184,-0.018432187961264092,0.5158181824074785,reverted,ACAGCAAGTGATTCCG,-2.8664,8.1642
TGCGATTGTGAGCAGT-E15S,E15S,Tumor,1.1230121611136907,0.9200724284840702,0.44314974202665525,0.4432856397867984,0.020291637978987104,1.1549616318909781,partial,TGCGATTGTGAGCAGT,-1.8428,8.1121
CATCCCGCAGCCAGGT-E15S,E15S,Tumor,1.3123670483231467,1.434807345347119,0.7989912430187951,0.022842771280078524,-0.0629822855834712,-0.15215674108002025,persistent,CATCCCGCAGCCAGGT,-3.4018,3.7051
CATAGCCAGAATCGAA-E15S,E15S,Tumor,1.214770772903369,2.1024355099226777,0.21311232019411075,0.8862491161700208,-0.11351795411267437,-0.1642046680755836,reverted,CATAGCCAGAATCGAA,-3.0132,6.9879
GTGCGGTCATTGACGG-E15S,E15S,Tumor,0.5384157767089125,0.6057565646233626,0.7949519707275752,0.023754006191376954,0.21055521688065304,0.7434083911865641,persistent,GTGCGGTCATTGACGG,-1.2104,8.2884
CGAGTGAAGCAATCGC-E15S,E15S,Tumor,1.7610832138276193,2.113560063185166,0.20713105642578622,0.8920921287227191,0.21051556137655109,0.7366044471190756,reverted,CGAGTGAAGCAATCGC,-2.1901,7.2426
CTAATTGGTGCAAGGT-E15S,E15S,Tumor,1.7542629250049842,2.531988313894199,0.8257448676286595,0.017614255010841413,0.2116239570423038,-0.1788371083510019,persistent,CTAATTGGTGCAAGGT,-2.9895,8.21
CCGTACCTCAAGTGAA-E15S,E15S,Tumor,1.2993716740193166,0.8171969806146103,0.5955433926075131,0.14946240267324715,-0.11162340583908836,0.763140084578933,persistent,CCGTACCTCAAGTGAA,-3.3399,3.8739
GCCACCTTCACAGGAG-E15S,E15S,Tumor,1.4141933773534345,2.0843930750220068,0.1430390644441265,0.9397869927706985,0.12441186473489332,0.9828863861204931,reverted,GCCACCTTCACAGGAG,-4.2459,4.5268
AGTTGCATCCCGCAAG-E15S,E15S,Tumor,0.7345016073188836,1.3608117609224843,0.505705282079826,0.29983635303773515,-0.3492735311841477,1.2221984115517759,persistent,AGTTGCATCCCGCAAG,-1.6264,7.7398
GTAGGAACAAATGGCT-E15S,E15S,Tumor,1.732620336288347,1.32674193465728,0.5361254493021865,0.24054502329471003,0.3015014557526083,1.2082137479096555,persistent,GTAGGAACAAATGGCT,-3.2239,7.185
CTCTAATCACAATGAC-E15S,E15S,Tumor,1.6304328384007323,0.9574676130867631,0.5489170155915889,0.21814277423811987,0.21370935012997197,1.8633952832227612,persistent,CTCTAATCACAATGAC,-2.9038,8.7183
ATGAAACGTGGCAGCA-E15S,E15S,Tumor,1.3690150964228007,2.2975316936227217,0.4311517846192028,0.4728073628757669,0.039267881526995625,0.5332994812056149,partial,ATGAAACGTGGCAGCA,-2.0134,8.0866
TGCATTTCAAGTAGAG-E15S,E15S,Tumor,1.6404819804569264,1.2182561106555474,0.5125468716719542,0.2857916377612443,0.14758896990224352,-0.15304282024254925,persistent,TGCATTTCAAGTAGAG,-3.6794,5.0117
GGCAATGAGGCGTATC-E15S,E15S,Tumor,1.2681630223681355,0.7175033733513589,0.8496483038419889,0.01394929882191571,0.32670124984797844,-0.18078272679681442,persistent,GGCAATGAGGCGTATC,-1.7915,7.9893
ACAATCACAAGGGATA-E15S,E15S,Tumor,1.4554490183111353,1.8972170174776775,0.2174916503919041,0.8817978056353342,-0.3642484437161932,1.0768023399723063,memory,ACAATCACAAGGGATA,-2.5069,7.9592
CTACTCACAAATGCCG-E15S,E15S,Tumor,1.8839828544226656,1.4189838464584275,0.2727836534791409,0.8117382882747867,-0.04288284657932698,0.5510210168373104,reverted,CTACTCACAAATGCCG,-2.8165,7.6231
CAGGGGACAACCTGCT-E15S,E15S,Tumor,1.0670196239973757,1.582705039474183,1.3420187409581372,0.00010726077043105952,-0.1444943107513761,-0.7979860091993929,persistent,CAGGGGACAACCTGCT,-3.1991,4.1083
GGGTACGGTAGGCCAG-E15S,E15S,Tumor,1.0121157493394892,1.1337687508218144,0.3516385368504387,0.6636264931285049,0.13987477608927854,-0.14537294015877597,partial,GGGTACGGTAGGCCAG,-2.9153,4.349
TACTGTGAGCATCTCT-E15S,E15S,Tumor,1.3421806716265197,0.9265521523217827,0.2935312300094242,0.7782733177611294,0.18720590744809723,0.9591481843971567,reverted,TACTGTGAGCATCTCT,-1.5461,7.1902
ATTCTCATCGAGTGTC-E15S,E15S,Tumor,1.219784864018309,2.6468323968236884,0.009464797414855175,0.9832449096776793,0.18976489897687102,-0.18017157825535926,reverted,ATTCTCATCGAGTGTC,-1.4238,7.7113
ACGGACAAGGCTCTGG-E15S,E15S,Tumor,1.2750524882808492,2.1550596309736547,0.16757815154351519,0.9244538468691138,0.10316158515116,-0.146144389880125,reverted,ACGGACAAGGCTCTGG,10.3872,16.1067
ATTCATCCAGGCAACC-E15S,E15S,Tumor,2.1528384812919397,2.0538110703460064,0.5700658786361428,0.18449070586098756,0.4633593072822909,0.23087844357338008,reverting,ATTCATCCAGGCAACC,-3.91,4.6278
CCCAAATGTTTAGGTC-E15S,E15S,Tumor,1.4496595754923827,2.254108177114399,0.09805820655976483,0.9605984329381757,0.04162345237791801,1.3449746257638548,memory,CCCAAATGTTTAGGTC,-2.7629,7.936
CATGATTAGGTGGATG-E15S,E15S,Tumor,0.6933869652831496,0.953457409883725,0.6993164602653967,0.05909279122014398,-0.4375087512830298,0.24075628343797995,persistent,CATGATTAGGTGGATG,-1.2155,7.8205
TGTCGTTTCTCACCAT-E15S,E15S,Tumor,0.6831979868306349,0.6072815659575693,0.30035105241171867,0.7663856181788695,-0.05666883714072629,-0.17405807361380196,reverted,TGTCGTTTCTCACCAT,-2.4953,4.4361
ACAAGCCTCACCAAGC-E15S,E15S,Tumor,0.36384688504470997,0.5984699965534466,0.8451808589442008,0.014571862884867953,-0.2691636206471441,0.7845206964566179,persistent,ACAAGCCTCACCAAGC,-0.623,7.5674
ACAACCGCATGAGCCA-E15S,E15S,Tumor,1.7778519037247167,1.4214636359231234,0.47041247792287866,0.3779758856619115,-0.025030158990843477,0.9501843138882796,partial,ACAACCGCATGAGCCA,-5.0446,5.199
GGTGTCCGTCAAGTGA-E15S,E15S,Tumor,1.999979785040719,1.6114061218912579,0.3593763041890957,0.6462914302466144,0.010841176511828723,0.9367619425575578,partial,GGTGTCCGTCAAGTGA,-2.3962,6.8901
CCATGCCTCAATGTGT-E15S,E15S,Tumor,1.5837395781764378,1.2377375948974736,0.4012572893915246,0.5467447147151558,-0.0250771819128161,0.9203396188591201,partial,CCATGCCTCAATGTGT,-3.8533,7.5591
TCACCCTGTCCATAGT-E15S,E15S,Tumor,1.0629398486103252,0.7760393710208888,0.24843773503932587,0.8458916205969053,-0.1182808650842364,-0.1322430159652208,reverted,TCACCCTGTCCATAGT,-3.8462,3.8899
TAAGCGGAGTAGTGAA-E15S,E15S,Tumor,1.684817463070783,1.1267969370783002,0.6870375646365374,0.0662365872822435,-0.2981617858284352,1.0417158516108662,persistent,TAAGCGGAGTAGTGAA,-2.7702,8.8419
AACCGATCATGGTTAA-E15S,E15S,Tumor,1.0586941845669173,1.8582219328346663,0.49944092288757824,0.3130354990928366,-0.05418048037827595,-0.1264946469912196,partial,AACCGATCATGGTTAA,-3.5896,5.331
ACTGCCTCATTAGTGA-E15S,E15S,Tumor,1.4755404170188773,0.8259931390392944,0.30319394672470273,0.7613011507571085,-0.10814651677963084,0.25331236238297244,reverted,ACTGCCTCATTAGTGA,-1.8521,7.6041
ATGGGCAAGGTGACTC-E15S,E15S,Tumor,1.6188205214042064,2.0693980226678166,0.5995136116789915,0.1445269572503308,0.3155267793983385,0.511214287144312,persistent,ATGGGCAAGGTGACTC,-1.7447,7.3813
GTGTCCCTCAATCTGG-E15S,E15S,Tumor,1.1653015929042705,1.7840806072748137,0.6277670394155628,0.11321420821993493,0.00606290377352537,0.7142857555602242,persistent,GTGTCCCTCAATCTGG,-3.0029,8.6636
ACTCACTTCACTCTCG-E15S,E15S,Tumor,1.4499405605807487,1.0593737247987929,0.642458953197993,0.09939254505043997,-0.44850711937252413,1.3331755072876046,persistent,ACTCACTTCACTCTCG,-2.3709,8.1359
CGAATCATCTCATCCG-E15S,E15S,Tumor,1.8020859822364959,1.5696011812055475,0.2227763369191211,0.8762261763282992,-0.39174342280754937,1.0309305518731209,memory,CGAATCATCTCATCCG,-1.8968,6.0958
AGTCTTGAGGCACAGA-E15S,E15S,Tumor,1.1781613391423844,2.301666899628993,0.3049449983983942,0.7581318529975687,0.18052541033985708,0.4796706386828314,reverted,AGTCTTGAGGCACAGA,-3.1067,7.8041
GTTCACAAGGCGATGA-E15S,E15S,Tumor,1.2486699353774016,2.3255331414857783,0.7009859516844947,0.05817911771163754,0.19549480062040953,0.2413125950992698,persistent,GTTCACAAGGCGATGA,-3.0394,3.9216
CTGTATAGTGAGCGTG-E15S,E15S,Tumor,1.919011162151296,1.405417719463754,0.5657368732974746,0.1910361482865977,-0.1322592498126437,1.1750051634949403,persistent,CTGTATAGTGAGCGTG,-4.3266,4.3133
CAATGGTCATGCGTTC-E15S,E15S,Tumor,1.0927585527819603,1.040612249096209,0.38899752893005307,0.5766612278329117,0.19179322723819178,0.5178559871208521,partial,CAATGGTCATGCGTTC,-2.6063,8.6791
AAATGTGAGTGACGAG-E15S,E15S,Tumor,1.648122598210026,1.7672043448929773,0.6624645626941869,0.0829937979596414,0.14685255785460816,0.5260694268769702,persistent,AAATGTGAGTGACGAG,-2.8653,7.2706
ATATCAGCAAGGGTCC-E15S,E15S,Tumor,1.517056013259778,2.216386483484234,0.15623802040799833,0.9319411542138556,-0.14204653625273525,0.3020052972139136,reverted,ATATCAGCAAGGGTCC,-2.8171,5.0545
ACGGATTCACTCAGGA-E15S,E15S,Tumor,1.062791664068999,1.4327098328725707,0.5933216355499968,0.15228445104255084,0.1609416278263947,0.23088722706698295,persistent,ACGGATTCACTCAGGA,-3.3727,4.1816
CTGTTAGAGGATCTGC-E15S,E15S,Tumor,1.3531434979458847,0.998299714183267,0.45418253774416706,0.4164829099958714,-0.2977266218680167,0.5253421240072425,partial,CTGTTAGAGGATCTGC,-3.4785,3.5624
ACCGCTAGTTTACCGG-E15S,E15S,Tumor,1.052293428799308,0.9590806857339887,0.26359385217889264,0.8252690296139773,-0.09504617488502491,0.2527695726612639,reverted,ACCGCTAGTTTACCGG,-1.9226,8.2205
AAGGTTAAGGCGTATC-E15S,E15S,Tumor,1.2299649523346625,1.8231315426026018,0.46630968609286133,0.3875863697927992,0.1488624400991458,0.9481445263197296,partial,AAGGTTAAGGCGTATC,-2.2107,7.2909
AGCGATAGTGCAGGCA-E15S,E15S,Tumor,1.5966713950758469,1.9163469065582295,0.7669589548355041,0.031116319460075592,-0.3321589210125382,-0.15174895702180108,persistent,AGCGATAGTGCAGGCA,-2.346,7.3129
CAGTCCTCATCCGTGT-E15S,E15S,Tumor,1.352402293872029,1.781234097266768,0.6841998862749052,0.06799813862681774,-0.5928621353507646,-0.7979860091993929,persistent,CAGTCCTCATCCGTGT,-2.9921,4.0088
GGTTAGCTCGCTCGCT-E15S,E15S,Tumor,1.5842307367767636,2.0728368179088483,0.11630894057265974,0.9531488046282286,0.06365952702556703,-0.7979860091993929,reverted,GGTTAGCTCGCTCGCT,-2.2355,7.7796
CAAGTCGCAAACCAGT-E15S,E15S,Tumor,1.6106247939057112,1.5195423444752796,0.3899931717117605,0.5742494843111063,-0.7813832120595214,0.7785238825606253,partial,CAAGTCGCAAACCAGT,-3.8381,5.0933
GGCATGTTCCATCAAG-E15S,E15S,Tumor,1.7905889913039743,1.6763394895866368,0.2701184901438072,0.8157433329555461,0.2393622807719234,1.1613122648128882,memory,GGCATGTTCCATCAAG,-2.1453,6.6717
TCGCAGACAAGCGGAG-E15S,E15S,Tumor,1.0332235620302226,0.773388422187667,0.18303615568038226,0.9130290042796995,-0.22106829648672127,0.2618746673450715,reverted,TCGCAGACAAGCGGAG,-1.8728,8.0149
AACGCTCAGCGAGGTA-E15S,E15S,Tumor,1.3961735554410533,0.9915966216589688,0.7278197336646768,0.04520253562928898,-0.25014835985666545,0.5186043104558492,persistent,AACGCTCAGCGAGGTA,-4.1788,4.284
ATACCCTTCAGTATCG-E15S,E15S,Tumor,1.6888771192289023,1.2840254266738425,0.4441431725207457,0.44085622857032913,-1.592107796088065,0.518442428786394,partial,ATACCCTTCAGTATCG,-4.6,5.7603
TCATAACAGGTTCATG-E15S,E15S,Tumor,1.553613231512614,1.8491606778571634,0.6037612842837379,0.1393973648866633,-0.32018655643352156,-0.14039056507753156,persistent,TCATAACAGGTTCATG,-3.6951,7.6971
CGGTGAGGTTGTGGAA-E15S,E15S,Tumor,0.6102967222398801,0.6060843398531826,0.29039567189361576,0.7835917391773854,0.1459579231946199,-0.12167093190275913,reverted,CGGTGAGGTTGTGGAA,-2.4295,4.4793
CGTCCATCAACGGTAT-E15S,E15S,Tumor,1.9728632488289082,1.4157893355494382,0.3054348981372064,0.7572400515718555,0.05889169612618583,0.8554859618977341,reverted,CGTCCATCAACGGTAT,-2.008,7.003
TGCTACAAGTCATTCC-E15S,E15S,Tumor,1.5396765150190987,1.9478490521548448,0.577280129491061,0.17397072756319748,-0.14765314775292185,0.7924211232374403,persistent,TGCTACAAGTCATTCC,-3.0277,4.7831
AGGTAATGTTAGACCT-E15S,E15S,Tumor,1.301220174277292,2.3585605961083655,0.2205644894156966,0.8785850673110425,0.02788161258108126,0.9638061987788534,reverted,AGGTAATGTTAGACCT,-2.7559,8.1081
GTGTTACGTCAGGCTC-E15S,E15S,Tumor,0.9784310318927423,2.153210147659172,0.8420226876393451,0.015028409701707842,-0.5097689988084881,0.26034989673853887,persistent,GTGTTACGTCAGGCTC,-3.1659,3.6609
ATGGTGAGTTGTAAGG-E15S,E15S,Tumor,1.4571185620025002,2.1654978875017923,0.496905482574584,0.31846672470010634,0.04961317780934379,0.5296990197381433,partial,ATGGTGAGTTGTAAGG,-3.2206,3.9875
GGGTTGGGTGGCGTTC-E15S,E15S,Tumor,1.0961989103367435,1.3992763419822365,0.8211214313911421,0.018425287767466148,-0.9325188200833557,0.5237370887826265,persistent,GGGTTGGGTGGCGTTC,-2.2075,8.6884
TCGGGCATCCTGAGAC-E15S,E15S,Tumor,1.7334449612205973,2.1252993687016346,0.13413814032384852,0.9445914019424149,0.09667941577721013,0.2682782103700992,reverted,TCGGGCATCCTGAGAC,-2.1527,6.9108
CTACTTGCAAGCACCA-E15S,E15S,Tumor,1.200297082793189,2.1843366655992202,0.8508600439446308,0.013785005207726547,0.3233763077260441,0.2781161701558233,persistent,CTACTTGCAAGCACCA,-3.0796,4.0053
TAACGAAAGTGACCGT-E15S,E15S,Tumor,0.8828479736103647,0.9675594577245704,0.528913990138363,0.25384831385863427,-0.27020369065461797,1.112255343756434,persistent,TAACGAAAGTGACCGT,-1.657,8.1188
TGGAACCTCCGTCCGT-E15S,E15S,Tumor,1.5686011908016946,2.1966644895052045,0.5343260734225652,0.24381931382084543,-0.15370800394910555,0.7802465928372251,persistent,TGGAACCTCCGTCCGT,-3.4377,8.2503
GGATTCATCTCATCAC-E15S,E15S,Tumor,1.2815678454737567,2.099480893108217,0.7554219268970164,0.03475621470024657,0.2650595925288425,-0.1351068925301898,persistent,GGATTCATCTCATCAC,-3.1152,3.9948
GCCAATATCCGTGCGA-E15S,E15S,Tumor,1.2003300415110996,1.20624599789826,0.2616484987970836,0.828032964961524,-0.10009440648795948,0.6165534805963367,reverted,GCCAATATCCGTGCGA,-2.2716,8.0044
GCACCTAGTCTTGCAG-E15S,E15S,Tumor,1.505300116950853,1.5182693882145624,0.5524081876496927,0.2122965771710196,-0.5681894321879699,0.24773885578307756,persistent,GCACCTAGTCTTGCAG,-3.2167,7.7123
TGGATGCTCCGGTAAC-E15S,E15S,Tumor,1.598741693388168,1.9803032598598682,-0.23655131244453254,0.9985158240505936,0.018853117176706707,0.28780887945563016,reverted,TGGATGCTCCGGTAAC,-2.4147,4.6275
GCAAGGATCTGGTGTA-E15S,E15S,Tumor,1.3964252043172707,1.647835740123135,0.21373694854969066,0.8856232744113267,-0.033620585987197776,1.0929956286779703,memory,GCAAGGATCTGGTGTA,-2.7479,6.4192
CTACTTGCAAGCATTA-E15S,E15S,Tumor,1.3145664996575102,1.562632435448345,0.15522985015543767,0.9325724396117682,0.24331419298191667,0.5404941362278796,reverted,CTACTTGCAAGCATTA,-5.1186,5.1993
CGGACAGGTTGTGGTT-E15S,E15S,Tumor,0.4509188006859077,0.4703522455677672,0.4533639525031136,0.41845669700341304,0.2236873239919542,-0.11731021882999859,partial,CGGACAGGTTGTGGTT,-0.9253,7.9324
GCCATAGCAAGTGTGT-E15S,E15S,Tumor,1.43323018142411,1.6716467913198967,0.5399199702147628,0.2337392203118237,-0.15387127146874574,0.7909017178487808,persistent,GCCATAGCAAGTGTGT,-4.3142,4.5166
TAGCTAGTCCGCGCAA-E15S,E15S,Tumor,1.0141429499002925,1.9898484410349924,0.7710867218726827,0.029905849695323554,0.10366917521013347,0.5464606160389638,persistent,TAGCTAGTCCGCGCAA,-3.1087,7.3294
TGGTTAGTCCTGATTC-E15S,E15S,Tumor,1.1895922003265045,1.1732954395148285,0.5245377538901335,0.26215428276193736,0.01057911540989051,1.1448126328920294,persistent,TGGTTAGTCCTGATTC,-2.4501,7.877
ATGGTTACAAGCCTAG-E15S,E15S,Tumor,0.5397524723158148,0.6923796071501832,0.6380213309815963,0.10340107541377908,-0.3479714624324826,1.1266965611965043,persistent,ATGGTTACAAGCCTAG,-0.9418,7.6865
TGGGATTCAAAGGGAC-E15S,E15S,Tumor,1.0740102580195252,1.556129204613826,0.43642361999073637,0.45979987775200853,0.29995014214380705,0.27376736707796334,partial,TGGGATTCAAAGGGAC,-3.096,7.2061
CCACCTATCGTTAGAT-E15S,E15S,Tumor,1.1550908021028248,0.9801317987346566,0.6802486380448135,0.07052335279129639,-0.47169524948510266,1.3182417825054975,persistent,CCACCTATCGTTAGAT,-2.0599,8.4011
GTTAACTAGCGAGACA-E15S,E15S,Tumor,2.357254050342518,1.5601967289705192,0.2206423105785583,0.8785027342980968,-0.4117451770570701,0.9885922981866043,reverted,GTTAACTAGCGAGACA,-3.8832,5.0542
TGTAGGTCAACTACCC-E15S,E15S,Tumor,1.0253111423954888,0.7648916067659611,0.8080606945795752,0.020919407711635158,-0.7644996381431867,0.245560012990282,persistent,TGTAGGTCAACTACCC,-3.6831,3.5857
GGTTAGGAGCATGACC-E15S,E15S,Tumor,1.3217803047496453,2.4962675419710787,0.9003077621939994,0.008488081409258741,-0.054121011205027644,0.30839725408675306,persistent,GGTTAGGAGCATGACC,-1.4029,7.7955
TACGAGGAGTCAAGCC-E15S,E15S,Tumor,1.592186731017008,1.221005946894194,0.785537844785278,0.02601754503527867,-0.1352977109445318,-0.14592321043564999,persistent,TACGAGGAGTCAAGCC,-4.3877,5.4719
CGATAACCAAATGCCG-E15S,E15S,Tumor,1.9374542127624539,1.3514182184123837,0.6151391685501698,0.12640606319479675,-0.14360597325826413,0.5603032770904954,persistent,CGATAACCAAATGCCG,-1.8983,7.485
GTATAGAAGGAGGTAT-E15S,E15S,Tumor,1.1138354974823441,1.7306847618665662,0.8566035752763914,0.013031865888437662,0.1928872851955105,0.5381767626455436,persistent,GTATAGAAGGAGGTAT,-3.4732,3.6771
CTGGAAAGTCAGGAAC-E15S,E15S,Tumor,1.6931388756472343,1.9887769162660223,0.3165202760096536,0.7364688769147041,-0.47560361575855153,1.1305790557657185,memory,CTGGAAAGTCAGGAAC,-4.372,4.0015
CAATTGGTCATGCCTT-E15S,E15S,Tumor,1.1930815725059558,1.2634504046311907,0.30961688228504536,0.7495366804354169,-0.01734898806747259,0.28261122638389075,reverted,CAATTGGTCATGCCTT,-2.085,8.2456
CGAGGATGTCAATGGA-E15S,E15S,Tumor,0.4134956526185391,0.5230835786499147,0.8149275175017435,0.01956946589236587,-0.021292631623524454,0.5522631181451781,persistent,CGAGGATGTCAATGGA,-1.3216,8.4987
CTGCTCGCATTACCCA-E15S,E15S,Tumor,1.4849801111609893,1.0596513259697329,0.15997373521711813,0.9295539241093338,0.06563289735007433,-0.11506732604379938,reverted,CTGCTCGCATTACCCA,-2.4827,4.3937
GGGAATTAGGTACGTC-E15S,E15S,Tumor,0.5384675391623248,0.6807445617409426,0.973698657812669,0.004118086676873735,-0.04172494454070027,0.7814980851934139,persistent,GGGAATTAGGTACGTC,-1.0608,8.1249
GTGTGAGAGGTATATC-E15S,E15S,Tumor,1.5525146896482054,1.011205217021209,0.3024722844231473,0.7625989910552953,-0.07711516597607813,1.2686126960563173,memory,GTGTGAGAGGTATATC,-2.7344,6.6073
ACCAAACCAACATAGC-E15S,E15S,Tumor,1.5062991515508473,1.0153204079017435,0.16815949649113832,0.9240503059021482,-0.006525363722244843,-0.7979860091993929,reverted,ACCAAACCAACATAGC,-1.6403,7.7588
TGGCTAATCCATAGGC-E15S,E15S,Tumor,1.6697959123104205,1.3784194369693537,0.3897533721480964,0.5748306779182235,-0.03848077010519953,0.31308138374553157,partial,TGGCTAATCCATAGGC,-2.541,7.1277
CCTATAGAGCCACATA-E15S,E15S,Tumor,2.237022659969593,1.563784104592148,0.09304852516436636,0.9624360189920409,0.0072364950795167846,0.30705075347862526,reverted,CCTATAGAGCCACATA,-1.6441,7.5546
TCTGTTGCACTTCAGC-E15S,E15S,Tumor,1.719819412826636,1.7738736484507984,0.21973734958173397,0.8794571940971121,-0.06876115651662099,0.285001853218738,reverted,TCTGTTGCACTTCAGC,-3.0912,7.8516
GTAGCGCCAGCTACTC-E15S,E15S,Tumor,1.5923836082348233,2.1387498864958214,0.17228012178091426,0.9211328324408052,-0.5024197583473485,0.7969053349220225,reverted,GTAGCGCCAGCTACTC,-3.4582,8.2733
AGTATGTTCACTTGCT-E15S,E15S,Tumor,1.1961742464477025,1.9600695612885317,0.05529219183702698,0.9738593847121413,0.09642356711726313,-0.7979860091993929,reverted,AGTATGTTCACTTGCT,-2.166,6.2014
CGTTCACCAGTTAGCG-E15S,E15S,Tumor,1.564587719780869,0.835400148963808,0.35637108040515786,0.6530728922052795,-0.06579067843518553,1.1788283466446905,partial,CGTTCACCAGTTAGCG,-3.3829,3.8457
GTCCTCATCACCCTTG-E15S,E15S,Tumor,1.3078857206889944,1.6923196174153488,0.7119105005494235,0.052520301431706384,0.1760080554679737,0.7981173528666928,persistent,GTCCTCATCACCCTTG,-2.5763,6.8529
CAATCCCCAATACTCT-E15S,E15S,Tumor,1.8983530441083718,1.3010772505442458,0.3935436615291494,0.565621104258465,0.13769418740627468,0.5155664777718003,partial,CAATCCCCAATACTCT,-3.0687,7.0777
TGTACCGGTGAAGTTG-E15S,E15S,Tumor,1.3021125461360206,2.250725541394703,0.5602256326467866,0.19962376123304656,0.1693707703943557,-0.11008603487473384,persistent,TGTACCGGTGAAGTTG,-2.8055,7.1645
GTAAGGTAGCATTGAT-E15S,E15S,Tumor,1.251363172720177,2.271708239855486,0.5517694379658595,0.21335758972700802,-0.27255257459831467,0.2707049415224065,persistent,GTAAGGTAGCATTGAT,-3.6467,4.2999
TGCAGTCAGCATCACA-E15S,E15S,Tumor,0.7358892519203927,0.7510695771986569,0.9277657174073968,0.006478194927099235,-0.6952443276105134,0.8062061890413393,persistent,TGCAGTCAGCATCACA,-1.2853,8.2261
AGTACAGGTGCGAGTG-E15S,E15S,Tumor,1.5045599110737131,1.713356171062502,0.5798215750211893,0.17037927778864279,0.017752213870818476,1.0322078516802835,persistent,AGTACAGGTGCGAGTG,-4.0022,4.5388
TGTCTCACAGGACTAT-E15S,E15S,Tumor,1.4266261547152732,1.8681886702083068,0.26283559414753005,0.8263504964086765,-0.11773483226312234,-0.13007294249354398,reverted,TGTCTCACAGGACTAT,-2.0519,7.2695
TGGGATAGTGATTAGG-E15S,E15S,Tumor,1.460146960578609,1.8581442389076415,0.46867636194882506,0.3820314005213151,-0.2312640026107957,-0.1100710523941723,partial,TGGGATAGTGATTAGG,-4.0079,4.2171
GGAAACTAGAAGGGTT-E15S,E15S,Tumor,0.49350183267387454,0.6445423664944002,1.265425090512954,0.00022919391860862386,0.4891248524579148,0.5789112242765949,reverting,GGAAACTAGAAGGGTT,-0.8172,7.9694
AAGTCAAAGGCTTCCC-E15S,E15S,Tumor,1.4415824619668878,1.6023795568956904,0.2882865142792409,0.7871169288646062,-0.08684700657171998,0.7662946925130804,reverted,AAGTCAAAGGCTTCCC,-3.5181,7.7219
TGAGCAAGTATGGTAG-E15S,E15S,Tumor,1.6260337042097968,1.2410940267120805,0.07508701748058316,0.9683700739963256,-0.09211696355940878,0.5666940827360025,reverted,TGAGCAAGTATGGTAG,-3.4111,7.1685
AACGATCCATAACGCG-E15S,E15S,Tumor,1.5283084462547896,1.4649761517563116,0.10987195402160728,0.9559178630555407,-0.044867100695483955,0.29269236728555637,reverted,AACGATCCATAACGCG,-4.1548,5.6814
TCGACACAGGTAGGAT-E15S,E15S,Tumor,1.371759721142843,2.4961248261313242,0.16542666786160903,0.9259302271397769,0.0836144095488508,-0.11245222430314886,reverted,TCGACACAGGTAGGAT,-2.8001,5.0963
TATCGAACAAGCCGTA-E15S,E15S,Tumor,0.6849629273057678,0.7936458720426464,1.1409129753633682,0.0007872532439998663,0.4574108442895988,0.30042247577810177,reverting,TATCGAACAAGCCGTA,-1.0151,7.9457
ATCGTCAAGTATGAGA-E15S,E15S,Tumor,1.6611169542477022,1.4726237899810126,0.20469972289274874,0.8943908925400329,0.03299733928079929,0.7906899842284555,reverted,ATCGTCAAGTATGAGA,-2.3379,7.3248
CAACCCAGTGGACACG-E15S,E15S,Tumor,1.4259106339541079,1.463242361327613,0.8156253975858836,0.01943714542000632,-0.3033754579860053,0.5725661401440795,persistent,CAACCCAGTGGACACG,-3.2709,3.4945
CTTCATATCACAGGCT-E15S,E15S,Tumor,1.4024453920620072,1.6217046273435793,0.9388968179015754,0.005805199622162764,-0.5538677264801305,0.7811386177737669,persistent,CTTCATATCACAGGCT,-4.4527,4.4846
AGACGCGGTAGTTAGG-E15S,E15S,Tumor,1.588732660175798,1.4727442314737405,0.436271465016823,0.46017461723282616,-0.07493282802248794,0.8028079312014551,partial,AGACGCGGTAGTTAGG,-4.6113,5.3325
TACGCTAAGAATCGCC-E15S,E15S,Tumor,1.358097970625608,2.240159807720924,0.2005077004412576,0.8982529871658863,0.2875157362879659,0.2911387440773984,reverted,TACGCTAAGAATCGCC,-3.6726,4.8565
ACAGTCATCGCTCAGG-E15S,E15S,Tumor,1.328127342402628,2.1968531136462897,0.10310901372127705,0.9586586566125315,0.17340039136599922,0.5823402746012445,reverted,ACAGTCATCGCTCAGG,-2.6958,6.5531
GCAATCGCAAGCCTCT-E15S,E15S,Tumor,0.9401365481572317,2.4787088281214467,-0.11135874481139992,0.9948833406407339,0.10427310876143016,-0.7979860091993929,reverted,GCAATCGCAAGCCTCT,-1.745,6.8273
TAGGTAGGTTAGTGGA-E15S,E15S,Tumor,1.3075106341979466,1.779581087218988,0.3994367066334511,0.5512141568934158,0.12980342369692208,0.7783737921021999,partial,TAGGTAGGTTAGTGGA,-2.5425,8.2208
AACGTAAAGGGGACAC-E15S,E15S,Tumor,1.306876999603757,1.9259226426522762,0.5263939553876509,0.25860997015099135,0.19409883012769077,-0.05949650462966476,persistent,AACGTAAAGGGGACAC,-3.6406,4.7353
AACGCGAAGTATGGCC-E15S,E15S,Tumor,1.4664846800918718,1.4001414407430306,0.22299831798365688,0.875987277475989,0.03610626257456257,0.8204294909431732,reverted,AACGCGAAGTATGGCC,-2.503,6.8256
AGGACTGAGCGACTGT-E15S,E15S,Tumor,0.7648224119486844,0.9781740066655529,0.17765845106275785,0.9171707960430943,-0.19395931583208934,0.836067234541978,reverted,AGGACTGAGCGACTGT,-2.6942,4.3975
TCGTGATGTTAAGGTG-E15S,E15S,Tumor,1.009852487054453,1.3134844821392038,0.49207987713397866,0.32894045728678395,0.008733522322530983,0.23347665049213526,partial,TCGTGATGTTAAGGTG,-1.7956,8.0536
CGTAGTCAGCTATCAG-E15S,E15S,Tumor,0.9251704565779718,1.7464693566074545,0.33938728848842076,0.690181648683329,0.10045557436318586,0.2672256205220431,partial,CGTAGTCAGCTATCAG,-1.8155,7.814
ACTCTAAGTTATATCG-E15S,E15S,Tumor,1.1168213327756216,0.6918606661728133,0.9066650398729419,0.007973703904924676,0.05620400967453034,0.2471568640444564,persistent,ACTCTAAGTTATATCG,-3.8668,3.5551
GCAACATCAGGTTAGT-E15S,E15S,Tumor,0.4085012775036852,0.5505518267406819,1.1597484017941324,0.0006532307958836098,0.29654476354112125,0.9684584270020221,persistent,GCAACATCAGGTTAGT,-1.3333,8.4626
CACCAGACACTAGCAG-E15S,E15S,Tumor,1.486248736074801,1.8284586634436886,0.7300534529520518,0.04425624179939443,-0.17543630768836505,0.8504021868853588,persistent,CACCAGACACTAGCAG,-3.5842,4.3344
CATGTTGAGTCATGTG-E15S,E15S,Tumor,1.5042178324316102,2.058954569287432,0.2812248144685351,0.7986134178315731,-0.16422544356551677,0.5770196142974826,reverted,CATGTTGAGTCATGTG,-3.1579,8.0618
TGCGGTTAGCATTGAT-E15S,E15S,Tumor,1.661660040392327,1.9914967578743275,0.5081639658677363,0.29474369383750865,-0.2859242491819418,0.2907809036117323,persistent,TGCGGTTAGCATTGAT,-4.3245,4.5502
TAGTGTTAGGAGTATA-E15S,E15S,Tumor,1.2989812157172451,1.4633052711499177,-0.10845967897732169,0.9947349173178947,0.02083273093274983,0.31365306566620155,reverted,TAGTGTTAGGAGTATA,-2.2533,6.2455
GTACACGCATGGTCCT-E15S,E15S,Tumor,1.303029119555847,2.0166575452386746,0.9439403753205527,0.005523602316581706,0.1863293530736588,0.568630315955424,persistent,GTACACGCATGGTCCT,-3.4025,3.8916
GCGCCAATCCTTCAGT-E15S,E15S,Tumor,1.7721856206865148,2.018943992025137,0.45264440580275744,0.42019384156697737,-0.08981162792790227,-0.10647826838616638,partial,GCGCCAATCCTTCAGT,-3.461,4.7788
CCTAGCGAGCATATAC-E15S,E15S,Tumor,0.9268894690575022,1.284955426027401,0.19455348096217584,0.9035231351990415,-0.5778610539626765,0.598289816053133,reverted,CCTAGCGAGCATATAC,-2.7811,7.1817
GCTTATGAGCGCTTAA-E15S,E15S,Tumor,1.4512119149661784,1.6713554496820886,0.352466414693071,0.6617917024458881,0.0766286668222532,0.9967109813911152,partial,GCTTATGAGCGCTTAA,-3.1755,8.2867
CTTGCAGGTGGCTAGG-E15S,E15S,Tumor,0.8432912638619925,2.312910185832992,1.2020216358946179,0.00042966864095797975,0.27374184880650143,-0.7979860091993929,persistent,CTTGCAGGTGGCTAGG,-2.765,4.012
CATTCTATCTGTGAAT-E15S,E15S,Tumor,1.0824126536531158,0.7835955926092498,0.18768548620330863,0.9092981076987665,0.15222577158147513,0.29520232400427976,reverted,CATTCTATCTGTGAAT,-2.8246,8.6324
CATTCAAGTATTGGAG-E15S,E15S,Tumor,1.338471443145666,2.324451057653513,0.7375707931490388,0.041208543656275985,-0.06949511275992962,0.9807754062712246,persistent,CATTCAAGTATTGGAG,-3.435,5.6447
GGGACAATCGTGCCTC-E15S,E15S,Tumor,1.0587068636405077,1.7653749793537143,0.18101318153853774,0.9146085977963267,0.1195896624475678,-0.09076538591944038,reverted,GGGACAATCGTGCCTC,-2.7239,6.3059
CAGCAAAGTTGTAGCT-E15S,E15S,Tumor,1.2750310444738746,0.85911721833248,0.2397422057228667,0.8567986739031781,0.13472468310274685,0.8033351467771698,reverted,CAGCAAAGTTGTAGCT,-1.9216,7.7891
AGGGATTAGTCGCAAC-E15S,E15S,Tumor,1.7872610987754523,1.2825482719512,0.33870991319143373,0.6916159401412686,-0.13680447706749713,0.6130914676597632,partial,AGGGATTAGTCGCAAC,-2.7671,7.4501
TATCGAACACCTTGGT-E15S,E15S,Tumor,0.6701899697197022,0.47841219572568283,0.39794622845357075,0.5548670938388776,-0.047043219261093006,0.31125633455875973,partial,TATCGAACACCTTGGT,-2.5122,4.4249
CCGCGAATCACTGGGT-E15S,E15S,Tumor,1.991085321428079,1.6035916343568712,0.535096692258335,0.24241334577607576,-0.20938435110049614,0.6227650624136263,persistent,CCGCGAATCACTGGGT,-2.8025,7.3504
GTCCATGGTATGGCTT-E15S,E15S,Tumor,0.965083240246295,1.2812483119392195,1.0055454569780748,0.003006398137630025,0.23504750168342523,0.9526976643286434,persistent,GTCCATGGTATGGCTT,-0.5346,6.0066
AGGAGTTAGATTCCAG-E15S,E15S,Tumor,0.705707041428656,0.8034468872748278,0.8974755900742933,0.008727703938272529,-0.06879523589946372,0.2725017973593766,persistent,AGGAGTTAGATTCCAG,-1.3471,8.5038
CTAATTGGTCTGTGCA-E15S,E15S,Tumor,1.2098215700262762,0.9271104129925609,0.9012508616770644,0.008409744961403492,-0.1067102389124187,-0.7979860091993929,persistent,CTAATTGGTCTGTGCA,-2.9642,3.9707
GTGGATAGTTCCAGCA-E15S,E15S,Tumor,1.7037587185130827,1.5787551183822677,-0.04798952782985524,0.9904518780017518,0.07263077587740165,0.33233819664074005,reverted,GTGGATAGTTCCAGCA,-1.8585,7.3009
AATCTCCTCTAAGCAT-E15S,E15S,Tumor,1.2125127048218387,2.3031702154293248,0.5525817831045182,0.21200888869183696,0.42054274092410476,0.29682902881887857,persistent,AATCTCCTCTAAGCAT,-3.1915,3.975
CAATCGATCCGTGGAT-E15S,E15S,Tumor,1.7432388283609725,1.7506018658676568,0.46598112024614585,0.3883599190293177,0.22887577725508979,1.0125415903879629,partial,CAATCGATCCGTGGAT,-4.0615,4.4331
CTTCATCAGGGCTTAC-E15S,E15S,Tumor,1.9241296993459402,1.8744801697285949,0.3924418287620655,0.5683032845679418,-1.000873259517665,0.8260108929479335,partial,CTTCATCAGGGCTTAC,-4.0632,5.1718
TAGGCGAAGCCCTTGC-E15S,E15S,Tumor,1.0728619385969413,2.5105694345011593,0.3749762270165094,0.6101882749805779,0.05223789971597223,0.33110975463440023,partial,TAGGCGAAGCCCTTGC,-2.0585,7.2741
TCTAACCTCCTTCGAT-E15S,E15S,Tumor,0.7513063325487164,0.8627513443823728,0.4764619588513641,0.36398044299061577,0.03685456851044534,0.8989124425705047,partial,TCTAACCTCCTTCGAT,-1.7848,7.7164
ATCCCTTAGTTACACG-E15S,E15S,Tumor,1.2148692719248846,1.6677548692415587,0.258364789981804,0.8326196540858387,0.0382180065471351,0.30250349865081566,reverted,ATCCCTTAGTTACACG,-2.7721,6.3182
CCCTGAGAGGTGACTC-E15S,E15S,Tumor,0.7366870220737153,0.4977148129490458,0.8030233707037391,0.021967227916984192,-1.042647273589785,0.2966078070296141,persistent,CCCTGAGAGGTGACTC,-3.2721,3.37
AATGAACGTAGCAGTA-E15S,E15S,Tumor,1.7694400906355967,1.6537807847480903,0.20086327621227631,0.8979303192672369,0.0652613265721979,0.29195478744150455,reverted,AATGAACGTAGCAGTA,-4.5797,5.0204
CCGTGATAGATTGACT-E15S,E15S,Tumor,1.2690943717497565,1.6037356813012482,0.5505988224838542,0.21531208951166358,-0.08619232297383693,0.8017786669770526,persistent,CCGTGATAGATTGACT,-4.3013,4.3384
TAGCATTAGTTAGTCG-E15S,E15S,Tumor,1.5986972430467656,2.216056277395634,0.0444781885533788,0.9764545984346646,0.07180037737864532,1.0186064133618624,memory,TAGCATTAGTTAGTCG,-2.5727,7.9337
AGTCACGCAACGTGCA-E15S,E15S,Tumor,1.5284681306090753,2.2892227357387873,0.1874146255075487,0.9095193584516726,-0.42251113769815185,0.3256073159573972,reverted,AGTCACGCAACGTGCA,-4.2126,5.1045
TGAGTTGTCGACATCA-E15S,E15S,Tumor,0.705752257129302,0.8247807861530728,0.5223785004139865,0.26631645531409953,-0.03873426399006889,1.294811311365989,persistent,TGAGTTGTCGACATCA,-2.326,8.536
TGATAGCCACTTGACC-E15S,E15S,Tumor,1.1789883163416652,1.1704668898761124,0.5719266563291292,0.18173102763079174,0.06803117552690285,0.3345546666287266,persistent,TGATAGCCACTTGACC,-3.2299,3.9599
ATCTTCATCATAGATC-E15S,E15S,Tumor,1.6318894847876806,1.687305567412721,0.4765131127974775,0.3638630367446651,-0.08124383123115855,0.8503122086226895,partial,ATCTTCATCATAGATC,-2.3028,6.5056
GGATAACAGCATAGGG-E15S,E15S,Tumor,0.4857241307231191,0.6806519944740436,0.2812833905395231,0.7985199943181485,0.004886749061708818,1.3167626117902955,memory,GGATAACAGCATAGGG,-1.6034,7.8352
TACATGACAATTGCTT-E15S,E15S,Tumor,0.8871158483379441,2.058166318945401,0.09470180043458828,0.9618388778219922,0.06463399329211629,0.36977012602845666,reverted,TACATGACAATTGCTT,-3.7597,4.7616
CATCGTCCAGGTTCAG-E15S,E15S,Tumor,0.24709405888190505,0.49598772297998556,1.065607627781344,0.0016595976129947343,-0.31852699405792556,0.6185491732771634,persistent,CATCGTCCAGGTTCAG,-0.9793,8.0841
ATCCTAAGTTTACCAA-E15S,E15S,Tumor,1.750040371645984,2.07340597451411,0.4110015480802699,0.522712354371683,-0.4081130379056004,0.8227576725310972,partial,ATCCTAAGTTTACCAA,-4.0709,4.3863
CCGCCATTCGACCGAT-E15S,E15S,Tumor,1.5359581339363007,1.8451754801184037,0.21748202233337033,0.8818077553575538,0.10254390651498888,0.37899841965678227,reverted,CCGCCATTCGACCGAT,-1.918,6.6712
AAACTCACAACTTCAT-E15S,E15S,Tumor,1.2239984666314916,1.6862757659789522,0.48595638570449284,0.34247894869010337,-0.2260965345721446,-0.12713527021500148,partial,AAACTCACAACTTCAT,-3.7468,3.8223
TGAATGGGTAATGCCT-E15S,E15S,Tumor,0.8594533444051183,0.698267104201467,0.6047199847951432,0.13826093053836921,-0.529247406534195,-0.7979860091993929,persistent,TGAATGGGTAATGCCT,-3.1657,3.4939
TGCCTCTGTAAGCATG-E15S,E15S,Tumor,1.2559495040530555,1.4467650207767544,0.4274979919670376,0.48184534497457593,-0.00704886929377806,1.0995904796292806,partial,TGCCTCTGTAAGCATG,-2.0094,6.1218
ATGCTCAAGGTAGCCT-E15S,E15S,Tumor,1.0317599930024441,2.0336440936106936,0.451033039240864,0.42409115389706314,0.039184554955039065,0.9437117721149944,partial,ATGCTCAAGGTAGCCT,-2.0579,6.1912
GTTGATTAGGAACTAA-E15S,E15S,Tumor,0.8584168509961867,1.124239503004305,0.9080128077571897,0.007868691807037432,0.1208751193334199,-0.7979860091993929,persistent,GTTGATTAGGAACTAA,-2.9888,3.3478
TACGAGTCATGATATG-E15S,E15S,Tumor,1.9554809036078413,1.2550691684199178,0.33796839826946823,0.6931818147076594,-0.2179866086427998,0.3289724037517044,partial,TACGAGTCATGATATG,-3.1444,5.2316
CCACCTTGTTCGGGTC-E15S,E15S,Tumor,1.4196483413601855,1.9042860430777626,0.23696298956906334,0.8601465189389306,0.1503626781828305,0.8211431016342078,reverted,CCACCTTGTTCGGGTC,-4.465,5.1659
ATGGTTTAGAATCCAT-E15S,E15S,Tumor,0.9746033108207788,2.5816882109961408,0.33801414815711817,0.6930853319182209,-0.035061075193402874,-0.09423112203499276,partial,ATGGTTTAGAATCCAT,-1.5854,7.4772
GCTGTATGTTCACGCA-E15S,E15S,Tumor,1.8837858831965764,1.312845471098294,0.31409302135788003,0.7411130648973714,0.043384356306589586,-0.07037274411282902,reverted,GCTGTATGTTCACGCA,-2.0238,7.1312
CCTCAATTCATGGACC-E15S,E15S,Tumor,1.9163985811042992,1.6709838083429407,0.10850101386244101,0.9564871162234735,0.13413071192777695,-0.7979860091993929,reverted,CCTCAATTCATGGACC,-1.6662,6.3827
CGCATGGTCAGGTGAG-E15S,E15S,Tumor,1.139710192382297,0.8595053021861965,0.40485297574674145,0.537895982151621,-0.6812065898708674,0.832289467458042,partial,CGCATGGTCAGGTGAG,-3.7106,3.9542
TGACCCAGTCTAGTGT-E15S,E15S,Tumor,1.744647843621082,1.3024256347522463,0.306147229723244,0.7559393601570439,0.08502526804458477,1.002145103134996,memory,TGACCCAGTCTAGTGT,-3.1351,7.3663
CATTCGCCATCACTAT-E15S,E15S,Tumor,1.5425873060299864,0.96737598086106,0.9641980355494337,0.004523024031434543,-0.054147393323883124,1.019338669933082,persistent,CATTCGCCATCACTAT,-3.3742,4.1496
TCACATGAGTAAGGGT-E15S,E15S,Tumor,1.496373115581784,2.086907341022975,0.47952064266735595,0.35698917958910553,0.38994603706860975,-0.7979860091993929,partial,TCACATGAGTAAGGGT,-3.1191,7.26
TACCGGACAAAGGATG-E15S,E15S,Tumor,1.1760767287195721,2.375247643520822,0.1705177787429274,0.9223929391924852,-0.6303366757317714,-0.06068420861512848,reverted,TACCGGACAAAGGATG,-1.8222,7.4738
ACAAGCCTCATGGTTG-E15S,E15S,Tumor,1.710266365666117,1.3745432561007112,0.09694250905056277,0.9610149988528318,-0.09261768141427232,0.31216803513864266,reverted,ACAAGCCTCATGGTTG,-3.2802,7.0323
CGAAGCAAGTGATCCA-E15S,E15S,Tumor,0.358725987551115,0.4594388879707545,1.0037576815954634,0.003059999617255821,0.3374355051493052,0.6132931763319159,persistent,CGAAGCAAGTGATCCA,-3.2401,3.4287
TCAGCTGGTGCGTGGA-E15S,E15S,Tumor,0.8029141900485698,2.421143652044927,0.7756907360376429,0.02860955030960734,-0.25645912113367175,-0.7979860091993929,persistent,TCAGCTGGTGCGTGGA,-3.3788,3.8137
CAGCGGTCAAGTAGGA-E15S,E15S,Tumor,1.2911728336671242,1.9994577648133518,0.2487522802513239,0.8454846285183196,-1.1276955584688046,0.3045114783022002,reverted,CAGCGGTCAAGTAGGA,-2.8626,7.4344
AATCAGCCACCTTCCC-E15S,E15S,Tumor,0.7871575082289107,1.0863529310385482,0.7875768014494358,0.025510130816602042,0.06690934561835095,-0.7979860091993929,persistent,AATCAGCCACCTTCCC,-2.4348,4.5081
GGAATGGTCGCATGAC-E15S,E15S,Tumor,0.5506751352596209,0.7053268486531695,1.057105984034287,0.0018052934845409756,0.041502946896629776,1.0167920455258235,persistent,GGAATGGTCGCATGAC,-0.7022,7.7935
TGCCCAAGTTGGCGAG-E15S,E15S,Tumor,1.8171331996313516,1.3168045572386136,0.30972798976143445,0.7493298125019192,0.06089673516290153,0.6026936976194905,reverted,TGCCCAAGTTGGCGAG,-2.956,7.0424
CGACACTAGTTACAGT-E15S,E15S,Tumor,1.2673661693040899,0.6983330559969522,0.6500734641436647,0.09283586240096246,-0.14305707372961607,-0.05848772925568341,persistent,CGACACTAGTTACAGT,-3.2283,3.7699
AATCAGCCATAGACCG-E15S,E15S,Tumor,1.375154933235374,2.48885563596501,0.5883659218083604,0.1587365458530518,-0.0038913479942932344,-0.06172126165297518,persistent,AATCAGCCATAGACCG,-2.5976,7.6315
TGGTGGTTCCCAGGCA-E15S,E15S,Tumor,1.390188025699326,2.2772810085856787,0.36616400992390313,0.6307596227461606,0.08596605499723388,0.0059500957752982265,partial,TGGTGGTTCCCAGGCA,-1.7714,7.3077
CCCAATCCAAATCGGT-E15S,E15S,Tumor,1.3071477049064768,0.8050272670775912,0.7621042908800577,0.032600684742314645,-0.2875978107684561,0.61259341455571,persistent,CCCAATCCAAATCGGT,-3.6782,3.885
CGGTTCTCAAGGTCAT-E15S,E15S,Tumor,1.607109853155786,0.9765881939175434,0.40999630897651085,0.525198370526505,0.08576368871447361,1.5437775798561821,partial,CGGTTCTCAAGGTCAT,-2.7479,8.5015
GCTAGGGGTTGAAGCA-E15S,E15S,Tumor,1.7740491966352399,1.7188815206231804,0.5811634260719555,0.16850692620487795,-0.2602915810370395,0.8691957016881868,persistent,GCTAGGGGTTGAAGCA,-3.231,7.7474
CAGCGCATCCCGTTCA-E15S,E15S,Tumor,1.1597482837621425,2.540145125479106,0.13056777039019865,0.9464153028767635,0.1766399440220153,0.0020173278162898428,reverted,CAGCGCATCCCGTTCA,-0.5566,4.5028
TGTATCAGTGCAAGTA-E15S,E15S,Tumor,0.6013468055130762,0.9539185822265646,0.9494284631314693,0.005232600210918863,0.06997634764762273,0.648774030099436,persistent,TGTATCAGTGCAAGTA,-1.9976,8.6414
GGGATTAGTATTGGGA-E15S,E15S,Tumor,1.5775337911095548,0.9613746264254189,-0.07502234418041127,0.9926803606240208,-0.8994611157045611,-0.06870175301417497,reverted,GGGATTAGTATTGGGA,-1.1556,7.5641
AGGCGTTTCACGGATC-E15S,E15S,Tumor,1.7162687107449375,1.299473595555021,0.3375303577908685,0.6941047496744547,-0.3337759149703497,-0.09457653822149686,partial,AGGCGTTTCACGGATC,-3.5004,7.2052
AAGGTCAGTGACTTCG-E15S,E15S,Tumor,1.838008619092934,1.4379269634097722,0.418404782667561,0.5043770823226491,0.10396432249702978,0.875287856169216,partial,AAGGTCAGTGACTTCG,-3.6698,5.2291
CACATAGTCTGGGAAG-E15S,E15S,Tumor,1.3261393921399451,1.5996094728534884,0.18156347284101107,0.9141815091139109,-0.03944848857216618,1.3410535740164302,memory,CACATAGTCTGGGAAG,-3.1661,7.3709
GGGCTTGTCGCTTCCA-E15S,E15S,Tumor,1.0529791988048234,1.1413283716374059,0.18856839748368245,0.9085735227448708,-0.09567963875045576,0.32175677836360717,reverted,GGGCTTGTCGCTTCCA,-3.8452,4.9358
GCCTGTGAGATAGGCG-E15S,E15S,Tumor,1.352178927964306,2.1603444410116293,0.0835786100112478,0.9656870283878011,0.026669965346913377,0.8301901042791211,reverted,GCCTGTGAGATAGGCG,-4.0149,4.0742
AATGACTTCCCGTGAG-E15S,E15S,Tumor,1.446803087310327,0.7910947138959612,0.6260519613928301,0.11493271970726857,-0.11793760966617542,-0.08990731675591918,persistent,AATGACTTCCCGTGAG,-3.7599,3.5754
AACCATTAGGATCTCA-E15S,E15S,Tumor,0.47732841757094757,0.5528766004663335,0.5270404195507001,0.25738293487623676,-0.03126566019899369,0.6482839285108754,persistent,AACCATTAGGATCTCA,-0.7413,7.7538
CTCGAATGTTCCAGAT-E15S,E15S,Tumor,1.3332727321773787,2.0292341411540344,0.17769968913934603,0.9171397290160939,0.0682433676250387,0.31337234105969425,reverted,CTCGAATGTTCCAGAT,-5.0771,4.9411
AAGGGCCAGATTCCTC-E15S,E15S,Tumor,1.9534272954736804,1.4513621303813418,0.5051237235619969,0.30104826511502075,-0.2803225116921495,1.233244917570447,partial,AAGGGCCAGATTCCTC,-1.7122,6.7018
ACTCGTCCAACCTGTC-E15S,E15S,Tumor,1.4779503652263315,1.4331767158845328,0.7233025053025868,0.04717542748177949,0.06018169917083499,0.313361946843854,persistent,ACTCGTCCAACCTGTC,-3.4305,7.8189
GCGGCTATCTGGGAAG-E15S,E15S,Tumor,1.0925718998063292,1.0147590510552116,0.4259496170340149,0.48567931967144135,-0.014696566524854092,0.6140650313027631,partial,GCGGCTATCTGGGAAG,-3.0327,4.27
GGAGGTTGTAGTCATC-E15S,E15S,Tumor,1.8566681362749513,1.9144036103863304,0.15660438027979084,0.9317103966484072,0.026781779988776677,0.8534943792490858,reverted,GGAGGTTGTAGTCATC,-4.4846,4.4306
CTTAGCTTCGCTGAGT-E15S,E15S,Tumor,1.664907426644889,1.8941933490948286,0.08722584103638527,0.9644683774465804,0.060443260281321284,0.33106670483254763,reverted,CTTAGCTTCGCTGAGT,-2.9184,7.6372
GCAGTGAAGGTCACTA-E15S,E15S,Tumor,1.8335064137814925,1.4081008671849458,0.5316669146209022,0.24871315052189336,0.012277032342943733,-0.7979860091993929,persistent,GCAGTGAAGGTCACTA,-2.9317,7.1946
TGCATAGTCGCTCTCA-E15S,E15S,Tumor,1.3994026877706098,2.103352478333488,0.20676162730290262,0.8924442268407023,0.11888787102952808,0.33826288840885255,reverted,TGCATAGTCGCTCTCA,-2.5553,6.204
CCTAATTCAGTAAGTC-E15S,E15S,Tumor,1.5310794617532577,1.1628501238654085,0.4272470690519445,0.48246652902851017,-0.08732645928746652,0.6106997903279234,partial,CCTAATTCAGTAAGTC,-2.5805,6.8327
ACATGAGGTTGCCTGA-E15S,E15S,Tumor,1.326066409584336,2.217669178128765,0.669650593799142,0.07772991087631245,-1.4329593235776872,0.6119891824861767,persistent,ACATGAGGTTGCCTGA,-3.4475,3.7006
ACCAAATTCGTTACTC-E15S,E15S,Tumor,0.6018024108910353,0.606838687684015,0.7274415140804441,0.04536466152767978,0.30727413154884803,0.3460815653036363,persistent,ACCAAATTCGTTACTC,-1.411,8.3513
CTGATAGTCATGACTG-E15S,E15S,Tumor,1.236264162037411,1.6101460510623256,0.3909306309194732,0.5719754428117705,0.11618175707713921,0.7752412488272871,partial,CTGATAGTCATGACTG,-0.6932,5.3385
ATGCACGCAATTGGCG-E15S,E15S,Tumor,1.492713191132001,1.688875973451543,0.06046501052941139,0.97252149425191,-0.15519482104937438,0.43606043370563474,reverted,ATGCACGCAATTGGCG,-1.1525,5.5638
CTCCCTAAGGCTACAC-E15S,E15S,Tumor,1.6754481046373717,1.1422408189868216,0.31338177639765896,0.7424637922725417,-1.0012844250783373,1.3590278820493713,memory,CTCCCTAAGGCTACAC,-1.9449,7.6953
CAGGCACCAATGCCAG-E15S,E15S,Tumor,1.4371001262789618,1.7939212331587588,0.16977974699999585,0.9229151472084749,-0.028272142082475714,0.7185223014113071,reverted,CAGGCACCAATGCCAG,-1.4114,6.2569
CTTCTATGTCTAGGAA-E15S,E15S,Tumor,0.5043286615667628,0.5420804555386355,0.7303431938145675,0.04413488873926954,-0.06474588136121406,-0.0794469879010178,persistent,CTTCTATGTCTAGGAA,-0.8572,7.751
GGCATGAAGATAGGTA-E15S,E15S,Tumor,1.4184153427384867,1.7020886767747807,0.8682003383355625,0.011632838011189785,-0.22020219407202493,0.6031603602485033,persistent,GGCATGAAGATAGGTA,-2.8034,7.1979
TCGACTAAGGATGTCC-E15S,E15S,Tumor,1.1267567822722788,2.2945341944705326,0.10015424478476705,0.9598042701994036,0.13431625569823746,0.6210800281055011,reverted,TCGACTAAGGATGTCC,-1.6012,7.4015
ACCAATTAGCGGAGAC-E15S,E15S,Tumor,1.103052865790898,1.9197757986741066,0.20742196316845413,0.8918141565873978,-0.1215017373197644,0.8591220036098652,reverted,ACCAATTAGCGGAGAC,-3.7372,4.9125
CTGTCATTCCTTAGCT-E15S,E15S,Tumor,0.5660943311630428,0.5532146150522487,0.6364791856985159,0.10482725824371975,0.2273699407432321,0.3604273477314038,persistent,CTGTCATTCCTTAGCT,-1.2836,8.3253
CGACTATGTGATGCCC-E15S,E15S,Tumor,0.6656423518850265,0.6941456515753458,0.30920434059664204,0.7503037852605112,-0.09130050933313226,1.7126000564913266,memory,CGACTATGTGATGCCC,-0.8397,7.1896
TGGTTCCCATCCCGTG-E15S,E15S,Tumor,1.0239929757990431,0.8071242656093859,0.3435290163765157,0.6813327502657422,-0.13831089199380872,0.8441450561513856,partial,TGGTTCCCATCCCGTG,-2.0123,7.8235
ATAGGCCTCCTCAGCC-E15S,E15S,Tumor,0.6619792497051868,0.5947567322384698,0.41045708408809856,0.5240589938163346,-0.474227756517113,0.6873810962240317,partial,ATAGGCCTCCTCAGCC,-2.0222,8.2696
CATGTTGAGAACGGCA-E15S,E15S,Tumor,1.4823426557355193,1.258870839842306,0.6768241260623479,0.07278175360492213,-0.2233006533933676,0.3168455396891399,persistent,CATGTTGAGAACGGCA,-4.297,5.6947
TCAAAGGGTTGCGCGT-E15S,E15S,Tumor,1.3558994459313367,1.671345981793726,0.6055941706536923,0.13723146863485672,0.21511366143174876,0.29934981564811464,persistent,TCAAAGGGTTGCGCGT,-2.937,7.5943
ACCCGAACACAACCTC-E15S,E15S,Tumor,0.4928239192238378,0.5914981806201172,0.9365621205949731,0.005940341529505295,0.10704310411243359,-0.07531325978511096,persistent,ACCCGAACACAACCTC,-1.6426,8.6764
CTTCTATGTGAGGATC-E15S,E15S,Tumor,1.2277598914654981,0.8481799374078611,0.5283532405906751,0.2549028403559198,-0.16581513996557737,0.8496313308574845,persistent,CTTCTATGTGAGGATC,-3.1853,3.8601
ACCTGCCTCGACCCAG-E15S,E15S,Tumor,1.4964972685068378,1.3120659053493313,0.5627537922184562,0.19564888059092747,0.22000872691577372,1.0751411777851982,persistent,ACCTGCCTCGACCCAG,-3.1996,6.6709
GCATCCCTCACGGACT-E15S,E15S,Tumor,1.348129552223197,1.44392239927428,0.38714745434576936,0.5811328911099006,-0.06333769446852075,0.3612252520741467,partial,GCATCCCTCACGGACT,-4.6164,5.4667
TACCCATTCCCGCTGT-E15S,E15S,Tumor,1.4343516761100061,2.233503393786482,0.45711439380883984,0.40943592551500735,-0.22040955247603106,0.8663079648789805,partial,TACCCATTCCCGCTGT,-3.9685,5.1466
CATCTCACAAGTCGAT-E15S,E15S,Tumor,1.7230423014451515,1.3664401851082542,0.42554809588651116,0.48667383096643907,-0.48787605265135936,-0.08652557658123339,partial,CATCTCACAAGTCGAT,-2.9618,6.9435
CTAATCCTCTATCGAG-E15S,E15S,Tumor,1.8047940648546978,1.3479181125649262,0.44329008507549883,0.4429422667722159,-0.1730365036239629,0.8949778880370991,partial,CTAATCCTCTATCGAG,-2.6759,6.6999
TGGTACGCATGATAGC-E15S,E15S,Tumor,0.9929009696010321,1.8593700245088174,-0.15874193959022992,0.9967953064193007,0.05668154559359374,-0.030324700595086584,reverted,TGGTACGCATGATAGC,-2.5048,6.1883
AGCTTATAGTGATGCC-E15S,E15S,Tumor,0.81842554111576,1.1416149172503098,0.500881540481955,0.30997209360830846,0.03853746429184913,-0.07262181335994619,partial,AGCTTATAGTGATGCC,-3.4358,4.0532
CCTGTCGCAAATCGAC-E15S,E15S,Tumor,0.4773879707687105,0.5603447252277898,1.1050734591670046,0.0011227806194698767,0.41559742976665137,0.36553205872888217,persistent,CCTGTCGCAAATCGAC,-1.2111,8.2771
CTCGGATAGTTACGGC-E15S,E15S,Tumor,1.67796907987259,1.5516124017906736,0.6254609036630585,0.11553019958589415,0.14719287029025807,0.3537951225298344,persistent,CTCGGATAGTTACGGC,-2.5523,6.7697
GGGATTAGTGGAGCAT-E15S,E15S,Tumor,1.4298065306143337,2.6403855433201153,0.22969314672858773,0.8685944580070167,0.22739695527036083,-0.7979860091993929,reverted,GGGATTAGTGGAGCAT,-3.3006,4.9356
ACATCATAGCCACTAA-E15S,E15S,Tumor,0.8408195501947661,0.7321019939994803,0.6986519522882748,0.05946018929801441,-0.439085957576118,0.366625832782099,persistent,ACATCATAGCCACTAA,-2.892,4.1518
ATCGATTAGGCGTAAG-E15S,E15S,Tumor,1.331137034712871,1.976976432347114,0.2413020539369385,0.8548905958308627,-0.03969470274920364,0.4111308435502075,reverted,ATCGATTAGGCGTAAG,-2.6106,5.1749
GCGGTTTAGCGCTACG-E15S,E15S,Tumor,1.2784916333751832,2.130903132270109,0.03724950434168656,0.9780473506027132,0.1728368692792701,0.8634323661180099,reverted,GCGGTTTAGCGCTACG,-3.4053,7.4111
TGTACTGAGCCGATGT-E15S,E15S,Tumor,1.4541432225916036,0.964765904813173,0.4666252578717756,0.3868439459169887,-0.36682219205752953,0.6253013341110529,partial,TGTACTGAGCCGATGT,-3.6086,3.5458
GTAAATGAGCCCGTTC-E15S,E15S,Tumor,1.288077411897457,2.199910235706904,0.22974814819700437,0.8685322013458225,0.22601400291387042,-0.001814200873824242,reverted,GTAAATGAGCCCGTTC,-0.9835,5.5872
AGCACGTTCCTCTCTC-E15S,E15S,Tumor,1.480802083051416,2.4346653328985046,-0.06872610426439175,0.9922125224998039,-0.39992035348393684,0.33986972474519106,reverted,AGCACGTTCCTCTCTC,-2.0889,7.1422
CTACTTGCAGGGCACT-E15S,E15S,Tumor,0.7031544456458956,0.69065250552228,0.38858924053653,0.577649175618974,-0.028560359760120547,-0.044527496240410705,partial,CTACTTGCAGGGCACT,-1.6917,8.2147
AGTACGGAGTGAATCT-E15S,E15S,Tumor,1.603969516958637,0.8780906750753877,0.5011443136557974,0.30941510209567435,-0.3160242731531963,1.2139137396230157,partial,AGTACGGAGTGAATCT,-2.065,8.1945
AAGCCGCCACAGCCTT-E15S,E15S,Tumor,0.533858821810097,0.8224763948237998,0.4221439621331986,0.4951088421698191,0.040879272909441086,0.9159089196244424,partial,AAGCCGCCACAGCCTT,-1.8652,8.6519
CGCATCTCATAAGTGC-E15S,E15S,Tumor,0.8777182922421303,0.7315821813725054,0.7439590625518779,0.03877742310880696,0.00553826995703223,0.3511365917528591,persistent,CGCATCTCATAAGTGC,-1.9134,8.7
GCCCTCACAGCTCTGT-E15S,E15S,Tumor,0.6782006915043015,0.5456807933873413,0.5404003205609129,0.23288728111536963,-1.0699869921231946,0.39836631118599336,persistent,GCCCTCACAGCTCTGT,-3.4091,3.3317
ACGCCATAGGTTAGGG-E15S,E15S,Tumor,1.290553874471019,2.1015898184983226,0.1719903928637661,0.9213412712006595,-0.23217419936920142,-0.7979860091993929,reverted,ACGCCATAGGTTAGGG,-5.0275,5.4401
CACTCACCAATGAAGG-E15S,E15S,Tumor,1.5850215133436656,1.0201791137544158,0.35514534748270854,0.6558212719732512,-0.05516601170586636,0.694250481112604,partial,CACTCACCAATGAAGG,-3.8288,3.7418
CATCAATAGCCAATGC-E15S,E15S,Tumor,1.2621699340850918,1.9389485239850008,0.30411226439899963,0.7596426153237643,-0.12608843164069816,0.9203623838348117,reverted,CATCAATAGCCAATGC,-2.4659,7.7108
GTTAGGGAGTGCTCGG-E15S,E15S,Tumor,1.593219395135479,0.8509006632268433,0.7031633744011817,0.057007375464183926,0.06662283798062738,0.6406310131037144,persistent,GTTAGGGAGTGCTCGG,-3.3092,3.9229
CCATCTTAGCGAAGGC-E15S,E15S,Tumor,1.5820903796907173,0.883766608149236,0.5881340204553975,0.15904383446172043,-0.1499456875856893,0.6946019971049249,persistent,CCATCTTAGCGAAGGC,-2.0884,8.4364
TGAACATTCCGCCAAG-E15S,E15S,Tumor,0.7054528788544919,0.6389210232411723,0.7880193729712135,0.025401272156454196,0.18632609139216283,0.3930823834103549,persistent,TGAACATTCCGCCAAG,-0.8369,7.7161
TCCAGTAAGTCATCGA-E15S,E15S,Tumor,0.3683671637298124,0.6424009028955247,0.7742050478434789,0.029021784815682076,-0.1045830000094533,1.379946155636867,persistent,TCCAGTAAGTCATCGA,-1.0455,7.8041
AGAATAGTCTAATGCG-E15S,E15S,Tumor,1.28327037459363,1.7994867288397083,0.2219685998182624,0.8770921399651699,-0.047866166336980695,1.3185250002304125,memory,AGAATAGTCTAATGCG,-2.3534,6.242
CTTAGCGGTGCAACGG-E15S,E15S,Tumor,0.5118268459034979,0.6161616504897904,0.4613821002766413,0.3992449591276381,-1.1628339667467043,1.0784388832465392,partial,CTTAGCGGTGCAACGG,-1.0639,7.7945
TATACCCTCACGGACT-E15S,E15S,Tumor,1.8839272567847452,1.7141909390274075,0.4135046105097245,0.5165175054998441,0.019094593128853934,-0.02489830030250665,partial,TATACCCTCACGGACT,-1.9273,6.7823
TCACATTCATAGAGTC-E15S,E15S,Tumor,2.051364670389142,1.5247501294257721,0.522147510577006,0.266764194874858,-0.4195680487288254,0.904828647083307,persistent,TCACATTCATAGAGTC,-4.1918,4.9411
GGGACCTCATAACGGT-E15S,E15S,Tumor,1.7022311884254788,2.0266481053045773,0.4521562654760536,0.42137344937247784,0.078116564770425,0.370872757801135,partial,GGGACCTCATAACGGT,-2.7564,7.7796
ACGGGTAAGCGCAACT-E15S,E15S,Tumor,1.6387071686708745,1.3925861446984797,0.60224393400128,0.14121200650773266,-0.7274733315681771,1.2221800199215658,persistent,ACGGGTAAGCGCAACT,-3.7023,4.0827
TAACTGACATCATACT-E15S,E15S,Tumor,1.8600799340881655,1.8471853680636967,0.30420640537116184,0.7594721467950036,-0.029634437977839212,-0.04834684562898951,reverted,TAACTGACATCATACT,-2.3036,6.9437
CACGCCAAGGCGCTTG-E15S,E15S,Tumor,1.135742725008993,1.5960428306260923,1.0481544831703844,0.0019725160837334547,0.36894231556831153,-0.08353985879516512,persistent,CACGCCAAGGCGCTTG,-3.3076,3.6916
TCGATCAAGGATCCAC-E15S,E15S,Tumor,1.389088586374636,1.1988631463786905,0.5523473093978613,0.21239753426033972,-0.011727990759751901,-0.05764197219711601,persistent,TCGATCAAGGATCCAC,-3.0977,4.5706
TGCTAACGTGCGCCAT-E15S,E15S,Tumor,0.6491257720408594,0.5962654005436774,0.4760515531271725,0.36492297320868367,0.16815637729513422,0.6581856499565056,partial,TGCTAACGTGCGCCAT,-1.5015,8.4349
CGGATAAGTTTCGTCC-E15S,E15S,Tumor,1.363781445125471,2.2034537926967763,0.641208756127147,0.10050765514822452,-0.13928970789023176,0.9136364352644986,persistent,CGGATAAGTTTCGTCC,-2.1755,7.7944
TAGTTCCTCAGGAGAT-E15S,E15S,Tumor,1.5036543251368764,2.0912897796721674,0.003186089399618869,0.9842402317491022,-0.4493936961025493,0.8792856686475619,reverted,TAGTTCCTCAGGAGAT,-4.6168,4.9403
GCGCTTAGTGATTACC-E15S,E15S,Tumor,0.8717774271075821,1.0435401055169888,0.4424560309564646,0.4449837112207501,0.10639872921215823,0.7027135882459706,partial,GCGCTTAGTGATTACC,-3.0137,4.9409
GCCATAATCCTGCCTA-E15S,E15S,Tumor,0.9648751695430395,0.8460025706344497,0.7008018471222336,0.05827921994949344,0.20467034135741402,0.6358109340617857,persistent,GCCATAATCCTGCCTA,-1.2682,7.7955
AGCACGTTCTCATCTA-E15S,E15S,Tumor,1.4032314874405147,2.3497105393860656,0.2876385281583029,0.7881915062888603,0.14377602064381276,-0.07503093034015186,reverted,AGCACGTTCTCATCTA,-1.8613,7.3768
ACGAATCCATTACATC-E15S,E15S,Tumor,0.8449744204967391,0.6528633015839005,0.9239884497898649,0.006723752446211387,-0.6197751154157998,-0.04118857392086674,persistent,ACGAATCCATTACATC,-2.8907,3.4155
GCGTGTTAGCCGAGTT-E15S,E15S,Tumor,1.4677320379418715,0.9210712288790934,0.5379149218353089,0.23731867712696114,-0.007861684851544747,-0.07628305157402301,persistent,GCGTGTTAGCCGAGTT,-3.9791,3.9822
CGCATGGTCTAACCAG-E15S,E15S,Tumor,1.4223151950080615,2.26332235619548,0.06933246357499148,0.970071748337432,-0.08482602938003951,1.166246828262725,memory,CGCATGGTCTAACCAG,-1.4415,5.971
AAAGTGATCCTCGTTG-E15S,E15S,Tumor,1.2169354635174563,2.709126533571498,0.3291664490724732,0.7114236622372714,0.20280842722449383,0.13839569327570714,reverted,AAAGTGATCCTCGTTG,-0.0011,5.1729
CATCACTTCGCATCCC-E15S,E15S,Tumor,1.9013696967788023,1.884046706724809,0.20381007053282754,0.8952211858503624,0.10397808850319805,0.7035359469702827,reverted,CATCACTTCGCATCCC,-2.5197,6.7642
CTAGCATGTCAACTTA-E15S,E15S,Tumor,1.8824173019441688,1.8249458736044206,0.6007786196929696,0.14298311014349693,0.23000146625663914,0.9458774478963746,persistent,CTAGCATGTCAACTTA,-1.8608,6.3423
CCTGTGGAGCATGTCA-E15S,E15S,Tumor,1.0711573563793446,2.4835508644287083,0.6903233085726025,0.06424989779532166,0.1813077376841167,0.3842512247075605,persistent,CCTGTGGAGCATGTCA,-1.8714,7.6309
ATAGCGAGTGCGAGCA-E15S,E15S,Tumor,1.0122109455626742,1.7320421646390398,1.0490337128041485,0.0019554287345440098,-0.3593250545680789,0.6704949759148756,persistent,ATAGCGAGTGCGAGCA,-1.8649,8.4779
GTTAGGGAGGCTATAT-E15S,E15S,Tumor,0.5682052184357435,0.6847891363367538,0.33208597093005,0.7054446444142579,-0.042418957423630416,1.1285353922712678,memory,GTTAGGGAGGCTATAT,-0.7801,7.6528
CATGGTTGTGGCTTGC-E15S,E15S,Tumor,1.2806778255652065,1.1377168948340317,0.6109362401540419,0.13107990122274252,0.16949617872013614,0.8809504690479338,persistent,CATGGTTGTGGCTTGC,-3.0019,4.2766
TGGAATGGTTTGGTCG-E15S,E15S,Tumor,0.9189571039019682,0.6691807194493427,0.07237331147710754,0.9691838991569388,-0.4026152952840816,0.6610768317324338,reverted,TGGAATGGTTTGGTCG,-3.7959,3.7432
TACCCTTAGCTGGTGT-E15S,E15S,Tumor,1.6147281137502054,2.913081791410081,0.3700497505566064,0.6217422541792946,0.13619484540287544,0.10455038107024266,partial,TACCCTTAGCTGGTGT,-0.8683,5.7655
ACGTAAGGTCAGGCGA-E15S,E15S,Tumor,2.1551228332471553,1.2898168281599607,0.5284950949764096,0.2546358017193905,-0.09927224194418627,0.6923071408342191,persistent,ACGTAAGGTCAGGCGA,-3.7465,5.6437
CAATCGATCGTCTCTG-E15S,E15S,Tumor,1.4215350051842512,1.5528949977137907,0.4683336971907029,0.3828338211829506,-0.3118178545970326,-0.09079712470584045,partial,CAATCGATCGTCTCTG,-4.2251,4.028
GCAAGTGAGTCGATCA-E15S,E15S,Tumor,0.925761846460295,1.3775705019478204,0.36662530956402384,0.6296937416632904,0.04565546915149441,0.38212249854249286,partial,GCAAGTGAGTCGATCA,-4.3134,3.8716
ACAGATGGTTAATCTG-E15S,E15S,Tumor,1.3022723708488337,1.3152655206663328,0.3347571946102629,0.6999114279228805,-0.5415470465761841,0.9540845727015805,partial,ACAGATGGTTAATCTG,-2.4998,6.5348
CACCCTTGTAACGGGT-E15S,E15S,Tumor,0.3864112796471623,0.507431661710576,0.8145996718228621,0.019631930951241224,-0.5867901201978556,0.678578138965766,persistent,CACCCTTGTAACGGGT,-1.0076,8.2223
TGGCTGACATGGTGAT-E15S,E15S,Tumor,2.288756202711558,1.935386399623297,0.2691649599688345,0.8171601278370657,-0.2535593971553325,0.7262625470989932,reverted,TGGCTGACATGGTGAT,-1.6043,7.3348
ATGCCTGGTTGGTCAT-E15S,E15S,Tumor,0.9870192996354307,0.904015080195007,0.40982386817819894,0.5256247048414202,0.24586929190037532,-0.01652794409055051,partial,ATGCCTGGTTGGTCAT,-2.4772,4.4487
AACAGGCGTCAGCTAT-E15S,E15S,Tumor,1.384961489571442,0.9598026199055677,0.8203799784114647,0.018558717638571857,0.002368067653341613,1.2189397481428703,persistent,AACAGGCGTCAGCTAT,-1.9565,8.5953
CTATCAAGTGATTACC-E15S,E15S,Tumor,1.5060063501852252,1.5265788834297562,0.5401684168133148,0.2332983104868908,-0.061895385136689574,0.9458922031927475,persistent,CTATCAAGTGATTACC,-3.1096,7.5874
TCTATGCTCCGCGAAT-E15S,E15S,Tumor,0.8214150499987266,1.2687421379878183,0.36369265148360674,0.6364480390416255,0.09682112033874128,0.02375594237238206,partial,TCTATGCTCCGCGAAT,-1.9027,8.3119
GGTGGCAGTAACGGGT-E15S,E15S,Tumor,1.2840119788706041,1.6598918581984117,0.22868742907246747,0.8697284328112915,0.00763073052092119,0.6945884736595082,reverted,GGTGGCAGTAACGGGT,-2.02,7.9939
GTTAATGCAAGCTCAG-E15S,E15S,Tumor,1.0453756732157533,1.0484162729529731,0.51458799186339,0.2816787852045761,0.04811835699114831,-0.7979860091993929,persistent,GTTAATGCAAGCTCAG,-0.9564,6.738
AGGCCAAAGCAACCTA-E15S,E15S,Tumor,1.4948547021643144,1.6550885637517652,0.5768351433859314,0.17460567245823597,-0.4542721735508818,0.6789870147706435,persistent,AGGCCAAAGCAACCTA,-3.7007,4.8657
CCTAGGTAGGTAATCT-E15S,E15S,Tumor,1.1705954844391315,1.253277512453192,0.6215171330112244,0.11958627637813109,-0.6084517658670461,0.9330836543217449,persistent,CCTAGGTAGGTAATCT,-3.196,4.3035
CCCAGGATCAGGACGA-E15S,E15S,Tumor,1.3792713222171493,0.9677243275230066,0.3516500426233835,0.6636010270006866,-0.15756585549382665,-0.7979860091993929,partial,CCCAGGATCAGGACGA,-2.3866,8.3364
AACCGATCACAGGCTA-E15S,E15S,Tumor,1.0336335135186188,1.323949893141292,0.5207096731126064,0.2695619750352253,-0.35720333058683623,0.3681493924378757,persistent,AACCGATCACAGGCTA,-3.382,3.5153
GTCTACTTCCTTGGTT-E15S,E15S,Tumor,0.5164760349484615,0.49258746178515767,0.36597131616859885,0.6312044850490907,0.13974750732604735,0.9577063125644766,partial,GTCTACTTCCTTGGTT,-0.7888,7.7122
GTAAATGAGTCATTCC-E15S,E15S,Tumor,1.0633998641516362,2.3684215933131236,0.06421957774191724,0.971508977877638,-0.14058943997076206,-0.7979860091993929,reverted,GTAAATGAGTCATTCC,-2.1846,4.9823
CCATAACGTGAGGTTA-E15S,E15S,Tumor,1.5467630022205054,1.4497546464461075,0.26694418766094863,0.8204270276834971,0.1910598906006702,0.6639943400340267,reverted,CCATAACGTGAGGTTA,-4.5345,5.7125
GTTCAATAGGTAGTGG-E15S,E15S,Tumor,1.9968653257110682,1.289335529412722,0.8241650225303632,0.017887366186024163,-0.022322727428435923,1.1238009861062683,persistent,GTTCAATAGGTAGTGG,-2.6257,8.6012
AGCGGTAAGGGGTCAA-E15S,E15S,Tumor,1.4407228704119106,0.7961310992637585,0.8157671124665391,0.019410383106074906,-0.3602767483984217,0.3653480681014255,persistent,AGCGGTAAGGGGTCAA,-2.945,3.6706
TACCGCCTCTGGATCA-E15S,E15S,Tumor,1.5169895248749257,1.5016368884898197,0.5397309850823471,0.23407499344380134,0.12586363077718649,0.6838478324760278,persistent,TACCGCCTCTGGATCA,-4.3956,4.7198
TGATGAAAGTTAGCAT-E15S,E15S,Tumor,0.6714066024518336,0.6726290562805635,0.4346636096844404,0.46413724297268244,0.0090496071428042,0.6853653827220925,partial,TGATGAAAGTTAGCAT,-0.8594,7.8354
TGCTACCCAACTACTT-E15S,E15S,Tumor,1.367020539308833,0.8421006477420762,0.4875899408531003,0.33884101508109027,-0.06059081127052772,0.9941071566476987,partial,TGCTACCCAACTACTT,-1.077,6.6008
CGTACTAAGAAGGTCG-E15S,E15S,Tumor,1.0791906667540772,1.8983984456644218,0.917630697741217,0.007158111789374421,-0.008892219679415565,0.904592140649113,persistent,CGTACTAAGAAGGTCG,-2.4434,8.6618
ACGTTCAAGTTAGTAC-E15S,E15S,Tumor,1.3938376220583526,1.4852629786827611,-0.06602029097178803,0.9920024643270262,-0.16249713320335585,0.9115539614648113,reverted,ACGTTCAAGTTAGTAC,-3.3311,6.8088
GGTACGGGTAGCCAGG-E15S,E15S,Tumor,1.6708651898807518,1.0738111476875287,0.3863024197917658,0.5831709748907659,0.042011801674878495,0.922556991464571,partial,GGTACGGGTAGCCAGG,-4.0847,4.7872
AGTAACGGTAGCGATA-E15S,E15S,Tumor,1.677999689406277,1.4990866123201296,0.25852222714515655,0.8324019947252252,-0.017165180651888684,0.7299820151511972,reverted,AGTAACGGTAGCGATA,-2.0158,6.6064
ACCTAAGTCGTTACAG-E15S,E15S,Tumor,0.45912378379258595,0.5238571283262824,0.6059548162829808,0.13680864551033922,-0.22079551549440746,0.9247155572926706,persistent,ACCTAAGTCGTTACAG,-1.6049,8.6217
TGGACGAAGTAAGTTC-E15S,E15S,Tumor,1.9929845387413272,1.6271769170329782,0.7798473682028336,0.027486178953676627,-0.0014943734801115757,1.0988610277439135,persistent,TGGACGAAGTAAGTTC,-3.6642,3.9396
ACGCTGACACCAGCAA-E15S,E15S,Tumor,1.3695705599110917,2.5161833138302008,-0.06745015597975129,0.992114158751002,0.038641986731511806,0.12928536538494123,reverted,ACGCTGACACCAGCAA,-0.193,4.6326
GGTAATTTCCCGTTGC-E15S,E15S,Tumor,0.7532204078228835,1.3405343165704418,0.3544810700631361,0.6573064054001423,-0.14144016695545447,-0.03846374683917028,partial,GGTAATTTCCCGTTGC,-1.6236,8.0055
AGGTGCTTCCAGCACG-E15S,E15S,Tumor,1.1719747274800092,0.599976396763114,0.5143508967900879,0.2821546807308001,0.06212022860149316,0.39545005542827183,persistent,AGGTGCTTCCAGCACG,-3.7364,3.6874
CACCACCTCAGTACCA-E15S,E15S,Tumor,0.8916831973379625,1.0139690891907918,0.5254804936569161,0.260350267349737,0.10395703182701176,1.3140861511989583,persistent,CACCACCTCAGTACCA,-1.5368,7.682
ACTTAACAGCGAGACA-E15S,E15S,Tumor,0.4911972864352515,0.7394826017179983,0.7723846455935018,0.02953475276959644,-0.8859177427794601,0.4045684509525629,persistent,ACTTAACAGCGAGACA,-3.3486,3.3516
CACCATCCATGCTCAC-E15S,E15S,Tumor,0.9270010159810028,0.879600014532111,0.3500508739387815,0.6671313570679608,-0.06286006449331108,0.39802383689938275,partial,CACCATCCATGCTCAC,-2.2627,8.2707
CTTAGCAAGTAGGGCA-E15S,E15S,Tumor,1.4727108244160312,2.3515172395261725,0.2514046378554238,0.8420177262185302,-0.26257957386777075,0.9177350894616422,reverted,CTTAGCAAGTAGGGCA,-3.7979,5.2563
AATCATCAGTAGCATT-E15S,E15S,Tumor,1.4727041475933917,2.075130191402315,0.04350064093187367,0.9766764105457965,-0.08706268162067253,-0.02896614469958206,reverted,AATCATCAGTAGCATT,-2.8156,8.0305
ACTCACTTCCGGTTAA-E15S,E15S,Tumor,1.8573791701309932,1.4397416862059702,0.48500499681583087,0.34460629259148406,-0.4378966980249982,0.047632396370087995,partial,ACTCACTTCCGGTTAA,-1.5726,5.9958
AACTGAAAGTAACGGG-E15S,E15S,Tumor,0.6579873789943476,0.9238664219934494,0.37931514223369445,0.5999083548871621,-0.266204956086605,0.9395611336824795,partial,AACTGAAAGTAACGGG,-2.5815,4.5026
GGTTGGTTCTAGCTTC-E15S,E15S,Tumor,1.4314199630398292,0.8055212246294448,0.21970776691959965,0.8794882853647177,0.00840682397582004,-0.045404848830302436,reverted,GGTTGGTTCTAGCTTC,-3.7491,3.5852
CACGTTGGTTCATCGG-E15S,E15S,Tumor,1.4128384122814814,2.4663454958859856,0.29569912918257096,0.7745419215559187,0.17992338840284028,0.053481154762319696,reverted,CACGTTGGTTCATCGG,-0.9922,6.0132
ACCGATGCACTAACGG-E15S,E15S,Tumor,1.8926868985776502,2.1300551712714584,0.10235388153863689,0.9589543722012523,-0.12095817657699838,0.8327652307123637,reverted,ACCGATGCACTAACGG,-1.4555,5.9358
GGAGATTAGGATCTAT-E15S,E15S,Tumor,1.5128531933672655,1.1383004946716575,0.6722529319933459,0.07590023804908996,-0.30820183884390917,0.36416517007653215,persistent,GGAGATTAGGATCTAT,-3.3253,6.9068
AACGATTTCACGCAAC-E15S,E15S,Tumor,1.5991467480779487,1.2972769657059373,0.3373089706124351,0.6945706130296824,-0.01882635663351142,0.7481128837332841,partial,AACGATTTCACGCAAC,-2.8592,6.413
TGTAGGTCAAACCCAG-E15S,E15S,Tumor,1.4813346504909424,1.8775885718655578,0.1722375933059132,0.9211634601634155,0.1131525206778643,0.7175963398612687,reverted,TGTAGGTCAAACCCAG,-1.6464,6.4779
AGTATGAAGCCTACCC-E15S,E15S,Tumor,1.2652693815225127,1.8466296296800748,0.5292007316908754,0.25331019100574353,0.08417289471097605,-0.7979860091993929,persistent,AGTATGAAGCCTACCC,-1.8891,6.2219
GCGAGGTAGGTACCCG-E15S,E15S,Tumor,1.6492791744187336,1.8067356862672639,0.10934412651592064,0.9561378681612545,-0.1894712286895945,0.008542391124880774,reverted,GCGAGGTAGGTACCCG,-2.9708,5.4407
CTCATGGGTTCCCAAG-E15S,E15S,Tumor,1.80722331856754,1.1947227272321213,0.6824644370250278,0.06909676192940216,-0.7561535918570814,-0.7979860091993929,persistent,CTCATGGGTTCCCAAG,-4.295,5.6324
CTACGAATCCCCAATT-E15S,E15S,Tumor,1.965082225858483,1.1818612972716058,0.45400810915496087,0.41690327307977915,-0.042280745581542066,0.9218722183320947,partial,CTACGAATCCCCAATT,-4.2461,4.3414
TCCACTTAGTAATGAG-E15S,E15S,Tumor,0.4978718532297353,0.6727923576091205,0.858587542640753,0.012781264479706206,-0.622807934135406,0.00405606400453784,persistent,TCCACTTAGTAATGAG,-0.5673,7.4566
GTGACGTTCGTTCGGG-E15S,E15S,Tumor,0.5521681743841356,0.5329162424658909,0.4401053341424158,0.4507470948676804,0.05593601587001151,1.3005696096020314,partial,GTGACGTTCGTTCGGG,-1.6844,8.0576
TATAGGTTCCTGCCAC-E15S,E15S,Tumor,1.9414626028598094,1.5191738331321192,0.27959154939833636,0.8012052854529976,0.10230159899976922,0.01610625177834315,reverted,TATAGGTTCCTGCCAC,-2.1551,6.7108
AACTCGATCCAACTCT-E15S,E15S,Tumor,1.2606725348790961,1.7681884957946414,0.23570065038311738,0.8616453628390467,0.06497803302224284,0.4333525870271427,reverted,AACTCGATCCAACTCT,-2.6583,6.9359
CCTGTAAAGTTACGGC-E15S,E15S,Tumor,1.6246564530218548,1.2115025832867803,0.30549962078363463,0.7571220651383934,-0.23817826209542975,0.7043593677296334,reverted,CCTGTAAAGTTACGGC,-2.2056,8.4448
TACAGCGCATCCGCAT-E15S,E15S,Tumor,1.534029094290573,2.350473493478457,0.1410671542374966,0.9408838961029362,0.18512007143745846,0.03422814611706587,reverted,TACAGCGCATCCGCAT,-0.9876,4.6106
ACGATTGTCCCTCAGC-E15S,E15S,Tumor,0.8816993447938996,1.936137162542873,0.10096136081849674,0.9594943922031501,-0.06229850434748085,0.031137839344987008,reverted,ACGATTGTCCCTCAGC,-0.7468,7.1066
CGTACCCTCTGGCCTC-E15S,E15S,Tumor,0.8628912523288029,0.7639237670275782,0.3612026348608749,0.6421410584546953,-0.25530127615107195,0.7036456749920028,partial,CGTACCCTCTGGCCTC,-0.7924,7.5598
GTCCCTTGTGAACCTT-E15S,E15S,Tumor,1.2199175925906323,1.1613865983404177,0.37263931146455553,0.6156853100875672,-0.25885496818008347,-0.018010839393646172,partial,GTCCCTTGTGAACCTT,-2.6292,6.396
TCATGCTTCGTTAAGT-E15S,E15S,Tumor,0.5213084618387654,0.48346712556868965,1.0618492019023875,0.0017225005138945739,0.38678639363060896,0.4007943451450382,persistent,TCATGCTTCGTTAAGT,-2.7359,3.5666
TGTCAGGCATTAACGA-E15S,E15S,Tumor,1.63932737434974,1.1703430043683538,0.4324343439508741,0.4696387546902228,-0.23456373580389814,0.404271485083063,partial,TGTCAGGCATTAACGA,-4.4113,4.5145
GTTATCCTCACATAGT-E15S,E15S,Tumor,1.1368807280080224,2.257641844684326,0.9635688852745967,0.004551198193009687,0.1535308383466021,0.4084688879681701,persistent,GTTATCCTCACATAGT,-1.3477,8.1375
CCTTGAAAGCAAGCGA-E15S,E15S,Tumor,1.4356984674099427,1.9784745491126645,0.1731925590950663,0.9204730969207903,0.059624226016551735,0.04331555301883533,reverted,CCTTGAAAGCAAGCGA,-1.318,6.0359
GTCCGTTCAACTACTT-E15S,E15S,Tumor,1.6542689594302062,1.7127529204521093,0.10397112044967427,0.9583185567300799,0.14510931103662184,0.4630947451303115,reverted,GTCCGTTCAACTACTT,-2.0188,6.4149
TCAGTTGAGAAGGGAA-E15S,E15S,Tumor,0.8610972395331008,0.8632469271057254,0.2265625461803762,0.8720969472333469,-0.07255155627371311,1.4348066946507654,memory,TCAGTTGAGAAGGGAA,-1.6243,7.7857
CCTTTAGCAGGCAATT-E15S,E15S,Tumor,1.9164207906509847,1.3037130451790133,0.6641599545395206,0.0817234062330809,0.3685663597773391,-0.7979860091993929,persistent,CCTTTAGCAGGCAATT,-2.6824,7.7978
TAGTCCCCACCTTGCG-E15S,E15S,Tumor,1.5104292864937443,1.49683526873926,0.36469272539184905,0.6341506238961734,-0.16312633260631007,0.023191336997723463,partial,TAGTCCCCACCTTGCG,-2.3321,6.3819
CGCTACCTCGAACCCG-E15S,E15S,Tumor,0.9687190427155429,1.3082790490151146,0.7953840766968763,0.0236548558960761,-0.3914877546562193,0.4566064186550457,persistent,CGCTACCTCGAACCCG,-1.3321,6.841
CAGTAAGGTGAGGTCG-E15S,E15S,Tumor,1.5092211316775979,1.4756008858507486,0.48327055562098925,0.3485005974957351,0.03469604565073981,0.9802362449898827,partial,CAGTAAGGTGAGGTCG,-1.9622,6.0556
AACCGATCAAGGTCTG-E15S,E15S,Tumor,0.5705356084764599,0.49981674218493655,0.7251763868289386,0.04634726894020822,0.2651058386470122,0.4400218519953886,persistent,AACCGATCAAGGTCTG,-2.9014,3.5942
CCTTGGGAGCGAACCT-E15S,E15S,Tumor,0.8365733540793581,0.6226941648219358,1.0019568791128188,0.0031149548402727278,0.003973872467956791,-0.7979860091993929,persistent,CCTTGGGAGCGAACCT,-3.2824,3.5467
ATCACGATCCGGGCTA-E15S,E15S,Tumor,0.49551315024472803,0.6285514851471705,0.7829915156053399,0.02666503125140203,-0.3700276530653477,0.7227057247704565,persistent,ATCACGATCCGGGCTA,-0.7475,7.7474
CTCGAATGTCTGTGTG-E15S,E15S,Tumor,1.464639375262039,0.9189428711406197,0.4574675666464171,0.4085894865909173,0.20385162540018117,0.9360893474057703,partial,CTCGAATGTCTGTGTG,-2.1786,8.0892
GTACGATCACAGCGGT-E15S,E15S,Tumor,1.0074018560455036,1.5535902279219524,0.6534268571558938,0.09007337567288043,-0.8338828344808608,0.7238797118760285,persistent,GTACGATCACAGCGGT,-3.2107,6.3415
CTTGGGACAAGGTGCC-E15S,E15S,Tumor,1.5483417050226258,1.001484478357722,0.5339666274148708,0.24447699754512345,-0.0966618502676886,1.1606363378309585,persistent,CTTGGGACAAGGTGCC,-1.854,7.7903
AGAGACCGTCTTGCCT-E15S,E15S,Tumor,1.1950412178890921,2.443894604359022,-0.08326149792294973,0.9932506645575897,-0.21364968750050564,0.9040915692629237,reverted,AGAGACCGTCTTGCCT,-4.0748,5.7179
ATAGGCTCATTGCGTC-E15S,E15S,Tumor,0.7243940463575271,0.5409355704278332,0.3914231952966058,0.5707793788544957,-0.09051486913762259,1.1259905191672006,partial,ATAGGCTCATTGCGTC,-1.4739,8.0227
GGTTAAGGTGATGACA-E15S,E15S,Tumor,0.925523600484724,1.0991494614184236,0.9038837497375691,0.008194823999655845,0.09133121569555346,-0.0033461578401419276,persistent,GGTTAAGGTGATGACA,-3.1162,3.8036
TCATGCTTCCAACTAG-E15S,E15S,Tumor,1.4392551216607645,1.35412807512013,0.3963235070213197,0.5588373961621225,-0.471901143930874,0.6970273444327597,partial,TCATGCTTCCAACTAG,-4.4532,5.017
GTAGTAAAGTGGGTCT-E15S,E15S,Tumor,1.685940289800512,1.84550915394056,0.13624937643955823,0.9434855520169896,-0.2666153499076709,1.023945300158661,memory,GTAGTAAAGTGGGTCT,-2.724,6.9797
CTTAGTAGTCTTGAGT-E15S,E15S,Tumor,0.8459431416320102,0.6574396851293015,0.31377208480885316,0.74172312671444,0.16519734687218243,-0.046874360984121156,reverted,CTTAGTAGTCTTGAGT,-3.7212,3.4716
TGACATTAGTTAGACT-E15S,E15S,Tumor,1.5501729635766388,1.3280657904731386,0.139289147928853,0.9418568562638641,-0.9924628457484652,1.36706992658771,memory,TGACATTAGTTAGACT,-2.6836,6.1519
TACAGGTCACTTGACC-E15S,E15S,Tumor,1.5327877840324127,1.9862431761889605,0.47722013635687005,0.3622419736343634,0.3097552460870548,0.02485492258044652,partial,TACAGGTCACTTGACC,-3.5365,5.2009
CCGAATGCAAGGTCAT-E15S,E15S,Tumor,2.051164180719363,1.7232814913861207,0.11583579791075588,0.9533578516362435,0.2104848696171368,0.814869706280201,reverted,CCGAATGCAAGGTCAT,-1.6912,6.1298
ACATGTTAGCCCGTGA-E15S,E15S,Tumor,1.3855230753105472,1.4791894768918863,0.35707330500683054,0.6514937152532205,-0.10639580875037469,-0.7979860091993929,partial,ACATGTTAGCCCGTGA,-3.2609,5.0168
GCTTTGGGTTGGAGCG-E15S,E15S,Tumor,1.2257370723944516,1.4801040046212508,-0.0039910961437170656,0.9853068475889885,-0.1756864534608149,0.7777122618766558,reverted,GCTTTGGGTTGGAGCG,-1.6236,6.2488
GCATAGTCATCGCTGT-E15S,E15S,Tumor,1.1882795484753093,2.2662628478386364,0.35373022548292754,0.6589813756918819,0.18691875991362591,1.1919625488494872,partial,GCATAGTCATCGCTGT,-1.3608,7.6572
GGTTACATCAAGTCCA-E15S,E15S,Tumor,1.141714298786856,1.9698712648116035,0.37575827364640474,0.608342350380329,-0.06544883493648089,-0.7979860091993929,partial,GGTTACATCAAGTCCA,-2.3185,5.088
TCTGCCTGTCAGGAGT-E15S,E15S,Tumor,1.4569874152101399,0.9446488286597045,0.3583206104449616,0.6486805447642358,-0.0896149712549716,1.1659916267966919,partial,TCTGCCTGTCAGGAGT,-2.8078,8.4923
CTCATCACAATGGGCC-E15S,E15S,Tumor,1.535585728439304,2.1912526335973372,-0.10467258386239532,0.9945345605584474,-0.3865149165009368,0.4386367252557831,reverted,CTCATCACAATGGGCC,-1.8844,7.2125
CGCTTAGGTGCAGCCT-E15S,E15S,Tumor,1.1762191052146662,0.9370516341946628,0.2784010727967412,0.8030786257594213,-0.40737250137678666,0.4357457962915748,reverted,CGCTTAGGTGCAGCCT,-3.1184,4.2055
CGCTAATGTTTAGCCG-E15S,E15S,Tumor,0.9660614571919693,1.6770265917967089,0.3888026108305222,0.5771329540381651,-0.40237872368182925,0.7326458131482183,partial,CGCTAATGTTTAGCCG,-2.9188,8.7029
GGAGATTAGTCATGTG-E15S,E15S,Tumor,0.5557110381589411,0.5585610187691468,0.8667821129647949,0.01179562821088715,0.12208896826444607,0.7220842378853924,persistent,GGAGATTAGTCATGTG,-1.1507,7.8148
TGTAGCGCAAGGTGAA-E15S,E15S,Tumor,1.1076501009839013,0.6581390512868287,0.5522306443227782,0.21259110306569953,-0.01881135534619097,-0.020078938662020557,persistent,TGTAGCGCAAGGTGAA,-3.5758,3.3577
AACCACGCAGTTGAGT-E15S,E15S,Tumor,1.7878119194557531,1.8097809005179988,0.03186735122221328,0.9791643572310892,-0.33926479455235936,-0.7979860091993929,reverted,AACCACGCAGTTGAGT,-2.8424,5.0486
CACCCATCATCACTTG-E15S,E15S,Tumor,0.5655184839928039,0.6214959003694548,1.4075074167542525,5.6035913692500404e-05,-0.3251084634064027,1.2730202441018634,persistent,CACCCATCATCACTTG,-1.3786,8.1488
CCTATAGAGTAGCGGA-E15S,E15S,Tumor,1.4400847605704086,1.597394841362029,0.29960753322871375,0.7677028997537106,0.3234979279690563,0.5057456592307984,reverted,CCTATAGAGTAGCGGA,-4.536,5.1577
GCTTTGAAGTAACGGG-E15S,E15S,Tumor,1.2050680633310613,2.4039342618266404,0.6108460340933964,0.13118180457489564,-0.38215511919278433,-0.018224979984654926,persistent,GCTTTGAAGTAACGGG,-3.0324,3.9317
CTTGCTTAGGTACAGG-E15S,E15S,Tumor,1.497940420119766,1.3435032518093613,0.24264831190030364,0.8532268628819408,-0.07645968637413107,0.7454287989396395,reverted,CTTGCTTAGGTACAGG,-2.5357,6.384
ACTATCCTCCCGTGAG-E15S,E15S,Tumor,1.6721902874888266,2.03246234635782,-0.10345824606509428,0.9944687241161155,0.041300693870379074,-0.7979860091993929,reverted,ACTATCCTCCCGTGAG,-2.2959,7.2537
TAACGAGGTTACACGT-E15S,E15S,Tumor,0.45646624597863483,0.4868625101021521,0.12208540860164228,0.950523765738854,-0.09204445984938266,0.03454074890219448,reverted,TAACGAGGTTACACGT,-2.6278,4.2005
TAGGGTTCAAGCTCCT-E15S,E15S,Tumor,1.9210156178666862,1.4290187390821516,0.26332545592242695,0.8256524360384411,0.14395756289289785,-0.7979860091993929,reverted,TAGGGTTCAAGCTCCT,-2.731,6.9017
ACCCTATTCCCATAGA-E15S,E15S,Tumor,0.6473776875785561,0.7465082153305643,0.48338753651091415,0.3482372982444791,-0.3532875260819352,0.08494565222197525,partial,ACCCTATTCCCATAGA,-1.017,6.904
AGCTTACGTCAGTAGA-E15S,E15S,Tumor,1.504428975043819,1.1067918506047614,0.7294401090591105,0.04451418111478375,-0.1272561313682495,-0.7979860091993929,persistent,AGCTTACGTCAGTAGA,-1.6528,6.9249
CATCCGGAGCTAAGTT-E15S,E15S,Tumor,0.48742785546496104,0.44239631897108017,1.07508950684973,0.00151090845244916,-0.593793977682319,0.01444786487074677,persistent,CATCCGGAGCTAAGTT,-3.057,3.2869
GTGAGTGAGTGAAGGT-E15S,E15S,Tumor,0.5811263201501178,0.5473260560536798,0.7579656487272594,0.03391995042957113,0.3270385412485066,0.009211529016228013,persistent,GTGAGTGAGTGAAGGT,-3.2299,3.4838
GGTCATCAGGAACCTC-E15S,E15S,Tumor,1.7166766270570093,1.163991145229271,0.338190125853339,0.6927140517785514,-0.04466368878747909,0.502169586552015,partial,GGTCATCAGGAACCTC,-3.1248,6.7933
GCGGAGTAGGCGTCAT-E15S,E15S,Tumor,0.9481796461225002,1.7820420858712327,0.5946789983145677,0.15055518815139188,0.0942695042920815,-0.02689032115214256,persistent,GCGGAGTAGGCGTCAT,-3.7881,5.133
TCACGAATCAGGCTTA-E15S,E15S,Tumor,1.0077886602608126,2.161112986682431,0.2230588148243261,0.8759221014030552,0.10677395616555566,-0.7979860091993929,reverted,TCACGAATCAGGCTTA,-1.8757,7.7762
TCGATAGTCGTGAACC-E15S,E15S,Tumor,1.9525256514253493,1.297100521950729,0.31466876006622546,0.7400163076075308,-1.1463916691217353,-0.0005005159130093516,reverted,TCGATAGTCGTGAACC,-3.7347,4.9405
AATGAACGTTGCGGTC-E15S,E15S,Tumor,1.6877243339650105,1.7257332198592576,0.3670865917885354,0.6286266355988783,-0.12761107031948346,0.4874614738949092,partial,AATGAACGTTGCGGTC,-1.5854,6.314
ACCGTTGGTCAACCGC-E15S,E15S,Tumor,1.740565792273888,1.5047407058563735,0.26094655494722463,0.8290217379270218,-0.09818790983217221,0.5085928021992935,reverted,ACCGTTGGTCAACCGC,-2.6434,6.9679
TGGCCTGAGGTTGATT-E15S,E15S,Tumor,0.5044552477256435,0.8546983770808573,0.2139793890515529,0.8853795562364537,-0.013464997835150934,0.4640731419927047,reverted,TGGCCTGAGGTTGATT,-0.8618,7.6339
GCATCAGCATTAACGA-E15S,E15S,Tumor,0.6187787197637011,0.6755227479544269,0.3044559503849539,0.7590198762372801,0.03984871129620765,1.3446065020708369,memory,GCATCAGCATTAACGA,-1.605,8.4902
TAAGGGGTCATATGGT-E15S,E15S,Tumor,1.1001284351933682,1.9167701744619015,0.17911845400980636,0.9160644169764709,0.16613421540080991,1.0616038055561425,memory,TAAGGGGTCATATGGT,-1.8778,6.4835
CAATTTCCAATCCCGT-E15S,E15S,Tumor,1.3954708690145141,1.3873344247953243,-0.13701454518379982,0.9960279834964962,-0.3423479921888268,0.48195347423698137,reverted,CAATTTCCAATCCCGT,-2.5914,6.2352
GGTGACTTCACTCGTT-E15S,E15S,Tumor,1.522422886141336,1.97185283836389,0.1647775183658742,0.9263704443896406,0.007028138597099581,0.49960855776743784,reverted,GGTGACTTCACTCGTT,-1.6093,5.9548
CAAGTAAAGGGGTTAG-E15S,E15S,Tumor,0.4650873023693265,0.6023551772989056,0.8478895548142732,0.014191198100017524,-0.5979107835622608,1.0085254200523757,persistent,CAAGTAAAGGGGTTAG,-1.1319,8.2552
AGGCGCAGTAATCAGG-E15S,E15S,Tumor,0.46166394069218913,0.5416774894455239,0.7268035697127851,0.04563937549162245,0.20824691350217187,1.1654018025409143,persistent,AGGCGCAGTAATCAGG,-1.3943,7.9457
AGGGAAGGTTCTGGCA-E15S,E15S,Tumor,1.8277819716545602,1.911248131920864,0.7483834980024695,0.03717496522716316,0.11248389280394157,0.03595053589539936,persistent,AGGGAAGGTTCTGGCA,-3.323,4.6032
CGTGGATTCATATCCC-E15S,E15S,Tumor,1.8554893054536394,1.531991031118042,0.3245561398939963,0.7207167626624111,0.15536249635080943,0.4241265604258779,reverted,CGTGGATTCATATCCC,-2.15,6.7588
ACCATCCCATAGACAC-E15S,E15S,Tumor,0.8745355769458307,0.9300852717493504,0.5493351490797083,0.21743650719783075,0.08902182875680419,1.2670130411882976,persistent,ACCATCCCATAGACAC,-0.9612,7.4234
TGCATAACACATTACT-E15S,E15S,Tumor,1.2140638534591501,0.9203805956945615,0.10367208061370148,0.9584368295956442,0.1337673615041737,0.7392667157509092,reverted,TGCATAACACATTACT,-3.2168,4.2989
TACTACTCACTTCGAC-E15S,E15S,Tumor,1.284576796812729,2.5080060558308084,0.24883886029707636,0.8453724479792034,0.33699065576619686,-0.7979860091993929,reverted,TACTACTCACTTCGAC,0.0192,4.2548
CATATAGCATAGGTCG-E15S,E15S,Tumor,1.1675698986960104,2.2335417970341807,0.22015962464913502,0.8790126295303975,0.20141882974334863,0.7479953149265394,reverted,CATATAGCATAGGTCG,-2.6569,7.7548
AACGTAAAGGTCATTG-E15S,E15S,Tumor,1.549719225895355,2.2054519137719875,0.49226918494506056,0.3285262661078213,0.08901336963380568,1.4900681231717898,partial,AACGTAAAGGTCATTG,-0.2747,4.5406
CGTATCCCATTCATAC-E15S,E15S,Tumor,1.182818206050132,1.4262869029272263,0.3503884220639613,0.6663877285490583,-0.49645199053376565,0.46191193055648994,partial,CGTATCCCATTCATAC,-4.2038,3.8397
AGCGCATTCGTGCCAG-E15S,E15S,Tumor,1.4850593159998013,1.6692231937244637,0.9324493699636337,0.0061860540623761,0.2557030106943292,0.8178683884195511,persistent,AGCGCATTCGTGCCAG,-2.5226,7.5398
GCGCTAGTCCGCGATG-E15S,E15S,Tumor,1.6630887017366236,1.9887011244699333,0.4525226961726436,0.42048787230528356,-0.23937398854337005,1.0245544896866867,partial,GCGCTAGTCCGCGATG,-2.5918,4.9504
CGGGTCATCCGTCATT-E15S,E15S,Tumor,1.6941694989542517,2.0037747215063466,0.20160191685218168,0.8972571385530934,0.1496402368265982,0.7477308627438584,reverted,CGGGTCATCCGTCATT,-3.3435,5.5914
CAAAGGGTCATCAAGT-E15S,E15S,Tumor,0.5748221843420933,0.8166725386595248,0.4993301854034873,0.31327165845442,-0.03770353192665435,1.0785559182777191,partial,CAAAGGGTCATCAAGT,-1.7627,8.3219
GTATTAGCATCGGTGA-E15S,E15S,Tumor,0.5700755853792845,0.7377852955131827,1.1618491306905518,0.0006397741391855494,-0.21662501643266946,0.7709505768905475,persistent,GTATTAGCATCGGTGA,-1.2371,8.444
CTTGTAAGTAGCTGAA-E15S,E15S,Tumor,1.810714802296339,1.3012501093389275,0.804159189805865,0.02172657282977702,0.4257464053294698,0.01548883977584248,persistent,CTTGTAAGTAGCTGAA,-4.0933,4.6707
AGCATCTGTTAACGTC-E15S,E15S,Tumor,1.448355809164762,1.474727428392766,-0.2225647231869621,0.998295424279336,-0.2635521321797952,-0.7979860091993929,reverted,AGCATCTGTTAACGTC,-2.0916,6.0186
AGCACCACAACTGGGC-E15S,E15S,Tumor,1.2425709462411587,2.3815175469488272,0.03356403255697121,0.9788183693283307,0.26818884560778994,0.242292198397057,reverted,AGCACCACAACTGGGC,0.0009,4.3001
ATCAGGGAGGATGCAG-E15S,E15S,Tumor,1.983212296880219,1.2164891132563094,-0.1097652258520623,0.9948022801150781,-0.03667996356646231,0.4986547834618097,reverted,ATCAGGGAGGATGCAG,-3.144,5.2377
GGTTACATCGTTGCTT-E15S,E15S,Tumor,1.6637946196456286,0.9019783683775029,0.9958630070645037,0.003308323331309063,-0.7565159418865854,0.997652960443339,persistent,GGTTACATCGTTGCTT,-3.8564,3.6763
CACGACTAGGCTTCCC-E15S,E15S,Tumor,1.8030620322448871,2.333306030953427,0.40324246356465976,0.5418626297645573,0.18883602914702952,1.2067919405373886,partial,CACGACTAGGCTTCCC,-2.0371,6.7864
CCACGGATCTGTGGAC-E15S,E15S,Tumor,0.4230398466229515,0.48398387631522977,1.030054211446156,0.0023593514547444847,0.06823836473822426,0.03814231872239607,persistent,CCACGGATCTGTGGAC,-2.6904,3.6539
CCCTATGTCAGGGCAA-E15S,E15S,Tumor,0.4292253640163239,0.6054235381885612,0.6085894727044938,0.1337529315184797,0.40473852226169654,0.8093637451883666,persistent,CCCTATGTCAGGGCAA,-1.1145,8.2396
AAGCCTATCCAGAGCT-E15S,E15S,Tumor,0.5578367239311093,0.5290221003797368,1.105612647228413,0.0011168008694476008,0.3754754073198939,0.0548303949937344,persistent,AAGCCTATCCAGAGCT,-0.8531,8.0485
TCAGTATAGCAGGGAC-E15S,E15S,Tumor,1.2089799403681505,1.8069907792400504,0.2199112772151443,0.8792742567925413,-0.1989772258942733,1.0654960272218819,memory,TCAGTATAGCAGGGAC,-2.7593,6.5649
CACGTTGGTTAGAGTG-E15S,E15S,Tumor,1.7717445668062184,1.423854556588777,0.2084217660153382,0.8908540062817389,0.015696348280358565,0.4731385474122902,reverted,CACGTTGGTTAGAGTG,-2.2211,7.1549
CTAAGCATCCTCTAGT-E15S,E15S,Tumor,1.536585234113982,1.929347743203416,0.24685900395480329,0.8479211192729913,-0.2867247591677296,0.07984128002165812,reverted,CTAAGCATCCTCTAGT,-1.3712,6.438
AAGCTAGGTAGTCATC-E15S,E15S,Tumor,1.7335711417572546,1.1447803398289014,0.23472498512841386,0.8627945652748542,0.12086237371478786,0.7875337745551673,reverted,AAGCTAGGTAGTCATC,-4.2165,5.6839
TGTCATGAGTCTAGCA-E15S,E15S,Tumor,1.8453803834801976,1.3237279357169454,0.24335324356625876,0.8523494108431094,0.020016010328343232,0.48913155819146187,reverted,TGTCATGAGTCTAGCA,-1.9953,7.3588
CGTTCCATCCACCTTG-E15S,E15S,Tumor,0.6372004316068225,0.59167007536241,0.717512125735138,0.04982421295913831,-0.3504205894414431,1.7605732704117572,persistent,CGTTCCATCCACCTTG,-1.655,8.6443
TCCATTGCAGCACGAC-E15S,E15S,Tumor,0.5295861958674106,0.6561833606858452,0.6909915845512091,0.06385268065200896,-0.18150030250404975,1.2780403130171003,persistent,TCCATTGCAGCACGAC,-1.1283,7.7509
TACCGGACATAGAGCT-E15S,E15S,Tumor,0.5925121429098823,0.5245423327947838,0.6940949034594274,0.062037917458033234,-0.07610182021880707,-0.7979860091993929,persistent,TACCGGACATAGAGCT,-3.6096,3.3781
TGCCGTAGTGACTCGC-E15S,E15S,Tumor,2.2385331427551636,1.7606361703743059,0.23968587092054397,0.8568671926727627,-0.16777564741043383,0.7949414927198808,reverted,TGCCGTAGTGACTCGC,-1.6012,7.4406
GGATAACAGGAGCTAG-E15S,E15S,Tumor,1.5626608109363982,1.47898687883722,0.17955925196271408,0.9157277543092549,0.0833072926746869,-0.7979860091993929,reverted,GGATAACAGGAGCTAG,-1.3063,5.7222
ATACACTAGCTTCCCA-E15S,E15S,Tumor,1.57070375640528,0.9713485971964596,0.19414365461959712,0.903876760815806,-0.39791884305615133,0.5074155300476245,reverted,ATACACTAGCTTCCCA,-3.3246,6.9162
GTCCGCAAGTATCTGG-E15S,E15S,Tumor,0.6050520971365196,0.5999325213984937,0.11503297571073172,0.9537105314991865,-0.23418240581144498,1.0843063391002314,memory,GTCCGCAAGTATCTGG,-0.62,7.3286
GCCGATTAGATAGGGT-E15S,E15S,Tumor,1.8424920035015022,1.3486667925860887,-0.04353586334955073,0.9900251026975053,-0.0008701532191396182,-0.7979860091993929,reverted,GCCGATTAGATAGGGT,-0.9776,6.9617
CTATTCGCACATACTT-E15S,E15S,Tumor,0.8143454034863441,0.6464849657289053,0.8366508719252497,0.015837526831399256,-0.9656359180236098,0.4848653354702893,persistent,CTATTCGCACATACTT,-2.1473,8.6596
ACTAACTAGTAAGGGT-E15S,E15S,Tumor,1.1022361204245434,2.375276654065761,1.0633744858935599,0.001696690617163849,0.3317353041185543,0.030662004044831277,persistent,ACTAACTAGTAAGGGT,-3.069,3.9056
TCGCGGATCGTACAGC-E15S,E15S,Tumor,1.1737835066236653,1.7578043716218261,0.1967315291377909,0.901624211315964,0.06405744673848196,0.9978275366892988,reverted,TCGCGGATCGTACAGC,-3.2599,6.414
AACCGATCACTATATC-E15S,E15S,Tumor,1.5382600526984125,2.308838389475896,0.09303330156992384,0.9624414756142011,-0.03002410347245836,0.5981393262970307,reverted,AACCGATCACTATATC,-1.2988,5.7956
GTGTTATAGAACGGCA-E15S,E15S,Tumor,1.7173355853659131,1.4632089834502517,0.5865283785876956,0.16118468794143218,-0.1341863708514003,0.8287858507154523,persistent,GTGTTATAGAACGGCA,-2.8212,5.1713
CGTTATAGTGGGTAAC-E15S,E15S,Tumor,0.33934993950671655,0.6118803644531843,1.081293237773008,0.0014209009318470773,-0.40416907742951724,0.7873933268365302,persistent,CGTTATAGTGGGTAAC,-0.8376,8.1105
TAGTGCATCGAACGCT-E15S,E15S,Tumor,1.3935454407823116,1.8615936679548304,0.3479125472529807,0.6718227241659489,0.1212955816391434,0.14753875059172109,partial,TAGTGCATCGAACGCT,-1.1206,6.1123
CGTTCACCAACATGAC-E15S,E15S,Tumor,1.7158916171112504,1.4545726805449348,0.43005551019436583,0.4755174950206344,0.1597178167570362,0.793317908169777,partial,CGTTCACCAACATGAC,-3.2419,7.1088
TACATCAGTTGCAGGG-E15S,E15S,Tumor,1.937264144609448,1.7610284916686598,0.3817126807642991,0.5941894131929311,-0.1725754513774345,0.5582098772571115,partial,TACATCAGTTGCAGGG,-1.251,5.898
AAGGGTTAGGATACCC-E15S,E15S,Tumor,1.5692680253278972,2.366044312082881,0.42870099646239157,0.4788680034793244,0.32927741072684796,1.013342324023297,partial,AAGGGTTAGGATACCC,-4.5582,4.3958
ATCCACTTCTATCAGG-E15S,E15S,Tumor,1.3812817776717574,2.0722456405468086,0.5433518857641254,0.22770001641248155,-0.024155715641095796,0.13609306213009328,persistent,ATCCACTTCTATCAGG,-0.9648,5.9163
ACGTGGTTCCAGATTG-E15S,E15S,Tumor,1.4460295297393573,1.5409049363846221,0.0873270030893148,0.9644339886867643,-0.2949385559825791,0.04515827109230618,reverted,ACGTGGTTCCAGATTG,-2.9896,7.829
TGATGAGGTGATCCTG-E15S,E15S,Tumor,1.1761227196132191,0.946096633872763,0.45906878022918074,0.40475876943006256,-0.45599359342933293,1.3810260870148894,partial,TGATGAGGTGATCCTG,-1.6593,7.8649
CATAACTAGGGGTCAA-E15S,E15S,Tumor,0.5583424739771321,0.6129068872756007,-0.09380471067116661,0.9939165130049329,-0.05606385953983764,1.1020503606075747,memory,CATAACTAGGGGTCAA,-1.7894,7.9972
AGCCCCAAGGGGCTAA-E15S,E15S,Tumor,1.0371184390280086,2.0509518184923,0.2277179367949985,0.8708136760281839,-0.045473900301940706,1.2296227078006738,memory,AGCCCCAAGGGGCTAA,-3.1857,5.2537
TCGCAATGTCATTACA-E15S,E15S,Tumor,1.351539436980334,1.5095935158527396,0.6703807255479856,0.07721252619593645,0.1689862634981639,-0.7979860091993929,persistent,TCGCAATGTCATTACA,-1.5168,6.6284
ACCCATGGTAGCAGTA-E15S,E15S,Tumor,1.1606213710997386,1.2978044322426658,0.08551721356322875,0.9650443870323493,-0.9071937016482474,0.5136570994279896,reverted,ACCCATGGTAGCAGTA,-2.9731,5.289
TATGTCAGTCAGCATT-E15S,E15S,Tumor,0.906788986749977,1.2818616959394387,1.0695116197045786,0.0015966856869992442,0.5365516319905852,0.5285037929947016,reverting,TATGTCAGTCAGCATT,-2.9638,3.839
TGAGGATAGGATCACC-E15S,E15S,Tumor,2.308516105204419,2.092570387311527,0.0671884070146574,0.9706828034958195,-0.17029200119568494,-0.7979860091993929,reverted,TGAGGATAGGATCACC,-1.8675,4.7538
GTCTGCCTCCTGACCC-E15S,E15S,Tumor,1.9551252220964679,1.449222752192243,0.2421178571934566,0.8538842873114146,-0.4516222987271388,0.09581332146907104,reverted,GTCTGCCTCCTGACCC,-1.1206,6.0415
CGTGAGGGTTCCGGTA-E15S,E15S,Tumor,1.9020780244282924,1.3563854413693317,0.16523601263799126,0.9260597695072836,0.053570724778808546,1.1071752968253241,memory,CGTGAGGGTTCCGGTA,-1.9364,6.1601
GGCGAATGTGATAGTG-E15S,E15S,Tumor,1.011340986819282,0.6667523253015539,0.18810319215831145,0.9089559526110548,-0.09398834653853366,0.8041907618477842,reverted,GGCGAATGTGATAGTG,-3.9652,4.1923
AACACTTAGGTTGCGT-E15S,E15S,Tumor,1.1324133766980888,1.1444568515136242,0.11866464794384032,0.9520946667626504,-0.034632596676228915,0.8006315958908681,reverted,AACACTTAGGTTGCGT,-3.4118,6.3075
CCTTCGATCTGTCAAG-E15S,E15S,Tumor,1.0692930008191104,1.7586956184808076,0.2811170051214186,0.7987852792593471,-0.18999509280283616,-0.7979860091993929,reverted,CCTTCGATCTGTCAAG,-2.5947,6.0535
CATCGCCTCACTCAAG-E15S,E15S,Tumor,1.6990087345119056,1.3236723283190281,0.6011342434235152,0.14255157959200812,0.1816525117928976,-0.7979860091993929,persistent,CATCGCCTCACTCAAG,-2.5067,5.1627
CAAGCTATCTGGGAAG-E15S,E15S,Tumor,0.4040655236829286,0.5071062751158207,0.9198915532622932,0.007000548429258221,-0.2340351705883393,0.5150885409188167,persistent,CAAGCTATCTGGGAAG,-0.8257,7.7361
AGGAGATTCGCGCTTC-E15S,E15S,Tumor,0.671766506070476,2.33235602571056,0.34808612126644667,0.6714431735102914,0.030029423114372664,0.05954698789723681,partial,AGGAGATTCGCGCTTC,-1.5936,7.4987
AAACGAATCCATCCTG-E15S,E15S,Tumor,1.555714840780721,1.5953536298664135,0.2363628119503966,0.8608608309982683,-0.0909160046455115,0.8189145593551915,reverted,AAACGAATCCATCCTG,-2.7187,6.4039
GGTGCATTCGCTCTAT-E15S,E15S,Tumor,1.296889704311644,0.8525987708181104,0.5149671115835377,0.2809188335891637,-0.7285464015631219,0.5061218237180336,persistent,GGTGCATTCGCTCTAT,-3.4745,3.4027
GGTAATTTCCCCAGGA-E15S,E15S,Tumor,0.8389439312763389,1.2886949908973837,0.22613611834082062,0.8725678176198398,-0.49152489893122714,0.8152438086961815,reverted,GGTAATTTCCCCAGGA,-3.0005,4.8186
CACCCTTGTTATCGCG-E15S,E15S,Tumor,1.5534307541391295,1.3129075503759455,0.3616027593665915,0.6412288893157658,0.020186618036622195,0.5683824346086003,partial,CACCCTTGTTATCGCG,-1.736,6.0929
AATTACGCATTAGGCG-E15S,E15S,Tumor,0.6353393307124909,0.5527520273509151,1.4518696118455638,3.609523190780432e-05,0.4814797046138373,1.2445502663290977,reverting,AATTACGCATTAGGCG,-3.0379,3.3366
CCGCATTCAAAGGTGA-E15S,E15S,Tumor,1.2201711420509482,1.0326357097211425,0.21297127066863542,0.8863900259488129,-0.04829783336355035,0.5215513728525436,reverted,CCGCATTCAAAGGTGA,-3.1944,6.8231
TGTCACCCATTGCCGT-E15S,E15S,Tumor,1.7109524303087928,1.4190087420175186,0.2272702157612443,0.8713122478991056,-0.21256537514482052,0.851388443314656,reverted,TGTCACCCATTGCCGT,-3.1424,5.0565
ACCCCTTGTGGGTATA-E15S,E15S,Tumor,1.0149816973447203,2.1396868199378867,0.35148566128995634,0.6639647676496567,0.3075574195025759,1.2385480999188945,partial,ACCCCTTGTGGGTATA,-1.8888,7.6741
AGAGTAATCAGCCTAA-E15S,E15S,Tumor,1.0885241392384821,1.1776446206086053,0.5727091807566747,0.18058011251006112,-0.1900386787194953,0.05112209097068004,persistent,AGAGTAATCAGCCTAA,-2.6245,4.8087
CTGGGTTAGTCAAGTT-E15S,E15S,Tumor,1.796592894813751,1.5710160133647788,0.1426871163625092,0.9399841557777329,0.1216824345988072,0.48393591168766487,reverted,CTGGGTTAGTCAAGTT,-3.4785,7.0777
CTACGTTTCCTGTATC-E15S,E15S,Tumor,1.7024131876494835,1.7073864357813402,0.49800165135796454,0.3161124248180314,-0.3088405352291213,0.5045198862168417,partial,CTACGTTTCCTGTATC,-2.2861,7.2861
ATCCTGAAGTAATGTC-E15S,E15S,Tumor,1.6412632068839146,1.7370297256002056,0.1856752134400359,0.9109286356014135,-0.0023832410297895193,1.0935685024551178,memory,ATCCTGAAGTAATGTC,-1.3656,6.4135
TGCCCAAGTGCGGTCT-E15S,E15S,Tumor,1.8135632129750403,2.1198287700783376,0.2316431219175004,0.866371937627622,-0.20720941350211336,-0.7979860091993929,reverted,TGCCCAAGTGCGGTCT,-1.9406,6.9606
CTCCCTAAGCCTGGTG-E15S,E15S,Tumor,1.3956423205993693,1.1281124032837642,0.2546626345751861,0.8376730196406194,0.11325210969997367,0.956347235156725,reverted,CTCCCTAAGCCTGGTG,-1.1072,6.5353
AGAGACTAGTAAGTTC-E15S,E15S,Tumor,0.6855611903919596,0.7558004730665282,0.7329718118323669,0.04304834840979641,0.36998681221086044,0.5242120032028851,persistent,AGAGACTAGTAAGTTC,-1.167,7.7203
GGCATCACAACCAACG-E15S,E15S,Tumor,1.0603217145289876,0.8821546629689203,0.20803037612905803,0.8912307609820368,-0.23473457438535517,0.6040889196333961,reverted,GGCATCACAACCAACG,-2.0797,8.5127
ACCATTAGTTGGCCTA-E15S,E15S,Tumor,0.7017895388705596,1.7450126879461196,1.2045545592301712,0.00041901678756872495,0.30650170418936845,0.4974245648650948,persistent,ACCATTAGTTGGCCTA,-0.7577,7.7553
GTGTAGTCACAGCGTA-E15S,E15S,Tumor,1.139942812259742,1.6874492669396843,0.5698453302836866,0.1848199365430077,0.20073401392548823,-0.0017735348084997964,persistent,GTGTAGTCACAGCGTA,-3.8012,5.3757
GCCATCAGTAGTGCCC-E15S,E15S,Tumor,2.0598565565471367,1.730844446122165,0.3755862755485426,0.6087485986082815,-0.011275344968608762,0.8732599807079685,partial,GCCATCAGTAGTGCCC,-1.2296,6.1182
GGCGATTTCGTTCAAG-E15S,E15S,Tumor,1.395857567735402,1.536268630874423,0.09681010034475646,0.9610641546716171,0.03859230232057259,0.13073420400324112,reverted,GGCGATTTCGTTCAAG,-1.9203,5.9518
GCACGAAAGGCGTTAC-E15S,E15S,Tumor,0.48149528663321783,0.7328256030016568,0.7459071720708446,0.03806384008530902,-0.24013235813965647,-0.7979860091993929,persistent,GCACGAAAGGCGTTAC,-0.85,7.6646
ACCTAAGTCTGGTACA-E15S,E15S,Tumor,1.6948674978687328,1.2990655894007688,0.5313581544557132,0.24928562113013622,0.3512967677536908,0.8737032052403589,persistent,ACCTAAGTCTGGTACA,-2.1317,7.5901
TCAGTATAGGGTTGAG-E15S,E15S,Tumor,1.4493933077382792,1.9478268828854641,0.2995068090755223,0.767880952212568,0.15086772344500426,0.03782685316926792,reverted,TCAGTATAGGGTTGAG,-4.4711,5.499
CTCCGTTGTGGAGAGA-E15S,E15S,Tumor,1.242445209994646,1.2250355503308792,0.876804296412147,0.010691780222676237,0.25526549548406147,0.7900826056035266,persistent,CTCCGTTGTGGAGAGA,-1.3947,7.6736
ACAGTCATCACGGCCA-E15S,E15S,Tumor,1.7741655975824338,1.691041230320032,0.6342266060821784,0.10694165552965712,-0.15093662085082196,0.09883634955641188,persistent,ACAGTCATCACGGCCA,-3.0021,4.7046
TAATAGCTCCTTCACG-E15S,E15S,Tumor,0.5587972690180851,0.4911228981482966,0.8270375548226423,0.01739383525668134,0.35778702891183095,0.01951974827370481,persistent,TAATAGCTCCTTCACG,-0.8519,7.713
CATAGAGGTTGAATGG-E15S,E15S,Tumor,1.2388259324509807,2.180433856144584,0.7897758300871721,0.024973683013039615,-0.08074025803124593,0.8502907869821306,persistent,CATAGAGGTTGAATGG,-2.6979,4.7343
ACATTCAGTCTCAGGC-E15S,E15S,Tumor,1.367206419782216,2.083452222676352,-0.1346551706809853,0.9959343520292161,-0.2846174785081518,0.5452783488657532,reverted,ACATTCAGTCTCAGGC,-1.7268,6.7618
ATGACGGAGCAACCTA-E15S,E15S,Tumor,1.3892566229852263,2.529889576783375,0.5165982465186085,0.27766349106865823,0.2405543958143121,-0.7979860091993929,persistent,ATGACGGAGCAACCTA,-0.9489,6.1486
GGGTAATAGCCTGCCT-E15S,E15S,Tumor,0.4404043863631884,0.5229105341281507,0.6211158180563031,0.12000584626387155,0.041448855724954915,0.08271261215895188,persistent,GGGTAATAGCCTGCCT,-1.2267,8.1223
TGCGATTGTTAACCAC-E15S,E15S,Tumor,1.1280857621241795,1.889741643807759,0.6575026528561541,0.08681564553999757,0.19529346712249643,1.2686699803842652,persistent,TGCGATTGTTAACCAC,-2.9849,3.881
TCATAACAGGTGCTGT-E15S,E15S,Tumor,1.2436368135107385,2.2665055512322025,0.0991009126130837,0.9602052633822866,0.07142193051021785,0.5316930806145512,reverted,TCATAACAGGTGCTGT,-2.1893,7.6318
GTAGGCAAGCTAATGT-E15S,E15S,Tumor,1.1414315815816174,1.9200149565100189,0.5043883944436227,0.3025846041771184,0.015393704559661069,0.13412900126024088,partial,GTAGGCAAGCTAATGT,-2.3869,4.9849
GCCGCTAAGGGGTAGC-E15S,E15S,Tumor,0.8797345689702902,0.9570084882132357,0.47683205363204906,0.36313138414577883,-0.29027934408171757,0.08373302056547693,partial,GCCGCTAAGGGGTAGC,-2.5478,8.7543
GGTCTAATCAGGGACA-E15S,E15S,Tumor,1.3298332835484503,1.8415133167369329,0.07912328810262825,0.967121046654436,-0.19656693757692997,1.1112785688742195,memory,GGTCTAATCAGGGACA,-2.8595,4.9767
ACGGACAAGCATATAC-E15S,E15S,Tumor,1.2093867454376501,0.8532888552788203,0.786482260027408,0.025781308255679418,0.38344211037500137,0.5022728563985953,persistent,ACGGACAAGCATATAC,-3.8656,3.6784
CCATCCTGTTCGGTAT-E15S,E15S,Tumor,1.8247349533236499,1.1029241387360675,0.48319131253448583,0.3486790095188182,-0.6829626281868741,0.5261463078272584,partial,CCATCCTGTTCGGTAT,-3.2685,4.8328
CCATAATAGGTGAGGC-E15S,E15S,Tumor,2.034163337681157,1.5477960380435956,0.8127613381350343,0.019985828218301447,0.08597151461700117,0.5594292235406546,persistent,CCATAATAGGTGAGGC,-1.3163,5.8702
GTGCAATCATGGCAAT-E15S,E15S,Tumor,0.5620591010815252,0.6947370795101067,0.5784460350151739,0.1723157582765908,0.09859030875811572,1.0995831815617287,persistent,GTGCAATCATGGCAAT,-3.4334,5.1642
TCTGTGTTCCTCTCCT-E15S,E15S,Tumor,1.4188812292804442,2.2132045577257533,0.43098170307513867,0.47322772548611053,-0.11077490397668029,0.5212768306153762,partial,TCTGTGTTCCTCTCCT,-2.057,7.0406
CATAGGCTCCATCGAA-E15S,E15S,Tumor,1.994291091131733,1.330074069651857,0.23905152183365697,0.857636853536627,-0.12166817312292648,-0.7979860091993929,reverted,CATAGGCTCCATCGAA,-4.0508,4.0627
ACAAGCGAGGTCAAGG-E15S,E15S,Tumor,1.5729307442285594,1.82824882194288,0.4613070423870967,0.3994234677793096,-0.6347965585145657,-0.7979860091993929,partial,ACAAGCGAGGTCAAGG,-2.181,7.6866
CACTGGACATAAGCGT-E15S,E15S,Tumor,1.3621595814268486,1.7103762318918374,0.1885431214917434,0.9085943383630283,0.09171738695476675,0.06404257104081172,reverted,CACTGGACATAAGCGT,-2.9328,6.5347
AGAAGTTGTTGGCCTA-E15S,E15S,Tumor,1.2901137928876922,1.530113728948218,0.3990573441642406,0.5521444573214004,-0.006762050618206339,0.5223757805002982,partial,AGAAGTTGTTGGCCTA,-2.9311,6.5309
GCGATCCGTTGTCCCT-E15S,E15S,Tumor,0.8491300069209223,0.8210786875308362,0.17480895642445446,0.9192919771022601,-0.10950148688989972,0.8417758807876791,reverted,GCGATCCGTTGTCCCT,-2.7793,5.9336
ATGTGCATCTATGAGT-E15S,E15S,Tumor,0.7236271729865903,0.5372148303605446,0.34530645348231487,0.6774942350674676,-0.14668025652429448,1.1019588373395213,partial,ATGTGCATCTATGAGT,-2.8073,4.3988
GCCATAATCGCGACAT-E15S,E15S,Tumor,1.7713130082615898,1.5399333861587718,0.14080488670872934,0.9410283675454446,-0.05721159339058851,-0.7979860091993929,reverted,GCCATAATCGCGACAT,-2.4174,7.2284
CAAGCGCCATTACCGC-E15S,E15S,Tumor,1.3031605282632432,2.65193654019113,0.15986919929638435,0.9296217658684639,0.07793124462713118,-0.7979860091993929,reverted,CAAGCGCCATTACCGC,-0.1727,5.6604
TGACGAAGTTCCGCTT-E15S,E15S,Tumor,1.4836705614315588,0.9431455468767658,0.15673912914927007,0.9316253407036359,-0.2542309106173117,0.08693646897104859,reverted,TGACGAAGTTCCGCTT,-3.3516,4.2291
GGAAGGCTCGTTAAGT-E15S,E15S,Tumor,1.392531100728244,1.6277934135321368,0.14479173445174,0.9387960826870605,0.10464419471367853,0.5356184088527763,reverted,GGAAGGCTCGTTAAGT,-3.0212,5.1564
TGGATTTAGCAACCAC-E15S,E15S,Tumor,1.9141688764515954,1.3934977559030497,0.2178611684147868,0.8814153939730914,-0.6164830748964392,-0.7979860091993929,reverted,TGGATTTAGCAACCAC,-1.2908,5.8039
CTCAGTTTCCTTCCAG-E15S,E15S,Tumor,0.6261961100855372,0.8992296831121992,1.0422873779154864,0.002090418405626251,0.3026864962094894,1.1559557925879702,persistent,CTCAGTTTCCTTCCAG,-0.9863,7.7973
CGGTTAATCATGTCAG-E15S,E15S,Tumor,1.4224062661856494,1.736229811302104,0.30147414220782254,0.7643860298849559,0.03791872333100775,0.6124215621187818,reverted,CGGTTAATCATGTCAG,-2.6167,7.232
TATGCAACAATCGTCC-E15S,E15S,Tumor,0.9365876393812117,0.9331276310126184,0.11968430865122512,0.9516314342457275,0.035672434498670455,-0.7979860091993929,reverted,TATGCAACAATCGTCC,-1.4269,7.633
TGTAACCGTCAAGTAG-E15S,E15S,Tumor,1.7848977569730082,1.4090088567305055,0.2417465013231373,0.8543430770949147,0.2763767013324054,-0.7979860091993929,reverted,TGTAACCGTCAAGTAG,-4.2168,5.7189
AACGGTAGTATGGCTT-E15S,E15S,Tumor,1.3277967536219704,2.258695736658379,0.1369353344390048,0.9431218078564437,0.14039967512511176,0.11066518372064982,reverted,AACGGTAGTATGGCTT,-1.512,6.4958
GGCTAATCACTAGCTC-E15S,E15S,Tumor,1.4439732951459463,1.670133492009252,0.18120461989272163,0.9144602388740406,-0.0014100493352443358,0.6686687692544502,reverted,GGCTAATCACTAGCTC,-1.106,5.5602
CCCTTTAGTTTGAGAG-E15S,E15S,Tumor,1.8010814843894154,1.6442224876754787,0.17357204356184316,0.9201972298905325,0.0004573799237761189,0.07622111332215668,reverted,CCCTTTAGTTTGAGAG,-1.4058,6.391
AGCCTGGTCTAGATAC-E15S,E15S,Tumor,1.6995299097210201,1.5232346595988926,0.34420019011012004,0.679886151996812,0.11453616942855555,0.5465030734227799,partial,AGCCTGGTCTAGATAC,-2.4822,6.5506
CAAGCTGCAACTCGTC-E15S,E15S,Tumor,0.6937008901367053,0.6415139019981416,0.7462028566044007,0.037956640549161876,-0.03970436893064893,1.2263754780708258,persistent,CAAGCTGCAACTCGTC,-0.9693,6.5304
AAAGCAATCATAGGCC-E15S,E15S,Tumor,1.7618274073624625,1.5179359403775499,0.06573728372860085,0.9710894892532992,-0.16344664642561701,0.5737597515262802,reverted,AAAGCAATCATAGGCC,-1.7755,7.0675
GGCGATGGTAAGCGGT-E15S,E15S,Tumor,0.4916797967751746,0.7268673669200113,0.08038775919421377,0.9667200447850147,-0.14649755681181972,-0.7979860091993929,reverted,GGCGATGGTAAGCGGT,-1.0917,7.6283
AGCCATTGTGAAGGTC-E15S,E15S,Tumor,0.7151644227302503,0.6400333131749965,0.5185007051239391,0.2738961350460188,0.07389426644906989,1.0049524476125526,persistent,AGCCATTGTGAAGGTC,-1.0983,8.1029
CAAGGTGAGGAATCAA-E15S,E15S,Tumor,0.35854546516551217,0.4280888427577043,0.5181771766163228,0.2745345535260995,-0.26078654097813414,0.8623413202237001,persistent,CAAGGTGAGGAATCAA,-2.0443,8.7033
AAGTACCCATTAGAGC-E15S,E15S,Tumor,1.316919666208383,1.8782679358078438,0.2571267031517514,0.8343234620125195,-0.16428498947722553,0.07377597139903536,reverted,AAGTACCCATTAGAGC,-2.4508,6.8797
CTGTGCCTCACTTCCG-E15S,E15S,Tumor,1.0431272224805928,1.5851484273783143,0.738745427047976,0.04075083599504118,0.15361682572312896,-0.7979860091993929,persistent,CTGTGCCTCACTTCCG,-3.2016,3.8147
TAACACTAGTTAGACT-E15S,E15S,Tumor,1.4280651342545234,1.3353805387804902,0.2468562785092614,0.8479246038598606,-0.0015774908433013983,0.08669503464017929,reverted,TAACACTAGTTAGACT,-1.6441,6.1942
AATATCGCAGGATTAC-E15S,E15S,Tumor,0.5456780919442622,0.7266991327049807,0.6945917810676557,0.06175186313882782,-0.5876297771639142,1.3923901467548114,persistent,AATATCGCAGGATTAC,-1.4127,7.522
AGCTTACGTGGCTGCT-E15S,E15S,Tumor,1.2688508544749222,1.65814209783462,0.5593976388337282,0.2009386737323805,0.00010641572929513676,-0.7979860091993929,persistent,AGCTTACGTGGCTGCT,0.0879,5.3696
AACAGGTAGGTTCGCG-E15S,E15S,Tumor,1.5377873236749553,2.3040789238607235,0.3561783813742229,0.653505650903007,0.19815713391103087,0.18649742655806908,partial,AACAGGTAGGTTCGCG,-1.109,5.1452
ATACGCGCAGTTGCAG-E15S,E15S,Tumor,1.575960068354519,1.0160327438189263,0.5432684083820853,0.2278455989499273,-0.041749140187633635,0.20319788538967126,persistent,ATACGCGCAGTTGCAG,-1.5505,6.2159
AGCCTTGGTAATGCGA-E15S,E15S,Tumor,1.7022801727097765,1.9091245550577352,0.3353813608563223,0.6986099926467687,-0.07031800628272497,-0.7979860091993929,partial,AGCCTTGGTAATGCGA,-1.5505,5.9654
GGGTTGGGTCTCCACT-E15S,E15S,Tumor,0.6999925459152005,1.138941564386797,0.37212056271854516,0.6169015998596425,-0.35098060177481105,0.8881480903415406,partial,GGGTTGGGTCTCCACT,-0.6872,7.4612
GCGACAGGTTTCGTCC-E15S,E15S,Tumor,0.9814897261076238,2.0436315182836697,0.16194957834649212,0.9282602243674298,-0.5996703075549966,0.5396647003620088,reverted,GCGACAGGTTTCGTCC,-1.4203,7.5911
GCAGTGAAGTCAGGAG-E15S,E15S,Tumor,0.60319167311767,0.6655056078461392,0.6274908918767322,0.1134893865601063,0.1377752241897623,0.5769860893967547,persistent,GCAGTGAAGTCAGGAG,-0.947,7.758
CCACATAAGGATCACC-E15S,E15S,Tumor,1.8510415930150077,1.5140830288696276,0.5300839648663318,0.2516573853390458,-0.22187326563092424,1.1536185065005768,persistent,CCACATAAGGATCACC,-1.2904,5.3922
GCATCACAGTTACGGC-E15S,E15S,Tumor,1.1401667167242022,1.45793160836699,0.3813817951294643,0.5949802468338831,0.024384950794978762,-0.7979860091993929,partial,GCATCACAGTTACGGC,-2.733,7.9484
CACGACCGTCTAGCAT-E15S,E15S,Tumor,1.1239064524908502,1.4498762527359124,-0.04329213220874695,0.9900012095396032,0.03350517630924527,-0.7979860091993929,reverted,CACGACCGTCTAGCAT,-2.239,6.0886
CGCGATTAGGTCAACC-E15S,E15S,Tumor,0.5201564383172634,1.8941977835710784,1.218593734953803,0.00036458756449263,0.27833027994098514,0.09840502229750869,persistent,CGCGATTAGGTCAACC,-1.3621,8.3731
ATGAGTTTCCCGCTTA-E15S,E15S,Tumor,1.5029071507741822,1.2249203609212327,0.2149383702746281,0.8844110861344001,-0.10138229450972576,0.6102745351154606,reverted,ATGAGTTTCCCGCTTA,-2.0657,6.2551
AGGGAGTCAGCCAAGC-E15S,E15S,Tumor,1.3951310262488177,2.3706039288876406,0.6527736122880974,0.09060563762312931,0.3290370537112997,0.9527423608671012,persistent,AGGGAGTCAGCCAAGC,-0.871,4.6818
CCCATTTAGTTGGACC-E15S,E15S,Tumor,0.49747781567463056,0.5183301115841885,1.094377961445993,0.001248232757120395,0.019043149646874088,0.9776288245884527,persistent,CCCATTTAGTTGGACC,-1.3243,8.0624
GGTACGCCACAGGCGT-E15S,E15S,Tumor,1.377105153961565,1.6958827335911393,0.06494919485823024,0.9713080568589211,0.13694170493815994,0.08483181743460898,reverted,GGTACGCCACAGGCGT,-2.1684,6.7295
ACGTTAGTCCCCAAGG-E15S,E15S,Tumor,1.4459573112305364,1.6413264047182745,0.3460181236660154,0.6759505530982115,-0.07705468497182327,0.6033004290963146,partial,ACGTTAGTCCCCAAGG,-1.3946,5.8875
CTAAACCGTCTTGGGC-E15S,E15S,Tumor,0.5005809016120074,0.5575174993457923,0.40986887818881956,0.5255134278391045,-1.604086421421843,0.12288718997984321,partial,CTAAACCGTCTTGGGC,-0.9514,7.6648
CGTTGGGTCTATGAGT-E15S,E15S,Tumor,0.9745767829832306,1.2526519759907213,0.912952366432694,0.007495420029301865,-0.08870621709700965,-0.7979860091993929,persistent,CGTTGGGTCTATGAGT,-2.8038,3.9522
CTCGACTCACAGCGTA-E15S,E15S,Tumor,1.4313606889491113,2.1938558896591873,0.22826952736262113,0.870197176600546,-0.03612697871821205,0.17302927301926407,reverted,CTCGACTCACAGCGTA,-1.4671,6.0257
CCTTTCAGTTGGTGAA-E15S,E15S,Tumor,1.6843151255914297,1.3046802456282394,0.4137649910242249,0.5158727633411967,-0.04593294603445831,0.5862257917236434,partial,CCTTTCAGTTGGTGAA,-3.067,7.4614
TCGCTTGTCTCATCCG-E15S,E15S,Tumor,0.6676821920097185,0.5661245655402033,0.46580830293697584,0.38876701243502715,-0.7998450531673997,0.8398831125995261,partial,TCGCTTGTCTCATCCG,-1.8526,8.4145
TCATTCATCCGGATGT-E15S,E15S,Tumor,0.49941229309625085,0.5036104754599819,1.3665681867527955,8.408918412207954e-05,0.2860104335184345,0.6768006389457056,persistent,TCATTCATCCGGATGT,-1.164,7.9936
AGTTGAAAGCATAGGG-E15S,E15S,Tumor,0.4522923740649264,0.6564520781560625,0.3335278489294182,0.7024652917811525,0.033735640967975045,0.5252090544293061,reverted,AGTTGAAAGCATAGGG,-1.4534,7.9073
ATAACGTTCATCTCAC-E15S,E15S,Tumor,1.8430910641323548,1.2053066126911882,0.07089869592534886,0.969617589233639,-0.5227362588815052,0.12743565127372755,reverted,ATAACGTTCATCTCAC,-2.7652,5.0758
GCTCCGTTCTGGTCAA-E15S,E15S,Tumor,1.35419079572669,1.7736973811554053,0.05067371178413124,0.9750001790417241,-0.5408354009959588,0.10140730972866967,reverted,GCTCCGTTCTGGTCAA,-3.0522,5.1709
AAGTCATTCCCCTGTA-E15S,E15S,Tumor,1.9320318345043812,1.3064028391940399,0.39745254211029957,0.5560757584452924,0.1884664529305587,0.8974102715368549,partial,AAGTCATTCCCCTGTA,-2.2306,6.4479
GTTCATTCAATTCGTT-E15S,E15S,Tumor,1.1150610243498251,0.7721292935760903,0.7933521490577035,0.02412464023040156,0.09743430202877043,-0.7979860091993929,persistent,GTTCATTCAATTCGTT,-3.047,4.2446
TCCTTCTCATGACGTG-E15S,E15S,Tumor,1.2608789038106634,2.0300361023703144,-0.3891614713939763,0.9996727774570927,-0.05002070077935741,0.2703902150156825,reverted,TCCTTCTCATGACGTG,-0.7773,5.1493
GCGTTAATCTAGCTTC-E15S,E15S,Tumor,2.044578045642925,1.3002463626120406,0.6745330587835954,0.07432968693885483,-1.0571822088183438,0.09655403635564104,persistent,GCGTTAATCTAGCTTC,-3.3549,6.04
GTAAACTTCGATCGGT-E15S,E15S,Tumor,1.3168673348353328,1.650573911405597,0.4983524574536758,0.31536095975412626,-0.6230720857268456,0.8412514598855091,partial,GTAAACTTCGATCGGT,-4.1972,4.3006
AGCCGAAAGGAGGCAC-E15S,E15S,Tumor,0.7296680677207628,0.7082736699025539,0.5613106551218642,0.1979104614846501,0.34095230079013766,0.7036936869399835,persistent,AGCCGAAAGGAGGCAC,-2.9923,3.722
TAGTTTGGTTTGGTTA-E15S,E15S,Tumor,1.0380707752478926,0.9880354179705576,0.3547091660552427,0.6567967937319755,0.23132452358731706,1.3557114934259995,partial,TAGTTTGGTTTGGTTA,-2.8367,4.7696
ACCATTTCATGATTGA-E15S,E15S,Tumor,1.626466018855491,1.6423142918847362,0.5361796262091707,0.24044690599398738,0.07630217772008521,-0.7979860091993929,persistent,ACCATTTCATGATTGA,-1.2064,5.7077
GTCGCTAGTAGGTGTA-E15S,E15S,Tumor,1.3095004993887687,0.998438765666898,0.28963900231406686,0.7848612558389814,-0.17663613815731447,0.6498750266888084,reverted,GTCGCTAGTAGGTGTA,-2.9103,5.5712
ACATGAAAGGATGGCA-E15S,E15S,Tumor,1.5225366212448739,1.1958461199065629,-0.10613136507547419,0.9946126200514417,-0.10954380029623685,0.6592970421688955,reverted,ACATGAAAGGATGGCA,-2.5239,6.3277
TCCCAGCTCCAGCCCT-E15S,E15S,Tumor,1.969704529737227,1.2618835542120312,0.18722325023950875,0.9096753889405659,-0.267540480995859,0.9617992603254578,reverted,TCCCAGCTCCAGCCCT,-2.3116,7.4283
GCTTCAGGTTGGGACG-E15S,E15S,Tumor,1.0304631837936467,2.1212488553250233,0.26680346063932875,0.8206325020919278,0.06697258777530148,0.6366424900671861,reverted,GCTTCAGGTTGGGACG,-3.3736,5.2956
ACGCAATCAATGTCAA-E15S,E15S,Tumor,0.8345070184142372,1.0972349292095707,0.27785781814467553,0.8039290554907608,-0.17592098537995,0.9399853403468342,reverted,ACGCAATCAATGTCAA,-3.2372,6.7142
GGCACCTGTAACGCGG-E15S,E15S,Tumor,1.421937639187517,1.5414018959975395,0.4710276291654982,0.3765429645534111,-0.5060442433187764,0.9635116536751541,partial,GGCACCTGTAACGCGG,-2.9957,6.9403
TGGACTATCAGGTAGG-E15S,E15S,Tumor,0.20392357396780128,0.46593498762566055,1.222196112251676,0.0003517996758321037,0.3902395972373677,-0.7979860091993929,persistent,TGGACTATCAGGTAGG,-0.8126,7.9608
GTATTGGTCGATCATG-E15S,E15S,Tumor,0.28641634755952866,0.42083205488730574,0.6900798016991152,0.0643952072905901,-0.48607259285393506,0.6071474238571057,persistent,GTATTGGTCGATCATG,-2.9518,3.2931
AAGTACCCAATGACGT-E15S,E15S,Tumor,0.9193147372588476,1.8426694334374805,0.17110709711390765,0.9219736316663307,-0.7221806444978375,-0.7979860091993929,reverted,AAGTACCCAATGACGT,-1.3979,7.4528
AGGTGCAAGGGCTATC-E15S,E15S,Tumor,2.125924432043775,1.6327191637811322,0.23063799018885728,0.8675214989408699,0.2754541017779526,0.15066844628884807,reverted,AGGTGCAAGGGCTATC,-3.7833,5.647
CCCTAGCTCACTCCAT-E15S,E15S,Tumor,0.623318404265951,0.8608877321059074,0.35651032668881666,0.6527600187347616,-0.8866485233011295,0.1361643900538403,partial,CCCTAGCTCACTCCAT,-0.5638,7.4054
CCGCCATTCCATCCCA-E15S,E15S,Tumor,0.432230580485521,0.4581956137641669,0.5176708397753975,0.27553556195011586,-0.010451211802226287,0.1001329875226213,persistent,CCGCCATTCCATCCCA,-1.7387,8.556
TCCCCTAAGGATAGGT-E15S,E15S,Tumor,1.179130856593423,1.3696673933897685,0.07149518294230803,0.9694428767887063,-1.0205407897113903,0.8723566897038008,reverted,TCCCCTAAGGATAGGT,-3.3292,6.4492
GGTATGAGTTAGACGA-E15S,E15S,Tumor,0.6251018443764182,1.322740464223063,0.2345787191060995,0.8629661533737321,0.20732050574437982,0.6138096172797006,reverted,GGTATGAGTTAGACGA,-2.4516,6.6103
TGGCCATAGTTGCTGA-E15S,E15S,Tumor,1.5600056260702277,2.1657879436335605,0.18737005364227693,0.909555720081359,0.19683236330850257,0.6309915853456081,reverted,TGGCCATAGTTGCTGA,-1.4004,6.5139
GTAGACTCAGGAAGCG-E15S,E15S,Tumor,0.5659748745726215,0.8530945554709611,-0.07756044370824222,0.9928609645402363,-0.15852202390829173,0.13753615070262562,reverted,GTAGACTCAGGAAGCG,-2.4715,6.0378
AGAGGCATCTATCACC-E15S,E15S,Tumor,1.1157324365135122,0.944702868750046,0.3096200096817098,0.7495308591772182,-0.14061855300468748,0.1371642065761227,reverted,AGAGGCATCTATCACC,-2.355,8.4115
ACGGCCATCCTCATAC-E15S,E15S,Tumor,1.3064071491960012,1.7812397553409995,0.11303499517996038,0.9545772607484656,-0.05804642317710377,0.5993037030111318,reverted,ACGGCCATCCTCATAC,-2.3874,7.5846
TGTGCAATCCATGCCC-E15S,E15S,Tumor,1.6474713797061207,1.7167444426201888,-0.16988552676735863,0.9971295669988345,0.0062595028240619785,0.21128264198043825,reverted,TGTGCAATCCATGCCC,-1.258,5.638
TACCCCATCCTCATGT-E15S,E15S,Tumor,1.3167738270709834,0.9740289686122573,0.13624257458396571,0.943489147876142,-0.09836342400795996,0.30919039128186726,reverted,TACCCCATCCTCATGT,1.889,4.0317
AACACACCAAACCGTG-E15S,E15S,Tumor,1.7461610604170976,1.6962456407148823,1.4929597926713973,2.40170253741068e-05,-0.6154964623094444,0.21214278240370824,persistent,AACACACCAAACCGTG,-1.5673,7.7792
TGCCTAGGTAGGTATG-E15S,E15S,Tumor,0.8459234000901446,1.5294064855347542,0.23153770154321274,0.866492900973748,0.0353236449736658,0.10809104999939025,reverted,TGCCTAGGTAGGTATG,-1.5578,7.441
CGGTTAGCAATCTCTG-E15S,E15S,Tumor,0.7025200068060448,0.6502950685292606,1.0152200119718109,0.002732165080719002,-0.4386155245053689,1.205581515529976,persistent,CGGTTAGCAATCTCTG,-0.6229,7.5551
TCTACGTTCTAGGCGT-E15S,E15S,Tumor,1.9389993976447777,1.5390108682046104,0.6511524886155627,0.0919387752768518,0.29921430398739046,-0.7979860091993929,persistent,TCTACGTTCTAGGCGT,-0.8051,5.518
AGCGGATGTTCGTTAA-E15S,E15S,Tumor,1.2560795132258462,1.5279094110338478,0.07859014956073856,0.9672887185773905,-0.2057865929244253,0.15121436878920913,reverted,AGCGGATGTTCGTTAA,-3.1255,5.7152
GGGCAATGTTTCAGCG-E15S,E15S,Tumor,0.45966259830260264,0.686703450513155,0.3728925472944029,0.6150910310948018,-0.5306740600955379,1.0413112029941258,partial,GGGCAATGTTTCAGCG,-0.5642,7.3188
CCGACTTCAACTGCCT-E15S,E15S,Tumor,1.3291300013120053,2.3301144073507496,-0.09976143121937957,0.9942634039494488,0.04543900718477949,0.2366222555099243,reverted,CCGACTTCAACTGCCT,-1.2284,5.7884
GGTAAATGTATGGTGA-E15S,E15S,Tumor,1.4522425293776633,1.7426954816476685,0.13795100432578355,0.9425791847202999,-0.03442809408177484,-0.7979860091993929,reverted,GGTAAATGTATGGTGA,-2.0907,7.3987
TCTCACTAGTTAACCG-E15S,E15S,Tumor,2.0655837667565042,1.263958504565943,0.15143835995278107,0.9348982143452461,0.13154875399280164,1.6491489698480615,memory,TCTCACTAGTTAACCG,-2.6266,4.9137
TACTCCACAAAGGACA-E15S,E15S,Tumor,1.9738794575175498,1.1211821286862833,0.3159599375827198,0.7375457361220824,-0.14640777157312948,-0.7979860091993929,reverted,TACTCCACAAAGGACA,-1.0604,6.5136
CTTGATAGTCAATCAC-E15S,E15S,Tumor,0.525110133606057,0.5226197119131798,1.0354016224334281,0.002237790373255299,-0.25810216302567374,-0.7979860091993929,persistent,CTTGATAGTCAATCAC,-2.4413,4.1295
AACATTCAGGTTCACA-E15S,E15S,Tumor,1.7857085333747578,1.6848431180729448,1.0082691021231844,0.0029265312380373117,0.3162553051132838,0.24369769646782544,persistent,AACATTCAGGTTCACA,-3.053,4.722
AGGCCCATCACACACA-E15S,E15S,Tumor,1.6565629544483058,2.098554456003585,-0.2872862620529497,0.9991020055220089,-0.4461901153759625,0.7708897012695665,reverted,AGGCCCATCACACACA,-1.219,5.6767
TGCCAGGTCGCGTGAT-E15S,E15S,Tumor,1.2394094223843986,1.8200306818724863,-0.1390605091375395,0.9961074366543057,-0.3491349814117573,-0.7979860091993929,reverted,TGCCAGGTCGCGTGAT,-1.8721,5.8072
CGAAACCTCACGCCTC-E15S,E15S,Tumor,1.1469985644364755,1.7189840536638281,-0.36580292932352265,0.9995875332527144,-0.13762309439475218,0.14200985889672013,reverted,CGAAACCTCACGCCTC,-2.5991,6.0377
AACGACTCACAAGCCA-E15S,E15S,Tumor,1.0170889133042327,1.709014409472501,0.43161740316223784,0.4716567690033703,-0.07631493698115638,0.9986957577022235,partial,AACGACTCACAAGCCA,-2.0759,6.0445
GTAGGTTCAACTGGAT-E15S,E15S,Tumor,1.8799152162686366,1.3832033560098522,0.7698834180689544,0.030253927464568783,0.3865573800877465,-0.7979860091993929,persistent,GTAGGTTCAACTGGAT,-3.2386,5.2768
ATGTAGCCAGGTTGGC-E15S,E15S,Tumor,1.5184162816296773,2.1085733498864596,-0.04865808465988922,0.9905143624524906,-0.21424849309657165,0.7213857822519081,reverted,ATGTAGCCAGGTTGGC,-1.5793,5.8525
AGGTTCATCATGAACT-E15S,E15S,Tumor,1.0517916833355585,1.1858212549298277,0.36548056467177115,0.6323364495874139,0.10757089881912134,1.0053586693739975,partial,AGGTTCATCATGAACT,-1.3033,6.5717
ACCCCGAAGTGATCCA-E15S,E15S,Tumor,0.5543082348909565,0.7437201806464019,1.1245942031667584,0.0009253875745154632,-0.4252770271309788,-0.7979860091993929,persistent,ACCCCGAAGTGATCCA,-1.1427,7.8163
TCCATAGAGATAGCTT-E15S,E15S,Tumor,1.2749737016440787,1.0850808753846164,0.26932785644855983,0.8169186897859207,0.017563837321198265,0.1747221917651486,reverted,TCCATAGAGATAGCTT,-2.5035,4.8438
CAGGTAAGTTGGCTTG-E15S,E15S,Tumor,1.163765301201706,0.875708461823361,0.5953746234544701,0.14967524930154902,-0.07298370729565094,1.3372597714582017,persistent,CAGGTAAGTTGGCTTG,-3.9496,3.5745
ACTCTGTTCTATCCTA-E15S,E15S,Tumor,1.9561554391695293,1.6057897658399185,0.17802156725110554,0.9168968751670499,0.024237585514633002,-0.7979860091993929,reverted,ACTCTGTTCTATCCTA,-2.3764,7.6043
AAGTAACGTAGCTCAT-E15S,E15S,Tumor,0.7612874112917358,1.435305615080422,0.4866005460189934,0.3410421602162687,-0.6852339004752277,1.0710572489339014,partial,AAGTAACGTAGCTCAT,-0.8302,6.2735
ACTCCACCAACGGGCT-E15S,E15S,Tumor,1.070136160378766,1.8306709547821445,1.0529578233091546,0.0018809490573058127,-1.0064610569337875,0.15888362882868315,persistent,ACTCCACCAACGGGCT,-2.7877,4.3543
GTATCCGGTATTAGGG-E15S,E15S,Tumor,0.6452610989339607,1.1141875320853396,-0.0015846496444541919,0.9849573907258047,0.11174864122212112,0.11168842629520002,reverted,GTATCCGGTATTAGGG,-1.1882,7.7075
ATGGTTTAGGGCTTCG-E15S,E15S,Tumor,0.9689948666261234,0.7078536644915278,0.7406347978852507,0.04002482074341953,-0.45514664167126273,0.09567052675446452,persistent,ATGGTTTAGGGCTTCG,-3.2099,3.3309
CTGATTTCAAGGTCCA-E15S,E15S,Tumor,0.9092055972824564,1.9863162108092312,0.049741214102180985,0.9752245551748887,0.030367046337513692,0.12357957754790087,reverted,CTGATTTCAAGGTCCA,-2.6507,5.3048
CGCCAAGTCCTTAGTC-E15S,E15S,Tumor,1.3520140197143096,1.719650272577448,0.3812346374656202,0.5953318031367005,0.0940259932992952,-0.7979860091993929,partial,CGCCAAGTCCTTAGTC,-1.3271,6.175
TGAGGCGGTAGCTGGG-E15S,E15S,Tumor,1.5209011991497146,2.2073743875848244,0.0991434021489508,0.9601891625096015,-0.10371376577283056,0.950619915367272,reverted,TGAGGCGGTAGCTGGG,-2.6838,5.0715
ACACGGTTCTAGTGCA-E15S,E15S,Tumor,1.4070868438773978,1.1067965253991903,0.4889241985277707,0.33588365745093446,-0.23442241281573936,-0.7979860091993929,partial,ACACGGTTCTAGTGCA,-3.1219,5.3128
GGGTTTGCATCGCTCG-E15S,E15S,Tumor,1.2912107599038873,1.902322779213242,0.05429524553990024,0.974109848150658,0.048760154832735575,0.18938093318949142,reverted,GGGTTTGCATCGCTCG,-1.5185,6.7938
ACACGATCACTTGCAC-E15S,E15S,Tumor,1.1512491672873615,2.3385677547773067,0.20316545264899016,0.8958191877513711,0.05966125003803933,1.0747411735633041,memory,ACACGATCACTTGCAC,-0.963,5.6827
CCACCATCACTTCGTA-E15S,E15S,Tumor,0.8567686182048136,1.858942014925982,0.0925658981588343,0.9626086376777473,-0.13942730262701689,1.1722809944568169,memory,CCACCATCACTTCGTA,-1.3492,7.7034
CAAGACTCAGCTATGG-E15S,E15S,Tumor,1.2966531137274577,2.173884731262615,0.32303337018123857,0.7237456572179972,-1.4656824772822066,-0.7979860091993929,reverted,CAAGACTCAGCTATGG,-3.9756,5.1852
AGGCTCACATAGAGAG-E15S,E15S,Tumor,1.3032581163534729,1.0404035412357824,0.27559629148961773,0.8074394702045254,-0.12415957734821784,0.6085764796666409,reverted,AGGCTCACATAGAGAG,-1.6946,6.2418
CAAGCGCCAGGATCTG-E15S,E15S,Tumor,1.1928388365042468,1.16496079858717,0.24134455564706664,0.8548383115712812,-0.08895354642859608,0.12241700089651297,reverted,CAAGCGCCAGGATCTG,-2.7799,6.734
AGTGGCTTCGCGCAAT-E15S,E15S,Tumor,0.7730488890435465,0.7651805163475217,0.23038448258123756,0.8678101073124439,-0.09810338685956874,1.4167095151743658,memory,AGTGGCTTCGCGCAAT,-2.8554,4.4118
AATCGGCTCCAGATAT-E15S,E15S,Tumor,1.3604137383675892,1.4081524287175833,-0.16132082636561104,0.9968759579950943,-0.024869259622251415,-0.7979860091993929,reverted,AATCGGCTCCAGATAT,-1.9924,6.4387
CCGGAAGGTCTTACCC-E15S,E15S,Tumor,1.312434164606224,1.7049571402734667,0.30113055455482396,0.7649990199481198,0.08805592273781732,0.12236171825015114,reverted,CCGGAAGGTCTTACCC,-1.534,5.9652
CCATCATTCCAGATAT-E15S,E15S,Tumor,1.7369266900200302,1.780942175565291,0.792439565324951,0.024338580482032843,-0.6640547692336882,0.22807605547460763,persistent,CCATCATTCCAGATAT,-1.7956,7.1674
CTATCGAAGGTACGAG-E15S,E15S,Tumor,1.5112116711718668,1.0971387507822337,0.3644797341104038,0.6346404330526959,0.08657481299408747,-0.7979860091993929,partial,CTATCGAAGGTACGAG,-2.4556,5.0826
TGGCCTGAGCGCTACG-E15S,E15S,Tumor,1.0164065750774363,0.7936050705425189,0.020282474077859068,0.9813832010308091,0.13192319739635688,0.6623154304702566,reverted,TGGCCTGAGCGCTACG,-1.5732,7.5836
ACTTCGTTCCTGACTT-E15S,E15S,Tumor,2.1176850938129204,1.666548137937745,0.9212269148615586,0.006909107302165615,0.8861122092180785,-0.7979860091993929,reverting,ACTTCGTTCCTGACTT,0.1104,4.7778
CACTACCCATCCTACA-E15S,E15S,Tumor,0.557306024593974,0.655426004038983,0.10067711981858465,0.9596037816696142,-0.018431884172126267,1.0770264710141246,memory,CACTACCCATCCTACA,-0.5552,7.3237
AACACCATCAGTTACG-E15S,E15S,Tumor,0.7469988207401992,0.6920858399794892,0.15795617232810272,0.9308526626638216,-0.09285625459915882,0.9535971048998027,reverted,AACACCATCAGTTACG,-1.7025,6.9349
ACAGCCCGTGCAGCGA-E15S,E15S,Tumor,0.9497022755022329,1.3195225900253842,-0.009492373525107442,0.9860759636709526,-0.10716239900753247,0.7089418480802326,reverted,ACAGCCCGTGCAGCGA,-0.7913,6.2406
AGTTATCAGGGTGACA-E15S,E15S,Tumor,0.9705599158164829,1.3172694539442682,0.16630628639648326,0.9253298547917276,-2.9172946968215485,-0.7979860091993929,reverted,AGTTATCAGGGTGACA,-1.4891,7.5693
GGTGACTTCCGTGCGA-E15S,E15S,Tumor,0.9341525459478066,1.188045676165858,0.29579485919652126,0.7743761288135103,-0.08924326389117929,0.24313860706838636,reverted,GGTGACTTCCGTGCGA,-2.0165,5.973
TCCTTCTCATAAGGAG-E15S,E15S,Tumor,1.025752875729264,1.9762611469485805,-0.18827149780606126,0.9976067695249938,-1.5524030933823592,-0.7979860091993929,reverted,TCCTTCTCATAAGGAG,-3.3481,5.5271
AAACGAATCGAACGTC-E15S,E15S,Tumor,1.5008924122428056,1.5665463607374135,0.6390542591788122,0.10245544223603097,0.0061136794389157825,1.0195698333238667,persistent,AAACGAATCGAACGTC,-1.8106,7.5418
GGACGAATCTATCCGT-E15S,E15S,Tumor,1.4656325646865285,2.0821760908032036,0.13053673663109505,0.9464309052540029,0.12066363426395388,0.3828469729205525,reverted,GGACGAATCTATCCGT,-0.2462,5.1719
TACCCAGGTCAGGAGT-E15S,E15S,Tumor,0.7239632011049552,1.6392316017587003,0.5127747182140703,0.2853307447706689,-0.28945559304848734,0.6749691467913373,persistent,TACCCAGGTCAGGAGT,-1.3959,7.6364
AGTACCGCATCATACT-E15S,E15S,Tumor,0.7559177623095812,1.6243751539768867,0.4391793460134613,0.4530211322979513,-0.5870302448666269,0.698488368691918,partial,AGTACCGCATCATACT,-0.67,6.7892
CCTCTTGAGAATCAGA-E15S,E15S,Tumor,1.1588725974128662,1.4326869379144411,0.04200942509190253,0.9770108535648245,-0.24120199807742845,0.156785645512648,reverted,CCTCTTGAGAATCAGA,-2.5722,6.2915
AATGACAAGCCGCACA-E15S,E15S,Tumor,1.7150863289502678,1.7427670097651808,0.18608976536938546,0.9105945725396691,0.08017335907635438,-0.7979860091993929,reverted,AATGACAAGCCGCACA,-1.8695,4.9493
TCTCGAGGTTAAGCAG-E15S,E15S,Tumor,1.3371501155096956,1.2195976358484868,0.5753044535094146,0.17680374603947982,-0.18130987114948055,0.14555199781831218,persistent,TCTCGAGGTTAAGCAG,-3.4321,3.567
GCAATCATCGCTCACC-E15S,E15S,Tumor,1.1055977345752206,0.9273446091192135,-0.07145100785477643,0.9924185298713092,-0.42522523015307195,0.21534424322409054,reverted,GCAATCATCGCTCACC,-2.2332,4.8203
ATATTCCCACCTAACC-E15S,E15S,Tumor,1.0267973153596481,0.993844288993685,0.2542628926595203,0.8382112361560803,-0.07829802322969304,1.056732959956276,memory,ATATTCCCACCTAACC,-2.215,4.9696
CAACCAGCAAACTGCG-E15S,E15S,Tumor,1.6474724952453323,1.6687082420426875,0.3714375981944943,0.6185006886382247,-0.054160587500280646,-0.7979860091993929,partial,CAACCAGCAAACTGCG,-1.2092,5.5148
TGGATTTAGGTTACGC-E15S,E15S,Tumor,0.5946795339943874,0.6628899810750731,0.1604614487477907,0.9292366081528592,0.07166272652108639,1.5184317911618892,memory,TGGATTTAGGTTACGC,-2.7324,5.874
AATGCGAGTCATGCTG-E15S,E15S,Tumor,2.196356972340941,1.8332127115997299,0.14106724323527936,0.9408838470217891,0.04775538300522385,0.14987290195340902,reverted,AATGCGAGTCATGCTG,-2.6974,4.8821
TGTAGGTCAGGGATGG-E15S,E15S,Tumor,1.4667395881929879,1.1520887648549305,0.029791127040277837,0.9795802220529394,-0.17769845685415236,0.7162238872544401,reverted,TGTAGGTCAGGGATGG,-2.391,6.0142
AATGCGGAGGTATCGC-E15S,E15S,Tumor,1.3113029336921183,1.729106013983815,0.25295568719834294,0.8399612180574472,-0.1232279364050374,-0.7979860091993929,reverted,AATGCGGAGGTATCGC,-2.0335,4.9939
TCAGTATAGATTGGCC-E15S,E15S,Tumor,1.3855920800536086,1.6510985096048134,0.4272079027747935,0.48256349389123465,-0.6135078444691697,0.1399183584146351,partial,TCAGTATAGATTGGCC,-3.797,3.5498
AGCAATTTCCGTTAAG-E15S,E15S,Tumor,0.4199091875289667,0.9629658886995204,-0.18111851501412668,0.9974313250320336,0.10417814090624167,0.9403561210993682,reverted,AGCAATTTCCGTTAAG,-2.4104,7.1985
TGGTTCCCAACTTCGC-E15S,E15S,Tumor,1.6674997535640743,1.6271961521240697,0.4041136735511585,0.5397174897338524,-0.30280889366617436,0.21882453613302552,partial,TGGTTCCCAACTTCGC,-0.4015,5.6702
TGCCGTAGTAATGGAT-E15S,E15S,Tumor,1.0783679849346632,1.6502328188879376,0.3321613538955274,0.7052893115805032,-0.07307329395934703,-0.7979860091993929,reverted,TGCCGTAGTAATGGAT,-1.543,6.0721
GTTAGCTGTCCCGATA-E15S,E15S,Tumor,1.2204165135979255,1.3133076969682247,0.6015162389805124,0.1420892584253156,0.1549338404800375,0.746336920863243,persistent,GTTAGCTGTCCCGATA,-1.4006,6.3944
TATGGCTGTAGTTGCT-E15S,E15S,Tumor,1.1332880661957865,0.8639257838567429,0.4703856454343165,0.3780384374709983,-0.7072665889920338,0.13110069594998983,partial,TATGGCTGTAGTTGCT,-1.6785,7.7133
AGAGTATGTATGTCCG-E15S,E15S,Tumor,1.3971328194433545,1.6072110280574523,0.03442202113596332,0.9786412742418831,0.10352446157633327,-0.7979860091993929,reverted,AGAGTATGTATGTCCG,-2.404,4.9405
GTATTCCTCCTGAGCG-E15S,E15S,Tumor,0.5588188265088594,0.7337906361572684,0.4784816224396601,0.35935742830758416,-0.17997222957771467,0.7346364970587191,partial,GTATTCCTCCTGAGCG,-0.9016,7.407
CCTGATTTCGTTGCTT-E15S,E15S,Tumor,0.40265924822301546,0.5658808080336473,1.1276625119637513,0.0008976839350847867,0.5673514685925622,-0.7979860091993929,reverting,CCTGATTTCGTTGCTT,-2.5345,4.1471
TGGCTTGGTTCACTGG-E15S,E15S,Tumor,0.6620690207030511,0.7096824219098865,0.350618953232729,0.6658793851577508,-0.06883917957405428,0.23209210582074993,partial,TGGCTTGGTTCACTGG,-0.9808,6.894
AACACACCAATTGCCC-E15S,E15S,Tumor,1.6408638071973098,1.8459527543298564,0.14713810115792492,0.937445639629869,-0.2711455675684268,0.776115020474873,reverted,AACACACCAATTGCCC,-1.5676,5.9549
AGTGCTCAGCTAGCAC-E15S,E15S,Tumor,1.1054164214371234,1.6047534853448862,0.2663460982545661,0.821299024374902,-0.3447413980881864,0.37148891448249854,reverted,AGTGCTCAGCTAGCAC,-0.6888,5.9139
CGTGAAAGTTTGGTTA-E15S,E15S,Tumor,1.5749520496278178,1.2971159747987326,0.3117552849977676,0.7455353214232407,-0.3375201433460259,0.6775307817264156,reverted,CGTGAAAGTTTGGTTA,-1.3471,6.1052
TGGTGTTGTGGCGACA-E15S,E15S,Tumor,1.0161657265228567,1.3701631285773943,0.5102946867448339,0.29037132952256967,-0.07523348201562749,0.19873188939322714,persistent,TGGTGTTGTGGCGACA,-2.3727,8.1461
GCCATAGCAAATGGAG-E15S,E15S,Tumor,0.3688208189318136,0.47878705361475765,1.0161569595901871,0.0027069695890246537,-0.31181476077875947,0.173416996647455,persistent,GCCATAGCAAATGGAG,-0.875,7.9872
CACCTCATCATGAACT-E15S,E15S,Tumor,0.7877522850560852,1.0066061481094595,0.6991661938653657,0.05917568501003819,-0.11353337073540846,-0.7979860091993929,persistent,CACCTCATCATGAACT,-0.2771,6.1633
ATGTCAACAACTAATG-E15S,E15S,Tumor,1.065728238280215,0.6043328499550453,0.8539384813834858,0.013376148326054835,0.027309202170721154,0.22214108979706748,persistent,ATGTCAACAACTAATG,-2.8033,3.9218
CTTGTCCGTAATGGCA-E15S,E15S,Tumor,1.2278040714305924,1.0578966133081316,1.0272431407524611,0.002425874089013963,-0.07274211202547204,-0.7979860091993929,persistent,CTTGTCCGTAATGGCA,-2.7236,4.4994
CACAACATCGATAGCC-E15S,E15S,Tumor,2.0949199699915613,1.520579564475945,0.18068524022411045,0.9148622003369384,0.0033947950237647184,0.7826589925888178,reverted,CACAACATCGATAGCC,-0.5712,5.7787
ACATCCGGTTTGATGC-E15S,E15S,Tumor,1.2265262942510167,1.3698965689399996,1.1119685024884238,0.0010486650993373724,0.27101387078482875,-0.7979860091993929,persistent,ACATCCGGTTTGATGC,-3.0114,3.502
CCGAATATCAGTGCGT-E15S,E15S,Tumor,0.5722810295047985,0.6404311793383963,0.09668307912364628,0.9611112545314027,-0.9780768838347599,0.9698938393774492,reverted,CCGAATATCAGTGCGT,-2.7997,4.3243
CCCTTAACAACTGGGC-E15S,E15S,Tumor,1.3235881632526552,2.151050302308592,0.40310311835600315,0.5422055911954743,-0.1282553935535397,0.18718461265111863,partial,CCCTTAACAACTGGGC,-2.358,7.5003
ATCCACTTCCCTGGTC-E15S,E15S,Tumor,0.4318201857285435,0.6660690460178231,0.005085583590907758,0.9839454175614603,-0.24017772504724585,0.7873465175491908,reverted,ATCCACTTCCCTGGTC,-0.5756,6.8015
CCTAACTTCTATCGGA-E15S,E15S,Tumor,1.2503237757198296,1.6896294161812577,0.24065403838322036,0.8556858288350442,-0.4002520534519392,0.18689682755966378,reverted,CCTAACTTCTATCGGA,-1.0067,5.9771
CATTTAGGTTATCGCG-E15S,E15S,Tumor,0.9281643745724264,0.7754913950053568,0.20721004653589167,0.8920167129084662,-0.32979698863961043,0.18028014655631483,reverted,CATTTAGGTTATCGCG,-1.0757,6.5098
CACCCAAGTTTACTCT-E15S,E15S,Tumor,1.039637490004816,1.4072754270536492,-0.021632349183516475,0.9876355079844189,-0.3196544698638319,-0.7979860091993929,reverted,CACCCAAGTTTACTCT,-2.1896,4.5684
ACACGTTGTTAAGTGG-E15S,E15S,Tumor,1.2556882492033106,1.0173501673089358,0.49502085945137553,0.3225361414267626,0.10752460144641718,-0.7979860091993929,partial,ACACGTTGTTAAGTGG,-3.0071,4.7013
CGCCATGAGGCTTACA-E15S,E15S,Tumor,1.693681383471219,1.5586550528322543,-0.10570833209519896,0.9945900983814553,-0.0768826012394774,-0.7979860091993929,reverted,CGCCATGAGGCTTACA,-0.614,5.2477
CTAATGGTCCTCTAAC-E15S,E15S,Tumor,1.2579873141417366,1.5962337620863662,0.05007673896573968,0.9751440486564649,-0.2506947656923708,0.7022343685189034,reverted,CTAATGGTCCTCTAAC,-3.049,7.6753
CGGGTTACAATCGAGT-E15S,E15S,Tumor,1.5216319593811154,1.609668658234435,0.37706176838805805,0.6052587368286333,0.25507652427306304,1.2442057758599585,partial,CGGGTTACAATCGAGT,-3.4945,4.2757
AGGCATGAGGCGAGGT-E15S,E15S,Tumor,2.087195282570568,1.8169488319715645,0.05091800946567603,0.9749410699612326,0.1236981754209667,0.28126425244532355,reverted,AGGCATGAGGCGAGGT,-0.8721,5.8095
CATGGGTTCGACCATA-E15S,E15S,Tumor,1.6929087011251112,1.1725123304495921,0.355146199392107,0.6558193653845463,0.12836403343018535,1.1688782835067597,partial,CATGGGTTCGACCATA,-1.5338,6.4267
AACACCGCACAATCCC-E15S,E15S,Tumor,1.623483873376231,1.6897843754014341,0.014243371848206912,0.982446223060025,0.026486838877650232,0.3585513754929119,reverted,AACACCGCACAATCCC,-0.6917,5.2555
AATTGTCAGGTGCTCG-E15S,E15S,Tumor,0.39589957113132135,0.6316911290748073,1.0873932456769662,0.0013376212308514217,0.6314092782029042,0.33101289766671005,reverting,AATTGTCAGGTGCTCG,-0.238,6.1325
AACGAACAGTCAGGTC-E15S,E15S,Tumor,0.7434211703723652,0.5213573051318853,0.35507342718610213,0.6559822128015997,-0.30264173861757965,0.7182836684313207,partial,AACGAACAGTCAGGTC,-1.1646,7.4885
CTAAGGTCAACGTGAT-E15S,E15S,Tumor,1.6562731788860638,2.0287964069791022,0.5542322726664991,0.20928787912284327,0.0495088914831581,-0.7979860091993929,persistent,CTAAGGTCAACGTGAT,-0.8322,5.3551
GGTATGTCAAGGTCTG-E15S,E15S,Tumor,1.8906351897032871,1.8282524326141414,0.08819166517493846,0.9641387470602695,0.1271717797903738,-0.7979860091993929,reverted,GGTATGTCAAGGTCTG,-0.0861,5.039
GCGTATTGTCTTGCCT-E15S,E15S,Tumor,1.5546634683201062,1.4331919099226136,0.01940617822308024,0.9815412794303183,-0.050362204426176144,0.3630879552915881,reverted,GCGTATTGTCTTGCCT,-1.054,5.4343
CAAGCAAGTAAGTTCC-E15S,E15S,Tumor,0.640438031776762,0.5862659182094861,0.9769725639615591,0.003987080891037126,0.20046293780475732,1.0589858770236718,persistent,CAAGCAAGTAAGTTCC,-0.815,6.423
CTTGGCTCATGCTCAC-E15S,E15S,Tumor,1.3338505764277722,0.9913989472027241,0.5468016498490877,0.22174114791266022,-0.16185454911623043,0.7751493402457593,persistent,CTTGGCTCATGCTCAC,-1.1378,5.2411
TCCTGCATCAGGCATC-E15S,E15S,Tumor,0.6217205023275383,1.2266327505404546,0.6858200669285667,0.06698712268196862,0.3003073732347191,1.8229664062251432,persistent,TCCTGCATCAGGCATC,-2.3154,6.4031
ACCTCACCAGTTAGGT-E15S,E15S,Tumor,1.2396474534000392,1.0447188834750067,0.03541088186551786,0.978435369239007,-0.39158905956947343,0.23793982496440233,reverted,ACCTCACCAGTTAGGT,-2.556,6.3455
CAAACCGCATGCAGTG-E15S,E15S,Tumor,1.8365326214334725,1.4365308567776713,0.22433988427320567,0.8745350297059925,0.0408151325192503,0.8443106568646123,reverted,CAAACCGCATGCAGTG,-0.8042,4.5121
ACGATTTAGGTGCGAA-E15S,E15S,Tumor,1.3893708642909701,1.2409617265076778,0.426127644710715,0.4852384060230677,-0.1648419526406984,1.266944836291349,partial,ACGATTTAGGTGCGAA,-2.8328,6.8299
AGGCCCATCGATCAGC-E15S,E15S,Tumor,0.9985288612276558,1.40711983424582,0.40604530973581154,0.5349561737303449,-0.001239210588654855,1.4175391643275124,partial,AGGCCCATCGATCAGC,-1.2833,5.9868
AGTCGAAGTTGCTGAT-E15S,E15S,Tumor,0.6274715613748307,0.8924652797608869,0.4623308824958152,0.39699081192275887,-0.4835635135769047,0.15376104484090775,partial,AGTCGAAGTTGCTGAT,-0.8966,7.6114
AACCAATTCATCGTCT-E15S,E15S,Tumor,1.4426590390057414,1.272871382827455,0.4210260762456638,0.4978796635489907,0.14649762251523052,0.2617903526569854,partial,AACCAATTCATCGTCT,-1.2713,6.5633
ATGTGGGAGCTTACTC-E15S,E15S,Tumor,1.3708294817880424,1.375582627022305,0.11893727578635607,0.9519712260246891,0.004370656218950289,0.3667180441233064,reverted,ATGTGGGAGCTTACTC,-0.9806,5.3443
CGAACTTGTCTTACCC-E15S,E15S,Tumor,1.9313845941501897,0.9963812813048496,0.14947223924794972,0.9360746843795094,-0.04680794137327549,-0.7979860091993929,reverted,CGAACTTGTCTTACCC,-1.4267,6.2166
CGCAAATCAAATGGAG-E15S,E15S,Tumor,1.515673139881075,2.096537413593193,0.33751838809077306,0.6941299475846884,-0.31611063846075693,-0.7979860091993929,partial,CGCAAATCAAATGGAG,-1.4418,6.4202
GCATTACGTTGACCAT-E15S,E15S,Tumor,1.480963987473903,0.9199059542967596,0.08877530981619065,0.9639381272412942,0.044344896278924115,0.23876069327838956,reverted,GCATTACGTTGACCAT,-2.5197,4.8796
GGCATGTTCCCGCTAC-E15S,E15S,Tumor,1.0337986433496633,2.5783259082671695,0.09504629259169943,0.9617133090861677,0.25185072513173834,0.7435506734995574,reverted,GGCATGTTCCCGCTAC,-1.2941,6.3504
CCCAATCCATGGTGCA-E15S,E15S,Tumor,0.6300134237568977,0.7714337518853349,0.7484912142114863,0.037136756914830496,-0.23665534093938304,0.9256754690513925,persistent,CCCAATCCATGGTGCA,-0.8731,6.2177
CGTAAAGGTTGTGCCA-E15S,E15S,Tumor,1.552388374008753,1.654762873689718,0.0009261138759059893,0.9845840612919454,-0.32373353361707136,-0.7979860091993929,reverted,CGTAAAGGTTGTGCCA,-2.892,6.6623
GCGATGTTCTATGCGA-E15S,E15S,Tumor,1.5392051667792275,2.0246903272518773,0.8501328082271185,0.013883377007762661,0.5098269610385969,0.2627843213862878,reverting,GCGATGTTCTATGCGA,-0.1995,5.5631
CGAATCTGTTTCAGTA-E15S,E15S,Tumor,1.8293976936256413,1.4210190195616987,0.4418281479991957,0.446521757549826,-0.5125328671821759,-0.7979860091993929,partial,CGAATCTGTTTCAGTA,-2.7873,5.3602
TCCAACTTCCGTATAG-E15S,E15S,Tumor,0.5248797392316453,0.7126476390599146,0.678117318804502,0.07192119025223295,-0.6678373822897465,1.3425932103692175,persistent,TCCAACTTCCGTATAG,-1.1456,6.4687
TCAGTAGTCATGCCTT-E15S,E15S,Tumor,1.2465575812054384,0.8554233447086048,0.45423882957857065,0.4163472757296593,0.12794816307848336,-0.7979860091993929,partial,TCAGTAGTCATGCCTT,0.2352,5.3401
CAATGGCTCGCGACAT-E15S,E15S,Tumor,1.463933837856777,1.5830507952010042,0.036160234967400465,0.978278043883142,-0.28872523683052925,-0.7979860091993929,reverted,CAATGGCTCGCGACAT,-0.7926,5.3276
ACGGAGGCAAATGCGT-E15S,E15S,Tumor,0.5156970492680576,0.8240140912766335,0.16997565792851382,0.9227768416051291,0.07587880286291945,-0.7979860091993929,reverted,ACGGAGGCAAATGCGT,-2.4154,4.8052
CGCAGATTCATATCCC-E15S,E15S,Tumor,0.3369371785293303,0.4941958125991661,1.5385149589819573,1.5288354592760807e-05,-0.15585628290614256,0.28785826767899036,persistent,CGCAGATTCATATCCC,-0.912,7.4008
AGCACTTGTTTCAGCG-E15S,E15S,Tumor,2.018870335392478,1.36873320546705,0.1964444290388001,0.9018764107584475,0.0796997064247291,0.459512738416527,reverted,AGCACTTGTTTCAGCG,0.0815,4.9635
AAAGTAGTCATCAGGC-E15S,E15S,Tumor,1.3911936444597393,1.9099911642660734,0.0016568687155526923,0.9844737008112872,-0.15998737078644762,-0.7979860091993929,reverted,AAAGTAGTCATCAGGC,-1.7044,6.1034
GTGGATAGTAGTTAGG-E15S,E15S,Tumor,1.5441591959003442,1.5122414725327757,0.026018782663260596,0.9803151164631267,0.03938461268689577,0.2609854157329524,reverted,GTGGATAGTAGTTAGG,-1.7792,6.2667
CCTGCATCAGGAACCC-E15S,E15S,Tumor,1.4229883275361515,1.5494363663308877,0.08938510953649595,0.9637273630775602,-0.09944965812890078,-0.7979860091993929,reverted,CCTGCATCAGGAACCC,-3.1723,4.8777
TGAACCATCGCTCAGG-E15S,E15S,Tumor,0.43621835597755076,0.4751887957695171,-0.0235774321328706,0.987868814099028,-0.02338279506339212,0.8623064355108718,reverted,TGAACCATCGCTCAGG,-1.3155,6.7163
CTTATCGCATCGAAGT-E15S,E15S,Tumor,1.6256937634735615,1.3666769425379173,0.2039666797262643,0.8950754450630133,-0.24906616674155407,1.3973714176838634,memory,CTTATCGCATCGAAGT,-2.3668,7.5317
GCTCACCTCCGGTACG-E15S,E15S,Tumor,0.6000193297568942,0.5969781407221822,0.5433497553238349,0.2277037310330798,-0.003505456956409938,0.8881933692219315,persistent,GCTCACCTCCGGTACG,-0.133,5.7263
CTGACCCTCCATCGTT-E15S,E15S,Tumor,1.2408270571816256,1.9404726703682826,0.42582699782330025,0.485983018511559,0.26348359979708236,0.9253314686871787,partial,CTGACCCTCCATCGTT,-0.5863,5.1974
ATCGCATGTTATGGTC-E15S,E15S,Tumor,1.2598770654491696,2.036191260437866,0.0654839217807823,0.9711599319609454,-0.08029932770404649,1.3515795548456215,memory,ATCGCATGTTATGGTC,-2.6979,7.2782
CCGGTCAAGGGTGATG-E15S,E15S,Tumor,1.0436532668705427,1.8014389096337344,0.1757516602576338,0.9185957656369881,-0.14660076511205536,-0.7979860091993929,reverted,CCGGTCAAGGGTGATG,-1.1106,6.2951
ATCCTCCGTGATGAAT-E15S,E15S,Tumor,0.7038230380353081,1.350008779136246,0.04737330925132568,0.9757855326503598,-0.066452312397677,1.127100312937777,memory,ATCCTCCGTGATGAAT,-1.2025,7.6189
ACGGGCAGTCATGCTG-E15S,E15S,Tumor,1.698920529504127,1.6907193254793198,0.08344948015103712,0.9657294274253303,-0.16482945950364092,0.8655846446081735,reverted,ACGGGCAGTCATGCTG,-1.445,5.852
GGTATGTCAGGTATGT-E15S,E15S,Tumor,0.8433126821560786,1.2322156840538967,0.7522026738643259,0.03584308660652253,0.35481379354510423,0.749510638990285,persistent,GGTATGTCAGGTATGT,-3.2925,4.0134
TCCACTTAGTGGGTCT-E15S,E15S,Tumor,1.7877240929068328,1.4033405722283925,0.08115597146787312,0.9664741197514387,-0.1815167165257029,0.9466303619348486,reverted,TCCACTTAGTGGGTCT,-0.5976,5.1815
AGAAGTTGTTTGGAGA-E15S,E15S,Tumor,1.3513901647109146,1.8436158754722085,-0.11361682866732332,0.9949960574832238,-0.0723512652933312,0.25009217814464374,reverted,AGAAGTTGTTTGGAGA,-3.3025,7.3545
ACGGACAAGGTGCAGA-E15S,E15S,Tumor,0.3490414083025575,0.3978752572276388,1.6571009237546082,4.717693369999988e-06,8.831505561124347,1.3778803497317063,reverting,ACGGACAAGGTGCAGA,-0.4472,7.6953
ATAGCGGAGTGATAGA-E15S,E15S,Tumor,1.843715047070017,1.2622159084553215,-0.020991176750947256,0.9875576347400585,0.12431691772065942,0.26466528114713417,reverted,ATAGCGGAGTGATAGA,-1.6638,6.334
GTTCTCACAGGTAGCC-E15S,E15S,Tumor,0.37573081316720136,0.5835352957383191,0.8737063036240291,0.011021616063218465,0.1482237863576417,1.1504547552320863,persistent,GTTCTCACAGGTAGCC,-0.5545,7.391
CTCTCGATCGCATCCC-E15S,E15S,Tumor,0.41807330060438797,0.6672661200810561,0.5276917851133394,0.25615045025235667,0.19179434077227941,0.86201870459319,persistent,CTCTCGATCGCATCCC,-0.4067,7.1479
AGCTAAGGTTCGCACA-E15S,E15S,Tumor,1.5078476370272864,1.3001047431792376,-0.0976535256156898,0.9941429574886327,-0.07118767555874934,0.3036543015851318,reverted,AGCTAAGGTTCGCACA,-1.9093,5.9058
ACAAGGCGTAGCTGCC-E15S,E15S,Tumor,0.721807400493981,0.6271976829603192,0.6954982589977741,0.06123317257997991,0.20156626744894535,-0.7979860091993929,persistent,ACAAGGCGTAGCTGCC,-2.9577,3.8338
CTGAACATCCAACTCT-E15S,E15S,Tumor,1.7985992361706293,2.0726934605429443,0.27564045369588175,0.8073713807303202,0.15588357992419583,-0.7979860091993929,reverted,CTGAACATCCAACTCT,-0.6864,5.6729
CCGTTGGAGCTAACGC-E15S,E15S,Tumor,1.6435560154701432,1.1690992445429211,0.16651029055318817,0.9251899766865566,-0.021207902434731633,0.31241696656900947,reverted,CCGTTGGAGCTAACGC,-1.6244,6.712
CTCAGTTTCACTGGGT-E15S,E15S,Tumor,1.2385295715005087,1.5427072532160055,0.007217917111357002,0.9836079991677414,-0.11975530727982739,0.2727412380411599,reverted,CTCAGTTTCACTGGGT,-2.604,6.1487
CCACGTAGTCTGTGGC-E15S,E15S,Tumor,1.6824878044318168,1.8655174183145458,0.097107442978083,0.9609536849906697,-0.38289597837153755,0.3118155920894593,reverted,CCACGTAGTCTGTGGC,-1.6125,6.0771
TAGGGCTTCCGCAACG-E15S,E15S,Tumor,0.8970153333834922,1.7400249247746715,0.3290598108350435,0.711640681547689,-0.14265605786300084,-0.7979860091993929,reverted,TAGGGCTTCCGCAACG,-1.2136,7.3698
TGCCACCTCAATCTGG-E15S,E15S,Tumor,1.4003574651275754,1.7434547168060321,0.42914985403951794,0.47775748939467644,-0.162036647539861,-0.7979860091993929,partial,TGCCACCTCAATCTGG,-0.799,5.3079
CGTAAACCATTACGTT-E15S,E15S,Tumor,0.37209524937854593,0.6220886345282074,0.5683135131577595,0.18711914500005222,-0.23756630805303455,-0.7979860091993929,persistent,CGTAAACCATTACGTT,-0.9024,7.5165
AGTACCTGTTGGCCTA-E15S,E15S,Tumor,1.210094405533449,1.331543964201445,-0.021043399188668724,0.9875639954620519,-0.2836845530534278,-0.7979860091993929,reverted,AGTACCTGTTGGCCTA,-1.5529,6.1781
TCCTCGATCACAGACC-E15S,E15S,Tumor,0.525361940452787,0.5656823295437078,-0.3811852008342938,0.9996458578320999,0.043161438336687924,-0.7979860091993929,reverted,TCCTCGATCACAGACC,-0.7783,7.0863
CGTGAGGGTGGCGAAT-E15S,E15S,Tumor,0.8855824224648271,2.048528516801974,0.1887174956352037,0.9084506487025701,0.03294858046681684,0.7458314384311925,reverted,CGTGAGGGTGGCGAAT,-1.8304,7.5235
GCGTTCTCATGAGTTA-E15S,E15S,Tumor,1.7080167038865326,1.2536367490775524,-0.1613714037098361,0.9968775193416481,-0.0650423241766804,-0.7979860091993929,reverted,GCGTTCTCATGAGTTA,0.3268,5.6484
TATCATCCAACCGCTT-E15S,E15S,Tumor,1.8182079794412018,1.1591879436780828,0.41766312945669704,0.506215250237891,0.1382518822994235,-0.7979860091993929,partial,TATCATCCAACCGCTT,-0.7382,5.8135
CTTCGCGCAGTTAGAC-E15S,E15S,Tumor,1.3221334408750303,1.0181822203712358,0.43281537126338704,0.46869787303828647,0.06496536792176708,1.2201657344233803,partial,CTTCGCGCAGTTAGAC,-0.3333,6.8078
ATCAGGCTCCATAGCA-E15S,E15S,Tumor,0.4880255404833339,0.42502375130847875,0.8998120850381937,0.008529543325294316,-0.26634272088547317,1.5551114916067592,persistent,ATCAGGCTCCATAGCA,-0.8755,8.0131
CCAGCCTTCACATAGT-E15S,E15S,Tumor,1.2254528533678328,2.254436899513071,0.16068412491331993,0.9290912920341199,0.19694791841885254,0.8820805301111188,reverted,CCAGCCTTCACATAGT,-0.2672,5.6466
CTGTCAAAGTGCAACC-E15S,E15S,Tumor,0.9576488175209754,1.188030084116707,0.6840990831372987,0.06806150646404692,-0.1089759450888908,-0.7979860091993929,persistent,CTGTCAAAGTGCAACC,-1.5591,6.908
ACCTGTCCAGCCTACT-E15S,E15S,Tumor,1.786920529810488,1.6711484108022108,0.6401405674943502,0.10146921301573406,0.046534489412287106,-0.7979860091993929,persistent,ACCTGTCCAGCCTACT,-0.0165,5.0974
ACAGGCAAGTGAGGAT-E15S,E15S,Tumor,1.5996814473323995,1.5561965267951816,0.40517927093260786,0.5370917247040445,0.2936653265357431,0.31303983207868513,partial,ACAGGCAAGTGAGGAT,-1.1133,5.9843
GTGGTAAGTTAAGCAG-E15S,E15S,Tumor,0.9151102753445155,0.9696358598948039,0.3446619210319097,0.6788889568158679,-0.24267478819752325,0.2898378372266584,partial,GTGGTAAGTTAAGCAG,-2.54,6.2844
CTCACATTCTAGTGTG-E15S,E15S,Tumor,0.6027707835030526,1.239874226285603,0.35160112118673464,0.6637092999463545,0.04352053241089063,-0.7979860091993929,partial,CTCACATTCTAGTGTG,-1.5866,7.9031
ACCCAGACACTTGCGT-E15S,E15S,Tumor,0.9257116583442975,2.2792379152530637,0.09858459271289446,0.9604004181552006,-0.7149719655590964,0.3327159412143932,reverted,ACCCAGACACTTGCGT,-1.4299,7.3658
CCCTAATTCCCTGTGC-E15S,E15S,Tumor,1.4107410108493175,2.440294266108932,0.2691775088588758,0.8171415372100089,0.08118287372630076,-0.7979860091993929,reverted,CCCTAATTCCCTGTGC,-1.0465,5.8481
ACCTGATGTTCGCAAT-E15S,E15S,Tumor,0.5920057889861621,0.8627523090193664,-0.078383125928816,0.9929185494563995,0.10889617408994916,0.4800488955869696,reverted,ACCTGATGTTCGCAAT,-1.076,6.3166
ACAACAGGTTCCTCAC-E15S,E15S,Tumor,1.9432931047312731,1.4936705550442773,0.43784160006182976,0.456309803796601,0.1450428204813069,-0.7979860091993929,partial,ACAACAGGTTCCTCAC,-2.5239,5.2191
ACAGTGAGTTGGCTGC-E15S,E15S,Tumor,0.6436363632759216,1.0519371941024485,0.40756392038996014,0.5312084076521337,-0.7421755913055973,0.29916789390391363,partial,ACAGTGAGTTGGCTGC,-1.3708,7.7636
TGAGCGAAGTTGGACC-E15S,E15S,Tumor,1.556357678068727,1.6744523507472393,0.1394982060795582,0.941743239655766,-0.03751121259365303,0.8337177644339319,reverted,TGAGCGAAGTTGGACC,-0.8003,5.563
CACGCCAAGTAGTGCC-E15S,E15S,Tumor,1.432264230666206,1.8288605603714254,0.08639737715816725,0.9647488006187891,0.10922311379738228,1.261124025645753,memory,CACGCCAAGTAGTGCC,-0.5661,5.2793
AGCACGCCATAGATTG-E15S,E15S,Tumor,0.7655011520500957,1.453237504524516,0.17682097764257415,0.9177994243926283,-0.1376292465877007,-0.7979860091993929,reverted,AGCACGCCATAGATTG,-0.756,6.3581
TCCAAAGTCTATGGGC-E15S,E15S,Tumor,1.740887792349962,1.7993327085946222,0.055200295436606,0.9738825702176906,0.0580914453414489,-0.7979860091993929,reverted,TCCAAAGTCTATGGGC,-0.5651,5.4918
AGACTGCTCCGTAGTA-E15S,E15S,Tumor,1.1345435511801896,2.02192154526703,0.353154417466485,0.6602631963590864,0.3349589671746903,0.46396281459441685,partial,AGACTGCTCCGTAGTA,-0.5646,5.707
CTGGTTAAGGTAATCT-E15S,E15S,Tumor,1.089008324348941,1.174984041851342,0.00882081568742929,0.9833497760113533,0.1966613032536206,0.7406019623620721,reverted,CTGGTTAAGGTAATCT,-4.8913,5.2925
CATTTCGCATTCGGGA-E15S,E15S,Tumor,1.491806588413298,1.857592263048797,0.022496638961432752,0.9809778385639641,-0.05693165263893887,-0.7979860091993929,reverted,CATTTCGCATTCGGGA,-0.8494,5.9959
GCCTGCAAGTGAACCC-E15S,E15S,Tumor,0.446208129924336,0.6753173116622369,0.7654394541957443,0.03157374961711213,-0.9832638205105086,1.223167659104048,persistent,GCCTGCAAGTGAACCC,-0.5245,7.0326
TAGTCCTTCACTGGTA-E15S,E15S,Tumor,1.3804585760388939,1.6470267177003055,0.6107821000701064,0.13125406983789648,0.16403242504243676,-0.7979860091993929,persistent,TAGTCCTTCACTGGTA,-1.828,5.0145
CCGGCAATCGATCCGG-E15S,E15S,Tumor,1.0601566675160632,1.4777402028497353,0.04647842615007207,0.9759942971947798,-0.10830171952974824,-0.7979860091993929,reverted,CCGGCAATCGATCCGG,-0.384,5.7285
CCCGTTGCACCTCAAC-E15S,E15S,Tumor,1.0496167604839035,0.9120697262448876,0.03349278624331814,0.9788330103209466,-0.035122129830447386,0.4449306604344623,reverted,CCCGTTGCACCTCAAC,-2.3034,4.6086
AAAGGTTGTTGAGCGG-E15S,E15S,Tumor,1.2481794121143992,0.8110728821745269,0.6221723296990197,0.11890400070123928,0.1908509454750548,0.7814748878420185,persistent,AAAGGTTGTTGAGCGG,-1.7801,7.8984
GCGTTATGTTGTGGCC-E15S,E15S,Tumor,0.4557224823905425,0.5998779153323837,0.9767640675954483,0.0039952987258923016,0.48692095366724614,0.368889679936723,reverting,GCGTTATGTTGTGGCC,-0.4636,7.1311
TATCCATCAGGGCCAT-E15S,E15S,Tumor,1.3124861439198843,1.4471836218393368,-0.10577159303208782,0.9945934722480542,-0.36641049523080294,0.9287503014547672,reverted,TATCCATCAGGGCCAT,-1.5449,5.8513
GCTAGTCAGTGAGTAA-E15S,E15S,Tumor,0.8733709888515505,1.0060340416272808,0.7077394605784376,0.05461675018869288,-0.9401690840769709,-0.7979860091993929,persistent,GCTAGTCAGTGAGTAA,-3.8021,3.5516
TGCACGTAGGGTTGCT-E15S,E15S,Tumor,0.8128437324913351,1.07027931200874,0.15831188530135482,0.9306253049908451,-0.13897025861334952,-0.7979860091993929,reverted,TGCACGTAGGGTTGCT,-3.0696,4.8722
CCACGAACATGGCTAG-E15S,E15S,Tumor,1.1614916553451513,2.268484278547925,-0.0933374613692465,0.9938884367757848,0.08910940414885798,-0.7979860091993929,reverted,CCACGAACATGGCTAG,-3.234,5.1529
GCCGATTAGTGAAGTA-E15S,E15S,Tumor,1.8207416542216444,1.5802991724055933,0.04337249676620987,0.9767053356830906,0.17159677880232307,1.126293027073134,memory,GCCGATTAGTGAAGTA,-2.2044,6.2922
GGGACACAGGTAGGAT-E15S,E15S,Tumor,1.160399646792874,2.787478307258667,0.293315514914184,0.7786421811712875,0.13544460966444943,-0.7979860091993929,reverted,GGGACACAGGTAGGAT,0.2324,4.8636
GGCCAATTCAAGTAGA-E15S,E15S,Tumor,1.6309945437970612,1.6145320124410873,-0.007806215013032053,0.9858445436742013,-0.041474810032421164,-0.7979860091993929,reverted,GGCCAATTCAAGTAGA,-1.1012,5.5044
GCCTCATCATGCTTCA-E15S,E15S,Tumor,1.6050582981330492,1.9312355813061932,0.11067911138511605,0.9555793931014839,0.1998940232317329,1.4517384104465914,memory,GCCTCATCATGCTTCA,-0.0539,5.0527
TCTCGCATCAGCCTAA-E15S,E15S,Tumor,1.4453004241799066,2.0248146660723885,0.4685416769726346,0.3823467168712195,0.2289319304765663,1.048992749930552,partial,TCTCGCATCAGCCTAA,-0.2593,4.4909
GTACCAGCAATTGCCC-E15S,E15S,Tumor,1.2116052780586515,1.6229698370082901,0.08485895452214268,0.9652638882081238,0.15026766106842215,-0.7979860091993929,reverted,GTACCAGCAATTGCCC,0.1245,4.252
AGTGAGTAGCCTGATA-E15S,E15S,Tumor,0.8202447169196021,1.3079187549849156,0.1653353129782213,0.9259923250526848,-0.5596376393168603,-0.7979860091993929,reverted,AGTGAGTAGCCTGATA,-1.5365,7.4774
TAGGACTCATCATCAT-E15S,E15S,Tumor,1.2435662177532154,1.813105869303372,0.22869735890143542,0.8697172774306621,-0.023774946222836817,0.36568159860606186,reverted,TAGGACTCATCATCAT,-0.14,5.6753
GCATGAGAGTGTCATG-E15S,E15S,Tumor,0.4287230889273006,0.43120935474233923,0.860896270097247,0.012495625300482045,-5.835966476232575,0.3003819562888958,persistent,GCATGAGAGTGTCATG,-2.5887,4.0768
ATCAAGGGTCAAGTCT-E15S,E15S,Tumor,1.2683696429212528,2.013627575664252,0.573898126607542,0.17884233269096772,-0.15539257386979555,0.28643785216661044,persistent,ATCAAGGGTCAAGTCT,-4.2926,4.7554
TGATTGGTCACTTCGT-E15S,E15S,Tumor,0.38047501040545395,0.5017680092561231,0.9052940208391352,0.00808195394457574,0.025990647193927203,0.31308138374553157,persistent,TGATTGGTCACTTCGT,-0.5199,7.5262
TGTCCTTAGAACGAAC-E15S,E15S,Tumor,0.41123037573126403,0.587240540381763,1.0695361337301976,0.0015962982679396487,-0.08937392030721626,-0.7979860091993929,persistent,TGTCCTTAGAACGAAC,-0.4764,6.2514
CTAGTTAGTTAAGCTC-E15S,E15S,Tumor,1.3306517954231727,1.6418915423954148,0.5330627959986921,0.24613604704193714,-0.6546344400296356,-0.7979860091993929,persistent,CTAGTTAGTTAAGCTC,0.0129,5.6627
CCTTTGGTCTGGTGAC-E15S,E15S,Tumor,0.8873148181806694,1.9582421275241344,0.3934393167175877,0.5658752771148471,0.09999641893427248,-0.7979860091993929,partial,CCTTTGGTCTGGTGAC,-2.8921,5.6239
TATAGGTTCATGTAAC-E15S,E15S,Tumor,1.3263168167009787,1.6737581772907428,-0.03378203397138267,0.9890233672128175,-0.13762345602778897,1.1735886412049439,memory,TATAGGTTCATGTAAC,-2.4237,6.1496
GTGCTATGTTGTAGTC-E15S,E15S,Tumor,1.185183811438006,1.1553644857616012,-0.1621196667800725,0.9969005278983253,0.007902729347154563,0.9531298492953496,reverted,GTGCTATGTTGTAGTC,-2.015,6.0371
TCTGGGTAGCCGACCA-E15S,E15S,Tumor,1.7310499380722733,1.5210604687214941,0.13793338664988822,0.9425886382882663,-0.04468742523550167,0.461678414114553,reverted,TCTGGGTAGCCGACCA,-0.6614,5.2689
TGCCGATAGCCTAGAC-E15S,E15S,Tumor,1.9387095539145411,1.0773379402923593,0.29908488727630933,0.7686257580993272,0.22114838486036476,0.8741023522675405,reverted,TGCCGATAGCCTAGAC,-1.2528,5.6826
TCCATAAGTATGGCCC-E15S,E15S,Tumor,0.8934957796343517,2.154072537513577,0.2586381344181216,0.8322416066623812,-0.30372373636861927,-0.7979860091993929,reverted,TCCATAAGTATGGCCC,-1.086,5.5501
GTGAGGATCGTTCGTT-E15S,E15S,Tumor,1.7441225299722365,1.359670361424728,0.2898924660450347,0.7844366053378806,-0.010723401599681506,-0.7979860091993929,reverted,GTGAGGATCGTTCGTT,-1.0386,5.4309
GGACGTTTCTGGATAT-E15S,E15S,Tumor,1.1692252408421868,0.6522640545842399,0.10821858419718736,0.9566035142791349,-0.08803928197249575,0.3236412852670342,reverted,GGACGTTTCTGGATAT,-2.6373,5.0173
TAGGTGAGTGGCCTGT-E15S,E15S,Tumor,1.4417438562164804,1.832241808203122,0.3951167319346718,0.5617851633750192,0.3010790337141573,0.34274608182358557,partial,TAGGTGAGTGGCCTGT,-2.5846,4.7011
AACATTGCAAATGGAG-E15S,E15S,Tumor,1.8278324163214665,1.4470553024918633,0.2673108481495732,0.8198908061171614,0.13133826520530453,-0.7979860091993929,reverted,AACATTGCAAATGGAG,-0.5318,5.3023
GTATGAGGTTGCATGT-E15S,E15S,Tumor,1.298778954082333,2.7690122369759544,-0.27070409590113925,0.9989417033749272,0.06378109970602217,0.4317368634658321,reverted,GTATGAGGTTGCATGT,-3.0561,5.0679
GCTTACCCATTCCTAG-E15S,E15S,Tumor,1.4244654205981768,2.4651632587238392,0.38475319373867206,0.5869000329526486,0.134288076823749,0.2927621949584058,partial,GCTTACCCATTCCTAG,-1.0957,6.3551
AAACGACAGGCGTCCA-E15S,E15S,Tumor,0.4167329679404141,0.36379101769632105,0.9846968897665063,0.003694209255967327,-0.4100023208882062,0.8715518154640375,persistent,AAACGACAGGCGTCCA,-1.1439,7.8221
GCAAGCAAGTGCTCGG-E15S,E15S,Tumor,0.46179817784131744,0.6961690795308841,0.3261495312209891,0.7175257140754676,-0.6297849611736933,-0.7979860091993929,reverted,GCAAGCAAGTGCTCGG,0.0093,6.4449
TAACACTAGGGTTAGG-E15S,E15S,Tumor,0.841947880365266,0.8316877105618841,0.3079943240338654,0.7525447060473706,-0.3073164981414594,0.9599906334860014,reverted,TAACACTAGGGTTAGG,-0.9392,7.2373
GGACATAGTTACACAC-E15S,E15S,Tumor,0.47194897646297324,0.5986756727547383,0.3641217628499982,0.6354630202514507,-0.06510073017119511,0.577824776193602,partial,GGACATAGTTACACAC,-0.6333,7.0983
CGTTTGGGTTACACTA-E15S,E15S,Tumor,1.0010134871363645,1.3708951059861287,-0.23245160345243343,0.9984543464665444,0.1537530405913767,1.7484036264784704,memory,CGTTTGGGTTACACTA,-2.655,7.437
GTCAAATTCGTTCCGC-E15S,E15S,Tumor,1.093068140512444,1.9390146186138688,0.10066920165782627,0.9596068248998916,-0.10130829719215123,-0.7979860091993929,reverted,GTCAAATTCGTTCCGC,-0.4612,5.1629
CGTTTGAAGCAGGTAG-E15S,E15S,Tumor,1.19126097958116,1.5293118621682924,0.11153451558272898,0.9552179875077357,-0.5306229799417246,-0.7979860091993929,reverted,CGTTTGAAGCAGGTAG,-2.4602,6.3038
GGCGTTGTCGCGAATC-E15S,E15S,Tumor,1.1603079613268317,1.7435197864915006,-0.037304271956664845,0.9893960936160201,-0.11041177636748267,0.496051024167792,reverted,GGCGTTGTCGCGAATC,-0.4796,5.0689
AAGCCTATCGAATGAA-E15S,E15S,Tumor,1.6521670610790573,1.6875880404711836,0.2568704877395933,0.8346743150987955,0.19182696670439955,0.3540538478115315,reverted,AAGCCTATCGAATGAA,-2.2842,4.9977
TATGAGAAGGATTGCC-E15S,E15S,Tumor,0.5091746622896336,0.7971840117364458,0.2609585463403965,0.8290048845491286,0.04473500873873666,0.3672254959305505,reverted,TATGAGAAGGATTGCC,-2.3734,4.9697
GTAAGTTTCACGGAAG-E15S,E15S,Tumor,0.5031638602583957,0.6109550391611379,1.637877301107315,5.70830175087232e-06,0.6416485980571808,2.2344336245260656,reverting,GTAAGTTTCACGGAAG,-0.7656,7.9498
CCACTATTCAGCAATT-E15S,E15S,Tumor,1.4405039124406596,1.3400978986837129,-0.5029587645125239,0.9998940931807138,-0.12210179984222498,0.5203474035359336,reverted,CCACTATTCAGCAATT,-1.0789,5.3864
AGTCCTGGTGAACGCG-E15S,E15S,Tumor,0.6517306795355148,2.387129049160246,0.5423586100484848,0.2294365177006398,0.09530875238664804,-0.7979860091993929,persistent,AGTCCTGGTGAACGCG,0.4296,4.9352
TGCACAATCCCTCGAC-E15S,E15S,Tumor,0.9347889260840269,1.3126104562706626,0.2846310595651561,0.7931268978597529,0.03390092462867341,-0.7979860091993929,reverted,TGCACAATCCCTCGAC,-2.003,4.8998
ACAATGGGTAGCCCGT-E15S,E15S,Tumor,1.2969916400551744,1.4672221346882235,0.6780906624228844,0.07193883378575756,0.1789730768666038,0.4686153626790855,persistent,ACAATGGGTAGCCCGT,-0.968,4.6329
ACGGAGGCATCCTGCG-E15S,E15S,Tumor,0.8414429509598317,1.2877763010137342,0.7168458456938284,0.05013789281329186,1.0816758802059612,0.9992892926801232,reverting,ACGGAGGCATCCTGCG,0.9628,4.3657
CAGCGATTCTAGCTCT-E15S,E15S,Tumor,1.234411962694238,1.5334997417283982,-0.02148695542743223,0.987617891568026,-0.6224386716562708,1.0802425736020307,memory,CAGCGATTCTAGCTCT,-1.0845,5.6167
ATGGGGATCGCTCCAC-E15S,E15S,Tumor,1.594335749243604,1.5549472366196346,0.046602535059013704,0.9759654494031366,-0.34253423160076435,0.9669792872840384,reverted,ATGGGGATCGCTCCAC,-0.8246,5.4061
TAGCTAGTCACGCTAA-E15S,E15S,Tumor,0.5704492461260715,0.7427332530602934,0.9023384667263338,0.008320295146498576,0.26903655854406405,1.837029466286543,persistent,TAGCTAGTCACGCTAA,-0.2964,4.4338
GCGGCTATCGACCGAT-E15S,E15S,Tumor,0.7236047372357092,0.8929259680014319,0.23082556484651318,0.8673076091039602,-0.3362357908908866,0.41020454729316064,reverted,GCGGCTATCGACCGAT,-1.8195,8.2131
GTAGTCGCATCCAAGG-E15S,E15S,Tumor,0.7624810300903023,0.8779763494933467,0.6109731926179985,0.13103817643291976,0.45191967416801243,-0.7979860091993929,persistent,GTAGTCGCATCCAAGG,-0.7516,6.308
AAGTAAGTCCGTTAAG-E15S,E15S,Tumor,1.0938386794465045,2.038359320977098,0.44372820263895485,0.44187069024036335,-0.17038167093442452,-0.7979860091993929,partial,AAGTAAGTCCGTTAAG,-0.7529,5.9805
GGCTGAGGTTAGGTCT-E15S,E15S,Tumor,1.4380978927144608,1.0591874340374898,0.6916979080204582,0.06343533661828919,-0.41020444201435385,-0.7979860091993929,persistent,GGCTGAGGTTAGGTCT,-0.2948,5.8625
AACTCAACAGGACTCA-E15S,E15S,Tumor,1.6685139138519376,1.6129832246955031,-0.26404538153121493,0.9988695568704489,0.08409215561982833,-0.7979860091993929,reverted,AACTCAACAGGACTCA,-0.0882,5.6175
AACCTCAAGCTTCCTG-E15S,E15S,Tumor,1.2476227920066945,2.1903376020834493,1.1222050236163863,0.0009475495441390618,0.2432787305196907,-0.7979860091993929,persistent,AACCTCAAGCTTCCTG,0.2166,4.6511
AGGACATAGTAACCTG-E15S,E15S,Tumor,1.1581737912383092,2.0980423458535427,0.013444069966071656,0.982582375088343,-0.12032639710628125,-0.7979860091993929,reverted,AGGACATAGTAACCTG,-0.5825,5.5819
ACTCACAAGGATGGTG-E15S,E15S,Tumor,1.3223134401379064,1.538700308478892,0.41740832211964746,0.5068467472303061,-0.013047838079089567,0.4559671524821288,partial,ACTCACAAGGATGGTG,-1.0751,5.5553
TGAGCAAGTTCGCTGA-E15S,E15S,Tumor,1.763245236910693,1.5456920241687815,-0.2776599998245289,0.9990121621598301,0.09415771841360784,1.0588017055849277,memory,TGAGCAAGTTCGCTGA,-0.6102,5.2043
ATGGCCCGTTGTGGTT-E15S,E15S,Tumor,1.1899978868901078,2.301285707261099,0.3407174891871946,0.6873543894846103,-0.5173812255532244,0.37700815900794465,partial,ATGGCCCGTTGTGGTT,-3.1387,7.9715
GTAATGTTCAGTTGGC-E15S,E15S,Tumor,1.7307427539676858,1.258583343348514,0.2631290724497376,0.8259325509078502,0.07748199048833854,0.4301258829936008,reverted,GTAATGTTCAGTTGGC,-1.0685,5.6403
GTGCTTGGTTCCAGTG-E15S,E15S,Tumor,1.4310863638435487,1.9610313230305982,0.5574748337705633,0.2040171966889745,-0.34945138017186334,-0.7979860091993929,persistent,GTGCTTGGTTCCAGTG,-0.6276,5.466
AGAGATTGTAATCGGA-E15S,E15S,Tumor,1.5503397164312065,1.7071758390609575,0.29338922294064523,0.7785161930746486,0.12048196886349331,0.5342758439496675,reverted,AGAGATTGTAATCGGA,-0.6947,5.271
ATGATCCGTTGAAGCA-E15S,E15S,Tumor,1.5152764065134108,1.5721464163718661,0.548344576480671,0.21911235780448513,-0.12890253012630104,0.4940405166965084,persistent,ATGATCCGTTGAAGCA,-1.4806,6.6974
TGTGCCTCAGGATAGA-E15S,E15S,Tumor,0.27442751000017385,0.5041401317599545,0.6557938645141359,0.08816827464493271,0.15331729084776247,-0.7979860091993929,persistent,TGTGCCTCAGGATAGA,-2.4883,4.2444
GTCGGCTGTAAGGGCT-E15S,E15S,Tumor,0.9548537959524784,1.7022215082339882,0.20255942673911156,0.8963786358561123,0.006360410997381286,-0.7979860091993929,reverted,GTCGGCTGTAAGGGCT,-0.8008,6.1469
GCCCATAGTTCGCTTC-E15S,E15S,Tumor,0.8617814609743013,1.2670274035038753,0.7641236095819379,0.03197512147185176,-1.4250554029532492,0.5999128515648893,persistent,GCCCATAGTTCGCTTC,-0.2715,6.2106
CATCTTGCAATCCGCT-E15S,E15S,Tumor,1.8530749676080804,1.3006539960997454,0.08520261037143474,0.9651494599902862,-0.048914881122951004,0.6630674876856995,reverted,CATCTTGCAATCCGCT,-0.3096,4.627
GCGGACTCAATATCTC-E15S,E15S,Tumor,1.3602766950000615,1.873973272262871,0.3973841542594591,0.5562431365942913,0.03401605555427831,-0.7979860091993929,partial,GCGGACTCAATATCTC,0.3066,4.9456
TCTCGATTCGATAGTT-E15S,E15S,Tumor,1.6205412049853678,1.1188987912542014,0.32101101552850253,0.7277367087292598,0.06256980934450442,-0.7979860091993929,reverted,TCTCGATTCGATAGTT,-1.47,6.3695
AATTCAGCAACCAACG-E15S,E15S,Tumor,1.7763170449729706,2.4464959833798026,0.10689917712807825,0.9571433557645064,-0.20521483686496683,-0.7979860091993929,reverted,AATTCAGCAACCAACG,-0.3312,5.4988
AAGCTAGGTGAGCAGT-E15S,E15S,Tumor,1.2484278584097956,1.5045166191185149,-0.22930384749642913,0.9984054239880026,-0.10568168334923361,0.4394937743581492,reverted,AAGCTAGGTGAGCAGT,-1.5145,5.8203
TGTGTACGTGCAGCCT-E15S,E15S,Tumor,1.2192655271635828,1.0636914039726326,0.2523655581831349,0.8407462018511014,0.014229459782458664,-0.7979860091993929,reverted,TGTGTACGTGCAGCCT,-0.5218,6.5251
TCCCTTAGTTATCTCT-E15S,E15S,Tumor,1.0150370015459342,1.623831222076104,0.2924573522069725,0.7801052504301611,-0.007270439658284666,-0.7979860091993929,reverted,TCCCTTAGTTATCTCT,-1.0767,7.1018
TACCAGGCATAGACCG-E15S,E15S,Tumor,1.230737744562825,2.2570291133813236,0.7252758166753205,0.04630371469809193,0.5989834312836677,0.7239505024282067,reverting,TACCAGGCATAGACCG,0.2632,4.8777
GGGCCTATCCAACTTC-E15S,E15S,Tumor,1.3554466697555125,2.4358716851222146,0.3041930305417895,0.7594963706937545,0.04578184215536724,1.0404240108084373,memory,GGGCCTATCCAACTTC,-0.1226,4.3357
CAAAGCGAGCATGCCG-E15S,E15S,Tumor,0.6822737199588801,1.537304039000412,-0.13372973434902152,0.9958970288809557,0.13030422134365532,-0.7979860091993929,reverted,CAAAGCGAGCATGCCG,1.8237,3.8152
TGCCGAACAACTAGAC-E15S,E15S,Tumor,1.7597139073168626,1.3784683764730086,0.2717432237560543,0.8133096858163742,0.14938944565012824,-0.7979860091993929,reverted,TGCCGAACAACTAGAC,-0.6881,5.5547
CACGGTTAGGTCAAGG-E15S,E15S,Tumor,0.9608034334479928,1.6210453015315152,0.6300149785699936,0.1109957463492324,-0.010040190537159516,1.0108651985341124,persistent,CACGGTTAGGTCAAGG,-0.8958,6.2398
TGTGCCAGTCTCAGGC-E15S,E15S,Tumor,0.43261540840757984,0.48259184078178635,0.26574411193927633,0.8221733536230903,-0.36286707024236997,0.42678910561895644,reverted,TGTGCCAGTCTCAGGC,-0.692,6.9456
AGGCCATTCCGTGCGA-E15S,E15S,Tumor,1.7060249002197998,1.5446282864152632,0.2200902991891272,0.8790857111694061,0.018296987302780284,-0.7979860091993929,reverted,AGGCCATTCCGTGCGA,-0.3128,5.6655
CAGCAAAGTTCCTTCA-E15S,E15S,Tumor,0.5061480815028592,0.5812845566520911,0.4848792263171359,0.34488798936510484,0.21819356046354707,1.6810419816646045,partial,CAGCAAAGTTCCTTCA,-0.3326,6.4445
GTGCTAATCACGTACA-E15S,E15S,Tumor,0.8039009268651871,0.8961908178527104,0.05381957750585957,0.9742285258713753,-0.04169791332175079,-0.7979860091993929,reverted,GTGCTAATCACGTACA,-0.4472,6.5691
CTTATGGAGTCAAGCC-E15S,E15S,Tumor,0.6643395364790072,1.0604408122999163,0.4920252263684626,0.3290600785418608,-0.5896814405214946,-0.7979860091993929,partial,CTTATGGAGTCAAGCC,-1.3078,6.4092
CCTGGTTCACCTCAGT-E15S,E15S,Tumor,0.3289986577895747,0.6119973346793763,0.6707295066726999,0.07696648886988477,0.23041280110696055,-0.7979860091993929,persistent,CCTGGTTCACCTCAGT,0.1705,5.4829
AACGGATAGGATGCCT-E15S,E15S,Tumor,1.6642302641539553,1.50122413176173,-0.26299748575298665,0.9988577639311786,0.10213961459977092,1.3053782894939336,memory,AACGGATAGGATGCCT,-4.0222,7.7884
TCACGGGTCGATTAAC-E15S,E15S,Tumor,1.5547577511229114,1.5234767862609533,0.14644004747312978,0.9378502820219713,-0.03718812032222638,1.241781019304874,memory,TCACGGGTCGATTAAC,-0.2626,5.0687
ACTAATGCAGGCTTGA-E15S,E15S,Tumor,1.3810595595081183,0.8019046839875676,0.4364422217758365,0.4597540668923595,-0.2513130737659047,-0.7979860091993929,partial,ACTAATGCAGGCTTGA,-1.3068,6.6625
TCTATTGTCTGGTAAT-E15S,E15S,Tumor,0.48546952804545246,0.6872111428001462,0.5200280738546973,0.2708946978361346,-1.0889679033349686,0.6472923430790436,persistent,TCTATTGTCTGGTAAT,-2.1917,4.3292
CAGGAACGTCAATGTC-E15S,E15S,Tumor,1.2662604332614678,0.9754319244362231,0.018406625844601246,0.9817199849706644,0.04107520920010848,0.5476824901689864,reverted,CAGGAACGTCAATGTC,-1.1502,6.3358
AACCCAGCATCCTTAG-E15S,E15S,Tumor,1.3427656286246827,1.312262387174731,0.2666613186291363,0.8208398559642943,0.0997725214545471,-0.7979860091993929,reverted,AACCCAGCATCCTTAG,-0.733,5.8841
ATTCGGGCATGCTGCT-E15S,E15S,Tumor,1.001130071642573,1.6223134417055196,0.3794632391591131,0.5995558642508726,0.3383626922431875,-0.7979860091993929,partial,ATTCGGGCATGCTGCT,-3.7876,7.666
TCTCACTAGTATGGAA-E15S,E15S,Tumor,0.4542850881991437,0.5617531462815694,0.9884708944160374,0.003559011696695873,0.8487513572307115,-0.7979860091993929,reverting,TCTCACTAGTATGGAA,-0.3919,7.0371
CACTGGGTCACGGATC-E15S,E15S,Tumor,1.1641645670758092,1.3693432545485447,0.7697328738890806,0.0302977504347775,0.1518869572845748,1.0151447889520557,persistent,CACTGGGTCACGGATC,-2.5058,7.6764
GTAATCACATAACCGG-E15S,E15S,Tumor,0.9529083417930537,0.6274114344359197,0.623688720830854,0.11733784479811271,-0.043838729419582806,-0.7979860091993929,persistent,GTAATCACATAACCGG,-1.5078,6.0544
CAGTACGCATGAAGTC-E15S,E15S,Tumor,1.6061947319054393,1.6262070169779785,0.4740391365278712,0.36955954146165254,0.11984038125779761,-0.7979860091993929,partial,CAGTACGCATGAAGTC,-0.4495,5.4212
ACAGCCCGTGGCCATC-E15S,E15S,Tumor,1.0373507771617858,1.4879235277350331,-0.21278075571393668,0.9981221062165392,-0.2198196781207654,-0.7979860091993929,reverted,ACAGCCCGTGGCCATC,-1.473,5.9371
ATGCCAGCAATTAGGC-E15S,E15S,Tumor,1.8145293965034897,2.07608666827311,0.10963282491118298,0.9560176651757021,0.14628667402354778,0.44639847846025044,reverted,ATGCCAGCAATTAGGC,-0.2935,5.3703
GTGGGCAGTAAGCGAC-E15S,E15S,Tumor,0.5849998246020566,2.4327614379634404,0.15112171931923532,0.9350890345978005,0.1889568554778826,-0.7979860091993929,reverted,GTGGGCAGTAAGCGAC,0.2121,5.0115
TGATTGGTCCCCAGAG-E15S,E15S,Tumor,1.4206448470746345,1.419870247542845,0.6400586081450227,0.10154332695799849,-0.11298568788633326,0.4366508641434604,persistent,TGATTGGTCCCCAGAG,-1.6115,6.2306
CGGATCACAGGATCGC-E15S,E15S,Tumor,1.6527177809341902,1.2374803037488424,0.7444869100518278,0.03858281683616288,1.4512192458195357,0.79209103401482,reverting,CGGATCACAGGATCGC,0.3821,4.3009
TCCAACTTCCCTGGAG-E15S,E15S,Tumor,0.7495613693847805,1.061552273504551,0.35412831888491536,0.6580938074043052,0.4012000686363279,0.9088196383925505,partial,TCCAACTTCCCTGGAG,-3.8285,6.7718
CACAATTAGATTCACG-E15S,E15S,Tumor,1.944002157679371,1.7307276186104052,0.5482793996497651,0.21922294911301282,0.3116191440941152,1.0727444042033862,persistent,CACAATTAGATTCACG,-0.8314,4.8978
TCGTTCCGTCTTGACG-E15S,E15S,Tumor,1.038394777614471,1.6516573605047673,0.5812623045916339,0.16836960718165306,0.13590398463211595,0.7626777810429877,persistent,TCGTTCCGTCTTGACG,0.056,4.6471
GCAGGATGTTGGTTCG-E15S,E15S,Tumor,0.49147641901714023,0.5864084297379689,-0.015769311333181504,0.9869051222702897,-0.43879901607413396,0.44722751147886,reverted,GCAGGATGTTGGTTCG,-0.6906,7.2423
CTCACATTCACAGCAC-E15S,E15S,Tumor,1.7263154649163135,1.352217215707807,0.33957585163320725,0.6897817267807798,-0.7795491436812237,0.655472987328179,partial,CTCACATTCACAGCAC,-0.6326,5.8146
CGTTGGGTCTAACTGG-E15S,E15S,Tumor,1.5338010316806547,1.5520123557475296,0.07740183890573682,0.9676594741341266,-1.8615297850205264,0.4476291021701139,reverted,CGTTGGGTCTAACTGG,-1.5236,5.8054
TGCACCCTCACACCGG-E15S,E15S,Tumor,2.0146082988149634,1.682535849436297,0.18455141565762662,0.9118285799939958,-0.08371965625142588,-0.7979860091993929,reverted,TGCACCCTCACACCGG,0.0584,5.0735
TATGCTAGTGGCGTGA-E15S,E15S,Tumor,1.0213763739625925,1.2642187477532365,0.3744059945259923,0.6115322543196207,0.17221618941397598,-0.7979860091993929,partial,TATGCTAGTGGCGTGA,-2.507,8.8766
GCGCTAACAATCAATG-E15S,E15S,Tumor,1.0386672335303475,1.4534753688386826,-0.4177228622348218,0.9997534574745898,-0.057963093356449134,0.5168260988038488,reverted,GCGCTAACAATCAATG,-1.7579,5.8711
TGCGACCGTCCATCCT-E15S,E15S,Tumor,1.2343781814459862,1.0465289074326254,-0.13871724347220593,0.9960942176345676,0.08932259224483814,-0.7979860091993929,reverted,TGCGACCGTCCATCCT,1.0048,4.6953
TACTCATCAATCGTCC-E15S,E15S,Tumor,1.3867201117025039,1.039422131016911,0.032206103875841635,0.9790957234669952,0.005126629500789931,0.42914084240258904,reverted,TACTCATCAATCGTCC,-2.6451,5.0623
TAAACGAAGTTGCAGC-E15S,E15S,Tumor,1.228332636792201,2.3891479706963783,0.3052173690981665,0.7576363116395382,0.02203102966602681,-0.7979860091993929,reverted,TAAACGAAGTTGCAGC,-1.085,5.1467
ACTGCAATCTGGCCGA-E15S,E15S,Tumor,0.6840017184201624,0.9046141682374861,0.3849889504085875,0.5863331872962928,0.05473900777271509,0.605475641702412,partial,ACTGCAATCTGGCCGA,0.1482,5.45
CTTAGCGGTTAATTCG-E15S,E15S,Tumor,1.374196605359185,0.9532159641848772,-0.06922548100149661,0.9922506875033587,-0.012691285448771005,-0.7979860091993929,reverted,CTTAGCGGTTAATTCG,-1.8898,6.1728
ACAGTTACAACATCGG-E15S,E15S,Tumor,1.4451646443139916,1.4993294019407923,0.049480511701822445,0.97528693314388,-0.050771568852038776,0.5470128012789365,reverted,ACAGTTACAACATCGG,-0.5071,5.2315
TACCTCACACTCAACC-E15S,E15S,Tumor,0.9063048842519801,1.2723209682015704,0.4730218168527498,0.3719126802838709,-0.13874042312142287,-0.7979860091993929,partial,TACCTCACACTCAACC,0.7732,4.8532
ATGCATTAGGTGAACG-E15S,E15S,Tumor,1.2034597754686802,1.6399488045121653,0.09934985571190055,0.960110840620502,-0.12371937854869941,0.5606510854292674,reverted,ATGCATTAGGTGAACG,0.1133,5.0388
GGAGAAGGTGAAGGAG-E15S,E15S,Tumor,1.839507962502287,1.2690848897212688,0.024609906887174793,0.980582881312176,0.060528815129984995,0.5114640998820669,reverted,GGAGAAGGTGAAGGAG,-0.6326,5.9423
GTTGCTGGTAACGCGG-E15S,E15S,Tumor,1.777426164988418,1.1555768903317838,0.05619949552664913,0.9736293938527744,-0.0025190161750774376,-0.7979860091993929,reverted,GTTGCTGGTAACGCGG,0.7594,4.5506
TGCAGTCAGTATCTCC-E15S,E15S,Tumor,0.4479458217699206,0.5108903716470519,-0.18821011555862582,0.9976053160360291,-0.409908485789602,0.4789998552477688,reverted,TGCAGTCAGTATCTCC,-0.7031,7.2459
CAGCTAATCCAGATAT-E15S,E15S,Tumor,0.7154770963454665,1.5649828870561027,0.1516940085486035,0.934743769671911,-0.5591652688013927,0.4631635903807986,reverted,CAGCTAATCCAGATAT,-2.6281,5.5458
GTGCATATCCATCGGG-E15S,E15S,Tumor,0.777993468813005,0.7576972629300092,-0.012397829014581946,0.9864660085014838,0.08750711208272408,-0.7979860091993929,reverted,GTGCATATCCATCGGG,-2.8134,5.1516
TCGCGCAAGGCGTAGA-E15S,E15S,Tumor,1.508342056212441,1.4422820921989514,0.2860299516083604,0.7908418951081642,-0.18431373627305792,-0.7979860091993929,reverted,TCGCGCAAGGCGTAGA,-0.6397,5.4499
ACCTGGACATGACCAG-E15S,E15S,Tumor,1.691908200147389,1.189331646888225,1.180524829376927,0.0005316862011092305,-0.5855594564920158,-0.7979860091993929,persistent,ACCTGGACATGACCAG,0.6268,4.4677
ACCAATTAGCGGTCTG-E15S,E15S,Tumor,1.5036347998320945,1.325465361287746,-0.14036653659385698,0.9961573251687253,0.08439731638144006,-0.7979860091993929,reverted,ACCAATTAGCGGTCTG,1.2697,4.1138
AGCCGTTAGGCGTCTG-E15S,E15S,Tumor,0.4127574302153429,0.48143790087071187,-0.18481082145079838,0.997523433202225,-0.12330048361016212,0.671928464884776,reverted,AGCCGTTAGGCGTCTG,-0.4469,6.8256
AAGCAACAGGCGTAGA-E15S,E15S,Tumor,0.7508743130877061,1.5098563955655298,-0.5208465198008594,0.9999113035878497,-0.12150807992160423,1.0550134570814012,memory,AAGCAACAGGCGTAGA,2.2142,3.5946
GTTCATTCATCCAATT-E15S,E15S,Tumor,1.5075475104977187,1.7841463071717312,-0.40688031811350756,0.9997254837286821,0.06984830447620255,-0.7979860091993929,reverted,GTTCATTCATCCAATT,0.3587,5.0233
AATCGCATCCCTCGAC-E15S,E15S,Tumor,0.9943050331538691,1.5664441180387418,0.37107912253167535,0.6193389969945758,0.33223597323048326,-0.7979860091993929,partial,AATCGCATCCCTCGAC,0.6336,4.7471
CAATTTCCACTAGGCA-E15S,E15S,Tumor,0.8724974251467128,1.6822235675067971,0.5461363353817935,0.22288162658515903,-0.20588727358017203,0.5708493129237354,persistent,CAATTTCCACTAGGCA,0.2402,5.533
GGTTAGCTCGCTCGTC-E15S,E15S,Tumor,1.8144289273562235,1.5568687536031927,-0.00920230585087806,0.9860364201243526,-0.025026687173382182,1.225405264501674,memory,GGTTAGCTCGCTCGTC,-0.8052,5.4261
ACTTCTATCCATAGAT-E15S,E15S,Tumor,1.7733156445469032,1.0333247764621336,0.22403153161227773,0.8748701058862743,-0.17675100197330415,0.6475181345839225,reverted,ACTTCTATCCATAGAT,-0.5555,6.1704
TCGAATGTCCATTGAG-E15S,E15S,Tumor,0.21571586784718963,0.5949011863179386,0.2323098785335373,0.865604727256255,-0.5573188465297597,1.243411382506317,memory,TCGAATGTCCATTGAG,-0.554,6.5836
CGGTTATGTTAGGGTA-E15S,E15S,Tumor,1.6559898225026386,1.1848187797606695,0.3865702887260085,0.5825252234224855,0.05007645163354073,1.1956098505979444,partial,CGGTTATGTTAGGGTA,-1.3941,5.9894
GTATTGGTCGTTCCTG-E15S,E15S,Tumor,0.7618247046863407,0.8191672374661613,0.42528071545412977,0.4873361536355339,-0.5068765505011973,0.5605532436995551,partial,GTATTGGTCGTTCCTG,-1.0804,6.6039
CTTATGGAGGAATGGT-E15S,E15S,Tumor,0.7929767429240643,1.182324321905844,0.48252681922400015,0.3501767501961176,0.3035814794274225,-0.7979860091993929,partial,CTTATGGAGGAATGGT,1.7123,4.1461
AAGCAATGTCAACCTG-E15S,E15S,Tumor,1.425924042898072,1.1579367923127932,-0.06987120893381102,0.9922997624258844,-0.06327245612924089,0.9347373717267885,reverted,AAGCAATGTCAACCTG,0.332,5.2728
AGTTTCAGTTCGTCCT-E15S,E15S,Tumor,1.0812024069760517,1.1016245776023716,0.6475182127091486,0.09499166319074173,0.6311696930299878,-0.7979860091993929,reverting,AGTTTCAGTTCGTCCT,0.708,4.3038
GCGTTTGGTTAATCTG-E15S,E15S,Tumor,1.1532187740658346,1.705617284022332,0.01820017102151003,0.9817566839962538,0.08644466491858051,-0.7979860091993929,reverted,GCGTTTGGTTAATCTG,-0.5802,5.3685
GGATGCTTCGTCTATC-E15S,E15S,Tumor,1.0336038074702691,0.8541471300278174,0.04391064356064642,0.976583627628973,-0.011316651854090932,0.615397292495961,reverted,GGATGCTTCGTCTATC,-1.2978,6.4812
AATGACAAGAATCGCC-E15S,E15S,Tumor,0.8305930295044883,0.8465731660601802,0.3158680109069005,0.7377221300396094,-0.35087449661403153,-0.7979860091993929,reverted,AATGACAAGAATCGCC,0.5928,5.2244
TGCCTTTAGTTACGGC-E15S,E15S,Tumor,1.9069285861063194,1.395551756344305,0.3373143917926963,0.6945592100296474,0.3569359829031523,-0.7979860091993929,partial,TGCCTTTAGTTACGGC,-0.4638,5.206
ATGACCCAGCCGCAAT-E15S,E15S,Tumor,1.0880710611102404,2.204092664322139,1.2998105081847817,0.00016299224585925108,1.2808576513801533,1.4432014130923425,reverting,ATGACCCAGCCGCAAT,0.223,4.2929
GCGATGAAGAAGGTTA-E15S,E15S,Tumor,1.48963558366208,1.5840868134835542,0.32815145895583836,0.7134853249962035,0.35262539520778774,0.5681346564560219,reverted,GCGATGAAGAAGGTTA,-0.365,5.582
CCAGTTGGTAATCCAC-E15S,E15S,Tumor,1.130069987048025,1.5430352572220543,-0.425913867704584,0.9997726843092304,-0.15404161371756955,-0.7979860091993929,reverted,CCAGTTGGTAATCCAC,0.94,4.1226
GTTCGTTTCGAGTCTA-E15S,E15S,Tumor,1.0183759445159881,2.7974984933436113,0.474312268097095,0.36892881615759304,0.35899507980319384,-0.7979860091993929,partial,GTTCGTTTCGAGTCTA,0.7564,4.2906
TCGTCAAAGGAGTAGT-E15S,E15S,Tumor,0.2869738336379231,0.5278781189196292,0.03750545952403127,0.977992796021348,-0.7607200081736462,-0.7979860091993929,reverted,TCGTCAAAGGAGTAGT,-0.7594,7.0257
TATGCTAGTTCACTCC-E15S,E15S,Tumor,0.2551139585556928,0.4837548693809616,0.7316392786838322,0.04359592083946095,0.0017619439862587988,-0.7979860091993929,persistent,TATGCTAGTTCACTCC,-2.4106,4.1608
GCGGTTACAATGACGT-E15S,E15S,Tumor,0.635901512116551,0.6114388352705881,0.3953250663764455,0.5612765740941453,0.2416077403404166,1.2814698937692963,partial,GCGGTTACAATGACGT,-2.452,5.4723
ACAACCTGTGCAACCC-E15S,E15S,Tumor,1.392041013968648,2.058400445842491,0.04749580974680339,0.9757568174637665,-0.04317496854072858,-0.7979860091993929,reverted,ACAACCTGTGCAACCC,-0.6805,5.6845
ATTACGTAGCCATGAC-E15S,E15S,Tumor,1.3734531328617103,1.3309485579938145,0.09644465750291567,0.9611995144244935,-0.11493708424210569,-0.7979860091993929,reverted,ATTACGTAGCCATGAC,-1.0004,5.443
TCTATTGTCATCTACC-E15S,E15S,Tumor,0.8443089245212712,1.525692162870651,0.025218338427679968,0.9804676862342149,-0.05520379912238322,0.9996074596359363,reverted,TCTATTGTCATCTACC,0.8742,4.3644
ACCCTCATCGATGATT-E15S,E15S,Tumor,1.4249416460396103,1.64505039741997,0.22094110011831103,0.8781861747204046,0.2091943343086525,-0.7979860091993929,reverted,ACCCTCATCGATGATT,-0.3611,5.2318
AGCACGTTCCCGTAGG-E15S,E15S,Tumor,1.3143458182922363,2.012053372444463,-0.1437817406778928,0.9962847913743211,-0.4626795365253339,-0.7979860091993929,reverted,AGCACGTTCCCGTAGG,0.6727,4.8205
CTATCGCCAAACCACG-E15S,E15S,Tumor,0.3683334452573564,0.796407655824769,0.572767271145893,0.18049490177495744,0.004757870652804417,-0.7979860091993929,persistent,CTATCGCCAAACCACG,0.9436,5.0009
GGGTTGAAGGTTCACA-E15S,E15S,Tumor,1.0640164534972179,1.2448403347222456,0.2467461672525417,0.8480653305409559,-0.455565074802094,-0.7979860091993929,reverted,GGGTTGAAGGTTCACA,-2.2553,4.8859
CAGCGCATCAGGACGA-E15S,E15S,Tumor,0.5091347625109702,0.7648610851998988,0.4857101596783843,0.3430289172199944,0.24689500875657888,1.1113897824324532,partial,CAGCGCATCAGGACGA,-0.6148,6.786
GTTCCACCACTTGATT-E15S,E15S,Tumor,1.040713074495938,0.9903815921090151,0.7647172091037275,0.03179344868908159,0.4813393198236104,-0.7979860091993929,reverting,GTTCCACCACTTGATT,0.0799,5.4289
AGGTTGCTCACCCTAT-E15S,E15S,Tumor,0.9639256992008484,0.38390059383654784,-0.35347934163053435,0.9995339510931623,-0.1722919744559253,-0.7979860091993929,reverted,AGGTTGCTCACCCTAT,0.1317,6.1182
GCTTTGGGTTGAATGG-E15S,E15S,Tumor,1.1646911746403499,1.429187687917035,0.4276188514923077,0.4815461653821813,-0.5392180796316666,-0.7979860091993929,partial,GCTTTGGGTTGAATGG,-3.0543,5.5276
TCACTTATCGCTAGAC-E15S,E15S,Tumor,1.3349507986716396,1.505981403948707,-0.1421350377037136,0.9962238658697655,-0.15847969821880595,-0.7979860091993929,reverted,TCACTTATCGCTAGAC,-0.9481,5.0505
CGTTTCCGTCTAAGCT-E15S,E15S,Tumor,0.8163326770726405,1.0200739812621793,0.1735744263328528,0.9201954949722743,-0.18464902483344736,-0.7979860091993929,reverted,CGTTTCCGTCTAAGCT,-0.3325,5.44
AACACCGCAATCAGTA-E15S,E15S,Tumor,1.950702947265493,1.2279240155607611,0.26904948070784274,0.8173311363985329,-0.10947594143128733,1.0741180703929891,memory,AACACCGCAATCAGTA,-2.8219,7.9386
GTGCCTAGTATAGCCT-E15S,E15S,Tumor,0.2585861398972031,0.5627053141932569,-0.07765719413900513,0.9928677607860251,-0.09901378936738292,-0.7979860091993929,reverted,GTGCCTAGTATAGCCT,-0.3341,6.6688
CCTGGCAAGTACGCTA-E15S,E15S,Tumor,1.3540476849888052,1.7696659641606574,0.10183630970456259,0.9591558867370455,0.08214405009951989,-0.7979860091993929,reverted,CCTGGCAAGTACGCTA,-0.5104,5.3154
GGCAATTCATCGGTTC-E15S,E15S,Tumor,0.9409492581976064,1.9187421352192473,-0.29654207230418606,0.9991806829411847,0.1132134851106001,-0.7979860091993929,reverted,GGCAATTCATCGGTTC,-0.2198,5.3912
AGCAAATGTTGGCTTG-E15S,E15S,Tumor,0.4071054446468173,0.6368898891932999,-0.04487716214133867,0.9901555833970487,-0.14241627803951348,-0.7979860091993929,reverted,AGCAAATGTTGGCTTG,-0.2099,6.909
GGCTAATCATCACACC-E15S,E15S,Tumor,1.5315079991843228,1.3316617095582668,-0.2558719623922184,0.9987742487958648,-0.34925603794115534,0.8296662830649884,reverted,GGCTAATCATCACACC,0.6683,4.9425
GTTAGAGGTAGGTTAG-E15S,E15S,Tumor,0.8650020182196009,1.3061679887626754,-0.06616439169582863,0.9920137915475216,0.04189136063925735,-0.7979860091993929,reverted,GTTAGAGGTAGGTTAG,1.1754,4.3186
AGCAATCCACCTACCG-E15S,E15S,Tumor,0.43897318556174525,0.3950473004323389,0.10910516527253608,0.9562371253407442,0.01922503392154519,1.0482436359552938,memory,AGCAATCCACCTACCG,0.7791,5.331
TAACTGACATGGATGT-E15S,E15S,Tumor,1.390659835512572,2.285340398382371,0.24117789815695234,0.8550432388005432,-0.8139622009878118,-0.7979860091993929,reverted,TAACTGACATGGATGT,-0.0986,5.5296
ACATGGCTCCCCTTGA-E15S,E15S,Tumor,0.9877813699837321,0.8085499701078965,-0.06210064948712833,0.991688169258839,-0.05641542305458084,0.9788437481022426,reverted,ACATGGCTCCCCTTGA,0.7335,4.5414
ACGGGATGTAAGCTGA-E15S,E15S,Tumor,0.7552438165730597,1.742466833438873,-0.012618975124568332,0.9864952512149139,-0.17798862592992823,1.423747289964716,memory,ACGGGATGTAAGCTGA,-0.5588,6.5962
TACTACTCAGGAATCT-E15S,E15S,Tumor,1.0186245441210218,2.1950235914039515,-0.0003091033889698336,0.9847688538217672,0.08055339509641532,1.4395780509668512,memory,TACTACTCAGGAATCT,0.6383,4.1924
AGCCCCAAGTGGCTAC-E15S,E15S,Tumor,1.386509413809212,1.6814617570968051,0.14479482697775037,0.9387943208602963,0.03425589036479258,-0.7979860091993929,reverted,AGCCCCAAGTGGCTAC,-0.6827,5.3256
CCGGCATGTGAGGACT-E15S,E15S,Tumor,1.7870418437747313,1.365757276193252,0.27645880346899976,0.8061063276967361,-0.8019600577883595,-0.7979860091993929,reverted,CCGGCATGTGAGGACT,0.2829,5.2085
TGGAGCGGTTGAGGTA-E15S,E15S,Tumor,0.48046259676648384,0.7569194608617175,0.5070501010007306,0.29704459884586754,-0.3716110063656246,-0.7979860091993929,persistent,TGGAGCGGTTGAGGTA,-0.7565,7.0894
ACGAACCTCCATTACC-E15S,E15S,Tumor,1.338070843636495,1.8120313330048126,0.37221784052327644,0.6166736273692511,0.4386887344061191,-0.7979860091993929,partial,ACGAACCTCCATTACC,-3.8758,4.0944
GGTACGAAGGTGGCAA-E15S,E15S,Tumor,1.237963837348939,1.0011278588283925,0.26179277371069315,0.8278291758720677,-0.4058447668716489,-0.7979860091993929,reverted,GGTACGAAGGTGGCAA,-0.313,6.2807
TAATGGGGTTAATCCA-E15S,E15S,Tumor,1.5027264520497776,1.401159299554421,0.0005703060607105126,0.9846375164369119,-0.043008324735207756,-0.7979860091993929,reverted,TAATGGGGTTAATCCA,-0.6448,5.1003
CAAGCGGGTGACGACG-E15S,E15S,Tumor,0.691170728032462,0.38446802934102,0.5463552672486379,0.2225058734638036,0.1539239726435738,1.118804234113034,persistent,CAAGCGGGTGACGACG,-1.6994,8.3459
CAATCCTTCCGTTGGG-E15S,E15S,Tumor,1.0553511455438276,1.376855421069556,0.5207586190577359,0.2694664309825148,-0.23259296250866543,-0.7979860091993929,persistent,CAATCCTTCCGTTGGG,0.0637,5.3971
GGGACACAGGAGCTTC-E15S,E15S,Tumor,1.308907643578839,2.0366723460477663,0.4369472890256737,0.45851049362508856,-0.06886314112701786,-0.7979860091993929,partial,GGGACACAGGAGCTTC,-0.6479,5.7543
TCCTTTGGTTCGCAAT-E15S,E15S,Tumor,1.4013374863047734,1.8990747858833648,0.169536385220663,0.9230866351296299,0.023277784839658824,-0.7979860091993929,reverted,TCCTTTGGTTCGCAAT,0.351,5.117
CCCTTAACATTGCCAC-E15S,E15S,Tumor,0.710543717002711,0.8484729237716122,0.09403150507467833,0.9620820705712898,0.04293608395013497,1.3473380236130488,memory,CCCTTAACATTGCCAC,0.506,5.1365
CACCGTAGTGCATCCA-E15S,E15S,Tumor,0.38535650280409484,0.6836150137796687,0.9703503103102222,0.004256505768482582,-0.6977013699046156,1.0768731108350864,persistent,CACCGTAGTGCATCCA,-1.0235,8.0314
TCGCGGATCCAGCCCT-E15S,E15S,Tumor,0.9274787585752208,1.8056609716070424,-0.28003792790463977,0.9990351579846284,0.04151141600638552,-0.7979860091993929,reverted,TCGCGGATCCAGCCCT,-0.3987,5.6554
GCATCAGCACCTTGCG-E15S,E15S,Tumor,1.0258369279455162,2.0753054963441055,0.2660299134548156,0.8217586721303134,-0.015713917948082398,0.5443416477937413,reverted,GCATCAGCACCTTGCG,-1.645,6.1774
CAAGGCAAGTACGGCT-E15S,E15S,Tumor,0.9421008457324774,0.6462154184232022,0.6142334772157285,0.12740102808365728,0.014788795446837324,0.5635610917899703,persistent,CAAGGCAAGTACGGCT,-0.315,6.5377
CATAGCGCATCAATTC-E15S,E15S,Tumor,0.5050845292932846,1.0944038536876008,0.08041624311700146,0.966710957502868,0.11848563936831724,-0.7979860091993929,reverted,CATAGCGCATCAATTC,-0.2649,5.9073
ACTCTGTTCCAATGCA-E15S,E15S,Tumor,1.16016118868057,2.0813467963161614,-0.005942000923093107,0.9855842720601663,0.05408169736461449,-0.7979860091993929,reverted,ACTCTGTTCCAATGCA,-1.17,5.6623
CGAGCCATCACTTCCG-E15S,E15S,Tumor,1.0555129427228256,2.201876791848726,-0.053962569505572155,0.9909959824833173,-0.43229467354897294,0.6433916329471534,reverted,CGAGCCATCACTTCCG,-0.5991,6.0139
AACGTTGTCTATGCTC-E15S,E15S,Tumor,1.2472877079066647,1.345091446416316,-0.21467124088307088,0.9981569137088692,-0.5919404160249246,-0.7979860091993929,reverted,AACGTTGTCTATGCTC,-0.5931,5.5585
CTTCTGGTCTAGTCGA-E15S,E15S,Tumor,0.8577477252437228,2.543271086175542,-0.17568058294970906,0.9972894133249883,-0.014634007740071314,-0.7979860091993929,reverted,CTTCTGGTCTAGTCGA,0.3345,4.9182
ACCCAACAGCTTAGTG-E15S,E15S,Tumor,1.1258096904140062,0.8546667638296624,0.0073578967143678176,0.9835856066042828,0.15073266901109766,0.5562317592189021,reverted,ACCCAACAGCTTAGTG,-0.6108,6.042
TACAGCCAGTAAGGAC-E15S,E15S,Tumor,0.8226983542355534,1.0260031413299213,0.3451213673057423,0.6778950731916445,-0.12205391460456994,0.6077292263208258,partial,TACAGCCAGTAAGGAC,-0.5218,5.774
AACAGGCGTGAAGCCG-E15S,E15S,Tumor,2.0309538744998687,1.6524038697947907,0.5310392206481273,0.2498778780203781,-0.19015928901878187,0.7064776917876151,persistent,AACAGGCGTGAAGCCG,0.0558,4.2523
CGATGGGGTTATCTCT-E15S,E15S,Tumor,1.0461348094980951,2.263807626379431,0.3465571791341774,0.6747787335165826,-0.5423805697184731,-0.7979860091993929,partial,CGATGGGGTTATCTCT,-4.1755,4.2829
GCGTGCATCCATTGAG-E15S,E15S,Tumor,0.9106146446550614,0.7946670385751466,0.7668380269782442,0.031152487410942814,0.02384864844533397,-0.7979860091993929,persistent,GCGTGCATCCATTGAG,-1.2925,6.5916
GCTAAATTCCGCAGTG-E15S,E15S,Tumor,0.2407566251517086,0.4625151031513234,-0.032435870386969795,0.9888775178532342,-0.030227184126457203,0.9459217147118311,reverted,GCTAAATTCCGCAGTG,0.2175,5.8258
TACGATTAGTATGATC-E15S,E15S,Tumor,0.36659922726754235,0.5616671886811977,0.04043018857675925,0.9773599314813883,0.045448350793684714,-0.7979860091993929,reverted,TACGATTAGTATGATC,-0.6105,6.8793
AGGCGAATCACTTCAC-E15S,E15S,Tumor,0.7723710206761785,1.2522962215452316,0.13189753785096112,0.9457427148113993,0.0468100064607514,1.7912025481800478,memory,AGGCGAATCACTTCAC,-0.0847,6.871
CCGCGTTTCCCGTTGC-E15S,E15S,Tumor,1.8230140384904119,2.123875847745518,-0.06522817066748554,0.9919399135406852,0.5292756975202809,1.5012209660306086,reverting,CCGCGTTTCCCGTTGC,0.0207,4.2189
TCGACGTAGCAATTAC-E15S,E15S,Tumor,0.9732840554120399,1.991380282665035,-0.4221309068470416,0.999763998255536,-0.06309519298658528,-0.7979860091993929,reverted,TCGACGTAGCAATTAC,0.2279,5.0637
ATCACATAGCTAGATT-E15S,E15S,Tumor,1.5508265038320057,1.1799289771939958,-0.33043258942265186,0.9994143748527134,0.02664102426808454,1.2027311357175396,memory,ATCACATAGCTAGATT,1.3434,4.2629
CAAGTAAAGATTCCGA-E15S,E15S,Tumor,1.438920393550782,1.8563153854235055,0.14141814511573336,0.9406900319128724,0.12135590231016487,-0.7979860091993929,reverted,CAAGTAAAGATTCCGA,-2.3507,5.0471
CCATCCTGTGACTTCG-E15S,E15S,Tumor,0.9748791700771783,1.994583689150679,-0.02322869062294581,0.987827306032682,-0.0077725661562426385,-0.7979860091993929,reverted,CCATCCTGTGACTTCG,-1.9431,4.9889
AAGTTGAAGCCGACAT-E15S,E15S,Tumor,0.8553911682598369,1.7055490925528127,-0.33197114251573795,0.9994232355282717,0.19611126170016294,-0.7979860091993929,reverted,AAGTTGAAGCCGACAT,-1.3314,5.4566
AGTGCTCAGATTCGGC-E15S,E15S,Tumor,0.7592250770990643,1.1816697857852094,-0.40630653984809717,0.9997239179812125,0.17152476659934687,1.302169235951473,memory,AGTGCTCAGATTCGGC,1.7969,3.8654
TGAATGGGTGATGGCG-E15S,E15S,Tumor,0.2899446793870432,0.5743682393782121,-0.51862827053272,0.9999093313684929,-0.352268944432944,-0.7979860091993929,reverted,TGAATGGGTGATGGCG,0.1845,6.1825
TGGGTCCGTGACGAAC-E15S,E15S,Tumor,0.510565037030064,0.6762377098042783,0.5535461208363475,0.21041594462579208,0.28620361586253423,-0.7979860091993929,persistent,TGGGTCCGTGACGAAC,-0.198,6.8506
GTGCATATCTGTGGCG-E15S,E15S,Tumor,1.071751888716364,1.3692587212142797,-0.13237978651687932,0.9958419723190398,-0.16885381732542087,-0.7979860091993929,reverted,GTGCATATCTGTGGCG,0.7307,4.3651
TCTCTGGTCGATAGTT-E15S,E15S,Tumor,0.7181307049557197,0.7347177583339979,0.7931011646901136,0.02418329586834435,0.0423894435281937,-0.7979860091993929,persistent,TCTCTGGTCGATAGTT,-1.0505,6.567
TCAGCATGTCTAGTCG-E15S,E15S,Tumor,0.7812672249095336,0.6651900061905415,-0.2928334937396174,0.9991500214834043,-0.04082723170322522,1.2118221824480977,memory,TCAGCATGTCTAGTCG,1.3057,4.6751
ATGATCCGTCTTGCGA-E15S,E15S,Tumor,1.4097707157594987,1.5754997445893488,-0.04278233749238988,0.9899510506298295,-0.06558415977834063,-0.7979860091993929,reverted,ATGATCCGTCTTGCGA,-1.1356,5.417
AACTTTGGTCTCAGTG-E15S,E15S,Tumor,1.3755363594728733,1.745559565778215,-0.05907288761694345,0.9914370313988771,0.13613918469381125,-0.7979860091993929,reverted,AACTTTGGTCTCAGTG,-0.788,5.4091
ACCTCTTAGCAAGGCA-E15S,E15S,Tumor,1.6296506596588065,1.1421831399204834,0.19101377234203548,0.9065394184901173,-1.586382378312737,1.5180835313976395,memory,ACCTCTTAGCAAGGCA,-0.4,5.1685
CGTCACCTCTAGCTGA-E15S,E15S,Tumor,1.353357484834313,0.9679098423954244,-0.07264329852253909,0.9925069595706714,-0.011893203735884634,-0.7979860091993929,reverted,CGTCACCTCTAGCTGA,0.5742,5.06
ACGAGTGAGGTAGCGA-E15S,E15S,Tumor,1.385491486862379,2.7211544325151937,0.9457531810257117,0.005425741862086318,-0.0053583560163460164,-0.7979860091993929,persistent,ACGAGTGAGGTAGCGA,-0.454,4.5497
CCTCGTTGTTAGCGTT-E15S,E15S,Tumor,1.3484844448915134,1.1148569773946133,0.14333469538773108,0.9396209105874517,-0.3619023609533998,1.047835351890373,memory,CCTCGTTGTTAGCGTT,0.4184,5.337
CTACTGTTCAAGTGCC-E15S,E15S,Tumor,1.4699819302064179,1.2221231124656358,0.5885639576959504,0.15847451326658665,0.821985182427837,-0.7979860091993929,reverting,CTACTGTTCAAGTGCC,1.2543,4.1268
TCATAGTAGTAATGAG-E15S,E15S,Tumor,1.2217969511710136,1.1370414313856034,0.47004509838635467,0.3788326717096793,0.06474419720789185,-0.7979860091993929,partial,TCATAGTAGTAATGAG,0.1021,5.096
CTTGGCGAGGTAGATA-E15S,E15S,Tumor,0.40060522783889374,0.6630023643662895,0.33635654033961454,0.6965702606187772,-0.26045936473317705,-0.7979860091993929,partial,CTTGGCGAGGTAGATA,0.0312,5.9571
CCAGTATGTAGCGACG-E15S,E15S,Tumor,0.31356813749349827,0.39141300320810746,0.3627331088439907,0.6386465090604466,0.28956796915246524,-0.7979860091993929,partial,CCAGTATGTAGCGACG,-1.4927,4.863
CGCCACTTCTAAGTCG-E15S,E15S,Tumor,0.922237779063603,2.173749219907538,0.0024799131681405087,0.9843484712499124,-0.13236637937492132,-0.7979860091993929,reverted,CGCCACTTCTAAGTCG,0.8946,4.2759
TATGATGCATAGGTAC-E15S,E15S,Tumor,1.3594607951979998,1.6090687226793097,0.1424232806001568,0.9401315613176595,0.23411544593073447,-0.7979860091993929,reverted,TATGATGCATAGGTAC,-0.477,5.1103
TGCGGCTGTGGCGTGA-E15S,E15S,Tumor,0.23041685007338966,0.6926680092465536,-0.6854352299746159,0.9999826535000084,-0.13091849544369388,-0.7979860091993929,reverted,TGCGGCTGTGGCGTGA,-2.3029,5.7181
GCATGAGAGTGGGTCT-E15S,E15S,Tumor,1.5554783204004528,1.2959304537398575,0.23628745802072207,0.8609502983688176,0.10891044543317924,-0.7979860091993929,reverted,GCATGAGAGTGGGTCT,0.8275,4.3417
TCCACTTAGTATGTAC-E15S,E15S,Tumor,0.436822484508724,0.2531880781295704,-0.4149699825327937,0.9997466371817955,-0.04327567781374472,-0.7979860091993929,reverted,TCCACTTAGTATGTAC,2.0033,3.7398
TCAGTAACATTCGTGC-E15S,E15S,Tumor,0.7838205137458898,0.9051529964373997,0.3774175908579723,0.6044155159932306,-0.2289846794486797,1.6751215766633147,partial,TCAGTAACATTCGTGC,0.2168,5.698
GGGATTAGTTTAGTCA-E15S,E15S,Tumor,1.4175749153559747,1.3418867860378403,0.31361909576175,0.74201361049951,0.23261647437554586,-0.7979860091993929,reverted,GGGATTAGTTTAGTCA,-0.5162,5.375
GCGCTTAGTGCGGTTC-E15S,E15S,Tumor,1.205228505967329,1.8155805134166556,0.4700979216929578,0.3787094328827163,-0.4944667798170336,-0.7979860091993929,partial,GCGCTTAGTGCGGTTC,-0.3198,5.7119
AGGTTCGCAACATTGA-E15S,E15S,Tumor,0.5757290665084237,0.8786500993940094,0.22351067360884946,0.8754343624038653,-0.348996232526572,0.7530552269651023,reverted,AGGTTCGCAACATTGA,-1.1073,7.2307
ATGCAGGAGGCGTTCG-E15S,E15S,Tumor,0.7878871732148458,1.13683977533319,0.1977374278478964,0.9007360312061092,-0.330120052378642,1.3674830187977203,memory,ATGCAGGAGGCGTTCG,-0.9557,5.4722
GCTCCAAGTAACGTCT-E15S,E15S,Tumor,1.1088253410577162,1.2348803634308225,0.246149744171267,0.8488257266647856,-0.32883437397344384,1.4064292174846433,memory,GCTCCAAGTAACGTCT,-0.4453,5.8856
CCCAGTGAGTGATACT-E15S,E15S,Tumor,1.292506305961566,1.6036330049279643,0.6635908051278063,0.0821478937622512,-0.09509410723803982,0.7159721229946023,persistent,CCCAGTGAGTGATACT,-1.2618,5.3649
TCGCAATGTGAGATCA-E15S,E15S,Tumor,1.0792712442737349,2.078363576010111,-0.13867667093425098,0.9960926522508268,-0.24286543039379693,-0.7979860091993929,reverted,TCGCAATGTGAGATCA,-0.3513,5.4234
CTCGGTTCAAAGGAGC-E15S,E15S,Tumor,1.5472949326808194,2.122978610895985,0.1219761887772735,0.9505746686624936,0.09990367960123565,-0.7979860091993929,reverted,CTCGGTTCAAAGGAGC,-0.4725,5.2591
AGCAATTTCCCGGCTT-E15S,E15S,Tumor,1.2195729035695637,1.1230625053144785,-0.3141455227720171,0.9993118107757958,0.018451490307115175,-0.7979860091993929,reverted,AGCAATTTCCCGGCTT,1.3176,4.1942
TGCTACTTCCTGTATC-E15S,E15S,Tumor,1.396460717206039,1.0966677900085098,-0.38013032437398175,0.9996421357113758,-0.11882914999494426,-0.7979860091993929,reverted,TGCTACTTCCTGTATC,1.5475,3.896
CAATCCGGTCATGATC-E15S,E15S,Tumor,1.3067196740192064,1.2171851344223863,-0.19008535469232912,0.9976493254025758,-0.13747386732554998,1.220808018632377,memory,CAATCCGGTCATGATC,-1.2818,5.9696
TGCTATAGTCTAATCA-E15S,E15S,Tumor,0.4008815876380993,0.6331691129771945,0.1426995162583557,0.9399772195795537,-0.03875939019115018,-0.7979860091993929,reverted,TGCTATAGTCTAATCA,0.2159,6.2471
GTGACTATCTTGAACG-E15S,E15S,Tumor,1.0623313104211902,1.9867210688739416,0.28439775504035003,0.7935061855983656,-0.7818016614640427,0.6386984647879187,reverted,GTGACTATCTTGAACG,-3.0214,5.2568
AATGAACGTTTGGAGA-E15S,E15S,Tumor,1.0667816552568128,1.1840261377694372,0.7517446822333104,0.03600034714893849,0.07710224819524672,0.9012202692530659,persistent,AATGAACGTTTGGAGA,11.485,-0.2385
CATGATTAGTTAGGAA-E15S,E15S,Tumor,0.481137069098521,0.8985223218882631,0.2624587736783979,0.826885967605975,-0.27119194200171626,-0.7979860091993929,reverted,CATGATTAGTTAGGAA,-2.1335,4.9012
CGTGAGGGTATAGCGA-E15S,E15S,Tumor,1.0745181284187102,1.5660081014791747,0.018605815036304985,0.981684508803349,0.2890560088292097,-0.7979860091993929,reverted,CGTGAGGGTATAGCGA,-0.1806,4.5405
CTTACATCATAGGGTT-E15S,E15S,Tumor,1.0477127657077945,1.6136956398474556,-0.22845883964053,0.9983920296523865,-0.3023923617767622,-0.7979860091993929,reverted,CTTACATCATAGGGTT,0.4487,4.9496
CAGCACTAGGTGGAGC-E15S,E15S,Tumor,0.41244587888759016,0.4205089001209345,1.1489840665315854,0.000726752160848012,-0.5501648468934437,0.5561022774246971,persistent,CAGCACTAGGTGGAGC,-0.7205,7.9691
GTCCATAAGTCATGCA-E15S,E15S,Tumor,1.8056350627020221,1.5521424008514075,-0.2957009796289395,0.9991738273872041,0.001145042172402154,-0.7979860091993929,reverted,GTCCATAAGTCATGCA,0.7148,5.0565
CAAGTAAAGCTTACGA-E15S,E15S,Tumor,1.0245258104857244,0.6487325796542374,0.009647759943858136,0.9832149977147306,-0.06074982088707266,0.9564470784946524,reverted,CAAGTAAAGCTTACGA,0.5221,5.7635
CTCAGTAAGGTAGTCC-E15S,E15S,Tumor,1.3123502363448878,1.5883797959218346,0.03800515549821007,0.9778859080790776,-0.12727749731204635,-0.7979860091993929,reverted,CTCAGTAAGGTAGTCC,-0.5858,5.4739
GTGTGTTGTAAGCGGT-E15S,E15S,Tumor,0.4327462881106591,0.7676601324370032,0.09600618856885396,0.9613613270696647,0.2451258374385349,-0.7979860091993929,reverted,GTGTGTTGTAAGCGGT,1.1346,4.7431
GGAATCTCAAGTGAGA-E15S,E15S,Tumor,0.7165144186489437,1.029706369543586,0.07843366682859278,0.9673377753269289,-0.30102267955295975,-0.7979860091993929,reverted,GGAATCTCAAGTGAGA,2.0147,3.7316
CTTGTGTTCCTCACCA-E15S,E15S,Tumor,1.5699615553362167,1.1591536106373377,1.0297539953196135,0.002366368233443654,0.3197820915667097,-0.7979860091993929,persistent,CTTGTGTTCCTCACCA,-1.9772,4.8464
GCCATAATCAGCACGT-E15S,E15S,Tumor,1.5862195679864015,1.457291105590503,0.06458403915872134,0.9714087842607834,-0.18378474474021636,-0.7979860091993929,reverted,GCCATAATCAGCACGT,-0.4638,5.0993
TGTAACCGTGGGAACT-E15S,E15S,Tumor,1.5243727779318192,0.9982456240888546,-0.016589649859029217,0.9870098217523187,-0.15964336901370862,0.6254828984122494,reverted,TGTAACCGTGGGAACT,-1.1167,5.7021
TGTCCGGAGTTACCCT-E15S,E15S,Tumor,0.16084731265508942,0.5224514446043691,0.700008647337095,0.05871235275762433,0.25770083975673086,-0.7979860091993929,persistent,TGTCCGGAGTTACCCT,-0.8915,8.1176
GGCACCATCAGCTAAT-E15S,E15S,Tumor,0.6123271007804509,1.5681705049535504,0.3747471041565282,0.6107284964028966,0.09223537759621725,0.7868786065918915,partial,GGCACCATCAGCTAAT,0.0507,5.5973
AGTAACCCATCCTGAC-E15S,E15S,Tumor,0.5441230480831162,0.5108285181816006,-0.11301136252413958,0.9949660791010159,0.022926000552321597,-0.7979860091993929,reverted,AGTAACCCATCCTGAC,-0.4867,5.8712
GGCCTAACATCCTATG-E15S,E15S,Tumor,1.8325304583143072,1.1655909335562147,0.22427994235532558,0.874600226639375,0.2404009839944719,-0.7979860091993929,reverted,GGCCTAACATCCTATG,0.0226,4.5161
AAAGGTTGTAGCTTCG-E15S,E15S,Tumor,1.764530589457184,1.3710723804419436,0.27424941912498485,0.8095072837259425,-0.15076601722646865,-0.7979860091993929,reverted,AAAGGTTGTAGCTTCG,-0.2987,4.438
CAAATCCGTATGTGAG-E15S,E15S,Tumor,0.5709690973001763,1.4296517643125153,-1.0670424938151533,0.9999996055390818,-0.19786737419602657,-0.7979860091993929,reverted,CAAATCCGTATGTGAG,2.3856,3.4798
ACATGCATCACTTGAG-E15S,E15S,Tumor,0.7376575772752042,0.8730019603160822,0.4510389775757978,0.42407677355484924,0.23148597768993198,-0.7979860091993929,partial,ACATGCATCACTTGAG,-0.6532,6.3081
CTTATAGGTTCGCAGC-E15S,E15S,Tumor,1.252236685078533,0.834371341689949,-0.5349427814816146,0.9999228720046369,-0.19098963988064957,1.1672525205877278,memory,CTTATAGGTTCGCAGC,1.0338,5.0238
GGTTAGCTCCTCTCCT-E15S,E15S,Tumor,0.24955851671953305,0.26190794851644067,0.0009426998581773538,0.9845815650188703,0.02341864548636667,-0.7979860091993929,reverted,GGTTAGCTCCTCTCCT,1.3405,4.6886
ACAAGTTTCAGTATGT-E15S,E15S,Tumor,0.3571704047417374,1.0365297810363814,0.03495363049416733,0.97853082034467,-0.46592200901922015,-0.7979860091993929,reverted,ACAAGTTTCAGTATGT,0.0616,5.8325
AGTGTCATCTGGGATC-E15S,E15S,Tumor,1.1427694819404468,1.4581742748495956,-0.30132513560009333,0.9992186017615287,-0.08833150575678456,-0.7979860091993929,reverted,AGTGTCATCTGGGATC,-0.2306,5.3127
CCGCAAGTCCGTGAGT-E15S,E15S,Tumor,1.1823869913392122,0.8189641531696258,0.5086016708922962,0.293842373497568,0.0007746182651984321,-0.7979860091993929,persistent,CCGCAAGTCCGTGAGT,0.3534,5.2704
GCTTATAGTTCGCGGT-E15S,E15S,Tumor,0.7366688336084575,2.5805473096755835,0.9913885611026958,0.0034578799253574457,0.09745844205911561,-0.7979860091993929,persistent,GCTTATAGTTCGCGGT,-0.1197,5.1244
TCCCCAGCAATATGTG-E15S,E15S,Tumor,0.4331316803903553,0.5942571972672851,0.5693046476877472,0.18562897962378144,-0.042170669646457076,-0.7979860091993929,persistent,TCCCCAGCAATATGTG,-0.3632,6.1598
ATTCACCTCAATTCGG-E15S,E15S,Tumor,1.3812179418525756,2.3245717348769666,-0.07566268003603052,0.9927263484245565,0.17807622322203764,-0.7979860091993929,reverted,ATTCACCTCAATTCGG,-0.3399,5.6962
CGTTTGAAGGAGTCGA-E15S,E15S,Tumor,0.46207685266474013,0.3926999881813348,-0.35274405849723345,0.9995305426212675,-0.24384674243894644,-0.7979860091993929,reverted,CGTTTGAAGGAGTCGA,-0.0042,6.2605
ATACTTGGTTCGGTTG-E15S,E15S,Tumor,1.1414472806153855,1.5707117120281027,0.18581458076197213,0.9108164535099875,0.10623859547869596,-0.7979860091993929,reverted,ATACTTGGTTCGGTTG,-0.175,5.227
ATCCGTCCAACGGTCA-E15S,E15S,Tumor,0.38138205523283986,0.5865243984946894,1.5431135140440113,1.4606948289008118e-05,1.0235310435325904,-0.7979860091993929,reverting,ATCCGTCCAACGGTCA,0.6081,4.7281
ATACGGTCAAGTTCCC-E15S,E15S,Tumor,0.532996934563726,0.5282513432955803,-0.7002531817591626,0.9999850236413638,-0.10642042037828398,-0.7979860091993929,reverted,ATACGGTCAAGTTCCC,0.1518,6.3154
CACCAGACACTTGATT-E15S,E15S,Tumor,1.4420146708610342,1.7637501150635302,-0.5082172223964104,0.9998994729023535,-0.16968495007617682,-0.7979860091993929,reverted,CACCAGACACTTGATT,0.964,4.2905
CTAGAAGGTCTAACGT-E15S,E15S,Tumor,0.7686867560308106,0.5495895504250791,0.009198899903675617,0.9832882870325328,-0.17551390252664317,-0.7979860091993929,reverted,CTAGAAGGTCTAACGT,0.5942,5.086
ACACGATCAGGGCAGA-E15S,E15S,Tumor,1.2610580664717626,1.6867753233165854,-0.5425238045956989,0.9999284564809259,-0.01101973491546051,-0.7979860091993929,reverted,ACACGATCAGGGCAGA,0.4073,5.0139
GCGTACCGTTCGAATC-E15S,E15S,Tumor,1.9002424020477804,1.327292276928745,-0.04739772404068642,0.9903962270012978,0.07645211992992863,1.1082082259588462,memory,GCGTACCGTTCGAATC,0.417,5.0345
TAGTGTTAGCGAGGAC-E15S,E15S,Tumor,1.484973646145086,1.4877265940397548,0.3295913638600456,0.7105579555939124,-0.02192384789571887,-0.7979860091993929,reverted,TAGTGTTAGCGAGGAC,-0.5894,5.1136
CTACTCACACTATCTG-E15S,E15S,Tumor,0.8427528118336354,0.836683866813369,0.17097076432457436,0.9220708181810493,0.23357689370379897,0.73656113109911,reverted,CTACTCACACTATCTG,-4.4518,4.6711
CTCGGTTCAACCCGTT-E15S,E15S,Tumor,0.6809714758672788,0.6940845875701345,0.9276909829867963,0.006482965872275216,0.7902198883751114,-0.7979860091993929,reverting,CTCGGTTCAACCCGTT,0.7046,4.4256
GCACTAATCGCGCCTT-E15S,E15S,Tumor,0.4623381131785058,0.5251573631171981,-0.39087379345819867,0.9996782842784854,-0.010175249890124412,1.0887520968573607,memory,GCACTAATCGCGCCTT,0.3006,6.194
TGAGCGAAGGTGCTTA-E15S,E15S,Tumor,0.32032435579900337,1.1370976768886276,0.7250101966759352,0.04642015389173737,-0.02942370803964862,-0.7979860091993929,persistent,TGAGCGAAGGTGCTTA,0.8207,4.8457
GCGATAAGTTGCCCAA-E15S,E15S,Tumor,1.4731604135016583,1.0804103068934747,-0.2903964991067296,0.9991292515470251,0.0055866903801988325,-0.7979860091993929,reverted,GCGATAAGTTGCCCAA,0.3273,4.9651
TGAGCTGCAACCCTTA-E15S,E15S,Tumor,1.4625478658510545,0.8423882581087854,0.12810244398658346,0.9476414870353168,-0.1590231298567763,1.5976343140016864,memory,TGAGCTGCAACCCTTA,1.5793,4.0418
CTGTGAATCATCACAG-E15S,E15S,Tumor,1.162666516031016,0.7235194202991677,-0.00414375116837043,0.9853287439589363,-0.12649639998770437,-0.7979860091993929,reverted,CTGTGAATCATCACAG,-1.2003,6.0365
GTCTGCCTCATGTCGA-E15S,E15S,Tumor,1.3222511033269133,1.159328596419262,0.5429515967422516,0.22839870767615195,-0.010720776918354527,-0.7979860091993929,persistent,GTCTGCCTCATGTCGA,-0.2477,5.204
TACGTAGTCACATTGG-E15S,E15S,Tumor,1.1162113836054908,1.9468808957917967,0.013932055527307533,0.9824993761064498,0.23290823180297937,-0.7979860091993929,reverted,TACGTAGTCACATTGG,1.5151,4.0093
GTAGTAAAGCTGGTCG-E15S,E15S,Tumor,0.9487220574085665,1.34198815501088,-0.04854189141687021,0.9905035319868652,-0.1524165107976436,-0.7979860091993929,reverted,GTAGTAAAGCTGGTCG,0.927,4.8254
CCTGTTGTCTATGCAG-E15S,E15S,Tumor,1.2331999845225583,0.9439096882398067,0.5974922544224629,0.1470225991093411,0.10228101538259037,-0.7979860091993929,persistent,CCTGTTGTCTATGCAG,-0.5315,5.8337
GTCTACCCACAATGCG-E15S,E15S,Tumor,1.538774379271571,1.7403225579142794,0.40476785543724514,0.5381057557527147,-0.013464130926616642,-0.7979860091993929,partial,GTCTACCCACAATGCG,-0.5619,5.1765
TACCAATAGTAACCGC-E15S,E15S,Tumor,1.4676234880055505,1.072092941708261,-0.16247253191685346,0.9969113195275959,0.15082880311154367,-0.7979860091993929,reverted,TACCAATAGTAACCGC,-0.6018,5.1445
TCGTTCCGTTCCCAAG-E15S,E15S,Tumor,1.4112294107497723,1.8587607000454882,0.06104399319289904,0.9723676682156417,-0.2861079368454509,-0.7979860091993929,reverted,TCGTTCCGTTCCCAAG,-0.1357,5.4978
GTTATCCTCGATTACG-E15S,E15S,Tumor,0.3536761132610684,0.5465807876105648,0.21147369721248171,0.8878767503669818,-0.07917207791210168,-0.7979860091993929,reverted,GTTATCCTCGATTACG,0.4125,5.2682
TATCCGCCACAGGCTA-E15S,E15S,Tumor,0.9856690675949139,1.088488724185128,-0.12397407903730175,0.995482213047729,0.11062427561023662,-0.7979860091993929,reverted,TATCCGCCACAGGCTA,1.4529,4.0805
TAGGGTAGTGGGTTGG-E15S,E15S,Tumor,1.181602397264531,1.2655961052475233,-0.11049237547406371,0.9948394266686236,0.23829261835470716,-0.7979860091993929,reverted,TAGGGTAGTGGGTTGG,-0.5326,5.1262
CATGGGTTCAATTGCG-E15S,E15S,Tumor,1.605477442075025,0.9113562196396428,0.588298121474505,0.15882633708257818,0.16478792705319398,-0.7979860091993929,persistent,CATGGGTTCAATTGCG,-0.0181,5.3139
TGAGCTATCGATACAT-E15S,E15S,Tumor,1.768431878625101,1.2735023658287108,0.02391687134598382,0.9807132834154908,-0.5196337182974056,0.9349697844265827,reverted,TGAGCTATCGATACAT,-0.9934,5.4936
ATGGATGGTGACGAAC-E15S,E15S,Tumor,1.029731613059329,1.0206357923151572,-0.07061793455672528,0.9923561287252062,-0.17053258640141752,-0.7979860091993929,reverted,ATGGATGGTGACGAAC,-1.4308,5.1548
TCTACAAGTGAGCAAC-E15S,E15S,Tumor,0.32174830638107393,0.598095416063842,-0.7320048846086178,0.9999890683942456,0.023255083480077574,-0.7979860091993929,reverted,TCTACAAGTGAGCAAC,5.4775,14.6633
CAGGCCATCGTACTTC-E15S,E15S,Tumor,1.0423190492892138,1.3863761067691267,-0.425085099930801,0.9997708091342189,-0.060357829266641086,1.2448683936500504,memory,CAGGCCATCGTACTTC,-0.9946,6.0113
ACTGGTCAGCCATTGA-E15S,E15S,Tumor,1.4048957916766693,0.93046505766509,-0.022964491829820605,0.9877957670883033,0.17749532646002314,-0.7979860091993929,reverted,ACTGGTCAGCCATTGA,-0.9809,5.7252
GTCCCATCAAACCGTG-E15S,E15S,Tumor,0.8674456344882182,2.0562960265917933,-0.01573528977888831,0.9869007621763726,-0.21799343215588762,-0.7979860091993929,reverted,GTCCCATCAAACCGTG,0.9963,4.6038
CAAGCTCAGTAACCTG-E15S,E15S,Tumor,1.0583829708270327,1.8096869568610428,0.40065117414077617,0.5482335714205878,-0.1366981581023924,-0.7979860091993929,partial,CAAGCTCAGTAACCTG,0.0703,5.6863
GGACAATAGTCAGCTA-E15S,E15S,Tumor,0.32811784480794903,0.6278117874726269,-0.607452238970556,0.9999624161933278,0.015941880168141877,-0.7979860091993929,reverted,GGACAATAGTCAGCTA,2.4144,3.6324
ACTATGGTCCCTCGAC-E15S,E15S,Tumor,0.41590674234279795,0.6669419234030554,0.24280012045734542,0.8530382672016565,0.12297820365352782,-0.7979860091993929,reverted,ACTATGGTCCCTCGAC,0.796,5.2338
TAGCTTGAGTAACCCA-E15S,E15S,Tumor,0.5642452646856458,0.7107331317087302,0.8142576767150331,0.019697300148302812,-0.10430021070003785,-0.7979860091993929,persistent,TAGCTTGAGTAACCCA,0.4772,5.2392
TCCTTTGGTTTACTTC-E15S,E15S,Tumor,1.6248026601777301,0.7651181316085796,0.06286464495495414,0.9718784803326852,0.19817049474024767,0.9903117251733567,reverted,TCCTTTGGTTTACTTC,0.1947,4.592
GCACCATAGTTAACGT-E15S,E15S,Tumor,0.6629556104680493,1.5382443573535516,0.3084527028174815,0.7516973906819345,0.2055956952674619,-0.7979860091993929,reverted,GCACCATAGTTAACGT,0.8217,5.2247
CTAGTTGAGTCGAATT-E15S,E15S,Tumor,0.25596027146587186,0.6593853450260201,0.2201414411258088,0.8790318019543922,0.23966208839852227,-0.7979860091993929,reverted,CTAGTTGAGTCGAATT,2.4449,3.79
GTGGTGAAGCGAGTCT-E15S,E15S,Tumor,1.3418690567759086,1.6190638147660719,-0.014668127780717063,0.98676326856805,0.0014696404946252864,1.0347558423231598,memory,GTGGTGAAGCGAGTCT,0.4112,4.9119
ATGCTCCCAGCACCAA-E15S,E15S,Tumor,1.143578794467931,2.1860659352460527,-0.010403475770642157,0.9861994532723773,-0.5045191235106695,-0.7979860091993929,reverted,ATGCTCCCAGCACCAA,-0.3858,5.1154
CACCGCTTCTGTAAGT-E15S,E15S,Tumor,0.2556468016444965,0.4323050022665805,-0.31051333224970906,0.9992865931785967,-0.10137535288682108,1.0537779109008725,memory,CACCGCTTCTGTAAGT,0.1826,6.282
ATTGGCCAGAAGGTGT-E15S,E15S,Tumor,0.9404012910706064,1.662477605840478,-0.4936586279317009,0.999883864172093,-0.2989551369525889,-0.7979860091993929,reverted,ATTGGCCAGAAGGTGT,1.2982,4.3613
TGTGCCAGTTAAGTCC-E15S,E15S,Tumor,1.1253285239279647,1.6390732529393968,0.0370337943978793,0.9780932245935063,0.35095398704156555,-0.7979860091993929,reverted,TGTGCCAGTTAAGTCC,0.3586,5.1115
TAAGCGCTCCGGAACT-E15S,E15S,Tumor,0.398830932195321,1.7070966149177966,-0.5237953959672684,0.9999138591424814,0.1648549780594435,-0.7979860091993929,reverted,TAAGCGCTCCGGAACT,2.0465,3.6707
TGGGTGAAGCAGGCAA-E15S,E15S,Tumor,0.6040086550623063,0.4199618614615715,0.14763717836165793,0.9371548324359458,0.1696461817355962,-0.7979860091993929,reverted,TGGGTGAAGCAGGCAA,-1.1215,7.998
TAAGCACCAACATCAA-E15S,E15S,Tumor,1.83500171372809,1.2601157660363156,0.15292135532503293,0.9339975379776011,0.024654045663000904,-0.7979860091993929,reverted,TAAGCACCAACATCAA,-0.0884,5.4724
GTACCCAGTTTAGCGT-E15S,E15S,Tumor,0.24051542597155304,0.44359132003744456,0.396180439408152,0.5591870857292899,-0.006548389574359478,-0.7979860091993929,partial,GTACCCAGTTTAGCGT,0.4906,5.1309
ACCCGATAGGCGTCCA-E15S,E15S,Tumor,0.5697143751901537,0.610665122798523,-0.16318106894580728,0.9969328756361475,-0.5984246647158529,-0.7979860091993929,reverted,ACCCGATAGGCGTCCA,1.2653,4.8632
CCAAGGGGTTCTGGCA-E15S,E15S,Tumor,1.6863458048091429,1.5799249673085884,0.01876440949802061,0.9816562143687663,0.05536840653260956,1.1502725102417202,memory,CCAAGGGGTTCTGGCA,-0.2317,5.0187
CTACACCCACCTATAT-E15S,E15S,Tumor,1.0292587609732955,1.2954189565440113,0.2597045529536684,0.8307601833684938,0.042377792031958475,-0.7979860091993929,reverted,CTACACCCACCTATAT,0.0398,5.0603
TAGGCTGCAACCTCGT-E15S,E15S,Tumor,0.20932711051621153,0.27402175157838654,-0.6647918774435746,0.9999787136498338,-0.0019364218233799413,-0.7979860091993929,reverted,TAGGCTGCAACCTCGT,5.5625,14.6678
ACAGAATGTTCATCCC-E15S,E15S,Tumor,1.717841888941511,1.5916563728195614,-0.09123462437473848,0.9937604784753927,-0.3500247603788136,-0.7979860091993929,reverted,ACAGAATGTTCATCCC,0.5033,4.9581
CGGCCTAAGCGCATTA-E15S,E15S,Tumor,1.730280229251732,1.4825572909760314,-0.052806929053695745,0.9908931643059928,-0.09851444132383004,-0.7979860091993929,reverted,CGGCCTAAGCGCATTA,-0.5788,5.3714
GCGACTTAGGTATGAA-E15S,E15S,Tumor,2.050988710982246,1.5088877746806748,0.3630056626402962,0.6380226291107256,0.43930399864631137,-0.7979860091993929,partial,GCGACTTAGGTATGAA,-0.6707,4.736
TACCTCACACTCGCTG-E15S,E15S,Tumor,0.5192973075882042,0.39511411481357933,-0.7405804012911742,0.999989959441983,-0.1324894281879704,1.3948020997826662,memory,TACCTCACACTCGCTG,0.8978,5.1642
ACCCCGTTCCGTGGAT-E15S,E15S,Tumor,1.2985249191630266,1.4392128722818975,0.3162293674123413,0.7370282994562012,0.2955217281328232,0.8901250133720661,reverted,ACCCCGTTCCGTGGAT,-0.9507,5.4293
CATAGGCTCGATTGCA-E15S,E15S,Tumor,1.0723252715282483,1.7204071747643637,0.17153155024938058,0.9216703442161914,-0.13019016497838903,-0.7979860091993929,reverted,CATAGGCTCGATTGCA,0.7793,4.3419
GCACCAACAACTATCT-E15S,E15S,Tumor,0.9511787518218147,2.1750898889716375,0.045818931710516264,0.9761470239686406,0.21388085246481903,-0.7979860091993929,reverted,GCACCAACAACTATCT,1.3157,4.4047
AGAGACCGTGGAGCCA-E15S,E15S,Tumor,1.4950474576659547,1.0546762368886515,0.017899132860870137,0.9818100664268259,-0.6043320552587813,-0.7979860091993929,reverted,AGAGACCGTGGAGCCA,-0.413,5.1894
TACCTCACAACATCCC-E15S,E15S,Tumor,0.8694175997097678,1.3984362686962621,0.6316517068905543,0.10940449861242887,0.1659390542553731,-0.7979860091993929,persistent,TACCTCACAACATCCC,0.9316,4.4894
TCCTCTTCAGCTAGGC-E15S,E15S,Tumor,1.3412614213095877,1.4002537136534317,0.30225010101979827,0.7629975867216819,0.05789961913897652,1.2334626176757326,memory,TCCTCTTCAGCTAGGC,0.7865,4.5834
TATACCTCAGCTACTC-E15S,E15S,Tumor,0.40281504173805716,0.5340317492064879,0.6670031683373889,0.0796326491346413,0.2772602517376711,-0.7979860091993929,persistent,TATACCTCAGCTACTC,0.5455,5.1736
GTGGATTCATGGTTGG-E15S,E15S,Tumor,1.4025195027232078,1.6197491082816156,0.010091306979393241,0.9831422655894668,0.09592511024159953,-0.7979860091993929,reverted,GTGGATTCATGGTTGG,0.6546,5.0069
CCTACCATCATAGAGA-E15S,E15S,Tumor,0.6456618466034775,0.7297550679166456,0.9843522897110439,0.0037068060390423436,0.5197493496831479,0.9513729512252663,reverting,CCTACCATCATAGAGA,0.2948,5.3834
CGTACTAAGCATTAGT-E15S,E15S,Tumor,1.0906954469854522,0.8929927055835042,0.3736084247923815,0.6134091985723236,0.22731934200834844,1.0424808013074938,partial,CGTACTAAGCATTAGT,0.0312,4.9765
GGAAGATTCTGGCTAA-E15S,E15S,Tumor,1.4676410326078708,0.9282888495370358,0.5818933135440247,0.16749538562068,0.3025783641637343,-0.7979860091993929,persistent,GGAAGATTCTGGCTAA,0.3265,5.3502
GCATAGCTCGTTGCCC-E15S,E15S,Tumor,0.18769607803289567,0.3394814015706385,-0.221824173649324,0.9982828838345243,0.11516941530384137,-0.7979860091993929,reverted,GCATAGCTCGTTGCCC,0.2844,5.0395
CTTAGTAGTTGTGCTG-E15S,E15S,Tumor,1.1740411731240472,1.4657089106821128,-0.029965511834561493,0.9886048665685025,0.13133951834632077,-0.7979860091993929,reverted,CTTAGTAGTTGTGCTG,1.024,4.212
CCTATTCAGGTACGAG-E15S,E15S,Tumor,1.2674248395094958,1.5775215587695357,-0.5070383315677858,0.9998982910949237,-0.13898197599214998,-0.7979860091993929,reverted,CCTATTCAGGTACGAG,-0.3534,5.1473
CCCTTACGTTATATCG-E15S,E15S,Tumor,0.4356317128052211,0.7057218650459809,-0.21844930107462426,0.9982245574250658,-0.09546617204257676,-0.7979860091993929,reverted,CCCTTACGTTATATCG,1.3474,4.3157
TATGAGGGTGGGTATA-E15S,E15S,Tumor,1.5373064981016338,1.69360939701738,0.22182164876694002,0.8772491229049142,-0.0898836284228082,-0.7979860091993929,reverted,TATGAGGGTGGGTATA,-0.5224,4.9998
CAAGCGAAGGCAATCC-E15S,E15S,Tumor,0.4671850100134689,0.40797265151600376,0.11556733248758613,0.9534760720108294,0.1218028984715446,-0.7979860091993929,reverted,CAAGCGAAGGCAATCC,0.3795,6.0454
CGACTAATCACCTCAT-E15S,E15S,Tumor,0.2612302928365416,0.3105296782191135,0.26050243318544913,0.8296450031758779,3.94589784091917,2.0599451997603357,reverting,CGACTAATCACCTCAT,0.7824,5.4167
TGACCAGCACTTAGCC-E15S,E15S,Tumor,1.3803183238852796,0.9761265979450932,-0.9197979976171746,0.999998301585231,-0.04104988787536826,-0.7979860091993929,reverted,TGACCAGCACTTAGCC,1.335,4.1036
CGCTACTCATTCGGAG-E15S,E15S,Tumor,0.7053176791032655,1.0157884892060045,-0.17734520281537716,0.9973336653687371,0.150320302009355,-0.7979860091993929,reverted,CGCTACTCATTCGGAG,1.7228,4.0622
CTAAGCCAGGTACTTG-E15S,E15S,Tumor,1.389212676260846,1.2380406137944913,-0.045126490298849006,0.9901796509602816,-0.7750985014885012,-0.7979860091993929,reverted,CTAAGCCAGGTACTTG,-0.2757,5.0696
GCTTTGAAGAAGCTAA-E15S,E15S,Tumor,0.8160678099704524,0.6181585954619032,-0.6697543931236652,0.9999797356411889,-0.11196815249756703,-0.7979860091993929,reverted,GCTTTGAAGAAGCTAA,2.2082,3.7734
ACACGATCAAGCTACG-E15S,E15S,Tumor,0.32897998698034625,0.43627160085195654,0.4088906479059522,0.527931289766821,0.09533582510838973,1.6856107220952188,partial,ACACGATCAAGCTACG,-0.6272,7.1908
ACAGTCGCAGCATGTG-E15S,E15S,Tumor,0.6065693657508786,1.9511185081553788,0.1697838006471898,0.9229122877903804,0.11880957166305847,1.1391098842298957,memory,ACAGTCGCAGCATGTG,-1.755,6.2428
TCATAACAGCGCATGT-E15S,E15S,Tumor,1.140436208914633,1.3222196469953784,0.7218472224022632,0.04782827097895578,0.2664130074236077,-0.7979860091993929,persistent,TCATAACAGCGCATGT,-0.148,5.5686
CATGGGTTCTGTGGCG-E15S,E15S,Tumor,0.7689103587883807,0.7805857810126503,-0.08944355033459767,0.9936493939838169,-0.045775285988945466,-0.7979860091993929,reverted,CATGGGTTCTGTGGCG,1.8101,3.9672
CCAGATTGTTTCGTCC-E15S,E15S,Tumor,0.5171703310205843,0.4189856653213682,0.08801533718157291,0.9641991457329675,0.12821537422601637,1.4839811566331202,memory,CCAGATTGTTTCGTCC,1.4965,4.5004
CGCCATTCAATCGACG-E15S,E15S,Tumor,1.3939558561732983,1.1094582779452347,-0.06271710732778629,0.991738399370275,0.1587123407387738,-0.7979860091993929,reverted,CGCCATTCAATCGACG,-0.1906,5.3801
GCCAATTGTAAGTACG-E15S,E15S,Tumor,0.4844836811631046,0.6231049778124229,0.6411855428566091,0.10052846487546704,0.13544821701079407,-0.7979860091993929,persistent,GCCAATTGTAAGTACG,0.7661,4.9492
GGACGTAAGGGGCTAA-E15S,E15S,Tumor,0.5038395547109582,0.9641533465583053,0.3994909736336955,0.551081049924249,0.30448545904990065,-0.7979860091993929,partial,GGACGTAAGGGGCTAA,1.2417,4.9635
CGTGAGAAGCGATGTC-E15S,E15S,Tumor,0.8039387653927327,2.03492391876262,0.2970043106478104,0.7722740692238271,0.3750085626890226,-0.7979860091993929,reverted,CGTGAGAAGCGATGTC,-1.4769,6.2567
GGTATGGAGGGTTGCT-E15S,E15S,Tumor,0.8792867082772459,1.3445150039972764,0.33876790542158763,0.6914932899932104,0.37327745062347045,-0.7979860091993929,partial,GGTATGGAGGGTTGCT,0.6547,5.0545
TATCCTTGTCATTACA-E15S,E15S,Tumor,0.8202680844414959,1.4764220432994082,-0.8041091353672035,0.999994651859995,-0.2937976822540004,1.2402858711336193,memory,TATCCTTGTCATTACA,0.184,5.4858
CTGCTGCTCACCTATC-E15S,E15S,Tumor,1.2152920318169496,1.0254568658706267,-0.3840046673227767,0.9996556174379031,0.07023873881252456,1.4584943188604258,memory,CTGCTGCTCACCTATC,0.7646,4.9126
AGTGGTTCATTAGTTC-E15S,E15S,Tumor,0.7491931843102827,0.9859158048355584,0.3898890265484287,0.5745019225127016,0.4841843608525838,1.876162653127546,reverting,AGTGGTTCATTAGTTC,0.4329,4.4799
GCTTCATTCAGGACTC-E15S,E15S,Tumor,1.1389672955397205,0.9129778697720583,-0.32820817247552253,0.9994013231444788,-0.07800905008943015,-0.7979860091993929,reverted,GCTTCATTCAGGACTC,1.1241,4.9641
TCTGACAAGCGGATGA-E15S,E15S,Tumor,0.4376572310389886,0.8113983957576019,0.10291356092754583,0.9587353924066826,-0.24295032193340113,-0.7979860091993929,reverted,TCTGACAAGCGGATGA,0.0619,5.9663
TACAGCGCATTACCGC-E15S,E15S,Tumor,0.8903468274696269,1.932439693810662,-0.3834971638693332,0.9996538807713352,0.027430058914734733,-0.7979860091993929,reverted,TACAGCGCATTACCGC,0.576,5.0638
CCAGCAACATCCTATG-E15S,E15S,Tumor,0.8842905674978088,1.766438328811593,0.3795025225279134,0.5994623472300431,0.018069981771790984,-0.7979860091993929,partial,CCAGCAACATCCTATG,1.3554,4.0594
GTACACGCAGGTATCG-E15S,E15S,Tumor,0.6134152682527093,1.3989127807639643,1.1251692769680162,0.0009201309929372846,0.5812524074075497,-0.7979860091993929,reverting,GTACACGCAGGTATCG,0.3907,4.3132
TCACATAGTCATCAAC-E15S,E15S,Tumor,1.2206000713698757,1.4832918826034842,-0.19669709002671287,0.9977981541251163,-0.04743703166965468,1.058870764451804,memory,TCACATAGTCATCAAC,-0.2188,5.3516
ACCGACTAGCATGCAC-E15S,E15S,Tumor,0.6550616922892036,0.5793408499451819,-0.19831112761943512,0.9978330345310552,-0.039121626030653195,-0.7979860091993929,reverted,ACCGACTAGCATGCAC,0.6972,5.0771
CAATCCGGTTGCAGGG-E15S,E15S,Tumor,1.1499299456708367,0.9919046159649221,-0.26610262576052923,0.998892356354284,-0.5143618140405978,-0.7979860091993929,reverted,CAATCCGGTTGCAGGG,-0.485,5.453
ACACTCCCAAGCGGAG-E15S,E15S,Tumor,0.43373813498943137,0.4521178576481542,0.6439969231359783,0.09803586522578829,0.28714031532356893,-0.7979860091993929,persistent,ACACTCCCAAGCGGAG,0.8405,5.0637
CGAACTATCGCGACAT-E15S,E15S,Tumor,0.9477234625339716,0.9339370440852822,-0.5592622050297007,0.9999393963379791,-1.1642630378266938,-0.7979860091993929,reverted,CGAACTATCGCGACAT,0.5476,5.2167
TCCCGTTGTTTGCGGC-E15S,E15S,Tumor,0.8327755616550113,0.621016170233463,-0.16653859227800996,0.9970330011393365,-0.3625241570887527,-0.7979860091993929,reverted,TCCCGTTGTTTGCGGC,2.4505,3.8547
TGATTCCTCCATAGGC-E15S,E15S,Tumor,1.0644134794385074,1.1030091494949006,0.21417326872334147,0.8851843295953986,0.04821200938357154,-0.7979860091993929,reverted,TGATTCCTCCATAGGC,1.1086,4.2614
ACCACCTCATAGAGTC-E15S,E15S,Tumor,0.1888306282355933,0.545957966318456,-0.08923422089801517,0.9936362835459919,0.03005687892455142,-0.7979860091993929,reverted,ACCACCTCATAGAGTC,5.4234,14.866
ACCATCAAGCATGAGG-E15S,E15S,Tumor,0.7248419015555196,0.5843243742128196,0.05725409205493862,0.9733595914472325,-0.3276580932732838,-0.7979860091993929,reverted,ACCATCAAGCATGAGG,0.8919,5.2659
CCACGCAAGAACGATA-E15S,E15S,Tumor,1.0968298391542868,1.2959743308041836,-0.5610109693859928,0.9999404380270799,-0.11008821916527711,-0.7979860091993929,reverted,CCACGCAAGAACGATA,0.8053,5.0849
AGAGAATCAGGCTATG-E15S,E15S,Tumor,0.6821354814850763,0.8134450024333534,-0.2412829722264464,0.9985837490086431,-0.23498292823521416,-0.7979860091993929,reverted,AGAGAATCAGGCTATG,1.1177,5.0201
CCAGAGAAGGGTTAGG-E15S,E15S,Tumor,0.7114909371936515,1.1273585023869839,-0.06169186659770337,0.9916546940113358,-0.08046644927255066,-0.7979860091993929,reverted,CCAGAGAAGGGTTAGG,0.7396,4.9448
ATGCACGCAGCTCTCG-E15S,E15S,Tumor,0.793198488662532,1.1893216908099604,-0.03883912613326161,0.9895545704861498,-0.5387180708066036,-0.7979860091993929,reverted,ATGCACGCAGCTCTCG,0.6294,4.9553
GTCTGGACAAATCTAG-E15S,E15S,Tumor,0.458835531145592,1.463027094653542,-0.15577564231895366,0.9966999694626223,0.08291322167283412,-0.7979860091993929,reverted,GTCTGGACAAATCTAG,2.0881,3.9094
GCGCATTAGAAGCGGC-E15S,E15S,Tumor,1.0098664143634315,0.9357106833806524,-0.2688173608532536,0.9989217410181854,-0.06779515516667924,-0.7979860091993929,reverted,GCGCATTAGAAGCGGC,1.3124,4.6547
AGACGTTCAGGGACTC-E15S,E15S,Tumor,0.21214147453246202,0.4300262204132185,0.011619998694990752,0.9828892119095554,0.2559008886088211,-0.7979860091993929,reverted,AGACGTTCAGGGACTC,0.8207,5.2968
CGCTTCATCATCTAGG-E15S,E15S,Tumor,0.2233280635942474,0.6069571318617315,-0.486555522930968,0.99987539118169,-0.4728642809069627,-0.7979860091993929,reverted,CGCTTCATCATCTAGG,0.7352,4.9401
GGCATTCAGTAGTTAC-E15S,E15S,Tumor,0.4159750464994633,1.116299976164126,0.5395098123941209,0.2344683799298303,-0.02219001437746973,-0.7979860091993929,persistent,GGCATTCAGTAGTTAC,1.2603,4.2502
CTCCAGCTCCCATTAC-E15S,E15S,Tumor,0.5107490187936553,1.2853590002585806,0.184626209556931,0.9117689405814031,-0.08221465177656291,-0.7979860091993929,reverted,CTCCAGCTCCCATTAC,0.3387,5.3623
AGGCAATAGGCGCTTG-E15S,E15S,Tumor,0.9061888970650859,1.7685449317321755,0.11004585372347032,0.9558451492305176,-0.2205314110214508,1.2631122451009285,memory,AGGCAATAGGCGCTTG,-0.2733,5.1448
GTAACCCAGCTAGCAC-E15S,E15S,Tumor,0.8694059004618271,1.3411370239654834,-0.26765492681133335,0.9989092552261282,0.18916066997108852,-0.7979860091993929,reverted,GTAACCCAGCTAGCAC,1.0436,4.3548
ACAGCTATCACGCTAA-E15S,E15S,Tumor,1.2820570858419185,1.2243764216680129,1.039710579927981,0.002144398608134363,0.7855735867497379,-0.7979860091993929,reverting,ACAGCTATCACGCTAA,0.8014,4.4011
GCCACAACAAAGGGTA-E15S,E15S,Tumor,1.1316536079087207,1.2247969593748709,0.5096636905874239,0.2916621731868917,0.1806756338454586,1.7533750390447989,persistent,GCCACAACAAAGGGTA,0.0617,5.1663
ATCCTAAGTTCTGGTG-E15S,E15S,Tumor,0.7377361535403824,0.9698566286422543,-0.6713074507891341,0.9999800452874358,-0.12850689685832203,-0.7979860091993929,reverted,ATCCTAAGTTCTGGTG,2.1325,3.8138
TCACTCACAACTTCGC-E15S,E15S,Tumor,0.0,0.32180767436952423,0.0054568195883993795,0.9838871687019416,-0.07928294780225834,-0.7979860091993929,reverted,TCACTCACAACTTCGC,10.5695,6.6445
ACGATATTCGTCTATC-E15S,E15S,Tumor,1.3952337771887218,1.3266568108800514,0.0007156920655211584,0.9846156963058362,-0.13025844924540528,-0.7979860091993929,reverted,ACGATATTCGTCTATC,0.6907,4.8478
GGATTAGGTTCAATGC-E15S,E15S,Tumor,0.22971860202689773,0.24991988106928867,-0.1510310210027258,0.9965415663368047,-0.257515450625161,-0.7979860091993929,reverted,GGATTAGGTTCAATGC,3.0737,3.0055
CTGCATCCACTATATC-E15S,E15S,Tumor,0.058402912903376854,0.356925623897676,-0.6604923010866532,0.9999777866051119,1.3376111777402375,-0.7979860091993929,reverting,CTGCATCCACTATATC,3.1244,2.9584
AAACCAAAGCTAGCCG-E15S,E15S,Tumor,0.8315332080279442,1.8425255587369402,0.09800935229737215,0.960616762599749,0.3303965475421295,-0.7979860091993929,reverted,AAACCAAAGCTAGCCG,0.9119,4.6998
TGCTAAGTCGACTTAG-E15S,E15S,Tumor,0.42336988395357994,2.501883723926912,-0.8629944453327327,0.9999970170811817,0.0420762111349583,-0.7979860091993929,reverted,TGCTAAGTCGACTTAG,0.8357,4.7729
GTGTCCCTCCGTTACT-E15S,E15S,Tumor,0.3993255253951464,0.3874509468941507,-0.02596617966109212,0.9881493941307918,0.2248258669639191,-0.7979860091993929,reverted,GTGTCCCTCCGTTACT,1.465,4.6105
TACAACTAGCTTAACG-E15S,E15S,Tumor,0.609512416620327,0.7751282454231067,-0.19981305099938446,0.9978649966387961,-0.2514866932364324,-0.7979860091993929,reverted,TACAACTAGCTTAACG,6.9631,4.9723
ATACAGCCAACCTTGC-E15S,E15S,Tumor,0.2735009032492615,0.3237939866258898,0.8579472897381548,0.01286161267650918,0.9172995473244652,1.450439729020685,reverting,ATACAGCCAACCTTGC,0.7909,5.1417
TCGAATTAGCGCCTAG-E15S,E15S,Tumor,1.1560879371500208,0.9934172035903562,-0.2311045539076778,0.9984335967643424,-0.04108377814391191,-0.7979860091993929,reverted,TCGAATTAGCGCCTAG,-0.3712,5.1833
AACGGTGAGGCGTCTG-E15S,E15S,Tumor,0.3572673759468368,0.5655754645977955,0.5635824910714049,0.19435906935662403,-0.743193837734259,-0.7979860091993929,persistent,AACGGTGAGGCGTCTG,1.5858,4.414
TCGTTTCAGGGCTATC-E15S,E15S,Tumor,0.37046326692773923,0.5129335110695684,0.1373801184461974,0.9428847769038936,0.11497438007351095,-0.7979860091993929,reverted,TCGTTTCAGGGCTATC,0.2091,6.0483
CCGACCTTCCATCTCG-E15S,E15S,Tumor,0.8894335770176585,1.2046676232068894,0.2731787053686714,0.8111389724341201,-0.30352864174887256,1.5470622220302843,memory,CCGACCTTCCATCTCG,0.9815,4.3368
AAGTACCCAATTAACG-E15S,E15S,Tumor,0.6829743083682484,1.2957198380881283,0.03273846129798935,0.9789874166594098,0.42975744475556005,-0.7979860091993929,reverted,AAGTACCCAATTAACG,1.3195,4.8571
ATACGTTAGAAGGTGT-E15S,E15S,Tumor,1.3794477280284476,1.2869825556691237,0.2628590747195764,0.8263170866746702,0.7088545366862875,-0.7979860091993929,reverting,ATACGTTAGAAGGTGT,1.0315,5.0605
TGAGTCTGTTAGTTCA-E15S,E15S,Tumor,0.971721157614011,1.5068429664976672,0.042949200891949244,0.976800634803083,0.08420844864727076,-0.7979860091993929,reverted,TGAGTCTGTTAGTTCA,0.6241,4.8959
GGTATCTGTCCCGAAC-E15S,E15S,Tumor,0.3602097885343527,0.5119533503246644,0.18211971151382106,0.9137478384258955,-0.33840265708406336,-0.7979860091993929,reverted,GGTATCTGTCCCGAAC,0.6542,5.1569
CCACATGGTCATTACA-E15S,E15S,Tumor,0.5048325788965485,0.3662928992500137,-0.8405684985176062,0.9999962742982789,-0.11044768066384686,-0.7979860091993929,reverted,CCACATGGTCATTACA,3.0092,2.898
CATATGGTCAGCGGTT-E15S,E15S,Tumor,0.34623232481340865,0.4391146687333607,-0.12289519219164044,0.9954338479028004,0.26366732959096906,-0.7979860091993929,reverted,CATATGGTCAGCGGTT,0.3753,6.0906
GCTAAACCATCCGTCG-E15S,E15S,Tumor,0.4658734360012989,0.22505748564131978,0.5982454691652148,0.14608850937397438,-1.77012817245249,-0.7979860091993929,persistent,GCTAAACCATCCGTCG,1.8395,4.1607
AGCATAGGTGAGTATG-E15S,E15S,Tumor,1.125699365629788,1.6971884085889384,-0.13682501454419208,0.9960205419978827,-0.1224835371665091,1.475554360159172,memory,AGCATAGGTGAGTATG,-0.4175,5.0858
AGACGCAAGGATGCAG-E15S,E15S,Tumor,0.3130081227021499,0.6608313869457528,-0.49388065317266994,0.999884119520889,0.027186918762296165,1.3627453190426901,memory,AGACGCAAGGATGCAG,0.264,5.1809
TCGACGTAGTGATTCG-E15S,E15S,Tumor,0.24928148380650794,0.6855796197406503,-0.45479362744576457,0.9998292751797725,-0.052781705021389715,-0.7979860091993929,reverted,TCGACGTAGTGATTCG,3.0571,3.1342
CTTACAAGTTGGATCT-E15S,E15S,Tumor,0.8255185888155423,1.4826772886133535,0.5001164849446107,0.31159689435838234,0.4941734886957453,-0.7979860091993929,reverting,CTTACAAGTTGGATCT,0.7182,4.8201
TCTATGAGTCCATAGT-E15S,E15S,Tumor,0.46239024493041775,1.3827459143352414,-0.2699876007178659,0.9989341664427885,-0.12482633873987968,-0.7979860091993929,reverted,TCTATGAGTCCATAGT,1.3381,4.3526
CATTAGGTCCCTTGAT-E15S,E15S,Tumor,1.093940275900809,1.930247147592863,-0.1474193784587863,0.996415929347502,0.21434718965164332,-0.7979860091993929,reverted,CATTAGGTCCCTTGAT,1.026,4.0922
TGAAACCCATTACGTT-E15S,E15S,Tumor,0.5940851922595134,1.0199861662029828,0.10000105931630582,0.959862826064364,0.01527062413675945,-0.7979860091993929,reverted,TGAAACCCATTACGTT,0.7696,4.9059
CGGCCAATCGTTCCGC-E15S,E15S,Tumor,0.279990792880759,0.4047047341221599,0.07085943018476107,0.9696290562549206,-0.05114152849577088,-0.7979860091993929,reverted,CGGCCAATCGTTCCGC,0.1218,5.3203
ATCTCCACACTTGGAG-E15S,E15S,Tumor,0.7613795453208736,1.2068988553613107,-0.193054876085124,0.9977173713503963,0.29808052695683124,1.2401101612366312,memory,ATCTCCACACTTGGAG,-4.1476,4.3769
ATCGAAGGTCCATATA-E15S,E15S,Tumor,0.3366590109127398,0.5143644240316176,-0.19404891532477941,0.9977397076451335,-0.19371551721619074,-0.7979860091993929,reverted,ATCGAAGGTCCATATA,0.896,5.228
CCTAGTAAGGAACTGG-E15S,E15S,Tumor,1.0180808975145472,1.0475284317161913,0.04727328725399918,0.9758089540810705,0.3392189236053739,-0.7979860091993929,reverted,CCTAGTAAGGAACTGG,-1.0356,6.1244
TACACCGGTATGTGTC-E15S,E15S,Tumor,0.5829581152706175,0.916196908898094,0.413988600718283,0.5153190291266335,-0.7130061652896721,1.3861908403172374,partial,TACACCGGTATGTGTC,-0.0474,5.9305
TATCATCCATGCTGTC-E15S,E15S,Tumor,0.10207828239821212,0.4800854943277826,0.6655257097490943,0.08071292835571793,0.4424860754249782,-0.7979860091993929,persistent,TATCATCCATGCTGTC,0.7366,4.945
CATTCGTTCCTTCAGT-E15S,E15S,Tumor,0.4068715005629777,0.35983815351468695,0.15302058453344658,0.9339368609427665,-0.1639832149553771,2.7027378975975607,memory,CATTCGTTCCTTCAGT,12.4359,6.947
CTCGTAGGTCCATCAG-E15S,E15S,Tumor,0.6919648618814094,1.5535928796081455,0.0738073555138224,0.9687563958783395,0.049661296691158735,-0.7979860091993929,reverted,CTCGTAGGTCCATCAG,-0.0839,5.2606
AACGTAAAGTAGTCCA-E15S,E15S,Tumor,0.8625461048710289,1.0881789393475743,-0.5528483578147064,0.9999354174175744,-0.01034383295734521,-0.7979860091993929,reverted,AACGTAAAGTAGTCCA,1.7966,3.8187
CTCAGTTTCATGGCTA-E15S,E15S,Tumor,0.404432749933278,0.6276558354043217,-0.5176238112733229,0.9999084239501805,-0.0327010534392581,-0.7979860091993929,reverted,CTCAGTTTCATGGCTA,0.7056,5.2516
CTACTGTTCTATGGAT-E15S,E15S,Tumor,0.9690087121363677,0.8469561820824394,0.007257234805330526,0.9836017125443158,0.6181116249979363,-0.7979860091993929,reverting,CTACTGTTCTATGGAT,1.1687,5.0231
CTCTGTTAGTCATCAG-E15S,E15S,Tumor,0.4009020526735078,0.9907135935810625,-0.10635662114298368,0.9946245742897349,0.1597378768439947,-0.7979860091993929,reverted,CTCTGTTAGTCATCAG,0.1595,5.6602
TCACTTATCGATACAT-E15S,E15S,Tumor,1.0588624556020183,0.6299365330374713,-0.18600900606374438,0.9975526092151993,0.10596783968230733,-0.7979860091993929,reverted,TCACTTATCGATACAT,2.3879,3.5929
TAAGCGGAGTAATTGC-E15S,E15S,Tumor,0.3758084275101657,0.6834275647173332,-0.2537243623801134,0.9987479014335074,-0.04329103335918617,-0.7979860091993929,reverted,TAAGCGGAGTAATTGC,2.9059,3.0422
AGCATGAGTCTAGCGC-E15S,E15S,Tumor,0.3339144216420366,0.3906802566413163,0.6056881244324327,0.13712121091725257,-0.4070360274228905,2.4380583198151653,persistent,AGCATGAGTCTAGCGC,12.2448,5.9166
AGTCCTAAGTGCTGCG-E15S,E15S,Tumor,0.7903408213205684,1.3081109086533833,-0.1420489663612118,0.996220654129863,-0.0735025595482729,-0.7979860091993929,reverted,AGTCCTAAGTGCTGCG,1.9683,3.9781
TGACTGATCGAACGTC-E15S,E15S,Tumor,0.5978805601204008,0.6032332360794669,-0.2704607875416132,0.9989391499626692,0.12707693558831126,-0.7979860091993929,reverted,TGACTGATCGAACGTC,3.1489,2.9185
GCATAACCATGCTACC-E15S,E15S,Tumor,0.9895053851678767,0.8462601495151495,0.9427785472330332,0.00558724204408238,0.022604168822006145,-0.7979860091993929,persistent,GCATAACCATGCTACC,0.4919,5.2442
ACCTGGGTCGAATCCA-E15S,E15S,Tumor,0.6628787771483824,1.152665920179751,-0.4621091640666937,0.9998412181434295,0.15559854708505602,-0.7979860091993929,reverted,ACCTGGGTCGAATCCA,2.2373,3.6121
TATACGTAGCGCTCTC-E15S,E15S,Tumor,0.24918555945571458,0.293242660213555,0.6692834993839657,0.07799123837187373,1.3403694100431964,2.1349405476312304,reverting,TATACGTAGCGCTCTC,12.2071,6.4
CGTGTATGTTGTGGCC-E15S,E15S,Tumor,0.2885560955981918,0.6841640480912621,0.17720408539498314,0.9175123950154908,-0.0653662964298301,-0.7979860091993929,reverted,CGTGTATGTTGTGGCC,0.7249,5.5464
GCGCTTGAGCGAGCTT-E15S,E15S,Tumor,0.7924777606673948,0.49051151901723444,-0.16196605314944323,0.9968958182167531,0.18832439563115064,-0.7979860091993929,reverted,GCGCTTGAGCGAGCTT,1.6089,4.5356
GGCAATAGTTGCGGTC-E15S,E15S,Tumor,0.3111695934705307,0.6633845872171278,0.36973614131154786,0.6224732516256533,0.23062729097314577,-0.7979860091993929,partial,GGCAATAGTTGCGGTC,13.2782,5.3945
GTTAGCGCAAACTTAG-E15S,E15S,Tumor,0.11505732136078,0.34455089951596574,0.7356881762440659,0.041952400618959315,0.28476881726039044,-0.7979860091993929,persistent,GTTAGCGCAAACTTAG,11.0028,5.7098
AGCAATTTCTAACTCC-E15S,E15S,Tumor,0.7247365435536339,1.6984043655395558,-0.8193702327977084,0.999995402854663,-0.07877258651168337,-0.7979860091993929,reverted,AGCAATTTCTAACTCC,1.8991,3.9194
ACTGCCTCATTCGCGT-E15S,E15S,Tumor,0.410677595716587,0.4527007099046084,-0.3513737824725077,0.999524123958043,-0.013426826462453544,-0.7979860091993929,reverted,ACTGCCTCATTCGCGT,3.2821,2.8733
TCTGGCGAGGTTCAGC-E15S,E15S,Tumor,0.9857063729897841,1.2402021101619516,-0.4765987478039002,0.9998624636765223,0.08582343923978909,-0.7979860091993929,reverted,TCTGGCGAGGTTCAGC,2.1704,3.8962
CTCAGTAAGGTGCGTT-E15S,E15S,Tumor,0.18063298855374213,0.3149681084916268,0.46729022766671946,0.38528124166562366,-0.5511137013437809,2.5098463712147425,partial,CTCAGTAAGGTGCGTT,12.0351,5.9984
AACAGGCGTTAGGTGA-E15S,E15S,Tumor,0.7286079056523855,0.8243832029121705,-0.2643054183819443,0.9988724644220032,0.5605618740409147,-0.7979860091993929,reverting,AACAGGCGTTAGGTGA,1.4314,4.5551
GCGCTAACATGGTCAG-E15S,E15S,Tumor,0.5515306867224617,0.9197591150236297,-0.05579219064990759,0.9911564177925778,-0.06654895323686384,-0.7979860091993929,reverted,GCGCTAACATGGTCAG,-0.3402,5.4738
TACCGTCCATGGCAGC-E15S,E15S,Tumor,0.2519932861562354,0.8691370488553029,-0.035999815519523304,0.9892595376220256,0.19307438656610426,-0.7979860091993929,reverted,TACCGTCCATGGCAGC,0.3331,5.1299
ACGCATATCCCGTAGG-E15S,E15S,Tumor,0.7377358262940104,1.469254566293567,0.21860290405005045,0.8806445445206116,0.5242374853691015,-0.7979860091993929,reverting,ACGCATATCCCGTAGG,1.048,4.6859
TCAATTGGTTCGAGCC-E15S,E15S,Tumor,0.05664052718370092,0.21683208011508426,0.2596228506095549,0.8308740482695041,0.6010850086030904,-0.7979860091993929,reverting,TCAATTGGTTCGAGCC,13.8801,7.1695
GTGATTGTCTAAGTAC-E15S,E15S,Tumor,0.23017167141819547,0.38057517862508194,0.11134737084893014,0.9552972943049987,0.616227923451958,2.7548482805356573,reverting,GTGATTGTCTAAGTAC,10.352,6.7926
TCACAATAGTTGCGTA-E15S,E15S,Tumor,0.760513043461745,1.181005147352472,0.1838287716750524,0.9124029311120795,-0.06778066677710558,-0.7979860091993929,reverted,TCACAATAGTTGCGTA,0.9053,4.7708
GGTCACTAGCTGGTCG-E15S,E15S,Tumor,0.29105087003568264,0.31430241220004773,0.5657240090813241,0.19105586064661653,0.3462954043804929,-0.7979860091993929,persistent,GGTCACTAGCTGGTCG,1.5343,4.4259
ATTCAGGTCCATGAAT-E15S,E15S,Tumor,0.196260974738124,0.27178128953427366,0.010129391958330122,0.9831360060549371,0.07179370265229391,-0.7979860091993929,reverted,ATTCAGGTCCATGAAT,10.7053,6.8123
ACCATCAAGTCGCACG-E15S,E15S,Tumor,0.3129490650791719,0.49250471018536424,-0.5088927995081524,0.9999001439517565,-5.158689637274963e-05,2.4508149559116803,memory,ACCATCAAGTCGCACG,10.874,6.6954
CGATTAACAACCAGCA-E15S,E15S,Tumor,0.7117424280672923,0.6874936118131189,-0.15444017951607233,0.9966561298148305,0.11448165854216397,-0.7979860091993929,reverted,CGATTAACAACCAGCA,3.8584,3.3053
CGTTGGACAGTTGGAT-E15S,E15S,Tumor,0.1603215631510817,0.4874299234176614,0.7707449120847969,0.030004327890049923,0.8100523584851567,-0.7979860091993929,reverting,CGTTGGACAGTTGGAT,0.0418,5.375
CTGATAGTCGATCGGT-E15S,E15S,Tumor,0.5002690080426913,1.1476173734916908,0.16096478047640755,0.9289077465435461,0.12862335651244436,-0.7979860091993929,reverted,CTGATAGTCGATCGGT,1.6531,4.3057
CACCAAATCCTGATCT-E15S,E15S,Tumor,0.25805864676278395,1.3029472120254524,-0.9349573573972747,0.9999985386067844,-0.13889405091950818,-0.7979860091993929,reverted,CACCAAATCCTGATCT,3.4055,2.7919
CACCGAACAAACCCAG-E15S,E15S,Tumor,0.33587279499715955,0.42988898639989503,0.17886150834124032,0.9162600970508877,0.07801140248107138,-0.7979860091993929,reverted,CACCGAACAAACCCAG,8.8125,18.5861
GTTAGCCAGGCTTACA-E15S,E15S,Tumor,0.4172863939512158,0.4430588772513704,-0.8413171195945804,0.9999963018501588,-0.07472601861040629,-0.7979860091993929,reverted,GTTAGCCAGGCTTACA,1.6266,4.4555
AATGGGTAGTCGAGGA-E15S,E15S,Tumor,0.7266525343920104,0.6629848756716913,0.11447677645576029,0.9539533804891323,0.10763877352959964,-0.7979860091993929,reverted,AATGGGTAGTCGAGGA,-0.9481,6.3333
ATACGCGCATCGGGAC-E15S,E15S,Tumor,0.42984209760243985,0.7723158367514983,0.6756160066830057,0.07359426752555422,0.2008705028008486,-0.7979860091993929,persistent,ATACGCGCATCGGGAC,1.5267,4.4416
CTATTGAGTTCGGGCT-E15S,E15S,Tumor,0.9093484614177832,1.669713089255484,-0.6862431107113502,0.9999827918907155,0.08514816921001109,-0.7979860091993929,reverted,CTATTGAGTTCGGGCT,-0.0273,5.1974
TAACCGATCCATCACT-E15S,E15S,Tumor,0.21096503500524977,0.23369179637978874,0.031780440266940324,0.9791819304459718,0.1883875490091009,2.1410346219362943,memory,TAACCGATCCATCACT,13.6797,7.2954
TACGTCAAGCTTAGGC-E15S,E15S,Tumor,0.9670079315979437,0.744341350698065,-0.055244549441208816,0.9911086957801186,-0.27304396348877524,-0.7979860091993929,reverted,TACGTCAAGCTTAGGC,0.8231,4.9121
CTTGGGACATAACCGG-E15S,E15S,Tumor,0.20824741381768824,0.6293140018208386,0.5637039677605685,0.194170542645312,-1.2529050567162445,-0.7979860091993929,persistent,CTTGGGACATAACCGG,1.8136,4.2742
TGGTCCTCACATGATA-E15S,E15S,Tumor,0.1254698116767913,0.17591429021611396,0.5375896967696917,0.2379028214988152,0.3929125306760919,-0.7979860091993929,persistent,TGGTCCTCACATGATA,10.0189,6.5829
GGCTGACCATGAAGTC-E15S,E15S,Tumor,0.17517522626870147,0.9304225132005426,-1.061634298012405,0.9999995838097837,0.008541782616964078,-0.7979860091993929,reverted,GGCTGACCATGAAGTC,2.5876,3.442
TAGGATGGTCCCGAAC-E15S,E15S,Tumor,0.11991145692353768,0.14322757354755888,0.7834572635880737,0.026545439866416498,-0.4259023575619442,-0.7979860091993929,persistent,TAGGATGGTCCCGAAC,10.2042,8.6349
GGGTTGGGTCTAGCTG-E15S,E15S,Tumor,0.24504808384117452,0.40242105337029155,-0.5234215600362847,0.9999135392888282,0.23761598484124236,-0.7979860091993929,reverted,GGGTTGGGTCTAGCTG,5.3199,14.5575
TAATGTCAGGATGGGC-E15S,E15S,Tumor,0.11223292625218102,0.369470453043357,-0.7177257791524182,0.9999874058284683,-0.007182193392003662,-0.7979860091993929,reverted,TAATGTCAGGATGGGC,3.8489,2.1407
CTTCACTAGGAGCTAG-E15S,E15S,Tumor,0.11607514466851102,0.162758296195059,0.7249336902641407,0.04645374345952342,0.41603957173386014,-0.7979860091993929,persistent,CTTCACTAGGAGCTAG,12.815,6.0472
CACCCATCAAGCCGTA-E15S,E15S,Tumor,0.42523964080012283,0.3386167510075052,-0.8633412392166073,0.9999970273202076,-0.17510425537339105,-0.7979860091993929,reverted,CACCCATCAAGCCGTA,5.4097,14.7882
GCGAGGTAGGATGCGA-E15S,E15S,Tumor,0.18275047648860093,0.1455235275742563,0.31262270000415704,0.743900269440221,0.2773075554484421,2.909567415059021,memory,GCGAGGTAGGATGCGA,9.7856,6.6802
ACCCTATTCGCTCCAC-E15S,E15S,Tumor,0.22374005164345942,0.10106268619476363,-1.1831051345193155,0.999999875194421,-0.04186212485248616,-0.7979860091993929,reverted,ACCCTATTCGCTCCAC,4.0425,1.854
CGCCATAGTGGACACG-E15S,E15S,Tumor,1.4415148446764945,0.772921771308387,0.16714964567993074,0.9247500330112057,0.1110319300061649,-0.7979860091993929,reverted,CGCCATAGTGGACACG,-3.9349,7.5267
CACTTAGAGCAATCTG-E15S,E15S,Tumor,0.2716454743972467,0.8636996912743666,-0.7280601694255091,0.9999886323717333,0.010994604061339591,-0.7979860091993929,reverted,CACTTAGAGCAATCTG,3.6337,2.7768
TAAACGAAGCTATGTG-E15S,E15S,Tumor,0.1815084522872508,0.3615199909372446,0.28581581793034383,0.7911928688267267,0.49569030016344556,2.4938944691411344,reverting,TAAACGAAGCTATGTG,12.3233,7.1444
CACCTCGCAAGCTAGT-E15S,E15S,Tumor,0.1834517124400259,0.26778182263970446,-0.7083566326562346,0.9999861798432442,-1.4443591665483668,1.8596593045053336,memory,CACCTCGCAAGCTAGT,12.9817,8.0129
ATCGTTGAGGGCTAAG-E15S,E15S,Tumor,0.05520991800305244,0.3636608891316424,-0.7933396240651144,0.9999940491853009,-0.02896086383396086,-0.7979860091993929,reverted,ATCGTTGAGGGCTAAG,3.8821,1.9052
AGGAATATCAATGGTT-E15S,E15S,Tumor,0.225118233536403,0.17926081559380241,-1.0062116923315725,0.9999992789862278,0.06427481645404017,-0.7979860091993929,reverted,AGGAATATCAATGGTT,4.1547,1.3089
GTTCCTTAGTCGACGT-E15S,E15S,Tumor,0.13709912039801592,0.48759588206696836,-1.1485276289461464,0.9999998241566223,-0.5050359443660742,-0.7979860091993929,reverted,GTTCCTTAGTCGACGT,3.5165,2.2797
