,sample,cell_group,cycle_s,cycle_g2m,hif_score,theta_normoxic,v_reox,v_hypoxia,n_genes_down,memory_z,hypoxia_kinetics_state,barcodes,umap_x,umap_y
CCGGTTGAGGTAGGCA-E14S,E14S,neutrophil,0.023274463395142404,0.10125430357636735,0.24734349550184864,0.5244352213117732,-0.5709404087319581,0.5709404087319581,0,0.9009468619554105,never_hypoxic,CCGGTTGAGGTAGGCA,14.1156,5.6223
AAAGTAGTCATGCGTA-E14S,E14S,neutrophil,0.041905375993452995,0.0844415306344972,0.41172345597012044,0.16259691558134626,-0.45155398941381114,0.45155398941381114,0,-0.208923469622277,never_hypoxic,AAAGTAGTCATGCGTA,11.5504,8.2196
CACCGAACAAGGTGCC-E14S,E14S,neutrophil,0.03379537991305324,0.08452098259266151,0.5089972235085929,0.06495908263538398,-0.34305795617883883,0.34305795617883883,0,0.24177409764692842,never_hypoxic,CACCGAACAAGGTGCC,13.9621,5.4438
TCATTCATCCGCCACT-E14S,E14S,neutrophil,0.047986246347975284,0.053966728530614724,-0.052851673960138984,0.9633746547278222,-0.4891094494876179,0.4891094494876179,0,-0.5932351407665757,never_hypoxic,TCATTCATCCGCCACT,14.1913,6.1421
TACCGCCTCAGGTCAC-E14S,E14S,neutrophil,0.03555751123890214,0.0429575674142156,-0.20995394718813143,0.9928228897469688,-0.06518483499919912,0.06518483499919912,1,0.47862681581362615,never_hypoxic,TACCGCCTCAGGTCAC,13.5797,4.9515
CCAGACTAGGCATCCG-E14S,E14S,neutrophil,0.035273685436307316,0.0799035356778717,0.19814077026485347,0.6496948667783339,0.3232057941162212,-0.3232057941162212,1,0.3534914086591539,never_hypoxic,CCAGACTAGGCATCCG,14.2021,5.9859
CAGCCATAGGCGATAG-E14S,E14S,neutrophil,0.03211924037443099,0.074424878702572,-0.04831883397754323,0.9616467381428597,-0.4203455293806504,0.4203455293806504,0,0.40517210497407047,never_hypoxic,CAGCCATAGGCGATAG,14.0508,6.5471
GCCTCATCAAGTCCTC-E14S,E14S,neutrophil,0.04629227183610893,0.06273561175084787,0.2277316278262702,0.5756739192107744,-0.7227893953326576,0.7227893953326576,0,-0.5932351407665757,never_hypoxic,GCCTCATCAAGTCCTC,13.6202,5.2742
CGTGACCGTTATGGGA-E14S,E14S,neutrophil,0.02777568766984353,0.08975356090082583,0.06747141093635328,0.8806247589096198,-1.107421509885185,1.107421509885185,0,-0.5932351407665757,never_hypoxic,CGTGACCGTTATGGGA,13.9135,5.8708
CTAATTGGTTCGCACA-E14S,E14S,neutrophil,0.040387892740403615,0.09361570657697958,0.11427553436763008,0.8181441436161049,-2.282537896032816,2.282537896032816,0,0.825760885387048,inducing,CTAATTGGTTCGCACA,14.0288,6.0504
ATGCCAATCGATGAGG-E14S,E14S,neutrophil,0.03441259547411874,0.09131850492816213,0.04369131380918716,0.9046179206438268,0.379128382190054,-0.379128382190054,1,0.915185442179104,never_hypoxic,ATGCCAATCGATGAGG,14.0769,6.7183
TACCGACAGATTGCTG-E14S,E14S,neutrophil,0.03683933637949482,0.08325086777642865,0.03386859326585038,0.9132048518040553,-0.9309571123090492,0.9309571123090492,0,0.7943811565664384,never_hypoxic,TACCGACAGATTGCTG,14.1805,6.0481
CACTGGACATCCGGTT-E14S,E14S,neutrophil,0.03172722995705247,0.058949099235439215,0.14552266070248152,0.7638068148648802,-2.0566069608716413,2.0566069608716413,0,0.5014716165849457,inducing,CACTGGACATCCGGTT,14.3743,5.7273
CACATCAAGCGGATAG-E14S,E14S,neutrophil,0.03902927865025881,0.07374056695201202,0.33187174534706027,0.3110290974892115,-0.8554325113915352,0.8554325113915352,0,0.6646625970804917,never_hypoxic,CACATCAAGCGGATAG,13.9479,6.4616
TAAACGTTCGACTAAT-E14S,E14S,neutrophil,0.029968080123531603,0.05870369840773817,0.43479875426437403,0.13206225846652858,0.014779245080696862,-0.014779245080696862,1,0.039788765715680595,never_hypoxic,TAAACGTTCGACTAAT,14.1874,6.2679
GTGGAACGTTTAGCGT-E14S,E14S,neutrophil,0.018748576681627382,0.08933482647286842,0.3739102471215511,0.22452402077837932,-0.7609614605549921,0.7609614605549921,0,-0.5932351407665757,never_hypoxic,GTGGAACGTTTAGCGT,13.9451,6.0677
TGCCTAAAGCAGGGTA-E14S,E14S,neutrophil,0.044331218065739454,0.10295607061038094,0.333105878031387,0.308241678662044,-2.127161222620194,2.127161222620194,0,-0.5932351407665757,inducing,TGCCTAAAGCAGGGTA,13.9737,6.2525
AACGCTATCTATGGTG-E14S,E14S,neutrophil,0.02513665760551647,0.03502517569655005,0.8762723490083175,0.001431660992113675,0.20787361646966673,-0.20787361646966673,1,1.3482384166327452,never_hypoxic,AACGCTATCTATGGTG,14.1295,5.9582
ATTCCATCATGGATGT-E14S,E14S,neutrophil,0.029672161753079115,0.07665144505565641,-0.1242592716553507,0.9824362708415821,-0.6377889674520355,0.6377889674520355,0,0.5158266898511694,never_hypoxic,ATTCCATCATGGATGT,14.1529,6.3316
ACACAGTCAGGAAGTA-E14S,E14S,neutrophil,0.029678270644322314,0.07520086988471263,0.0629005493650646,0.8856092728133718,0.4302768569958295,-0.4302768569958295,1,-0.5932351407665757,never_hypoxic,ACACAGTCAGGAAGTA,14.5345,6.0928
TAAACGAAGCATCACA-E14S,E14S,neutrophil,0.02786908071605163,0.09237714672352677,0.5296973189087827,0.0528724498119286,1.170971268413243,-1.170971268413243,2,0.5739741502134009,never_hypoxic,TAAACGAAGCATCACA,13.8155,6.2042
AGCAAATGTTCCTGTC-E14S,E14S,neutrophil,0.01777727010572253,0.08905583986205469,-0.0789902721483981,0.9719654925306406,-0.5965373397868755,0.5965373397868755,0,-0.5932351407665757,never_hypoxic,AGCAAATGTTCCTGTC,11.4616,-1.1265
CGGCTAGTCGCGCCTT-E14S,E14S,neutrophil,0.05367731947221378,0.0746069448027338,0.3237822710879592,0.3296345000359873,-0.7550777895017426,0.7550777895017426,0,0.1880991024257146,never_hypoxic,CGGCTAGTCGCGCCTT,11.8713,8.3242
AGAGACTAGGTCACAC-E14S,E14S,neutrophil,0.024607770587579392,0.06013930072659476,0.6514009789685143,0.015194947692409859,-1.7476165625466846,1.7476165625466846,1,1.0163962615144595,never_hypoxic,AGAGACTAGGTCACAC,12.7542,8.4002
GCATCAGCACATTGCC-E14S,E14S,neutrophil,0.028835959395206397,0.07173381334399598,-0.34835297362892315,0.9983278795674285,-0.6410757881631599,0.6410757881631599,0,0.8970168744855367,never_hypoxic,GCATCAGCACATTGCC,12.2347,8.135
GTTAGTTAGCTACCTT-E14S,E14S,neutrophil,0.03867932539012968,0.08142508568212417,0.21234768613324279,0.6148124657375358,-0.6793785411683522,0.6793785411683522,0,1.835961902680274,never_hypoxic,GTTAGTTAGCTACCTT,14.3205,5.9306
CGTTTGGGTAACGGTA-E14S,E14S,neutrophil,0.04555760651595526,0.06606287678983012,0.6685757424937068,0.012705285920888498,-0.46785482588897265,0.46785482588897265,1,0.3225718012249008,never_hypoxic,CGTTTGGGTAACGGTA,13.7841,6.158
CCTGAATGTTCCCAAG-E14S,E14S,neutrophil,0.0254840420841738,0.05381278368000297,0.38749831801606577,0.20051690769141284,-0.01337452981540474,0.01337452981540474,1,-0.08742051708481485,never_hypoxic,CCTGAATGTTCCCAAG,14.0797,6.2012
GTTCTAAGTAAGTGCA-E14S,E14S,neutrophil,0.0383625482135767,0.06830255303477827,-0.17600029387058358,0.9897573434599234,-0.9415926318278592,0.9415926318278592,0,-0.0012483540984884723,never_hypoxic,GTTCTAAGTAAGTGCA,12.3845,8.0237
AATCGCATCGACCCGA-E14S,E14S,neutrophil,0.07389130327182523,0.11528855283812797,-0.03807050519048805,0.957447123147096,-1.0344327560956175,1.0344327560956175,0,2.0340129993319085,never_hypoxic,AATCGCATCGACCCGA,14.1289,5.638
ACTACATAGGGTCCAT-E14S,E14S,neutrophil,0.024826165013503407,0.07630751561412144,0.18045922547130877,0.6909410914371513,-1.8652217658359107,1.8652217658359107,0,1.520589403471889,inducing,ACTACATAGGGTCCAT,14.0489,5.3133
GCTCGTAGTAATTGGG-E14S,E14S,neutrophil,0.029953334584699808,0.061686356808915176,0.44686522081017416,0.1181213843618064,-0.6843356486884674,0.6843356486884674,1,0.9602788773515779,never_hypoxic,GCTCGTAGTAATTGGG,14.0855,5.9862
GCTAATGTCCCGTTGC-E14S,E14S,neutrophil,0.05588597383261988,0.06792000667681652,0.4259904180088994,0.14310006309728937,-0.5387963887269523,0.5387963887269523,0,-0.06311053472277894,never_hypoxic,GCTAATGTCCCGTTGC,13.699,6.0184
GCCAATATCACCTACT-E14S,E14S,neutrophil,0.0526403650615439,0.09027884703813384,0.41879974732149106,0.15267150098803808,-0.6529436516969821,0.6529436516969821,1,-0.02788741176638469,never_hypoxic,GCCAATATCACCTACT,13.5572,6.1734
GGAAAGCCACCTATCA-E14S,E14S,neutrophil,0.04965977404883273,0.0824050334033026,0.2418669283094038,0.5388427267666731,-2.329816679525886,2.329816679525886,0,0.7953339039805589,inducing,GGAAAGCCACCTATCA,14.3913,6.0612
TAGCCAATCCCTGGCT-E14S,E14S,neutrophil,0.03950061011757111,0.07989639589602157,0.47644955409988776,0.08924148517875091,0.4563847954101766,-0.4563847954101766,2,0.3892353294897908,never_hypoxic,TAGCCAATCCCTGGCT,14.0605,5.4743
ACATCTTCAACCTTCA-E14S,E14S,neutrophil,0.03638343298794608,0.044991441637581786,0.38182732072105413,0.21029524751124468,0.2757341834059668,-0.2757341834059668,2,1.1816545805885876,never_hypoxic,ACATCTTCAACCTTCA,14.1347,5.4082
GTCTCGCTCCAGATGC-E14S,E14S,neutrophil,0.024828384507792532,0.064308786508557,0.0265530582158572,0.9191390167938822,-0.7324011725384225,0.7324011725384225,0,0.12646578144913537,never_hypoxic,GTCTCGCTCCAGATGC,14.1248,6.3891
TAATCAGCACTTAGCC-E14S,E14S,neutrophil,0.054409271481865494,0.057334748821527566,-0.05514472482331174,0.964220000695164,-0.20239526072888522,0.20239526072888522,1,0.07788682396491331,never_hypoxic,TAATCAGCACTTAGCC,10.4375,10.5602
GGTGATGAGTTGGGCT-E14S,E14S,neutrophil,0.05998685162554484,0.06731649329873698,-0.11051187427143762,0.97974605033763,-0.40024819438986486,0.40024819438986486,0,-0.5932351407665757,never_hypoxic,GGTGATGAGTTGGGCT,14.5248,6.6694
ACTACCCCACTTCGAC-E14S,E14S,neutrophil,0.22341974075526613,0.3435347159575081,0.47780401429173736,0.08808511508129127,0.06246712603214995,-0.06246712603214995,1,0.03597329025793887,never_hypoxic,ACTACCCCACTTCGAC,-3.3015,6.9111
ATACGTTAGGTCAACC-E14S,E14S,neutrophil,0.012942668672389341,0.0671377020333403,0.08616072181189992,0.858256902615951,-0.5563037539433668,0.5563037539433668,0,0.743455578789412,never_hypoxic,ATACGTTAGGTCAACC,14.4075,6.159
CGAGCCTGTCTGTGTG-E14S,E14S,neutrophil,0.015976532449452942,0.025444107234313944,-0.05819110097915736,0.9653140455199459,-1.2460756813346898,1.2460756813346898,0,0.5982121721942973,never_hypoxic,CGAGCCTGTCTGTGTG,14.4091,6.8667
GCTGTTAAGATTGCAT-E14S,E14S,neutrophil,0.05902126853976667,0.061743768273431816,-0.11541149532494648,0.9807482403453425,0.09471846896112039,-0.09471846896112039,1,-0.5932351407665757,never_hypoxic,GCTGTTAAGATTGCAT,14.2378,4.768
GCATTAACACCTGCTG-E14S,E14S,neutrophil,0.044122540084517436,0.09483687933958197,0.7421614743502647,0.005879057330844187,0.07219754882350878,-0.07219754882350878,1,2.8879495900645633,never_hypoxic,GCATTAACACCTGCTG,13.9378,5.7943
ACCAATGTCTATCCGT-E14S,E14S,neutrophil,0.07154897591291991,0.08292097248822677,-0.13953207664817183,0.9850144966351341,-0.6177579002164422,0.6177579002164422,0,0.211624483519443,never_hypoxic,ACCAATGTCTATCCGT,13.6133,5.1704
TATCCGGGTTGAAGCA-E14S,E14S,neutrophil,0.07012668277512309,0.10826186448254838,0.23374421259345113,0.5600856772294721,-1.9808967167487144,1.9808967167487144,0,0.9976299450952725,inducing,TATCCGGGTTGAAGCA,10.9448,-2.5247
GGTTAAGGTAAGTAAC-E14S,E14S,neutrophil,0.03290796795653988,0.07190953792084877,0.5028228169575905,0.06903593535953198,-0.18186649353898182,0.18186649353898182,0,0.16988804605642488,never_hypoxic,GGTTAAGGTAAGTAAC,13.6752,7.7168
ACCTTCACAAGTGGCC-E14S,E14S,neutrophil,0.03446733797348474,0.09387661434708362,0.12101181348327246,0.8073135953547734,-1.0177419800777676,1.0177419800777676,0,0.8217857964360152,never_hypoxic,ACCTTCACAAGTGGCC,14.3979,5.8204
CACTCCATCCCTGATT-E14S,E14S,neutrophil,0.043189841972595906,0.07205136085270877,0.131230540857525,0.7899586821787157,0.23313857658646137,-0.23313857658646137,1,1.7766858234749485,never_hypoxic,CACTCCATCCCTGATT,14.0982,5.4339
GGCCTAACAGCAGGAG-E14S,E14S,neutrophil,0.0155128356361541,0.07689146586758071,0.45811129029023173,0.10629396415099039,-1.2240232802298028,1.2240232802298028,0,2.2749027798989974,never_hypoxic,GGCCTAACAGCAGGAG,13.9792,5.5549
AGCGACCCAGCTAACG-E14S,E14S,neutrophil,0.03994577822136807,0.05901317111441567,0.07016911635805795,0.8775956073959179,1.3877285119932345,-1.3877285119932345,2,0.8273287855050556,never_hypoxic,AGCGACCCAGCTAACG,14.4446,5.9215
CGGGTAAAGGTAGCTC-E14S,E14S,neutrophil,0.018482600928412356,0.055912952283478,-0.013221626752499535,0.9453687009753745,-2.2689606812940353,2.2689606812940353,0,0.12110559984549468,inducing,CGGGTAAAGGTAGCTC,14.2956,5.8072
TCTCTGGTCAGGCACT-E14S,E14S,neutrophil,0.026374677603578794,0.05235691329232432,0.2952815795023587,0.39922427885703266,0.014689566651476235,-0.014689566651476235,1,-0.5932351407665757,never_hypoxic,TCTCTGGTCAGGCACT,13.6225,5.6126
CCACTAAAGCTAATCG-E14S,E14S,neutrophil,0.021103172538842876,0.06533308220954472,-0.3511634855589073,0.9983767255044211,-0.7107939495052945,0.7107939495052945,0,0.2963209304593372,never_hypoxic,CCACTAAAGCTAATCG,13.9947,5.6818
TACATTCCATCAATCT-E14S,E14S,neutrophil,0.048727207552656165,0.06944991786306066,0.2165728092932877,0.6041875139070058,-1.029624864078182,1.029624864078182,0,0.24224787742347853,never_hypoxic,TACATTCCATCAATCT,13.3071,6.294
GCAGGATGTTAAGTCC-E14S,E14S,neutrophil,0.06513926543035052,0.08438038754436336,0.35835200510670084,0.2544334975387203,-0.30423710553424405,0.30423710553424405,0,0.2563403742842801,never_hypoxic,GCAGGATGTTAAGTCC,13.8419,6.2648
ATGCCAATCAGGTCGT-E14S,E14S,neutrophil,0.012830195354988612,0.06129438574371576,0.7961126429970677,0.003333098542387988,-0.6860771919293528,0.6860771919293528,1,0.7329554349964517,never_hypoxic,ATGCCAATCAGGTCGT,14.029,6.0771
ACGCACTAGTATGGTT-E14S,E14S,neutrophil,0.013295530103471466,0.03998543449741443,1.8627047642137726,4.265160301995726e-08,0.27276980398844713,-0.27276980398844713,1,-0.5932351407665757,never_hypoxic,ACGCACTAGTATGGTT,13.589,5.891
CTAGTAACACAGCGTA-E14S,E14S,neutrophil,0.039634671132264244,0.032913246052739834,0.6232719410571435,0.020346952165321515,-0.01181920287933265,0.01181920287933265,1,-0.5932351407665757,never_hypoxic,CTAGTAACACAGCGTA,11.113,7.8387
CACGTAATCTAGCCAA-E14S,E14S,neutrophil,0.03405011657396355,0.1074247549752062,0.601101617375954,0.025580435329002206,0.19178664841204807,-0.19178664841204807,1,1.3808510931016686,never_hypoxic,CACGTAATCTAGCCAA,12.2752,6.1763
ACATTCAGTTGTCATA-E14S,E14S,neutrophil,0.0,0.02946975475063156,-0.37133314255622313,0.998687881489499,-0.10829792526566823,0.10829792526566823,1,0.2147482565976675,never_hypoxic,ACATTCAGTTGTCATA,14.3725,6.8099
CGGGTGAGTCATCACG-E14S,E14S,neutrophil,0.026584963211055915,0.06821087297745501,0.3567571960680803,0.2576432634318782,-2.285772559937572,2.285772559937572,0,-0.5932351407665757,never_hypoxic,CGGGTGAGTCATCACG,14.2322,6.5893
ACAGGTAGTTGTCCTC-E14S,E14S,neutrophil,0.03456269068127479,0.07386191126672595,0.1530409828796046,0.74917661856417,-2.9953277899262822,2.9953277899262822,0,-0.5932351407665757,inducing,ACAGGTAGTTGTCCTC,14.1542,6.0902
GGTTGGGGTAGTAGTG-E14S,E14S,neutrophil,0.02700705423667992,0.07894081384643033,-0.5974818840249387,0.9998795677359561,0.07120764446661522,-0.07120764446661522,1,-0.5932351407665757,never_hypoxic,GGTTGGGGTAGTAGTG,11.3138,8.6341
TGTATTGGTGAACCGG-E14S,E14S,neutrophil,0.04976197030644308,0.07805803589786808,0.4248809409847582,0.1445435656935073,-1.683435918302156,1.683435918302156,0,0.8797523774119814,never_hypoxic,TGTATTGGTGAACCGG,13.5991,5.7866
AATGACCCAACTAGCG-E14S,E14S,neutrophil,0.0215006350748316,0.05310484187480817,0.15750552842568297,0.7402085987049363,-0.8121858191875017,0.8121858191875017,0,-0.5932351407665757,never_hypoxic,AATGACCCAACTAGCG,14.8218,6.0911
TAGCCCTCAGTACTAA-E14S,E14S,neutrophil,0.022415561334813424,0.0319099769064553,0.34016626460346816,0.2925662107768018,-0.5477378864756552,0.5477378864756552,0,-0.5932351407665757,never_hypoxic,TAGCCCTCAGTACTAA,14.2497,6.4456
TATCTCATCCTCTAAC-E14S,E14S,neutrophil,0.0,0.07460463108007681,-0.3304622052306381,0.9979806417418494,0.13714973996054153,-0.13714973996054153,1,-0.5932351407665757,never_hypoxic,TATCTCATCCTCTAAC,13.9994,4.506
AGCATTTAGGATCACC-E14S,E14S,neutrophil,0.026060228744843962,0.045614153501236626,0.17797693515747937,0.6965136422354435,-0.7846928350370089,0.7846928350370089,0,-0.5932351407665757,never_hypoxic,AGCATTTAGGATCACC,13.2578,5.7703
ACCCGAACAAGCTGGC-E14S,E14S,neutrophil,0.03212643195882365,0.052704122000964145,-0.4066959588835833,0.9990966035559465,-0.5113788839430269,0.5113788839430269,0,2.0346211748397676,never_hypoxic,ACCCGAACAAGCTGGC,14.3187,5.5076
GTATGGCTCCAGCTAA-E14S,E14S,neutrophil,0.015170447539798116,0.07535761626177943,-0.01525877576270037,0.9464697810700099,-0.5472806672463429,0.5472806672463429,0,0.9483522550539213,never_hypoxic,GTATGGCTCCAGCTAA,13.9677,5.9178
AAGCATGGTCAATGTC-E14S,E14S,neutrophil,0.008176709099265824,0.05165442873404141,0.5181714173043274,0.05931378479707011,-0.1531331347328797,0.1531331347328797,1,-0.5932351407665757,never_hypoxic,AAGCATGGTCAATGTC,13.7893,5.0126
ATCGAACCATGGCAGC-E14S,E14S,neutrophil,0.05089403256420037,0.1024783886925376,0.19037049126960126,0.6681433266526532,-0.12961886714760976,0.12961886714760976,0,0.2804718732212313,never_hypoxic,ATCGAACCATGGCAGC,11.1228,-1.103
AGTATAGAGGTAGGGC-E14S,E14S,neutrophil,0.07714231259762115,0.08507424971174714,0.6846051146671778,0.010747058833915918,-0.8090572713629469,0.8090572713629469,1,-0.5932351407665757,never_hypoxic,AGTATAGAGGTAGGGC,13.9859,6.0853
GCCATAATCCTTCAAC-E14S,E14S,neutrophil,0.013473639304086314,0.055362804247225256,0.08939981004678509,0.8540421662140787,-0.6443746170701314,0.6443746170701314,0,0.9690075624925615,never_hypoxic,GCCATAATCCTTCAAC,10.8853,-3.2042
CTCTGTTAGGGGACTA-E14S,E14S,neutrophil,0.04454404967234237,0.06897249964954556,0.38608569385051583,0.2029203735402932,-0.021443672863978303,0.021443672863978303,1,-0.5932351407665757,never_hypoxic,CTCTGTTAGGGGACTA,14.3349,6.3915
GTGCGAAAGTACCATG-E14S,E14S,neutrophil,0.008203587815714425,0.05627363879030485,0.009986261022708581,0.9312308454065757,-0.9553586263522107,0.9553586263522107,0,-0.5932351407665757,never_hypoxic,GTGCGAAAGTACCATG,10.6265,-2.4779
ACATCTTCACATAGAC-E14S,E14S,neutrophil,0.034904923010722955,0.0782903862832372,0.46764846510428315,0.09709400137548667,0.12816417768612054,-0.12816417768612054,2,-0.5932351407665757,never_hypoxic,ACATCTTCACATAGAC,13.2132,6.2704
AGCCGTTAGGTAGTCC-E14S,E14S,neutrophil,0.02601933965155661,0.05164445964242385,0.2521524178953254,0.511749686466944,-2.902401344015581,2.902401344015581,0,2.9919593605219923,inducing,AGCCGTTAGGTAGTCC,13.8077,5.7503
GCTCGTTCATAAGTGC-E14S,E14S,neutrophil,0.015620215534206578,0.09645470788689822,0.24095677568399282,0.5412314907534014,-0.2689762163710169,0.2689762163710169,0,0.9890373862626385,never_hypoxic,GCTCGTTCATAAGTGC,14.2422,6.0189
ACTATCTCACCTAATT-E14S,E14S,neutrophil,0.046675065192502314,0.08222432470654338,1.0734038259552259,0.0001785626939529435,0.6129878904853385,-0.6129878904853385,2,1.0469487905511605,never_hypoxic,ACTATCTCACCTAATT,13.1068,6.4432
TGTCCGGAGTATGGTT-E14S,E14S,neutrophil,0.0,0.07081917046518324,0.27430946854555344,0.4533596027883393,-2.5749030734286937,2.5749030734286937,0,-0.5932351407665757,inducing,TGTCCGGAGTATGGTT,14.2274,6.5624
CAAAGCCTCTGGATCA-E14S,E14S,neutrophil,0.008888635052861265,0.08029868691350134,-0.22507094281384735,0.9938759130586023,-1.2413644715584304,1.2413644715584304,0,0.43738509032826056,never_hypoxic,CAAAGCCTCTGGATCA,13.9874,4.5646
ACTCTAAGTGAGGCCA-E14S,E14S,neutrophil,0.05427108585887983,0.07775546508740155,0.60955450829801,0.02344604918099668,-0.25326616324104,0.25326616324104,1,0.3530536102104742,never_hypoxic,ACTCTAAGTGAGGCCA,14.1568,5.3125
GCCTTCATCAATCGCA-E14S,E14S,neutrophil,0.038386513619734754,0.06816167359770645,0.052035799840652694,0.8967342261841991,-2.4860040178425242,2.4860040178425242,0,-0.5932351407665757,inducing,GCCTTCATCAATCGCA,13.8523,6.0324
TGCAGTCAGGTAATCT-E14S,E14S,neutrophil,0.03367675825614634,0.05533938113605296,0.3817764132352621,0.2103845897848411,-0.215519681446957,0.215519681446957,0,2.8737701562559748,never_hypoxic,TGCAGTCAGGTAATCT,14.0877,4.4825
CAGGCTTAGCCTGTGG-E14S,E14S,neutrophil,0.04774748983093786,0.05687130359668166,0.26578008405763454,0.4757731188276294,-2.3701729714851134,2.3701729714851134,0,0.3294698773287673,inducing,CAGGCTTAGCCTGTGG,13.896,5.6636
CACCAATGTTGGTAAG-E14S,E14S,neutrophil,0.009096227094234145,0.04140980567273237,0.8631821867765854,0.0016436749024453916,-1.049236514634939,1.049236514634939,0,0.461454990417622,never_hypoxic,CACCAATGTTGGTAAG,10.2534,-2.3837
TGTCCCATCAGTATCG-E14S,E14S,neutrophil,0.017549590326936187,0.061550016986391905,0.5446850542488748,0.045481002999636595,-0.13727444568141073,0.13727444568141073,1,-0.5932351407665757,never_hypoxic,TGTCCCATCAGTATCG,13.6976,5.3481
CTACACCCACCTACTA-E14S,E14S,neutrophil,0.0285140126512698,0.08324891417907396,-0.043852043806492824,0.9598675923573945,-1.5524890718689603,1.5524890718689603,0,-0.5932351407665757,never_hypoxic,CTACACCCACCTACTA,10.6852,-2.533
CCTGTCATCGTTACTC-E14S,E14S,neutrophil,0.007162525698242634,0.10002330874667865,-0.2901929099969375,0.9969130066883783,-0.41304631537448805,0.41304631537448805,0,-0.5932351407665757,never_hypoxic,CCTGTCATCGTTACTC,10.7023,-0.7296
GGGTAAGTCCTCTCCT-E14S,E14S,neutrophil,0.03432772493177687,0.06220193959949151,0.12079170946545284,0.8076751086768832,-0.17021681117595744,0.17021681117595744,1,-0.5932351407665757,never_hypoxic,GGGTAAGTCCTCTCCT,14.306,6.13
ACGACAAGTTTGGGTT-E14S,E14S,neutrophil,0.051598693074430865,0.07711845155604011,-0.2425926207316697,0.9949056608075313,-0.7170446470710269,0.7170446470710269,0,2.571791261732123,never_hypoxic,ACGACAAGTTTGGGTT,14.0535,4.4611
GGCTTTGGTTATCGGT-E14S,E14S,neutrophil,0.008221606372207967,0.03627296590211936,0.3542532837880722,0.26273577655384184,0.3154864043968608,-0.3154864043968608,2,-0.5932351407665757,never_hypoxic,GGCTTTGGTTATCGGT,14.2222,6.4676
GGGCTAAAGGTCCAAC-E14S,E14S,neutrophil,0.028750782422264167,0.06668995570272787,-0.3271755594928683,0.997909432961509,-0.5612998867184028,0.5612998867184028,0,-0.5932351407665757,never_hypoxic,GGGCTAAAGGTCCAAC,13.9281,5.1677
AGTGTGGAGGCTCCGA-E14S,E14S,neutrophil,0.0,0.07602014439825873,0.2380140797800305,0.5489413093982494,0.10257477093086804,-0.10257477093086804,1,0.43184339598991606,never_hypoxic,AGTGTGGAGGCTCCGA,10.4895,-2.3212
ATCCTCCGTTAGGGTA-E14S,E14S,neutrophil,0.0279448099573342,0.08874401922655784,0.006021984363109221,0.9338653047017703,-0.8197695881805465,0.8197695881805465,0,-0.5932351407665757,never_hypoxic,ATCCTCCGTTAGGGTA,13.4748,5.2311
TACCGTCCATAGGCAT-E14S,E14S,neutrophil,0.026715013788778778,0.08139486492968835,-0.2660096297790946,0.9960178515997367,-0.31968960312776484,0.31968960312776484,0,0.43928310757160227,never_hypoxic,TACCGTCCATAGGCAT,14.1839,6.8835
TAATAGCTCGCTCGCT-E14S,E14S,neutrophil,0.024918608694032562,0.043166978265625974,0.23057124967557976,0.5683286994854132,-2.665403284036116,2.665403284036116,0,0.3698531961218755,inducing,TAATAGCTCGCTCGCT,11.1003,9.8291
AATTGGTTCACCATAG-E14S,E14S,neutrophil,0.0,0.06428632811069818,0.004333763312316011,0.9349584975649513,-0.719775190439726,0.719775190439726,0,-0.5932351407665757,never_hypoxic,AATTGGTTCACCATAG,14.5358,5.9519
TATCGGGCACCAGGAC-E14S,E14S,neutrophil,0.04290224216159332,0.06832579307216713,-0.47845627499618876,0.9995765577002854,-0.8413208115804783,0.8413208115804783,0,1.8073567616995825,never_hypoxic,TATCGGGCACCAGGAC,14.2274,5.7286
CCGGCTAAGTGGCAAG-E14S,E14S,neutrophil,0.009219764771784681,0.06207143295363783,-0.275315193418045,0.9963894099308013,-0.8796146576963247,0.8796146576963247,0,-0.5932351407665757,never_hypoxic,CCGGCTAAGTGGCAAG,10.9675,-3.0643
GCGGTAAAGGAGTCAG-E14S,E14S,neutrophil,0.033312567866133104,0.03565210218488841,0.3666859825244604,0.23809316711663556,0.5557191479075851,-0.5557191479075851,2,-0.5932351407665757,never_hypoxic,GCGGTAAAGGAGTCAG,14.263,4.8002
GGATAGGTCACCTAGA-E14S,E14S,neutrophil,0.027724656667067388,0.07263325369976668,0.07336296394157897,0.8739240788000244,-2.550206031548623,2.550206031548623,0,-0.5932351407665757,inducing,GGATAGGTCACCTAGA,14.0392,5.5678
CCATCATTCTGGATCA-E14S,E14S,neutrophil,0.03108462697686132,0.06049405013961397,0.07793945627051799,0.8684991959596373,-0.6442505680450836,0.6442505680450836,0,-0.5932351407665757,never_hypoxic,CCATCATTCTGGATCA,12.8946,6.9
ACACGGTTCCAGATGC-E14S,E14S,neutrophil,0.02009996549978153,0.09614511236782422,0.28056904203042315,0.43702504659615354,-0.5906474602597619,0.5906474602597619,0,0.5720411342288044,never_hypoxic,ACACGGTTCCAGATGC,14.3443,6.2597
GTTAAGCCACTTCAAT-E14S,E14S,neutrophil,0.029734219323674135,0.08704466478776636,1.0008458416490247,0.0003842858605182015,1.097087506164895,-1.097087506164895,2,-0.5932351407665757,never_hypoxic,GTTAAGCCACTTCAAT,9.9257,-2.3603
GTGAGCAAGAACGGCA-E14S,E14S,neutrophil,0.01001558318300978,0.07640796212378335,0.1708577392571874,0.7121753339066439,-0.12549519253489466,0.12549519253489466,1,-0.5932351407665757,never_hypoxic,GTGAGCAAGAACGGCA,10.8716,-2.6713
AGTGATTTCGCTCCAC-E14S,E14S,neutrophil,0.044166726375442965,0.12220196109598219,0.6107477499824499,0.023159102963647545,-0.9100292601207485,0.9100292601207485,0,1.2653242677061893,never_hypoxic,AGTGATTTCGCTCCAC,14.2957,5.416
TACGGTCAGCTATACG-E14S,E14S,neutrophil,0.036289821877467994,0.04765506545379304,0.19194900817445137,0.6644348764132673,-1.0276123815575289,1.0276123815575289,0,0.5436026798270591,never_hypoxic,TACGGTCAGCTATACG,11.0137,-2.9489
GCCCATAGTGGCTCGT-E14S,E14S,neutrophil,0.06287499013636362,0.04260650188767894,-0.20417079158366375,0.9923741032471044,-2.126688298432446,2.126688298432446,0,-0.5932351407665757,inducing,GCCCATAGTGGCTCGT,11.2224,-1.1241
CCTCAATTCGATGAGG-E14S,E14S,neutrophil,0.009918603146487293,0.10356718304683633,0.4249919266100321,0.14439862316840985,-0.14124306567558184,0.14124306567558184,1,-0.5932351407665757,never_hypoxic,CCTCAATTCGATGAGG,10.8517,-2.5277
CCGAAATCATGACAGT-E14S,E14S,neutrophil,0.046923213248740846,0.13209843215219008,-0.18089820745121157,0.9902689087481036,-1.8507654033374863,1.8507654033374863,0,-0.5932351407665757,inducing,CCGAAATCATGACAGT,14.3502,5.4721
CTCTGACCAGGAATCT-E14S,E14S,neutrophil,0.045382877542735796,0.09335990956880173,-0.21040701850306864,0.992856920943113,-0.42303882475780985,0.42303882475780985,0,1.698388059133011,never_hypoxic,CTCTGACCAGGAATCT,14.2942,5.4864
CATCCGCTCAGCTAAT-E14S,E14S,neutrophil,0.0,0.053195532712560556,0.09730739513779052,0.8433160001022828,-1.0535093245417904,1.0535093245417904,0,0.7340723944516868,never_hypoxic,CATCCGCTCAGCTAAT,10.3319,-2.2494
TGAGCAAGTGAACTAG-E14S,E14S,neutrophil,0.009999693104257995,0.021475827032873582,-0.7417140220556242,0.9999737618397455,-0.2659080150736108,0.2659080150736108,0,-0.5932351407665757,never_hypoxic,TGAGCAAGTGAACTAG,10.8074,-0.766
TGTAGGTCAATTGGCG-E14S,E14S,neutrophil,0.03385719728430339,0.1099723194516128,-0.12035243104256986,0.9817096069180568,0.267971382336002,-0.267971382336002,1,1.4695749219132188,never_hypoxic,TGTAGGTCAATTGGCG,14.0942,5.693
GGGTGTCCAGGTTCCT-E14S,E14S,neutrophil,0.011004434053713076,0.07717048212748016,-0.1972082631053029,0.9917967165837324,-0.011260389224084191,0.011260389224084191,1,-0.5932351407665757,never_hypoxic,GGGTGTCCAGGTTCCT,13.9461,5.1691
AATCTGGTCACGCACG-E14S,E14S,neutrophil,0.07037391320060107,0.05542494497777131,0.15942197056252258,0.7362957707606685,0.5005139562134714,-0.5005139562134714,2,-0.5932351407665757,never_hypoxic,AATCTGGTCACGCACG,10.335,-2.9649
AAGTGATGTGACGACG-E14S,E14S,neutrophil,0.0,0.050837572995736116,-0.02388261463647781,0.9509029376788448,-0.29909516315967216,0.29909516315967216,0,0.5805373755109628,never_hypoxic,AAGTGATGTGACGACG,14.3052,5.2898
TCTAGCTTCACTCTCG-E14S,E14S,neutrophil,0.020587569875428178,0.07436500717186337,0.48767127825318307,0.0800622687814344,0.9532201974206986,-0.9532201974206986,2,-0.5932351407665757,never_hypoxic,TCTAGCTTCACTCTCG,13.7175,5.3401
GGGGACTAGTCATTCC-E14S,E14S,neutrophil,0.030669274653950383,0.05378375831318084,0.18186474009086404,0.6877608772831321,-1.0739782911558045,1.0739782911558045,0,2.0409605362231145,never_hypoxic,GGGGACTAGTCATTCC,10.8845,9.9036
ACTCTAAGTTATCTGA-E14S,E14S,neutrophil,0.05833275628139196,0.1163321247262538,-0.44489389114050165,0.9993964315072076,-0.36817089173704515,0.36817089173704515,0,-0.5932351407665757,never_hypoxic,ACTCTAAGTTATCTGA,10.9605,-0.5743
ATTCCATCATTCGTTG-E14S,E14S,neutrophil,0.011262516213880478,0.04790578756658149,0.78612414097436,0.003702730926900286,1.7940899222761113,-1.7940899222761113,2,0.7126320698938966,never_hypoxic,ATTCCATCATTCGTTG,10.7075,-2.5441
GGGCTCTGTGCAAGCG-E14S,E14S,neutrophil,0.0,0.04982300568298873,0.32172454908117804,0.3344566306571026,0.37048640361868845,-0.37048640361868845,2,-0.5932351407665757,never_hypoxic,GGGCTCTGTGCAAGCG,11.3044,-2.5037
GGAGCTAAGCTTAGTG-E14S,E14S,neutrophil,0.09461576822233814,0.07231407663520131,0.6259034514959109,0.019800050962424806,0.37614144279385126,-0.37614144279385126,1,-0.5932351407665757,never_hypoxic,GGAGCTAAGCTTAGTG,10.8127,-2.4078
CCTCCTAAGCCTGCGA-E14S,E14S,neutrophil,0.032185332714408404,0.06561563959488828,0.16628802369052775,0.721970403071558,-0.4585338270884236,0.4585338270884236,0,-0.5932351407665757,never_hypoxic,CCTCCTAAGCCTGCGA,10.7096,-2.5645
GCATTAGTCGATCCGG-E14S,E14S,neutrophil,0.0,0.01890567606021381,0.8118719752247868,0.0028232806335215174,3.496084022011845,-3.496084022011845,1,3.7445527643484002,reverting,GCATTAGTCGATCCGG,9.8155,-2.5188
AGCCAGCCACAGCGAC-E14S,E14S,neutrophil,0.0,0.018277275413752323,0.3445538377298667,0.2830642259863838,-1.421349410938053,1.421349410938053,0,-0.5932351407665757,never_hypoxic,AGCCAGCCACAGCGAC,11.0701,-2.962
GCAACGTTCGTTCACT-E14S,E14S,neutrophil,0.022005903122941005,0.06058915522728866,0.1620380294148982,0.7308938467065449,1.0641854932086579,-1.0641854932086579,2,3.1616795165753118,never_hypoxic,GCAACGTTCGTTCACT,10.5746,-2.4116
CCAATCCCAATCCGTC-E14S,E14S,neutrophil,0.01181760185643916,0.09293142018843473,-0.25017838783250124,0.9952962000638954,-0.42153720893054036,0.42153720893054036,0,-0.5932351407665757,never_hypoxic,CCAATCCCAATCCGTC,10.9609,-1.0982
CTCCTCAAGCAGGTCT-E14S,E14S,neutrophil,0.030830886919226946,0.18180581173152752,-0.4932436505607246,0.999637786408157,-0.09577522342574511,0.09577522342574511,0,1.1941560398019213,never_hypoxic,CTCCTCAAGCAGGTCT,11.4456,-1.5526
CCCTCAGCATAAGCTA-E14S,E14S,neutrophil,0.0,0.07840691437816838,0.45519928646168245,0.10925243349147708,0.31440533724350633,-0.31440533724350633,1,-0.5932351407665757,never_hypoxic,CCCTCAGCATAAGCTA,9.9427,-2.8734
AATGGCCTCCAGGCCA-E14S,E14S,neutrophil,0.012560390137498932,0.026462091647085084,-0.09836125713478867,0.9770351831155831,-0.33888840340931087,0.33888840340931087,1,-0.5932351407665757,never_hypoxic,AATGGCCTCCAGGCCA,11.0027,-2.0973
TCGATTAGTCAACCCA-E14S,E14S,neutrophil,0.020119710634451497,0.16189743563814757,-0.49974610309835216,0.9996618286382265,-0.3892315797634685,0.3892315797634685,0,-0.5932351407665757,never_hypoxic,TCGATTAGTCAACCCA,10.8099,-0.5737
ATTCGTAGTGCAACTT-E14S,E14S,neutrophil,0.025120780274997864,0.04818669128624259,0.27828146023615574,0.4429806517125511,-2.94141974260177,2.94141974260177,0,-0.5932351407665757,inducing,ATTCGTAGTGCAACTT,11.0632,-2.8185
TACCAAGTCAGGCTTA-E14S,E14S,neutrophil,0.01380368196716183,0.050817946437076905,-0.16214231316918498,0.9881613267248651,-0.10381817576157004,0.10381817576157004,1,2.7313111640773093,never_hypoxic,TACCAAGTCAGGCTTA,14.2006,5.4684
TGGGAACGTTGCGAGG-E14S,E14S,neutrophil,0.012910029667907087,0.021692606572705837,0.6222145618562949,0.020570847439553556,-1.8840321033603253,1.8840321033603253,0,-0.5932351407665757,never_hypoxic,TGGGAACGTTGCGAGG,10.7736,-3.3065
AAACCAAAGTCGATCA-E14S,E14S,neutrophil,0.018424586033946155,0.032175784024331036,-0.02732639360384794,0.9525741268224334,-0.9081525406563551,0.9081525406563551,0,1.5430603650343708,never_hypoxic,AAACCAAAGTCGATCA,9.7447,-2.2869
CACAGGCCATCCACAC-E14S,E14S,neutrophil,0.03527877338312769,0.07319547067144327,-0.11627832414684552,0.980920412807255,-0.45934320406424733,0.45934320406424733,0,-0.5932351407665757,never_hypoxic,CACAGGCCATCCACAC,10.6587,-2.3393
AAGGGCATCAATCCGA-E14S,E14S,neutrophil,0.04894902746243524,0.07391271498190331,0.6740715922827641,0.011997108031523674,0.26608226071173136,-0.26608226071173136,2,-0.5932351407665757,never_hypoxic,AAGGGCATCAATCCGA,13.9632,7.721
GGTTACATCCCTCAAT-E14S,E14S,neutrophil,0.02206237734437503,0.060713512090388506,-0.29870899010808205,0.9971778986702294,-0.7381453220595044,0.7381453220595044,0,-0.5932351407665757,never_hypoxic,GGTTACATCCCTCAAT,10.8411,-0.9917
TGAGGTTCACATGCGA-E14S,E14S,neutrophil,0.06458611185578508,0.06589875981102793,-0.21506277672904833,0.9931974754288404,-0.9266654178362281,0.9266654178362281,0,1.5135961239589129,never_hypoxic,TGAGGTTCACATGCGA,11.3295,-1.849
CGCCAAGTCATCAGGC-E14S,E14S,neutrophil,0.011554498485548575,0.04600402174801748,-0.3397746018256771,0.9981695284951939,0.4685802186257436,-0.4685802186257436,1,-0.5932351407665757,never_hypoxic,CGCCAAGTCATCAGGC,10.336,-2.4915
CAGGGCAGTCTAGAGA-E14S,E14S,neutrophil,0.05469169887067472,0.08782964892690888,-0.06584119321661477,0.9679210371043557,-0.39538850137469067,0.39538850137469067,0,0.9921143249795615,never_hypoxic,CAGGGCAGTCTAGAGA,14.4016,5.9596
TATACCCTCCAGGGTT-E14S,E14S,neutrophil,0.07414728962129848,0.11025029727015052,-0.5914082795449946,0.9998715867451299,-0.08482143013929942,0.08482143013929942,1,-0.5932351407665757,never_hypoxic,TATACCCTCCAGGGTT,12.0095,-4.121
TGACTGATCTATCCGT-E14S,E14S,neutrophil,0.020171649737414588,0.050316313637268066,0.5329645327065387,0.0511701576966769,2.327050378028138,-2.327050378028138,2,-0.5932351407665757,reverting,TGACTGATCTATCCGT,10.0336,-3.0781
CCCTTACGTAACTTCA-E14S,E14S,neutrophil,0.013133823024641715,0.020916829261466433,-0.5370202457136236,0.9997718914391178,-1.11695351161943,1.11695351161943,0,0.929606514933719,never_hypoxic,CCCTTACGTAACTTCA,10.7706,-2.842
GTGTTATAGGAGGATT-E14S,E14S,neutrophil,0.049627729483772254,0.07893800167329659,-0.28990791685503253,0.9969037257724601,-0.5847492984695486,0.5847492984695486,0,0.845324934124028,never_hypoxic,GTGTTATAGGAGGATT,14.908,6.0209
CCTACCTGTTAGGTTC-E14S,E14S,neutrophil,0.0,0.03379529138433481,-0.432412824102498,0.9993114070783736,0.05211811390071973,-0.05211811390071973,1,-0.5932351407665757,never_hypoxic,CCTACCTGTTAGGTTC,11.0099,-2.8491
GCCTACCTCTGTCACT-E14S,E14S,neutrophil,0.0,0.05533161678395731,0.42573006104292743,0.14343772257206275,1.1931542545176586,-1.1931542545176586,2,0.6235736204297897,never_hypoxic,GCCTACCTCTGTCACT,10.5373,-1.4897
AAATTGCTCTGGTGTA-E14S,E14S,neutrophil,0.046622690338419356,0.03210271186922172,-0.3117880328989863,0.9975412526862742,-1.3961589298795711,1.3961589298795711,0,-0.5932351407665757,never_hypoxic,AAATTGCTCTGGTGTA,11.2911,-2.3599
CCTGGCAAGGTTCCAA-E14S,E14S,neutrophil,0.04249341546174006,0.09287205262614313,0.5957123802212589,0.02703880598498517,-0.6798512375055743,0.6798512375055743,1,-0.5932351407665757,never_hypoxic,CCTGGCAAGGTTCCAA,10.9814,-2.2495
GCTTCCATCCCCTTGA-E14S,E14S,neutrophil,0.011742639670172259,0.07309956706925147,-0.5727289495618487,0.999843572491033,-0.01642204999738607,0.01642204999738607,1,-0.5932351407665757,never_hypoxic,GCTTCCATCCCCTTGA,10.8499,-0.7066
TGTAATGCAAAGGTGA-E14S,E14S,neutrophil,0.0,0.04358288337305919,-0.33917255601155555,0.9981578687977433,-0.7229516123051974,0.7229516123051974,0,1.1697778756617352,never_hypoxic,TGTAATGCAAAGGTGA,10.8316,-2.9143
ACGGTTATCGTCTACT-E14S,E14S,neutrophil,0.014234452439404053,0.02964957215011983,-0.1590508060981668,0.9877730365898559,-1.2176623862897535,1.2176623862897535,0,-0.5932351407665757,never_hypoxic,ACGGTTATCGTCTACT,11.798,-4.6319
CCCATGGAGGGTTGAG-E14S,E14S,neutrophil,0.012292475057833801,0.07620168048495884,-0.21322948588920687,0.9930653440813316,0.32312027852874453,-0.32312027852874453,1,-0.5932351407665757,never_hypoxic,CCCATGGAGGGTTGAG,11.2788,-1.5422
CATCCAGGTGAGACCG-E14S,E14S,neutrophil,0.0,0.0815910781882937,-0.21177536906234956,0.9929587312507083,-1.373501558722315,1.373501558722315,0,-0.5932351407665757,never_hypoxic,CATCCAGGTGAGACCG,11.1473,-2.854
ATGCCCTCACCTACGT-E14S,E14S,neutrophil,0.015997183784732607,0.012738498198953743,-0.5959506526083882,0.9998776036432775,-0.5789696809405936,0.5789696809405936,0,-0.5932351407665757,never_hypoxic,ATGCCCTCACCTACGT,11.8404,-4.8016
AATGCCTGTTAAGCGA-E14S,E14S,neutrophil,0.014201872989514513,0.05220582533919407,-0.47179967491605784,0.9995457169306037,-1.136387757784283,1.136387757784283,0,1.053444865262176,never_hypoxic,AATGCCTGTTAAGCGA,14.1155,5.1454
AGTGAACAGGTTGCGT-E14S,E14S,neutrophil,0.023569638391216646,0.05452176136925914,-0.24474988362909822,0.9950198949590614,-0.9791517172380467,0.9791517172380467,0,-0.5932351407665757,never_hypoxic,AGTGAACAGGTTGCGT,9.5945,-2.8826
GGAGATTAGTTAACCG-E14S,E14S,neutrophil,0.0,0.011808504511738148,0.7108304107884611,0.008167298601343482,-0.4386381688151624,0.4386381688151624,1,1.1261920570379742,never_hypoxic,GGAGATTAGTTAACCG,10.6392,-2.5845
AACTCTTCAAACCGCA-E14S,E14S,neutrophil,0.0,0.0,-0.3324579609379036,0.9980226953866274,-0.6750715728853457,0.6750715728853457,0,2.1527488311599687,never_hypoxic,AACTCTTCAAACCGCA,10.4232,-2.6181
TGCCGTAGTTGGACCC-E14S,E14S,neutrophil,0.0,0.048227962204896724,-0.4177560050968542,0.9991961602690433,-0.7777889370155878,0.7777889370155878,0,-0.5932351407665757,never_hypoxic,TGCCGTAGTTGGACCC,12.5879,-4.8031
ACGTGGTTCGTACACA-E14S,E14S,neutrophil,0.03802027405694552,0.0463963629974609,0.10083417825325372,0.8383288979459587,0.3668189491576479,-0.3668189491576479,1,-0.5932351407665757,never_hypoxic,ACGTGGTTCGTACACA,10.803,-2.6833
CGGATAAGTGAGGTAC-E14S,E14S,neutrophil,0.014386838935954214,0.0,-0.14074622616597332,0.9852026880504396,-0.4605824659683524,0.4605824659683524,0,-0.5932351407665757,never_hypoxic,CGGATAAGTGAGGTAC,9.0953,-2.5183
ACGCATTGTTCCAGCA-E14S,E14S,neutrophil,0.09209236947178344,0.011075079976107372,-0.41007866135875265,0.9991282947625761,-0.9719890558792672,0.9719890558792672,0,-0.5932351407665757,never_hypoxic,ACGCATTGTTCCAGCA,13.4796,5.154
ACGATGGAGTACGCAC-E14S,E14S,neutrophil,0.0,0.035464739955470885,-0.21419335272506243,0.9931351278077553,-0.5512431226190947,0.5512431226190947,0,-0.5932351407665757,never_hypoxic,ACGATGGAGTACGCAC,11.0292,-2.9635
AATGGGCGTTAGTGAG-E14S,E14S,neutrophil,0.02652132825987249,0.07003948477475876,-0.2383713424560832,0.9946745354583355,-0.9556612424419691,0.9556612424419691,0,3.1946505791179525,never_hypoxic,AATGGGCGTTAGTGAG,10.5632,-1.1537
GTGGTTATCTCACCTG-E14S,E14S,neutrophil,0.013142343662530252,0.09142825588195913,-0.21235086889029142,0.9930011189235795,-1.215613017396263,1.215613017396263,0,0.9305944665975613,never_hypoxic,GTGGTTATCTCACCTG,10.8508,-1.0685
CTATATGGTAGTCCCA-E14S,E14S,neutrophil,0.047743393367394325,0.04547170173498733,0.14784972189183088,0.7593422786463695,-0.9976365212573025,0.9976365212573025,0,1.2520165697202272,never_hypoxic,CTATATGGTAGTCCCA,10.1999,-2.0304
AAGTCATTCACCATAG-E14S,E14S,neutrophil,0.01275175606906583,0.0787796928665698,0.18587755799984934,0.6785840324247789,0.1511563012698972,-0.1511563012698972,2,1.834794406474436,never_hypoxic,AAGTCATTCACCATAG,14.6979,5.7584
CTGAATTAGTATGACT-E14S,E14S,neutrophil,0.04204332623851308,0.022319296645136575,0.5624832710209929,0.03798020143206446,0.8731819909242354,-0.8731819909242354,2,1.0317126097876084,never_hypoxic,CTGAATTAGTATGACT,10.3328,-2.6377
TCCACCTGTTGTCCGA-E14S,E14S,neutrophil,0.015471935129853495,0.06618895622019029,-0.37431187124876225,0.9987284835869373,-0.9663719364815069,0.9663719364815069,0,-0.5932351407665757,never_hypoxic,TCCACCTGTTGTCCGA,13.077,-4.7701
GGAGCTGGTTAGACGA-E14S,E14S,neutrophil,0.01488416586652171,0.035556618458912975,0.35949440464735316,0.25215052074235594,0.23360185780694182,-0.23360185780694182,2,-0.5932351407665757,never_hypoxic,GGAGCTGGTTAGACGA,11.1071,-2.8026
ACTCCCTGTATAGCTC-E14S,E14S,neutrophil,0.013661373766967062,0.021757002665910505,-0.5259959977242535,0.9997437184992487,-0.46082251982151035,0.46082251982151035,0,0.9907750143418012,never_hypoxic,ACTCCCTGTATAGCTC,10.6208,-0.7304
GCGAGTTTCCTTCCTC-E14S,E14S,neutrophil,0.04409468732605654,0.04215085096632279,-0.2175934953082391,0.9933757738443495,-0.19439829357127175,0.19439829357127175,1,-0.5932351407665757,never_hypoxic,GCGAGTTTCCTTCCTC,8.8793,-2.6706
GTGGCCATCTTGATGG-E14S,E14S,neutrophil,0.0,0.05953857481167469,-0.12324207477503733,0.9822498505714594,-0.26028581271128165,0.26028581271128165,1,-0.5932351407665757,never_hypoxic,GTGGCCATCTTGATGG,10.6245,-0.8388
TGGGATTCATTCGGGA-E14S,E14S,neutrophil,0.014500746419736464,0.03464067200270377,0.047655219835701326,0.9009423303197138,-1.227511479019719,1.227511479019719,0,-0.5932351407665757,never_hypoxic,TGGGATTCATTCGGGA,11.3474,-2.8369
TGGTGGTTCGACTATG-E14S,E14S,neutrophil,0.03172800081694766,0.0,-0.22053689721234473,0.9935773151361375,-0.7265281580891159,0.7265281580891159,0,1.246165359966871,never_hypoxic,TGGTGGTTCGACTATG,10.3118,-2.3215
CGTGAGAAGTCAGCAC-E14S,E14S,neutrophil,0.0,0.031703205594868646,-0.325478962910637,0.9978716992662822,-0.733601851932003,0.733601851932003,0,2.2458948538649564,never_hypoxic,CGTGAGAAGTCAGCAC,10.8938,-2.8545
TCGGGCATCCACGGCA-E14S,E14S,neutrophil,0.08427803316475035,0.036804876930272415,-0.38066552308051627,0.9988109440793956,-0.42427298957055903,0.42427298957055903,0,0.8776805588132067,never_hypoxic,TCGGGCATCCACGGCA,10.9038,-1.0137
GCTCAAATCGAGTGTC-E14S,E14S,neutrophil,0.027960939484224134,0.023054314931403568,0.2879163047320521,0.41802741608490773,-1.0844505753460072,1.0844505753460072,1,-0.5932351407665757,never_hypoxic,GCTCAAATCGAGTGTC,10.8376,-0.8939
TCACGATGTTGCCTAG-E14S,E14S,neutrophil,0.013784844999576678,0.0843300320520546,-0.1832269449146512,0.9905031801828129,-0.682955372624862,0.682955372624862,0,-0.5932351407665757,never_hypoxic,TCACGATGTTGCCTAG,11.2423,-1.5361
ACCATAACAATCAGGT-E14S,E14S,neutrophil,0.0,0.06821425368108243,-0.08641082414735145,0.9740246907582119,-0.06445651944396756,0.06445651944396756,1,-0.5932351407665757,never_hypoxic,ACCATAACAATCAGGT,13.8055,4.4184
GTACCAGCATGTCGTC-E14S,E14S,neutrophil,0.0,0.05702929349860694,0.09850170515214868,0.8416413450867763,-0.38592559121676867,0.38592559121676867,0,-0.5932351407665757,never_hypoxic,GTACCAGCATGTCGTC,10.6498,-2.3153
GCTCGATAGCTGGTGT-E14S,E14S,neutrophil,0.0,0.08451886578717806,0.2691572803050638,0.4668817704033263,0.24741678974365128,-0.24741678974365128,1,-0.5932351407665757,never_hypoxic,GCTCGATAGCTGGTGT,11.0958,-2.9665
CTGTGGACAGCTCGAA-E14S,E14S,neutrophil,0.012662240347030944,0.026657538284622896,0.01634048571679456,0.9268047717259078,-0.8450078749618087,0.8450078749618087,0,-0.5932351407665757,never_hypoxic,CTGTGGACAGCTCGAA,10.8837,-3.0431
AGCCTCAGTTTGGCTG-E14S,E14S,neutrophil,0.0,0.02947511819738762,0.08749943762517574,0.8565274040500632,-0.7300212963141715,0.7300212963141715,0,2.058861257983335,never_hypoxic,AGCCTCAGTTTGGCTG,10.256,-2.4431
CCTTTCAGTCATCAGT-E14S,E14S,neutrophil,0.0,0.06213504716788139,-0.44904483687981217,0.9994223164398484,-0.5156433529221259,0.5156433529221259,0,-0.5932351407665757,never_hypoxic,CCTTTCAGTCATCAGT,10.7027,-1.0035
CAGTGTTGTGGACCGA-E14S,E14S,neutrophil,0.0,0.08498974564704813,0.3482024480980899,0.2753064742995771,1.7796245048135664,-1.7796245048135664,2,0.9345594674215403,never_hypoxic,CAGTGTTGTGGACCGA,11.0588,-2.8341
ACAGGGATCCGCCTAC-E14S,E14S,neutrophil,0.04749833537837853,0.037822748542042164,0.8551129825094312,0.0017897000349795056,1.2807877496529272,-1.2807877496529272,2,-0.5932351407665757,never_hypoxic,ACAGGGATCCGCCTAC,10.2562,-1.8129
GCGATGTTCCCCAGCT-E14S,E14S,neutrophil,0.0,0.12879697565145437,0.09438748667749931,0.8473495531116567,-0.5499064095249192,0.5499064095249192,0,-0.5932351407665757,never_hypoxic,GCGATGTTCCCCAGCT,10.9612,-0.9227
AGTACCGCACATGCTC-E14S,E14S,neutrophil,0.022216397754945005,0.0884541762465403,0.11670564214546987,0.8142926042565264,-0.724591482165628,0.724591482165628,0,-0.5932351407665757,never_hypoxic,AGTACCGCACATGCTC,11.1593,-3.0217
ATTCATGGTCATTGCG-E14S,E14S,neutrophil,0.0,0.018044661994090133,1.2842081876768594,1.9254128647815517e-05,-1.5292934802971707,1.5292934802971707,0,-0.5932351407665757,never_hypoxic,ATTCATGGTCATTGCG,11.5673,-3.4756
ATCGGGCCACTCAAGG-E14S,E14S,neutrophil,0.0,0.051455223047259184,-0.7133739604265855,0.9999646022324091,-0.17681942792578986,0.17681942792578986,0,-0.5932351407665757,never_hypoxic,ATCGGGCCACTCAAGG,12.7537,-4.5135
AATCCAACACATGCCT-E14S,E14S,neutrophil,0.05250984600473139,0.0,-0.6572037691454131,0.9999359209018567,-0.21908703659604517,0.21908703659604517,0,-0.5932351407665757,never_hypoxic,AATCCAACACATGCCT,9.2781,-2.8502
CCCTACGCAAGGGTCC-E14S,E14S,neutrophil,0.0,0.07067677848185606,-0.08291588472363513,0.9730738602748674,-0.9733940035366708,0.9733940035366708,0,-0.5932351407665757,never_hypoxic,CCCTACGCAAGGGTCC,11.434,-2.7354
CTGTCATTCCGCGCAA-E14S,E14S,neutrophil,0.0,0.0,-0.7070818548066965,0.9999621689895369,-0.2871888280320033,0.2871888280320033,0,-0.5932351407665757,never_hypoxic,CTGTCATTCCGCGCAA,11.7363,-4.5847
TCGCCTATCGTACACA-E14S,E14S,neutrophil,0.0,0.01226583353796544,-0.32962324628326684,0.9979626981993465,-1.2293225806331007,1.2293225806331007,0,-0.5932351407665757,never_hypoxic,TCGCCTATCGTACACA,11.0983,-3.709
AGAAGTTGTGGGTCAG-E14S,E14S,neutrophil,0.02399195447704219,0.07596197465697022,0.20284358781349068,0.6383033896223823,-0.1215663783603097,0.1215663783603097,0,-0.5932351407665757,never_hypoxic,AGAAGTTGTGGGTCAG,10.2868,-2.5731
AATGCGGAGCCGACCA-E14S,E14S,neutrophil,0.023400178602679053,0.06634000336285736,-0.2811959336989395,0.9966061925054386,-0.2161489363936886,0.2161489363936886,0,-0.5932351407665757,never_hypoxic,AATGCGGAGCCGACCA,10.7964,-2.4835
GCTCCGTTCAGGGATG-E14S,E14S,neutrophil,0.05909925182454112,0.01894674566099078,-0.12114830955476887,0.9818599931492628,-0.40066856683285257,0.40066856683285257,0,2.165585823142059,never_hypoxic,GCTCCGTTCAGGGATG,10.3635,-2.7668
GTGACTATCCATCAAG-E14S,E14S,neutrophil,0.05747697745288376,0.015256234756012354,-0.03531421102478631,0.9562446473327746,-0.39185007097911256,0.39185007097911256,1,-0.5932351407665757,never_hypoxic,GTGACTATCCATCAAG,9.267,-3.125
GGGACCTCAGGGCCAT-E14S,E14S,neutrophil,0.0,0.0,-0.20821178563603815,0.9926905260996978,-1.2440007751823063,1.2440007751823063,0,-0.5932351407665757,never_hypoxic,GGGACCTCAGGGCCAT,10.1989,-2.9414
AAACCCGCACTATCCA-E14S,E14S,neutrophil,0.0,0.04429669719306406,-0.5983040892153675,0.9998806093326339,0.05175927826063144,-0.05175927826063144,2,-0.5932351407665757,never_hypoxic,AAACCCGCACTATCCA,11.4103,-3.7628
GCCAATATCCGGACAT-E14S,E14S,neutrophil,0.036451679178166226,0.0,0.3040794300238412,0.37715133988924926,-0.25777097523677556,0.25777097523677556,1,-0.5932351407665757,never_hypoxic,GCCAATATCCGGACAT,9.8834,-2.1657
GTGAGTAGTGCGGTCT-E14S,E14S,neutrophil,0.0,0.045585222202582494,-0.4287789279347221,0.9992844730110728,-0.43982234182456537,0.43982234182456537,0,-0.5932351407665757,never_hypoxic,GTGAGTAGTGCGGTCT,10.9978,-3.6237
CCTATGTTCGACCAGT-E14S,E14S,neutrophil,0.0,0.06795269492832702,0.010755309766065563,0.9307086410819504,-0.1685154955830554,0.1685154955830554,1,-0.5932351407665757,never_hypoxic,CCTATGTTCGACCAGT,11.6349,-3.3757
TAAGCGGAGCCCGTTC-E14S,E14S,neutrophil,0.0,0.043022810743985083,-0.4316917457382479,0.9993061443308559,-1.084268366753443,1.084268366753443,0,-0.5932351407665757,never_hypoxic,TAAGCGGAGCCCGTTC,11.0601,-2.2307
CGGGTGAGTTGGAGCG-E14S,E14S,neutrophil,0.0,0.023520338709920947,-0.010644250163004219,0.9439450401948675,-0.9588835919266191,0.9588835919266191,0,-0.5932351407665757,never_hypoxic,CGGGTGAGTTGGAGCG,9.73,-2.2142
CGGTTTGGTGATAGCA-E14S,E14S,neutrophil,0.0,0.14008078751681263,-0.4066653240049594,0.9990963113522824,-0.4246691316586974,0.4246691316586974,0,-0.5932351407665757,never_hypoxic,CGGTTTGGTGATAGCA,10.7079,-0.7259
GTCCACCTCTAACTCC-E14S,E14S,neutrophil,0.021662326353527873,0.0344992604889518,0.05037828891911682,0.8983447675539072,-0.3268858828750369,0.3268858828750369,1,-0.5932351407665757,never_hypoxic,GTCCACCTCTAACTCC,10.7037,-2.7203
TACCCTTAGTAAGCAA-E14S,E14S,neutrophil,0.04929853882556686,0.019628121939809028,-0.7935148341157074,0.9999848212728402,-0.2610734551880534,0.2610734551880534,0,-0.5932351407665757,never_hypoxic,TACCCTTAGTAAGCAA,11.4167,-2.8112
AGCGACAAGTGGCGAA-E14S,E14S,neutrophil,0.052842748900894854,0.030634818214739765,-0.5352989491510268,0.9997677057672671,-0.23178932788419654,0.23178932788419654,0,-0.5932351407665757,never_hypoxic,AGCGACAAGTGGCGAA,11.5324,-2.9064
TATCTTGTCTAGCTGA-E14S,E14S,neutrophil,0.024513888252906093,0.01952031842361041,-0.16095700545916108,0.9880139146441785,-0.7088922812943145,0.7088922812943145,0,-0.5932351407665757,never_hypoxic,TATCTTGTCTAGCTGA,10.7695,-2.9278
TACGCAATCGCTATGA-E14S,E14S,neutrophil,0.0,0.049945966425087224,-0.37232703642905324,0.9987015708730589,-0.23864677543837431,0.23864677543837431,1,-0.5932351407665757,never_hypoxic,TACGCAATCGCTATGA,12.7968,-4.6255
CAGCTAATCTAGTCGA-E14S,E14S,neutrophil,0.0,0.029887136515546784,-0.10298722078772642,0.9781066884945707,-0.715621847646331,0.715621847646331,1,-0.5932351407665757,never_hypoxic,CAGCTAATCTAGTCGA,11.3547,-2.5675
CCATCGCTCAATGTAC-E14S,E14S,neutrophil,0.01779080720262258,0.06459876073457359,-0.43575217443105513,0.9993352637562674,-0.10306052505703076,0.10306052505703076,1,-0.5932351407665757,never_hypoxic,CCATCGCTCAATGTAC,12.1307,-4.6162
CATACTGAGCATGATT-E14S,E14S,neutrophil,0.0,0.021893457595333503,-0.03739844435251711,0.9571568699637739,-1.088432358637764,1.088432358637764,0,-0.5932351407665757,never_hypoxic,CATACTGAGCATGATT,10.9266,-2.4077
GCACGAGGTGAACCAA-E14S,E14S,neutrophil,0.01962324849789485,0.02397830803297927,0.1465177799899,0.7619046777807014,-0.5319553132156779,0.5319553132156779,0,-0.5932351407665757,never_hypoxic,GCACGAGGTGAACCAA,10.9204,-3.2627
CTAGGTTGTTGAGTCT-E14S,E14S,neutrophil,0.0,0.0,0.10602530844767717,0.8307562746601926,0.4298701493934979,-0.4298701493934979,2,-0.5932351407665757,never_hypoxic,CTAGGTTGTTGAGTCT,9.5136,-2.5538
GGGTCAAAGTATGAAG-E14S,E14S,neutrophil,0.0,0.035586686894723725,-0.4551159773051172,0.9994581907260143,-0.2603040604525012,0.2603040604525012,1,-0.5932351407665757,never_hypoxic,GGGTCAAAGTATGAAG,11.5323,-2.8597
GGACATAGTCTGGGCT-E14S,E14S,neutrophil,0.033867756411889244,0.03602565901261144,-0.6961272480312539,0.999957526869806,-0.17084312076657732,0.17084312076657732,0,-0.5932351407665757,never_hypoxic,GGACATAGTCTGGGCT,11.4054,-2.5963
GTACGTTGTGGGTCGA-E14S,E14S,neutrophil,0.022594196505376505,0.08995837497511017,-0.24099214296100963,0.9948192292286866,-0.1417568277960684,0.1417568277960684,1,-0.5932351407665757,never_hypoxic,GTACGTTGTGGGTCGA,9.79,-1.8034
GGCGGTAGTTGTCCGA-E14S,E14S,neutrophil,0.020491828188480065,0.03263513378165344,0.15169550937757748,0.7518385560030474,-0.31941004584158805,0.31941004584158805,1,-0.5932351407665757,never_hypoxic,GGCGGTAGTTGTCCGA,11.445,-2.829
CCATGTCCATTGCCGT-E14S,E14S,neutrophil,0.0,0.06867890883884498,-0.260116155176429,0.9957630803248261,-0.6233058040155968,0.6233058040155968,0,-0.5932351407665757,never_hypoxic,CCATGTCCATTGCCGT,11.2078,-3.3031
AACGCTCAGGATCACC-E14S,E14S,neutrophil,0.0,0.0,0.6038390857631224,0.024869274764065256,1.0719147686823867,-1.0719147686823867,2,-0.5932351407665757,never_hypoxic,AACGCTCAGGATCACC,9.5708,-3.4537
TCACTCCGTTGGTTCG-E14S,E14S,neutrophil,0.0,0.06557313878790715,-0.5316137399599837,0.9997584844726846,-0.41023752728234886,0.41023752728234886,0,-0.5932351407665757,never_hypoxic,TCACTCCGTTGGTTCG,12.9258,-4.7067
ACAATTCAGCCTATCT-E14S,E14S,neutrophil,0.033431618968249775,0.07981653169617191,0.5844072955030015,0.030365244082065913,1.0941352980363894,-1.0941352980363894,2,-0.5932351407665757,never_hypoxic,ACAATTCAGCCTATCT,9.638,-2.8823
ACTGATTAGTGCCTGG-E14S,E14S,neutrophil,0.0,0.08331384114269264,-0.09821184524216056,0.976999734528863,-0.47466086591485085,0.47466086591485085,0,1.5946683424480452,never_hypoxic,ACTGATTAGTGCCTGG,10.1566,-2.4081
GTGAGCAAGGCAATCC-E14S,E14S,neutrophil,0.023034413785571164,0.018342218384806666,-0.6730505814282599,0.9999457995297307,-0.45032535530244844,0.45032535530244844,0,-0.5932351407665757,never_hypoxic,GTGAGCAAGGCAATCC,11.1199,-3.993
GGTGATAGTAGCCATT-E14S,E14S,neutrophil,0.02162603634720374,0.034441465293694844,-0.4401388520482245,0.9993653520076698,-0.951617021929011,0.951617021929011,0,-0.5932351407665757,never_hypoxic,GGTGATAGTAGCCATT,11.0113,-2.5433
CGAGCCTGTTGGATAG-E14S,E14S,neutrophil,0.016451648901683692,0.03916759564813126,0.05562881034535974,0.8931653614188629,-2.5850721638930123,2.5850721638930123,0,1.314302078627575,inducing,CGAGCCTGTTGGATAG,10.5626,-2.1869
CCGACTAGTTATGACC-E14S,E14S,neutrophil,0.04403996654993249,0.10520658675817206,-0.11050738955569375,0.9797451100049867,-0.8928346494099213,0.8928346494099213,1,-0.5932351407665757,never_hypoxic,CCGACTAGTTATGACC,11.3787,-2.532
CAACTGATCATCAGTG-E14S,E14S,neutrophil,0.0,0.06070473598855422,-0.39269447377613836,0.9989527131740688,-1.1477127579492712,1.1477127579492712,0,2.353154725692504,never_hypoxic,CAACTGATCATCAGTG,9.7106,-2.7213
CCCGCATTCGAGTCCG-E14S,E14S,neutrophil,0.0,0.018221933013159868,-0.3844695029929071,0.9988577347221314,-0.764303683234711,0.764303683234711,0,-0.5932351407665757,never_hypoxic,CCCGCATTCGAGTCCG,11.0763,-2.8059
AGCATTGTCGACCGAT-E14S,E14S,neutrophil,0.0,0.046864820427656155,-0.6708318569445719,0.9999445139578215,-0.39131846051556085,0.39131846051556085,1,-0.5932351407665757,never_hypoxic,AGCATTGTCGACCGAT,12.6291,-4.4205
TCTCAATCACCAATCC-E14S,E14S,neutrophil,0.02142874498699133,0.04876285007244893,-0.2697145337670898,0.9961701406274173,-0.45459058416428366,0.45459058416428366,0,-0.5932351407665757,never_hypoxic,TCTCAATCACCAATCC,11.5032,-2.8934
AAAGCATGTGACGAGT-E14S,E14S,neutrophil,0.0,0.04475613553280665,0.06771463962756302,0.8803543268222619,-0.28798442729173773,0.28798442729173773,1,-0.5932351407665757,never_hypoxic,AAAGCATGTGACGAGT,10.0267,-2.0384
GCTATCCCATAACGAC-E14S,E14S,neutrophil,0.034419301354434544,0.07019486940722836,0.868109448324177,0.0015604217339875242,0.634989173393323,-0.634989173393323,1,-0.5932351407665757,never_hypoxic,GCTATCCCATAACGAC,10.7584,-2.2295
ACGGCCATCGTTGCGG-E14S,E14S,neutrophil,0.0,0.03530037302447279,-0.44316116839007696,0.9993852864148243,-0.5260340438953445,0.5260340438953445,0,1.976794849508221,never_hypoxic,ACGGCCATCGTTGCGG,11.1392,-3.2865
ACTGCCCTCATCAGCA-E14S,E14S,neutrophil,0.0,0.039429034704328236,-0.1670693576786425,0.9887551212692071,-0.6313859443257159,0.6313859443257159,0,-0.5932351407665757,never_hypoxic,ACTGCCCTCATCAGCA,11.2803,-2.9455
ACGGGGACAATCTAAG-E14S,E14S,neutrophil,0.0,0.02853854620942125,0.12548181780840206,0.7998597115047086,-0.7964527560961409,0.7964527560961409,0,-0.5932351407665757,never_hypoxic,ACGGGGACAATCTAAG,11.0922,-3.3706
CCAATTAGTGGACAGT-E14S,E14S,neutrophil,0.05505967561665476,0.08531260353040786,0.22487225439223074,0.5830365984985345,0.6680202132737616,-0.6680202132737616,2,-0.5932351407665757,never_hypoxic,CCAATTAGTGGACAGT,11.3696,-4.3755
TGGCGAGGTTGCCTCT-E14S,E14S,neutrophil,0.04049482920772971,0.05685507217975012,-0.4755725888623302,0.999563462890901,0.4109449928398149,-0.4109449928398149,1,-0.5932351407665757,never_hypoxic,TGGCGAGGTTGCCTCT,11.1642,-2.6752
TGCCGATAGCGCTATA-E14S,E14S,neutrophil,0.02701249989977934,0.04578390867805511,-0.12152448615462136,0.9819306510450855,-0.40861242240283213,0.40861242240283213,1,-0.5932351407665757,never_hypoxic,TGCCGATAGCGCTATA,10.5722,-0.622
GCAACGGGTAACTCGT-E14S,E14S,neutrophil,0.038224892656035216,0.030438340448324337,0.3236552079515573,0.3299312404082811,-0.4906011196356327,0.4906011196356327,0,-0.5932351407665757,never_hypoxic,GCAACGGGTAACTCGT,11.1287,-2.4207
TACGCTGGTTTCCAGG-E14S,E14S,neutrophil,0.0,0.02229518886375486,-0.3183584196474851,0.9977057780849026,-0.3689234500143064,0.3689234500143064,1,-0.5932351407665757,never_hypoxic,TACGCTGGTTTCCAGG,10.5137,-2.951
TACGGGCCACAGGGCT-E14S,E14S,neutrophil,0.0,0.02732012900255112,0.019800029880413433,0.9242860322907881,-0.2714954935619979,0.2714954935619979,1,-0.5932351407665757,never_hypoxic,TACGGGCCACAGGGCT,11.3014,-2.8669
AACGCGCCAAGTGAGA-E14S,E14S,neutrophil,0.0,0.021128832090602255,0.05342177905271016,0.8953702301635906,-0.9088664038432361,0.9088664038432361,0,-0.5932351407665757,never_hypoxic,AACGCGCCAAGTGAGA,10.4092,-2.1679
ACCATTAGTTAGCACT-E14S,E14S,neutrophil,0.0,0.06483226582560428,-0.28819305146941876,0.9968472903121549,-0.8210833458516072,0.8210833458516072,0,-0.5932351407665757,never_hypoxic,ACCATTAGTTAGCACT,9.5993,-2.7511
AGCTAATTCTAGTCTC-E14S,E14S,neutrophil,0.0,0.026634150982086706,-0.46843405357060297,0.9995292790531841,-0.8300414223543406,0.8300414223543406,0,-0.5932351407665757,never_hypoxic,AGCTAATTCTAGTCTC,11.1311,-3.3337
AATCGGTCACCTGCTG-E14S,E14S,neutrophil,0.0,0.05657024681458495,0.45311362015557016,0.111415561618659,-0.6129122346473738,0.6129122346473738,0,-0.5932351407665757,never_hypoxic,AATCGGTCACCTGCTG,11.0699,-3.0939
GTCCCATCAATCGACG-E14S,E14S,neutrophil,0.0272718737836185,0.08027792230487932,-0.7935148341157074,0.9999848212728402,-0.1652822402061063,0.1652822402061063,0,-0.5932351407665757,never_hypoxic,GTCCCATCAATCGACG,12.6854,-4.6368
CCTTGAAAGGTAGGTG-E14S,E14S,neutrophil,0.043348904071213154,0.057316426522109054,-0.019120590888602754,0.9484998502774175,-0.7800221892747385,0.7800221892747385,0,-0.5932351407665757,never_hypoxic,CCTTGAAAGGTAGGTG,10.9396,-1.1573
TCCTTAATCTGTCTAC-E14S,E14S,neutrophil,0.0,0.01710143340940069,0.2915532744053796,0.4087090180639705,1.1430048320134392,-1.1430048320134392,2,-0.5932351407665757,never_hypoxic,TCCTTAATCTGTCTAC,10.3361,-2.206
TGAGATGGTAGTCCAT-E14S,E14S,neutrophil,0.0176208279136389,0.04209420001591515,-0.09475277209105634,0.9761639593289081,-0.006338730125180658,0.006338730125180658,1,-0.5932351407665757,never_hypoxic,TGAGATGGTAGTCCAT,11.2328,-3.0848
CGATTACGTGGCGAAT-E14S,E14S,neutrophil,0.04234319666560375,0.10658325493826618,0.2222785115698611,0.5896835089595902,-2.3566862427594613,2.3566862427594613,0,-0.5932351407665757,inducing,CGATTACGTGGCGAAT,11.2984,-2.3367
TCGGTTGGTGATAGCA-E14S,E14S,neutrophil,0.0,0.05747616740318536,-0.6841600595483137,0.9999518022630874,-0.37312983889509765,0.37312983889509765,0,-0.5932351407665757,never_hypoxic,TCGGTTGGTGATAGCA,11.8905,-4.8065
GCAATGAGTGGAGCAT-E14S,E14S,neutrophil,0.02489220678663577,0.0322666977936603,-0.07505950270912394,0.9708113252729131,-1.66427680100578,1.66427680100578,0,4.555516006403271,never_hypoxic,GCAATGAGTGGAGCAT,10.6674,-2.7157
GGGATATAGTGACGGA-E14S,E14S,neutrophil,0.035101358988281386,0.02184891576893802,-0.13697755435105863,0.9846108202267463,-1.2418392027314398,1.2418392027314398,0,-0.5932351407665757,never_hypoxic,GGGATATAGTGACGGA,9.7543,-1.8076
GTCCTTTAGGAATTGA-E14S,E14S,neutrophil,0.0,0.018140891576682364,-0.33540981682437027,0.9980832983520498,0.1535724899889937,-0.1535724899889937,1,-0.5932351407665757,never_hypoxic,GTCCTTTAGGAATTGA,11.2113,-2.6677
TCTAGTGAGGTATGAA-E14S,E14S,neutrophil,0.019472310299932658,0.02382505408191533,0.4246175087503024,0.14488808111552753,1.3300801238363542,-1.3300801238363542,2,-0.5932351407665757,never_hypoxic,TCTAGTGAGGTATGAA,10.0723,-2.0358
CTTGATGAGTGGCTGT-E14S,E14S,neutrophil,0.0,0.014774855052990645,-0.40348652644634336,0.999065472163713,-0.5716732946385588,0.5716732946385588,0,-0.5932351407665757,never_hypoxic,CTTGATGAGTGGCTGT,10.1819,-3.3169
GGAAAGCCAGGGATGG-E14S,E14S,neutrophil,0.023950488864135543,0.03814337115399364,-0.5405171010298251,0.9997801639772579,-0.2279831573620406,0.2279831573620406,1,-0.5932351407665757,never_hypoxic,GGAAAGCCAGGGATGG,11.1596,-2.2576
ATCATCAGTTTCAGGT-E14S,E14S,neutrophil,0.0,0.021310569410090484,1.423462506836708,4.421015871802221e-06,-0.7046277449641467,0.7046277449641467,0,2.5097803687746696,never_hypoxic,ATCATCAGTTTCAGGT,11.1277,-2.2491
AGGTTGGAGCCCTTGC-E14S,E14S,neutrophil,0.0,0.0,-0.17034986189304901,0.9891340512565501,0.02543465410816774,-0.02543465410816774,1,-0.5932351407665757,never_hypoxic,AGGTTGGAGCCCTTGC,9.2517,-2.8517
ATGCTTAGTAGTGTCT-E14S,E14S,neutrophil,0.019390575593566377,0.060334659057738015,-0.2948497668876412,0.9970607891307427,-0.5284914604203951,0.5284914604203951,0,1.6550650066076027,never_hypoxic,ATGCTTAGTAGTGTCT,13.5447,5.0199
GTCCACCTCACGCCGA-E14S,E14S,neutrophil,0.0,0.07473399598496647,0.10746526417091913,0.8286063094395199,1.085888702652991,-1.085888702652991,2,-0.5932351407665757,never_hypoxic,GTCCACCTCACGCCGA,11.3745,-2.9853
ATCCTGAAGTTGCTGA-E14S,E14S,neutrophil,0.0,0.08664725460276043,-0.0902600818284685,0.9750341044997874,-0.4547645609703981,0.4547645609703981,0,-0.5932351407665757,never_hypoxic,ATCCTGAAGTTGCTGA,11.1921,-3.0272
CGCTGCAAGCATGATT-E14S,E14S,neutrophil,0.0,0.015625920100175526,-0.3909225816184983,0.9989329423627189,-0.5911385551630083,0.5911385551630083,0,-0.5932351407665757,never_hypoxic,CGCTGCAAGCATGATT,11.6059,-3.2393
AGCACTTGTTGCACTG-E14S,E14S,neutrophil,0.02052957306082584,0.057588152589639646,-0.14592230803903822,0.9859791914222263,-0.5521771769267103,0.5521771769267103,0,-0.5932351407665757,never_hypoxic,AGCACTTGTTGCACTG,11.033,-3.5461
CCGCTCACATCACGGA-E14S,E14S,neutrophil,0.02262076263582579,0.01801282950630572,-0.5290258337462511,0.9997517910160212,-0.32126986025577864,0.32126986025577864,0,-0.5932351407665757,never_hypoxic,CCGCTCACATCACGGA,13.1002,-4.7636
AGTCCCAGTGCGGTCT-E14S,E14S,neutrophil,0.0,0.04286733129179369,-0.4124453611549648,0.9991498046473571,-0.23310285379033485,0.23310285379033485,1,2.5277043163484225,never_hypoxic,AGTCCCAGTGCGGTCT,12.8766,-4.5291
CGCACGATCAGGTCCG-E14S,E14S,neutrophil,0.02553180345027576,0.06471753941897376,-0.127261253990604,0.9829752989570888,0.0030418558982958505,-0.0030418558982958505,1,-0.5932351407665757,never_hypoxic,CGCACGATCAGGTCCG,10.9763,-1.9085
AAAGCTGGTCAACGAA-E14S,E14S,neutrophil,0.0,0.07893657828278552,0.11937917842653352,0.8099828435673512,-2.5590868097604025,2.5590868097604025,0,-0.5932351407665757,inducing,AAAGCTGGTCAACGAA,10.2069,-2.3002
CCACCATCATTGCACC-E14S,E14S,neutrophil,0.018195549998884043,0.059523889942233975,0.37352601392528745,0.22523168118750522,1.1130619741040266,-1.1130619741040266,2,-0.5932351407665757,never_hypoxic,CCACCATCATTGCACC,11.1881,-3.0123
CCAAATGTCTATCAGG-E14S,E14S,neutrophil,0.0264494023878044,0.06270072009512341,-0.3523744628440947,0.9983973303492888,-0.8240390313040901,0.8240390313040901,0,-0.5932351407665757,never_hypoxic,CCAAATGTCTATCAGG,11.4257,-3.0713
CTAACCAAGAACGACG-E14S,E14S,neutrophil,0.023536982981033787,0.0840915976150536,-0.2318470273863918,0.9942966351931454,-0.17781565167928484,0.17781565167928484,1,-0.5932351407665757,never_hypoxic,CTAACCAAGAACGACG,11.4548,-2.7238
TGATGTTAGGTGGATG-E14S,E14S,neutrophil,0.0,0.06841043283944008,0.5261190381139657,0.054798101595182384,-1.859258120767108,1.859258120767108,0,-0.5932351407665757,never_hypoxic,TGATGTTAGGTGGATG,10.9371,-2.8916
CCCTACGCATCCTGCG-E14S,E14S,neutrophil,0.0,0.08347437671724497,-0.060685165189121426,0.9661856622201276,-0.6077851277690018,0.6077851277690018,0,-0.5932351407665757,never_hypoxic,CCCTACGCATCCTGCG,12.9685,-4.7673
CGCGAACCATTAGATG-E14S,E14S,neutrophil,0.0214169116188581,0.07694200358356956,0.025245004371010876,0.9201602945356679,-0.6112466163303824,0.6112466163303824,0,-0.5932351407665757,never_hypoxic,CGCGAACCATTAGATG,11.451,-2.7261
ACAGCGAAGGCGTCCA-E14S,E14S,neutrophil,0.02596370755635447,0.057133561948860885,0.1464901382635796,0.7619576559460379,-0.6972821032769008,0.6972821032769008,0,-0.5932351407665757,never_hypoxic,ACAGCGAAGGCGTCCA,10.8608,-2.9276
AGCGCCATCACCTAGA-E14S,E14S,neutrophil,0.018788705174476086,0.04488412902791509,-0.26754388243113864,0.9960816349466388,-1.166642829458594,1.166642829458594,0,-0.5932351407665757,never_hypoxic,AGCGCCATCACCTAGA,11.2729,-3.0582
AAGCCGGGTAACGAAT-E14S,E14S,neutrophil,0.023364463183767302,0.037210070996370144,-0.03529777729003494,0.9562373815174408,-1.1532976443974725,1.1532976443974725,1,-0.5932351407665757,never_hypoxic,AAGCCGGGTAACGAAT,11.6289,-3.2417
TGTATCAGTAAGTCCT-E14S,E14S,neutrophil,0.0,0.017376063797437436,0.017029952703918494,0.9263090379763348,-0.7736715012392417,0.7736715012392417,1,-0.5932351407665757,never_hypoxic,TGTATCAGTAAGTCCT,9.8049,-3.3348
TCTCTATGTGATTGCT-E14S,E14S,neutrophil,0.023159617905299155,0.018441917961627106,1.4975455239204427,2.021026566069595e-06,-0.8364924525293126,0.8364924525293126,1,2.092078252761054,never_hypoxic,TCTCTATGTGATTGCT,9.8303,-2.9682
GGTCATTGTTCCGGTA-E14S,E14S,neutrophil,0.0,0.06791242294885755,-0.07039269931175796,0.969381136397065,-0.47144536751941923,0.47144536751941923,1,-0.5932351407665757,never_hypoxic,GGTCATTGTTCCGGTA,11.0738,-2.2075
ATCTTCATCACGGATC-E14S,E14S,neutrophil,0.0,0.06176819490924839,-0.36247782873872453,0.9985593704732958,-0.5086735687530755,0.5086735687530755,0,-0.5932351407665757,never_hypoxic,ATCTTCATCACGGATC,12.0942,-3.9751
CTGTGCCTCGTGAGGA-E14S,E14S,neutrophil,0.0,0.037200579771207755,-0.612498938362948,0.9998972361231866,-0.13680641567018648,0.13680641567018648,0,-0.5932351407665757,never_hypoxic,CTGTGCCTCGTGAGGA,11.5422,-2.9528
ATAGGATGTCCCGTAA-E14S,E14S,neutrophil,0.0,0.0,-0.25573597934008263,0.99556327239664,-0.9861413243240945,0.9861413243240945,0,-0.5932351407665757,never_hypoxic,ATAGGATGTCCCGTAA,11.563,-3.7653
GGAGAGGAGTAAGCGG-E14S,E14S,neutrophil,0.0,0.029508094754086125,0.19202725819722694,0.6642505081331639,-0.3047937411847483,0.3047937411847483,0,-0.5932351407665757,never_hypoxic,GGAGAGGAGTAAGCGG,10.8519,-3.695
GCAATCGCATAGACAC-E14S,E14S,neutrophil,0.0,0.0222488050919669,-0.10011858632632314,0.9774481331796295,0.20108948375407304,-0.20108948375407304,1,-0.5932351407665757,never_hypoxic,GCAATCGCATAGACAC,12.7096,-4.4956
GCTTTGGGTGCAGGCA-E14S,E14S,neutrophil,0.0,0.11456834149138645,-0.22931880023581147,0.9941431299236714,-0.14824993177752022,0.14824993177752022,0,-0.5932351407665757,never_hypoxic,GCTTTGGGTGCAGGCA,12.7559,-4.6944
CGCATCTCATGGATCG-E14S,E14S,neutrophil,0.0,0.10056543786161455,-0.6305713920121031,0.9999150980588314,-0.4566317374826813,0.4566317374826813,0,-0.5932351407665757,never_hypoxic,CGCATCTCATGGATCG,13.1061,-4.7955
TGGGATTCACTCAATT-E14S,E14S,neutrophil,0.022442735915902276,0.017871067488588847,-0.2907861063178663,0.9969322355216044,-0.7099696382181558,0.7099696382181558,0,-0.5932351407665757,never_hypoxic,TGGGATTCACTCAATT,11.4907,-2.8953
TCATGGGCAAGTGTGT-E14S,E14S,neutrophil,0.0,0.05378875748859665,-0.2908707451612376,0.996934969391577,-0.047106489003500604,0.047106489003500604,1,-0.5932351407665757,never_hypoxic,TCATGGGCAAGTGTGT,10.5806,-3.0215
TGCCTAGGTTGCGTGC-E14S,E14S,neutrophil,0.01854575033161421,0.02953582460220041,0.5634987869238457,0.03759008913426753,-0.053482203033279475,0.053482203033279475,1,-0.5932351407665757,never_hypoxic,TGCCTAGGTTGCGTGC,10.582,-2.4538
TATGTCAGTATTGACC-E14S,E14S,neutrophil,0.025107032426349683,0.02938115344785261,-0.2847859885154575,0.9967321051204386,-0.5371555346874117,0.5371555346874117,0,-0.5932351407665757,never_hypoxic,TATGTCAGTATTGACC,10.5197,-2.3703
GCAATAGGTGGCTCTA-E14S,E14S,neutrophil,0.0,0.059269881204481234,-0.3716129337228034,0.9986917497009096,-0.4882966473895795,0.4882966473895795,0,-0.5932351407665757,never_hypoxic,GCAATAGGTGGCTCTA,11.1396,-3.4086
ACTATCAGTCTTGGAT-E14S,E14S,neutrophil,0.020960405889130507,0.08570951997451759,-0.43563193011177853,0.9993344192280589,-1.1095326885056611,1.1095326885056611,0,1.8370838264120197,never_hypoxic,ACTATCAGTCTTGGAT,11.4059,-2.7322
GGAGAGTCATAAGGAG-E14S,E14S,neutrophil,0.016966333727793374,0.04825867659686955,-0.010358679259958578,0.9437851690826496,-1.2246654432488264,1.2246654432488264,0,-0.5932351407665757,never_hypoxic,GGAGAGTCATAAGGAG,10.9517,-2.6896
GTGGATAGTTTAATCG-E14S,E14S,neutrophil,0.0,0.018633475553985174,-0.6927716830227026,0.9999559940326597,-0.26088793607808414,0.26088793607808414,0,-0.5932351407665757,never_hypoxic,GTGGATAGTTTAATCG,10.9766,-4.0253
CATACCCCATAACCAA-E14S,E14S,neutrophil,0.02267409741270923,0.05416589937480538,-0.6397647939005029,0.9999229567701057,-0.23621024758282755,0.23621024758282755,0,-0.5932351407665757,never_hypoxic,CATACCCCATAACCAA,11.5657,-3.0576
TATCGAACAAGGTCTG-E14S,E14S,neutrophil,0.0,0.02630906349179567,0.3902229331778015,0.1959415937978721,-2.085538141672821,2.085538141672821,0,-0.5932351407665757,never_hypoxic,TATCGAACAAGGTCTG,10.1569,-2.1979
GGTCATATCCCGTGAG-E14S,E14S,neutrophil,0.03703929115876572,0.09986677536005993,-0.35087681100931994,0.9983718091317664,-1.000373915121733,1.000373915121733,0,-0.5932351407665757,never_hypoxic,GGTCATATCCCGTGAG,10.702,-1.2508
GTCCGCTTCAAGTAGA-E14S,E14S,neutrophil,0.017163952169711633,0.03511287839012509,0.2671252543962413,0.47222945012510953,-0.5369424027738835,0.5369424027738835,0,1.3968922799733094,never_hypoxic,GTCCGCTTCAAGTAGA,10.9679,-3.0006
ACCCGATAGGCGAGAC-E14S,E14S,neutrophil,0.0,0.019420029221289152,0.15516312323340137,0.7449396542328097,0.7002720753530065,-0.7002720753530065,2,-0.5932351407665757,never_hypoxic,ACCCGATAGGCGAGAC,9.8055,-3.5832
ACGCATTGTGGCGCAA-E14S,E14S,neutrophil,0.0,0.025991924337783724,-0.10058900067834757,0.9775574381595208,-1.2920139039941787,1.2920139039941787,0,-0.5932351407665757,never_hypoxic,ACGCATTGTGGCGCAA,10.7372,-0.8436
GGTACGCCAATCGTGG-E14S,E14S,neutrophil,0.05626401994399362,0.08344294187582678,0.08208148017599265,0.8634197708834268,-0.2849861584320666,0.2849861584320666,0,-0.5932351407665757,never_hypoxic,GGTACGCCAATCGTGG,11.0713,-1.5968
CTAATCCTCAAGTAGA-E14S,E14S,neutrophil,0.0,0.0,-0.575108003757114,0.9998474550461572,-0.6581016219317649,0.6581016219317649,0,-0.5932351407665757,never_hypoxic,CTAATCCTCAAGTAGA,10.4231,-2.2561
TGAGTTACACAGGACC-E14S,E14S,neutrophil,0.0,0.030699471539886794,-0.26541772280080383,0.9959929687899813,-0.5283474498044078,0.5283474498044078,0,-0.5932351407665757,never_hypoxic,TGAGTTACACAGGACC,9.5759,-3.0329
CTAGTTGAGGATCATT-E14S,E14S,neutrophil,0.025454183556850092,0.020269072091565813,-0.5315055471948076,0.9997582082877482,-0.5543492204355935,0.5543492204355935,0,-0.5932351407665757,never_hypoxic,CTAGTTGAGGATCATT,10.6674,-1.4089
CCTCTTGAGCCATGCG-E14S,E14S,neutrophil,0.0,0.042667060946281,-0.3193424304829495,0.99772945394786,-1.111244217607838,1.111244217607838,0,-0.5932351407665757,never_hypoxic,CCTCTTGAGCCATGCG,11.0211,-3.6739
GCATTGATCTATGTCC-E14S,E14S,neutrophil,0.024705490460236096,0.039345781103338966,0.36442599358869143,0.2424520226947519,-1.9161046147110057,1.9161046147110057,0,-0.5932351407665757,never_hypoxic,GCATTGATCTATGTCC,10.9984,-2.0538
GCCGTTGAGCGATGCT-E14S,E14S,neutrophil,0.0,0.0311894290120499,-0.34315829034202305,0.9982337024299759,0.2871678756175915,-0.2871678756175915,2,-0.5932351407665757,never_hypoxic,GCCGTTGAGCGATGCT,11.1288,-2.7257
GCCGTACGTCTGGCTA-E14S,E14S,neutrophil,0.01719363889295005,0.027382461940624155,-0.32664857409368014,0.9978977844111038,0.662841742201679,-0.662841742201679,1,-0.5932351407665757,never_hypoxic,GCCGTACGTCTGGCTA,10.6264,-3.9233
AGTACAGGTGAGTGGT-E14S,E14S,neutrophil,0.040234320529269105,0.0565163493344797,0.1886656347987702,0.6721252815935375,-0.8846323346154286,0.8846323346154286,0,-0.5932351407665757,never_hypoxic,AGTACAGGTGAGTGGT,10.6046,-2.2822
CTACCAAAGTCAGGAG-E14S,E14S,neutrophil,0.03372090502961459,0.08214753182288723,0.0018031000919256496,0.9365657469249841,-0.4598400823481712,0.4598400823481712,0,-0.5932351407665757,never_hypoxic,CTACCAAAGTCAGGAG,11.1865,-2.6624
CTACAGGCAAGCGGTC-E14S,E14S,neutrophil,0.0,0.021402743956350907,-0.3713387545587176,0.998687959189554,-1.1745168993475807,1.1745168993475807,0,-0.5932351407665757,never_hypoxic,CTACAGGCAAGCGGTC,11.0143,-4.3509
TGTATGACATTCGGAG-E14S,E14S,neutrophil,0.022680783329468004,0.051104052702887995,-0.12201186863174145,0.9820217952890153,-0.6044751068666875,0.6044751068666875,0,-0.5932351407665757,never_hypoxic,TGTATGACATTCGGAG,11.366,-2.6369
TCTGGCGAGCCATAGC-E14S,E14S,neutrophil,0.01660226057171405,0.06032114332827748,-0.15893583674663292,0.987758356500828,-0.687389114684364,0.687389114684364,1,-0.5932351407665757,never_hypoxic,TCTGGCGAGCCATAGC,10.7092,-3.6859
AGGTTGAGTCATGGTT-E14S,E14S,neutrophil,0.0,0.08376228125578246,0.1883681724865737,0.672817540160771,0.7341218734650349,-0.7341218734650349,2,2.473522470399436,never_hypoxic,AGGTTGAGTCATGGTT,10.1532,-2.9966
CGTAAAGGTATGGTCT-E14S,E14S,neutrophil,0.0,0.03203020165424844,-0.3652328358755448,0.9986006442887085,-0.511201504613217,0.511201504613217,0,-0.5932351407665757,never_hypoxic,CGTAAAGGTATGGTCT,12.7619,-4.6971
AGCGAGGCATTCAACT-E14S,E14S,neutrophil,0.0,0.036761703421498045,-0.39939145287834993,0.99902418899632,-1.5365259753076224,1.5365259753076224,0,-0.5932351407665757,never_hypoxic,AGCGAGGCATTCAACT,11.289,-2.8949
AGTATCACAAGCGTTG-E14S,E14S,neutrophil,0.0,0.036089323988180266,-0.6746616126207353,0.9999467142877752,-0.4001313243305973,0.4001313243305973,0,2.034234118951032,never_hypoxic,AGTATCACAAGCGTTG,12.9411,-4.7236
AGGACCAAGTAGCTGC-E14S,E14S,neutrophil,0.0,0.05755118209805481,-0.34243338121601113,0.9982201458066892,-0.8798008321767568,0.8798008321767568,0,-0.5932351407665757,never_hypoxic,AGGACCAAGTAGCTGC,13.08,-4.7812
CCACCTATCGAATCAT-E14S,E14S,neutrophil,0.05748834709462118,0.07647873583923503,-0.40875425414131333,0.9991160214203999,-0.44375945446750104,0.44375945446750104,0,-0.5932351407665757,never_hypoxic,CCACCTATCGAATCAT,11.5252,-3.5292
GTGCTCAGTGCAGCTC-E14S,E14S,neutrophil,0.0,0.02257375628088487,-0.7935148341157074,0.9999848212728402,-0.33152346205268046,0.33152346205268046,0,-0.5932351407665757,never_hypoxic,GTGCTCAGTGCAGCTC,11.9324,-4.757
ATACTCCTCCTGAGCG-E14S,E14S,neutrophil,0.02342883620057153,0.08847821548145297,0.3938458412943071,0.18998076151884283,0.5244702440464163,-0.5244702440464163,2,-0.5932351407665757,never_hypoxic,ATACTCCTCCTGAGCG,9.378,-2.4431
TGTAACTAGCGAATCC-E14S,E14S,neutrophil,0.017875076279638275,0.03641975789205443,0.12877897941791278,0.7942243939338394,-0.7202165724627666,0.7202165724627666,0,-0.5932351407665757,never_hypoxic,TGTAACTAGCGAATCC,10.5477,-2.8461
GTCTACCCAAATTACG-E14S,E14S,neutrophil,0.0,0.03916715042634891,0.17034421701568886,0.7132862644591716,-1.944329890996129,1.944329890996129,0,-0.5932351407665757,inducing,GTCTACCCAAATTACG,11.2336,-3.2325
GGGTTGAAGGCACAGA-E14S,E14S,neutrophil,0.0225083188705637,0.0447815881300941,0.31472752331548587,0.3511095719426208,-1.885915152611069,1.885915152611069,0,-0.5932351407665757,inducing,GGGTTGAAGGCACAGA,11.3918,-2.7977
CATGTCAAGCGGACTT-E14S,E14S,neutrophil,0.0,0.0415300826825622,-0.717518079322972,0.9999661187005616,-0.21177562748061307,0.21177562748061307,0,-0.5932351407665757,never_hypoxic,CATGTCAAGCGGACTT,11.4224,-2.8552
TACCGACAGCCTGCCT-E14S,E14S,neutrophil,0.02092658122477044,0.016663759123428316,0.7156282790590318,0.007766715776416456,0.06670825251923414,-0.06670825251923414,1,-0.5932351407665757,never_hypoxic,TACCGACAGCCTGCCT,10.3212,-2.4132
ACCACACAGGTGCTGT-E14S,E14S,neutrophil,0.0,0.038801802264445226,-0.528904836163709,0.9997514735645386,-0.04942285357419718,0.04942285357419718,1,-0.5932351407665757,never_hypoxic,ACCACACAGGTGCTGT,10.2551,-3.5283
CCCGTTATCCGCGAAT-E14S,E14S,neutrophil,0.04787089810835048,0.06637081297463084,-0.7935148341157074,0.9999848212728402,-0.1630353874140663,0.1630353874140663,0,-0.5932351407665757,never_hypoxic,CCCGTTATCCGCGAAT,11.0757,-2.8235
CGTAAATTCCCCATTG-E14S,E14S,neutrophil,0.025065404989707767,0.039918978316941994,0.2918640409083463,0.4079157269451266,-1.9579294828755265,1.9579294828755265,0,-0.5932351407665757,inducing,CGTAAATTCCCCATTG,11.2176,-2.839
CACACAATCATCGTAG-E14S,E14S,neutrophil,0.0,0.033461023983815036,-0.3007136498189493,0.9972368826009059,-0.6797719502590467,0.6797719502590467,0,-0.5932351407665757,never_hypoxic,CACACAATCATCGTAG,11.6365,-3.4318
TCTAATCCAACCCTAC-E14S,E14S,neutrophil,0.0,0.05757412816075334,-0.0633555278851247,0.9670954529261618,-0.8458071832989598,0.8458071832989598,0,-0.5932351407665757,never_hypoxic,TCTAATCCAACCCTAC,12.7396,-4.5839
ATGTCAACAGCCAAGC-E14S,E14S,neutrophil,0.0,0.05706475133127879,-0.49599126477710465,0.9996481471840263,-0.8186490976072304,0.8186490976072304,0,-0.5932351407665757,never_hypoxic,ATGTCAACAGCCAAGC,12.8276,-4.7495
CCTGATTTCATGGACC-E14S,E14S,neutrophil,0.02226769841828328,0.044353160141128174,0.2090803990626437,0.6229549087361814,-2.245675826564925,2.245675826564925,0,-0.5932351407665757,inducing,CCTGATTTCATGGACC,11.2114,-2.8774
GGTAGGATCCAGGGTT-E14S,E14S,neutrophil,0.0,0.04947620189419387,-0.3364995220515223,0.9981051989274884,-0.5428185317853853,0.5428185317853853,0,-0.5932351407665757,never_hypoxic,GGTAGGATCCAGGGTT,10.8879,-2.9694
TGATTAGCACATACCC-E14S,E14S,neutrophil,0.0,0.030812840064127506,-0.012911917797895064,0.945199445391054,-0.6845663961194596,0.6845663961194596,0,-0.5932351407665757,never_hypoxic,TGATTAGCACATACCC,11.7203,-3.5569
TAAGCCATCACTCGGG-E14S,E14S,neutrophil,0.05356265197922782,0.021325870695433298,-0.2540704967057196,0.9954848612363255,-0.701843062306997,0.701843062306997,0,-0.5932351407665757,never_hypoxic,TAAGCCATCACTCGGG,11.4249,-2.8252
TATGAGAAGGGGTCAA-E14S,E14S,neutrophil,0.023595105048034973,0.04670960078790589,-0.28906410221821005,0.9968760831908433,-1.1077646194894328,1.1077646194894328,0,-0.5932351407665757,never_hypoxic,TATGAGAAGGGGTCAA,11.3822,-2.7522
AGCGATTCACCATACC-E14S,E14S,neutrophil,0.0,0.07537056911908373,0.15368079049139394,0.7479041541828793,0.1335436610988034,-0.1335436610988034,1,-0.5932351407665757,never_hypoxic,AGCGATTCACCATACC,10.1492,-1.9821
TCACCAAAGCTGAGTC-E14S,E14S,neutrophil,0.017806794176540876,0.09585642845047665,-0.014221727523160449,0.945911897327339,-1.310673180075608,1.310673180075608,0,-0.5932351407665757,never_hypoxic,TCACCAAAGCTGAGTC,11.2106,-2.8891
ACTTACTCAGGCATTG-E14S,E14S,neutrophil,0.0,0.028719428135181954,-0.2523386426917635,0.9954018620346605,-0.6086044346591781,0.6086044346591781,0,2.767006693179551,never_hypoxic,ACTTACTCAGGCATTG,11.5147,-4.1577
TCGGGCATCCACCTTG-E14S,E14S,neutrophil,0.016184972233350345,0.08231438917560137,-0.37949270945299707,0.9987961354357774,-1.1827574186047545,1.1827574186047545,0,-0.5932351407665757,never_hypoxic,TCGGGCATCCACCTTG,12.4508,-4.8807
CCTATTCAGTGTCAAT-E14S,E14S,neutrophil,0.021102607225931037,0.10353669769330871,-0.5500983816335655,0.999801325738866,-0.346808617800283,0.346808617800283,0,-0.5932351407665757,never_hypoxic,CCTATTCAGTGTCAAT,10.8125,-2.0167
TACGGGCCATAGACAC-E14S,E14S,neutrophil,0.017980576907746376,0.06524878925448231,0.5376315238472213,0.04882829074785291,-0.6141049047970173,0.6141049047970173,1,-0.5932351407665757,never_hypoxic,TACGGGCCATAGACAC,11.1276,-2.4606
TCTCCCAAGTGGCTCG-E14S,E14S,neutrophil,0.0,0.03533970773402681,-0.4989307235992117,0.9996589035830168,-0.3193297203364093,0.3193297203364093,0,1.4111717033544238,never_hypoxic,TCTCCCAAGTGGCTCG,9.206,-2.877
AACGTAAAGCATGTCA-E14S,E14S,neutrophil,0.05708778599569262,0.0,-0.7935148341157074,0.9999848212728402,-0.2910454845201516,0.2910454845201516,0,-0.5932351407665757,never_hypoxic,AACGTAAAGCATGTCA,9.9813,-2.7299
TGCATATAGGTCGAAG-E14S,E14S,neutrophil,0.0,0.0,0.08743821793056765,0.8566068761498383,-0.48242116002605495,0.48242116002605495,0,-0.5932351407665757,never_hypoxic,TGCATATAGGTCGAAG,10.9354,-2.5306
GCGAGTAAGTGACCGT-E14S,E14S,neutrophil,0.0,0.022173367643969332,0.11740690408654592,0.8131695157225574,-2.1445635281677085,2.1445635281677085,0,-0.5932351407665757,inducing,GCGAGTAAGTGACCGT,10.5477,-1.2145
CTCATGGGTTTCGGAT-E14S,E14S,neutrophil,0.05513133939853446,0.03807547092315856,-0.30343047776109694,0.997314863578654,-0.7506795918757541,0.7506795918757541,0,2.6029515298288812,never_hypoxic,CTCATGGGTTTCGGAT,11.0621,-2.0132
CAGGGGACACCTCAGT-E14S,E14S,neutrophil,0.06621093901030664,0.03514901700547143,0.917508670269438,0.0009264782008576472,1.4242196330966497,-1.4242196330966497,2,-0.5932351407665757,never_hypoxic,CAGGGGACACCTCAGT,9.6732,-1.9241
TACCCAGGTTCACTGG-E14S,E14S,neutrophil,0.048588813507900966,0.019345546118886496,0.6077440475659136,0.02388805949930387,0.6887395407562379,-0.6887395407562379,2,3.5710167835663134,never_hypoxic,TACCCAGGTTCACTGG,11.2675,-2.586
GCTAAGTCACAGGCTA-E14S,E14S,neutrophil,0.041774531933964354,0.016632452529263583,-0.11328852144773933,0.9803201095129846,-0.9843018829544753,0.9843018829544753,0,-0.5932351407665757,never_hypoxic,GCTAAGTCACAGGCTA,10.9513,-1.1807
TGCCTGCTCAGCAGGA-E14S,E14S,neutrophil,0.01995300702245003,0.030080744221703763,-0.01876435656404478,0.9483156763058815,-0.22553295370472373,0.22553295370472373,1,-0.5932351407665757,never_hypoxic,TGCCTGCTCAGCAGGA,11.0414,-1.2428
CCGCTTGCAGCTACTC-E15S,E15S,neutrophil,0.18665409484390771,0.29086969901467324,0.7113820020162811,0.008120222191034615,0.04224676592826694,-0.04224676592826694,0,-0.08335197663084677,persistent,CCGCTTGCAGCTACTC,-3.4339,5.5159
AACCTCAAGGTAACTT-E15S,E15S,neutrophil,0.17836696091318296,0.28482419522147095,0.9378444077415106,0.0007474749931516654,0.7853024781553887,-0.7853024781553887,1,0.24564084134769257,persistent,AACCTCAAGGTAACTT,-3.4711,5.5123
TGCTATAGTCTAGTGT-E15S,E15S,neutrophil,0.21175949574898456,0.3389444712327041,0.9355359841138965,0.0007659166562957882,0.6172566320649138,-0.6172566320649138,1,0.018813775835357788,persistent,TGCTATAGTCTAGTGT,-3.2351,5.0911
CTTGATAGTGACTTCG-E15S,E15S,neutrophil,0.05198841918090864,0.07020644365517667,0.400546990726619,0.1793231415326313,-0.3048751892770178,0.3048751892770178,0,-0.5932351407665757,persistent,CTTGATAGTGACTTCG,9.1157,16.2506
GCTTGATGTTAGCTGT-E15S,E15S,neutrophil,0.163134348317002,0.22033496000439695,0.06992434948250666,0.8778731524006507,0.5469324040132151,-0.5469324040132151,1,-0.34413635679561644,reverted,GCTTGATGTTAGCTGT,-2.5354,6.0724
AATCAGCCACTATCGC-E15S,E15S,neutrophil,0.08875623890909697,0.19184693333877384,-0.19207611796019303,0.9913435554320574,0.017456075312059963,-0.017456075312059963,1,0.40924712594352053,reverted,AATCAGCCACTATCGC,14.0203,5.5443
GGAGTCAAGTCGCTAA-E15S,E15S,neutrophil,0.12080872095824971,0.26087267279556786,0.46343057116818265,0.10107177431030454,-0.3460749483853809,0.3460749483853809,0,-0.23409830873128976,persistent,GGAGTCAAGTCGCTAA,11.5875,-0.4482
CCAGAGAAGCGCCTAG-E15S,E15S,neutrophil,0.18066331080941236,0.3097514100511686,0.14989643053862148,0.7553682368455977,0.4262663459189008,-0.4262663459189008,1,-0.1534600124558247,reverted,CCAGAGAAGCGCCTAG,11.5407,-0.5818
CCCATCTGTCTCAGGC-E15S,E15S,neutrophil,0.23747001939121437,0.24583766981977834,-0.0024273102202794633,0.9391700646435277,0.6365864890446481,-0.6365864890446481,1,-0.5932351407665757,reverted,CCCATCTGTCTCAGGC,11.577,-0.5506
CGTAAACCACTATGCC-E15S,E15S,neutrophil,0.04744629219044879,0.07083687444559729,-0.0810692698902776,0.9725578918837425,-0.33274721749757924,0.33274721749757924,0,0.4325420056943822,reverted,CGTAAACCACTATGCC,14.4941,6.4025
AGAGACTAGATACTGT-E15S,E15S,neutrophil,0.04714076191295573,0.08728747736747493,0.0062905642212093375,0.9336898216146892,-0.9697889521124485,0.9697889521124485,0,-0.5932351407665757,reverted,AGAGACTAGATACTGT,13.8049,4.7896
AGGTTGGAGGGTACTC-E15S,E15S,neutrophil,0.13084599351689394,0.15859591881191587,1.0505265692981343,0.00022737795416569222,-0.5116311719385033,0.5116311719385033,0,-0.2586084445532759,persistent,AGGTTGGAGGGTACTC,-2.8975,4.8374
CGTTTCACATGATAGC-E15S,E15S,neutrophil,0.15473968147188097,0.19426114025639918,0.37691908323904305,0.21903720985684527,-0.15611114328136033,0.15611114328136033,0,0.3025303513325501,persistent,CGTTTCACATGATAGC,11.2525,-0.892
TACCGACAGCCATACA-E15S,E15S,neutrophil,0.08556280077520442,0.10814339966307826,0.12477618432521709,0.8010505945861959,0.34488308991060795,-0.34488308991060795,1,-0.24630664627955748,reverted,TACCGACAGCCATACA,11.2012,9.5885
ATAACCACAATCGTAA-E15S,E15S,neutrophil,0.10723703911483193,0.3381482011837727,-0.3205689250560317,0.997758623105338,0.24522575585694345,-0.24522575585694345,0,-0.5932351407665757,reverted,ATAACCACAATCGTAA,11.5125,-0.7958
CGCAAATCACTTACAT-E15S,E15S,neutrophil,0.04452048633767248,0.06106529983501899,-0.19327398230869403,0.9914514964880925,-0.5990785294648228,0.5990785294648228,0,0.45047841992571797,reverted,CGCAAATCACTTACAT,10.0829,10.8886
CCTTCGATCGCTAGTA-E15S,E15S,neutrophil,0.15982014073781667,0.1513089482542874,0.2827815676548566,0.43128205038377765,-0.5809457012988198,0.5809457012988198,0,0.38802294087339695,partial,CCTTCGATCGCTAGTA,11.5384,-0.9299
CGGCTAACAGGGATGG-E15S,E15S,neutrophil,0.030155546628589297,0.1009126441209278,-0.18081529187050438,0.9902604627523786,-0.960483797113498,0.960483797113498,0,-0.1561753974775391,reverted,CGGCTAACAGGGATGG,14.5298,5.3482
ACTTTGCTCTCACTTA-E15S,E15S,neutrophil,0.02273511371185016,0.04735471225795709,0.26358422729982617,0.4815628894556585,-0.7384325136168829,0.7384325136168829,0,0.24246672784398277,partial,ACTTTGCTCTCACTTA,14.1297,4.7804
CCTCGGTTCACTATCC-E15S,E15S,neutrophil,0.10449548602266999,0.11455725056630862,-0.09279864553845278,0.9756787843621947,-0.30311780296447455,0.30311780296447455,0,-0.5932351407665757,reverted,CCTCGGTTCACTATCC,11.5072,-0.6108
TACACCGGTGAACGTA-E15S,E15S,neutrophil,0.13479751605570398,0.4071030907752266,1.3512285480818813,9.483879707978928e-06,0.9737026164682934,-0.9737026164682934,2,0.16353113615064122,persistent,TACACCGGTGAACGTA,-3.6123,5.1559
CGTGAGGGTTGGAGTA-E15S,E15S,neutrophil,0.051902342718157475,0.3394959139584416,-0.2626031596866015,0.9958725138401705,0.19211776544540776,-0.19211776544540776,0,-0.04581796535286623,reverted,CGTGAGGGTTGGAGTA,11.3408,-0.8156
GTTGAAGGTAACGATG-E15S,E15S,neutrophil,0.033197885088981714,0.06627496378125174,0.09083802980902975,0.8521376708628224,-2.523760736310162,2.523760736310162,0,1.3454313484679785,inducing,GTTGAAGGTAACGATG,14.1544,4.5855
CACGAAAGTGGACCTC-E15S,E15S,neutrophil,0.07517895049838717,0.3530894013349822,1.0603134517519823,0.00020504451162009732,-0.04252140679788273,0.04252140679788273,0,-0.5932351407665757,persistent,CACGAAAGTGGACCTC,-0.2066,6.405
CCTCTAACAAGCACCA-E15S,E15S,neutrophil,0.04828951062172419,0.07117567554856448,0.7831743355259959,0.0038195066653898143,0.12240188853404178,-0.12240188853404178,1,0.7805150245030655,persistent,CCTCTAACAAGCACCA,13.3318,5.4129
CCCAGGATCGATCACA-E15S,E15S,neutrophil,0.050195300947159883,0.09407701890333003,0.640670843956697,0.016988146092001114,-0.30372089350265596,0.30372089350265596,0,0.9482257140728286,persistent,CCCAGGATCGATCACA,13.4266,5.7621
TCTATCGCAAATTCAG-E15S,E15S,neutrophil,0.046631622456689545,0.04787698211831989,-0.1342166590428967,0.9841624924263449,-0.6743307170741505,0.6743307170741505,0,-0.5932351407665757,reverted,TCTATCGCAAATTCAG,11.2489,-1.5861
CACCAGACACAATGAC-E15S,E15S,neutrophil,0.015314533235405901,0.07097724913123972,-0.11935815664972152,0.9815200126615813,-0.8963539934344984,0.8963539934344984,0,-0.5932351407665757,reverted,CACCAGACACAATGAC,10.5488,-3.4424
CATTCATCACAACCTC-E15S,E15S,neutrophil,0.05434547307909154,0.06625439171015211,-0.09977328760361234,0.977367569117263,-1.1975551990497648,1.1975551990497648,0,-0.1282420472438097,reverted,CATTCATCACAACCTC,14.4694,5.1105
GCTAGGTTCGTGAACC-E15S,E15S,neutrophil,0.059806557813968625,0.17120321613679756,-0.236274296232694,0.9945558688613547,0.06323799981183799,-0.06323799981183799,1,-0.5932351407665757,reverted,GCTAGGTTCGTGAACC,13.8547,5.3745
CGTAGGTTCCCTGACC-E15S,E15S,neutrophil,0.03159137939051009,0.08389162268957574,-0.072510445409696,0.9700383634903755,-0.2919204827642653,0.2919204827642653,0,1.4207375899303167,memory,CGTAGGTTCCCTGACC,14.5216,6.0257
AACGGTAGTCAATTCA-E15S,E15S,neutrophil,0.03742554765157378,0.09120341796325933,-0.030872368260590866,0.9542383472252245,-1.3507854340252756,1.3507854340252756,0,0.18818407154340874,reverted,AACGGTAGTCAATTCA,14.4781,6.0961
TGCTTAAGTTGGAATG-E15S,E15S,neutrophil,0.023321990220915315,0.09065196219157091,-0.07124378701967331,0.9696469267515049,-0.6404991876428248,0.6404991876428248,0,-0.05240711018309501,reverted,TGCTTAAGTTGGAATG,14.2513,5.4191
TGCTGCCTCCCATTAC-E15S,E15S,neutrophil,0.02423397327451126,0.09476739478852252,-0.0453626578383822,0.9604779554570303,-0.6433748050647611,0.6433748050647611,0,2.822233197115386,memory,TGCTGCCTCCCATTAC,14.0951,4.429
ACCCAGTAGGATGCCT-E15S,E15S,neutrophil,0.035432101444704975,0.06435337543134673,0.29262832918002374,0.4059667825478349,-0.8388150788141608,0.8388150788141608,0,0.4514511025214208,partial,ACCCAGTAGGATGCCT,14.4414,5.8713
CTTCATATCACGTAGC-E15S,E15S,neutrophil,0.022621240136881125,0.08212000107566125,0.3334746382751631,0.30741148693052933,-0.5669308940548974,0.5669308940548974,1,-0.5932351407665757,partial,CTTCATATCACGTAGC,14.3213,4.8881
CCCTGAGAGCCAGAGA-E15S,E15S,neutrophil,0.10857720903223558,0.12737037609018736,-0.1824528979969908,0.990425937359731,-0.38117211096850667,0.38117211096850667,0,-0.5932351407665757,reverted,CCCTGAGAGCCAGAGA,11.3316,-0.5347
CTGCATTTCATCAGCA-E15S,E15S,neutrophil,0.025452831419956454,0.08309253213011057,-0.09312183057737401,0.9757596849291775,-0.54379488596715,0.54379488596715,0,0.48096467710814655,reverted,CTGCATTTCATCAGCA,14.2648,5.6064
CCAGGTTAGTAGCATT-E15S,E15S,neutrophil,0.0347769583470507,0.10566673400294578,0.5308097236965983,0.052286941823323184,0.6131216210156767,-0.6131216210156767,1,-0.5932351407665757,persistent,CCAGGTTAGTAGCATT,11.5082,-0.744
AGGTGTGAGCGAGGTA-E15S,E15S,neutrophil,0.024386667551427627,0.042866141865239814,0.10713783429303292,0.8290970827745103,-0.7830685664602679,0.7830685664602679,0,-0.00670432350274315,reverted,AGGTGTGAGCGAGGTA,14.1759,4.7745
TGGTTAGTCTCACTTA-E15S,E15S,neutrophil,0.04860631460029876,0.09661156098030454,-0.287395749318831,0.9968207033911113,-1.0652120788576844,1.0652120788576844,0,0.020064152069795987,reverted,TGGTTAGTCTCACTTA,14.2894,5.0525
AATGCCTGTATGTGAG-E15S,E15S,neutrophil,0.06939190109332248,0.09326065397246225,0.16089003776479616,0.7332729330356613,-0.4203760852446548,0.4203760852446548,0,-0.5932351407665757,reverted,AATGCCTGTATGTGAG,14.2508,5.1501
TCGCCATCAAATGACC-E15S,E15S,neutrophil,0.024704824883578287,0.058611051036579945,0.1721459472998786,0.7093772306360776,-0.4640047419359531,0.4640047419359531,0,-0.5932351407665757,reverted,TCGCCATCAAATGACC,14.594,5.6143
ACAGCCCGTTCATCGG-E15S,E15S,neutrophil,0.09462630737156062,0.34885555086117287,0.779881174265513,0.003954213849638572,-0.25103029122885656,0.25103029122885656,0,-0.5932351407665757,persistent,ACAGCCCGTTCATCGG,11.634,-0.371
GGCCGATCATTGCACC-E15S,E15S,neutrophil,0.1570563404379017,0.22125102338118777,-0.36632225454668677,0.9986166375874812,0.033127767169668684,-0.033127767169668684,0,-0.5932351407665757,reverted,GGCCGATCATTGCACC,11.4362,-0.5131
TAACGAAAGTTACGCA-E15S,E15S,neutrophil,0.04841052811335614,0.11533953736961094,0.2499634937262037,0.5175267473747408,0.4803420516443534,-0.4803420516443534,2,-0.5932351407665757,partial,TAACGAAAGTTACGCA,13.9677,5.9588
CCTCAATTCGTAGTTG-E15S,E15S,neutrophil,0.026866145572537872,0.0767108146962437,0.11703448823068528,0.8137665991894728,-1.02076983347097,1.02076983347097,0,0.4692787672761026,reverted,CCTCAATTCGTAGTTG,14.5218,5.7352
TCCCCTAAGCTTCCCA-E15S,E15S,neutrophil,0.03725487908362552,0.06802192306985776,-0.13015211617495762,0.9834789961750209,-1.2507506013114609,1.2507506013114609,0,0.04116871273015747,reverted,TCCCCTAAGCTTCCCA,13.9571,4.9715
GCATCAATCCTCTCCT-E15S,E15S,neutrophil,0.022951904904429492,0.06538403884928065,0.3901428186246096,0.1960749922799605,-1.3623355020408014,1.3623355020408014,0,-0.5932351407665757,persistent,GCATCAATCCTCTCCT,14.2192,4.5782
TAGCAGTCATTAACTC-E15S,E15S,neutrophil,0.03850877480058306,0.0768591350115717,-0.061634912027655295,0.9665119886047366,-0.6993630224382841,0.6993630224382841,0,-0.022618396149905413,reverted,TAGCAGTCATTAACTC,14.1144,5.2501
TGTCCTTAGTTAGTGT-E15S,E15S,neutrophil,0.028893284055917894,0.046245791818348835,0.011791091250721891,0.929999517263115,0.11102663091115687,-0.11102663091115687,1,0.8219981700519197,reverted,TGTCCTTAGTTAGTGT,14.4962,6.4397
TAATCCCTCGTTAGCA-E15S,E15S,neutrophil,0.03340018401151185,0.09333006614310796,0.31714834317267104,0.3453043935895995,1.3678786077316387,-1.3678786077316387,1,0.5726132015273234,partial,TAATCCCTCGTTAGCA,13.8974,4.3458
ATGAACGGTCATCGTG-E15S,E15S,neutrophil,0.04373894417822796,0.06094852815088566,0.4287089343506717,0.13961383137901995,-0.6269880731776398,0.6269880731776398,0,-0.5932351407665757,persistent,ATGAACGGTCATCGTG,13.4506,5.5749
TCATCATCAATGAGCT-E15S,E15S,neutrophil,0.043598434949983396,0.08510182143895094,0.13888885096049872,0.7762174957386022,-0.5689110699608076,0.5689110699608076,0,-0.5932351407665757,reverted,TCATCATCAATGAGCT,14.3529,5.9887
GTCAAAGGTAGGTATG-E15S,E15S,neutrophil,0.05713852859850517,0.08896748597199099,0.8267237631455355,0.0024142402519659956,-1.1378549008487169,1.1378549008487169,1,-0.5932351407665757,persistent,GTCAAAGGTAGGTATG,13.1503,5.3844
GCTTTCACATTAGGCG-E15S,E15S,neutrophil,0.02740974644233337,0.09098786448099451,-0.10358468548246996,0.9782414646749734,0.2404191774715254,-0.2404191774715254,1,1.3598321741192638,memory,GCTTTCACATTAGGCG,14.0148,5.1246
ATTACTGGTTGCGGTC-E15S,E15S,neutrophil,0.01566734567355573,0.10016636616604441,-0.41877288985068534,0.9992047440399499,-0.13815871692628312,0.13815871692628312,0,0.05421478852929076,reverted,ATTACTGGTTGCGGTC,11.3292,-1.3215
GGCTAATCATAGAGGA-E15S,E15S,neutrophil,0.040426419819953326,0.0716924099925955,0.8159212133436213,0.002705355356755078,2.2695547679100874,-2.2695547679100874,2,2.3449524347950303,reverting,GGCTAATCATAGAGGA,13.7697,5.1239
TCAACTGAGAAGCCAG-E15S,E15S,neutrophil,0.1372061788634206,0.14214479347539363,-0.22907332937710312,0.9941280087799539,-0.24871339818808053,0.24871339818808053,0,-0.5932351407665757,reverted,TCAACTGAGAAGCCAG,7.8943,8.7216
CGATTCAAGTAGAGAC-E15S,E15S,neutrophil,0.045768670247035896,0.08325732943479877,-0.420878967811766,0.9992222317814784,-0.1295169448440402,0.1295169448440402,0,0.021870583673542967,reverted,CGATTCAAGTAGAGAC,11.3257,-1.2704
CTAACATAGCCCTTCA-E15S,E15S,neutrophil,0.012094768489163478,0.04660794141730703,0.8188321332005589,0.002623628379131461,0.9001408731383309,-0.9001408731383309,2,1.5179612150676591,persistent,CTAACATAGCCCTTCA,14.3037,4.8384
CGTAGTTGTTCACGAT-E15S,E15S,neutrophil,0.05778550691793675,0.08496258303137665,-0.042761424826396416,0.9594213242863652,-0.8799303019585398,0.8799303019585398,1,0.1124347208232835,reverted,CGTAGTTGTTCACGAT,13.2497,5.209
TCCACCGCAAGCACCA-E15S,E15S,neutrophil,0.04242037675933219,0.08679405826823229,-0.18649388985378185,0.990822448062349,-1.615573347136956,1.615573347136956,0,0.156165156146595,reverted,TCCACCGCAAGCACCA,14.3746,5.1375
CGATGTCAGCGAACTC-E15S,E15S,neutrophil,0.0352167494275593,0.07074923276618562,0.2429803888508437,0.5359179488970705,0.5770868495593771,-0.5770868495593771,1,0.0056886192016472395,partial,CGATGTCAGCGAACTC,14.1307,4.4887
TCCCAGCTCTTGATCC-E15S,E15S,neutrophil,0.038104445881086184,0.08578385422814795,0.11677320048530837,0.8141846351378386,-0.9183709983962756,0.9183709983962756,0,-0.5932351407665757,reverted,TCCCAGCTCTTGATCC,14.2323,5.7135
CGTAAATTCCTTAGAG-E15S,E15S,neutrophil,0.02520772018006443,0.06793134315187846,-0.10203061451554438,0.977889195897779,-0.5920312923251955,0.5920312923251955,0,-0.5932351407665757,reverted,CGTAAATTCCTTAGAG,14.2215,4.5794
ATCCTAAGTTCCGGGT-E15S,E15S,neutrophil,0.1459118199914301,0.2126561735423016,-0.4477229060207411,0.9994141957243953,0.1512377491988363,-0.1512377491988363,0,-0.5932351407665757,reverted,ATCCTAAGTTCCGGGT,11.4585,-0.4892
CCATTAGAGATTCGTG-E15S,E15S,neutrophil,0.022131414996405658,0.10559046372519018,0.13240475408160007,0.7878926878056729,-0.105965647121621,0.105965647121621,1,-0.5932351407665757,reverted,CCATTAGAGATTCGTG,14.6673,6.052
CTGATTGAGTCGCGTG-E15S,E15S,neutrophil,0.053294561273423156,0.08647141313848473,-0.1396635743947343,0.9850349918795965,-1.1120609442774496,1.1120609442774496,0,0.4484816011682191,reverted,CTGATTGAGTCGCGTG,14.4065,5.3294
AGCACGCCATTACTAC-E15S,E15S,neutrophil,0.0312301880833608,0.05278748872032764,0.1846208587365542,0.6814732544986761,-0.7441179714162861,0.7441179714162861,0,0.5031111457327879,partial,AGCACGCCATTACTAC,14.5055,5.6669
TACGATTAGGGCAGGT-E15S,E15S,neutrophil,0.03200152691421238,0.10364850986537365,-0.2849003421031391,0.99673603834877,0.2724681829122131,-0.2724681829122131,1,-0.5932351407665757,reverted,TACGATTAGGGCAGGT,11.2058,-1.4009
GCGGGAACATTGGAGT-E15S,E15S,neutrophil,0.04053591093950322,0.09856000608942199,-0.3516804475020039,0.9983855537971205,-0.32410262381124766,0.32410262381124766,0,0.09844426722453054,reverted,GCGGGAACATTGGAGT,11.2227,-0.6748
AGCGACAAGTTGCAGC-E15S,E15S,neutrophil,0.11210116212113257,0.11490393936303328,0.9264078913977398,0.0008434021377180202,-0.8017267740168941,0.8017267740168941,0,0.024203233338005788,persistent,AGCGACAAGTTGCAGC,12.3809,12.1528
ACCTTCACAAAGGACA-E15S,E15S,neutrophil,0.0073389351395281915,0.06477195157440487,-0.1752598691875502,0.9896777273968511,0.43300226396980945,-0.43300226396980945,2,-0.5932351407665757,reverted,ACCTTCACAAAGGACA,10.443,-3.234
TACATTCCAAGCTCGA-E15S,E15S,neutrophil,0.018671729799660808,0.037045038360067534,0.29899943810581553,0.3898407941886249,0.14213164300036762,-0.14213164300036762,1,-0.5932351407665757,partial,TACATTCCAAGCTCGA,11.4664,-0.5885
CATACATAGCTACAGC-E15S,E15S,neutrophil,0.0306853845352505,0.0728820000252043,-0.1811047864238706,0.9902899198873347,-0.6367199321193265,0.6367199321193265,0,0.7330484417026945,reverted,CATACATAGCTACAGC,14.2959,5.2834
TGGTTCCCAATTAGGC-E15S,E15S,neutrophil,0.022036487500975296,0.10857105809862257,-0.33371235350954587,0.9980486788691038,0.24097055333750805,-0.24097055333750805,1,0.6169764963117114,reverted,TGGTTCCCAATTAGGC,14.203,5.7524
GTCGGATTCAATCGGC-E15S,E15S,neutrophil,0.028579656999748227,0.05103838507617482,-0.25446896756610965,0.9955037459372411,-0.43902539671309293,0.43902539671309293,0,-0.5932351407665757,reverted,GTCGGATTCAATCGGC,14.8596,5.8651
TCGCAAATCGAAGCTC-E15S,E15S,neutrophil,0.09516331523258674,0.09420909388593895,-0.25045895452051864,0.9953100584686108,-0.30083919367515194,0.30083919367515194,0,-0.5932351407665757,reverted,TCGCAAATCGAAGCTC,15.7284,7.8788
GGAATGGTCCTCATTA-E15S,E15S,neutrophil,0.029632737980433144,0.04902701238595793,-0.3053669430804643,0.9973691023725072,-0.5984062451773972,0.5984062451773972,0,-0.5932351407665757,reverted,GGAATGGTCCTCATTA,11.2407,-1.2234
CTGTTGGGTGAAGGAG-E15S,E15S,neutrophil,0.027305501457918227,0.07836582666406644,-0.3190422277908757,0.9977222568568641,-0.06746816876857409,0.06746816876857409,1,0.0659503975142099,reverted,CTGTTGGGTGAAGGAG,11.1857,-1.0606
AAGTACCCAAGCTGCA-E15S,E15S,neutrophil,0.028440736845899258,0.08062674666960705,0.15905621777686407,0.7370454466881771,-0.17439434472077414,0.17439434472077414,1,1.0965144247436145,memory,AAGTACCCAAGCTGCA,14.5525,5.4669
TCGACTGGTCTGGCGT-E15S,E15S,neutrophil,0.03558476824233751,0.09736787892000179,0.09984952473665687,0.8397340192883225,-1.1238283906184678,1.1238283906184678,0,0.09442916035632344,reverted,TCGACTGGTCTGGCGT,13.2313,5.4969
GCTAACATCCATCCAT-E15S,E15S,neutrophil,0.03199292113040992,0.048996161616621535,0.3915706792895901,0.19370775366706475,-1.1039252653348945,1.1039252653348945,0,0.1835592305033474,persistent,GCTAACATCCATCCAT,14.1396,5.1073
TGCACACAGCATCTCT-E15S,E15S,neutrophil,0.022179336204260405,0.08622718970285854,-0.056333947651043,0.9646509851051541,-1.0160071711398264,1.0160071711398264,0,0.08375673413243555,reverted,TGCACACAGCATCTCT,14.4224,5.1485
CCTGAACAGGAGCTTC-E15S,E15S,neutrophil,0.08537459614879836,0.10350749314564883,-0.1397224971100811,0.9850441666181802,0.03768480210566323,-0.03768480210566323,1,0.1438922224769659,reverted,CCTGAACAGGAGCTTC,13.3577,5.3712
TAGGGTTCAAGTCGCA-E15S,E15S,neutrophil,0.01772126818314924,0.08093036776942872,0.8277891153533361,0.0023872810456980627,0.4255550347472751,-0.4255550347472751,2,0.0916805746983338,persistent,TAGGGTTCAAGTCGCA,13.7989,6.2125
GGCCAATTCATCGTTC-E15S,E15S,neutrophil,0.040681410226007256,0.07996157861114907,0.10807706718622632,0.8276863045061157,-1.1396918191980374,1.1396918191980374,0,-0.5932351407665757,reverted,GGCCAATTCATCGTTC,11.2013,-1.1776
CCTCATTAGTAAGGCG-E15S,E15S,neutrophil,0.030713546253428446,0.09505697907121957,0.14404543337599438,0.7666110751695406,-1.0289068303541848,1.0289068303541848,0,-0.5932351407665757,reverted,CCTCATTAGTAAGGCG,11.1884,-1.2259
ACGTATTAGTTAGCCA-E15S,E15S,neutrophil,0.03296206467937808,0.07444843728102546,0.08439441447172642,0.860512140535572,-0.8377104078365271,0.8377104078365271,0,-0.5932351407665757,reverted,ACGTATTAGTTAGCCA,14.3489,7.3577
CCCGATTCAGCAGGTC-E15S,E15S,neutrophil,0.0,0.08805482645308678,0.09657286887985576,0.8443387700913263,0.32644019209284564,-0.32644019209284564,1,-0.5932351407665757,reverted,CCCGATTCAGCAGGTC,14.5406,5.5242
GGACGACAGTGCGCTG-E15S,E15S,neutrophil,0.012148041817803705,0.058469120813024446,-0.10605283363139686,0.9787896824853367,-0.11123533889637524,0.11123533889637524,1,0.11103596447946411,reverted,GGACGACAGTGCGCTG,14.4104,6.9312
CCACGTAGTGATTAGG-E15S,E15S,neutrophil,0.011869244686099761,0.05153435565053797,-0.5163731436635872,0.9997162978922479,-0.7632163399384768,0.7632163399384768,0,0.09487296742780761,reverted,CCACGTAGTGATTAGG,14.8314,5.9882
CCCTTGATCATGTGAT-E15S,E15S,neutrophil,0.03349644220463606,0.07292045531424206,-0.08199598258551752,0.9728180175179273,-0.6035237068119484,0.6035237068119484,0,-0.5932351407665757,reverted,CCCTTGATCATGTGAT,14.8823,6.0689
TCGCTGCTCGACTAGC-E15S,E15S,neutrophil,0.01744120402872407,0.0521488853060463,-0.11208949920593247,0.98007419946383,-0.9224030668642916,0.9224030668642916,0,0.6196841305139419,reverted,TCGCTGCTCGACTAGC,14.4998,5.451
AAGTAAGTCGCTGGCA-E15S,E15S,neutrophil,0.02479115524076146,0.09523925336209906,-0.12434670009311109,0.9824522037027508,-0.6493205901455157,0.6493205901455157,0,-0.5932351407665757,reverted,AAGTAAGTCGCTGGCA,11.2235,-0.5811
GCAATGAGTCAGCTAT-E15S,E15S,neutrophil,0.07596740938980286,0.10410108666310568,-0.11975100868156681,0.981595153407891,-0.9106405760015284,0.9106405760015284,0,-0.5932351407665757,reverted,GCAATGAGTCAGCTAT,9.1479,8.2293
GCTCTCATCGTTCGTT-E15S,E15S,neutrophil,0.04055302704426722,0.09416373667576981,0.2205561890691977,0.5940793877701975,-0.3347712374464116,0.3347712374464116,0,-0.5932351407665757,partial,GCTCTCATCGTTCGTT,14.1491,4.9854
CCTCAGTCATGGCTGA-E15S,E15S,neutrophil,0.09034277310849355,0.16419629585531528,-0.04133332069072765,0.9588297715331351,-0.726240738732667,0.726240738732667,0,-0.5932351407665757,reverted,CCTCAGTCATGGCTGA,11.4979,-0.7901
AATACGGGTGGACATA-E15S,E15S,neutrophil,0.03731870935327464,0.08644414738192151,-0.14128167558780694,0.9852849404633715,-0.2672080012243468,0.2672080012243468,0,-0.5932351407665757,reverted,AATACGGGTGGACATA,11.327,7.0243
CTGCGCAAGATAGCAA-E15S,E15S,neutrophil,0.024155992839942485,0.07282748860230172,-0.42680705611082287,0.999269419671007,-0.22096617956063563,0.22096617956063563,0,-0.5932351407665757,reverted,CTGCGCAAGATAGCAA,11.2233,-1.4448
AATGTCCGTATGTAGG-E15S,E15S,neutrophil,0.021446641600628175,0.13446944957028423,-0.16404675593875376,0.988394432218999,-0.5854343118681772,0.5854343118681772,0,-0.5932351407665757,reverted,AATGTCCGTATGTAGG,11.2253,-1.4088
GCTCATGGTCTAGTTA-E15S,E15S,neutrophil,0.03828322366126021,0.11482263431851812,0.3031181924717263,0.3795401457967354,-0.7228571912737051,0.7228571912737051,0,1.6745277026135257,partial,GCTCATGGTCTAGTTA,13.8493,5.9408
GGTCTATGTTGGCGAG-E15S,E15S,neutrophil,0.01208946698788719,0.051865779667928366,-0.6090538535500165,0.9998934269042261,-0.8081465029744519,0.8081465029744519,0,0.10764014473965684,reverted,GGTCTATGTTGGCGAG,11.3479,-1.1897
ACAGGGATCCATCCCA-E15S,E15S,neutrophil,0.05958369903962171,0.12561106272848682,-0.467184656645829,0.999523026750527,0.08057601054310277,-0.08057601054310277,1,-0.5932351407665757,reverted,ACAGGGATCCATCCCA,11.2152,-0.7112
CACCAATGTTAGTTGC-E15S,E15S,neutrophil,0.01471976153500467,0.044775205102955955,-0.12387155013601642,0.9823654415213848,-1.7661734988938738,1.7661734988938738,0,-0.5932351407665757,reverted,CACCAATGTTAGTTGC,11.2729,-3.8192
TGCTACCCACCTCAAC-E15S,E15S,neutrophil,0.028630231000032008,0.07589773533084321,1.209068280242025,4.2590689555533235e-05,0.4689363940387764,-0.4689363940387764,1,1.3831059802284094,persistent,TGCTACCCACCTCAAC,10.0767,-2.5559
GTAGGCGGTTGAAGGC-E15S,E15S,neutrophil,0.03709207472478634,0.07818306374308835,0.10466176733051756,0.8327722991965184,-1.9725123352122744,1.9725123352122744,0,0.18142395800325659,inducing,GTAGGCGGTTGAAGGC,13.6559,5.8056
AGGCTCACATTACGTT-E15S,E15S,neutrophil,0.01432753754310349,0.08228847853828168,2.113905186023894,3.000754432540476e-09,-0.20172955583351143,0.20172955583351143,1,-0.5932351407665757,persistent,AGGCTCACATTACGTT,13.2294,5.5497
CACCCTGCAAACCCGA-E15S,E15S,neutrophil,0.04345018817828741,0.06684337324402966,0.4748381918555153,0.09063500778530885,-0.5020473895124871,0.5020473895124871,0,-0.5932351407665757,persistent,CACCCTGCAAACCCGA,14.1689,4.6884
TGCTGATGTGGACATA-E15S,E15S,neutrophil,0.013522896114187248,0.04081396424001339,-0.4827462391213099,0.9995953154138237,-0.36058095117144334,0.36058095117144334,0,0.19074182731632436,reverted,TGCTGATGTGGACATA,10.4405,-2.8675
CGCGAACCAACCGTGA-E15S,E15S,neutrophil,0.08402345306388928,0.07426313524305019,-0.1742975885950789,0.9895733399611866,-0.459705941233857,0.459705941233857,0,-0.5932351407665757,reverted,CGCGAACCAACCGTGA,13.9891,5.472
CTACACAAGGATACCC-E15S,E15S,neutrophil,0.025053323533735374,0.07778939170667565,0.8248989483620661,0.002461125492318674,-0.7256621831629231,0.7256621831629231,1,-0.5932351407665757,persistent,CTACACAAGGATACCC,13.7541,5.8126
TATCCATCAAGTTACA-E15S,E15S,neutrophil,0.024183805008437913,0.07232284214919105,-0.022001501811934707,0.9499666370046176,-1.0464344574002997,1.0464344574002997,0,0.14788071433797145,reverted,TATCCATCAAGTTACA,14.1467,5.2256
GGTTAGGAGAAGGAAG-E15S,E15S,neutrophil,0.006685409577026981,0.05393746422409935,1.1902770268426819,5.194450894587802e-05,-0.6256171063005543,0.6256171063005543,0,0.7832856258860733,persistent,GGTTAGGAGAAGGAAG,10.7974,-3.3246
TCCCACGCAGGGCATC-E15S,E15S,neutrophil,0.1438621050781688,0.2563583880690957,-0.0648400632811448,0.9675909602663068,-0.3205126824049646,0.3205126824049646,0,-0.5932351407665757,reverted,TCCCACGCAGGGCATC,7.747,8.703
TCTCGATTCAAGTGCC-E15S,E15S,neutrophil,0.02033760190794445,0.05260345810183452,-0.36459428751975226,0.9985911843348344,-0.8637918357062833,0.8637918357062833,0,-0.5932351407665757,reverted,TCTCGATTCAAGTGCC,14.4987,6.266
AACTGGTCAGTTGAGT-E15S,E15S,neutrophil,0.037517766909749194,0.06487565629998239,-0.21850507959344118,0.9934388545786135,-1.050719156229094,1.050719156229094,0,-0.5932351407665757,reverted,AACTGGTCAGTTGAGT,14.8222,5.859
TGGATGCTCGACCAAC-E15S,E15S,neutrophil,0.026023955717817238,0.07389825567802395,0.09090459746295254,0.8520490264044254,0.2727011539546296,-0.2727011539546296,1,1.3248461740428106,memory,TGGATGCTCGACCAAC,11.5656,-3.723
CCCTATGTCCCTCTAG-E15S,E15S,neutrophil,0.020673501714238283,0.06889510849648976,-0.21455580434171556,0.9931611884051355,-0.38843988475995667,0.38843988475995667,0,-0.5932351407665757,reverted,CCCTATGTCCCTCTAG,15.6881,7.5139
ACATCCCCAAGGGTAA-E15S,E15S,neutrophil,0.02164351360580368,0.13296935693674844,-0.06302804829441175,0.9669851657486596,-0.5955881873328168,0.5955881873328168,0,-0.5932351407665757,reverted,ACATCCCCAAGGGTAA,13.8535,4.7492
CAATGGCTCCCAATTC-E15S,E15S,neutrophil,0.02172128264245573,0.06643574889050144,-0.01688242346046557,0.9473323358639049,-1.706209102143349,1.706209102143349,0,0.2462785829758103,reverted,CAATGGCTCCCAATTC,14.2463,5.0837
AGTGTAAAGTGGGTAG-E15S,E15S,neutrophil,0.03012558326611745,0.04869177289898783,1.0891989946203031,0.0001511200207421831,1.1256969524411278,-1.1256969524411278,2,0.17355154144603027,persistent,AGTGTAAAGTGGGTAG,13.8231,5.6937
CTGCTCGCATTCGCCG-E15S,E15S,neutrophil,0.05190184808309429,0.06022487465985385,-0.2944722187962999,0.9970490752833525,0.282934702109452,-0.282934702109452,1,0.35861892022066927,reverted,CTGCTCGCATTCGCCG,14.1249,4.4994
AAATGCTTCCATAGAT-E15S,E15S,neutrophil,0.022262329889169603,0.03258200687446729,0.07374744642755005,0.8734757924568376,-0.4683213509302751,0.4683213509302751,0,-0.5932351407665757,reverted,AAATGCTTCCATAGAT,10.7386,-3.4795
TCAACTGAGAACCATT-E15S,E15S,neutrophil,0.03954903863337644,0.05653782578331571,-0.31033345553511,0.9975032669833646,-0.6047673391536729,0.6047673391536729,0,0.2608145212169159,reverted,TCAACTGAGAACCATT,11.4786,-1.1921
TGGACGTTCCATTGCT-E15S,E15S,neutrophil,0.03947751614616465,0.14670002171780633,0.8269608364826556,0.0024082148543838663,0.06667965708839356,-0.06667965708839356,1,-0.5932351407665757,persistent,TGGACGTTCCATTGCT,13.6904,4.746
ACCGAAAGTCTGGGCT-E15S,E15S,neutrophil,0.015846964497431268,0.02993518159058227,-0.10255060428596431,0.9780076806756423,-1.2233846329520828,1.2233846329520828,0,-0.5932351407665757,reverted,ACCGAAAGTCTGGGCT,10.5067,-2.7777
CTTGACTTCTGGCACG-E15S,E15S,neutrophil,0.02341922890170188,0.10427411467137843,-0.11953826117798719,0.9815544985187564,-0.7495561967101013,0.7495561967101013,0,-0.5932351407665757,reverted,CTTGACTTCTGGCACG,11.2529,-0.8994
ATTGGCCAGCTTACGA-E15S,E15S,neutrophil,0.0393936279847631,0.034363795669866075,-0.09623709160967593,0.9765261670560809,-0.20472957769258343,0.20472957769258343,1,1.8592322667694285,memory,ATTGGCCAGCTTACGA,14.44,5.842
GCAAAGGTCACGGCCA-E15S,E15S,neutrophil,0.08029103070888036,0.2190133439031274,1.8106300686786299,7.394264237920741e-08,0.14562079004934736,-0.14562079004934736,1,-0.5932351407665757,persistent,GCAAAGGTCACGGCCA,11.4495,-0.4606
GGGACCAGTTTGAGTC-E15S,E15S,neutrophil,0.07006004922445504,0.11849068575347144,0.9321659629625397,0.0007936586640911895,-0.6126599309080284,0.6126599309080284,0,-0.5932351407665757,persistent,GGGACCAGTTTGAGTC,11.3692,-0.815
CCCAAATGTTGCTAAC-E15S,E15S,neutrophil,0.0391394852115319,0.09874554283977935,0.23273140683333685,0.5627206667912217,-0.5725551065670559,0.5725551065670559,0,-0.5932351407665757,partial,CCCAAATGTTGCTAAC,13.648,4.7281
CGCTACTCAGGCAAGG-E15S,E15S,neutrophil,0.007340240718953936,0.0801439969973282,-0.22822807561249056,0.9940756431656517,-0.34669722381273754,0.34669722381273754,0,-0.5932351407665757,reverted,CGCTACTCAGGCAAGG,11.328,-1.2963
ACGCCCAAGCGCTCTC-E15S,E15S,neutrophil,0.023348475097782803,0.1088554908550815,-0.10419327539741495,0.9783779163668856,-0.52722206546765,0.52722206546765,0,-0.5932351407665757,reverted,ACGCCCAAGCGCTCTC,14.3202,5.4607
AATGGCAGTTGAATGG-E15S,E15S,neutrophil,0.015605430067987383,0.05817291788077941,-0.11576844898501061,0.9808193233898335,-0.6541927374570705,0.6541927374570705,0,2.3631212511786956,memory,AATGGCAGTTGAATGG,14.3716,5.7626
TCGACCAGTGCACGTC-E15S,E15S,neutrophil,0.039747600056717895,0.05380021027138567,0.17138756933999466,0.7110264396737215,-0.15511122110823866,0.15511122110823866,0,0.38046384214801304,reverted,TCGACCAGTGCACGTC,14.3743,5.8776
CCGACAACAGCCAGGT-E15S,E15S,neutrophil,0.05547339134306508,0.06725520480164285,0.7610422164507615,0.0048209211608879554,0.2803196215589793,-0.2803196215589793,2,-0.5932351407665757,persistent,CCGACAACAGCCAGGT,13.5858,5.601
GCACGGTCACTTGAGG-E15S,E15S,neutrophil,0.04639909336466869,0.0702000590770529,0.3644796678572131,0.24234787441066324,-1.9894425991840121,1.9894425991840121,0,0.30341254551480407,persistent,GCACGGTCACTTGAGG,9.2114,7.9555
TGACGAAGTCATCCCT-E15S,E15S,neutrophil,0.07295446663834203,0.06656825256606837,0.6218653438013148,0.020645321294684296,0.14510262015290953,-0.14510262015290953,1,-0.5932351407665757,persistent,TGACGAAGTCATCCCT,13.9925,6.3021
CACCTCATCCGGAGTT-E15S,E15S,neutrophil,0.03606513993440762,0.08343466231026221,3.2790389209310375,1.3510809256580231e-14,-0.7881690794993657,0.7881690794993657,0,1.0001993760721466,persistent,CACCTCATCCGGAGTT,11.4172,-0.6874
ACCTCTTAGTAATCAC-E15S,E15S,neutrophil,0.03590444047713902,0.041061704483377655,-0.11736598404913076,0.9811343128632656,-0.712087332528658,0.712087332528658,0,-0.5932351407665757,reverted,ACCTCTTAGTAATCAC,10.9626,-3.2479
GGTACTATCAATCGGC-E15S,E15S,neutrophil,0.05161634195581677,0.09442141155022507,0.359424709618291,0.2522894099797041,-0.2932641601544808,0.2932641601544808,0,-0.5932351407665757,persistent,GGTACTATCAATCGGC,14.31,4.8766
ACAGCCCGTCAGCCAC-E15S,E15S,neutrophil,0.05978200001796019,0.09596667331355964,-0.06277190218899467,0.9668986531939541,-1.5607794110069393,1.5607794110069393,0,-0.5932351407665757,reverted,ACAGCCCGTCAGCCAC,13.5742,4.7869
CCGTGCTTCCAGGTGT-E15S,E15S,neutrophil,0.007400807926818718,0.06109675160433748,-0.19209802864565612,0.991345541910127,-0.4578586411725712,0.4578586411725712,1,0.2648743811640299,reverted,CCGTGCTTCCAGGTGT,14.587,5.8428
AACCCTAAGTTGGGCT-E15S,E15S,neutrophil,0.04808847872876076,0.13695041061025412,0.05930630306341134,0.8894005803997674,-0.7876496904369309,0.7876496904369309,0,1.092498514765157,memory,AACCCTAAGTTGGGCT,14.1097,4.8239
CCCGCTTAGCAACCTA-E15S,E15S,neutrophil,0.031023294535638696,0.06924806319724783,0.2765667072272551,0.44745579645859634,0.6980607812844085,-0.6980607812844085,2,-0.5932351407665757,partial,CCCGCTTAGCAACCTA,13.2739,5.3375
ACGTCACAGAAGGGAA-E15S,E15S,neutrophil,0.014449168703759707,0.08767599263644207,-0.30051402098333146,0.9972310643829237,-0.3834245986341059,0.3834245986341059,0,-0.5932351407665757,reverted,ACGTCACAGAAGGGAA,11.3995,-1.4002
CTCATTATCCTGTGCC-E15S,E15S,neutrophil,0.014346211403244715,0.07449784865123393,-0.0082260039333057,0.9425776093381001,-0.9062639421981978,0.9062639421981978,0,-0.5932351407665757,reverted,CTCATTATCCTGTGCC,14.5331,5.1295
GGCTATATCTCATGTC-E15S,E15S,neutrophil,0.024305964354526984,0.07279719135580204,-0.3135311617284936,0.9975860151439551,-0.3983914368645854,0.3983914368645854,0,-0.5932351407665757,reverted,GGCTATATCTCATGTC,14.2469,5.0008
GTAAGTTTCTAGCCGG-E15S,E15S,neutrophil,0.05442325707248919,0.21581364319953464,0.2332144212224734,0.561464453298282,-0.28296561522736113,0.28296561522736113,0,-0.5932351407665757,partial,GTAAGTTTCTAGCCGG,11.2861,-0.6138
TGTGCCTCAGGGCCAT-E15S,E15S,neutrophil,0.014066360996967172,0.03578017321565788,0.6120703384849596,0.022845057606829804,-0.1344950695804509,0.1344950695804509,0,1.3547528746445918,persistent,TGTGCCTCAGGGCCAT,13.9182,5.5759
AATCTAGCATTCGTCA-E15S,E15S,neutrophil,0.054634550495266686,0.08126144395275955,-0.07894606374159964,0.9719527616672241,0.39150198960180865,-0.39150198960180865,1,-0.5932351407665757,reverted,AATCTAGCATTCGTCA,14.6914,5.9115
TGGATTGTCGAGTCCG-E15S,E15S,neutrophil,0.015385554511607863,0.04718594727150996,0.12358963628452395,0.8030410829537521,-0.5069168727313615,0.5069168727313615,0,0.29872766634469244,reverted,TGGATTGTCGAGTCCG,14.2921,5.7846
CTCTGATTCCCCATAT-E15S,E15S,neutrophil,0.03526649689128242,0.11489688992412468,0.3342485904687223,0.3056731373159464,0.011435457161198537,-0.011435457161198537,1,-0.5932351407665757,partial,CTCTGATTCCCCATAT,11.1964,-1.0084
GTCGGTTAGTCGACGT-E15S,E15S,neutrophil,0.029759108045560877,0.05210263331829877,0.10678292966814262,0.8296277763786484,-0.18463796472021982,0.18463796472021982,1,-0.5932351407665757,reverted,GTCGGTTAGTCGACGT,13.9069,4.6725
CCATTAAGTGGGTCAG-E15S,E15S,neutrophil,0.0071532164895853215,0.10161704366159624,0.5122349085861737,0.06291187899264099,-0.5296330029491354,0.5296330029491354,1,-0.5932351407665757,persistent,CCATTAAGTGGGTCAG,11.0255,-1.38
CGTCTCATCACTCCTG-E15S,E15S,neutrophil,0.022270342011453722,0.06287526225953467,-0.11254668648668849,0.9801683180738673,-0.6258767151883309,0.6258767151883309,0,0.26749937748461183,reverted,CGTCTCATCACTCCTG,14.7599,5.7468
CCTATGTTCCTCATCG-E15S,E15S,neutrophil,0.054372101201378406,0.13393625741176202,-0.26529963755137775,0.9959879861798204,-0.030519779663885846,0.030519779663885846,0,-0.5932351407665757,reverted,CCTATGTTCCTCATCG,10.6036,9.1405
CGCTTCATCCGTATGA-E15S,E15S,neutrophil,0.04800799142501181,0.04966232553237259,-0.37652901321445253,0.998757887972051,-0.35571398428873474,0.35571398428873474,0,-0.5932351407665757,reverted,CGCTTCATCCGTATGA,14.7022,5.8926
CAGCGGTCAAGCCTGA-E15S,E15S,neutrophil,0.02958996136479778,0.055725045954826406,0.3138409345285245,0.3532468091469094,-0.21291831212598064,0.21291831212598064,0,-0.5932351407665757,partial,CAGCGGTCAAGCCTGA,13.0753,5.7281
ACGAGTAGTTAATCTG-E15S,E15S,neutrophil,0.030545985907055206,0.06753092364743564,-0.26502154078343315,0.9959762274875503,-0.5428048386610869,0.5428048386610869,0,0.29220201767584936,reverted,ACGAGTAGTTAATCTG,10.7448,-3.181
CCTTTAGCATTCCTCT-E15S,E15S,neutrophil,0.04600882807703478,0.07120674477741717,0.01486588622213237,0.9278547284248798,0.03453967239450863,-0.03453967239450863,1,-0.5932351407665757,reverted,CCTTTAGCATTCCTCT,13.8214,5.1269
GGGCAATGTTATGCTA-E15S,E15S,neutrophil,0.053465089102637066,0.09458351637285023,0.4610223841877622,0.10340719893642247,-0.7922644263955655,0.7922644263955655,0,-0.5932351407665757,persistent,GGGCAATGTTATGCTA,13.3317,5.7896
CTAAACTAGCCCGTAG-E15S,E15S,neutrophil,0.03551997383921411,0.109173050694962,0.43169989263211556,0.1358607182233333,-0.1867261435520318,0.1867261435520318,0,-0.5932351407665757,persistent,CTAAACTAGCCCGTAG,12.9125,6.2531
CTTACGCCATCACTCA-E15S,E15S,neutrophil,0.042306736186342404,0.06537899638307651,0.2914942017372609,0.4088598663106649,0.7899767249620756,-0.7899767249620756,2,-0.5932351407665757,partial,CTTACGCCATCACTCA,14.3308,5.0791
ACAGTGAGTAGCTATC-E15S,E15S,neutrophil,0.01663758436895799,0.043218548609004905,-0.4535327387511942,0.9994490558099832,-0.44635622385509577,0.44635622385509577,0,-0.5932351407665757,reverted,ACAGTGAGTAGCTATC,11.6647,-4.1773
TGAGTTGTCAGCTCAA-E15S,E15S,neutrophil,0.016288732881669616,0.07281546762026357,-0.1264470017310986,0.9828307216221225,-1.9992466301080951,1.9992466301080951,0,-0.5932351407665757,inducing,TGAGTTGTCAGCTCAA,11.5778,-3.7144
GCAAGCTTCGCTATGA-E15S,E15S,neutrophil,0.030564927819195307,0.07372593490816857,-0.21882410538432895,0.9934607895915284,-0.36145949488344675,0.36145949488344675,0,0.3547445194435836,reverted,GCAAGCTTCGCTATGA,14.3156,5.3694
TGAGGATAGCGACTGT-E15S,E15S,neutrophil,0.008664780259314626,0.05537151559016827,-0.2012048423371527,0.9921332453257296,-0.6050385156544864,0.6050385156544864,0,1.1417078255300903,memory,TGAGGATAGCGACTGT,14.6004,5.5127
GGTGGCTCAATTACCT-E15S,E15S,neutrophil,0.03441263341863427,0.06221008558485278,0.18355457243437637,0.6839138196296475,-0.0522909959520859,0.0522909959520859,1,-0.5932351407665757,partial,GGTGGCTCAATTACCT,10.6493,-2.6227
TAGTCCCCAGCAGTTG-E15S,E15S,neutrophil,0.02221000303119732,0.039442745820382444,-0.059386558167590184,0.9657344999509488,-1.2806016431768052,1.2806016431768052,0,-0.5932351407665757,reverted,TAGTCCCCAGCAGTTG,11.4832,-1.0405
CTTGCTTAGGGTCTCG-E15S,E15S,neutrophil,0.03378229471476383,0.04669787920975888,-0.2782612690209698,0.9964996833361303,0.4872334973758694,-0.4872334973758694,1,-0.5932351407665757,reverted,CTTGCTTAGGGTCTCG,14.4319,5.2236
ACCGAAAGTTGCTGGC-E15S,E15S,neutrophil,0.025961523011435585,0.08582273793726472,-0.2305443758287597,0.9942180489095621,-0.7522196290004727,0.7522196290004727,0,-0.5932351407665757,reverted,ACCGAAAGTTGCTGGC,14.3544,4.8885
GTGGGTAAGAACGGGC-E15S,E15S,neutrophil,0.03304479420718342,0.06615143372641795,-0.18347818798842394,0.9905281190230565,-0.59810276534276,0.59810276534276,0,1.0699935724316147,memory,GTGGGTAAGAACGGGC,14.6704,5.7467
GCGTTCCTCACGGAGA-E15S,E15S,neutrophil,0.019327505188482235,0.07760192968499809,-0.3351100250528527,0.998077229034443,-0.23120988463178682,0.23120988463178682,0,0.5272584865102102,reverted,GCGTTCCTCACGGAGA,13.7811,5.0247
TACGAAGGTAGTGTGA-E15S,E15S,neutrophil,0.03086406167057968,0.09281839353435702,-0.02230596591797384,0.9501193194271104,-0.6582138887193864,0.6582138887193864,0,-0.5932351407665757,reverted,TACGAAGGTAGTGTGA,15.4715,7.1728
AAGCATCCACATTGGG-E15S,E15S,neutrophil,0.017562709451591555,0.03809808981269514,1.3296800088459564,1.1908761942655923e-05,-0.20155563035804902,0.20155563035804902,1,-0.5932351407665757,persistent,AAGCATCCACATTGGG,10.6462,-3.7249
CAAGGGGCAGGGCACT-E15S,E15S,neutrophil,0.008482535784490701,0.0558873379047314,0.163271445144932,0.7283228381376043,-0.8381903291739561,0.8381903291739561,0,-0.5932351407665757,reverted,CAAGGGGCAGGGCACT,14.3646,5.1019
ACATGAAAGGGCTAGA-E15S,E15S,neutrophil,0.03156948434753522,0.0901342332157783,-0.025533477787840635,0.9517109219053048,0.45650338037254756,-0.45650338037254756,1,1.5477217842021285,memory,ACATGAAAGGGCTAGA,14.2722,4.7645
GCACTGGTCGATTGCA-E15S,E15S,neutrophil,0.01704766577981695,0.03923570633296142,-0.1166925759300488,0.9810021588400205,-0.3952728307361068,0.3952728307361068,0,-0.5932351407665757,reverted,GCACTGGTCGATTGCA,10.4454,-3.4334
CGGTGCATCTGTGCGG-E15S,E15S,neutrophil,0.023685656362401,0.07398005846774243,0.12993265436709767,0.7922250428519421,-1.5494480879454189,1.5494480879454189,0,-0.5932351407665757,reverted,CGGTGCATCTGTGCGG,14.4882,5.4769
AGTGTAAAGAAGGACT-E15S,E15S,neutrophil,0.04019562140985369,0.053576961540580635,0.29370433808070034,0.4032279729303902,0.03768587879232212,-0.03768587879232212,1,1.1118945042304202,partial,AGTGTAAAGAAGGACT,14.5184,5.9448
CAGTCCCTCACATACG-E15S,E15S,neutrophil,0.033606744767961584,0.07638042806187102,-0.2585654319122881,0.9956933877590899,-0.06109342172693211,0.06109342172693211,1,1.2074805694671384,memory,CAGTCCCTCACATACG,11.4598,-3.4028
ACATGAGGTGAGGATC-E15S,E15S,neutrophil,0.023922261608757902,0.07532386844791855,0.5106180550838105,0.0639265884011953,-0.2881244846676579,0.2881244846676579,1,-0.5932351407665757,persistent,ACATGAGGTGAGGATC,10.867,-2.2232
AGTACCTGTTAAGCAG-E15S,E15S,neutrophil,0.025595361824994806,0.06552038026922252,-0.331204829650909,0.9979963932552055,-0.46735367592738997,0.46735367592738997,0,1.1181487674208865,memory,AGTACCTGTTAAGCAG,14.5144,6.4043
CGCATGGTCCATGAGC-E15S,E15S,neutrophil,0.017017697573336047,0.057675926383245896,-0.04984651380232314,0.9622376600450009,-2.092368785093707,2.092368785093707,0,1.6822327285282674,inducing,CGCATGGTCCATGAGC,13.6975,5.5073
CTCCCTAAGTGGGTAG-E15S,E15S,neutrophil,0.032611599307106116,0.08570091616092755,-0.2262416961036086,0.9939507475258157,0.13703799601647332,-0.13703799601647332,1,0.5782208990416325,reverted,CTCCCTAAGTGGGTAG,10.6928,-1.9635
CATGCGCGTAAGTACG-E15S,E15S,neutrophil,0.06463052694452616,0.10167558428424289,0.28196186973355275,0.4334076499911244,-1.735533775800147,1.735533775800147,0,-0.5932351407665757,partial,CATGCGCGTAAGTACG,11.1178,-0.7963
ATGGTCATCTCATTGC-E15S,E15S,neutrophil,0.05244528437531544,0.0770517513547258,-0.16746410608572523,0.9888014011587071,-0.5319980283897767,0.5319980283897767,0,-0.5932351407665757,reverted,ATGGTCATCTCATTGC,12.308,12.3181
AATGGTAAGGTGAGTG-E15S,E15S,neutrophil,0.032590356283349456,0.05547833434361006,0.6323706765115621,0.018516459235333946,1.185892937651984,-1.185892937651984,2,0.3514622262773258,persistent,AATGGTAAGGTGAGTG,13.5024,5.9803
GCGGAGACAAGTTCGG-E15S,E15S,neutrophil,0.0494563541568655,0.02769188273013396,-0.1970491358671621,0.9917830258244339,-0.4574935694567409,0.4574935694567409,0,3.519898143362383,memory,GCGGAGACAAGTTCGG,14.3827,5.8093
CACACAATCCCCAGAG-E15S,E15S,neutrophil,0.034890693855998446,0.08662788214116032,0.3444709449804064,0.28324200387789594,-0.7176840435173684,0.7176840435173684,0,2.6060456447863,persistent,CACACAATCCCCAGAG,14.304,5.4564
TGGTCAATCAATTAGC-E15S,E15S,neutrophil,0.13249817392472896,0.29191998770282995,-0.1071211656263949,0.9790227655925776,0.2736433715952732,-0.2736433715952732,0,-0.5932351407665757,reverted,TGGTCAATCAATTAGC,11.0718,-0.9209
GCACCATAGGTAAGCG-E15S,E15S,neutrophil,0.0,0.06199881140751933,-0.2811293611297128,0.9966038125364942,-0.5570109733937063,0.5570109733937063,0,0.38215560309894053,reverted,GCACCATAGGTAAGCG,11.9399,-3.8044
ATTGGATTCTATGGCA-E15S,E15S,neutrophil,0.009572412432166135,0.08850744903666083,0.2971788855947237,0.3944259592300949,1.839540007724622,-1.839540007724622,2,-0.5932351407665757,partial,ATTGGATTCTATGGCA,11.2638,-2.9141
CACTAACGTATGGCAA-E15S,E15S,neutrophil,0.04323281837711607,0.06333087227463563,-0.31396473150004356,0.997597022113181,-0.8955493514729239,0.8955493514729239,0,-0.5932351407665757,reverted,CACTAACGTATGGCAA,14.0766,4.4073
CCGTTGGAGTCATTGG-E15S,E15S,neutrophil,0.017173989540431357,0.09829814972719896,0.07509465766009085,0.8718942483681108,-0.3565491207226258,0.3565491207226258,0,-0.5932351407665757,reverted,CCGTTGGAGTCATTGG,11.2713,-1.4251
TGCCATAAGGGTTGAG-E15S,E15S,neutrophil,0.04043101593413411,0.11104121661671354,0.11342672465550581,0.8194747224691306,-0.22227503123859021,0.22227503123859021,0,-0.5932351407665757,reverted,TGCCATAAGGGTTGAG,11.4261,-1.0623
ATGGTTTAGAAGCCAG-E15S,E15S,neutrophil,0.03738274371016698,0.0838255688597192,0.0378036012917864,0.9098522255631474,0.15369274255487952,-0.15369274255487952,1,-0.5932351407665757,reverted,ATGGTTTAGAAGCCAG,14.8873,6.4165
GGGTAAGTCTTGACGA-E15S,E15S,neutrophil,0.03072682060409981,0.13390324450654298,0.5999320500695824,0.025890277630543294,-1.0649923982524772,1.0649923982524772,0,-0.5932351407665757,persistent,GGGTAAGTCTTGACGA,13.6932,4.6814
AACGTAGGTGATGAGC-E15S,E15S,neutrophil,0.06955005861939553,0.06072135261654851,-0.1917816920532297,0.9913168181521324,-0.06105089530126312,0.06105089530126312,1,-0.5932351407665757,reverted,AACGTAGGTGATGAGC,13.697,5.0394
GCTGGTTAGCATTCGA-E15S,E15S,neutrophil,0.01746381186766909,0.09109299572709001,0.14606511324682173,0.7627712386023203,-0.11387726156231268,0.11387726156231268,1,0.6049804977044705,reverted,GCTGGTTAGCATTCGA,14.0241,4.4983
GGTGCCTGTTGCTCTC-E15S,E15S,neutrophil,0.028392647055467277,0.03743211273358019,-0.24765416844931426,0.9951696708047728,-0.22029418176399862,0.22029418176399862,1,-0.5932351407665757,reverted,GGTGCCTGTTGCTCTC,10.4468,-3.5406
CTGTTGAAGTACCATG-E15S,E15S,neutrophil,0.04758077361966061,0.06965138080187717,0.0378286821812803,0.9098304870694858,-0.6011513611104111,0.6011513611104111,0,-0.5932351407665757,reverted,CTGTTGAAGTACCATG,11.1136,-1.0868
GCCGAACCAATCGCCT-E15S,E15S,neutrophil,0.01886751250099507,0.1393242458249576,-0.40940999065130096,0.9991221195900568,-1.5589389863863337,1.5589389863863337,0,-0.5932351407665757,reverted,GCCGAACCAATCGCCT,14.8425,5.7973
CTTCTAATCCAGCCTC-E15S,E15S,neutrophil,0.0,0.07372278371092261,-0.3887005016946119,0.9989076205582518,-0.2401505737796829,0.2401505737796829,0,0.517445299653696,reverted,CTTCTAATCCAGCCTC,13.504,5.0001
ATGAACCCAATACCAA-E15S,E15S,neutrophil,0.05926862496303779,0.07731516998789928,0.49432095419413896,0.07503770652222753,-0.34934968911655645,0.34934968911655645,1,-0.5932351407665757,persistent,ATGAACCCAATACCAA,9.5787,-2.9485
GTCCGCAAGATTAAGG-E15S,E15S,neutrophil,0.04330116167570554,0.08243218967685327,0.08594852678542138,0.8585294355629316,0.0870908016226943,-0.0870908016226943,1,1.23296040060325,memory,GTCCGCAAGATTAAGG,14.5859,5.2594
TCTCATCAGTGACCAC-E15S,E15S,neutrophil,0.036863417664651156,0.06565918077314359,-0.3725013567542467,0.9987039571267892,-0.795047013429031,0.795047013429031,0,-0.5932351407665757,reverted,TCTCATCAGTGACCAC,11.4513,-3.806
TACTTCATCACTCTAC-E15S,E15S,neutrophil,0.00950257155280152,0.022700587598359183,-0.35560851816019784,0.9984510870564003,-0.7845261869689322,0.7845261869689322,0,-0.5932351407665757,reverted,TACTTCATCACTCTAC,11.1969,-1.6601
CTTATGCTCCAGATCA-E15S,E15S,neutrophil,0.08539941094561496,0.13600646928375715,-0.30609672577232316,0.9973892582789419,-0.693950594085162,0.693950594085162,0,0.7583667950879502,reverted,CTTATGCTCCAGATCA,13.3716,5.1562
CGTCGCTTCATACTCC-E15S,E15S,neutrophil,0.03910662023683156,0.11570952416714153,0.06860754933748922,0.8793570090915457,-1.5767994395014073,1.5767994395014073,0,1.3359819156758161,memory,CGTCGCTTCATACTCC,10.3445,-2.3856
CGCAGTTAGAATCACT-E15S,E15S,neutrophil,0.010123259002189767,0.05711611084320015,0.042438994939368854,0.9057535460008835,-0.4921850660657726,0.4921850660657726,0,2.954343845385129,memory,CGCAGTTAGAATCACT,10.2801,-2.7016
CGTGGGTCACTTCGAC-E15S,E15S,neutrophil,0.017914818444651412,0.09391946974819854,-0.5293849499177975,0.9997527308147135,-0.7732521387858577,0.7732521387858577,0,-0.5932351407665757,reverted,CGTGGGTCACTTCGAC,11.1689,-1.2039
CTCTCAACACTCGCCA-E15S,E15S,neutrophil,0.028046635900552397,0.07217405261226148,-0.47263455549517464,0.9995497049259279,-0.9218457147541756,0.9218457147541756,0,1.8606796076574097,memory,CTCTCAACACTCGCCA,14.7315,5.6712
GTTAAGGGTGGAGCAT-E15S,E15S,neutrophil,0.01739553306712627,0.06249118745410271,-0.2098500637870612,0.9928150641770196,-0.9581204754000586,0.9581204754000586,0,-0.5932351407665757,reverted,GTTAAGGGTGGAGCAT,11.438,-4.1176
CTATGGGCATGGTACG-E15S,E15S,neutrophil,0.009321281737030755,0.08981681698280519,-0.30948291409518625,0.9974807847977321,-0.8798058796179764,0.8798058796179764,0,0.48754964573743337,reverted,CTATGGGCATGGTACG,13.4858,5.3859
GCGTGCATCCATTCGT-E15S,E15S,neutrophil,0.05985075638314913,0.09307892874561736,0.1893358088869441,0.6705629000305124,-0.5137712065554331,0.5137712065554331,0,0.7052849002386969,partial,GCGTGCATCCATTCGT,13.2119,5.364
CTACACCCAAGTTCAA-E15S,E15S,neutrophil,0.01887836170122041,0.08649331777519992,2.354264809485135,2.3673999784375216e-10,-0.607597627768794,0.607597627768794,0,1.8795492878230864,persistent,CTACACCCAAGTTCAA,14.1001,4.6697
GTTCGTTTCTCACTGT-E15S,E15S,neutrophil,0.016021211452999038,0.046353629615413894,1.2499922583074787,2.763947547616611e-05,0.7278577222044379,-0.7278577222044379,1,-0.5932351407665757,persistent,GTTCGTTTCTCACTGT,9.139,-2.3509
TGGATTGTCGAGTGTC-E15S,E15S,neutrophil,0.05867679972332881,0.10589980812906102,0.7097349270239262,0.008261598423807163,-0.3239754217337624,0.3239754217337624,1,-0.5932351407665757,persistent,TGGATTGTCGAGTGTC,14.1816,6.0216
AACCGATCAAGTGTAC-E15S,E15S,neutrophil,0.027306821617340122,0.05388025276938547,0.16406095071218765,0.7266690831094098,0.2652997465056356,-0.2652997465056356,1,-0.5932351407665757,reverted,AACCGATCAAGTGTAC,10.5925,-2.5948
CATCACAAGCTGGAAG-E15S,E15S,neutrophil,0.029382518102833172,0.04431827776365825,-0.09704678532351951,0.9767214806880848,-0.4515400615288676,0.4515400615288676,0,-0.5932351407665757,reverted,CATCACAAGCTGGAAG,10.813,-3.6716
TACAGTTAGATACTGT-E15S,E15S,neutrophil,0.05849664020765714,0.13290319543309348,-0.010492057657392181,0.9438598915871227,-0.23850475541359328,0.23850475541359328,0,-0.5932351407665757,reverted,TACAGTTAGATACTGT,13.2588,5.3783
TGCTACCCACAACTAA-E15S,E15S,neutrophil,0.015422852135897757,0.07828667313192318,0.03893421311705893,0.9088675814998829,-0.5052294866033046,0.5052294866033046,0,-0.5932351407665757,reverted,TGCTACCCACAACTAA,11.4188,-3.5968
CTTGTGAAGTTGGCGT-E15S,E15S,neutrophil,0.028386100200155466,0.07508454945113952,0.141395630757705,0.7715829980657157,-0.2896858196280097,0.2896858196280097,0,0.5038695318174743,reverted,CTTGTGAAGTTGGCGT,14.0011,4.3226
CATCCGCTCCGTCACC-E15S,E15S,neutrophil,0.01989982372277913,0.04275481337649243,-0.3664022347476837,0.9986178045253815,-0.3660869118452303,0.3660869118452303,1,0.560438106135107,reverted,CATCCGCTCCGTCACC,10.9259,-3.653
GGTGTTGCACCTATGC-E15S,E15S,neutrophil,0.02944583442764118,0.05426045182377516,0.6087438034521997,0.023642981034032683,1.346638325773259,-1.346638325773259,2,0.5448275839794073,persistent,GGTGTTGCACCTATGC,10.4195,-2.8786
GTGAGGATCCGCACTC-E15S,E15S,neutrophil,0.02117357359807827,0.04965783480355893,0.33647385409762026,0.3007058822110445,1.017498464732635,-1.017498464732635,2,0.634282536862142,partial,GTGAGGATCCGCACTC,10.3712,-2.8445
ACAATGAAGCATTAGT-E15S,E15S,neutrophil,0.01912474298666665,0.055230880490060204,0.06267590534266756,0.8858495119670031,-0.8757874512782724,0.8757874512782724,0,-0.5932351407665757,reverted,ACAATGAAGCATTAGT,11.0403,-3.8793
CGTTACTTCATGGTTG-E15S,E15S,neutrophil,0.009876771274292763,0.05014792482625524,0.4228940276778597,0.1471588927924301,-0.31615479217566933,0.31615479217566933,1,0.5519575949736264,persistent,CGTTACTTCATGGTTG,10.4503,-3.5267
AAAGTGATCGACTATG-E15S,E15S,neutrophil,0.018861009046091774,0.04700780303267698,-0.06292214315483641,0.9669494231274655,-0.831939979670238,0.831939979670238,0,-0.5932351407665757,reverted,AAAGTGATCGACTATG,9.9917,-2.5922
CACCGCTTCAGTTGGC-E15S,E15S,neutrophil,0.0,0.033430837874819035,0.4349107644856956,0.13192666171231113,-0.4214062527537621,0.4214062527537621,0,0.6138202861378593,persistent,CACCGCTTCAGTTGGC,9.283,-2.566
CCGGCATGTGAGGTGT-E15S,E15S,neutrophil,0.040017496036240746,0.09497863117636339,-0.755394350035884,0.9999772930491653,-0.5435244575876034,0.5435244575876034,0,-0.5932351407665757,reverted,CCGGCATGTGAGGTGT,11.159,-0.8617
TGCGACCGTAGCGAGT-E15S,E15S,neutrophil,0.02736442749558713,0.15576992826176822,-0.15693676827311503,0.9875003011744771,-0.613087126336659,0.613087126336659,0,-0.5932351407665757,reverted,TGCGACCGTAGCGAGT,11.2663,-1.2621
TCGGCCAAGCCTTCGC-E15S,E15S,neutrophil,0.01937086934977976,0.08823741198916668,0.24965726498630303,0.5183346154632038,-2.645980895750471,2.645980895750471,0,0.5297724822852591,inducing,TCGGCCAAGCCTTCGC,13.79,5.8144
TGCTCCATCCCCAATT-E15S,E15S,neutrophil,0.030615762337533572,0.021881593624745538,-0.20728997763081086,0.992619512818376,-0.8609016849321048,0.8609016849321048,0,-0.5932351407665757,reverted,TGCTCCATCCCCAATT,10.1307,-2.5676
ATCATCAGTTAGTGAG-E15S,E15S,neutrophil,0.00950367206687513,0.084111261963822,-0.12233331280702457,0.9820816606552074,-1.0403819479995648,1.0403819479995648,0,0.5086974555840267,reverted,ATCATCAGTTAGTGAG,11.193,-1.1388
GGCACGAGTCTGGGCT-E15S,E15S,neutrophil,0.044828036452993554,0.06871125551943863,1.1001288327953518,0.00013464011591636312,0.44271810266013234,-0.44271810266013234,1,0.4865689373362545,persistent,GGCACGAGTCTGGGCT,12.8698,5.4906
GTCCTATTCGTGCCCT-E15S,E15S,neutrophil,0.02101041581389811,0.05330899515571339,-0.31515361462125885,0.9976269479062703,-0.23564396377497926,0.23564396377497926,1,-0.5932351407665757,reverted,GTCCTATTCGTGCCCT,10.6704,-3.6718
AGGAATATCAGCCCGA-E15S,E15S,neutrophil,0.025638817476757877,0.052510225459567676,-0.20794651177471815,0.992670160003006,-0.8407261703076708,0.8407261703076708,0,-0.5932351407665757,reverted,AGGAATATCAGCCCGA,14.2656,4.3786
ATAGGGGTCGATCACA-E15S,E15S,neutrophil,0.028113868882369244,0.0650028431522247,0.7001492381555443,0.009134157194191727,1.1487573193131828,-1.1487573193131828,2,-0.5932351407665757,persistent,ATAGGGGTCGATCACA,10.0313,-3.1897
CGCAACTAGGTGGATG-E15S,E15S,neutrophil,0.03383886905146998,0.04664181877051671,-0.15513106671127563,0.9872625945678916,-0.8009654532782363,0.8009654532782363,0,0.4623900167337727,reverted,CGCAACTAGGTGGATG,14.7401,6.0472
TGCCATCCAGCCAGGT-E15S,E15S,neutrophil,0.030505516694448374,0.05950701889668694,0.0026389581142069653,0.936039023092348,-0.7412104454565823,0.7412104454565823,0,0.585783627894248,reverted,TGCCATCCAGCCAGGT,11.6495,-3.6096
CAGTACGCATAATCTC-E15S,E15S,neutrophil,0.02034964465487357,0.0746404493617165,0.05156155583120935,0.8971973232719325,-0.15191100356264467,0.15191100356264467,1,-0.5932351407665757,reverted,CAGTACGCATAATCTC,10.7573,-3.6875
GGGGCAACAACCAAGT-E15S,E15S,neutrophil,0.020141971055412808,0.05683052360002248,0.4238830375292412,0.14585222130435432,-0.335604715718294,0.335604715718294,1,-0.5932351407665757,persistent,GGGGCAACAACCAAGT,9.7371,-3.3344
ACCCGTTCATCACGCT-E15S,E15S,neutrophil,0.0,0.050856484244292295,0.5923086679093618,0.02800119889131132,0.4937659605464769,-0.4937659605464769,2,0.5647969307813027,persistent,ACCCGTTCATCACGCT,9.8751,-3.0022
CTACGGGTCCATTAGG-E15S,E15S,neutrophil,0.019153763877757253,0.0702483699676486,-0.5783546390478307,0.9998525984785877,-0.13623729034147977,0.13623729034147977,0,-0.5932351407665757,reverted,CTACGGGTCCATTAGG,11.4747,-4.2113
GCATGTCAGTCGAGCT-E15S,E15S,neutrophil,0.054617483218865705,0.026095019760124724,0.005313534034399145,0.9343261193485112,-1.0173293999900486,1.0173293999900486,0,-0.5932351407665757,reverted,GCATGTCAGTCGAGCT,13.7778,4.6803
CCTCATTAGGTACAGG-E15S,E15S,neutrophil,0.11906954518200201,0.11181092498394053,-0.2679843839305422,0.996099759123855,-0.8655595309585082,0.8655595309585082,0,-0.5932351407665757,reverted,CCTCATTAGGTACAGG,11.5761,6.7617
CTCACCATCGCGTTCC-E15S,E15S,neutrophil,0.0104182612445296,0.008296022842866162,-0.6870306674852961,0.9999532421355858,-0.7755474762285605,0.7755474762285605,0,-0.5932351407665757,reverted,CTCACCATCGCGTTCC,10.9688,-0.6513
GTTAGTTAGGTTAATC-E15S,E15S,neutrophil,0.039540435890237736,0.0931437084956327,0.013720732233482656,0.9286605101768456,-0.4749945548986781,0.4749945548986781,0,1.354684424176152,memory,GTTAGTTAGGTTAATC,9.5003,-2.9627
CGGGTTACATGCTCGT-E15S,E15S,neutrophil,0.05710888662659278,0.08037612327518773,-0.2681693068446116,0.9961073427611525,-0.04149973607241739,0.04149973607241739,1,0.7310980911107196,reverted,CGGGTTACATGCTCGT,13.9469,5.7708
TGTCCTTAGCGATTCA-E15S,E15S,neutrophil,0.05042311566725786,0.05397380278348066,-0.1343448090698711,0.9841835836186617,-0.5822963640210311,0.5822963640210311,0,-0.5932351407665757,reverted,TGTCCTTAGCGATTCA,11.2145,-1.2409
CACACAGCATCGAACG-E15S,E15S,neutrophil,0.0,0.027665156466772586,0.4174680304755031,0.15450067771922857,0.2373503932646957,-0.2373503932646957,2,-0.5932351407665757,persistent,CACACAGCATCGAACG,9.7133,-3.3259
GCCCGTAAGTCAGCGT-E15S,E15S,neutrophil,0.0319839533019468,0.06963569681502574,0.27251001560951793,0.45807556923012366,-0.41684098107488604,0.41684098107488604,1,-0.5932351407665757,partial,GCCCGTAAGTCAGCGT,14.0872,5.6362
AACATCCGTAGTAGTG-E15S,E15S,neutrophil,0.02343461169081729,0.08699414062795628,-0.26495096163291265,0.9959732377509184,-0.26032431688649366,0.26032431688649366,0,-0.5932351407665757,reverted,AACATCCGTAGTAGTG,11.0789,-3.8454
TCTAATGGTAAGCAAT-E15S,E15S,neutrophil,0.012012902010984199,0.05410539837011349,0.43446623818835217,0.13246549023766738,1.7001981019283057,-1.7001981019283057,2,0.799637867636979,persistent,TCTAATGGTAAGCAAT,9.8853,-2.9606
ATCCACAAGCTTAACG-E15S,E15S,neutrophil,0.01120530022697066,0.05255582945530194,-0.32268875854753026,0.9978081592849375,-0.4353283237415722,0.4353283237415722,0,-0.5932351407665757,reverted,ATCCACAAGCTTAACG,9.1,-3.0392
CCACGTTCAAACCCAG-E15S,E15S,neutrophil,0.027355101451752618,0.1736967016562065,-0.42581725183046276,0.9992617445891944,-0.1313840434263832,0.1313840434263832,0,-0.5932351407665757,reverted,CCACGTTCAAACCCAG,11.3464,-0.9013
CATATTGGTTAGACGA-E15S,E15S,neutrophil,0.04153121843693722,0.03307115542200557,-0.4041613756560733,0.9990721059555728,-0.34101008143575473,0.34101008143575473,0,-0.5932351407665757,reverted,CATATTGGTTAGACGA,11.3311,-1.4207
GTGACTATCCCGCTGT-E15S,E15S,neutrophil,0.011587348396094353,0.05588616619088596,0.15345830593157775,0.748347121579604,-0.23793881687932478,0.23793881687932478,0,2.3124083937900117,memory,GTGACTATCCCGCTGT,10.6564,-2.5793
CCCATGCTCAAGTCTG-E15S,E15S,neutrophil,0.01169376143226894,0.062037353286388146,0.29589694021025814,0.39766585154958983,-0.5303767548437797,0.5303767548437797,0,1.6606294874434684,partial,CCCATGCTCAAGTCTG,10.8578,-3.2173
ATGGTGAGTCCCGAGT-E15S,E15S,neutrophil,0.05201781438706493,0.055875341500430636,-0.5399325962615467,0.9997788023880959,-0.5244700890649482,0.5244700890649482,0,-0.5932351407665757,reverted,ATGGTGAGTCCCGAGT,13.4085,5.2899
CCTTAATCAATCGAGT-E15S,E15S,neutrophil,0.023919890942348504,0.06666562197821203,1.5238941094159628,1.5299041460644598e-06,0.69253744677824,-0.69253744677824,1,0.7934976581478582,persistent,CCTTAATCAATCGAGT,9.275,-2.4695
ATGCCCAGTGAACGAC-E15S,E15S,neutrophil,0.012986525960140525,0.09704895686751709,0.5225922665162592,0.05676053626860799,-0.13728092828316005,0.13728092828316005,0,-0.5932351407665757,persistent,ATGCCCAGTGAACGAC,11.7179,-3.5429
CTCACCTGTGACTTCG-E15S,E15S,neutrophil,0.0,0.0333096978849179,-0.15236769809100326,0.9868901533303349,-0.9424875135012329,0.9424875135012329,0,-0.5932351407665757,reverted,CTCACCTGTGACTTCG,11.827,-3.9197
CATACCCCATGGAGCC-E15S,E15S,neutrophil,0.018396696352007687,0.05720000525942724,0.6729391178242059,0.01213977219340284,0.43797977239027863,-0.43797977239027863,2,2.1913624667416487,persistent,CATACCCCATGGAGCC,10.2111,-3.0866
GGACTCACATGGAACT-E15S,E15S,neutrophil,0.045275042162799824,0.028607248643041983,0.06951943232960138,0.878331104809331,0.32100210345123326,-0.32100210345123326,1,-0.5932351407665757,reverted,GGACTCACATGGAACT,9.8042,-2.9713
ATAGGCTCATCGTACC-E15S,E15S,neutrophil,0.0,0.04911667109157238,0.19607285686585516,0.6546512669736745,-1.0214462857533526,1.0214462857533526,0,-0.5932351407665757,partial,ATAGGCTCATCGTACC,11.1395,-3.8841
GTGACTATCACAGAGG-E15S,E15S,neutrophil,0.0208365224890592,0.07384751121006067,-0.16589149901675815,0.9886159036209803,-0.3254092548723977,0.3254092548723977,0,-0.5932351407665757,reverted,GTGACTATCACAGAGG,10.6898,-3.9438
CAGGGCAGTATTGGGA-E15S,E15S,neutrophil,0.022291258777971862,0.03089804500317271,0.29829233777735215,0.39161940334419687,-0.764855583537703,0.764855583537703,0,0.699079266143001,partial,CAGGGCAGTATTGGGA,11.2369,-2.9933
GTCCGTTCAAATCGGT-E15S,E15S,neutrophil,0.020137019973128494,0.029629299357256316,-0.2869428598166122,0.9968055018814788,-0.02143280833459442,0.02143280833459442,1,-0.5932351407665757,reverted,GTCCGTTCAAATCGGT,11.2773,-1.4561
CATCAATAGGTACCCG-E15S,E15S,neutrophil,0.03246236723752888,0.04834765567811831,-0.19749498422013556,0.9918213280009157,-0.7112898266028382,0.7112898266028382,0,-0.5932351407665757,reverted,CATCAATAGGTACCCG,10.8668,-3.4075
ATGTCAACAGGACATT-E15S,E15S,neutrophil,0.033694544681594114,0.03283613341474073,-0.2840689516429186,0.9967073344994051,-0.8235286116502134,0.8235286116502134,0,-0.5932351407665757,reverted,ATGTCAACAGGACATT,11.0533,-3.9172
GCAGGGACAAATGACC-E15S,E15S,neutrophil,0.04998113497472798,0.06276940803900298,-0.40116675122534523,0.9990423052146122,-0.8303018782829168,0.8303018782829168,0,-0.5932351407665757,reverted,GCAGGGACAAATGACC,11.7201,-4.2503
CTAAGGCTCTCACTTA-E15S,E15S,neutrophil,0.08980120435575742,0.1701678519034626,-0.04857629209281043,0.9617469438831865,-0.44689179379560995,0.44689179379560995,0,-0.5932351407665757,reverted,CTAAGGCTCTCACTTA,13.5411,5.4839
AGGACAACATTAATCC-E15S,E15S,neutrophil,0.030034839149499983,0.05973051742717693,-0.6447937795789086,0.9999269434305291,-0.6013124699304776,0.6013124699304776,0,-0.5932351407665757,reverted,AGGACAACATTAATCC,11.6735,-4.3249
GGAGAACCAAAGGATG-E15S,E15S,neutrophil,0.049110690177497675,0.03076283055825432,-0.15265750100376113,0.9869297114191222,-1.301148585307916,1.301148585307916,0,-0.5932351407665757,reverted,GGAGAACCAAAGGATG,14.425,5.564
TGCTTAAGTGAAGGAG-E15S,E15S,neutrophil,0.009825865516695058,0.05168509938570809,0.2933662993445135,0.40408775567822874,-0.9260242697623802,0.9260242697623802,0,1.344473359456246,partial,TGCTTAAGTGAAGGAG,10.5421,-3.0211
GTACCCAGTAGCTGGG-E15S,E15S,neutrophil,0.044286280110994426,0.08529656759211593,0.3996226354891965,0.18076499052864076,0.1113254840164792,-0.1113254840164792,1,-0.5932351407665757,persistent,GTACCCAGTAGCTGGG,10.7676,-3.2323
AAACTCCGTATTGGCT-E15S,E15S,neutrophil,0.05843124925068392,0.062156930557875294,-0.14371523179858525,0.9856531282780988,-0.631366888212833,0.631366888212833,0,-0.5932351407665757,reverted,AAACTCCGTATTGGCT,11.8339,-4.3116
CGCTCATCAAACCGTG-E15S,E15S,neutrophil,0.037113300371629354,0.08472180780671543,0.32254683153949,0.33252544624411445,1.1881490999107756,-1.1881490999107756,2,-0.5932351407665757,partial,CGCTCATCAAACCGTG,10.3252,-2.3821
AAGTTGGGTTCAAGGA-E15S,E15S,neutrophil,0.02186746074071077,0.04597912873645866,0.3267105483536317,0.3228338208232795,-0.5375645655134003,0.5375645655134003,0,-0.5932351407665757,partial,AAGTTGGGTTCAAGGA,14.1143,5.2501
ACAACATTCTGTCACT-E15S,E15S,neutrophil,0.022110164121546847,0.07210752126177795,-0.058229711989668566,0.9653277028080973,-0.5111735578109888,0.5111735578109888,0,-0.5932351407665757,reverted,ACAACATTCTGTCACT,10.0306,-3.2069
TCCTGACCACCTGTAC-E15S,E15S,neutrophil,0.05497772599444505,0.191812371853635,-0.29824287570991087,0.9971640050611705,-0.5820172711212473,0.5820172711212473,0,0.6816772914009309,reverted,TCCTGACCACCTGTAC,11.3455,-0.4979
TGCCACCTCAATCAAC-E15S,E15S,neutrophil,0.040720827155513055,0.04125046986176994,-0.3384875977930687,0.9981445131779995,-0.41361593696305476,0.41361593696305476,0,-0.5932351407665757,reverted,TGCCACCTCAATCAAC,10.097,-3.0546
TCCATTATCGATCAGC-E15S,E15S,neutrophil,0.02165878494802431,0.07272936489830863,0.10573501497151974,0.831187095038663,-0.6885511780596524,0.6885511780596524,1,-0.5932351407665757,reverted,TCCATTATCGATCAGC,9.7083,-2.9298
CTACCAAAGCATAGTT-E15S,E15S,neutrophil,0.08215818759376971,0.07150881067660098,-0.3032116237857866,0.9973086639440786,-0.40867469094285075,0.40867469094285075,0,-0.5932351407665757,reverted,CTACCAAAGCATAGTT,14.4629,5.1817
TCAACTGAGTAGGATA-E15S,E15S,neutrophil,0.04182748543485521,0.039030427531576366,0.4018032589177742,0.17737799056493286,0.9336281237510686,-0.9336281237510686,2,-0.5932351407665757,persistent,TCAACTGAGTAGGATA,14.3093,4.7866
ACTCGCCTCACGCTCC-E15S,E15S,neutrophil,0.0711315167196601,0.08035981517409276,-0.16851013114474633,0.9889231273402859,-0.2770113511922659,0.2770113511922659,0,0.7068904658204423,reverted,ACTCGCCTCACGCTCC,11.1962,-1.1344
TCAACATAGCCTACCC-E15S,E15S,neutrophil,0.0414126360329441,0.06181798629401326,-0.28770359744986657,0.9968309953120029,-0.20769587219264932,0.20769587219264932,0,-0.5932351407665757,reverted,TCAACATAGCCTACCC,10.2112,-3.5054
GGGTAAGTCCATGCGG-E15S,E15S,neutrophil,0.017776843264684403,0.08136676892222196,-0.3532943550831384,0.9984128076669928,-0.31887880397712515,0.31887880397712515,0,-0.5932351407665757,reverted,GGGTAAGTCCATGCGG,10.1122,-3.1108
TCTGGCGAGCAACCCG-E15S,E15S,neutrophil,0.0,0.07251275568697911,0.5814544206772801,0.03129746402923285,-0.5655399407781861,0.5655399407781861,1,0.6934581998223772,persistent,TCTGGCGAGCAACCCG,10.2557,-2.4393
ACGTCTAAGGTTAATC-E15S,E15S,neutrophil,0.0,0.07543062034525694,-0.003940303407375557,0.9400769751599495,-2.2291530871266887,2.2291530871266887,0,0.6187544120785251,inducing,ACGTCTAAGGTTAATC,11.4258,-3.1914
AATGAGGCAAACCGAT-E15S,E15S,neutrophil,0.03272673248384769,0.040636439272453445,0.21293109841725635,0.6133516009145455,-0.40439712021871055,0.40439712021871055,1,-0.5932351407665757,partial,AATGAGGCAAACCGAT,9.9088,-2.6869
CTTGGGCGTAAGTGTG-E15S,E15S,neutrophil,0.07941926551032036,0.08316980747162939,0.4101377938359305,0.1648910706401261,-0.5943043153041321,0.5943043153041321,0,-0.5932351407665757,persistent,CTTGGGCGTAAGTGTG,13.4995,4.7652
GCCTTCATCTCATCCG-E15S,E15S,neutrophil,0.017488814377450326,0.07386012613702152,0.048129971044013335,0.9004937522045231,-0.9821411185316441,0.9821411185316441,0,-0.5932351407665757,reverted,GCCTTCATCTCATCCG,10.5251,-3.565
TGCCATCCAATGCCAG-E15S,E15S,neutrophil,0.02895533197766152,0.04470239953047595,-0.45232146092221,0.9994419632251682,-0.8959001117362942,0.8959001117362942,0,0.6594243917938228,reverted,TGCCATCCAATGCCAG,11.6842,-4.1859
GGATGCAAGGTCCATA-E15S,E15S,neutrophil,0.16089285518852925,0.15449869199438332,0.11140638422025435,0.8226112092584863,-0.2611895875002821,0.2611895875002821,1,-0.5932351407665757,reverted,GGATGCAAGGTCCATA,11.2985,-0.6098
AGCGATTCATGTCGTC-E15S,E15S,neutrophil,0.0172533355408953,0.04619989172882505,-0.42961819892167447,0.999290785627324,-1.8818636911525897,1.8818636911525897,0,-0.5932351407665757,inducing,AGCGATTCATGTCGTC,10.72,-3.7568
CCGGGTTGTAGTAACG-E15S,E15S,neutrophil,0.06031183744084421,0.0760078913837838,0.49915711032526827,0.07156718273441715,-0.39965376860683755,0.39965376860683755,1,1.9236335684337016,persistent,CCGGGTTGTAGTAACG,13.9102,5.4348
ATTGCCTTCAAGTCTG-E15S,E15S,neutrophil,0.010797914576056535,0.04299169692318806,0.12993554325247791,0.7922200183915857,-1.2548923193199513,1.2548923193199513,0,0.6587623987358916,reverted,ATTGCCTTCAAGTCTG,10.5695,-3.1665
TCTGCCTGTTTCGGGC-E15S,E15S,neutrophil,0.03102571216500788,0.11659994196756777,-0.2314279256582441,0.9942714682197572,-0.4731134531601464,0.4731134531601464,0,-0.5932351407665757,reverted,TCTGCCTGTTTCGGGC,11.7913,-4.248
ATATCAGCAATGTCAA-E15S,E15S,neutrophil,0.010680815231218178,0.052588268197003456,0.09379147376115407,0.8481623451485553,-0.6571839291636585,0.6571839291636585,0,-0.5932351407665757,reverted,ATATCAGCAATGTCAA,11.546,-3.5265
ATCAGTTAGCTAATGT-E15S,E15S,neutrophil,0.010460882122934844,0.07648722957305505,0.570191950440822,0.035113647037046315,1.378120294679734,-1.378120294679734,2,-0.5932351407665757,persistent,ATCAGTTAGCTAATGT,10.3621,-3.6869
TCGGCCAAGTGAGTAA-E15S,E15S,neutrophil,0.032687447692808555,0.08339777552621938,-0.15101509938216054,0.9867039557598585,-0.3759100732376488,0.3759100732376488,0,0.5814084551147853,reverted,TCGGCCAAGTGAGTAA,14.3701,5.6562
TCTGCGAGTAGTAGCA-E15S,E15S,neutrophil,0.019506793738139058,0.031066375212591833,-0.18866339966835138,0.9910285679588698,-0.2601457848303116,0.2601457848303116,1,0.5376525686938686,reverted,TCTGCGAGTAGTAGCA,10.2755,-3.0628
CAATGCATCGAATCTG-E15S,E15S,neutrophil,0.022519289515618063,0.050132704655099586,1.0565883704738126,0.00021327412764057132,0.07195226315398802,-0.07195226315398802,1,-0.5932351407665757,persistent,CAATGCATCGAATCTG,9.8535,-3.4543
TCGGTAATCCTGTCTG-E15S,E15S,neutrophil,0.03723905683878341,0.10190201062098969,-0.4746314983184036,0.9995591023983622,-0.016122412174786202,0.016122412174786202,0,2.9432553018231262,memory,TCGGTAATCCTGTCTG,10.6467,-3.7296
CCAATTGAGGGGATCA-E15S,E15S,neutrophil,0.05670029427022466,0.08785473027201698,0.4915912448301921,0.07706426422086439,-1.187616130591458,1.187616130591458,1,-0.5932351407665757,persistent,CCAATTGAGGGGATCA,13.6826,5.2617
GTTGAAGGTCATCGTG-E15S,E15S,neutrophil,0.05719227395250208,0.0748496795887963,0.4213432838374116,0.14922720699571831,-0.7645234021604448,0.7645234021604448,1,-0.5932351407665757,persistent,GTTGAAGGTCATCGTG,10.8337,-1.1826
ACGCGCATCACTCACT-E15S,E15S,neutrophil,0.03620438929946022,0.1100624070054842,0.7242518231488992,0.007095118782110204,-1.073656432839514,1.073656432839514,0,-0.5932351407665757,persistent,ACGCGCATCACTCACT,13.7121,4.3929
TCACTTGCACTAAGCG-E15S,E15S,neutrophil,0.02157302839965812,0.08556721525984655,-0.6713725216725891,0.9999448300118926,0.413612823917312,-0.413612823917312,1,-0.5932351407665757,reverted,TCACTTGCACTAAGCG,10.9324,-0.6792
AGACAGACAACCTCGT-E15S,E15S,neutrophil,0.021080802476954624,0.16094932887920607,0.010986471867927228,0.9305509599131897,-1.8945446936594925,1.8945446936594925,0,-0.5932351407665757,inducing,AGACAGACAACCTCGT,11.0939,-0.9225
ATCAGTTAGTTAGTGT-E15S,E15S,neutrophil,0.0,0.03228597131489227,-0.3776571762739387,0.9987725882941176,-0.7783729457769402,0.7783729457769402,0,-0.5932351407665757,reverted,ATCAGTTAGTTAGTGT,14.6594,5.1969
CTATGCTTCAGCAGAG-E15S,E15S,neutrophil,0.09375834856488935,0.1937289614480548,-0.4561476539484707,0.9994640616406414,0.02283401994010155,-0.02283401994010155,0,-0.5932351407665757,reverted,CTATGCTTCAGCAGAG,11.071,-0.9334
CTACATAGTCTCAGTG-E15S,E15S,neutrophil,0.023220913994546524,0.04622681952618058,-0.237624844622863,0.9946325908551199,-1.0741253362380805,1.0741253362380805,0,-0.5932351407665757,reverted,CTACATAGTCTCAGTG,10.9001,-3.3727
CCAAATGTCCCTCTAG-E15S,E15S,neutrophil,0.023814927777019157,0.028445608178106215,-0.4454934344456429,0.9994002406317937,-0.9104433516951859,0.9104433516951859,0,-0.5932351407665757,reverted,CCAAATGTCCCTCTAG,10.7662,-0.4818
ATAGCACCATTACAGA-E15S,E15S,neutrophil,0.02986908648053382,0.08532596657334174,0.04754960986888267,0.9010418729631912,-0.7571312512660084,0.7571312512660084,1,0.7026179203725214,reverted,ATAGCACCATTACAGA,11.2249,-1.3837
AGGGTTGAGCATCTCT-E15S,E15S,neutrophil,0.07517022905421097,0.11247321441893973,0.39320720608842985,0.191021350242311,-0.08027106983125772,0.08027106983125772,0,-0.5932351407665757,persistent,AGGGTTGAGCATCTCT,14.4517,5.2952
CTGCCTGCATCCGCAT-E15S,E15S,neutrophil,0.0,0.07381560145272331,0.03757519350482463,0.9100499774689735,-0.3025638777510962,0.3025638777510962,1,-0.5932351407665757,reverted,CTGCCTGCATCCGCAT,9.8845,-3.1006
GGTTATGTCCCGGCAA-E15S,E15S,neutrophil,0.0,0.06463579842903107,0.22885565550744347,0.5727702165388449,0.899577190989653,-0.899577190989653,2,0.7754044544202491,partial,GGTTATGTCCCGGCAA,8.7199,-2.414
CCCTAGCTCGTGCTGG-E15S,E15S,neutrophil,0.07358894081995185,0.10018291796762233,2.279693185276756,5.205528717392749e-10,-0.18191126549414496,0.18191126549414496,1,-0.5932351407665757,persistent,CCCTAGCTCGTGCTGG,11.4046,-1.1865
CGCACTTCAAATGCTA-E15S,E15S,neutrophil,0.05010982375577238,0.05279769634992036,0.2205016923052299,0.5942182378828732,-0.5226544162543221,0.5226544162543221,1,-0.5932351407665757,partial,CGCACTTCAAATGCTA,10.1787,-2.608
GCTTGATGTATGGGAC-E15S,E15S,neutrophil,0.06207257021033292,0.07341275887135021,0.6123251098794001,0.022785042292660453,-0.5394882333443737,0.5394882333443737,1,-0.5932351407665757,persistent,GCTTGATGTATGGGAC,13.8169,5.2238
GTATTCAGTCAGCACC-E15S,E15S,neutrophil,0.05150130455602338,0.056671347793521065,0.3431740905618053,0.2860321049106528,1.2519589264467712,-1.2519589264467712,1,2.0566257433886683,persistent,GTATTCAGTCAGCACC,10.6751,-1.1077
ATAGCCATCGACCAAC-E15S,E15S,neutrophil,0.04435430824411913,0.10025709346569486,-0.15676440838575018,0.9874778017150203,-0.4841850774491632,0.4841850774491632,0,-0.5932351407665757,reverted,ATAGCCATCGACCAAC,11.7001,-4.3474
AAACTCCGTCAGGGCA-E15S,E15S,neutrophil,0.0,0.08718161860924958,-0.33877010110051986,0.998150033223978,-0.6945152636109121,0.6945152636109121,1,-0.5932351407665757,reverted,AAACTCCGTCAGGGCA,11.63,-3.5981
CAACCCAGTGATGGTA-E15S,E15S,neutrophil,0.02739681534860636,0.10658336894519008,0.8987285485166316,0.0011296004453229748,0.03208166205822478,-0.03208166205822478,1,-0.5932351407665757,persistent,CAACCCAGTGATGGTA,14.172,4.6389
TCAGGTTGTTGGGCCT-E15S,E15S,neutrophil,0.036209759855487925,0.051035966010429,0.39549481770344574,0.1873140109058814,1.4841927849469692,-1.4841927849469692,2,-0.5932351407665757,persistent,TCAGGTTGTTGGGCCT,13.9671,4.6526
TCGCCTATCTCACTCG-E15S,E15S,neutrophil,0.045751184317346434,0.08177243445041357,0.8308247581396065,0.002312098668911251,0.02236399701005727,-0.02236399701005727,1,-0.5932351407665757,persistent,TCGCCTATCTCACTCG,12.9328,5.9767
CCGGGTTGTAACGACA-E15S,E15S,neutrophil,0.012397468601257424,0.02614902233788899,-0.08394104826361509,0.9733562198513199,-0.5443081531440791,0.5443081531440791,0,-0.5932351407665757,reverted,CCGGGTTGTAACGACA,10.2951,-3.159
AGACTGCTCGTCTCTG-E15S,E15S,neutrophil,0.0,0.03406558881682223,0.5972616521355008,0.026611474333296612,1.160884770302007,-1.160884770302007,2,-0.5932351407665757,persistent,AGACTGCTCGTCTCTG,10.1446,-2.3315
TAAGCCATCTAGTCCT-E15S,E15S,neutrophil,0.023976258870772902,0.06026623494360039,-0.4165287271302156,0.9991856771389079,-1.3942565508994464,1.3942565508994464,0,0.7967655348844777,reverted,TAAGCCATCTAGTCCT,10.7588,-3.5881
ACTACCTTCGTTAGTG-E15S,E15S,neutrophil,0.012785911666217759,0.05743870643970861,-0.5859469095923081,0.9998639596946789,-0.9885597672522143,0.9885597672522143,0,-0.5932351407665757,reverted,ACTACCTTCGTTAGTG,11.8586,-3.8656
TATCCCACATGGTAGT-E15S,E15S,neutrophil,0.024863215063790235,0.052429335119189,0.21059713243671252,0.6191833583832035,0.21035566705738618,-0.21035566705738618,1,0.8481859718347079,partial,TATCCCACATGGTAGT,10.4844,-2.6669
CTCGCGTTCATGGTCA-E15S,E15S,neutrophil,0.012787926660857372,0.030548935912048165,-0.3990475464880597,0.9990206401827584,-0.1918653951012946,0.1918653951012946,1,-0.5932351407665757,reverted,CTCGCGTTCATGGTCA,10.13,-2.7582
CGAGCGAGTTCGTTGG-E15S,E15S,neutrophil,0.04386592059723618,0.019106277253843236,-0.7033008218582801,0.999960627080227,-0.3490002303976245,0.3490002303976245,0,-0.5932351407665757,reverted,CGAGCGAGTTCGTTGG,12.0114,-4.1182
GTCCAATGTTGTCTCC-E15S,E15S,neutrophil,0.04255781816134581,0.05668035676493553,-0.5894347689767276,0.9998688812814351,-0.7895895483310804,0.7895895483310804,0,-0.5932351407665757,reverted,GTCCAATGTTGTCTCC,11.6338,-3.6136
CTACATGAGGCGTCTG-E15S,E15S,neutrophil,0.0,0.08240682673350229,-0.12476462824779702,0.9825281705595031,-0.8487256052029747,0.8487256052029747,0,-0.5932351407665757,reverted,CTACATGAGGCGTCTG,10.475,-3.6679
TGAGCCCGTTAGGGAC-E15S,E15S,neutrophil,0.06143081568981264,0.03090951146463047,-0.20860024996687385,0.9927202486885299,-0.10692636148015919,0.10692636148015919,1,-0.5932351407665757,reverted,TGAGCCCGTTAGGGAC,10.0411,-2.3828
GGGACCTCAGGTTGCA-E15S,E15S,neutrophil,0.0,0.04523111009570106,-0.048073707162292825,0.9615510977159636,-1.3466531819630823,1.3466531819630823,0,-0.5932351407665757,reverted,GGGACCTCAGGTTGCA,9.9971,-2.5462
ACTTCATCAGCACGTA-E15S,E15S,neutrophil,0.12014817596731872,0.06308797250118293,-0.10687075543781412,0.9789683583120992,-0.4087927423710819,0.4087927423710819,0,-0.5932351407665757,reverted,ACTTCATCAGCACGTA,13.4308,5.0379
TGCGTAATCCAACCAA-E15S,E15S,neutrophil,0.06014747830677669,0.03756897658686986,-0.7020546206875135,0.9999601052318537,-0.12660966853724742,0.12660966853724742,0,-0.5932351407665757,reverted,TGCGTAATCCAACCAA,10.5377,-4.0324
CAGCAATCATAAGGTC-E15S,E15S,neutrophil,0.0,0.05923199362000027,0.07393510250110587,0.8732565007655212,-0.3323155983932794,0.3323155983932794,0,-0.5932351407665757,reverted,CAGCAATCATAAGGTC,10.8427,-3.7717
GGTCGAGGTTGACCAT-E15S,E15S,neutrophil,0.047629855554038314,0.07727276638143135,-0.543650019919265,0.9997873204790924,-0.4278285785781484,0.4278285785781484,0,-0.5932351407665757,reverted,GGTCGAGGTTGACCAT,11.3884,-1.2241
ACGCTAATCCCCATCA-E15S,E15S,neutrophil,0.011685376107515612,0.1011708113269983,0.37935928654532297,0.2146586723161636,-0.25785252377612744,0.25785252377612744,0,0.7616618656619984,persistent,ACGCTAATCCCCATCA,10.2706,-2.6235
CACGGTTAGGTAACGG-E15S,E15S,neutrophil,0.0,0.03600976099775165,0.4849015219975126,0.08224439751138263,-0.4128319080459238,0.4128319080459238,1,1.6897545035867976,persistent,CACGGTTAGGTAACGG,9.5728,-2.5355
TGATTCCTCCAACCAA-E15S,E15S,neutrophil,0.01264843127808573,0.058056936602315645,-0.172420283354588,0.9893666757613874,-1.1295666816584813,1.1295666816584813,1,0.8733262704381346,reverted,TGATTCCTCCAACCAA,11.3813,-4.1403
CAGGCCATCAGTTAGT-E15S,E15S,neutrophil,0.012498542876474577,0.069154716923269,-0.6299211025962188,0.9999145127386185,-0.2499269850137148,0.2499269850137148,0,-0.5932351407665757,reverted,CAGGCCATCAGTTAGT,11.9001,-4.0862
ACGGGTAAGTAGGAGT-E15S,E15S,neutrophil,0.03444686629343148,0.09787483114121051,0.1808691640239392,0.6900153852321809,-0.37621241551823775,0.37621241551823775,1,-0.5932351407665757,partial,ACGGGTAAGTAGGAGT,14.0302,4.4414
TGGTAGTCAACCGCTT-E15S,E15S,neutrophil,0.03991270226094675,0.12895400298212414,-0.07189498796852398,0.969848782878665,-0.6214917574135886,0.6214917574135886,0,-0.5932351407665757,reverted,TGGTAGTCAACCGCTT,12.3332,-4.0346
GGAAGGCTCTATGTCC-E15S,E15S,neutrophil,0.05573531227062569,0.037039333917394286,-0.3781564641185841,0.9987790385818105,0.2813890625026586,-0.2813890625026586,1,-0.5932351407665757,reverted,GGAAGGCTCTATGTCC,11.4865,-3.336
AACAGGCGTTTGGATC-E15S,E15S,neutrophil,0.019801671887684766,0.06007762228379922,-0.23196310630972872,0.9943035862476838,-0.8946761598450562,0.8946761598450562,0,-0.5932351407665757,reverted,AACAGGCGTTTGGATC,11.3395,-4.3047
CCTCTTAGTTGCATTA-E15S,E15S,neutrophil,0.026259133913910004,0.10286672706821148,-0.35981268426782903,0.9985182865604214,-0.473211840047591,0.473211840047591,0,-0.5932351407665757,reverted,CCTCTTAGTTGCATTA,11.4729,-4.176
CACCATCCATAACCGG-E15S,E15S,neutrophil,0.0,0.019981952752552438,0.27846502529558137,0.44250212039497294,0.6184217144335431,-0.6184217144335431,1,-0.5932351407665757,partial,CACCATCCATAACCGG,10.972,-3.5758
GGGAACATCCCGTTGC-E15S,E15S,neutrophil,0.04004429743289736,0.09174268247980673,-0.27406205416626817,0.9963414611512851,-0.7441039688066264,0.7441039688066264,0,-0.5932351407665757,reverted,GGGAACATCCCGTTGC,11.5745,-4.5407
TATGGCGCAAGTCCCT-E15S,E15S,neutrophil,0.04242992606065037,0.05650763321792471,-0.5070481322032385,0.9996869308425474,-0.5784332620130933,0.5784332620130933,0,0.9079596174880218,reverted,TATGGCGCAAGTCCCT,9.3462,-3.2976
TCGCATAAGTGACCTA-E15S,E15S,neutrophil,0.013562857959879876,0.0499771805546356,-0.2169366132226001,0.9933299451393462,-0.6853392371935164,0.6853392371935164,0,-0.5932351407665757,reverted,TCGCATAAGTGACCTA,10.7136,-3.0376
TGGCGGTCAAACCAAC-E15S,E15S,neutrophil,0.012406932370943063,0.07834754961109087,-0.4415678772113221,0.9993748567436315,-0.7615871291757292,0.7615871291757292,0,-0.5932351407665757,reverted,TGGCGGTCAAACCAAC,12.4536,-4.8042
GTTACCAAGCGGTGAA-E15S,E15S,neutrophil,0.01398531254356007,0.09110523389099658,-0.5073962037968122,0.9996880797590892,-0.316489480676579,0.316489480676579,0,-0.5932351407665757,reverted,GTTACCAAGCGGTGAA,11.6761,-3.6722
CCTCTTAGTTATGGCT-E15S,E15S,neutrophil,0.037729864089892096,0.07667902165223232,-0.16367251736594238,0.9883489860095319,-1.1584936386336908,1.1584936386336908,0,-0.5932351407665757,reverted,CCTCTTAGTTATGGCT,10.5211,-3.6727
TATGCTAGTTATGGGA-E15S,E15S,neutrophil,0.02714847632140256,0.050940642172773665,-0.06464556674513972,0.9675264541817735,-1.5465150896047801,1.5465150896047801,1,-0.5932351407665757,reverted,TATGCTAGTTATGGGA,9.8249,-3.1652
CTATTGCTCCAGGTTA-E15S,E15S,neutrophil,0.024385879904750073,0.03046778264009744,-0.018352761988858133,0.9481021055602931,-1.7386701150669197,1.7386701150669197,0,-0.5932351407665757,reverted,CTATTGCTCCAGGTTA,10.9781,-1.2814
TGCCAGGTCTCACACT-E15S,E15S,neutrophil,0.013770751956963619,0.02193119756109021,-0.5416639494106985,0.9997828112295754,-0.5409581146440287,0.5409581146440287,0,-0.5932351407665757,reverted,TGCCAGGTCTCACACT,11.5376,-4.5956
GGATCGCCATGGTCCT-E15S,E15S,neutrophil,0.01235037053945938,0.04572752833539748,0.024845503264443042,0.9204698536982193,-2.394334674060242,2.394334674060242,0,-0.5932351407665757,inducing,GGATCGCCATGGTCCT,13.6925,4.6172
TACAGGTCACAATGGT-E15S,E15S,neutrophil,0.0,0.09537722083987639,-0.32793736043732485,0.9979261581409087,-1.0997862234221636,1.0997862234221636,0,-0.5932351407665757,reverted,TACAGGTCACAATGGT,11.1826,-3.2246
GCGCTTAGTTCGCAAT-E15S,E15S,neutrophil,0.041425198472435976,0.18197673613966803,-0.2879828900665074,0.9968403038343767,0.16900307048640467,-0.16900307048640467,1,-0.5932351407665757,reverted,GCGCTTAGTTCGCAAT,10.8401,-3.7871
ACCCCATCATGGATGT-E15S,E15S,neutrophil,0.0,0.08517722012130392,1.2350096233562562,3.2380223347537464e-05,-0.7083215194195622,0.7083215194195622,0,1.492999567080898,persistent,ACCCCATCATGGATGT,10.8552,-2.7237
CTGTGTCCAGCACCAA-E15S,E15S,neutrophil,0.013392262388984704,0.06885245553636131,0.20727062539691887,0.6274356981731023,-0.44904898852507136,0.44904898852507136,1,0.9595720648543938,partial,CTGTGTCCAGCACCAA,11.4165,-3.5402
TGCCTCGCAATGTAGC-E15S,E15S,neutrophil,0.02743866033343394,0.010924651799422772,-0.4794529993811097,0.999580991906769,-0.5588169126971758,0.5588169126971758,0,-0.5932351407665757,reverted,TGCCTCGCAATGTAGC,10.48,-3.8577
CAAACGGAGCGGTACT-E15S,E15S,neutrophil,0.0338669407704404,0.057603966923495176,-0.29478971291286304,0.9970589289951836,-0.6251994830740455,0.6251994830740455,0,-0.5932351407665757,reverted,CAAACGGAGCGGTACT,11.1556,-3.9618
GGGTCCATCTATGGGC-E15S,E15S,neutrophil,0.012202086851552265,0.030487096813268735,-0.04719702806957894,0.9612071692948407,-0.7252857356707986,0.7252857356707986,0,-0.5932351407665757,reverted,GGGTCCATCTATGGGC,11.844,-3.95
CAAAGTAAGTAGGACG-E15S,E15S,neutrophil,0.03841221025820763,0.020391667174110225,-0.46683215841842035,0.9995212477933971,-0.720420961301281,0.720420961301281,0,-0.5932351407665757,reverted,CAAAGTAAGTAGGACG,12.2404,-4.2312
AAGTAAGTCCTCATTA-E15S,E15S,neutrophil,0.026090072287057037,0.04264186636932767,-0.5095233497467362,0.9996950100341906,-0.5652073686626565,0.5652073686626565,0,-0.5932351407665757,reverted,AAGTAAGTCCTCATTA,11.624,-4.0435
GTTATCCTCTAAGCTG-E15S,E15S,neutrophil,0.02445186923406121,0.0692936915854277,-0.5925898760544851,0.9998731797944352,-0.745142028617279,0.745142028617279,0,-0.5932351407665757,reverted,GTTATCCTCTAAGCTG,11.045,-0.9209
AGGTTGCTCACACCAA-E15S,E15S,neutrophil,0.03133084604345518,0.08247111699072047,0.7248524746909222,0.007050548490421093,1.4110135954746568,-1.4110135954746568,2,-0.5932351407665757,persistent,AGGTTGCTCACACCAA,10.0033,-2.8581
ACCTGAATCTGTAACG-E15S,E15S,neutrophil,0.0,0.009900757790611702,-0.33775006676128644,0.9981300243903365,-0.41407996716763823,0.41407996716763823,1,-0.5932351407665757,reverted,ACCTGAATCTGTAACG,11.0471,-3.9583
TGCTCCATCGATGGCT-E15S,E15S,neutrophil,0.0,0.06453715077207306,0.6918188972369201,0.009966204475549939,-0.9332728688563546,0.9332728688563546,1,-0.5932351407665757,persistent,TGCTCCATCGATGGCT,11.5613,-3.6716
CGCTAACAGCTACGGT-E15S,E15S,neutrophil,0.044057556191757725,0.10777796689125747,0.20566507367722042,0.631392642763779,-0.17357533864201546,0.17357533864201546,1,-0.5932351407665757,partial,CGCTAACAGCTACGGT,11.2385,-0.8489
GTATCCTTCGACTTAG-E15S,E15S,neutrophil,0.013583356469850772,0.028416033389267445,-0.12417524219254449,0.9824209440160806,-0.4976378131937425,0.4976378131937425,0,-0.5932351407665757,reverted,GTATCCTTCGACTTAG,14.5761,5.4399
ACCCGATAGTATGATC-E15S,E15S,neutrophil,0.013675237319346648,0.09196261763482294,0.8787263338541054,0.0013950677400910445,1.6872918416747564,-1.6872918416747564,2,-0.5932351407665757,persistent,ACCCGATAGTATGATC,10.689,-2.5498
CAATCGATCCGCAGTG-E15S,E15S,neutrophil,0.014092735552700266,0.08624270619583643,-0.7935148341157074,0.9999848212728402,-0.17301072865141132,0.17301072865141132,0,-0.5932351407665757,reverted,CAATCGATCCGCAGTG,11.9848,-4.3589
CCATCCTGTGCGGAAT-E15S,E15S,neutrophil,0.012196597028391766,0.053398998285031314,0.28709827035400737,0.4201316665349716,-1.8017952317416484,1.8017952317416484,0,0.820936953510756,partial,CCATCCTGTGCGGAAT,9.946,-2.6163
CCTTCCTTCCATCATC-E15S,E15S,neutrophil,0.021076859157802358,0.0437982066541346,0.5303782790266409,0.052513299497414345,1.0830017991360807,-1.0830017991360807,2,-0.5932351407665757,persistent,CCTTCCTTCCATCATC,10.023,-2.327
ATGTGGCTCGATAGCC-E15S,E15S,neutrophil,0.025660784920453233,0.06784694511218702,0.06645330260253035,0.8817510064165396,-0.19073924714201784,0.19073924714201784,0,-0.5932351407665757,reverted,ATGTGGCTCGATAGCC,10.3248,-3.8997
GGAAATTGTGCACGAG-E15S,E15S,neutrophil,0.014710006168580397,0.05469720677908769,-0.40571330491501567,0.9990871835236245,-1.3676461476071184,1.3676461476071184,0,-0.5932351407665757,reverted,GGAAATTGTGCACGAG,10.5702,-3.874
GCATCTAAGTTGGCGT-E15S,E15S,neutrophil,0.0,0.0626891363627651,0.10589059081343434,0.8309563159423801,-0.9063747281100573,0.9063747281100573,0,-0.5932351407665757,reverted,GCATCTAAGTTGGCGT,9.6857,-2.9727
TACTGCAAGTTGGATT-E15S,E15S,neutrophil,0.02662596678453554,0.027901531252098734,0.002955431787509944,0.935838532782239,-1.435798699592653,1.435798699592653,0,-0.5932351407665757,reverted,TACTGCAAGTTGGATT,11.0789,-3.8929
ACGCCAACAAACTACA-E15S,E15S,neutrophil,0.012936801198038708,0.05646853823958041,1.2750457526292427,2.1211309003312e-05,0.5693381073301715,-0.5693381073301715,1,-0.5932351407665757,persistent,ACGCCAACAAACTACA,9.772,-2.0734
TGAAACCCATGGTCGA-E15S,E15S,neutrophil,0.06226732902310045,0.06611194888174508,0.427287612671996,0.14142757702566244,2.087252041142846,-2.087252041142846,2,0.9662811879488363,reverting,TGAAACCCATGGTCGA,10.7304,-2.8709
AGCCCAACAAGCTCTC-E15S,E15S,neutrophil,0.02987338684083754,0.0309717134354856,-0.4648891246640423,0.9995113221645189,-0.7311329133899138,0.7311329133899138,0,-0.5932351407665757,reverted,AGCCCAACAAGCTCTC,10.8788,-3.0978
CTCATCACAGTTGCGA-E15S,E15S,neutrophil,0.014348427628801851,0.06921638402993326,-0.3468307747878079,0.9983008143799156,-1.009726358672162,1.009726358672162,0,-0.5932351407665757,reverted,CTCATCACAGTTGCGA,11.5436,-3.4545
GTTATCAGTTGCGCGT-E15S,E15S,neutrophil,0.014774820303705975,0.09078930971166674,0.1673035829696069,0.7198113632452452,0.24097604608796236,-0.24097604608796236,2,-0.5932351407665757,reverted,GTTATCAGTTGCGCGT,10.0625,-2.7972
AATTACGCAGGGACGA-E15S,E15S,neutrophil,0.024364485922672194,0.060665551666098626,0.28046175948334284,0.437303959691348,-0.022993330780020582,0.022993330780020582,1,-0.5932351407665757,partial,AATTACGCAGGGACGA,10.1442,-3.1885
ACAGCCACACTTCAGC-E15S,E15S,neutrophil,0.05412180482957225,0.15809854329662676,-0.5249712096130865,0.9997409291321857,-0.09794022121567582,0.09794022121567582,0,-0.5932351407665757,reverted,ACAGCCACACTTCAGC,12.4575,-4.4716
GGGTATAGTAGTCAAG-E15S,E15S,neutrophil,0.028758279420343452,0.075929395529403,2.992453575120579,2.791001805907606e-13,-0.47047853722468164,0.47047853722468164,0,-0.5932351407665757,persistent,GGGTATAGTAGTCAAG,11.0137,-2.661
GTCGATGCAGGTTGCA-E15S,E15S,neutrophil,0.0139034519648503,0.07831390949210404,0.22280173521546376,0.588345210243511,-0.2782964569341723,0.2782964569341723,0,-0.5932351407665757,partial,GTCGATGCAGGTTGCA,10.9789,-1.0747
ACTGTCAAGTGAGCGA-E15S,E15S,neutrophil,0.021094017076897086,0.027038176820316145,-0.22690384029472072,0.99399266861937,-0.4451131293998745,0.4451131293998745,0,-0.5932351407665757,reverted,ACTGTCAAGTGAGCGA,11.0924,-1.0889
TCTACGGGTTTCGGCA-E15S,E15S,neutrophil,0.016966333727793374,0.0270204574183376,-0.07546905486487018,0.9709336987510968,-0.5446925733060853,0.5446925733060853,0,-0.5932351407665757,reverted,TCTACGGGTTTCGGCA,11.2774,-0.5581
ACCCCTTGTGCAGTCC-E15S,E15S,neutrophil,0.027678288956232533,0.06882315038956566,-0.18022127716478675,0.9901997422417085,-0.8160422736904301,0.8160422736904301,0,-0.5932351407665757,reverted,ACCCCTTGTGCAGTCC,10.7101,-4.1804
AGCGTTGCAATCGAAC-E15S,E15S,neutrophil,0.0,0.06597173716487313,-0.29376713181756037,0.9970270744061,-0.05914318510355594,0.05914318510355594,1,-0.5932351407665757,reverted,AGCGTTGCAATCGAAC,12.2031,-4.5403
CCGTCAAGTCAGCTCA-E15S,E15S,neutrophil,0.015280428031090636,0.03650324474093874,0.9160323770459553,0.0009410295756139614,1.5657931461273162,-1.5657931461273162,2,-0.5932351407665757,persistent,CCGTCAAGTCAGCTCA,9.7188,-2.8015
ACAGTCGCACCATCCG-E15S,E15S,neutrophil,0.0,0.07172483178986559,-0.20875049551312297,0.9927317122308859,-0.903149964152428,0.903149964152428,0,-0.5932351407665757,reverted,ACAGTCGCACCATCCG,12.5152,-4.6456
GGCAATTCAAGCTAGT-E15S,E15S,neutrophil,0.031460020313121013,0.05750700537114818,-0.31340342385448067,0.9975827627005659,-0.36564727925948765,0.36564727925948765,1,-0.5932351407665757,reverted,GGCAATTCAAGCTAGT,10.9723,-3.7954
TAGTTTGGTTGCCTTC-E15S,E15S,neutrophil,0.02938242511722029,0.0513463970135473,0.821107538860133,0.0025614627184491374,1.4862051413692468,-1.4862051413692468,2,-0.5932351407665757,persistent,TAGTTTGGTTGCCTTC,9.8377,-3.1069
GTGCCTAGTTATGTGC-E15S,E15S,neutrophil,0.02716215142370031,0.06085537977506828,-0.25640988692822,0.9955946134674091,-0.8039246493366096,0.8039246493366096,0,-0.5932351407665757,reverted,GTGCCTAGTTATGTGC,12.3271,-4.3593
GTTAAGCCAATTGGAC-E15S,E15S,neutrophil,0.014758561499449334,0.0804319523113446,-0.29807400980132515,0.9971589548120748,-0.35173873417603885,0.35173873417603885,0,1.117991833086238,memory,GTTAAGCCAATTGGAC,13.1202,-4.8282
ATGGTCATCACCTAGA-E15S,E15S,neutrophil,0.026293216477078128,0.06945863308747222,-0.36914305041445755,0.9986572054010195,-0.6640969529349342,0.6640969529349342,0,-0.5932351407665757,reverted,ATGGTCATCACCTAGA,10.6847,-0.4854
GCCGAACCAATACGCG-E15S,E15S,neutrophil,0.029032847349986242,0.09586083165793063,0.08268950189138831,0.8626603963187934,-0.8384244356556914,0.8384244356556914,0,-0.5932351407665757,reverted,GCCGAACCAATACGCG,11.1045,-3.5886
CACTACTTCTAATCCC-E15S,E15S,neutrophil,0.07721927917116096,0.08335046952095669,0.1574545662078336,0.7403121330661828,-0.5570189041756881,0.5570189041756881,0,-0.5932351407665757,reverted,CACTACTTCTAATCCC,11.4171,-1.7464
AGTTTAGCACTAGCTC-E15S,E15S,neutrophil,0.027039583051438058,0.032297279755884346,0.1576650764601972,0.7398842892392143,-0.2909202873679385,0.2909202873679385,1,-0.5932351407665757,reverted,AGTTTAGCACTAGCTC,9.4731,-2.9662
TCATGGATCGTGCGTG-E15S,E15S,neutrophil,0.015245608482115812,0.06797077093972992,0.03623154426842107,0.9112053917362163,1.3102743636544183,-1.3102743636544183,2,-0.5932351407665757,reverted,TCATGGATCGTGCGTG,13.7516,4.7516
AACGGTAGTTGAGTAG-E15S,E15S,neutrophil,0.0,0.06525326274385178,-0.4966281436611145,0.999650506136066,-0.2398215071739429,0.2398215071739429,0,-0.5932351407665757,reverted,AACGGTAGTTGAGTAG,11.5889,-4.6002
GCTGATTGTTGCTCGA-E15S,E15S,neutrophil,0.01634054394619966,0.0,-0.6182761035530322,0.9999033208219847,-0.36225662554021215,0.36225662554021215,0,-0.5932351407665757,reverted,GCTGATTGTTGCTCGA,11.5318,-3.5902
TAGTGGGAGTTAGTGT-E15S,E15S,neutrophil,0.03560378603135741,0.06749152564858214,0.31885354682501404,0.3412426663120731,-0.2708732776475683,0.2708732776475683,0,-0.5932351407665757,partial,TAGTGGGAGTTAGTGT,11.0726,-1.0197
TCTAACCTCCATGCTT-E15S,E15S,neutrophil,0.030439202929169185,0.06785995880844017,-0.4544202897425269,0.9994541955658165,-0.4936886045519089,0.4936886045519089,0,-0.5932351407665757,reverted,TCTAACCTCCATGCTT,10.5975,-3.0523
AGCATTTAGATTGGCC-E15S,E15S,neutrophil,0.021784241416100556,0.031902905303231414,0.559176898673435,0.0392774663518897,-0.33764298659002573,0.33764298659002573,0,0.9552173047521383,persistent,AGCATTTAGATTGGCC,10.9738,-1.2683
CGTCAAATCACGCACG-E15S,E15S,neutrophil,0.02303787192461457,0.048046833664807324,-0.6291086048477624,0.9999137757426436,-0.3418340235957223,0.3418340235957223,0,1.0604327432314082,memory,CGTCAAATCACGCACG,10.7497,-3.6916
GCGACTTAGCGGTCCA-E15S,E15S,neutrophil,0.14328059052559447,0.10034214176897865,-0.1866892792464916,0.9908412022017408,-0.30253159059642504,0.30253159059642504,0,-0.5932351407665757,reverted,GCGACTTAGCGGTCCA,13.7269,4.5809
CGTCAGGTCGACCATA-E15S,E15S,neutrophil,0.0,0.02345276467155842,0.1770891926799519,0.6984927356847587,-0.9199003366309139,0.9199003366309139,0,-0.5932351407665757,partial,CGTCAGGTCGACCATA,10.0578,-3.1095
ATACGATTCAGTAGTT-E15S,E15S,neutrophil,0.04460297244183114,0.08456040724283269,-0.48822951934302594,0.9996180865458039,-0.15948532321053968,0.15948532321053968,0,-0.5932351407665757,reverted,ATACGATTCAGTAGTT,12.0988,-4.3348
TGACTGATCCAGCGCA-E15S,E15S,neutrophil,0.0,0.08310250729034355,0.5460019502703398,0.04488074961828623,1.8521575137098036,-1.8521575137098036,2,-0.5932351407665757,reverting,TGACTGATCCAGCGCA,10.3169,-2.2791
TGCCGATAGTAAGGCG-E15S,E15S,neutrophil,0.0,0.05153127483629826,0.4683455219848824,0.0964502356884263,-0.43732734250725785,0.43732734250725785,1,-0.5932351407665757,persistent,TGCCGATAGTAAGGCG,10.3967,-3.545
CAAGTAAAGGAATTGA-E15S,E15S,neutrophil,0.1216609144197899,0.041622236269111275,0.4924792919979324,0.0763995258444011,-0.21483571018406333,0.21483571018406333,1,-0.5932351407665757,persistent,CAAGTAAAGGAATTGA,9.7681,-3.2467
ATGCCACAGGAATGAC-E15S,E15S,neutrophil,0.0,0.07815664893572791,-0.14422570008826288,0.9857292005503397,-1.1149566508869542,1.1149566508869542,1,3.100816639036261,memory,ATGCCACAGGAATGAC,10.3535,-3.9587
CATTGTGAGATAGGGT-E15S,E15S,neutrophil,0.03325990765217103,0.08149603949490841,1.0849746684044235,0.00015801689974329603,2.185964051823461,-2.185964051823461,1,-0.5932351407665757,reverting,CATTGTGAGATAGGGT,9.8082,-3.0912
GGAAGGCTCTGTCTAC-E15S,E15S,neutrophil,0.028151063861592995,0.07921493814773409,-0.4180581992041637,0.9991987207858589,-0.5545571500363871,0.5545571500363871,0,-0.5932351407665757,reverted,GGAAGGCTCTGTCTAC,11.262,-3.9541
TCCCTAACATCCACGT-E15S,E15S,neutrophil,0.040874119953967114,0.037695691165707285,0.2649126371723084,0.4780596069833692,-0.1557819851731227,0.1557819851731227,1,-0.5932351407665757,partial,TCCCTAACATCCACGT,10.9489,-0.9238
CATCCACCATGACAGT-E15S,E15S,neutrophil,0.0,0.06879172235878123,-0.22704745946757843,0.9940017231333104,-1.0507253447454687,1.0507253447454687,0,-0.5932351407665757,reverted,CATCCACCATGACAGT,10.6878,-0.6928
CTCTCAACAATAGAGG-E15S,E15S,neutrophil,0.0,0.0525388534297336,-0.06830139415555578,0.9687184247268915,-0.7983017621611239,0.7983017621611239,0,1.0645373216093736,memory,CTCTCAACAATAGAGG,11.4489,-4.5347
CCTAGCCTCCCGCAGA-E15S,E15S,neutrophil,0.03591479626229486,0.10356535172644597,-0.39478203373622084,0.9989755371890866,-0.7791512352423194,0.7791512352423194,0,-0.5932351407665757,reverted,CCTAGCCTCCCGCAGA,12.4567,-4.6536
TCCCGAAGTTCGTTGG-E15S,E15S,neutrophil,0.0,0.0711908689856245,0.39368757095379686,0.19023824126956093,0.0,-0.0,1,-0.5932351407665757,persistent,TCCCGAAGTTCGTTGG,9.451,-2.5616
CGCATAATCATATGGT-E15S,E15S,neutrophil,0.02761679898162398,0.0736723272839179,0.17128000750929118,0.7112598990511583,-0.41686365557802024,0.41686365557802024,0,-0.5932351407665757,reverted,CGCATAATCATATGGT,10.4539,-3.4929
TGCAATGTCCGTGCTC-E15S,E15S,neutrophil,0.0,0.06482607386683059,-0.43730034273502383,0.9993460420405449,-0.5042834720685389,0.5042834720685389,0,1.0890070347867986,memory,TGCAATGTCCGTGCTC,10.3578,-3.9671
ACAGCTTGTGAGGATC-E15S,E15S,neutrophil,0.026713815677371286,0.03446765614897345,-0.046146376829782544,0.9607911003248033,-0.5734845425093018,0.5734845425093018,0,-0.5932351407665757,reverted,ACAGCTTGTGAGGATC,9.5809,-3.2344
TGCTCCGCACATTCCA-E15S,E15S,neutrophil,0.03680624909696305,0.08284861931135452,0.5379111337621646,0.04869126011295956,-0.4051641498187951,0.4051641498187951,1,-0.5932351407665757,persistent,TGCTCCGCACATTCCA,12.7001,-4.4198
GTTACTTCAATCGAAC-E15S,E15S,neutrophil,0.0,0.042030391179051045,-0.29366962268338,0.9970240189772475,-0.6227980595655929,0.6227980595655929,0,-0.5932351407665757,reverted,GTTACTTCAATCGAAC,11.0484,-3.7432
TGTGGTCAGTCATTGG-E15S,E15S,neutrophil,0.026683000904388358,0.04737324616995606,0.10427129989263464,0.8333460671987254,-0.48545179889275786,0.48545179889275786,0,-0.5932351407665757,reverted,TGTGGTCAGTCATTGG,11.762,-4.3235
TGTAGGTCACTAGTCC-E15S,E15S,neutrophil,0.012759775842647751,0.03700507575056459,0.20729906880540624,0.6273654423698802,-0.699981725876395,0.699981725876395,0,-0.5932351407665757,partial,TGTAGGTCACTAGTCC,14.1351,4.3747
AACACATTCCTTAGCT-E15S,E15S,neutrophil,0.04461946820326378,0.05453930987972833,0.31669048137557265,0.3463988883938845,0.5816744526603516,-0.5816744526603516,1,-0.5932351407665757,partial,AACACATTCCTTAGCT,9.8196,-3.129
AGACACAGTTGGCGCT-E15S,E15S,neutrophil,0.06519129826855748,0.12465846659674493,-0.18259322522097904,0.9904399867639905,-1.4929681375454074,1.4929681375454074,0,2.0549189745244902,memory,AGACACAGTTGGCGCT,10.877,-1.1108
CCATCGCTCCAACCAA-E15S,E15S,neutrophil,0.038512911134630734,0.04243282318237923,-0.5956245850243769,0.9998771812815219,-0.1843793584260492,0.1843793584260492,0,-0.5932351407665757,reverted,CCATCGCTCCAACCAA,10.7682,-4.0171
CACCAAATCACCTAGA-E15S,E15S,neutrophil,0.01398531254356007,0.03340935774294906,-0.05544260891531187,0.9643284290319756,-1.2338585643835798,1.2338585643835798,0,1.02833509581746,memory,CACCAAATCACCTAGA,10.5569,-4.1682
CGCATAATCGTTGCTT-E15S,E15S,neutrophil,0.0,0.07066176772112204,-0.10593721992423744,0.9787643070570173,-0.6835699871401737,0.6835699871401737,0,-0.5932351407665757,reverted,CGCATAATCGTTGCTT,10.8104,-3.6723
CAGTAGCTCCCGCTAC-E15S,E15S,neutrophil,0.014221903660448525,0.1096065062077823,0.22245709722724943,0.5892268716691172,1.0943272355368852,-1.0943272355368852,2,-0.5932351407665757,partial,CAGTAGCTCCCGCTAC,10.8121,-0.8987
TCTATTGTCTGGTCGG-E15S,E15S,neutrophil,0.01330642030573262,0.07498256200903036,0.1407247823984938,0.7728298413269928,-0.3940814331616421,0.3940814331616421,0,-0.5932351407665757,reverted,TCTATTGTCTGGTCGG,11.2071,-3.83
TCGTGATGTATAGCCT-E15S,E15S,neutrophil,0.012850716069594204,0.05833857447502532,-0.31291433323247714,0.9975702690820734,-0.5030778868535092,0.5030778868535092,0,-0.5932351407665757,reverted,TCGTGATGTATAGCCT,11.9201,-3.8992
ATGATGAAGTGATTAC-E15S,E15S,neutrophil,0.030159207209723614,0.012007832500167735,-0.5236917290047979,0.9997374038763648,-0.5050962658177763,0.5050962658177763,0,-0.5932351407665757,reverted,ATGATGAAGTGATTAC,10.1188,-4.0083
CATCCAGGTGGGTCCT-E15S,E15S,neutrophil,0.01341890476651439,0.1210201250523513,-0.4391811736860112,0.9993589016071017,-0.7126516828827659,0.7126516828827659,0,-0.5932351407665757,reverted,CATCCAGGTGGGTCCT,12.0158,-4.0571
TGAAACGGTAATGAAC-E15S,E15S,neutrophil,0.0,0.07366081606135685,-0.6935489889713251,0.9999563539608427,-0.7306533152277107,0.7306533152277107,0,-0.5932351407665757,reverted,TGAAACGGTAATGAAC,11.8871,-4.7688
CAAGTCATCACCAATG-E15S,E15S,neutrophil,0.05352587480349318,0.07543976456762336,-0.5281444095876972,0.9997494691828979,-0.2761679924481127,0.2761679924481127,0,-0.5932351407665757,reverted,CAAGTCATCACCAATG,10.747,-4.2544
GGGTACTTCAGCATCA-E15S,E15S,neutrophil,0.014376575190434547,0.0228960271551365,0.4034092146860435,0.1749155503216046,1.7340085880436114,-1.7340085880436114,2,-0.5932351407665757,persistent,GGGTACTTCAGCATCA,8.9916,-3.0089
CGTTTGGGTCTCCACT-E15S,E15S,neutrophil,0.016915872281760384,0.08436385666429741,0.5288078915565148,0.05334504292979517,0.16619567840934873,-0.16619567840934873,2,-0.5932351407665757,persistent,CGTTTGGGTCTCCACT,8.9615,-2.4911
AGCGGTAAGGAGGTAT-E15S,E15S,neutrophil,0.031892348398037715,0.0986429475386423,-0.2542304707371167,0.9954924523420893,-0.901312178695813,0.901312178695813,0,-0.5932351407665757,reverted,AGCGGTAAGGAGGTAT,12.7403,-4.4688
ATGTCCCCATGCGGAC-E15S,E15S,neutrophil,0.01714545230395104,0.03452271409866374,0.5186074184176931,0.05905726556819961,0.09414752325957869,-0.09414752325957869,1,1.394747255927208,persistent,ATGTCCCCATGCGGAC,10.342,-2.1532
TCAGCCAGTGAGCAGT-E15S,E15S,neutrophil,0.029702373816917687,0.02365189026161964,0.22524773669167913,0.5820717942207997,-1.115583474032275,1.115583474032275,0,-0.5932351407665757,partial,TCAGCCAGTGAGCAGT,11.2219,-1.2951
GCTCCGTTCTAGTCCT-E15S,E15S,neutrophil,0.0,0.025320086006368616,0.2049444685439783,0.633162906543226,-0.5236673013041759,0.5236673013041759,0,1.250183917371732,partial,GCTCCGTTCTAGTCCT,9.8165,-3.0233
AACCGAAGTTGCATAC-E15S,E15S,neutrophil,0.03955389808907837,0.04846806303992409,0.3614956453810115,0.24818408293638702,-0.08043117165678612,0.08043117165678612,1,1.171114140992816,persistent,AACCGAAGTTGCATAC,14.4335,5.4424
CGTAATTAGTAAGTTC-E15S,E15S,neutrophil,0.0,0.1414560417354728,0.3613031775464048,0.2485637294200278,-1.0759386610091606,1.0759386610091606,0,-0.5932351407665757,persistent,CGTAATTAGTAAGTTC,13.7779,4.6049
TATGTTGGTCTGTGTG-E15S,E15S,neutrophil,0.0,0.014128706132972168,-0.10988376208907116,0.9796139337643371,-1.0140628529403735,1.0140628529403735,0,-0.5932351407665757,reverted,TATGTTGGTCTGTGTG,10.4419,-4.1443
AATACGAAGCAGGTCT-E15S,E15S,neutrophil,0.02435667759721523,0.05612402708486256,0.31183789726068517,0.35809694663276026,0.4802432186408766,-0.4802432186408766,2,-0.5932351407665757,partial,AATACGAAGCAGGTCT,10.1435,-2.5424
ACGGTTATCCAATGTG-E15S,E15S,neutrophil,0.016267337500566807,0.012953620602303198,-0.41107729936163784,0.999137436467391,-0.5710023552755209,0.5710023552755209,0,-0.5932351407665757,reverted,ACGGTTATCCAATGTG,10.9368,-4.044
ATACGAAAGCCAACCG-E15S,E15S,neutrophil,0.03481661141795765,0.04158650808256053,-0.25386279229081143,0.9954749862319827,-1.1786076318343535,1.1786076318343535,0,-0.5932351407665757,reverted,ATACGAAAGCCAACCG,11.6657,-4.6825
ATACAGCCAACTACCC-E15S,E15S,neutrophil,0.015619625208575367,0.07482294503939763,0.840426452200068,0.0020895036383310767,1.4113160632242336,-1.4113160632242336,2,2.2915457980769105,persistent,ATACAGCCAACTACCC,8.8535,-2.6027
CTTCGATTCAAGTCGC-E15S,E15S,neutrophil,0.030012791346708343,0.08610405827036584,-0.33804545012697035,0.9981358407003779,-0.18421827313161288,0.18421827313161288,0,-0.5932351407665757,reverted,CTTCGATTCAAGTCGC,12.0126,-4.5883
ACTTATGGTTTGGTTA-E15S,E15S,neutrophil,0.07134805250905268,0.09751796046684717,0.3350075863696679,0.3039737376385951,-1.359518887448573,1.359518887448573,0,1.7525905606499026,partial,ACTTATGGTTTGGTTA,10.8905,-1.1197
ACGAACCTCCGCTACC-E15S,E15S,neutrophil,0.01559531309557558,0.0737544748455759,-0.177416685824184,0.989907955135297,-0.5055599574972477,0.5055599574972477,0,-0.5932351407665757,reverted,ACGAACCTCCGCTACC,12.8112,-4.7752
CGCTAAATCTATGCCT-E15S,E15S,neutrophil,0.0,0.04934459760913038,-0.4362779799301087,0.9993389441554003,0.07526265366368158,-0.07526265366368158,1,-0.5932351407665757,reverted,CGCTAAATCTATGCCT,12.7052,-4.6429
CACCCAAGTAACTGTC-E15S,E15S,neutrophil,0.016307183462426357,0.04927591808798546,-0.010045938286324267,0.9436095954639524,-0.6976237384937821,0.6976237384937821,0,2.3980822021074784,memory,CACCCAAGTAACTGTC,12.5948,-4.339
GCGGTTACATAATCAG-E15S,E15S,neutrophil,0.01717507212820768,0.09761962937368882,-0.6593867388496071,0.999937381905879,-0.8955384377569373,0.8955384377569373,0,-0.5932351407665757,reverted,GCGGTTACATAATCAG,11.584,-4.2048
TACCCCATCCTGCGTC-E15S,E15S,neutrophil,0.0,0.04404527453926197,0.29338326878282456,0.4040445807654684,-1.2716384560970928,1.2716384560970928,0,-0.5932351407665757,partial,TACCCCATCCTGCGTC,11.8561,-4.6322
TACCTGTTCACCTCAT-E15S,E15S,neutrophil,0.04899156268235274,0.02600786660915022,-0.4658456943442735,0.9995162340663438,-0.1709325314716187,0.1709325314716187,1,-0.5932351407665757,reverted,TACCTGTTCACCTCAT,11.6494,-4.3816
AACATCACATGATCCC-E15S,E15S,neutrophil,0.016591900364807618,0.05682654832985126,0.5674782029800025,0.03609818602385458,-1.1581006768022015,1.1581006768022015,0,-0.5932351407665757,persistent,AACATCACATGATCCC,9.0184,-2.8707
CGATAGTCATTCCTGA-E15S,E15S,neutrophil,0.0,0.06329303749986864,-0.2883831648570664,0.9968535970591857,0.7765301349497432,-0.7765301349497432,1,-0.5932351407665757,reverted,CGATAGTCATTCCTGA,11.1786,-4.1901
CAAGCGAAGGGTGAGC-E15S,E15S,neutrophil,0.015601383761446829,0.03221561323568697,-0.5109913282966418,0.9996997027529682,-0.8293758605825445,0.8293758605825445,0,3.0542051904656478,memory,CAAGCGAAGGGTGAGC,11.6778,-4.6155
CCTGTCATCAAGTCTG-E15S,E15S,neutrophil,0.015045723703586098,0.10306136976483003,0.6538103563704366,0.01481866230044636,-1.0651481078862923,1.0651481078862923,0,-0.5932351407665757,persistent,CCTGTCATCAAGTCTG,10.8243,-4.1768
CGCATTCCAGGTAATC-E15S,E15S,neutrophil,0.03350450601455257,0.08204581167112207,-0.3132814025084878,0.997579651728251,-1.090777081377385,1.090777081377385,1,-0.5932351407665757,reverted,CGCATTCCAGGTAATC,11.0112,-1.0784
CCGCGTTTCGACTATG-E15S,E15S,neutrophil,0.05503436962305513,0.05531436135653306,0.019311397176787384,0.9246465504356604,-0.659792429148456,0.659792429148456,0,-0.5932351407665757,reverted,CCGCGTTTCGACTATG,9.8079,-3.7275
TCAACCTTCAGGCTAC-E15S,E15S,neutrophil,0.0,0.08135594903733002,-0.30379075758374824,0.9973250384781432,0.1467257685594865,-0.1467257685594865,1,-0.5932351407665757,reverted,TCAACCTTCAGGCTAC,11.1556,-4.3266
TACAGCGCAGGGCAGA-E15S,E15S,neutrophil,0.04968270127165659,0.039384020393061506,0.12066469112811234,0.8078834966878254,-0.7668618026965852,0.7668618026965852,0,-0.5932351407665757,reverted,TACAGCGCAGGGCAGA,8.8206,-2.5667
CCTAGCCTCATCAAGT-E15S,E15S,neutrophil,0.05011982776546859,0.0951440912411267,-0.1059915493852618,0.9787762352339802,-0.7829908445363111,0.7829908445363111,0,-0.5932351407665757,reverted,CCTAGCCTCATCAAGT,9.8707,-3.1476
CCGCTTGCATAACTCT-E15S,E15S,neutrophil,0.016962718918022843,0.027014700499073417,0.045700325026574465,0.9027705348089021,-0.4769919815231579,0.4769919815231579,1,-0.5932351407665757,reverted,CCGCTTGCATAACTCT,10.2968,-3.8543
ATCATGGTCTATCCGT-E15S,E15S,neutrophil,0.051569766553275276,0.048849000172172405,-0.34227928541030667,0.998217250681219,-0.5371086959249158,0.5371086959249158,0,-0.5932351407665757,reverted,ATCATGGTCTATCCGT,10.9645,-4.2834
ACATAGAAGCATCTCT-E15S,E15S,neutrophil,0.01539769269569273,0.04409630951325784,-0.2267685946981836,0.9939841296002105,-0.6082414897108213,0.6082414897108213,0,-0.5932351407665757,reverted,ACATAGAAGCATCTCT,10.4048,-3.3263
TAATCCTCATCGGTCT-E15S,E15S,neutrophil,0.02655273658458825,0.0,-0.3627291579141666,0.998563185589051,-0.8651191629145921,0.8651191629145921,0,1.3635561677706065,memory,TAATCCTCATCGGTCT,10.2857,-4.0022
TCGACCTCATGGTGAT-E15S,E15S,neutrophil,0.01583262879252714,0.062083997207447984,0.12969086301978344,0.792645257945026,-0.6771317079369754,0.6771317079369754,0,-0.5932351407665757,reverted,TCGACCTCATGGTGAT,12.657,-4.4451
CGAATCTGTTGCCTAG-E15S,E15S,neutrophil,0.0,0.07373654102727496,-0.2340988671207313,0.9944299873215066,-0.3277284983774957,0.3277284983774957,1,-0.5932351407665757,reverted,CGAATCTGTTGCCTAG,9.2635,-3.2681
GGAAGTTAGGCTTCGG-E15S,E15S,neutrophil,0.0,0.036755163435474594,-0.4890330299819162,0.9996213140238986,-0.6184864745819482,0.6184864745819482,0,1.1907284878166782,memory,GGAAGTTAGGCTTCGG,9.6342,-3.0053
CGCACGATCACGCTCC-E15S,E15S,neutrophil,0.0,0.052026370447271826,-0.6611581833745799,0.9999385429698023,-0.6540249412345827,0.6540249412345827,0,-0.5932351407665757,reverted,CGCACGATCACGCTCC,11.6156,-4.5414
AGGCTCCGTTTCGGCA-E15S,E15S,neutrophil,0.0,0.027742579836811165,-0.29702705460402357,0.9971274429026493,-0.729785425242311,0.729785425242311,0,-0.5932351407665757,reverted,AGGCTCCGTTTCGGCA,9.7802,-3.5543
CCGATTGGTTCGCACA-E15S,E15S,neutrophil,0.016323845965779057,0.038995854251583306,-0.4809558620368094,0.9995875902125306,-0.5882605937902179,0.5882605937902179,0,-0.5932351407665757,reverted,CCGATTGGTTCGCACA,12.711,-4.5474
CAGGAGGCATCAAGTA-E15S,E15S,neutrophil,0.0387142611595077,0.04482988353355704,0.16785052591658223,0.7186443506650395,-0.4573319647827335,0.4573319647827335,1,-0.5932351407665757,reverted,CAGGAGGCATCAAGTA,13.6884,4.4576
TCTCACTAGCCACTCC-E15S,E15S,neutrophil,0.02649156779404719,0.12376781666945605,-0.7935148341157074,0.9999848212728402,-0.07321325409700316,0.07321325409700316,0,-0.5932351407665757,reverted,TCTCACTAGCCACTCC,12.6199,-4.6509
TCTGCCTGTAACGGGT-E15S,E15S,neutrophil,0.015842026741269166,0.054679243101385416,-0.6639181146785622,0.9999403091719591,-0.49645472542967056,0.49645472542967056,0,-0.5932351407665757,reverted,TCTGCCTGTAACGGGT,12.0953,-4.4446
GGTAGCTTCACAGGCT-E15S,E15S,neutrophil,0.04785759572297283,0.025472082001612533,0.22873675007317368,0.5730776260932136,-0.7723408084968143,0.7723408084968143,0,-0.5932351407665757,partial,GGTAGCTTCACAGGCT,9.7984,-2.9971
GGTCTATGTAGCGAGT-E15S,E15S,neutrophil,0.01698805640961677,0.08854345894279146,-0.23256702611786612,0.9943396145767858,-1.179657978560739,1.179657978560739,0,-0.5932351407665757,reverted,GGTCTATGTAGCGAGT,12.0796,-4.1608
CGATAGTCATAAGTCA-E15S,E15S,neutrophil,0.0,0.04776741253572489,-0.13422232476875479,0.9841634254874483,-0.5070899333573394,0.5070899333573394,0,-0.5932351407665757,reverted,CGATAGTCATAAGTCA,12.982,-4.6731
CTGTAAGTCGTACTTC-E15S,E15S,neutrophil,0.017086531706585945,0.013605941914503624,-0.049160868528897436,0.9619735353133325,-0.8280563833127721,0.8280563833127721,1,-0.5932351407665757,reverted,CTGTAAGTCGTACTTC,10.6493,-3.8612
ACAACTTAGGCATCAC-E15S,E15S,neutrophil,0.0,0.032605950072319916,-0.26714241830478325,0.9960650438821785,-0.6207144824401867,0.6207144824401867,0,-0.5932351407665757,reverted,ACAACTTAGGCATCAC,10.9164,-4.2757
ACTATTGGTGAGAGGA-E15S,E15S,neutrophil,0.10205998072304835,0.05163637405014165,-0.20319739999677786,0.9922958741310924,-0.500932336961756,0.500932336961756,0,-0.5932351407665757,reverted,ACTATTGGTGAGAGGA,12.9196,4.4736
CTTCAGCCAGCAGTCA-E15S,E15S,neutrophil,0.0,0.026206175269594553,0.09445696912416064,0.8472545670235765,-0.9311637742860002,0.9311637742860002,1,-0.5932351407665757,reverted,CTTCAGCCAGCAGTCA,10.8553,-3.633
GCTGAGGGTGAGAGGA-E15S,E15S,neutrophil,0.0,0.08534029989311857,-0.633851953423766,0.9999179903265479,-0.5419855961186038,0.5419855961186038,0,-0.5932351407665757,reverted,GCTGAGGGTGAGAGGA,11.6288,-4.2778
CAATGGCTCATGATCG-E15S,E15S,neutrophil,0.034694968635861,0.08921274606239889,-0.3515663788688663,0.9983836099483524,-0.6634272075707539,0.6634272075707539,0,1.418172481476213,memory,CAATGGCTCATGATCG,10.4439,-2.5847
CGATTATAGAAGGTGT-E15S,E15S,neutrophil,0.03319761134327725,0.04709309652027772,-0.48520878087657976,0.9996057051537353,0.17168734587496537,-0.17168734587496537,1,-0.5932351407665757,reverted,CGATTATAGAAGGTGT,12.6534,-4.3774
CATAGTTAGCCAACCG-E15S,E15S,neutrophil,0.03424661478332869,0.05644071416902712,-0.28522422878159226,0.9967471529451624,-0.4257321770965805,0.4257321770965805,0,-0.5932351407665757,reverted,CATAGTTAGCCAACCG,11.8987,-4.4261
TAGTTCTCAACCGCTT-E15S,E15S,neutrophil,0.015860857438300485,0.09065844122451087,-0.01752985208303475,0.9476726054568593,-2.5676759333882604,2.5676759333882604,0,-0.5932351407665757,inducing,TAGTTCTCAACCGCTT,11.5367,-4.6854
ACGTTAGTCGACCGCA-E15S,E15S,neutrophil,0.0,0.03262340546485463,-0.5233984464278332,0.9997365890844486,-0.6755409154733194,0.6755409154733194,0,-0.5932351407665757,reverted,ACGTTAGTCGACCGCA,11.8549,-4.4365
TAGGTGAGTTAACCAC-E15S,E15S,neutrophil,0.013542422960586858,0.022501587740121475,-0.5240323367453922,0.9997383469842857,-0.4594106461701935,0.4594106461701935,0,-0.5932351407665757,reverted,TAGGTGAGTTAACCAC,10.6095,-0.731
CAAGCGGGTCAGCGAG-E15S,E15S,neutrophil,0.054597268805412734,0.03622749596513962,0.29640842337061807,0.396372074574115,0.4480795497494786,-0.4480795497494786,2,-0.5932351407665757,partial,CAAGCGGGTCAGCGAG,13.4339,4.7553
AACGTAGGTCATGAGA-E15S,E15S,neutrophil,0.0,0.0760132417579371,0.10498414549953224,0.8322973953123336,-0.237068208589505,0.237068208589505,0,-0.5932351407665757,reverted,AACGTAGGTCATGAGA,10.5099,-2.9286
AGCGCCATCTATCCTA-E15S,E15S,neutrophil,0.053217170111018904,0.04595211920684364,-0.6180841366971681,0.9999031245442128,-1.0293252695977344,1.0293252695977344,0,-0.5932351407665757,reverted,AGCGCCATCTATCCTA,10.4327,-4.1075
CAAGGAACAATGAGCT-E15S,E15S,neutrophil,0.02548430741533825,0.03841140680646129,0.2270069970173015,0.5775431067174905,1.1133017013873527,-1.1133017013873527,2,-0.5932351407665757,partial,CAAGGAACAATGAGCT,10.7589,-0.903
TACAAGGGTGCATCGC-E15S,E15S,neutrophil,0.016482223868773783,0.0,0.10957889821144581,0.8254113374280893,-1.71112867418511,1.71112867418511,1,-0.5932351407665757,reverted,TACAAGGGTGCATCGC,9.4592,-3.3342
AGGGCTGGTTAGAGCA-E15S,E15S,neutrophil,0.0,0.07611880960189346,0.11664836241755448,0.8143841085541876,-0.6550929195920872,0.6550929195920872,1,-0.5932351407665757,reverted,AGGGCTGGTTAGAGCA,12.9051,-4.7227
TACTCGCCATTAGGTA-E15S,E15S,neutrophil,0.048310409141999015,0.05347800501497243,0.08903096582353577,0.8545273025576737,-0.7481347273130453,0.7481347273130453,0,-0.5932351407665757,reverted,TACTCGCCATTAGGTA,10.6794,-1.3709
GGCATGTTCGCTCTCA-E15S,E15S,neutrophil,0.0163706900893481,0.02597110618119048,0.10919777334520732,0.8259908967534951,-2.2789495956040056,2.2789495956040056,0,-0.5932351407665757,inducing,GGCATGTTCGCTCTCA,10.6863,-2.9975
TGCCGTAGTCATGTGT-E15S,E15S,neutrophil,0.030352086410766064,0.05572119704592174,0.11071108466444067,0.823680697886886,-0.41619129107106134,0.41619129107106134,0,-0.5932351407665757,reverted,TGCCGTAGTCATGTGT,10.7098,-1.1194
CCCTGGTTCTATCCAC-E15S,E15S,neutrophil,0.0,0.09887448484623455,-0.30996580129898466,0.9974935735177893,-0.361045245183235,0.361045245183235,0,-0.5932351407665757,reverted,CCCTGGTTCTATCCAC,12.2431,-4.8114
CGCAGGTCACATAGTA-E15S,E15S,neutrophil,0.0,0.06232285843641394,2.1632409825896195,1.7817183626518909e-09,0.7004695426920217,-0.7004695426920217,1,-0.5932351407665757,persistent,CGCAGGTCACATAGTA,9.1519,-2.2044
TGCAAATTCGTTACTC-E15S,E15S,neutrophil,0.03189870479024385,0.05826481614688558,-0.5770820884984736,0.9998506034524252,-0.2836422188557718,0.2836422188557718,0,-0.5932351407665757,reverted,TGCAAATTCGTTACTC,11.4943,-4.6073
TGCCAGTAGTATGGCC-E15S,E15S,neutrophil,0.04293769961699023,0.10593960230466827,0.001951524759568793,0.9364725119175673,-0.25645277739088956,0.25645277739088956,0,-0.5932351407665757,reverted,TGCCAGTAGTATGGCC,10.5609,-2.79
CACACCTCACCATTCA-E15S,E15S,neutrophil,0.0,0.025823130179828676,-0.27836380305651265,0.9965034602096043,-0.7569134563971196,0.7569134563971196,0,-0.5932351407665757,reverted,CACACCTCACCATTCA,9.2964,-3.18
GCTCATAAGCCTGTCC-E15S,E15S,neutrophil,0.0,0.06469719012113771,-0.3537220824204483,0.99841995332592,-1.1156238368878528,1.1156238368878528,0,1.2925475791114855,memory,GCTCATAAGCCTGTCC,9.1655,-3.1081
CCTAGGTAGTGTCATG-E15S,E15S,neutrophil,0.0,0.011925049816549778,-0.35113899084628947,0.9983763060080081,-0.37270424693315396,0.37270424693315396,0,-0.5932351407665757,reverted,CCTAGGTAGTGTCATG,10.9114,-3.7605
CCTGATGGTTGGGCAG-E15S,E15S,neutrophil,0.031336972237442313,0.04198861684283258,0.552281871220095,0.04212074644921632,-1.823213170334036,1.823213170334036,0,-0.5932351407665757,persistent,CCTGATGGTTGGGCAG,9.2226,-2.8466
CGTTACCCACCTTACA-E15S,E15S,neutrophil,0.03412177349360825,0.1164360091452966,0.758645915577763,0.004943931624432062,-0.833580155102085,0.833580155102085,0,-0.5932351407665757,persistent,CGTTACCCACCTTACA,12.777,-4.2847
GTATGTTAGCATTCGA-E15S,E15S,neutrophil,0.032187493442582524,0.012815390907694893,-0.04243981715193136,0.9592888214327857,-1.1538895327633303,1.1538895327633303,0,5.008641904454624,memory,GTATGTTAGCATTCGA,9.045,-2.3051
GGTAAGGTCACTCGAA-E15S,E15S,neutrophil,0.0476014340174095,0.1086204065073697,0.5591606615587488,0.03928394073060516,0.3956251417404064,-0.3956251417404064,1,-0.5932351407665757,persistent,GGTAAGGTCACTCGAA,10.969,-0.8957
AATTGTCAGGATAGCG-E15S,E15S,neutrophil,0.0,0.0,0.2899451061411286,0.4128216910376694,-0.5036984251158744,0.5036984251158744,0,1.1801890938179824,partial,AATTGTCAGGATAGCG,10.8537,-3.6236
TCCAAGGCAACCCTTA-E15S,E15S,neutrophil,0.05761575583663587,0.0255895839770933,-0.32667000875827124,0.9978982594667692,-0.281140068302239,0.281140068302239,1,1.2698046127847937,memory,TCCAAGGCAACCCTTA,9.1232,-2.8669
ACGCATATCTGGTCCC-E15S,E15S,neutrophil,0.03419509414813943,0.09135673235821636,-0.26169990345956884,0.9958330980088794,-0.517932521062139,0.517932521062139,0,-0.5932351407665757,reverted,ACGCATATCTGGTCCC,12.3583,-4.5389
GCCGTAGTCATCACCT-E15S,E15S,neutrophil,0.048782148586244786,0.05173699343343679,0.7386938798089193,0.0060971161937996175,-0.23094939683098534,0.23094939683098534,1,-0.5932351407665757,persistent,GCCGTAGTCATCACCT,10.2874,-2.2585
CTGCCTGCAAAGGATG-E15S,E15S,neutrophil,0.03292365484694357,0.046924017420523816,-0.16462958700243419,0.9884648605232585,-0.4026944550747519,0.4026944550747519,0,-0.5932351407665757,reverted,CTGCCTGCAAAGGATG,11.9163,-4.6631
ACATGAGGTTGAGTGA-E15S,E15S,neutrophil,0.0,0.05738888994920185,0.5260224232862474,0.054851000263386226,0.9311445915357695,-0.9311445915357695,2,-0.5932351407665757,persistent,ACATGAGGTTGAGTGA,9.9756,-3.0294
CTAAGGGAGCCGATGT-E15S,E15S,neutrophil,0.0,0.02980440578581667,0.17726960564401856,0.6980911251339921,-1.696244215878564,1.696244215878564,0,-0.5932351407665757,partial,CTAAGGGAGCCGATGT,9.1931,-2.961
TATGAGGGTAAGTAGT-E15S,E15S,neutrophil,0.07386600640997582,0.03848490085543069,-0.13858918899347913,0.9848667262613674,-0.7237911620459356,0.7237911620459356,0,-0.5932351407665757,reverted,TATGAGGGTAAGTAGT,14.0547,4.9083
AATCAGCCAATCTCTG-E15S,E15S,neutrophil,0.015537885194221147,0.09396089127227188,-0.42459561811170005,0.9992521606921502,-0.49900637125896885,0.49900637125896885,0,-0.5932351407665757,reverted,AATCAGCCAATCTCTG,12.2722,-4.6013
GTACCCAGTCTTGATA-E15S,E15S,neutrophil,0.0,0.07452996052238747,-0.46291667475950576,0.9995010358741946,-0.6383220550573523,0.6383220550573523,0,-0.5932351407665757,reverted,GTACCCAGTCTTGATA,11.0631,-4.3797
GCTAGGGGTTAGCACT-E15S,E15S,neutrophil,0.0,0.03739371506184837,-0.4642596562277759,0.9995080627363041,-0.8735726579355125,0.8735726579355125,0,-0.5932351407665757,reverted,GCTAGGGGTTAGCACT,11.4688,-4.2849
AGTCCCAGTTCGTGGC-E15S,E15S,neutrophil,0.016149005668135315,0.0921735637922564,0.06956851540702712,0.878275671820743,-0.624149646500346,0.624149646500346,0,-0.5932351407665757,reverted,AGTCCCAGTTCGTGGC,11.5999,-3.5418
CCGCCATTCACGCTAA-E15S,E15S,neutrophil,0.0,0.039452207355121435,-0.14632673143372926,0.9860381421186772,-1.5093371652961385,1.5093371652961385,0,-0.5932351407665757,reverted,CCGCCATTCACGCTAA,9.5885,-3.1671
GCCGTACGTTCGCTCT-E15S,E15S,neutrophil,0.02856863488428226,0.08142113145403959,0.1668620376235426,0.7207513290790877,-0.47593176031595225,0.47593176031595225,1,-0.5932351407665757,reverted,GCCGTACGTTCGCTCT,11.6618,-3.9364
TGAGGTAGTCCCGATA-E15S,E15S,neutrophil,0.014466898639989881,0.05822092545819192,-0.3372436389092558,0.9981200102834976,0.18357026856786313,-0.18357026856786313,1,-0.5932351407665757,reverted,TGAGGTAGTCCCGATA,9.1904,-3.2218
AAACCATTCGTTAGGC-E15S,E15S,neutrophil,0.0,0.09405666155632166,-0.5347118525438717,0.999766260634754,-0.6743289006132357,0.6743289006132357,0,-0.5932351407665757,reverted,AAACCATTCGTTAGGC,9.9781,-3.6366
CCCTAACCACATTAAG-E15S,E15S,neutrophil,0.01825856881625013,0.08723538434430617,0.21754112485317456,0.6017381629484975,-0.5229500615457771,0.5229500615457771,0,-0.5932351407665757,partial,CCCTAACCACATTAAG,10.0945,-2.3622
CTCGAACAGTGATGCC-E15S,E15S,neutrophil,0.0,0.1210228628376358,-0.21753288744458743,0.9933715585453525,-0.5013818478086326,0.5013818478086326,0,-0.5932351407665757,reverted,CTCGAACAGTGATGCC,10.3536,-2.9738
AACACACCATAGGCCA-E15S,E15S,neutrophil,0.08329841438224905,0.02262167251202101,0.26420473830859414,0.4799262312022575,-0.013948981611079783,0.013948981611079783,1,-0.5932351407665757,partial,AACACACCATAGGCCA,9.842,-2.2535
ACCATCCCAGGCTAAT-E15S,E15S,neutrophil,0.016064650836541565,0.03307842163521052,-0.34284624497929306,0.9982278795086568,-0.7520418593137521,0.7520418593137521,0,-0.5932351407665757,reverted,ACCATCCCAGGCTAAT,11.9283,-4.4917
GGACGAATCTGGCTGG-E15S,E15S,neutrophil,0.01599078904919031,0.020207674764541456,-0.6812853521732422,0.9999503159011144,-0.13041131895722452,0.13041131895722452,2,-0.5932351407665757,reverted,GGACGAATCTGGCTGG,11.4718,-4.0475
CGTAAAGGTTGCCTCT-E15S,E15S,neutrophil,0.023584183463351765,0.06548048161588671,-0.5482072164901013,0.9997973166766121,-0.6633436003172901,0.6633436003172901,0,-0.5932351407665757,reverted,CGTAAAGGTTGCCTCT,10.9365,-1.0847
ACATTCCTCACTCACT-E15S,E15S,neutrophil,0.025505872442427597,0.06406407215642289,2.354327890963755,2.3658225769390034e-10,0.06658329008725682,-0.06658329008725682,1,-0.5932351407665757,persistent,ACATTCCTCACTCACT,9.4571,-3.334
CCAGTTAAGATTAGTC-E15S,E15S,neutrophil,0.01564401608400923,0.07394699668497412,0.009725791725237118,0.9314068830946304,-0.8499149528819407,0.8499149528819407,0,-0.5932351407665757,reverted,CCAGTTAAGATTAGTC,13.0066,-4.5489
AACCTCAAGGCTACAC-E15S,E15S,neutrophil,0.01786298661864422,0.056896920340866776,-0.1642960510766384,0.9884246084757046,-0.3178574964606878,0.3178574964606878,1,-0.5932351407665757,reverted,AACCTCAAGGCTACAC,9.0654,-3.2445
GGCTATATCTAGCCGG-E15S,E15S,neutrophil,0.018317801723508043,0.06640272112200678,-0.43837499807538827,0.9993534208833281,-0.7365854625621753,0.7365854625621753,0,-0.5932351407665757,reverted,GGCTATATCTAGCCGG,11.2348,-0.6134
GTTGGGTTCAATCACG-E15S,E15S,neutrophil,0.014624495528875283,0.042030391179051045,0.4992514399543984,0.07150098539188252,1.0075623252860126,-1.0075623252860126,2,-0.5932351407665757,persistent,GTTGGGTTCAATCACG,9.6916,-3.2433
ACCAATGTCTGGGCAT-E15S,E15S,neutrophil,0.029674980441122954,0.04975585154198458,0.23177240630241364,0.5652124169739732,-0.22542204023064405,0.22542204023064405,1,2.169031061991884,partial,ACCAATGTCTGGGCAT,9.6582,-3.0502
CGCTTGCTCCCCTGAC-E15S,E15S,neutrophil,0.015598347815876719,0.03726271978237216,-0.3352775462025685,0.9980806228793577,-0.24696293285158727,0.24696293285158727,1,-0.5932351407665757,reverted,CGCTTGCTCCCCTGAC,10.3052,-3.5694
GTTAGCTGTGCAGCTC-E15S,E15S,neutrophil,0.016512917437901408,0.03944752499054225,-0.5297279948857908,0.9997536252329949,-1.182535517514541,1.182535517514541,0,-0.5932351407665757,reverted,GTTAGCTGTGCAGCTC,9.6817,-3.6045
ACGGCCATCCACGGCA-E15S,E15S,neutrophil,0.01613922543468985,0.038554816316203534,0.5449142722828139,0.045375976513140424,-0.5410085801867004,0.5410085801867004,1,-0.5932351407665757,persistent,ACGGCCATCCACGGCA,9.4697,-2.8672
ACCCAGGTCATCGTAG-E15S,E15S,neutrophil,0.03411445948606793,0.05624966981573397,-0.7337423219590954,0.9999714561334148,-0.6193277763102553,0.6193277763102553,0,-0.5932351407665757,reverted,ACCCAGGTCATCGTAG,13.0865,-4.8109
CTACGTTTCGCGAATC-E15S,E15S,neutrophil,0.03280190450220506,0.013060017533285348,-0.3145842506074227,0.9976126629238519,-0.43648795182408945,0.43648795182408945,0,-0.5932351407665757,reverted,CTACGTTTCGCGAATC,11.9776,-4.662
TACATTCCAATTCAGA-E15S,E15S,neutrophil,0.04597255449121038,0.06132137604274015,0.30881837443279675,0.3654633502083763,0.8592153521754129,-0.8592153521754129,2,-0.5932351407665757,partial,TACATTCCAATTCAGA,11.4665,-4.4409
TAAGGCGAGATTGAAG-E15S,E15S,neutrophil,0.0,0.049879159871288915,-0.078851049031217,0.971925380915482,-0.5920263537388534,0.5920263537388534,0,-0.5932351407665757,reverted,TAAGGCGAGATTGAAG,11.8649,-4.5889
AACACATTCCAGCCGA-E15S,E15S,neutrophil,0.033364278188766666,0.060563298451812776,0.16307721163457212,0.7287287306896273,-0.91468480413397,0.91468480413397,0,-0.5932351407665757,reverted,AACACATTCCAGCCGA,9.0628,-2.8787
GCTAAAGGTCCCGTAA-E15S,E15S,neutrophil,0.0,0.07196525006661877,-0.43739025037500157,0.9993466625805688,-1.19661668926725,1.19661668926725,1,-0.5932351407665757,reverted,GCTAAAGGTCCCGTAA,13.047,-4.6253
GTCTACAAGTGATGGG-E15S,E15S,neutrophil,0.0176836770553838,0.05632578617640766,0.12199807641161743,0.8056873403997061,0.0921140669764431,-0.0921140669764431,1,1.4571533862727253,memory,GTCTACAAGTGATGGG,8.7963,-2.6079
CCCTCACAGTGGCAAG-E15S,E15S,neutrophil,0.01754679950182527,0.0,-0.1881136591167813,0.9909767764665762,-0.6097537159485266,0.6097537159485266,0,-0.5932351407665757,reverted,CCCTCACAGTGGCAAG,9.2198,-3.049
TCGCGATAGTTAGAGA-E15S,E15S,neutrophil,0.0,0.0771290208581687,-0.6910668529636732,0.9999551941908547,0.2056129289701566,-0.2056129289701566,1,-0.5932351407665757,reverted,TCGCGATAGTTAGAGA,12.4414,-4.6136
GCCCCATTCCCTGTCA-E15S,E15S,neutrophil,0.03787545259057494,0.015080041309210392,0.1679548328852884,0.7184214552823408,-0.1649281123657283,0.1649281123657283,1,1.6025579967385113,memory,GCCCCATTCCCTGTCA,9.551,-2.9248
CCACAGACAGGCAGTC-E15S,E15S,neutrophil,0.017215974469015752,0.06262675465410916,-0.7935148341157074,0.9999848212728402,-0.2188024572700844,0.2188024572700844,0,-0.5932351407665757,reverted,CCACAGACAGGCAGTC,11.412,-4.5225
TGATGCCAGTTACCTC-E15S,E15S,neutrophil,0.018695153261889804,0.04466064390340342,-0.22172465022935434,0.9936569073088747,-0.5892485450144985,0.5892485450144985,1,-0.5932351407665757,reverted,TGATGCCAGTTACCTC,9.578,-3.5275
CGACCGATCCAGGTGT-E15S,E15S,neutrophil,0.017871044486176078,0.05618778880962308,-0.3196169104905763,0.99773601450223,-0.0517393706977211,0.0517393706977211,1,2.636628129589795,memory,CGACCGATCCAGGTGT,8.7994,-2.4572
CATCACAAGCGCCTCT-E15S,E15S,neutrophil,0.01827967715614015,0.0,0.2925872391851996,0.4060714878107814,0.022343212511543684,-0.022343212511543684,2,-0.5932351407665757,partial,CATCACAAGCGCCTCT,9.5102,-2.4434
ACTCTGTTCCCGGCAA-E15S,E15S,neutrophil,0.017750971100876256,0.04943271125234858,-0.40038644572899323,0.9990343842649575,-0.4926552230450524,0.4926552230450524,0,-0.5932351407665757,reverted,ACTCTGTTCCCGGCAA,12.5987,-4.6002
GCCATGGTCTGGCCTC-E15S,E15S,neutrophil,0.0,0.07344280649008547,0.9377594044002455,0.00074814613781961,-0.25163013261070594,0.25163013261070594,1,3.5399869100283734,persistent,GCCATGGTCTGGCCTC,10.0469,-2.069
AGCCTGGTCGCATGAC-E15S,E15S,neutrophil,0.0,0.04325820861256764,0.014066971126334343,0.9284177611984108,-0.9490755142284967,0.9490755142284967,0,-0.5932351407665757,reverted,AGCCTGGTCGCATGAC,11.6667,-4.5274
TCATGTTCACATTCCA-E15S,E15S,neutrophil,0.0392072671132901,0.10200991157615763,-0.4563184406991464,0.9994650273763688,-0.487964557542654,0.487964557542654,0,-0.5932351407665757,reverted,TCATGTTCACATTCCA,11.7544,-4.2351
TCGCGGATCCGGTATA-E15S,E15S,neutrophil,0.05492794547503466,0.051794059889665914,-0.12191898757829074,0.9820044607016423,-0.2551658568761703,0.2551658568761703,1,-0.5932351407665757,reverted,TCGCGGATCCGGTATA,9.7853,-3.4504
TCCCTCAAGTGTCCTT-E15S,E15S,neutrophil,0.017727159056020944,0.06438063446346971,0.5441155461334987,0.0457429516280182,-0.7797962451962328,0.7797962451962328,0,1.4621950410688336,persistent,TCCCTCAAGTGTCCTT,9.7956,-2.69
CCAGATGCACAACCGA-E15S,E15S,neutrophil,0.01872178209491002,0.037966957984332486,0.7122042581891703,0.008050544643410604,-0.23739968520428467,0.23739968520428467,1,-0.5932351407665757,persistent,CCAGATGCACAACCGA,9.9431,-3.3945
CGTCAAATCGACTTAG-E15S,E15S,neutrophil,0.016427949911960418,0.12253299375104244,0.002826724689972377,0.9359201409780258,-2.3522798629627975,2.3522798629627975,0,-0.5932351407665757,inducing,CGTCAAATCGACTTAG,13.0354,-4.7692
AGAGTTGGTTAAGGAT-E15S,E15S,neutrophil,0.03387492040264792,0.013487236826980189,0.3958704695902321,0.18671054485603403,0.621002102267123,-0.621002102267123,1,-0.5932351407665757,persistent,AGAGTTGGTTAAGGAT,9.1512,-3.1486
CCAATCAAGTAGCATT-E15S,E15S,neutrophil,0.05432426197857332,0.04325820861256764,-0.5926171028383062,0.999873216268212,-0.9542923527123609,0.9542923527123609,0,-0.5932351407665757,reverted,CCAATCAAGTAGCATT,12.1136,-4.4648
ACACCCAGTTCCGTCT-E15S,E15S,neutrophil,0.01755456128347532,0.013978632133137754,-0.6973472913624863,0.9999580708568216,-0.30467897090561896,0.30467897090561896,0,-0.5932351407665757,reverted,ACACCCAGTTCCGTCT,9.9102,-3.8149
TCGCAAATCATGTGAT-E15S,E15S,neutrophil,0.0,0.08082652962179929,0.8486457856143701,0.0019160280478269184,0.7273718589185652,-0.7273718589185652,1,-0.5932351407665757,persistent,TCGCAAATCATGTGAT,9.4612,-2.8853
AACACTTAGGGGCAAC-E15S,E15S,neutrophil,0.033954375628318066,0.06759435888970726,0.2501533049916373,0.5170259562559695,0.10261373969663502,-0.10261373969663502,2,-0.5932351407665757,partial,AACACTTAGGGGCAAC,9.4649,-2.4572
CAAGCGGGTTGAGTGA-E15S,E15S,neutrophil,0.0,0.08476146265484774,-0.3251461585234219,0.9978642180748816,-0.159704968426523,0.159704968426523,0,-0.5932351407665757,reverted,CAAGCGGGTTGAGTGA,12.2762,-4.5172
ACAACCTGTAGCAGGT-E15S,E15S,neutrophil,0.017031676489704932,0.09686253941237345,0.5431469297596676,0.04619177432099845,-1.8543697770158492,1.8543697770158492,0,-0.5932351407665757,persistent,ACAACCTGTAGCAGGT,10.3878,-1.4688
AATCTAGCAACTAGCG-E15S,E15S,neutrophil,0.0,0.10814991079743495,-0.12225380617630088,0.9820668716803339,-1.848244855674764,1.848244855674764,0,-0.5932351407665757,inducing,AATCTAGCAACTAGCG,8.8285,-2.7557
ACGTAAGGTTGGATCT-E15S,E15S,neutrophil,0.0166891229398732,0.03423629526531114,0.5976447353953193,0.02650682659544378,0.8610918256159228,-0.8610918256159228,2,-0.5932351407665757,persistent,ACGTAAGGTTGGATCT,10.0827,-2.4738
CGATTTGAGTCGAGAG-E15S,E15S,neutrophil,0.019266962838423135,0.07561875331166436,0.1598489720957766,0.7354188207895446,-0.41975894003988673,0.41975894003988673,1,-0.5932351407665757,reverted,CGATTTGAGTCGAGAG,9.399,-2.6704
CAGCCATAGATTCCGA-E15S,E15S,neutrophil,0.03500847563663032,0.04181567923264178,-0.4946433572974742,0.9996431020133988,-0.43908311715741644,0.43908311715741644,0,1.436347749988262,memory,CAGCCATAGATTCCGA,11.6614,-4.3865
GTTCATTCAATCGCAG-E15S,E15S,neutrophil,0.020117160264634552,0.10457400996666226,-0.2743418759882449,0.9963522226746501,0.3613656237247853,-0.3613656237247853,1,-0.5932351407665757,reverted,GTTCATTCAATCGCAG,11.0029,-3.8254
CGTAGTTGTTGCCTAG-E15S,E15S,neutrophil,0.029194517921222338,0.03010940872953624,-0.4119390705389238,0.9991452482367914,-1.1543651455179356,1.1543651455179356,0,-0.5932351407665757,reverted,CGTAGTTGTTGCCTAG,9.2384,-2.9467
AGACGAACACTATCGC-E15S,E15S,neutrophil,0.08188770750978663,0.07154060147722605,-0.32578766915039703,0.9978786153698533,-0.4895880135462409,0.4895880135462409,0,1.490159175676508,memory,AGACGAACACTATCGC,11.1159,-0.8158
GGCCGATCAGGAGCAG-E15S,E15S,neutrophil,0.019243381795207095,0.07661716825869493,-0.06398653357265867,0.9673069576165536,-0.0574136244764514,0.0574136244764514,1,-0.5932351407665757,reverted,GGCCGATCAGGAGCAG,8.9564,-2.9515
CAGGAGGCAAGGGATA-E15S,E15S,neutrophil,0.017038969256882548,0.054272272447848116,-0.7935148341157074,0.9999848212728402,-0.23699812285122945,0.23699812285122945,0,-0.5932351407665757,reverted,CAGGAGGCAAGGGATA,10.5735,-0.6477
ATGACAGGTGAGTATG-E15S,E15S,neutrophil,0.0,0.07051741546479894,-0.3143392580679727,0.9976064898486271,-0.6587739216338182,0.6587739216338182,0,-0.5932351407665757,reverted,ATGACAGGTGAGTATG,12.5375,-4.7269
AGACATAAGTGCCTGG-E15S,E15S,neutrophil,0.0,0.036665481483323,-0.06323783389402839,0.9670558574743868,-0.8202181368111466,0.8202181368111466,0,-0.5932351407665757,reverted,AGACATAAGTGCCTGG,11.9361,-4.6953
TACGCATGTTGTGCTG-E15S,E15S,neutrophil,0.01932856033381423,0.06452150970461301,-0.2586182571666236,0.9956957805034904,-0.5534234396752709,0.5534234396752709,0,-0.5932351407665757,reverted,TACGCATGTTGTGCTG,11.905,-4.4797
ACAGGAACACTAACGG-E15S,E15S,neutrophil,0.0,0.043728790217057494,0.24608679383306187,0.5277457696155399,-0.36367605554054816,0.36367605554054816,1,-0.5932351407665757,partial,ACAGGAACACTAACGG,9.3404,-3.3808
ACACTAGTCACGCCGA-E15S,E15S,neutrophil,0.017782824994898444,0.02832079536224567,0.7743244306180379,0.004192325795970719,1.6479681622507545,-1.6479681622507545,2,1.4686494001969628,persistent,ACACTAGTCACGCCGA,9.5253,-3.1623
CCCATATTCACATTGG-E15S,E15S,neutrophil,0.0,0.044523466687864395,0.04324280897245563,0.9050260330712928,-1.423820094052302,1.423820094052302,1,-0.5932351407665757,reverted,CCCATATTCACATTGG,10.3477,-3.9037
ATATGTCAGGATGAAC-E15S,E15S,neutrophil,0.0,0.015263670550464714,-0.35720307406525353,0.9984769254114647,-1.0657127180336,1.0657127180336,0,-0.5932351407665757,reverted,ATATGTCAGGATGAAC,10.6844,-4.1679
AGAGTATGTTTGCATA-E15S,E15S,neutrophil,0.03373858980571589,0.06873442665191616,0.6153707936127752,0.022079403494398853,-0.2515267244991712,0.2515267244991712,1,1.3627273335386185,persistent,AGAGTATGTTTGCATA,9.6296,-2.4295
TGATTAGCAAGTCGGC-E15S,E15S,neutrophil,0.0,0.051374956694396574,-0.2877532903574315,0.9968326535200055,-0.8030178088707095,0.8030178088707095,0,-0.5932351407665757,reverted,TGATTAGCAAGTCGGC,10.6168,-4.2061
CTACATGAGCATAGCC-E15S,E15S,neutrophil,0.03789367609967668,0.10561107875928409,-0.03844394431510276,0.9576075929282946,-0.8282714772860282,0.8282714772860282,1,-0.5932351407665757,reverted,CTACATGAGCATAGCC,9.3292,-3.2168
TCCCCAATCCTGACCC-E15S,E15S,neutrophil,0.05912123339439671,0.10357526325851474,0.04851027323930884,0.9001331135726699,-2.347684760134382,2.347684760134382,0,-0.5932351407665757,inducing,TCCCCAATCCTGACCC,9.842,-1.8405
TACGAGGAGGTCACTA-E15S,E15S,neutrophil,0.0,0.0585627930884652,-0.02290425560371019,0.950418064018108,-0.582403167264157,0.582403167264157,0,-0.5932351407665757,reverted,TACGAGGAGGTCACTA,11.2308,-1.8831
CGTGTCAGTGAGACAC-E15S,E15S,neutrophil,0.0,0.016641384463156533,-0.13413958204119236,0.98414979361178,-0.7230963337047852,0.7230963337047852,1,-0.5932351407665757,reverted,CGTGTCAGTGAGACAC,11.5127,-3.1959
GGTGAACGTAAGTGTG-E15S,E15S,neutrophil,0.0,0.09425278903187936,-0.0331533587125176,0.9552793359989755,-0.42328738984074915,0.42328738984074915,1,-0.5932351407665757,reverted,GGTGAACGTAAGTGTG,11.8018,-4.3763
AGCTTTAGTTAGCCAT-E15S,E15S,neutrophil,0.0,0.13572325921747116,-0.31760582489732636,0.997687504131865,0.09479487511571659,-0.09479487511571659,1,1.4408330262971738,memory,AGCTTTAGTTAGCCAT,12.891,-4.6151
CCACTATTCCTCTCCT-E15S,E15S,neutrophil,0.06053912921101476,0.04717288712428839,1.4506973054984502,3.3154913395799807e-06,0.22439520169258637,-0.22439520169258637,2,-0.5932351407665757,persistent,CCACTATTCCTCTCCT,10.1921,-2.2207
CGATTACGTGAGCAGT-E15S,E15S,neutrophil,0.0,0.06512322945355196,0.40437010215558994,0.17345512932317728,-1.105286260451632,1.105286260451632,0,-0.5932351407665757,persistent,CGATTACGTGAGCAGT,9.6515,-2.8152
TGAACCATCTATCGAG-E15S,E15S,neutrophil,0.03820633146313235,0.030423560239160947,-0.22658520357048217,0.9939725315366166,0.27071519993483806,-0.27071519993483806,1,-0.5932351407665757,reverted,TGAACCATCTATCGAG,11.7388,-4.793
GTGTAAGGTCAGGAAC-E15S,E15S,neutrophil,0.028843672533864658,0.0,-0.6670106507296911,0.9999422279934898,-0.84373711397515,0.84373711397515,0,-0.5932351407665757,reverted,GTGTAAGGTCAGGAAC,9.1444,-3.0915
GTGATATTCGCTATCT-E15S,E15S,neutrophil,0.0,0.0583752215158256,-0.38790368118414326,0.9988983948798612,-0.712279258825047,0.712279258825047,0,-0.5932351407665757,reverted,GTGATATTCGCTATCT,12.585,-4.7104
TAGTTAGCACATACGG-E15S,E15S,neutrophil,0.06561138383633805,0.06105996203736281,0.10552302375363913,0.8315011557000802,-0.8783843706299087,0.8783843706299087,0,-0.5932351407665757,reverted,TAGTTAGCACATACGG,9.1196,-3.0384
AGAGGCTGTCAGCTAT-E15S,E15S,neutrophil,0.0,0.053643419812926404,0.3125457049247073,0.35637968638957734,-0.7464286341197223,0.7464286341197223,0,-0.5932351407665757,partial,AGAGGCTGTCAGCTAT,11.0008,-3.939
CTGACCCTCATCGAAT-E15S,E15S,neutrophil,0.03589595253494276,0.014291907027801283,-0.3032268467781991,0.9973090956383488,-0.6761860134634428,0.6761860134634428,1,-0.5932351407665757,reverted,CTGACCCTCATCGAAT,10.8816,-4.2173
GGTTGGTTCGTGCGTG-E15S,E15S,neutrophil,0.035677717339265454,0.04261505126634485,-0.4218863985883091,0.9992304605557856,-0.25320996212523184,0.25320996212523184,1,-0.5932351407665757,reverted,GGTTGGTTCGTGCGTG,11.007,-4.4342
TATACCCTCCATCGTT-E15S,E15S,neutrophil,0.0,0.07752864286084299,0.1471500719418717,0.7606906137865367,-0.44844882433101446,0.44844882433101446,1,-0.5932351407665757,reverted,TATACCCTCCATCGTT,10.3591,-2.3456
TAACCGATCACTCAGA-E15S,E15S,neutrophil,0.019791669323178343,0.0556690575491458,-0.6057815446903412,0.9998896780632324,-0.5680187164926872,0.5680187164926872,1,-0.5932351407665757,reverted,TAACCGATCACTCAGA,10.6887,-4.2065
GCAAGCTTCTAATCGG-E15S,E15S,neutrophil,0.01844610023471914,0.03746422489650869,0.5991380065628745,0.02610271492113987,1.148477947173369,-1.148477947173369,2,-0.5932351407665757,persistent,GCAAGCTTCTAATCGG,9.2554,-2.8166
ACCCAGGTCCGCATCC-E15S,E15S,neutrophil,0.05688156910566631,0.023303351125918356,-0.5395623291636932,0.999777935501296,-0.3271592176616926,0.3271592176616926,0,-0.5932351407665757,reverted,ACCCAGGTCCGCATCC,11.6691,-4.4313
ATGTCAACATCACTCA-E15S,E15S,neutrophil,0.0,0.028740168797211925,-0.44592999347197176,0.9994029991310991,-1.4528006828891107,1.4528006828891107,0,-0.5932351407665757,reverted,ATGTCAACATCACTCA,11.0893,-4.0681
TGTGGTTGTGAGCAGT-E15S,E15S,neutrophil,0.0,0.03764605917945073,-0.5853014061957363,0.9998630287969068,-1.1193100511499758,1.1193100511499758,0,-0.5932351407665757,reverted,TGTGGTTGTGAGCAGT,11.0885,-4.4386
TGATCATAGCATCACA-E15S,E15S,neutrophil,0.01682653730266484,0.053595637334413936,-0.0029105436099366652,0.9394611084161036,-0.9439463002359553,0.9439463002359553,0,-0.5932351407665757,reverted,TGATCATAGCATCACA,11.7245,-3.9243
AAGTCCATCCGCGCTT-E15S,E15S,neutrophil,0.0,0.06766195224645806,1.5283908386669105,1.458914112078981e-06,0.6477236700501046,-0.6477236700501046,1,-0.5932351407665757,persistent,AAGTCCATCCGCGCTT,9.6078,-2.8884
TCGCTAGGTCAGCGGA-E15S,E15S,neutrophil,0.019182355457766184,0.04705975337189008,-0.6634418318977329,0.9999400080425733,-0.7543071021150426,0.7543071021150426,0,-0.5932351407665757,reverted,TCGCTAGGTCAGCGGA,12.0214,-4.4622
CCTGTAAAGTCAGCAC-E15S,E15S,neutrophil,0.053734345400260806,0.06501205585410173,0.8220970686792053,0.002534888547874115,1.3005395885427748,-1.3005395885427748,2,-0.5932351407665757,persistent,CCTGTAAAGTCAGCAC,10.0533,-2.3068
GTCGGCTGTTATCGCG-E15S,E15S,neutrophil,0.019443379668463077,0.015482691217479859,0.7972852628638608,0.003292191407732996,1.0597690313363468,-1.0597690313363468,2,-0.5932351407665757,persistent,GTCGGCTGTTATCGCG,9.5355,-3.2482
GCATTCCCATCCGTCG-E15S,E15S,neutrophil,0.0,0.04881284888126272,-0.3256062939738469,0.9978745546512239,-0.6742163577641292,0.6742163577641292,0,-0.5932351407665757,reverted,GCATTCCCATCCGTCG,10.0933,-3.376
TCAAACTAGATAGTAG-E15S,E15S,neutrophil,0.043107691068122476,0.01716324736971543,-0.4894395164494757,0.999622936366945,-0.4742417132989053,0.4742417132989053,0,-0.5932351407665757,reverted,TCAAACTAGATAGTAG,11.047,-3.0416
CGTCACCTCAATTCCC-E15S,E15S,neutrophil,0.027772435766208577,0.028358968503379916,-0.5188588669543447,0.999723650104526,-0.6638124713169632,0.6638124713169632,0,1.471428580957177,memory,CGTCACCTCAATTCCC,8.8096,-2.8347
TGGTCACAGCGAGGAC-E15S,E15S,neutrophil,0.038944620599865316,0.015505728572168599,-0.16101444315951857,0.9880210995705484,-0.5612993321590717,0.5612993321590717,0,-0.5932351407665757,reverted,TGGTCACAGCGAGGAC,11.164,-3.5487
GCATCTAAGCGGATGA-E15S,E15S,neutrophil,0.0,0.06443501768843554,-0.33719208144430873,0.9981189877886794,-0.4881178991651623,0.4881178991651623,0,-0.5932351407665757,reverted,GCATCTAAGCGGATGA,12.4008,-4.7117
TGCATCCCACTCAGCT-E15S,E15S,neutrophil,0.0,0.08695897831078592,-0.3002164335479567,0.9972223684557863,-1.3071859834745063,1.3071859834745063,0,-0.5932351407665757,reverted,TGCATCCCACTCAGCT,10.0233,-2.9473
AAGTAAGTCCGCACCT-E15S,E15S,neutrophil,0.017943909905881104,0.05083456045442442,0.9285129687867955,0.0008248652452627074,0.9952566397221552,-0.9952566397221552,1,-0.5932351407665757,persistent,AAGTAAGTCCGCACCT,9.2549,-2.8559
AGTCTTGAGGTCACGT-E15S,E15S,neutrophil,0.0172871057614718,0.07663668260865387,-0.5631739006882803,0.999826957817183,-0.27120992616779876,0.27120992616779876,0,-0.5932351407665757,reverted,AGTCTTGAGGTCACGT,13.0715,-4.755
GTACATTAGCATAGGG-E15S,E15S,neutrophil,0.017412121865398447,0.03556975017492095,-0.26535804642436783,0.9959904515145102,-0.45453666217887995,0.45453666217887995,0,-0.5932351407665757,reverted,GTACATTAGCATAGGG,12.4919,-4.5745
AGTGGAACACTAGCTC-E15S,E15S,neutrophil,0.06834661757704238,0.10745631836333282,-0.22824801480670623,0.9940768837791749,-0.748933832167682,0.748933832167682,0,-0.5932351407665757,reverted,AGTGGAACACTAGCTC,10.1411,-2.692
TCTCTGGTCCCCATTG-E15S,E15S,neutrophil,0.01636398094454807,0.038993712115242656,-0.517545998343273,0.9997197909866087,-1.51104687629955,1.51104687629955,0,-0.5932351407665757,reverted,TCTCTGGTCCCCATTG,11.9892,-4.082
TCGTACTTCACGTACA-E15S,E15S,neutrophil,0.048069344061634024,0.015043873135572032,0.6125012054998281,0.022743650294122286,1.9536561300746542,-1.9536561300746542,2,-0.5932351407665757,reverting,TCGTACTTCACGTACA,9.3072,-2.562
TGTATTGGTCTGTGTG-E15S,E15S,neutrophil,0.0,0.05258584634704501,0.5253039672637718,0.055245881473902074,0.601645140173795,-0.601645140173795,2,-0.5932351407665757,persistent,TGTATTGGTCTGTGTG,9.4896,-3.1196
ATAGCCATCATGACGC-E15S,E15S,neutrophil,0.017435055618402535,0.07726233765300403,-0.675145886924059,0.9999469862333554,-0.6957781177495068,0.6957781177495068,0,-0.5932351407665757,reverted,ATAGCCATCATGACGC,12.4761,-4.7564
AATACGCCAATTCGGG-E15S,E15S,neutrophil,0.03596115381549275,0.04295360039072746,0.6505788688733403,0.015325481489038449,2.595479122813992,-2.595479122813992,2,-0.5932351407665757,reverting,AATACGCCAATTCGGG,9.4378,-3.367
CCTAGTTTCAATGGAA-E15S,E15S,neutrophil,0.0,0.029179558098037784,0.5493614649549533,0.04338347055529709,0.7255962247136807,-0.7255962247136807,2,4.144277850921471,persistent,CCTAGTTTCAATGGAA,9.648,-2.8898
CAATTGGTCGAAGCTC-E15S,E15S,neutrophil,0.0,0.05816626665388516,0.24365431503808246,0.5341465020206266,-0.07239932907599098,0.07239932907599098,1,-0.5932351407665757,partial,CAATTGGTCGAAGCTC,9.5217,-2.9633
GTCCTAAAGGTAGCGA-E15S,E15S,neutrophil,0.017577889829936723,0.04199162570484884,-0.3352898972333452,0.9980808728646072,-0.7817764059467376,0.7817764059467376,0,-0.5932351407665757,reverted,GTCCTAAAGGTAGCGA,10.7959,-4.2701
TAACCTAGTGCACGTC-E15S,E15S,neutrophil,0.0,0.12079252961762857,-0.20325226523059267,0.9923003046166301,-0.8093759310758406,0.8093759310758406,0,-0.5932351407665757,reverted,TAACCTAGTGCACGTC,12.4688,-4.6719
TAGGCAAGTGGGTAGT-E15S,E15S,neutrophil,0.03708278832462555,0.0671670000293162,0.47879909534496395,0.08724420812502855,0.4675689316626449,-0.4675689316626449,1,-0.5932351407665757,persistent,TAGGCAAGTGGGTAGT,9.897,-3.0337
TATACAGCACCTAACC-E15S,E15S,neutrophil,0.0,0.014211415370932635,-0.3046022998680297,0.9973478171363689,-1.3035130152690462,1.3035130152690462,1,-0.5932351407665757,reverted,TATACAGCACCTAACC,9.0675,-2.7249
CATGCAATCCAATTCC-E15S,E15S,neutrophil,0.040642285951875724,0.06472660355298726,-0.06759703527849871,0.9684921118608846,-1.0418014691133517,1.0418014691133517,0,1.7629625144887815,memory,CATGCAATCCAATTCC,10.8381,-2.0582
AGTTATCAGTGAGATA-E15S,E15S,neutrophil,0.0,0.07577247061109577,-0.0670383164857912,0.9683114678067223,-0.7115996714468563,0.7115996714468563,0,-0.5932351407665757,reverted,AGTTATCAGTGAGATA,10.5234,-3.3381
GGGTAATAGCTTACTC-E15S,E15S,neutrophil,0.0,0.05277265382420424,0.2068530679572852,0.6284664529310141,0.039834672900561516,-0.039834672900561516,2,-0.5932351407665757,partial,GGGTAATAGCTTACTC,9.911,-2.6543
GCTCGATAGATTCGCA-E15S,E15S,neutrophil,0.056419909716706684,0.0599026201930466,0.02155369284782145,0.9229790874066304,-2.487508380812722,2.487508380812722,0,-0.5932351407665757,inducing,GCTCGATAGATTCGCA,9.9474,-2.1523
ACACACGCATAAGTTG-E15S,E15S,neutrophil,0.041796965628393155,0.1479306676867663,0.5858667775428279,0.02991447439322863,0.313798345242789,-0.313798345242789,1,-0.5932351407665757,persistent,ACACACGCATAAGTTG,9.0751,-2.4992
AGAGACTAGTGATACT-E15S,E15S,neutrophil,0.01730215916073194,0.10327932843425915,-0.5865618528526647,0.9998648406365543,0.10182196886846608,-0.10182196886846608,1,-0.5932351407665757,reverted,AGAGACTAGTGATACT,12.775,-4.497
CACATCAAGTGAACGG-E15S,E15S,neutrophil,0.01964290503996339,0.09230187933997759,-0.08974807225385767,0.9749020737843467,-0.42001721117180035,0.42001721117180035,0,-0.5932351407665757,reverted,CACATCAAGTGAACGG,11.1882,-3.996
TGCTCAAAGCCTGAGT-E15S,E15S,neutrophil,0.03945382541645371,0.04553774151502289,-0.052536725224542904,0.963257056687823,-0.17874056056248278,0.17874056056248278,1,1.694062651665105,memory,TGCTCAAAGCCTGAGT,10.6002,-4.1454
GGTGAACGTGGCGAAT-E15S,E15S,neutrophil,0.043312537922287016,0.04326185931315938,-0.7002796151412058,0.9999593499824321,-0.1406142330201185,0.1406142330201185,0,-0.5932351407665757,reverted,GGTGAACGTGGCGAAT,11.8639,-4.6257
GTGATTGTCTGGCCGA-E15S,E15S,neutrophil,0.028917644983616694,0.037910367000967164,0.6366331629713049,0.017715466423753917,-0.2289690015137448,0.2289690015137448,1,1.57391842301013,persistent,GTGATTGTCTGGCCGA,10.3387,-2.6528
GTGAGTGAGATTCAGT-E15S,E15S,neutrophil,0.0,0.04134193623285866,-0.1153061602320774,0.9807272148171818,-0.5481346672903532,0.5481346672903532,0,-0.5932351407665757,reverted,GTGAGTGAGATTCAGT,10.5964,-4.1512
GTCTCCGCAATTGCCC-E15S,E15S,neutrophil,0.04475734176930507,0.05558269166378537,0.6402378867698333,0.017064709823486977,0.6191199368059866,-0.6191199368059866,1,1.4301030321344854,persistent,GTCTCCGCAATTGCCC,9.8114,-2.0092
CTACATTCAATTCGCC-E15S,E15S,neutrophil,0.017465732481117678,0.03566833258137651,-0.674937617560186,0.9999468694496132,-0.339932405779744,0.339932405779744,0,3.3757048285763616,memory,CTACATTCAATTCGCC,8.8386,-2.7627
TCTCGAGGTGGGTCCT-E15S,E15S,neutrophil,0.06468259289911392,0.028984766385291367,0.5032640926407732,0.06873687488323141,-0.596626678344564,0.596626678344564,0,-0.5932351407665757,persistent,TCTCGAGGTGGGTCCT,10.0193,-3.4867
ACTGCTGGTGGAGCTG-E15S,E15S,neutrophil,0.05031215616183161,0.10937273308582564,-0.18237059325574095,0.9904176875899308,0.2352127540964185,-0.2352127540964185,1,-0.5932351407665757,reverted,ACTGCTGGTGGAGCTG,12.8182,-4.5869
CCGGCTAAGATTGGTT-E15S,E15S,neutrophil,0.04963530285278108,0.015590823079591962,-0.709221990270174,0.9999630148243476,-0.19012161626216742,0.19012161626216742,0,-0.5932351407665757,reverted,CCGGCTAAGATTGGTT,10.9128,-4.3349
CCAGTATGTGATGGTA-E15S,E15S,neutrophil,0.0,0.06337742451191695,-0.49070358487930626,0.9996279371734071,-1.2779340367949097,1.2779340367949097,0,-0.5932351407665757,reverted,CCAGTATGTGATGGTA,12.2201,-4.7416
CTGTGAATCCTGTACT-E15S,E15S,neutrophil,0.018424586033946155,0.06200244330576041,-0.36404045796287127,0.9985829277731147,-1.219766028769811,1.219766028769811,0,-0.5932351407665757,reverted,CTGTGAATCCTGTACT,12.5516,-4.4756
TGTACGATCCGCCATC-E15S,E15S,neutrophil,0.0,0.040684887971426595,-0.35150135867895793,0.998382500890952,-0.34628208795832394,0.34628208795832394,1,-0.5932351407665757,reverted,TGTACGATCCGCCATC,12.2035,-4.3474
TAATGTCAGGCACGAA-E15S,E15S,neutrophil,0.029341106224251973,0.08232087241600058,-0.5033454742711005,0.999674444104948,-0.4500752803558979,0.4500752803558979,0,-0.5932351407665757,reverted,TAATGTCAGGCACGAA,11.0645,-4.1749
GTCCTTTAGGTAGCCT-E15S,E15S,neutrophil,0.017086531706585945,0.056334403253515575,0.3323581058673801,0.3099289492958529,-1.1707186606379807,1.1707186606379807,0,-0.5932351407665757,partial,GTCCTTTAGGTAGCCT,12.8607,-4.5329
ATTACAGCAACGGTCA-E15S,E15S,neutrophil,0.042418666744750214,0.04687011962237579,-0.35869593407536965,0.9985007256553597,-1.0482264113574022,1.0482264113574022,0,-0.5932351407665757,reverted,ATTACAGCAACGGTCA,9.7809,-3.6718
CCACCATCAATATCCT-E15S,E15S,neutrophil,0.0,0.0,0.2330299871679019,0.5619442193338512,-0.28791746366245935,0.28791746366245935,1,-0.5932351407665757,partial,CCACCATCAATATCCT,9.6627,-1.984
CACACACAGATTCGTG-E15S,E15S,neutrophil,0.02070952582729476,0.047406191704407304,-0.209875067159357,0.9928169484627875,-0.9223242132162583,0.9223242132162583,0,-0.5932351407665757,reverted,CACACACAGATTCGTG,9.3789,-3.0993
GTAGTGAGTTGCATCG-E15S,E15S,neutrophil,0.0,0.08424453197641253,-0.3766778540289481,0.9987598374390672,-0.2033198176874359,0.2033198176874359,0,-0.5932351407665757,reverted,GTAGTGAGTTGCATCG,11.8193,-4.5365
AATCCCAAGCTTCCTG-E15S,E15S,neutrophil,0.019776685536954552,0.0787405072304672,-0.3170426965660736,0.9976737357459153,-1.444092170062593,1.444092170062593,0,-0.5932351407665757,reverted,AATCCCAAGCTTCCTG,11.0008,-2.8835
TACTACCTCCGTCCTA-E15S,E15S,neutrophil,0.0,0.06743600113330299,-0.6018509131294002,0.999885000309395,-0.4937613822524359,0.4937613822524359,0,-0.5932351407665757,reverted,TACTACCTCCGTCCTA,12.3579,-4.4494
AAACGATGTTATGGTC-E15S,E15S,neutrophil,0.018271227668123304,0.06157297015867295,-0.27772052296610944,0.9964796974276017,-1.0419071944383276,1.0419071944383276,0,-0.5932351407665757,reverted,AAACGATGTTATGGTC,11.1519,-4.2654
GGGTTAAGTAATGACG-E15S,E15S,neutrophil,0.017215974469015752,0.02741803341361768,-0.24858442729123886,0.9952166904152516,-0.48745226398830593,0.48745226398830593,0,1.4029241660629104,memory,GGGTTAAGTAATGACG,10.4954,-2.5835
TATGACTAGTGAGGAT-E15S,E15S,neutrophil,0.0,0.05948798549002828,-0.6700679845052102,0.9999440643358055,-0.7086518213435685,0.7086518213435685,0,-0.5932351407665757,reverted,TATGACTAGTGAGGAT,10.4535,-3.9257
TCAGTAACAACGGGCT-E15S,E15S,neutrophil,0.02752983780832738,0.0561256000212202,-0.19212233058347963,0.9913477446566347,-0.4919465652925983,0.4919465652925983,0,-0.5932351407665757,reverted,TCAGTAACAACGGGCT,9.8352,-3.0645
CTACGTTTCGCGTTAA-E15S,E15S,neutrophil,0.0,0.029085178316753404,0.205044797008432,0.6329166500934438,-0.6910118497175562,0.6910118497175562,1,3.509501082795666,partial,CTACGTTTCGCGTTAA,9.8643,-2.0518
GGACAATAGAAGGGTT-E15S,E15S,neutrophil,0.018271227668123304,0.043647932762739004,-0.5269315865983477,0.9997462388484454,-0.5356314527378339,0.5356314527378339,0,-0.5932351407665757,reverted,GGACAATAGAAGGGTT,12.427,-4.7677
AAGGTATGTTGTCCTC-E15S,E15S,neutrophil,0.0,0.06924295180337588,-0.47428258464078915,0.9995574746856178,-0.31719726797142456,0.31719726797142456,0,-0.5932351407665757,reverted,AAGGTATGTTGTCCTC,12.0867,-4.8551
CTCTATATCCCTGGTC-E15S,E15S,neutrophil,0.038590681646771194,0.10134436763342879,0.4013937304699151,0.17801026210046822,-0.44269727919550633,0.44269727919550633,1,-0.5932351407665757,persistent,CTCTATATCCCTGGTC,9.9769,-2.5421
ACTAATGCATTGGGCA-E15S,E15S,neutrophil,0.020174252294128572,0.07272952203180899,-0.7935148341157074,0.9999848212728402,-0.19252575874481104,0.19252575874481104,0,-0.5932351407665757,reverted,ACTAATGCATTGGGCA,10.8865,-2.5776
GCGAATTCATCATATC-E15S,E15S,neutrophil,0.0,0.04048754761127403,0.257713180603626,0.4970630321880883,-0.28837069752644123,0.28837069752644123,0,-0.5932351407665757,partial,GCGAATTCATCATATC,9.2007,-2.9804
TCAGTATAGCCTCTCA-E15S,E15S,neutrophil,0.0731646626081344,0.04241459392722734,-0.3158930077214526,0.9976453716114269,-0.9733148886204163,0.9733148886204163,0,-0.5932351407665757,reverted,TCAGTATAGCCTCTCA,10.8854,-1.0248
CAATCCTTCGTTAGCA-E15S,E15S,neutrophil,0.0,0.06669939953682788,0.11604173329870325,0.815351061672784,-0.1379802464679718,0.1379802464679718,1,-0.5932351407665757,reverted,CAATCCTTCGTTAGCA,10.228,-2.6204
CTTGTCCGTAACTCTA-E15S,E15S,neutrophil,0.018203926091219038,0.02899143784897847,-0.7935148341157074,0.9999848212728402,-0.28941041949734053,0.28941041949734053,0,-0.5932351407665757,reverted,CTTGTCCGTAACTCTA,10.7107,-4.2417
GTAGTGAGTCATTACA-E15S,E15S,neutrophil,0.0,0.05743529002093345,-0.31905632969428277,0.9977225954463028,-1.1913237709073918,1.1913237709073918,0,-0.5932351407665757,reverted,GTAGTGAGTCATTACA,12.8193,-4.8141
GTTGATTAGTTACCGA-E15S,E15S,neutrophil,0.0,0.08420546221760541,0.22782609332403017,0.57543008438325,-2.134739716377002,2.134739716377002,0,-0.5932351407665757,inducing,GTTGATTAGTTACCGA,9.5343,-2.9831
CCTAGCGAGGTAACGG-E15S,E15S,neutrophil,0.017952044563122726,0.09914755115568472,0.9456303499009908,0.000688484686392539,-0.19489474220413605,0.19489474220413605,1,-0.5932351407665757,persistent,CCTAGCGAGGTAACGG,9.9188,-2.6847
TGCCATTTCCTGTGAA-E15S,E15S,neutrophil,0.019712032564012102,0.05546156396330929,0.019683210177009115,0.924372366820415,-0.563884669715412,0.563884669715412,0,-0.5932351407665757,reverted,TGCCATTTCCTGTGAA,9.2629,-3.2392
GTCTGGACAGGAGCAG-E15S,E15S,neutrophil,0.018459034143226385,0.08719590272411633,-0.16827918178961876,0.9888963647488169,0.13819815847664252,-0.13819815847664252,1,-0.5932351407665757,reverted,GTCTGGACAGGAGCAG,12.6392,-4.7457
GTACTAACATCATCGC-E15S,E15S,neutrophil,0.017539044903047196,0.055865105987483656,0.014640762540827884,0.9280137955888199,-0.7279683941088916,0.7279683941088916,0,-0.5932351407665757,reverted,GTACTAACATCATCGC,9.358,-2.8448
GCCAACTAGTTAGCCA-E15S,E15S,neutrophil,0.019047681305522417,0.03856002422312916,-0.43624758044509876,0.9993387319285558,-0.5961641329743157,0.5961641329743157,0,-0.5932351407665757,reverted,GCCAACTAGTTAGCCA,11.2849,-4.5938
AGTCACGCAAGTGTCG-E15S,E15S,neutrophil,0.033731446222000395,0.11159138991950657,0.4879802120325666,0.0798221810882262,0.6416560858630983,-0.6416560858630983,2,-0.5932351407665757,persistent,AGTCACGCAAGTGTCG,9.1302,-2.9979
TGGTAGTCAGGATCTG-E15S,E15S,neutrophil,0.03862861721910382,0.04613973723392956,-0.03779170258243858,0.9573269411683192,-0.654891557268136,0.654891557268136,1,-0.5932351407665757,reverted,TGGTAGTCAGGATCTG,9.5171,-2.7098
TCTCGCGCAAAGGTAG-E15S,E15S,neutrophil,0.03857174337046119,0.07798528664558954,2.9425374404599847,4.729492766531808e-13,-0.2202742742441432,0.2202742742441432,1,2.848293529245678,persistent,TCTCGCGCAAAGGTAG,10.0786,-3.5899
TCCTTAATCCTGATAG-E15S,E15S,neutrophil,0.0435930277813097,0.07130036182104599,-0.38149171556831135,0.9988212667136988,0.064549017469558,-0.064549017469558,1,-0.5932351407665757,reverted,TCCTTAATCCTGATAG,11.5114,-4.2497
GTCAACATCACCACGG-E15S,E15S,neutrophil,0.0,0.12089620317015967,0.13577390451854904,0.7818825542300536,-0.2237703009754357,0.2237703009754357,0,-0.5932351407665757,reverted,GTCAACATCACCACGG,9.7123,-2.7598
TGTATCCTCAGGACGA-E15S,E15S,neutrophil,0.018351830851622463,0.041514987993210524,-0.612024096530964,0.9998967192928527,-0.9975871547660409,0.9975871547660409,0,-0.5932351407665757,reverted,TGTATCCTCAGGACGA,10.2131,-3.8467
GCGATAAGTTGAGTGA-E15S,E15S,neutrophil,0.0,0.014719504619503691,-0.5976826817086848,0.9998798229486066,-0.26928324754481553,0.26928324754481553,0,-0.5932351407665757,reverted,GCGATAAGTTGAGTGA,9.0784,-3.0642
TCAATCCTCAGGTGAG-E15S,E15S,neutrophil,0.018309315158344885,0.09083897113830523,-0.5038422581599151,0.9996761479360777,-0.8887657848589243,0.8887657848589243,0,-0.5932351407665757,reverted,TCAATCCTCAGGTGAG,11.6077,-4.7305
TCTAAGGTCCAATGCA-E15S,E15S,neutrophil,0.0,0.09416729388033646,0.5882241086212044,0.02920006402131641,-0.7830689299444952,0.7830689299444952,0,-0.5932351407665757,persistent,TCTAAGGTCCAATGCA,10.0055,-2.1353
AAGCATGGTCAACTAC-E15S,E15S,neutrophil,0.022127230166019012,0.1052118471503066,-0.3401432825955031,0.9981766322621198,-0.5187859693143689,0.5187859693143689,0,-0.5932351407665757,reverted,AAGCATGGTCAACTAC,12.7689,-4.4192
ATCCACAAGCGCATAC-E15S,E15S,neutrophil,0.018017401507472733,0.07199044663708228,-0.6519614551691454,0.99993227162409,-0.4239118603072414,0.4239118603072414,0,-0.5932351407665757,reverted,ATCCACAAGCGCATAC,12.4102,-4.4895
TACAAGCCAGTTGCTC-E15S,E15S,neutrophil,0.03806772660077561,0.04546978455092643,0.5986202877010703,0.026242137306366965,-0.21739088496559955,0.21739088496559955,1,-0.5932351407665757,persistent,TACAAGCCAGTTGCTC,10.8074,-2.4601
AGACGGATCCGCTGAG-E15S,E15S,neutrophil,0.0,0.06303315206222833,1.305159591669827,1.5430643064322485e-05,0.1823273057489831,-0.1823273057489831,1,-0.5932351407665757,persistent,AGACGGATCCGCTGAG,9.2023,-2.5289
TGTGCCCTCTGGATCA-E15S,E15S,neutrophil,0.017013473060305564,0.027095531170116267,-0.18396197586208646,0.9905759581161547,-0.9778052641593528,0.9778052641593528,0,-0.5932351407665757,reverted,TGTGCCCTCTGGATCA,11.703,-4.4558
ATAGGGGTCCGGATGT-E15S,E15S,neutrophil,0.0,0.03667298429807112,-0.7935148341157074,0.9999848212728402,-0.30128118058810804,0.30128118058810804,0,-0.5932351407665757,reverted,ATAGGGGTCCGGATGT,10.7327,-4.2074
CACCTCTGTCAATCAC-E15S,E15S,neutrophil,0.0,0.04330776435625831,0.721651975852044,0.007291283791324609,-0.3054128530866186,0.3054128530866186,1,1.5087682031296283,persistent,CACCTCTGTCAATCAC,9.5556,-2.6253
CGATTTAGTGATGAAT-E15S,E15S,neutrophil,0.017988746495230915,0.03662801772692026,-0.05327917925126093,0.963533700857839,-1.6431081300830932,1.6431081300830932,0,2.654381411803507,memory,CGATTTAGTGATGAAT,8.8581,-2.4348
TACATAGCATGAAGGA-E15S,E15S,neutrophil,0.021387389265629286,0.13419971941305806,-0.6483129600317257,0.9999296098860804,-0.39285950578536133,0.39285950578536133,0,-0.5932351407665757,reverted,TACATAGCATGAAGGA,12.8735,-4.6168
TGCTCAAAGGTGACGA-E15S,E15S,neutrophil,0.03586344482214898,0.04283689242645573,0.9628139197709016,0.0005742383750192373,1.5657170021328106,-1.5657170021328106,2,-0.5932351407665757,persistent,TGCTCAAAGGTGACGA,11.3045,-2.8042
ATGCCCTCACTTGCGT-E15S,E15S,neutrophil,0.07857162015985356,0.0312831450636454,-0.2673161929358509,0.9960722339324584,-0.8660447393729196,0.8660447393729196,0,-0.5932351407665757,reverted,ATGCCCTCACTTGCGT,11.6107,-4.2738
CATATTCCAACATCCC-E15S,E15S,neutrophil,0.04042152624437771,0.07864752519500809,-0.7935148341157074,0.9999848212728402,-0.1483025806742416,0.1483025806742416,0,-0.5932351407665757,reverted,CATATTCCAACATCCC,12.0612,-4.0173
TCAGGTTGTAGGCTGG-E15S,E15S,neutrophil,0.0,0.0,-0.5856012677191215,0.9998634620247534,-0.31669875145716436,0.31669875145716436,0,1.762349701870105,memory,TCAGGTTGTAGGCTGG,11.296,-2.8982
ACAGGTTCACAATGAC-E15S,E15S,neutrophil,0.0,0.08051041528897941,-0.2435552260832097,0.9949569525164296,-1.2753781945151845,1.2753781945151845,0,-0.5932351407665757,reverted,ACAGGTTCACAATGAC,10.7468,-0.9659
ATCCAAGTCACTCGAA-E15S,E15S,neutrophil,0.020263165651846694,0.0730315028909667,0.03445630276838952,0.9127113892105979,-0.39039398490101535,0.39039398490101535,0,-0.5932351407665757,reverted,ATCCAAGTCACTCGAA,10.5335,-2.2385
AGGGAACCAAATCCTT-E15S,E15S,neutrophil,0.0,0.027115527447850365,0.5327385246232852,0.051286224509681295,-0.3983235408137521,0.3983235408137521,0,-0.5932351407665757,persistent,AGGGAACCAAATCCTT,11.9409,-4.7103
GGCTGTTAGCAACCTA-E15S,E15S,neutrophil,0.05433669657077189,0.042426560150589585,-0.1907516218074717,0.9912226300713151,-0.5926845690364881,0.5926845690364881,0,-0.5932351407665757,reverted,GGCTGTTAGCAACCTA,9.3764,-3.1722
CTACGAATCGTGCTCC-E15S,E15S,neutrophil,0.03980458030167467,0.08765339573390941,1.1033612450568173,0.00013011986166089874,1.2593136652260368,-1.2593136652260368,2,4.4176874911051,persistent,CTACGAATCGTGCTCC,9.6499,-2.3096
TCATCAAGTTTGGTCG-E15S,E15S,neutrophil,0.01746957503468725,0.027821915795983396,-0.5572406119528734,0.9998157643319145,-0.5473760720937887,0.5473760720937887,0,-0.5932351407665757,reverted,TCATCAAGTTTGGTCG,9.4485,-2.4651
TATAGGTTCATCACCT-E15S,E15S,neutrophil,0.0,0.06940227186720727,-0.40723957339743344,0.9991017730251508,-1.0501931387882248,1.0501931387882248,0,-0.5932351407665757,reverted,TATAGGTTCATCACCT,12.7315,-4.7237
TATCGCTTCAATCTCC-E15S,E15S,neutrophil,0.0,0.03631659526658635,-0.7168007836280309,0.999965860947564,-0.22295834994270525,0.22295834994270525,0,1.4728211189707028,memory,TATCGCTTCAATCTCC,10.7886,-4.0217
TGCCGTAGTAATGACG-E15S,E15S,neutrophil,0.0,0.062022914288674395,-0.5903850312020406,0.9998701910265978,-0.3882977340794156,0.3882977340794156,0,-0.5932351407665757,reverted,TGCCGTAGTAATGACG,11.6756,-3.6753
TGTACTTCACTAGCAG-E15S,E15S,neutrophil,0.0,0.07556297642713873,0.5228371315908972,0.05662217619830954,0.9441167378854785,-0.9441167378854785,1,-0.5932351407665757,persistent,TGTACTTCACTAGCAG,9.162,-2.4622
AAGCATTTCCTGCCTA-E15S,E15S,neutrophil,0.03861306847739694,0.024920060028618005,0.7752564915625342,0.004151412039133859,-1.1978282097732393,1.1978282097732393,0,-0.5932351407665757,persistent,AAGCATTTCCTGCCTA,9.2829,-3.275
TGGACAAGTAAGCCAA-E15S,E15S,neutrophil,0.030422313700076625,0.06427033068836499,0.01883211151709535,0.9249986398215435,-0.8841808188962841,0.8841808188962841,0,-0.5932351407665757,reverted,TGGACAAGTAAGCCAA,9.5897,-2.2671
CCGAATGCAGGTAACT-E15S,E15S,neutrophil,0.018313557407460157,0.06638820701337493,-0.31037348954099564,0.9975043202481366,-0.679737117526331,0.679737117526331,0,-0.5932351407665757,reverted,CCGAATGCAGGTAACT,10.2683,-2.4517
ACATTGGTCCGTATAG-E15S,E15S,neutrophil,0.03474048034545481,0.06315642367541853,-0.36624753036526453,0.9986155464477016,-0.9736218967412794,0.9736218967412794,0,-0.5932351407665757,reverted,ACATTGGTCCGTATAG,11.4572,-4.3141
CAAGGATAGGTGACAG-E15S,E15S,neutrophil,0.03697857519620134,0.07923694277312406,0.5860476674987691,0.02985905915985456,-0.9515979847718856,0.9515979847718856,0,-0.5932351407665757,persistent,CAAGGATAGGTGACAG,9.6803,-3.4478
CGAGGGACAACCAAGT-E15S,E15S,neutrophil,0.019243381795207095,0.015323433651738983,-0.2033626382638531,0.9923092098191479,-1.197939203047187,1.197939203047187,1,1.6379981672584123,memory,CGAGGGACAACCAAGT,10.4538,-4.0795
ACATTCCTCCCCAGTC-E15S,E15S,neutrophil,0.08001599531129437,0.07215102706952087,1.408601741995545,5.172668107128703e-06,-1.212937795373041,1.212937795373041,0,-0.5932351407665757,persistent,ACATTCCTCCCCAGTC,9.5278,-3.193
ACACCAGCAGGTTCGA-E15S,E15S,neutrophil,0.0,0.08794559681702642,-0.3140245303287924,0.9975985362828118,-0.8146060254992828,0.8146060254992828,0,-0.5932351407665757,reverted,ACACCAGCAGGTTCGA,12.4042,-4.8982
GGTACTTGTTATGCTA-E15S,E15S,neutrophil,0.017616915374571517,0.0789628368054662,-0.1404374821123059,0.9851550550361455,-0.6002658689652449,0.6002658689652449,0,-0.5932351407665757,reverted,GGTACTTGTTATGCTA,11.865,-4.6031
CATTGTGAGGCTTAAT-E15S,E15S,neutrophil,0.01889683750748885,0.07836854079087861,0.20457165995259285,0.6340773561603207,1.4144652669340758,-1.4144652669340758,2,1.5978170200104096,partial,CATTGTGAGGCTTAAT,8.8256,-2.6749
GTCCGCTTCCTGAATG-E15S,E15S,neutrophil,0.018241718991145576,0.014525813270727035,-0.6013618233260458,0.9998844045495969,-0.3281388031843162,0.3281388031843162,0,-0.5932351407665757,reverted,GTCCGCTTCCTGAATG,10.8638,-4.2952
GTAAGCGAGTGGGTCT-E15S,E15S,neutrophil,0.019545036952227104,0.015563640536032694,0.29437532475491207,0.40152312047856525,-0.6834903648847855,0.6834903648847855,0,-0.5932351407665757,partial,GTAAGCGAGTGGGTCT,9.4554,-3.1466
AGTGAGGTCCCGGCAA-E15S,E15S,neutrophil,0.018933173883181394,0.01507641624031111,1.1212670299551015,0.00010769301185900644,-1.4890112148174752,1.4890112148174752,0,1.6020301532632308,persistent,AGTGAGGTCCCGGCAA,9.8107,-2.0679
ACTCCACCATGATAGC-E15S,E15S,neutrophil,0.0,0.030975756358270153,0.10679095055618913,0.8296157971147189,-1.0485836738999834,1.0485836738999834,0,-0.5932351407665757,reverted,ACTCCACCATGATAGC,10.9605,-2.4833
AAGCTCTGTTCCCTGT-E15S,E15S,neutrophil,0.0,0.07117337378944745,-0.7152122894619981,0.9999652831373594,-0.18692643133046133,0.18692643133046133,0,-0.5932351407665757,reverted,AAGCTCTGTTCCCTGT,12.0306,-4.1558
TGACATTAGGGTCCTG-E15S,E15S,neutrophil,0.0,0.039156571479614564,-0.019779563526262617,0.9488389057539168,-2.5280666808086316,2.5280666808086316,0,-0.5932351407665757,inducing,TGACATTAGGGTCCTG,10.1214,-2.9286
AAATGTGAGGTTCAGC-E15S,E15S,neutrophil,0.03503164820016547,0.04912826480627164,0.40397912757344356,0.17404819283926304,0.06614284118283655,-0.06614284118283655,1,-0.5932351407665757,persistent,AAATGTGAGGTTCAGC,10.2091,-2.5834
AGAGTATGTTTCACGG-E15S,E15S,neutrophil,0.020491828188480065,0.06331132833770373,-0.2400857829025737,0.9947696371476188,-1.0199977359954366,1.0199977359954366,0,-0.5932351407665757,reverted,AGAGTATGTTTCACGG,9.9031,-2.6687
GTTCCAGGTTGAAGTG-E15S,E15S,neutrophil,0.02206400827919925,0.12311904019419366,0.3781318286262547,0.21685314936065672,0.1470233092546892,-0.1470233092546892,2,-0.5932351407665757,persistent,GTTCCAGGTTGAAGTG,9.7177,-2.1092
TAAGGGGTCACTGGTA-E15S,E15S,neutrophil,0.0,0.056950060434142045,-0.2734341493516534,0.9963171976182726,-0.3647415777409335,0.3647415777409335,0,-0.5932351407665757,reverted,TAAGGGGTCACTGGTA,12.8894,-4.6365
TACGAAGGTGAGGTTA-E15S,E15S,neutrophil,0.0,0.027620119100143732,-0.15242099194885678,0.9868974367945726,-0.16894809595876695,0.16894809595876695,1,-0.5932351407665757,reverted,TACGAAGGTGAGGTTA,9.8019,-2.79
TCGTCACCAAGTTAGC-E15S,E15S,neutrophil,0.04818879760760579,0.09209109460076471,-0.05290165941067339,0.9633932853664996,-0.02148640362803715,0.02148640362803715,1,-0.5932351407665757,reverted,TCGTCACCAAGTTAGC,11.1126,-1.9823
GCACGAAAGTGCCATA-E15S,E15S,neutrophil,0.020715031418829525,0.0639119139270638,-0.580287385729097,0.9998555776858179,-0.4526879083753734,0.4526879083753734,0,-0.5932351407665757,reverted,GCACGAAAGTGCCATA,13.0727,-4.734
CCAAGTCAGCCAGTAC-E15S,E15S,neutrophil,0.0,0.05321937815959385,-0.40171128189051913,0.9990477943056374,-0.09568375072762078,0.09568375072762078,1,-0.5932351407665757,reverted,CCAAGTCAGCCAGTAC,12.479,-4.4055
ACTTGGGCACCATCAC-E15S,E15S,neutrophil,0.02134620389129604,0.05099370929587387,0.23993275911516818,0.5439168300873634,-0.640599300152127,0.640599300152127,0,-0.5932351407665757,partial,ACTTGGGCACCATCAC,9.2514,-3.0887
TGCTAACGTTTGCCTC-E15S,E15S,neutrophil,0.0229517535626102,0.03655279271082365,-0.3120877162764394,0.9975490068837077,-0.28413797571812094,0.28413797571812094,0,-0.5932351407665757,reverted,TGCTAACGTTTGCCTC,12.799,-4.7127
TCAGTCAAGGTGCAAG-E15S,E15S,neutrophil,0.024916788932503604,0.03968229348509834,-0.20882529335034042,0.9927374125269114,-0.7540585441143688,0.7540585441143688,0,-0.5932351407665757,reverted,TCAGTCAAGGTGCAAG,10.0104,-2.1314
GCCATATGTCATGCTG-E15S,E15S,neutrophil,0.0,0.0796268091194616,1.854995415095412,4.627132205586406e-08,1.4693790918918155,-1.4693790918918155,2,-0.5932351407665757,persistent,GCCATATGTCATGCTG,9.1392,-2.0968
AGGCTCCGTCATCACG-E15S,E15S,neutrophil,0.0,0.04557571687382826,-0.4141506329412347,0.9991649736251926,-0.685928041749421,0.685928041749421,0,-0.5932351407665757,reverted,AGGCTCCGTCATCACG,12.6166,-4.6326
AACAGCTCAATATGCA-E15S,E15S,neutrophil,0.023479170404456882,0.08256832927431107,0.19735217061211804,0.6515888761087799,0.9089641186898076,-0.9089641186898076,2,-0.5932351407665757,partial,AACAGCTCAATATGCA,10.4545,-3.6958
GTAACCTGTTATCGAC-E15S,E15S,neutrophil,0.06052275688238572,0.05666483964944735,-0.47661040765900403,0.9995682216051122,-1.1102254020670563,1.1102254020670563,0,-0.5932351407665757,reverted,GTAACCTGTTATCGAC,10.5013,-4.1899
TGATGAAAGTATGACT-E15S,E15S,neutrophil,0.0,0.0279421806501966,0.22540497110156638,0.5816675922529134,-1.0267403487884168,1.0267403487884168,0,-0.5932351407665757,partial,TGATGAAAGTATGACT,9.06,-2.6014
GCTGGATTCTAGTGAT-E15S,E15S,neutrophil,0.09840520723255507,0.05876977654166483,0.2770132048073595,0.44628968168548344,-0.30363086929018,0.30363086929018,0,-0.5932351407665757,partial,GCTGGATTCTAGTGAT,9.0397,-2.9543
GTGTTCAAGGTAGCAG-E15S,E15S,neutrophil,0.09317307959363433,0.13126472109862106,-0.17611871922856426,0.9897700209534254,0.10656024902366103,-0.10656024902366103,1,-0.5932351407665757,reverted,GTGTTCAAGGTAGCAG,11.1534,-0.6821
AACCTAGTCTCACCGC-E15S,E15S,neutrophil,0.046291267410404215,0.01843078239488316,-0.05838882695169216,0.9653839294505757,-0.45931720038938195,0.45931720038938195,1,2.0904568115105153,memory,AACCTAGTCTCACCGC,9.8483,-3.7171
GTATCCGGTCTAATCA-E15S,E15S,neutrophil,0.0,0.03218751163904151,-0.31411621806093576,0.997600856064915,-1.034493986431383,1.034493986431383,0,-0.5932351407665757,reverted,GTATCCGGTCTAATCA,10.2451,-3.5284
AAGGGGTCACAACGGC-E15S,E15S,neutrophil,0.0,0.08615418459642318,-0.6030672379427706,0.9998864686359814,-1.025963858149076,1.025963858149076,0,-0.5932351407665757,reverted,AAGGGGTCACAACGGC,11.8152,-4.2134
CGGCTTGAGTCGAGGA-E15S,E15S,neutrophil,0.020809106025602448,0.05831352792445701,-0.5626510153617602,0.9998259993073048,-0.5398158639062455,0.5398158639062455,0,-0.5932351407665757,reverted,CGGCTTGAGTCGAGGA,9.8961,-1.8855
CATGTTGAGTGATAGA-E15S,E15S,neutrophil,0.0,0.06523785347809327,-0.7935148341157074,0.9999848212728402,-0.24001067608332893,0.24001067608332893,0,-0.5932351407665757,reverted,CATGTTGAGTGATAGA,11.8669,-4.1399
GTCAAAGGTGGCTCAC-E15S,E15S,neutrophil,0.0,0.034927594892251175,-0.1911917844637993,0.9912630011588792,-0.22084950411716278,0.22084950411716278,0,-0.5932351407665757,reverted,GTCAAAGGTGGCTCAC,9.6849,-2.2506
CTAATTGGTTCGTCCT-E15S,E15S,neutrophil,0.023371596820770252,0.08353543616604499,-0.23837274827872865,0.994674614141046,1.0960949137948948,-1.0960949137948948,1,-0.5932351407665757,reverted,CTAATTGGTTCGTCCT,9.8629,-2.1662
TAAACGAAGCCCTACC-E15S,E15S,neutrophil,0.02066559305349774,0.0,0.1482925014365114,0.7584862961864876,-0.8719203320533333,0.8719203320533333,1,-0.5932351407665757,reverted,TAAACGAAGCCCTACC,9.051,-2.6016
TGTCACCCAATTGGTA-E15S,E15S,neutrophil,0.0,0.07400917652504893,-0.4355147287725967,0.9993335950401606,-0.5986639503920522,0.5986639503920522,0,-0.5932351407665757,reverted,TGTCACCCAATTGGTA,12.0049,-4.1886
ATGGCGAAGTGATAGA-E15S,E15S,neutrophil,0.0,0.06654607607883521,-0.7232184771002983,0.9999680990942291,-0.5712785696719991,0.5712785696719991,0,-0.5932351407665757,reverted,ATGGCGAAGTGATAGA,12.9118,-4.7588
CCTAGTAAGATAGTTC-E15S,E15S,neutrophil,0.0,0.05880791883611036,-0.16012763327289253,0.9879096920580613,0.18379934774152706,-0.18379934774152706,1,2.2610900334493795,memory,CCTAGTAAGATAGTTC,9.1814,-3.0584
TGTAAGCCAGCCAGAC-E15S,E15S,neutrophil,0.019224560817509617,0.061233786307623224,0.12909488015132048,0.793678350070872,-0.8616184349477062,0.8616184349477062,0,2.839197462420675,memory,TGTAAGCCAGCCAGAC,10.872,-2.8772
ACATCCGGTAAGTCGA-E15S,E15S,neutrophil,0.04259868410200866,0.20141545044390005,-0.6696019391177179,0.9999437882298328,-0.48266002626393,0.48266002626393,0,-0.5932351407665757,reverted,ACATCCGGTAAGTCGA,10.8849,-0.9394
CGGTGCATCCCGGCTT-E15S,E15S,neutrophil,0.0,0.033426420042770764,-0.3361553882927177,0.9980983097478656,-0.7657934423982293,0.7657934423982293,0,-0.5932351407665757,reverted,CGGTGCATCCCGGCTT,10.8391,-0.7509
GTTGGTTGTTGGTGAA-E15S,E15S,neutrophil,0.020050128475326456,0.06386337218066945,-0.7232545066130824,0.9999681112358974,-0.5458105623295078,0.5458105623295078,0,1.7315389015730651,memory,GTTGGTTGTTGGTGAA,12.1198,-4.8165
GCCTAAATCGCTTCCA-E15S,E15S,neutrophil,0.05426503628707224,0.04321104741377974,0.8630974912599494,0.0016451440624276328,1.86700827435474,-1.86700827435474,1,-0.5932351407665757,reverting,GCCTAAATCGCTTCCA,9.596,-2.2719
ATTCCGGGTCTGTCGA-E15S,E15S,neutrophil,0.0,0.03495217658564556,-0.7076678901901542,0.9999624025100416,-0.21221780402884094,0.21221780402884094,0,-0.5932351407665757,reverted,ATTCCGGGTCTGTCGA,12.5604,-4.3962
CTGCCTGCAAGTTCAA-E15S,E15S,neutrophil,0.02302750087141171,0.10349606341754836,-0.5657839798115252,0.9998316640264096,-0.8738202491147358,0.8738202491147358,0,-0.5932351407665757,reverted,CTGCCTGCAAGTTCAA,11.4735,-2.7644
GGTCTAGCAAGCGATT-E15S,E15S,neutrophil,0.0,0.10052077917481116,0.32074670094791513,0.336760408700353,-0.5223422141586115,0.5223422141586115,0,-0.5932351407665757,partial,GGTCTAGCAAGCGATT,11.3115,-3.3373
GCGTACCGTTCACTGG-E15S,E15S,neutrophil,0.05169511975351796,0.0,-0.1605568145305925,0.987963736152861,-0.5563029953116719,0.5563029953116719,0,-0.5932351407665757,reverted,GCGTACCGTTCACTGG,9.006,-3.0795
CCTGCAAGTTCGGGCT-E15S,E15S,neutrophil,0.023236858880951235,0.0555102739933835,0.01100224328484005,0.9305401897631904,-0.8963260339477798,0.8963260339477798,0,-0.5932351407665757,reverted,CCTGCAAGTTCGGGCT,9.5839,-3.2049
CGATTTGAGGCTCTCC-E15S,E15S,neutrophil,0.0,0.13090004099313066,-0.7167671079158313,0.9999658487984626,-0.503830536236231,0.503830536236231,0,-0.5932351407665757,reverted,CGATTTGAGGCTCTCC,10.5936,-0.4226
CATATAGCAATTACAG-E15S,E15S,neutrophil,0.041886957978180296,0.11732382264119413,-0.6566882148769043,0.9999355709085913,0.016025792702778263,-0.016025792702778263,0,-0.5932351407665757,reverted,CATATAGCAATTACAG,11.7724,-4.6711
CGTAAATTCCTGTGAA-E15S,E15S,neutrophil,0.02120048705894872,0.06809080567713757,-0.3692415027148929,0.9986585996492515,-0.8152596109894413,0.8152596109894413,0,-0.5932351407665757,reverted,CGTAAATTCCTGTGAA,12.3027,-4.3853
AGCACTTGTAGGCGCA-E15S,E15S,neutrophil,0.0613787782689761,0.0,-0.31743686256212295,0.9976833815925932,-0.5743667029302146,0.5743667029302146,0,-0.5932351407665757,reverted,AGCACTTGTAGGCGCA,10.7745,-4.4134
GTACTAACATAAGTGC-E15S,E15S,neutrophil,0.023912927785506653,0.03808355165839949,0.4052206439292609,0.17217047239299257,0.47288834144151515,-0.47288834144151515,2,-0.5932351407665757,persistent,GTACTAACATAAGTGC,9.6704,-2.6624
CTACATAGTGGCAGTG-E15S,E15S,neutrophil,0.04343401342042303,0.14740448812010845,-0.2796445982864743,0.9965502979070799,-1.6840060418445069,1.6840060418445069,0,-0.5932351407665757,reverted,CTACATAGTGGCAGTG,10.2136,-2.9561
GGATGGATCCGGGTTG-E15S,E15S,neutrophil,0.020502597361701617,0.12282267497203979,-0.39264419964127595,0.9989521572905986,-0.11941761105064914,0.11941761105064914,0,-0.5932351407665757,reverted,GGATGGATCCGGGTTG,11.6532,-4.2115
TGTAAGCCACATGACG-E15S,E15S,neutrophil,0.023727025181204967,0.07651584397651343,0.2485415325055694,0.5212772092070472,-0.6936212586101903,0.6936212586101903,0,-0.5932351407665757,partial,TGTAAGCCACATGACG,12.7046,-4.3875
CTTGACCCATGGATCG-E15S,E15S,neutrophil,0.020753658056816705,0.0912218342231162,-0.016157890768711866,0.9469490652191664,-0.731943164101779,0.731943164101779,0,-0.5932351407665757,reverted,CTTGACCCATGGATCG,10.7489,-3.5397
ACGACGAAGTCGCAGT-E15S,E15S,neutrophil,0.01962324849789485,0.0396042281331548,0.23293003435619614,0.5622041770179481,-0.0820433177767321,0.0820433177767321,1,-0.5932351407665757,partial,ACGACGAAGTCGCAGT,9.2112,-3.2171
GCCCTCACATAACCTT-E15S,E15S,neutrophil,0.022390564959059903,0.0996552313392869,-0.39811199899992056,0.9990109207681939,0.20447950641713214,-0.20447950641713214,1,-0.5932351407665757,reverted,GCCCTCACATAACCTT,10.5504,-4.1858
TCTATCTGTTGAGGCG-E15S,E15S,neutrophil,0.04011053586443701,0.024415460200975205,-0.06986804646123855,0.9692161684605357,-0.337979481705412,0.337979481705412,1,-0.5932351407665757,reverted,TCTATCTGTTGAGGCG,9.7451,-3.5036
AGGACAACAACTGTAA-E15S,E15S,neutrophil,0.04921856450403375,0.05878884093537365,-0.19470740639006373,0.9915789115754906,-0.48595680339308284,0.48595680339308284,0,-0.5932351407665757,reverted,AGGACAACAACTGTAA,12.5327,-4.4378
CAGCAGCCAGTAATCA-E15S,E15S,neutrophil,0.0,0.07591697483544939,-0.4845993674022107,0.999603159066802,-0.2688373622452052,0.2688373622452052,1,-0.5932351407665757,reverted,CAGCAGCCAGTAATCA,10.3463,-3.9556
CGCAAATCAACATCAA-E15S,E15S,neutrophil,0.0,0.07518665812177769,-0.26465407703514604,0.9959606374577744,-0.16320991598889867,0.16320991598889867,0,-0.5932351407665757,reverted,CGCAAATCAACATCAA,12.4278,-4.3504
AACGGGGCACCAGGAC-E15S,E15S,neutrophil,0.0,0.09808117616333972,-0.1810938662188952,0.9902888103191345,-0.9369920563115424,0.9369920563115424,0,-0.5932351407665757,reverted,AACGGGGCACCAGGAC,12.4792,-4.4039
GCTAAAGGTGAGTTAG-E15S,E15S,neutrophil,0.0,0.05463318159788156,0.7832857036521775,0.003815031942529412,0.20910068424255962,-0.20910068424255962,1,1.762349701870105,persistent,GCTAAAGGTGAGTTAG,9.1822,-3.0875
TCTGATGAGGTACAGG-E15S,E15S,neutrophil,0.0,0.04512400822309583,-0.38591097926980644,0.9988749810233085,-1.0356484919861657,1.0356484919861657,0,-0.5932351407665757,reverted,TCTGATGAGGTACAGG,11.9833,-4.6388
CTAGGTCAGGCAAGTG-E15S,E15S,neutrophil,0.04430525610458475,0.03528011134253971,-0.7158868576210302,0.9999655296947384,-0.6399387942704167,0.6399387942704167,0,3.2665763534802523,memory,CTAGGTCAGGCAAGTG,11.43,-4.231
GGCCAACCACTATGCC-E15S,E15S,neutrophil,0.022455819573948217,0.0,-0.2555382039943959,0.9955540325007458,0.0494420145764347,-0.0494420145764347,1,-0.5932351407665757,reverted,GGCCAACCACTATGCC,10.9542,-0.9265
GGTCACTAGGTGCTGT-E15S,E15S,neutrophil,0.038992977640987775,0.045096963152286625,1.1730286468246898,6.232815278031194e-05,0.3703482316309272,-0.3703482316309272,1,-0.5932351407665757,persistent,GGTCACTAGGTGCTGT,9.3067,-2.9892
CATAGCGCATCCACGT-E15S,E15S,neutrophil,0.02077579941734318,0.030987887784796782,-0.40762534013884855,0.9991054235126323,-0.3517810395365477,0.3517810395365477,1,-0.5932351407665757,reverted,CATAGCGCATCCACGT,9.6235,-2.9571
CGCCATGAGGTTACTG-E15S,E15S,neutrophil,0.06670681709728098,0.0,0.6740675909132618,0.011997609179377132,0.0494727380951263,-0.0494727380951263,2,-0.5932351407665757,persistent,CGCCATGAGGTTACTG,9.5765,-2.0545
TATCGAACATGTCGGA-E15S,E15S,neutrophil,0.0,0.03523966285699324,0.2912390298641512,0.40951167128258587,-0.7323031220465603,0.7323031220465603,1,-0.5932351407665757,partial,TATCGAACATGTCGGA,8.9022,-2.8064
ACAACATTCAGCCTAA-E15S,E15S,neutrophil,0.0,0.0945113081693487,0.9218852494087093,0.0008846473981757472,0.684216454603763,-0.684216454603763,2,1.8253584657147117,persistent,ACAACATTCAGCCTAA,10.1077,-2.0365
ATGATTGCACTCAGGA-E15S,E15S,neutrophil,0.04773604619683074,0.05330179300787677,-0.5574861636977672,0.9998162416271796,-0.4836752268807354,0.4836752268807354,0,-0.5932351407665757,reverted,ATGATTGCACTCAGGA,12.3947,-4.3105
GCTCTTGTCACCATAG-E15S,E15S,neutrophil,0.0,0.06830670257082185,-0.34495059853350674,0.9982667797931438,-0.4030443585394688,0.4030443585394688,0,-0.5932351407665757,reverted,GCTCTTGTCACCATAG,11.1254,-4.0613
CCATCAGGTTTGCAGT-E15S,E15S,neutrophil,0.0,0.048393901869036325,-0.15854414219480326,0.9877082114119802,-0.9486937850021308,0.9486937850021308,0,-0.5932351407665757,reverted,CCATCAGGTTTGCAGT,10.8495,-3.9566
AAGTTCCGTCTAGCCA-E15S,E15S,neutrophil,0.023973087138350977,0.08555691884167878,0.01857396853893095,0.925187648003982,0.26434149145323776,-0.26434149145323776,1,-0.5932351407665757,reverted,AAGTTCCGTCTAGCCA,11.3926,-2.3393
TGAATCCGTTAGTAGG-E15S,E15S,neutrophil,0.0,0.08003434401584274,-0.5002251318522541,0.9996635353772335,-0.8332150654751825,0.8332150654751825,0,-0.5932351407665757,reverted,TGAATCCGTTAGTAGG,12.1263,-4.2159
TGAGCGCCACAATCAA-E15S,E15S,neutrophil,0.021137042659802607,0.05916340879356032,-0.7194457057536505,0.9999668017729934,-0.6247878937072951,0.6247878937072951,0,-0.5932351407665757,reverted,TGAGCGCCACAATCAA,12.9497,-4.6409
TGGCGAAAGTCATGCA-E15S,E15S,neutrophil,0.0,0.036068075397962925,-0.5424436017904704,0.9997845926674656,-0.49376116324809416,0.49376116324809416,0,-0.5932351407665757,reverted,TGGCGAAAGTCATGCA,10.7533,-4.2945
TACATCAGTTCGTGAT-E15S,E15S,neutrophil,0.0,0.06395208565727693,-0.17726628312941806,0.9898920666962099,-0.9386246311306005,0.9386246311306005,0,-0.5932351407665757,reverted,TACATCAGTTCGTGAT,10.5248,-4.0441
GTTAGATTCACGTACA-E15S,E15S,neutrophil,0.0,0.07940205503061064,0.05152952335756124,0.8972285364475692,-0.4874652417212977,0.4874652417212977,1,-0.5932351407665757,reverted,GTTAGATTCACGTACA,10.3553,-2.0678
ATCATCTCAATTAGCA-E15S,E15S,neutrophil,0.024003290386369024,0.01911373123359015,1.2172235224291779,3.907450988755776e-05,2.1209746653009494,-2.1209746653009494,2,2.1899004630596632,reverting,ATCATCTCAATTAGCA,8.944,-2.6609
TATCTCATCACGGAGA-E15S,E15S,neutrophil,0.021717006710211515,0.09524995473332482,-0.5026426760073689,0.9996720183845297,-0.39302590915116825,0.39302590915116825,0,-0.5932351407665757,reverted,TATCTCATCACGGAGA,13.1704,-4.7911
GGAGTATAGTATGAGA-E15S,E15S,neutrophil,0.04957258816019948,0.039474468349788475,-0.39051483464560766,0.9989283401965332,-0.589658828988417,0.589658828988417,0,-0.5932351407665757,reverted,GGAGTATAGTATGAGA,11.7213,-3.9104
CTGACCCTCGATTGAT-E15S,E15S,neutrophil,0.0,0.058372517236603784,0.3422834533691682,0.28795776623628755,0.28694945042230624,-0.28694945042230624,1,-0.5932351407665757,persistent,CTGACCCTCGATTGAT,9.4639,-2.7185
CTTGTCCGTTAAGTCC-E15S,E15S,neutrophil,0.0,0.063913666783506,-0.5943511154096487,0.9998755177245834,-0.4664817363910174,0.4664817363910174,0,-0.5932351407665757,reverted,CTTGTCCGTTAAGTCC,13.0503,-4.7382
GTACAACCAATCGTAA-E15S,E15S,neutrophil,0.02092658122477044,0.05861811207470326,-0.4697051086531047,0.9995355556839137,-0.3603107290276151,0.3603107290276151,1,-0.5932351407665757,reverted,GTACAACCAATCGTAA,10.8572,-4.333
TGTACCCCACATGATA-E15S,E15S,neutrophil,0.061523959397307565,0.09621707013536229,-0.009624926922226815,0.9433724242368953,-0.12337784970244363,0.12337784970244363,1,-0.5932351407665757,reverted,TGTACCCCACATGATA,12.7817,-4.6871
CGGGTGAGTTTGCCTC-E15S,E15S,neutrophil,0.0196576748309633,0.10908518617481777,-0.39437580892021046,0.9989711350736024,-0.6835769654201692,0.6835769654201692,0,-0.5932351407665757,reverted,CGGGTGAGTTTGCCTC,9.6025,-2.7648
CATATAGCATTACCAT-E15S,E15S,neutrophil,0.08713696566440222,0.08412359772830762,-0.24550729691907205,0.9950593949735559,-0.33256510530435146,0.33256510530435146,0,-0.5932351407665757,reverted,CATATAGCATTACCAT,10.8768,-3.6098
TCGTTGAAGCCCGTCT-E15S,E15S,neutrophil,0.02922954821695468,0.04522924872093333,0.107697350478655,0.8282577667775498,-0.6625865900582484,0.6625865900582484,0,1.6020301532632308,memory,TCGTTGAAGCCCGTCT,9.4278,-2.6994
ATTGCCTTCCACCTAT-E15S,E15S,neutrophil,0.02435667759721523,0.1930838699829325,0.36325810889582805,0.24472568679884935,-0.06869093999692137,0.06869093999692137,1,-0.5932351407665757,persistent,ATTGCCTTCCACCTAT,10.0406,-1.7214
TGTGAAGGTTAGCACT-E15S,E15S,neutrophil,0.0,0.0,-0.23180549399606432,0.9942941460367423,-0.6199624161430047,0.6199624161430047,0,-0.5932351407665757,reverted,TGTGAAGGTTAGCACT,10.2831,-3.2085
TGTCACTTCTGTAACG-E15S,E15S,neutrophil,0.02134033410715598,0.016993229011253837,-0.1906243538838664,0.9912109228198609,-0.5551657623636648,0.5551657623636648,0,-0.5932351407665757,reverted,TGTCACTTCTGTAACG,9.6863,-3.4915
CGAAGTGAGCATGGCT-E15S,E15S,neutrophil,0.07198698353091451,0.20593788206958433,-0.5061494818181331,0.9996839449737114,0.6841552749439279,-0.6841552749439279,1,-0.5932351407665757,reverted,CGAAGTGAGCATGGCT,10.8938,-0.8453
GCATGGGGTAGCTCGC-E15S,E15S,neutrophil,0.021662326353527873,0.11227121067392495,-0.6789960658606673,0.9999490995134603,-0.2029913834505821,0.2029913834505821,0,-0.5932351407665757,reverted,GCATGGGGTAGCTCGC,10.7368,-4.0964
GCACTATGTATTGCGT-E15S,E15S,neutrophil,0.0,0.032729701742323376,-0.6739543480849199,0.9999463146131602,-0.9108194067707382,0.9108194067707382,0,-0.5932351407665757,reverted,GCACTATGTATTGCGT,10.7979,-3.8161
TGAATCCGTTGGTCAT-E15S,E15S,neutrophil,0.0,0.04335955313987917,-0.5528255063027233,0.9998069677528448,-1.006164496695101,1.006164496695101,0,-0.5932351407665757,reverted,TGAATCCGTTGGTCAT,12.5324,-4.2994
GGACATAGTAGCGCAG-E15S,E15S,neutrophil,0.0,0.08431730388740116,0.10568883264862178,0.8312555529258102,-1.0809977370305928,1.0809977370305928,0,-0.5932351407665757,reverted,GGACATAGTAGCGCAG,10.9858,-4.2835
TCATAACAGCCGACAT-E15S,E15S,neutrophil,0.021901431792204527,0.04369989589453857,-0.06151688675097834,0.9664716019595478,-0.762023671661019,0.762023671661019,1,1.9461939797623005,memory,TCATAACAGCCGACAT,10.2864,-3.1386
GCCTCCACATTAGATG-E15S,E15S,neutrophil,0.021638118537012186,0.034460707299686075,0.8444886270237831,0.0020018927586069723,-0.22147921737837423,0.22147921737837423,1,-0.5932351407665757,persistent,GCCTCCACATTAGATG,9.596,-3.4717
GGCCCTAAGCCATGAC-E15S,E15S,neutrophil,0.020954760346888,0.05869115101903091,-0.3069624230284387,0.9974129683959084,-0.6515097832076353,0.6515097832076353,0,3.093409155747684,memory,GGCCCTAAGCCATGAC,9.5656,-2.9274
GTCAAGCTCCCGTACC-E15S,E15S,neutrophil,0.0,0.025335686243785956,-0.41345727883432065,0.9991588389003405,-0.8992934733599939,0.8992934733599939,0,-0.5932351407665757,reverted,GTCAAGCTCCCGTACC,12.7093,-4.4432
AATGCAAAGGCGAGAC-E15S,E15S,neutrophil,0.10511643967994165,0.01865058483432936,-0.5618858902888867,0.9998245871685412,-0.7743640435917108,0.7743640435917108,0,-0.5932351407665757,reverted,AATGCAAAGGCGAGAC,9.7378,-3.7734
CAGGACAAGAAGGACT-E15S,E15S,neutrophil,0.0,0.05787027253971232,-0.3392271203333433,0.9981589285816032,-0.45344015982256086,0.45344015982256086,0,-0.5932351407665757,reverted,CAGGACAAGAAGGACT,10.3202,-4.0589
ACGCGAGGTGCGTACC-E15S,E15S,neutrophil,0.0,0.05334910546706327,-0.07770699825279091,0.971593650831536,0.7030664722196835,-0.7030664722196835,2,-0.5932351407665757,reverted,ACGCGAGGTGCGTACC,10.9331,-3.9437
CAGCCAACAAATCGAC-E15S,E15S,neutrophil,0.0,0.07727136520163959,0.37413412298996174,0.22411242699799688,0.1478314318741542,-0.1478314318741542,1,-0.5932351407665757,persistent,CAGCCAACAAATCGAC,9.5233,-2.46
CCGTAACAGTCGAGGA-E15S,E15S,neutrophil,0.08686802684084606,0.06917268803993297,-0.4589180719385401,0.9994795144194254,-0.8934064686859569,0.8934064686859569,0,-0.5932351407665757,reverted,CCGTAACAGTCGAGGA,10.6093,-1.9853
AATGGCAGTTCCAGCA-E15S,E15S,neutrophil,0.0,0.061091919246980576,-0.2995280616015466,0.9972021487501771,-0.30749409826392604,0.30749409826392604,0,-0.5932351407665757,reverted,AATGGCAGTTCCAGCA,9.9221,-2.2529
GTAGTGAGTTCCTTGC-E15S,E15S,neutrophil,0.05237169255269993,0.05825590752340611,1.1000762862724964,0.0001347148801676941,-0.8549928505195001,0.8549928505195001,0,-0.5932351407665757,persistent,GTAGTGAGTTCCTTGC,9.6397,-1.8529
AAGCGGGCACAGCGAC-E15S,E15S,neutrophil,0.039945891571469085,0.051783291135349595,-0.7180690544406609,0.9999663153656837,-0.6113285868290619,0.6113285868290619,0,-0.5932351407665757,reverted,AAGCGGGCACAGCGAC,10.6753,-2.8939
TCGAATTAGGCTTAAT-E15S,E15S,neutrophil,0.038178525322838365,0.015200709156315275,-0.7266216045772814,0.9999692257639491,-0.6219602759763865,0.6219602759763865,0,-0.5932351407665757,reverted,TCGAATTAGGCTTAAT,11.996,-4.721
CATATAGCAGCTAGTG-E15S,E15S,neutrophil,0.0,0.11577496420364967,0.1757617400249143,0.7014383621126304,-2.4080736810355448,2.4080736810355448,0,1.815036699955421,inducing,CATATAGCAGCTAGTG,11.0621,-1.6028
GGGATTGAGGTACTTG-E15S,E15S,neutrophil,0.05142991221646321,0.06143017292521994,0.35654656361551856,0.25806916018976356,-0.40698740826614715,0.40698740826614715,0,-0.5932351407665757,persistent,GGGATTGAGGTACTTG,9.3607,-2.8779
CTCTGCATCGTTCACT-E15S,E15S,neutrophil,0.0,0.06712460024069312,-0.09696717671113494,0.9767023480976198,-0.6526457125708677,0.6526457125708677,0,-0.5932351407665757,reverted,CTCTGCATCGTTCACT,10.6089,-4.1927
TCCCAACCATTAGGCG-E15S,E15S,neutrophil,0.0,0.13076058030677978,-0.7150758593054181,0.9999652330575944,-0.059114251189239866,0.059114251189239866,0,-0.5932351407665757,reverted,TCCCAACCATTAGGCG,12.3366,-4.5317
GTCCTGCTCCGTTACT-E15S,E15S,neutrophil,0.0,0.05859880227179053,-0.47724467777040563,0.9995711043609886,-0.9246127319769613,0.9246127319769613,0,-0.5932351407665757,reverted,GTCCTGCTCCGTTACT,9.812,-3.6359
GTGGTTATCCGTTAAG-E15S,E15S,neutrophil,0.0,0.03211279232527416,-0.4366353212895007,0.9993414337531116,-0.3954887321557299,0.3954887321557299,0,-0.5932351407665757,reverted,GTGGTTATCCGTTAAG,10.9116,-4.3628
AGAGATGCAAGTGGTT-E15S,E15S,neutrophil,0.0,0.0,-0.023265476376345885,0.9505976109003305,0.4765265051576888,-0.4765265051576888,2,-0.5932351407665757,reverted,AGAGATGCAAGTGGTT,8.9056,-2.4946
GCGTTAGCAGGGACTC-E15S,E15S,neutrophil,0.022146272709437167,0.05010764031640056,-0.22914347400695914,0.9941323336848931,0.0031968073822680743,-0.0031968073822680743,1,-0.5932351407665757,reverted,GCGTTAGCAGGGACTC,11.3379,-2.3425
AAGCAATGTCTAGCAT-E15S,E15S,neutrophil,0.0,0.08568373530077053,-0.2686641685039528,0.9961275647323752,0.4728092159927473,-0.4728092159927473,1,-0.5932351407665757,reverted,AAGCAATGTCTAGCAT,10.4541,-4.1322
AGAGTCAGTTAGCAGA-E15S,E15S,neutrophil,0.0,0.017701028900994096,-0.12637924951042356,0.9828186374225097,-0.7984820913053579,0.7984820913053579,0,-0.5932351407665757,reverted,AGAGTCAGTTAGCAGA,10.0076,-2.6081
TGTGCAATCGATCGTA-E15S,E15S,neutrophil,0.0,0.01639076527527518,-0.517821209723711,0.999720604396246,-0.6138039383854067,0.6138039383854067,0,-0.5932351407665757,reverted,TGTGCAATCGATCGTA,12.047,-4.7943
GGTACTTGTTGCTCGA-E15S,E15S,neutrophil,0.04591723487432659,0.07288176933836617,0.4947093410916272,0.074753375468309,-0.6174015754843583,0.6174015754843583,0,3.381889970318514,persistent,GGTACTTGTTGCTCGA,10.2453,-2.9908
AGTTGAAAGGATGTGG-E15S,E15S,neutrophil,0.0,0.041853561097734644,-0.5989620356435539,0.9998814363491382,-0.7889207779422392,0.7889207779422392,0,-0.5932351407665757,reverted,AGTTGAAAGGATGTGG,11.6742,-4.2568
AGCGAACGTAGCCTGC-E15S,E15S,neutrophil,0.04236628745158147,0.09517472824887126,-0.4140403712273872,0.9991640010387994,-0.9397952992662539,0.9397952992662539,0,-0.5932351407665757,reverted,AGCGAACGTAGCCTGC,11.4908,-4.3777
TGATTGGTCATCGTCT-E15S,E15S,neutrophil,0.0,0.017312599616486075,-0.7935148341157074,0.9999848212728402,-0.34280843315038967,0.34280843315038967,0,-0.5932351407665757,reverted,TGATTGGTCATCGTCT,12.3085,-4.7076
AATGCAGGTGATCAGA-E15S,E15S,neutrophil,0.04887001443064503,0.09728752872767298,0.4319702501889276,0.13552569275598017,-1.7165023684241847,1.7165023684241847,0,-0.5932351407665757,persistent,AATGCAGGTGATCAGA,9.8758,-1.8612
ATAACGTTCCTGACTT-E15S,E15S,neutrophil,0.04877588734649368,0.08755512628358252,1.687828187383082,2.706489866704567e-07,1.5630468377019062,-1.5630468377019062,2,-0.5932351407665757,persistent,ATAACGTTCCTGACTT,9.2029,-2.288
GTGGTTGCATGTCGGA-E15S,E15S,neutrophil,0.04434343524013868,0.017655256623388547,0.515720644523265,0.06077521094134637,0.035899139557561174,-0.035899139557561174,1,-0.5932351407665757,persistent,GTGGTTGCATGTCGGA,9.6728,-3.4988
CTCGTAAAGGTGCAGA-E15S,E15S,neutrophil,0.04492473512681415,0.08943350048393557,-0.000506912595719014,0.9380004612088962,-0.22255838582875226,0.22255838582875226,0,-0.5932351407665757,reverted,CTCGTAAAGGTGCAGA,11.0351,-4.2575
TGGATTGTCAGTAGGG-E15S,E15S,neutrophil,0.0,0.1165401144670559,-0.08394171052503804,0.9733564013231172,-0.36304210453515773,0.36304210453515773,0,-0.5932351407665757,reverted,TGGATTGTCAGTAGGG,11.8863,-4.7109
TCCACCTGTAGTAGTG-E15S,E15S,neutrophil,0.020096484478662035,0.08620110674442828,-0.4519213424457973,0.9994396003553054,-0.6328254514934389,0.6328254514934389,0,-0.5932351407665757,reverted,TCCACCTGTAGTAGTG,10.4361,-2.7064
TGCACCCTCCCTCAAT-E15S,E15S,neutrophil,0.0,0.029041888856479885,0.21705630484683408,0.6029651585944935,-0.6805754087443012,0.6805754087443012,0,-0.5932351407665757,partial,TGCACCCTCCCTCAAT,9.4573,-2.4991
GCGGCTATCTTGACAG-E15S,E15S,neutrophil,0.0,0.0,-0.6998013849535037,0.9999591440659253,-0.3619987520474732,0.3619987520474732,0,-0.5932351407665757,reverted,GCGGCTATCTTGACAG,12.9474,-4.6951
AGGACATAGGTGAGAT-E15S,E15S,neutrophil,0.0,0.06606436469285039,-0.32618755953681394,0.9978875409873257,-0.626208060722521,0.626208060722521,0,-0.5932351407665757,reverted,AGGACATAGGTGAGAT,10.1408,-2.3384
AGTGTGGAGTCATACG-E15S,E15S,neutrophil,0.03828069065031845,0.0539697967239198,-0.3585392664656241,0.9984982454901531,-0.7987865017751786,0.7987865017751786,0,-0.5932351407665757,reverted,AGTGTGGAGTCATACG,9.409,-3.481
GTCCTATTCTAATCGG-E15S,E15S,neutrophil,0.0,0.07611176044798008,0.34952027071005415,0.2725371259343942,0.3727722447579268,-0.3727722447579268,2,-0.5932351407665757,persistent,GTCCTATTCTAATCGG,9.5895,-2.5592
ACAGGGGCACATTAGA-E15S,E15S,neutrophil,0.03211806456972499,0.05067326912804159,0.03309088367375537,0.9138539643843449,-0.997341246834595,0.997341246834595,0,-0.5932351407665757,reverted,ACAGGGGCACATTAGA,9.7886,-2.6978
TCAATTGGTTGCTGGC-E15S,E15S,neutrophil,0.0,0.01734182891704858,-0.3541497903484596,0.9984270665431674,-1.143338752643163,1.143338752643163,0,-0.5932351407665757,reverted,TCAATTGGTTGCTGGC,9.4785,-3.4142
TGTGCCCTCCTTGACT-E15S,E15S,neutrophil,0.025829792454622243,0.0,-0.1860266185789891,0.9907774433426297,-0.9627062709674764,0.9627062709674764,0,-0.5932351407665757,reverted,TGTGCCCTCCTTGACT,10.5358,-3.8379
GGAGATTAGTGCCGTG-E15S,E15S,neutrophil,0.0,0.0445141722085551,-0.5814378337520104,0.9998573223662826,-0.5080550388463008,0.5080550388463008,1,-0.5932351407665757,reverted,GGAGATTAGTGCCGTG,11.0176,-3.8821
GTTACCAAGGATGCTC-E15S,E15S,neutrophil,0.02242314116923888,0.09085644176799927,0.11658843022326845,0.814479812893404,1.3068958509458342,-1.3068958509458342,2,-0.5932351407665757,reverted,GTTACCAAGGATGCTC,11.5681,-3.7575
ATAGGCCTCGCTCCTA-E15S,E15S,neutrophil,0.0,0.0885646650892288,-0.0963539307958652,0.9765544493362053,-1.8433719030264855,1.8433719030264855,0,2.081576583473936,memory,ATAGGCCTCGCTCCTA,10.1779,-3.3207
TGGATATTCTAACCAG-E15S,E15S,neutrophil,0.05436421198614047,0.0,0.2288151434309973,0.5728749598715321,-2.3688784533477003,2.3688784533477003,0,-0.5932351407665757,inducing,TGGATATTCTAACCAG,9.2704,-2.2391
ATGATGAAGCTACGCG-E15S,E15S,neutrophil,0.0,0.0451836484108448,-0.2558150654199153,0.9955669618779913,-1.1322578016604445,1.1322578016604445,1,-0.5932351407665757,reverted,ATGATGAAGCTACGCG,11.9561,-4.4516
AGCATGAGTCAAGCCC-E15S,E15S,neutrophil,0.0,0.05662843776000824,-0.03147156809418519,0.954514020772166,0.07661674543094378,-0.07661674543094378,1,-0.5932351407665757,reverted,AGCATGAGTCAAGCCC,9.9426,-3.2787
CATAGGGAGCTAGTAT-E15S,E15S,neutrophil,0.023436012484207427,0.10241409382851209,0.06915863107106028,0.8787379159972678,-0.8488889118994006,0.8488889118994006,0,-0.5932351407665757,reverted,CATAGGGAGCTAGTAT,12.4369,-4.2978
TCAAACTAGTTGCGCG-E15S,E15S,neutrophil,0.0,0.018292803987561588,-0.13972253463168546,0.9850441724588291,-1.0257108115028823,1.0257108115028823,0,-0.5932351407665757,reverted,TCAAACTAGTTGCGCG,9.9698,-2.3754
TGAGATGGTTGCCCAA-E15S,E15S,neutrophil,0.023624282975068654,0.1128715742142169,0.5344093771193861,0.05043400884706949,0.0070105723301807366,-0.0070105723301807366,1,-0.5932351407665757,persistent,TGAGATGGTTGCCCAA,10.1164,-2.2793
GTTAAGGGTTCCGGTA-E15S,E15S,neutrophil,0.022158987315770543,0.07590798723468575,0.2997277042294552,0.38801200388992113,-2.2126517854522194,2.2126517854522194,0,-0.5932351407665757,inducing,GTTAAGGGTTCCGGTA,12.2055,-4.6669
ACTACCAAGTGAGACG-E15S,E15S,neutrophil,0.06924879016607773,0.045802385700560846,-0.6941375109883499,0.9999566245139863,-0.09477666273393293,0.09477666273393293,0,-0.5932351407665757,reverted,ACTACCAAGTGAGACG,10.8999,-4.4483
TGCCGAACAGTAATGC-E15S,E15S,neutrophil,0.022938039100276985,0.07306190231940077,-0.3743358704455935,0.9987288055637988,-1.0087509767549119,1.0087509767549119,0,-0.5932351407665757,reverted,TGCCGAACAGTAATGC,11.2496,-4.0334
TGGTGAGAGGTATCGC-E15S,E15S,neutrophil,0.021017040342295037,0.10905992113835176,0.07652958006952813,0.870191220907304,-0.6046461596119137,0.6046461596119137,0,-0.5932351407665757,reverted,TGGTGAGAGGTATCGC,10.4438,-1.7049
AACATAGAGGTAGGAT-E15S,E15S,neutrophil,0.0,0.09993763846978129,0.5043864130144945,0.06798165735485585,-0.17181078579849082,0.17181078579849082,0,-0.5932351407665757,persistent,AACATAGAGGTAGGAT,10.4986,-2.1632
AACCAAGGTGATTCGT-E15S,E15S,neutrophil,0.024018423062594815,0.0,-0.3662976599973287,0.998616278547028,-0.8895008607239094,0.8895008607239094,1,-0.5932351407665757,reverted,AACCAAGGTGATTCGT,10.9903,-2.5918
TGCACAGCAAGGTAGA-E15S,E15S,neutrophil,0.0,0.04553585452751218,-0.3477654159002764,0.9983174839801042,-0.7931501322599345,0.7931501322599345,0,-0.5932351407665757,reverted,TGCACAGCAAGGTAGA,11.3395,-4.2872
GTCCGAACACTCAGGA-E15S,E15S,neutrophil,0.020892872785157193,0.04189381274240157,0.5983161857993857,0.026324369907304513,-1.5838513056484083,1.5838513056484083,0,-0.5932351407665757,persistent,GTCCGAACACTCAGGA,8.9105,-3.178
CCGGAAGGTAGGTTGA-E15S,E15S,neutrophil,0.0,0.11508867331528429,-0.35732194684366464,0.9984788343115951,-0.4726895174463618,0.4726895174463618,0,-0.5932351407665757,reverted,CCGGAAGGTAGGTTGA,10.7814,-4.1642
GCGAGTAAGGTAAGGT-E15S,E15S,neutrophil,0.02153587837563508,0.05704476787727675,0.29507751550659767,0.39974153229350406,-0.5440413367279636,0.5440413367279636,0,-0.5932351407665757,partial,GCGAGTAAGGTAAGGT,12.1767,-4.286
AGGTAATGTGGGTATA-E15S,E15S,neutrophil,0.0,0.05156651422495964,0.10634315341998875,0.8302835619295005,-1.1790100243851456,1.1790100243851456,0,-0.5932351407665757,reverted,AGGTAATGTGGGTATA,11.4156,-2.9814
TGATTTGGTGGCGTGA-E15S,E15S,neutrophil,0.0,0.049281289312559824,-0.2235384979767644,0.9937765673307967,-0.6312812197450184,0.6312812197450184,0,-0.5932351407665757,reverted,TGATTTGGTGGCGTGA,12.9259,-4.6367
CAATTTCCATGCTCGT-E15S,E15S,neutrophil,0.0392072671132901,0.02969174733920816,-0.23207149377074582,0.9943100691162672,-0.16639735976728184,0.16639735976728184,1,-0.5932351407665757,reverted,CAATTTCCATGCTCGT,9.3551,-3.1196
CCTTCGATCGAATGAA-E15S,E15S,neutrophil,0.0,0.021464686617236196,0.11337903230175655,0.8195492584361161,0.23467086161609624,-0.23467086161609624,1,-0.5932351407665757,reverted,CCTTCGATCGAATGAA,8.953,-2.276
CTCAGGTAGGTCGTTA-E15S,E15S,neutrophil,0.0,0.018923148794991018,-0.1597688765456459,0.987864332211062,-0.5680238246523134,0.5680238246523134,1,-0.5932351407665757,reverted,CTCAGGTAGGTCGTTA,11.6517,-3.9683
TGAGGAACAAATGGCT-E15S,E15S,neutrophil,0.04525482938231293,0.05395060096889758,-0.3868184108905638,0.9988857041807967,-0.9235132391325928,0.9235132391325928,0,-0.5932351407665757,reverted,TGAGGAACAAATGGCT,10.9983,-2.0812
GTTAGGCTCATATAGC-E15S,E15S,neutrophil,0.04781086185153585,0.09970416006424719,1.5820904326575136,8.272067454178491e-07,2.514466342586177,-2.514466342586177,2,-0.5932351407665757,reverting,GTTAGGCTCATATAGC,9.1391,-2.2291
GTGATAGGTTGCACCA-E15S,E15S,neutrophil,0.0,0.039552123334002064,-0.3694752730327502,0.9986619044363507,-0.5910685373684909,0.5910685373684909,0,-0.5932351407665757,reverted,GTGATAGGTTGCACCA,10.3396,-4.1659
CAGTTACGTCTGTGGC-E15S,E15S,neutrophil,0.0,0.0747520552196333,-0.42590242947505247,0.9992624082250909,-0.3772606489108376,0.3772606489108376,0,-0.5932351407665757,reverted,CAGTTACGTCTGTGGC,12.8463,-4.7576
CTCATAAGTTTCGCCT-E15S,E15S,neutrophil,0.0,0.06141355146141777,0.4758866309654441,0.08972609661260789,0.059430594243958565,-0.059430594243958565,1,-0.5932351407665757,persistent,CTCATAAGTTTCGCCT,9.9979,-2.0038
CCGTGCAAGCCTAGAC-E15S,E15S,neutrophil,0.0,0.04379979925630283,-0.33526078076364835,0.9980802834943483,-0.7793226467557155,0.7793226467557155,0,-0.5932351407665757,reverted,CCGTGCAAGCCTAGAC,10.7284,-4.3232
GGCAACTTCCGCGTGA-E15S,E15S,neutrophil,0.0,0.08985320802928924,-0.6128395452147977,0.9998976052551117,-0.2799945881081059,0.2799945881081059,1,-0.5932351407665757,reverted,GGCAACTTCCGCGTGA,11.5296,-3.9916
GGGACCAGTCAACCCA-E15S,E15S,neutrophil,0.0,0.01716324736971543,-0.1684501701251902,0.9889161851468742,0.32360886066583194,-0.32360886066583194,1,1.905892018036725,memory,GGGACCAGTCAACCCA,12.0194,-4.1685
ACGGGTAAGTGATCTG-E15S,E15S,neutrophil,0.0,0.0,-0.20333036872950877,0.9923066072812836,-0.25725060436914465,0.25725060436914465,1,-0.5932351407665757,reverted,ACGGGTAAGTGATCTG,9.2538,-2.9992
CTCAACGGTCAACCGC-E15S,E15S,neutrophil,0.02065464085746752,0.04934164204839463,-0.4579922394361309,0.9994744005194804,-1.116397220667498,1.116397220667498,0,-0.5932351407665757,reverted,CTCAACGGTCAACCGC,11.1923,-2.714
GCTAAATTCGACCATA-E15S,E15S,neutrophil,0.02348638014190292,0.12740604308116166,-0.12935788821681588,0.983342089933633,-0.39916923111386354,0.39916923111386354,0,-0.5932351407665757,reverted,GCTAAATTCGACCATA,12.0716,-4.0304
GCGAATAGTTCGAGTT-E15S,E15S,neutrophil,0.04039019690290305,0.032162564200459834,-0.569630012443047,0.9998383665560211,-0.9672854928862176,0.9672854928862176,0,-0.5932351407665757,reverted,GCGAATAGTTCGAGTT,11.1006,-4.4271
AGTGTGAGTGAGATAT-E15S,E15S,neutrophil,0.018969657949450287,0.060421873468619436,-0.5394399784064667,0.9997776483019541,-0.25085312871847926,0.25085312871847926,0,-0.5932351407665757,reverted,AGTGTGAGTGAGATAT,11.087,-0.7879
AACCTAACACAATGCG-E15S,E15S,neutrophil,0.02076472244774856,0.06613948631505097,-0.3577903536699553,0.9984863329267643,-0.22408136963998626,0.22408136963998626,0,-0.5932351407665757,reverted,AACCTAACACAATGCG,9.8262,-3.6682
AAAGCCAGTATAGCAG-E15S,E15S,neutrophil,0.021784241416100556,0.08673355378632629,0.2083031506791598,0.6248819120009342,-0.136853540597125,0.136853540597125,0,-0.5932351407665757,partial,AAAGCCAGTATAGCAG,9.5726,-3.2241
CTTCACTAGCTACAGC-E15S,E15S,neutrophil,0.0,0.03517917658900446,-0.7935148341157074,0.9999848212728402,-0.30448533851338416,0.30448533851338416,0,-0.5932351407665757,reverted,CTTCACTAGCTACAGC,11.0546,-4.2176
AACACCATCGCGTGTG-E15S,E15S,neutrophil,0.0,0.048544952664740446,0.300767855940987,0.3854054922756865,-0.2752483340649923,0.2752483340649923,1,-0.5932351407665757,partial,AACACCATCGCGTGTG,9.8714,-3.336
TCGCCTTGTTGGTGAA-E15S,E15S,neutrophil,0.038867512634214986,0.06045181177340767,-0.5098092314366113,0.9996959296311504,-0.45876979582150984,0.45876979582150984,0,-0.5932351407665757,reverted,TCGCCTTGTTGGTGAA,10.9709,-4.4373
AGCTACGCATGGTCCT-E15S,E15S,neutrophil,0.0,0.014982805178179692,0.22191216425748947,0.5906197618109826,-0.5306343609365369,0.5306343609365369,0,-0.5932351407665757,partial,AGCTACGCATGGTCCT,8.9836,-2.3346
ACTTAGGTCAATTCGG-E15S,E15S,neutrophil,0.07344680779945129,0.06777046966107647,-0.602321451054909,0.9998855705733554,-0.12004995019851043,0.12004995019851043,0,-0.5932351407665757,reverted,ACTTAGGTCAATTCGG,12.8532,-4.5406
AAGTTGGGTTCGGCAC-E15S,E15S,neutrophil,0.0,0.0677632554609709,-0.5024856578370315,0.999671473969013,-0.4889073238108017,0.4889073238108017,0,-0.5932351407665757,reverted,AAGTTGGGTTCGGCAC,10.8664,-0.697
ACCGCCAAGGATGGAT-E15S,E15S,neutrophil,0.0,0.035872193893061156,0.5978861482670944,0.026441085022629603,-1.7287023693038714,1.7287023693038714,1,-0.5932351407665757,persistent,ACCGCCAAGGATGGAT,9.3153,-3.072
TGTCATTCAAGCGCGT-E15S,E15S,neutrophil,0.0,0.0599030968321233,0.28696437308880324,0.42047637265229637,-0.10678134533126882,0.10678134533126882,1,-0.5932351407665757,partial,TGTCATTCAAGCGCGT,9.2616,-3.1996
GCGGTAAAGGATGACG-E15S,E15S,neutrophil,0.0,0.034969218949408146,0.014804144052718661,0.9278983862397473,-0.17338747481687522,0.17338747481687522,1,-0.5932351407665757,reverted,GCGGTAAAGGATGACG,11.3142,-2.9625
CCTAACCCATGCTTGC-E15S,E15S,neutrophil,0.05207795751909997,0.07876486333006152,-0.3996577210980273,0.999026927825399,-0.2794367394503572,0.2794367394503572,1,2.062420161930943,memory,CCTAACCCATGCTTGC,10.0359,-1.9917
CTGATTTCAAATCCAA-E15S,E15S,neutrophil,0.0,0.018108692281005825,0.949501699969965,0.0006609087063717478,-0.1206442449617876,0.1206442449617876,2,4.227538545840712,persistent,CTGATTTCAAATCCAA,8.8207,-2.4234
CGTGGCTGTTGCGATT-E15S,E15S,neutrophil,0.021482168746029994,0.05131851422662721,-0.3560519355242367,0.9984583158552118,-0.6998078653823551,0.6998078653823551,1,-0.5932351407665757,reverted,CGTGGCTGTTGCGATT,11.9862,-4.4248
ATCCTAGAGCTAATCG-E15S,E15S,neutrophil,0.0,0.01563374216824485,-0.40826450921225327,0.9991114393343214,-0.4321868833533914,0.4321868833533914,0,-0.5932351407665757,reverted,ATCCTAGAGCTAATCG,11.8901,-4.473
CACCAGTAGTATGTAC-E15S,E15S,neutrophil,0.022965485746762507,0.03657466248558473,-0.3615939874206075,0.9985458734635482,-0.8399065057015108,0.8399065057015108,0,-0.5932351407665757,reverted,CACCAGTAGTATGTAC,9.5265,-1.8645
GTGGACCCATCCCTAA-E15S,E15S,neutrophil,0.04409023458719128,0.07035822037257931,-0.5226078939024801,0.9997343801760968,-1.2287351904098458,1.2287351904098458,0,-0.5932351407665757,reverted,GTGGACCCATCCCTAA,10.5278,-2.0238
CTTCTGGTCATGGTCA-E15S,E15S,neutrophil,0.03195233595998348,0.0,0.6905181419856371,0.010102730938825496,-0.08057077130268946,0.08057077130268946,1,3.111577091399214,persistent,CTTCTGGTCATGGTCA,8.8784,-2.6122
CTGGGCATCACCTTCG-E15S,E15S,neutrophil,0.042354738696927095,0.050590382332440696,-0.21083508657441452,0.9928889268873918,-0.4756663044613897,0.4756663044613897,0,-0.5932351407665757,reverted,CTGGGCATCACCTTCG,11.1966,-4.0341
CTCCATTAGGGTGACA-E15S,E15S,neutrophil,0.06908250261423513,0.0916835682843244,-0.645551444104614,0.9999275259105094,0.003377698044269392,-0.003377698044269392,0,-0.5932351407665757,reverted,CTCCATTAGGGTGACA,10.9582,-2.7224
CACGATGCAGTAAGGA-E15S,E15S,neutrophil,0.06560453945707975,0.055645309148561584,-0.5631545120580692,0.9998269223699863,-0.910156733207971,0.910156733207971,0,-0.5932351407665757,reverted,CACGATGCAGTAAGGA,10.744,-2.6642
CGACCGATCCCCAGCT-E15S,E15S,neutrophil,0.021357953823935034,0.13133057587184663,-0.46910660591834347,0.999532610691676,-0.987513815560703,0.987513815560703,0,-0.5932351407665757,reverted,CGACCGATCCCCAGCT,12.2485,-4.1934
AATGGCAGTGCGATGG-E15S,E15S,neutrophil,0.02172919810040881,0.0,-0.5058803140060525,0.9996830451045966,-0.5665111032978483,0.5665111032978483,0,-0.5932351407665757,reverted,AATGGCAGTGCGATGG,10.5894,-4.1803
AAAGCCTCACTTGGCT-E15S,E15S,neutrophil,0.0,0.01526739131875985,-0.17715168644474125,0.9898799441632509,-1.1963131185669194,1.1963131185669194,0,1.6298378865508127,memory,AAAGCCTCACTTGGCT,8.9594,-2.7948
CCCTTACGTTCGCATG-E15S,E15S,neutrophil,0.0,0.09177835858609956,-0.12836535944930474,0.9831694327327071,-1.1869190722695424,1.1869190722695424,0,2.1899004630596632,memory,CCCTTACGTTCGCATG,10.0835,-2.1094
ATCATCTCAGCACCTT-E15S,E15S,neutrophil,0.0,0.037187371552862725,-0.4902025295760249,0.9996259629192213,-0.2769669750355085,0.2769669750355085,1,-0.5932351407665757,reverted,ATCATCTCAGCACCTT,11.2886,-4.4654
CGTCAGGTCGCTCCAC-E15S,E15S,neutrophil,0.0,0.07285955521529539,-0.456580729346353,0.9994665071357888,-0.5034634005088162,0.5034634005088162,1,-0.5932351407665757,reverted,CGTCAGGTCGCTCCAC,11.1382,-4.3813
AGCCTTGGTAGCTTCG-E15S,E15S,neutrophil,0.020464957834736355,0.03259234025532086,-0.29556964748433634,0.9970829958985605,-0.8309254207022156,0.8309254207022156,0,3.021952779695863,memory,AGCCTTGGTAGCTTCG,10.8992,-4.1743
TGGCGCATCCGCAAGT-E15S,E15S,neutrophil,0.020406106056592342,0.032498613349387806,-0.3062503316199523,0.9973934810668614,-0.5431405904127393,0.5431405904127393,0,-0.5932351407665757,reverted,TGGCGCATCCGCAAGT,11.0808,-4.1047
GTCGGCTGTTAGTGAG-E15S,E15S,neutrophil,0.0,0.03516911721974329,-0.5274231938404708,0.9997475532249206,-0.4776686936776758,0.4776686936776758,0,-0.5932351407665757,reverted,GTCGGCTGTTAGTGAG,10.426,-4.1874
CTAAATGCACAATGAC-E15S,E15S,neutrophil,0.04720478440064401,0.0,0.5951777693642757,0.02718780896144946,0.18675065770853094,-0.18675065770853094,2,-0.5932351407665757,persistent,CTAAATGCACAATGAC,10.4475,-2.0124
CCATCATTCCTTCGGC-E15S,E15S,neutrophil,0.0,0.08857649681682611,0.33709815465564263,0.29932060445416264,0.46769723789590145,-0.46769723789590145,2,-0.5932351407665757,persistent,CCATCATTCCTTCGGC,9.5932,-3.2111
CGGTAATCATCAAGCG-E15S,E15S,neutrophil,0.06088423799166824,0.07924796975396003,-0.5224221515886773,0.9997338585066002,-0.36946340549844653,0.36946340549844653,0,-0.5932351407665757,reverted,CGGTAATCATCAAGCG,12.4515,-4.364
GGACTTGCATGCGTCT-E15S,E15S,neutrophil,0.0,0.07691991353129614,0.6031326331372074,0.025050936495787022,-1.620909325226122,1.620909325226122,0,-0.5932351407665757,persistent,GGACTTGCATGCGTCT,11.5778,-3.788
CCAGCAACACTAGGCA-E15S,E15S,neutrophil,0.04295243740035522,0.09424406067964582,0.8067782147934052,0.0029789309024627762,1.629028654475738,-1.629028654475738,2,-0.5932351407665757,persistent,CCAGCAACACTAGGCA,9.5967,-3.3391
TCACGAATCATGGCGT-E15S,E15S,neutrophil,0.04467730862931445,0.0800559336511689,0.8807695021865282,0.0013653140959247543,1.821063359730931,-1.821063359730931,2,3.2932746583790586,persistent,TCACGAATCATGGCGT,9.3809,-2.078
AGTCTCAAGCGCTACG-E15S,E15S,neutrophil,0.0,0.043186217195166826,0.11614739778528195,0.8151829155487913,-0.16024233480415928,0.16024233480415928,1,-0.5932351407665757,reverted,AGTCTCAAGCGCTACG,8.8527,-2.7414
TATAGGGGTGGACATA-E15S,E15S,neutrophil,0.061604931803078695,0.016351926342792495,-0.7935148341157074,0.9999848212728402,-0.24893710150007226,0.24893710150007226,0,-0.5932351407665757,reverted,TATAGGGGTGGACATA,10.5829,-3.9931
GGCTGAGGTTGTCAGT-E15S,E15S,neutrophil,0.0,0.05293535858767408,-0.34628254083173143,0.9982909598517383,-0.5346788582588838,0.5346788582588838,0,-0.5932351407665757,reverted,GGCTGAGGTTGTCAGT,11.8011,-4.1977
ATGGGCAAGTGACCGT-E15S,E15S,neutrophil,0.020932210580495186,0.06667296703416985,-0.34796720483606325,0.9983210614613153,-0.5217180907713662,0.5217180907713662,0,-0.5932351407665757,reverted,ATGGGCAAGTGACCGT,11.4637,-4.5441
CAAGGAACACTTGCGT-E15S,E15S,neutrophil,0.040348504588257145,0.016064682382361643,-0.06853457761006601,0.9687930001808233,-0.668706875872383,0.668706875872383,1,-0.5932351407665757,reverted,CAAGGAACACTTGCGT,9.5961,-3.6527
CTAAACTAGCCATCGG-E15S,E15S,neutrophil,0.0,0.03231691918105914,-0.1718741432971151,0.9893057963036372,-0.614947218124796,0.614947218124796,0,-0.5932351407665757,reverted,CTAAACTAGCCATCGG,9.4996,-2.4188
AGCAACCTCTATGTCC-E15S,E15S,neutrophil,0.022114554669532823,0.017609737977590953,0.7145692450551565,0.007853425685572886,-0.039507548980553725,0.039507548980553725,1,-0.5932351407665757,persistent,AGCAACCTCTATGTCC,8.9076,-2.7618
CATACCCCAATACGGT-E15S,E15S,neutrophil,0.0,0.033336483517084924,0.9261478327205538,0.0008457208607912698,0.47030471295407095,-0.47030471295407095,1,3.0901279049316366,persistent,CATACCCCAATACGGT,9.2241,-2.6252
AACGACTCAAGTGGAA-E15S,E15S,neutrophil,0.0,0.0212952924321213,-0.5290402271073362,0.9997518287517179,-0.7222113441462265,0.7222113441462265,0,-0.5932351407665757,reverted,AACGACTCAAGTGGAA,10.6803,-0.7252
CCGACAACATGCTGCT-E15S,E15S,neutrophil,0.0,0.05239429734161319,-0.5618338883747954,0.9998244907773718,-0.33456955720045994,0.33456955720045994,0,-0.5932351407665757,reverted,CCGACAACATGCTGCT,11.0727,-4.3799
CGGCTGATCAGTAATC-E15S,E15S,neutrophil,0.05573322948229105,0.08876032843475982,-0.26267699654749144,0.9958757194308416,-0.6236740104497308,0.6236740104497308,0,-0.5932351407665757,reverted,CGGCTGATCAGTAATC,10.0051,-2.0673
AGCCTTGGTCAGCCGT-E15S,E15S,neutrophil,0.0756731981647885,0.06025828742751677,0.28309064745669166,0.4304812125589467,0.689337220995027,-0.689337220995027,2,2.331485715940382,partial,AGCCTTGGTCAGCCGT,9.9721,-1.7971
TCGGGTTAGCCATGCG-E15S,E15S,neutrophil,0.050908367113700184,0.040538144183131626,-0.1555938649225584,0.9873239403029799,-0.6272227057399431,0.6272227057399431,1,2.358128750728395,memory,TCGGGTTAGCCATGCG,10.8089,-0.791
CGAACTTGTGCAGCTC-E15S,E15S,neutrophil,0.021559841721487918,0.043089399340858654,-0.5802984194767707,0.9998555945196419,-1.0056755894227893,1.0056755894227893,0,-0.5932351407665757,reverted,CGAACTTGTGCAGCTC,11.7854,-4.0877
GCAGCGAGTTTGGTCG-E15S,E15S,neutrophil,0.0,0.06703281893058666,-0.33366182439068404,0.9980476388264427,-0.21774368077273293,0.21774368077273293,1,-0.5932351407665757,reverted,GCAGCGAGTTTGGTCG,9.2973,-2.6913
TAATCCCTCATGTCGA-E15S,E15S,neutrophil,0.0,0.019302384302327818,-0.6524929288806167,0.999932650867315,-0.9032124822883347,0.9032124822883347,0,-0.5932351407665757,reverted,TAATCCCTCATGTCGA,10.3242,-3.2142
ATATGTCAGCGGTAGA-E15S,E15S,neutrophil,0.09188426886550766,0.06354445070283529,-0.03379434364430267,0.9555677797873109,-0.41025777341469466,0.41025777341469466,0,4.8095207738527375,memory,ATATGTCAGCGGTAGA,9.0441,-3.0636
CAGGTCCGTGAAGGAG-E15S,E15S,neutrophil,0.025609945256606814,0.040786209112373815,0.6040660714921597,0.02481117917381545,-0.1350763382470186,0.1350763382470186,1,-0.5932351407665757,persistent,CAGGTCCGTGAAGGAG,9.2162,-3.2269
CCTGATGGTAAGCTGA-E15S,E15S,neutrophil,0.027402709229261687,0.0,1.1798437779120845,5.799799231220091e-05,-0.9446918998405489,0.9446918998405489,1,-0.5932351407665757,persistent,CCTGATGGTAAGCTGA,9.748,-1.9177
TACAACTAGATTAGGA-E15S,E15S,neutrophil,0.04933060807569263,0.019640890252359103,-0.3572774620716686,0.9984781202396299,-0.18401800834722562,0.18401800834722562,1,-0.5932351407665757,reverted,TACAACTAGATTAGGA,12.2541,-4.2656
CTTCTGGTCGTTAGGC-E15S,E15S,neutrophil,0.023786171735911958,0.06598825119902407,-0.2829607579770448,0.9966686824369674,-1.1248269468821774,1.1248269468821774,0,-0.5932351407665757,reverted,CTTCTGGTCGTTAGGC,11.2334,-4.38
TCGTTAGAGTATGAGA-E15S,E15S,neutrophil,0.0,0.10434926965351364,-0.20413278647587824,0.9923710637085641,-0.624112256225899,0.624112256225899,0,-0.5932351407665757,reverted,TCGTTAGAGTATGAGA,10.2682,-1.9149
TCTCTAGCAATCAGAC-E15S,E15S,neutrophil,0.0,0.0,-0.6033354479099013,0.9998867898835404,-0.3877023162416285,0.3877023162416285,0,2.6586994338666545,memory,TCTCTAGCAATCAGAC,8.8572,-2.7384
ATTGGCTGTTGTCTAA-E15S,E15S,neutrophil,0.0,0.08140630187052666,-0.367456626141841,0.9986330968603906,-0.6287757334195416,0.6287757334195416,0,-0.5932351407665757,reverted,ATTGGCTGTTGTCTAA,11.9651,-4.1215
ACGAGCAAGGGTACGA-E15S,E15S,neutrophil,0.0,0.03692846561248089,-0.2856530894583848,0.9967618118366103,-0.4690675459967563,0.4690675459967563,0,-0.5932351407665757,reverted,ACGAGCAAGGGTACGA,12.6555,-4.6382
CATAGCATCGCGATAC-E15S,E15S,neutrophil,0.0383387985165085,0.06285146585932314,-0.501623022050964,0.999668466871923,-0.47782506631014443,0.47782506631014443,0,-0.5932351407665757,reverted,CATAGCATCGCGATAC,12.5353,-4.6294
CATGCAATCATCGAAT-E15S,E15S,neutrophil,0.0476466024135587,0.07588162606603792,-0.1824285112364079,0.9904234936999681,-0.5037203844310795,0.5037203844310795,0,-0.5932351407665757,reverted,CATGCAATCATCGAAT,10.8368,-1.1276
ACCCATGGTTCGGCGT-E15S,E15S,neutrophil,0.0,0.027326861909047942,0.12990361940483025,0.7922755365953379,-1.0227120228509066,1.0227120228509066,0,2.071961193165125,memory,ACCCATGGTTCGGCGT,10.6473,-3.0983
GTTCGTCCAAATTCGA-E15S,E15S,neutrophil,0.0,0.03887749558305237,-0.04217464148389731,0.9591792571108836,-0.3944304386572609,0.3944304386572609,1,3.587475765014322,memory,GTTCGTCCAAATTCGA,9.8686,-2.9605
CCGTGTTCACATTGCC-E15S,E15S,neutrophil,0.027483920424830582,0.07540909522744374,-0.6069227866574547,0.9998910002411981,-0.14568447869626647,0.14568447869626647,0,-0.5932351407665757,reverted,CCGTGTTCACATTGCC,10.0781,-2.5965
CCAGATTGTGATTACC-E15S,E15S,neutrophil,0.02724187802153756,0.043385213145411675,-0.4286439310127094,0.999283452396358,-1.041069649403527,1.041069649403527,0,-0.5932351407665757,reverted,CCAGATTGTGATTACC,11.6043,-4.44
AGTCGGTTCGATTCCT-E15S,E15S,neutrophil,0.0,0.0633640022322627,-0.6561117291842105,0.9999351772867267,-0.3974964920297769,0.3974964920297769,1,-0.5932351407665757,reverted,AGTCGGTTCGATTCCT,12.0765,-4.1227
GTTAGGGAGTACGCCG-E15S,E15S,neutrophil,0.05013080997941553,0.10917917216703363,0.26962490927824484,0.46565214341116135,-0.07497490651932105,0.07497490651932105,1,-0.5932351407665757,partial,GTTAGGGAGTACGCCG,10.743,-1.4233
AGCGCCTGTTCACTGG-E15S,E15S,neutrophil,0.08561754333262706,0.019621744578490117,-0.2515003507822285,0.9953611431177997,-0.3511918162139502,0.3511918162139502,0,2.26387189282034,memory,AGCGCCTGTTCACTGG,11.2065,-4.3319
CAAGATGGTAATCCGT-E15S,E15S,neutrophil,0.025488617216588176,0.02029649148728318,-0.43171036894669124,0.999306280755555,-0.6394141874203599,0.6394141874203599,0,-0.5932351407665757,reverted,CAAGATGGTAATCCGT,11.7857,-4.1214
CAGGACCCATGCTCCG-E15S,E15S,neutrophil,0.0,0.06386298911605796,-0.17294539468892556,0.9894248877580745,-0.7341570633446327,0.7341570633446327,0,-0.5932351407665757,reverted,CAGGACCCATGCTCCG,10.3326,-4.0877
TGCACAATCCTGTGCC-E15S,E15S,neutrophil,0.0,0.05768663510204209,-0.5550394513823459,0.9998114300503376,-0.5486050583154387,0.5486050583154387,0,-0.5932351407665757,reverted,TGCACAATCCTGTGCC,10.7919,-4.2015
GGGGTCAGTGATGAAT-E15S,E15S,neutrophil,0.0,0.021613408221411497,0.1851661947681717,0.6802211933387903,0.29537530812200197,-0.29537530812200197,1,-0.5932351407665757,partial,GGGGTCAGTGATGAAT,10.8333,-2.0613
TCGCATGGTATGTGCT-E15S,E15S,neutrophil,0.056426102990647396,0.02073217655214412,-0.6167545664357683,0.9999017541359123,-0.2702968239954072,0.2702968239954072,0,-0.5932351407665757,reverted,TCGCATGGTATGTGCT,9.3246,-3.4083
GTCACGTAGTGAGGTG-E15S,E15S,neutrophil,0.08927464707799561,0.06514947626086641,-0.3538331560674169,0.9984218036749364,-0.1664366270563614,0.1664366270563614,0,-0.5932351407665757,reverted,GTCACGTAGTGAGGTG,9.0234,-3.2412
AGTCTCAAGCTAGTGC-E15S,E15S,neutrophil,0.027617038845899153,0.08796538299064174,0.2296121244348836,0.5708131892653547,-0.09147364409653971,0.09147364409653971,1,2.608907684115573,partial,AGTCTCAAGCTAGTGC,8.9826,-2.4963
AATCTAGCAAATCCTT-E15S,E15S,neutrophil,0.0,0.030157190137770643,0.4628866725107015,0.101595111946647,-0.2257382494867049,0.2257382494867049,1,-0.5932351407665757,persistent,AATCTAGCAAATCCTT,10.2792,-2.9606
CTTGCGAGTGATGCAA-E15S,E15S,neutrophil,0.0,0.06764314774279578,0.5776012799859959,0.03255561890560915,0.03965476308907316,-0.03965476308907316,2,-0.5932351407665757,persistent,CTTGCGAGTGATGCAA,9.1193,-2.3748
CTGTGCCTCATCACCT-E15S,E15S,neutrophil,0.0,0.05156037667182847,-0.356925401899697,0.9984724571320323,-0.3566397343124662,0.3566397343124662,0,-0.5932351407665757,reverted,CTGTGCCTCATCACCT,10.6663,-3.3037
CTCCAATTCAGCGGAA-E15S,E15S,neutrophil,0.0,0.020187299579631817,0.09765467563026645,0.8428305374619032,-0.897948395235524,0.897948395235524,1,-0.5932351407665757,reverted,CTCCAATTCAGCGGAA,9.3598,-3.0009
TATCACCTCCTGAGAC-E15S,E15S,neutrophil,0.026790945245339228,0.0619697076773619,0.6967551595910626,0.00946451494722832,1.6641933093862846,-1.6641933093862846,2,-0.5932351407665757,persistent,TATCACCTCCTGAGAC,10.5808,-2.008
ATAGTCCGTGAACCAA-E15S,E15S,neutrophil,0.0,0.09648836092771636,-0.4305762402514632,0.9992979235848625,-1.159769906108852,1.159769906108852,0,-0.5932351407665757,reverted,ATAGTCCGTGAACCAA,11.8685,-4.0304
GGGCTAAAGTAGAGCG-E15S,E15S,neutrophil,0.023508038172356544,0.05615809118951841,-0.10186580301359435,0.9778515119291353,-0.7467137738311542,0.7467137738311542,0,-0.5932351407665757,reverted,GGGCTAAAGTAGAGCG,10.9857,-3.8119
ACTTTCGCAAACTTAG-E15S,E15S,neutrophil,0.023838188267446294,0.04713931905263084,0.012667013957359599,0.9293946059607369,-0.29616224979511124,0.29616224979511124,1,-0.5932351407665757,reverted,ACTTTCGCAAACTTAG,9.9797,-2.096
TGGGCAGGTTAACGTC-E15S,E15S,neutrophil,0.05218016675970623,0.06232631029631577,0.1866977392134959,0.6766909727844155,-1.2408883817634153,1.2408883817634153,0,-0.5932351407665757,partial,TGGGCAGGTTAACGTC,4.3801,2.0714
ACCGCTAGTTACACGT-E15S,E15S,neutrophil,0.0,0.0,-0.7935148341157074,0.9999848212728402,-0.3799432684652744,0.3799432684652744,0,-0.5932351407665757,reverted,ACCGCTAGTTACACGT,12.2351,-4.2925
ATGAAACGTGAACCTT-E15S,E15S,neutrophil,0.0,0.018713611164637104,-0.5611031415197655,0.9998231306447799,-0.952596982068307,0.952596982068307,0,-0.5932351407665757,reverted,ATGAAACGTGAACCTT,10.5715,-4.0997
CGTGAGGGTGAGCAAC-E15S,E15S,neutrophil,0.027689315386837863,0.022048899289519037,0.18615237200600002,0.6779503839742215,1.5778632238020878,-1.5778632238020878,2,-0.5932351407665757,partial,CGTGAGGGTGAGCAAC,10.418,-2.9121
GCACGAAAGCCTGTGG-E15S,E15S,neutrophil,0.0,0.0927071137939935,-0.7935148341157074,0.9999848212728402,-0.18109020887161767,0.18109020887161767,0,2.433966261549598,memory,GCACGAAAGCCTGTGG,11.316,-2.4141
GCGTATTGTAAGTTGG-E15S,E15S,neutrophil,0.0,0.059269881204481234,-0.008531401258982482,0.9427520135326071,-1.172996397794784,1.172996397794784,0,-0.5932351407665757,reverted,GCGTATTGTAAGTTGG,9.0255,-3.0692
CGTTTGGGTGAGCCGA-E15S,E15S,neutrophil,0.0,0.1340665421404854,-0.7935148341157074,0.9999848212728402,-0.09237588552400212,0.09237588552400212,0,-0.5932351407665757,reverted,CGTTTGGGTGAGCCGA,12.9269,-4.654
ACCGCTAGTGAGCCCT-E15S,E15S,neutrophil,0.02680057216228012,0.08305850829334162,-0.06095912556396922,0.9662801067321048,-0.9509857033897396,0.9509857033897396,0,3.9197710621228357,memory,ACCGCTAGTGAGCCCT,10.9636,-2.558
TCAAACTAGGTTGATT-E15S,E15S,neutrophil,0.0,0.08986494258490424,1.2012054450829528,4.6280062328467614e-05,-1.1767259809777844,1.1767259809777844,0,3.7060256105535667,persistent,TCAAACTAGGTTGATT,9.6744,-1.9817
TCCTAGAAGTAACGGG-E15S,E15S,neutrophil,0.0,0.0690771119250236,-0.6866992880814007,0.9999530781393768,-0.06843252623914109,0.06843252623914109,0,-0.5932351407665757,reverted,TCCTAGAAGTAACGGG,9.2534,-3.3132
TGAGCGGGTATGGCAA-E15S,E15S,neutrophil,0.04748356374143277,0.0,-0.6700169223398472,0.9999440341505849,-0.5644669395914372,0.5644669395914372,0,-0.5932351407665757,reverted,TGAGCGGGTATGGCAA,10.8997,-0.6963
TGCTTAGAGTGCTGCG-E15S,E15S,neutrophil,0.051535635214100914,0.0978154286154037,-0.6187866885480959,0.9999038409398229,-0.09764021694000016,0.09764021694000016,0,-0.5932351407665757,reverted,TGCTTAGAGTGCTGCG,12.8968,-4.7017
GCCTAACAGTATCTGG-E15S,E15S,neutrophil,0.0,0.021280039698464228,1.8844040521112353,3.391266960471922e-08,-1.325255821347754,1.325255821347754,0,-0.5932351407665757,persistent,GCCTAACAGTATCTGG,8.728,-2.1538
TGATGAAAGATTGAGA-E15S,E15S,neutrophil,0.0,0.03741572485905108,-0.7935148341157074,0.9999848212728402,-0.299688031724005,0.299688031724005,0,-0.5932351407665757,reverted,TGATGAAAGATTGAGA,12.3848,-4.303
CAAGTCTGTTATCTCT-E15S,E15S,neutrophil,0.08476862946223063,0.04741753341768496,0.6910389395778866,0.010047847531808426,1.0618014576048829,-1.0618014576048829,2,-0.5932351407665757,persistent,CAAGTCTGTTATCTCT,9.166,-3.2595
TAATGTCAGTCAGTCA-E15S,E15S,neutrophil,0.05598660530837996,0.08916385289853104,-0.1607020495137766,0.9879819705850816,-0.34033153185483095,0.34033153185483095,0,-0.5932351407665757,reverted,TAATGTCAGTCAGTCA,10.1567,-3.9979
AGTCGGGGTTTCGATA-E15S,E15S,neutrophil,0.026628451749142423,0.05833738518560487,-0.6127306790274545,0.9998974874160066,-0.18363476155179115,0.18363476155179115,0,-0.5932351407665757,reverted,AGTCGGGGTTTCGATA,11.5495,-3.1117
AGCGTAAGTTAGCTTA-E15S,E15S,neutrophil,0.02579433813962744,0.02053993592599963,-0.2242721888510312,0.9938243294865243,-0.40226509157668944,0.40226509157668944,0,-0.5932351407665757,reverted,AGCGTAAGTTAGCTTA,10.5238,-3.7385
