,v_reox_cc,v_reox_nocc
GTCTGGGTCTAGTGCA-E14S,-1.1763093187546074,-1.1599411055650897
ATCACTTCAAACCCGA-E14S,-0.10394952366086975,-0.1215807199461138
CCCTTTAGTCTGGTCA-E14S,0.0005654708173397326,-0.018620626973528034
TCACGCCTCTAAGTCG-E14S,-0.6642710722600449,-0.6673377887627624
GGAGAGGAGGTAGTCC-E14S,0.13467258419289674,0.06445127720619633
CCTATAGAGTAACGAA-E14S,0.09204712181271571,0.08706476413629702
TAGGCTGCATCACTGC-E14S,0.8687569577985106,0.8841617522332806
CACCACCTCTCATGCT-E14S,-0.18808801251722534,-0.205239853541748
AGTATGAAGTAAGGGT-E14S,-1.3248485371799683,-1.3114196687062136
TGCTCACCAACGTGAT-E14S,-0.02859864119878186,-0.01806797451808553
GGCTGTTAGATAGCAA-E14S,0.1827926224257354,0.14680988765450323
GCACACTAGGCGAGAC-E14S,-0.027808294842644694,-0.0028922081249706634
AAACTTGCATTCAGCC-E14S,0.15613912992723092,0.11663622445154506
TGGGATTCAATGCGTG-E14S,-0.04773417181150284,-0.05436302458425111
CGATTCCCACAAGCTG-E14S,-0.9530926769099423,-0.9694726639403825
GCAATTTAGAACGGAT-E14S,-2.163389902176949,-2.1800667693970848
ACTGGTTGTGCAGCCT-E14S,-0.013410862510481361,-0.038054649290445025
GCGCTTGAGTAGTTAC-E14S,0.18807684335508307,0.10949760744958276
CACCTAAAGATTCAAC-E14S,0.08305937239921568,0.07826497315593291
CCCGTTATCCGTATAG-E14S,-0.1460624009148245,-0.15504503143141135
CCATATAGTGGCTTGC-E14S,-0.15865687353531177,-0.19568538413895492
TATCATGGTTGACCAT-E14S,0.05404065193106143,0.03130590088783652
TGAGTTGTCGCTAGAC-E14S,0.0791146655346038,0.1095198910907415
CGAGTGAAGGTTAGCC-E14S,0.10497469535300719,0.1119036504140837
CCTGTAAAGGTTGCGT-E14S,-0.1450473532198985,-0.14147929023201863
CGTTACCCAAGTGCAT-E14S,0.061888558403017976,0.07793305986175911
CTCGTAGGTCAACTTA-E14S,0.10299979455900711,0.06959171453984886
GGCGGTAGTTCGGCTA-E14S,-0.16281547896827822,-0.1335087334610509
TCACACAAGCCTGTAA-E14S,0.09009849919876227,0.09590446717119377
AACATAGAGGTAAGGT-E14S,-0.13647650572934666,-0.1938168358338524
AGAATCAAGTTACGCA-E14S,-0.0666108207265925,-0.1349081867615029
ACAACCTGTGGGTCCT-E14S,-0.2031241954824367,-0.2725051995992154
ATCACAACAATCGGTG-E14S,-0.09554475002693101,-0.1162063734732172
GGTAATTTCGCTCACC-E14S,0.18723668876516103,0.17390437203632267
CCGGTTAGTTCTGGGC-E14S,0.2758250370603875,0.25615661169593656
CGTACAGCAATATCCT-E14S,0.1738935277769909,0.15483901818578394
ACAGGTGAGATTCCTC-E14S,0.1307294147698636,0.07191805083248223
CGTTGCCTCATGCAGC-E14S,0.06248480560204851,0.04388421877252635
TAACAGCCACCAATCC-E14S,0.5140783720743349,0.5069565193566438
CAGGATTCATGGTGTG-E14S,-0.5638420310063884,-0.629529023081554
TCGAGGTTCGCGCACA-E14S,-0.3566384200084829,-0.37061695595654925
ACACATTAGGCGATAG-E14S,-0.26141169448568136,-0.3007452336680545
CGTATTAGTTGGTTCG-E14S,0.3874493428091567,0.40150291109171216
ATGGATGGTAACGAGC-E14S,0.0607212890436091,0.05630071283501362
AACAGGTAGATAGATG-E14S,-0.4477487812587591,-0.4314676874456915
ACGTTAGTCGTGCCAG-E14S,0.28805186723225384,0.21898542461006015
CCAGTTGGTTTCCTCA-E14S,0.006711066454746839,-0.04290939312490668
CAAGGAACAAGTTACA-E14S,0.17668818105665587,0.17060982799398028
ATAGGCGAGTTACGAT-E14S,-0.0703574030274391,-0.07675247069402535
TGATCCTTCACCATGA-E14S,0.2557686240564177,0.28655778231570384
CTACTTGCATCCTAAT-E14S,0.032559644055976084,0.038336760613496626
ACTAATGCAACATGAC-E14S,-0.16625900771859395,-0.19809003575061962
GTCTAAGTCAGGAACG-E14S,0.1464253692165575,0.12350296463249906
ATGGGTTCATGGTAGT-E14S,0.08312344212667161,0.08869337724793014
TCCATTATCGTACTAG-E14S,0.23706196459799422,0.19000208028074145
CGGTGAGGTTCGTTAA-E14S,-0.36404654015029075,-0.42382850599311805
AACAGCTCATTAATCC-E14S,-0.11040493762115318,-0.18869302624719303
CCACCTCAGAAGGATC-E14S,-0.08199378031408526,-0.06285625499593114
GTGAATCCATCCCTGG-E14S,-0.3450878957607911,-0.3705198354997644
TGTGCCAGTGCGGACA-E14S,0.11139920280267282,0.08089659859276084
TACCTCCGTTAGCAAG-E14S,-0.672563177636138,-0.7334080024560282
TCGTACTTCCAATTCC-E14S,0.27125913132588864,0.2728695292847526
GTACGATCAGGATCTG-E14S,0.1469214541914267,0.11500557993498978
TAGGCCACATAGGGCC-E14S,-0.09356883180027094,-0.15031165445547137
ACTGCTGGTGATTAGG-E14S,-0.22360577404850795,-0.20972488649627108
TCATGGATCACCTCGC-E14S,0.10403230993313904,0.042584493485779785
TGAGAACAGCGGATAG-E14S,-0.09529510789054921,-0.1318627960412587
TAGGGTAGTTGGAGAC-E14S,0.5313367138887619,0.5063854745895782
TCTATGAGTTTGGAGA-E14S,0.21160726093076965,0.15541907599493665
CGCCCATTCCCAGTAA-E14S,0.3323957218714279,0.34675672699046806
AAACGTAAGCGAGTCT-E14S,0.009497878619805396,-0.03601158624556315
GGAAGTTAGGTCAATT-E14S,0.16297787227855778,0.13889511664986348
CCCGACAAGTTGCGCG-E14S,-0.10482993980849972,-0.08596832996447279
AGCGCACCATGCTGTC-E14S,0.1105163378044527,0.11238710935799756
TGCCATTTCGATCGCG-E14S,-0.24486564663612445,-0.26730533942892
GTGCGGTCAATGCCTC-E14S,0.1859759867550449,0.10848268908726973
CGTGGATTCCTCATAC-E14S,0.205974904760222,0.21064920175531088
GTAGTGAGTGATAGAT-E14S,0.34876343798469217,0.32780164549692176
AGTTAGAAGCCACATA-E14S,0.17178783586054844,0.1697515584074694
CCGAATGCAAACTACA-E14S,-0.014689740096098693,-0.006691719386467908
TCCCCTGGTATAGCTC-E14S,-0.020013476498262628,-0.007864637252756589
AGGAATGCATCACTTG-E14S,-0.12691204111891285,-0.19621239450821473
CTTCAGCCATAATTCC-E14S,-0.025705867862173958,-0.001539568023790597
GGGGTATGTCAACTCG-E14S,0.10484836959342284,0.11681501794568629
CGAGGATGTGACGAAC-E14S,0.3421733123177664,0.3601980806337774
CCCATCTGTAGCTGGG-E14S,-0.03816209263956608,-0.00765955285470398
AACTCTTCATGATAGC-E14S,-0.027462272649181305,0.003006237257858529
GGCAACTTCCATCGCC-E14S,0.08117107790642084,0.09893171628404665
CGGGTCATCACAGCAC-E14S,0.40933260603196003,0.366387197567711
ACGTTCAAGTTACCTC-E14S,-0.06671411157604312,-0.06672988178600484
GGGATATAGTGATTAC-E14S,-0.048457591072895594,-0.01555092680696939
AGAGTCCTCTTGAGGC-E14S,0.07953788920150617,0.10164835258751008
TAACACTAGCAAGCGA-E14S,0.00011873712862091323,0.02957559731084651
GTTCACCCAGTTGGGC-E14S,0.35268048575489575,0.38371432954014495
GGTGACTTCACATAGT-E14S,-0.017308625071441687,0.009716344247504583
GTTATCAGTAGTAGTG-E14S,-0.02885771127786906,0.004674448008486162
TGCTACCCAATGCCTC-E14S,1.1184061827318283,1.1482377617129216
ATTACGTAGCATCTAG-E14S,0.006366629679830066,0.02811465480901823
GCTAAACCAATACAGC-E14S,-0.033349179232313515,-0.00045537874429880856
ATGTCAACATTAGACA-E14S,0.006496132851412081,0.04032335934932901
CTTGCATTCGCGTCTC-E14S,-0.16914688766595018,-0.13849939884681484
GCACGAGGTCTTGACG-E14S,-0.024461946243452163,-0.008731362445452542
CTTCACTAGCGGAGTA-E14S,-0.012121980918873548,0.01303500501683205
GCCGAGTCACCTTGCG-E14S,0.15361486376044925,0.1706148960977281
GGTTAGCTCGCTTCCA-E14S,-0.026093044465438663,-0.03134008469364738
GGGCAATGTGAGCATA-E14S,-0.2275038622039888,-0.19553981611663332
ATTGAGGGTAACGAGC-E14S,0.425272729502915,0.44277456417875316
GTTACCAAGGTGCGTT-E14S,0.02535593842172547,0.06484154209702893
TGCTTAGAGATAGGTA-E14S,0.07136086977671595,0.09765541819799464
ATCAAGGGTCAAGTAG-E14S,0.12486481938611504,0.1582068278802077
AGCCTGACATCCCTAA-E14S,-0.019457520478789545,0.004735772545466386
CACTTCACACCTCGAT-E14S,0.42213399217823305,0.44863160937867025
ATCCACGGTAATCCGT-E14S,-0.9656044495664429,-0.9415551805976151
TGGAGGATCGCGCTCT-E14S,0.19444592301410143,0.1945769222220443
ACATCATAGCCTGACG-E14S,0.1236598260537525,0.15417432926936675
ACCGATTGTCTGGGCT-E14S,-0.21440445923438758,-0.1792216824670767
GTAGTTGTCCAGGTCG-E14S,-0.08936750205509636,-0.07294759498528919
TATCTCATCGATGCAC-E14S,0.31223177056218654,0.3351010897523551
TATCCCACAACATCCC-E14S,-0.13454599573094106,-0.10075010006775145
GCTCATTTCCGTTACT-E14S,-0.04354805051682448,-0.017686473550624512
AGCACTATCTATGCCT-E14S,0.00814719703866874,0.013179176805277143
ACCTTCACATGCTGCT-E14S,0.10299527355268781,0.13471088923794028
CCAAGGGGTGCGCAGA-E14S,-0.023210593068970303,0.009913107640514016
ATCCACAAGTAGGAGT-E14S,-0.03342655764848201,-0.01555092680696939
GTAGCATCACTTGGAG-E14S,-0.4634562147132273,-0.4247452645554167
CCGGCTAAGCTAAGGG-E14S,0.14677551588040733,0.17221491112780118
GCAATATTCCAATGTG-E14S,0.5067767290804449,0.5485859967945321
GTCCAAATCCCTGATT-E14S,-0.05284976292537541,-0.012015908755550832
GGTACTTGTTGGCTAT-E14S,-0.03897256140819226,-0.004645443983672842
GCTCCCACATCGTTGC-E14S,0.280336877842706,0.3030757683479569
GGTAGTAGTAGCTCAT-E14S,-0.17393024528308,-0.14491529240679762
AGACGTTCAAAGGTCT-E14S,-0.2331501747346164,-0.2050197979867655
AGAGGCTGTTGGTCAT-E14S,-0.2645929626591526,-0.2244321003261507
CAGCGAGGTTCAAGTC-E14S,-0.020677729885703752,0.00794723856034003
AGCCCTAGTCAGCACC-E14S,-0.10940425123182326,-0.08737394511729418
GCTCTCATCCACGGCA-E14S,0.4951070269929787,0.4220359869501864
TAACCGATCATCACAG-E14S,0.019714704221144526,0.05490790136429961
GCTGCCTTCTGTCTAC-E14S,1.090483534295921,1.0693484186063311
CGTTACCCAAACCATA-E14S,-0.010404742107630288,0.024080938266226593
ATCTATGGTCTGTGGC-E14S,0.17038374996199696,0.20708831590791763
CTCTCGATCCGCGCTT-E14S,1.191370483209417,1.2059769909585714
GTGTCCTCAGGCATAT-E14S,-0.8737161973757205,-0.846171472083762
GGCATAAGTTCCCATC-E14S,-0.03585956597050031,7.054945157092434e-05
AACCACGCAAGTTAGC-E14S,-0.19973802880343883,-0.17076867778790306
GTGGACCCACCATGAG-E14S,-0.03586216647610119,-0.0015522300407751757
ATCCACAAGCTAGTAT-E14S,-0.024418420438073137,0.0011519021066094415
CCATCAGGTTGTCCAG-E14S,-0.04167647545453708,-0.01555092680696939
TAACGCGCACTCGCAT-E14S,0.27920783094172885,0.31349039049030686
ATTCCTTGTTCGATGT-E14S,0.3443215588057669,0.31374638077045985
GGCCTAGTCCGTCCTA-E14S,0.0006611384276570334,0.02856962837326836
CAACCAGCAATCTCTG-E14S,-0.04371935443319992,-0.0043783109932286025
ACGAAGGTCAGCACCG-E14S,-0.05152265512864492,-0.011957011420472216
AGAGTCCTCGATTCCT-E15S,-0.1698355566918836,-0.22191188420017685
GGACATAGTGGCGACA-E15S,0.17284659073454717,0.12561641604863355
TGGATATTCACTCGCC-E15S,0.09885346371219833,0.05873923118635599
CAGTCCTCATCCACTA-E15S,-0.12225011440299188,-0.17656924097182566
GGCTATTGTTTAGGAG-E15S,-0.06722547551994199,-0.13592402292487732
CTACGAATCCCTGTCA-E15S,0.06552360388459186,0.020878659361057983
GTAGGTGAGTGATACT-E15S,0.10890157772602968,0.04886071288618172
ACCAATGTCACCAATG-E15S,0.1752594003042851,0.10138412506826837
TACGGGCCAATAGGGA-E15S,0.1675720339821964,0.08647062100770969
CAATATCAGCCTGGAT-E15S,0.00549186314878386,-0.054317607707977035
CACAGGTTCACTTCGT-E15S,-0.004252946202602026,-0.06494958734016433
GTGGGATGTTCCCGAA-E15S,-0.13542788414465579,-0.1988975140615672
CAATGCATCCCGCGTT-E15S,-0.03871141426456345,-0.06823984489608077
GCTAATGTCATGCCTT-E15S,-0.04591021184482967,-0.1038004198374495
CTACCGCTCACGTAGC-E15S,0.054538294392070266,-0.007067367908809974
CGTCAAATCCGGGCTA-E15S,-0.05008439223743402,-0.116930964311314
AGGTATGGTCAATCAC-E15S,-0.042505557709598366,-0.1141376517264101
CCACGTAGTTTACCAA-E15S,0.012834189277073187,-0.03990985620535681
CTGCTGCTCCATCCAT-E15S,0.03792169524684266,-0.04294804564799385
CTGGGCATCAGGCTAC-E15S,0.04810976547647688,0.03414854352062317
ATCGCCTCAATTCAAG-E15S,-0.17724641503849628,-0.20926115374366897
CTACATGAGTGAGGTG-E15S,-0.12970055213402198,-0.19577975092470248
AGCGATTCAAGTCGAT-E15S,0.05103616243356373,-0.02584703658911916
GGGGTAATCGCGAACT-E15S,0.009466156551755436,-0.07420553467946354
ACACCCTCAAGCCACA-E15S,-0.08782639665991573,-0.1586550618387432
GTCAAACCAGCACTTC-E15S,0.14292196733841356,0.10948761400435346
CTACGTCCATCCGTCG-E15S,0.10472209778713595,0.032822921634993917
TCCCAAGGTGACGAAC-E15S,-0.020243319947511426,-0.085785581241004
TCAGCTAAGGAATGGT-E15S,0.054994319336874535,-0.01684088837815201
TGGACAAGTGCACCAC-E15S,0.026592221214074334,-0.002440404799758422
TCTCGCGCATAACGTA-E15S,0.07161714963798535,0.03661832768152722
AGCCAAAGTCAACCAT-E15S,-0.012704255133379583,-0.04380110917585638
GTACTAACATAAGGTC-E15S,0.02896425507660673,0.009932873589436087
ACATGCCAGGGTCTCG-E15S,-0.10086251201930306,-0.11440339310419026
GCTGACTAGGGTAGAT-E15S,-0.241401658852922,-0.23350210945881314
GCCCTTGCAAGCCGGT-E15S,0.057151434978932714,0.021261207267376694
ATGGTTACAGGACACC-E15S,-0.14646576587608018,-0.21345841908885937
TCAGGTCAGGGGTACA-E15S,0.028687006363856217,-0.04353322493757774
GGCTGGTCAGGAACTT-E15S,0.06152557717529292,0.0012256195863849884
GGTCTTAAGCCTGATA-E15S,0.16830973363399152,0.1048442058194026
TCGATATAGCTAGACC-E15S,0.07805332318366415,0.024848526013933243
TGCTCAAAGCTTCCTG-E15S,-0.3121502439332314,-0.3687472854707906
TGGAATGGTCAAGGAC-E15S,0.12527452245927137,0.09232846588935938
ACCCAGTAGCGGGTAA-E15S,0.266524899432681,0.18954173406831099
ATCCAAGTCCCTGGCT-E15S,-0.359053433173714,-0.42586965174220914
ACATGCATCAGTAGTT-E15S,0.059492367410747135,0.006855006192298772
AAACCATTCGAACGCT-E15S,0.1313521930362078,0.0871374194184819
GGCAATTCACAAGGTT-E15S,0.07977755075827729,0.025060352890403554
GTGAGCAAGGTAGCAG-E15S,0.07618811286841888,0.03265689836725352
CTCTAATCAACTAGAC-E15S,0.05223532975171717,0.03652039885914199
ACGCTAATCATGCCGG-E15S,0.18946460952308736,0.11585889775134965
AACACCATCCAGGTCG-E15S,0.12303915796181175,0.06344260661169464
TCTGCCATCGACCTAA-E15S,0.2890774319045881,0.21766091079198688
AGTCCAGCAACGGGTC-E15S,-0.06410426919994883,-0.05202786394772055
ATCGTACGTCAGCCTA-E15S,-0.3094484413740698,-0.3655133211299037
GCGGGTTCAATAGTCA-E15S,0.06411079804312222,0.020709059803513497
GCGCTAGTCAGCCACG-E15S,-0.018040255245560827,-0.029480852388056016
CAAACTTAGCGCTCAG-E15S,-0.026076911359019253,-0.06638525211976258
CGATTTAGTTTCGAGT-E15S,0.2783314376680424,0.21246675980600024
GGACCCTGTGCAACGG-E15S,0.1172833312608519,0.06672405103312262
ACCTACCCAATCGTAA-E15S,0.0910436130603177,0.03424964121985384
AGTGACAGTATGTGTC-E15S,0.03999240065441851,-0.011996878188996161
TGCCATAAGGATTGGG-E15S,-0.10261751748161482,-0.16758863154078424
AAAGTCAAGTACGGAG-E15S,-0.06620208676975356,-0.11156867935686791
CTTGATAGTTCTGTAA-E15S,0.19448212922446495,0.11392987015908726
CGACCTAGTCTTGACG-E15S,-0.27351939837440004,-0.2792845559479501
ATACCATAGCATATCG-E15S,-0.029155598454327872,-0.06293609258830406
GTGGGATGTCATGCTG-E15S,-0.2754059392339843,-0.352254968765779
CAAAGCTCAAGCTCAG-E15S,0.06703275793855776,-0.002758995880098997
TCCCAAGGTTCGGCAC-E15S,0.09275954920352113,0.026451381551760064
CACAACATCCCTGACC-E15S,-0.6155387211989767,-0.6937381406173139
TACCATAGTTATCATG-E15S,0.02749454940378654,-0.04045005456202052
CTTAGTGAGTTGGACC-E15S,0.028496139543254046,0.006000297886166312
CCACGAACAATGACAC-E15S,0.1465469354304068,0.1312153073827756
TCGGTATGTTGCAATC-E15S,0.21580976292763931,0.13319854060602396
ATGCCCAGTTGTCTGG-E15S,0.06310757112064566,0.02951506263858664
ACTCACCCACAAGCTG-E15S,-2.1325793940243116,-2.1369712120385427
GTCCTATTCCAGCTAA-E15S,0.005832695230814033,-0.03013244060995681
ATATGGCCAACTGTGG-E15S,-0.06697011911167006,-0.09550332119571432
AGGTTGGAGCAATCGC-E15S,0.14240912477717718,0.11585400087628295
AGCCGATTCACAGCCG-E15S,0.2693679303727544,0.18992579190779393
TACAAGCCACTATATC-E15S,0.19501251258757735,0.11951345250928203
AACTTCCTCGCTCACC-E15S,0.14612482989621836,0.11288239792286489
CTTCGTTAGTCGATTG-E15S,-0.09243620255784393,-0.16680989865944923
ACACTCCCAAACTCGG-E15S,0.010722615943148897,-0.055893698784996525
TGGCGATTCCTCATTA-E15S,-0.027281215299782918,-0.08559323804442653
TGGTTAACACCATGCT-E15S,-0.6212088345451504,-0.6357614206956069
AACATTGCAGCCATTC-E15S,-0.14439636646273132,-0.15665869800915838
CACCTCTGTTCACGCA-E15S,0.04328828397329249,-0.030709493984467068
CGGACAGGTTGCCTGA-E15S,-0.20571392052734855,-0.28157220016723133
GGACACCCAAACTACA-E15S,-0.24933660820295775,-0.28283907088876803
CCTTAGAAGAAGGAGA-E15S,0.1668375227028306,0.10849515874887383
AACCCAATCTAACCAG-E15S,0.2598720182815539,0.17562491342551753
ATGGACCTCGAATCTG-E15S,0.12316016814593331,0.08475325155358726
ACCATATAGTCGATCA-E15S,0.0687706028271825,0.028827206668192905
GTATGCATCCTGATTC-E15S,-0.14819353568907181,-0.22582084772341338
ATCTTGCTCACGGCTG-E15S,0.042710653709306205,0.008881393832853099
CAGGCACCAAATCGTA-E15S,0.18242061908722587,0.17104053552990853
ATAACGTTCACGCCGA-E15S,0.03719646115634358,0.03212928764909126
GTGTTAGTCCACGGAT-E15S,0.06446705095599056,0.0011933001299087112
CAGTCAATCACGGAGA-E15S,-0.2834750780705609,-0.35066256115046157
ATCCCCATCGTACACA-E15S,0.15988658211678636,0.09255643680656529
AAGTACGGTAGTCCGC-E15S,-0.2759736728944468,-0.3435978321391684
CTTCAGCCATTACCGC-E15S,-0.2766834688171413,-0.3175299605774774
ACCACTAAGTCAGGGA-E15S,0.11255550697404007,0.09315595688668916
TGGAATGGTTTACTCT-E15S,0.12273227982943816,0.0435323744826501
TAGTACCGTGGCCTGT-E15S,0.04640827250508788,-0.016859934005200045
GCCATAGCACCTCGTG-E15S,0.08053445237067787,0.005495145765732442
CCCTACGCATTGGCGA-E15S,0.0015412514939688177,-0.02468593935950998
CCCAAATGTTAATGGG-E15S,0.191893899026968,0.11686583630955978
ATCACAACACTAGCCT-E15S,0.059853534299918756,-0.012995089450168378
ATCAAGCCACGCCATT-E15S,-0.05748614742460296,-0.048520610403344815
GTGCGAGGTCAATCCG-E15S,0.10672174547727274,0.04387086699042272
AGTGCGCCAATCTGCC-E15S,0.191142152197049,0.11126522931553805
ACCCATAAGGCACATC-E15S,-0.05905657118200222,-0.09638078871231064
GTTAGCCAGGCATCCG-E15S,0.14212749794756302,0.08291801687071503
TGCATATAGTCAGGCT-E15S,0.13139271885489867,0.0925383171837164
CCGTACCTCATGGCAC-E15S,0.525747866228802,0.5008807556270599
CGTTCCGCATGGCTAG-E15S,0.25527868145203475,0.21682266057571306
TAACCAACAAATCACA-E15S,-0.052950978187227604,-0.14577559863161957
TACTACCTCCTGATTC-E15S,0.14122426752693454,0.09954576904014055
GGTCTAATCCATTCCG-E15S,-0.07290171261143544,-0.09341774961357256
CCACGGATCACGGCCA-E15S,0.06648430160477856,0.048174181747743926
GCCACTTCACTAGTCC-E15S,0.06568069694349322,0.01478805021077907
CTGTGATGTGACTCGC-E15S,0.16613403537254715,0.07079958482441993
GTACCAGCAGCATGGC-E15S,0.05304004701750083,0.005729044452454458
GGCGATTTCTGTGCCC-E15S,-0.05010367971040973,-0.06902463575039122
CTGCCTTGTTAACTGC-E15S,0.17123921550715582,0.11091390700986652
CGTAGGGGTTTGGCAT-E15S,-0.11414964252513904,-0.15655937253137495
TATGCCCCATCAATCT-E15S,0.10543898841794609,0.02437693601942209
ATCTGCAAGGCAAGCA-E15S,-0.08335457896442137,-0.13452715310041105
TGTCCTTAGGTGCTAC-E15S,-0.10583751380194041,-0.10582277159639301
CCTTGGGAGTTAGGAA-E15S,-0.20546168542173737,-0.23974228029195277
AGGAGCCAGAACGGGC-E15S,0.02584903647577303,-0.04763505038889019
ACCCTAGGTTAAGGGC-E15S,-0.004001897253153641,-0.03536581399394196
ACTATTGGTCATCCTC-E15S,0.08525798467910171,0.0680275511994387
TAGGCCACAAGGTCAT-E15S,0.17148199359004054,0.12698967342809978
ATCATGGTCATGTGGC-E15S,-0.029809326216906032,-0.11203688709818506
ATCCTAGAGATTGCGC-E15S,0.3074754815487234,0.23572956487103536
CGCAAATCAATCTAAG-E15S,0.03980281647631729,-0.014210167029471569
GCTGCCTTCACAGACC-E15S,0.04529635417303859,-0.00855859207431349
GCCACTTCACAAGCGC-E15S,-0.001088613804661534,-0.03211298054965005
TATCAGTAGCAGGTGA-E15S,-0.10322893314668274,-0.1588435808459588
CTTGTGTTCATGCACA-E15S,0.01425284800157553,-0.059729730314677675
CACTCGCTCATGTGGC-E15S,-0.033542320349420576,-0.11185834345817423
CAGTTAACACTTGCTA-E15S,-0.15638830796929543,-0.21697981590724746
CATACCAAGCATCTCT-E15S,-0.1506672409232747,-0.16424630361240752
GCCTCATCAAAGGAAT-E15S,-0.17337732497992123,-0.23574719958808543
CTCATTATCCGTAGAC-E15S,0.1885058603584261,0.15351995317952954
GCTTTGAAGTAGCCCG-E15S,-0.12995837642251723,-0.2034200313720672
TGCACAGCACATTCCA-E15S,-0.14396182709458993,-0.1686976469925347
TGGCTTGGTTTGGTCG-E15S,0.052032984933005594,0.021055715348417756
TAACCGATCCCATGCC-E15S,-0.09231483645230858,-0.11825364274170995
GCGACAGGTGAGGATC-E15S,-0.24223981956671392,-0.3301540460426205
CATTGGGCAATCGTCC-E15S,-0.38191494892342603,-0.4513271272179146
CTAGAAGGTGAGGCCA-E15S,-0.053245702574456405,-0.09440838704930268
CCTCTTGAGTGAAGTA-E15S,0.11926759116315677,0.05107042852023893
ACTGCCCTCACCCTGC-E15S,0.13330442279036409,0.0813553354438343
AACTCAACAAGCCATG-E15S,-0.030115735668895825,-0.06017295822520269
ACAGGTAGTTGAGTGA-E15S,-0.15848777262197863,-0.19023873610636546
ATCTGTGAGGTGGACA-E15S,-0.0628319421357239,-0.09430353318287671
GTCCGCTTCGCGAACT-E15S,-0.04010221767801754,-0.120260064454454
ACGACGAAGCCACTCC-E15S,-0.00829573643565739,-0.05057800228069489
CTCATCCGTTGACGAA-E15S,0.05261944684391964,-0.0257895611553408
AGTGCTTGTGACTTCG-E15S,-0.04088322001827252,-0.054616026255866174
ATCAACTAGGCTTGGT-E15S,0.22238040289360672,0.16344900097218085
TGCTTAAGTTGTAGAG-E15S,0.0013126706663963011,-0.018501227757947665
TGTGCCAGTCAAGGTA-E15S,0.2821809089305939,0.22742329741873937
ATGCCCAGTGAGCGCA-E15S,0.21874373262495053,0.12463051639542967
ACCACGTAGTTGGCTA-E15S,0.16849215751653696,0.08955570626436715
ATGGTGAGTTAAGTGG-E15S,0.07826476547107702,0.07539195906462061
TCTGTGAAGAAGCGCA-E15S,-0.0023098257039112363,-0.0751484970754344
CACGGTTAGCTATGGC-E15S,-0.26778602744753355,-0.2935203791038051
GCTCTATTCGATGGGA-E15S,0.034302659747748133,0.029518001968097386
ACTCCGCTCCCGTTGC-E15S,-0.05968327782677674,-0.05792764059215477
CAATTAGCAATCTGCC-E15S,0.09995305871544256,0.018098698457602327
GTTCCCGCAACATCGG-E15S,-0.10149979372878933,-0.16279860838777668
GCTAGGGGTAATGCTC-E15S,-0.018531877563232955,-0.031040290768331504
TCAACCAAGTCGAGTC-E15S,0.005069714244120699,-0.055254292415126485
AAGTTTCAGGATGTAA-E15S,-0.4648636370712888,-0.5138313506396338
GTCTAACGTAATGGTG-E15S,0.2835439400402078,0.2785240312117761
TAATAGCTCCGTTAGA-E15S,-0.12073667636488673,-0.1941800454897218
CGTATCCCATGATTAG-E15S,0.021125398424960556,-0.012860117463171852
CCACTATTCCCGCACT-E15S,0.09602674937443319,0.08655158399348564
CTGACAATCGTTAGCA-E15S,0.21186210669543332,0.1898317049078407
TAGTCCTTCGTTAGTG-E15S,0.11364133276575689,0.04590553189333665
TGCCACCTCACACCAA-E15S,0.055628427267613356,0.026391575494780252
CAAGATGGTCATTACA-E15S,0.04780072355832486,0.021077093380023566
AGCGAACGTTGTGCGC-E15S,-0.08115400379271218,-0.11528216290863127
TCTCGATTCACCAAGC-E15S,0.09230034638240339,0.05245778314572721
GCGACTTAGTGAAGGT-E15S,-0.29435417283507864,-0.3174196448677581
TCCATCCGTTACACGT-E15S,-0.13120682302118095,-0.16685021182061496
CCATTAAGTTAAGCGA-E15S,0.026344937637622738,0.02796703391847059
TGCCTGCTCATGAGCC-E15S,-0.09006679224123448,-0.13437875478667205
CCGCATTCAACCTCGT-E15S,-0.042729306694095984,-0.08581595044245134
ATTCGGGCAATCAGGT-E15S,0.14591793360695257,0.07688201560261165
ACAACTTAGCATAGCC-E15S,0.0025421611120331616,-0.00891544915392851
AGTCGGGGTAGTGCTT-E15S,0.07798424562852506,0.08272912407839993
CTGATAGTCACGCACG-E15S,0.009833413717749054,-0.0609166000555458
GCCGTTGAGGATCATT-E15S,-0.09435746785918456,-0.16025341258812306
GCCACTTCAAACTGGT-E15S,-0.03924166767279117,-0.05264902352084764
AAAGCAATCCACCGTC-E15S,0.22920236453669257,0.20738925740607567
AATGTGTTCCTCGTCA-E15S,0.10941613009980428,0.03172775201646581
TCCCCTAAGCGATCAC-E15S,0.11155561896032545,0.04656970385699763
GTAACCTGTAACGCGG-E15S,-0.04203164714107045,-0.06223102744288712
CCACGATAGTTACGAT-E15S,-0.10571448380018393,-0.13068212216802486
GCGAGTTTCGTGAGAG-E15S,-0.27594588459174973,-0.29427918870382297
GCAATGAGTAAGTGGC-E15S,0.17189424961142774,0.14333903018299993
TACCCAGGTTTAGCAC-E15S,0.005812516477491236,0.017235926124002324
TGCTACTTCCTGCGAG-E15S,-0.237599511922665,-0.28636675322316807
TACAGGGAGCAGGTCT-E15S,-0.17616178237198699,-0.1975588694665085
CGTGATTGTAGCGCCT-E15S,-0.021019837388250195,-0.03222898916283666
AATGAACGTTGCTTGG-E15S,-0.08726608881958833,-0.11334087805310407
CACTGCCTCCTCACTG-E15S,0.07741847970607174,0.07278415489153461
GCTTGGGTCACTGGCG-E15S,-0.20204934870173685,-0.22544855768138936
CACTCACCATCGATCC-E15S,0.02599740532833565,0.02063854037179558
CAACGGGGTAACTCTA-E15S,-0.07082249503114223,-0.08354243540951357
CAGCTATGTATGTGAG-E15S,-0.009754124308351875,-0.06888576177140841
GCCTCATCATGGCTTC-E15S,-0.17313894701779686,-0.23557757810802102
AAATGCAAGTATGGTT-E15S,-0.19087080014590282,-0.20194397510987808
AAACGCCTCCGCTGTC-E15S,-0.05720519643712167,-0.0916651659336569
ATGCTGATCACATTCC-E15S,0.13159674364059373,0.13608540378091394
TCGCAATGTCAGTAGA-E15S,-0.03942182530862477,-0.06286760683888482
CAATTGGTCATCATCC-E15S,0.1224495004991736,0.05259098067436717
ATGTCAACATGCTGCT-E15S,0.16100565550333967,0.07623444511503667
CTCATGTTCCGGGCTA-E15S,-0.15397816245538726,-0.17608645150034846
ACAGACAGTTAGGTTC-E15S,-0.02992268601297804,-0.09631576310276989
TAATAGCTCTCACCAT-E15S,-0.12954116021517312,-0.14871844370810822
CCGGAACCAACTCGCT-E15S,-0.04285199173249618,-0.10951902189651751
CCGGATTAGAACCTCA-E15S,-0.09421398408804166,-0.0999171857946411
GTTCATGAGCATTCAG-E15S,-0.07864793958479323,-0.09853107613431014
AGCCACTAGTTACACG-E15S,-0.2515285680595369,-0.24377652527899235
ATCATGGTCATGCTGA-E15S,0.23536931957135745,0.14267070274786828
AGCGGGACAGGAACGG-E15S,-0.018261331148779078,-0.03662897932887757
ACGGGTTTCACGCTCC-E15S,0.15633484058429697,0.11211598486835239
CTTGCATTCAGTAGTT-E15S,0.18600484909108508,0.20764735935933198
CTTGTCCGTGAACCGG-E15S,-0.08363653823285752,-0.08419934829414366
ATCTGAGTCTAATGCG-E15S,-0.042463869608646114,-0.0982722217569174
TAACAGCCAAGGGCAG-E15S,0.34846659720839945,0.28163908111319713
TGGTTCCCAACCAGGC-E15S,-0.09727643556230939,-0.10267623693727974
GCACCCTTCCATTACC-E15S,0.29562519190793063,0.25424498229626513
TGCAAAGGTAAGTAGT-E15S,-0.008220116927662044,-0.025807165889284774
CCCGTTGCATGCTTCA-E15S,-0.20325593532531525,-0.22306183695912526
ACCATTGAGCGCAACT-E15S,0.21648972473363046,0.13402206684599619
GGTTGGTTCGCTAGGT-E15S,-0.1328752630649571,-0.1553821625359476
AGCAGCAAGCGGAGAC-E15S,0.12186863235593096,0.09110736141342198
TCCCACGCAACCCTTA-E15S,0.11623660953441023,0.051715813184698575
GGGCAGACACTCAATT-E15S,-0.14642258236885008,-0.21789251843309365
GTGTTCCCATCACGGA-E15S,0.03155674604723789,0.006751489144131182
GCGGAGACAATCATCT-E15S,0.09126498041696154,0.04830680804932832
CTCCTAGTCCTTCCAG-E15S,-0.012520863454545575,-0.08938639657881134
GTGCATTGTGCAAGGT-E15S,0.17309720726315697,0.08745141888770983
CGCATCAGTTGTAGGA-E15S,0.07575516611092939,-0.0022866395993282012
ATGCCTAAGTCGAGCT-E15S,-0.13395521452190937,-0.13559531008907985
ATCCAATAGGCAAGGC-E15S,0.020647690547844072,-0.015388925470668103
GCTGATGCACTAATTC-E15S,0.12029353924559523,0.08046410637864194
CAGCCAACATTCATGT-E15S,0.12574359593856205,0.10814453670381181
ATAACCACATGGTAAC-E15S,0.19848011334363316,0.17141125832346193
CACCGCTTCCCAATGA-E15S,0.17179263105523318,0.086925481611267
GCGGTCATCAGGACGA-E15S,-0.13412200741454014,-0.14052759192448658
CTGCTAAAGATTCACG-E15S,-0.1389966778144589,-0.15531388864055307
CATCCAGGTTGAGTAG-E15S,-0.10900300173272992,-0.11640913555251431
AACATAGAGCTTACCT-E15S,-0.8380290785429891,-0.870571768590968
AGTCATTAGTGAGTAA-E15S,0.04524104867398258,0.03630542823455962
AACGCTTGTATGGGTA-E15S,0.14954748237282947,0.1340987655625586
CTGATTTCATTAACTC-E15S,-0.26655761695633867,-0.35292598538482334
TACCTGTTCCAGAGGA-E15S,-0.5387789651335539,-0.5596667497090513
CCTGCCACAAGGTCGC-E15S,0.06890024415501225,0.012956640701909859
TGGAACCTCGATTGCA-E15S,-0.4062907782796209,-0.4578579929742333
TGGCTGACATTCGCGT-E15S,0.0715734408613728,0.03388605343295192
CTAGTCAAGCAGGTGA-E15S,-0.2710490704099521,-0.26281863660051064
GTGTGGCCAGCTATCC-E15S,-0.5258983347000331,-0.5461915454039264
AATCCCAAGTAAGGAC-E15S,0.10230102123484705,0.0874383294784842
ATCCATAGTTTCCAGG-E15S,-0.11735508842240983,-0.14008006570861473
AGTATGTTCCATAGCA-E15S,-0.13919971072935744,-0.14953139840644225
GTAGTCATCTGGCCTC-E15S,-0.20740605268997425,-0.22149196513485012
CATATTGGTGAGCCCT-E15S,-0.2340303424494965,-0.21389431675878195
CATTCGAAGTACGCCG-E15S,0.016351968673284423,0.01151396855340061
CTGGCCAAGATTGCAT-E15S,-0.056500939229971535,-0.09303217054783572
TAGTTCCTCATCGTTC-E15S,0.001975102256710104,-0.08372583965045524
TCTGCGGAGAAGCATA-E15S,-0.5874482830925174,-0.6167518502406852
TGCTTAGAGGGTACGA-E15S,-0.07522160090168777,-0.0977032369386218
CGCCAAGTCGATCCTT-E15S,0.09504422925839306,0.025160520361248793
GTACGTTGTAAGCATG-E15S,0.12663165515358507,0.11808206331881645
ACATGCATCCGTTGCC-E15S,-0.005620713614788317,-0.07233970964167313
ACGTGGTTCTAGTCTC-E15S,0.1106732851697396,0.06228945642363162
CCTGATCCAAGCACCA-E15S,0.04381443724179476,-0.010154095271198043
ACTCCCGCATCCTCGG-E15S,0.09294394776336455,0.07171298576868454
CTTCTGGTCCGTATGA-E15S,-0.03038677237863851,-0.0656800246172484
AACACCTGTGGGTTAA-E15S,0.08338517032894392,0.020696575434203796
CGCGAAGGTATGTAGG-E15S,-0.035867587666582657,-0.12373968082603783
GTATTCCTCGAGTCTA-E15S,-0.45577956591222946,-0.5282824096663652
TGATTCCTCTAGCGCG-E15S,0.06651922269659502,0.03756872825605363
TACGAGGAGCCATACA-E15S,-0.14902420676086867,-0.15353296619841172
GTCTACTTCTCACTTA-E15S,0.07474535388539592,0.05493442717868412
TGTACGATCAGCAGTC-E15S,-0.1875927550222033,-0.20115945438589164
GTGGAACGTAGCCATT-E15S,-0.2862954645700051,-0.3282157937928252
TCGCAACAGCAAGGAT-E15S,-0.6669441528449795,-0.6767633300187055
CGTAATGTCATCAGTG-E15S,-0.11387255986076061,-0.1457786966021023
ATGCATTAGGAGGCAC-E15S,-0.0003495285559859673,-0.0793623697571192
CCATGCCTCACTTGGA-E15S,0.011770065291121921,-0.015069319262883872
CCACATAAGCTTAGAT-E15S,0.12546154854244462,0.12954049579540897
AGTTTCCTCATATGGT-E15S,0.008282296478557633,-0.05122849088228071
GGAGAAGGTTAGCCAT-E15S,0.018643735780193106,-0.01193807909502368
GGTATCTGTTATGACC-E15S,-0.21918293034245284,-0.25147579873308773
AACCTTAGTTCCGTTC-E15S,0.04852724169273642,0.008920080825804736
TGGTAGCTCGCGCTAG-E15S,-0.12550822475334802,-0.15973106224416073
TAAACGAAGGGCTCTG-E15S,-0.24548816591592368,-0.24973500119272826
CGTTTAAGTAATGTGG-E15S,-0.11181911541261325,-0.131772213289973
GGCTGACCATGAGCCA-E15S,0.06486452909583951,0.031971466743549996
CCGACCAAGTGCTGCG-E15S,-0.10804720962802533,-0.12235678488616207
TCATGTGAGCAACTGC-E15S,0.06681842353201324,0.060833794915663895
AGTATTCAGTTGGACC-E15S,0.016078012826788474,-0.011912922421728972
ATGTTAGCATGCGTCT-E15S,0.27887486596305366,0.20139063304197344
CTAAACCGTGAACTAG-E15S,-0.036190099048077906,-0.041753274484242285
CAGCGGTCAAATGGCT-E15S,-0.06875548462018184,-0.0976509472577227
CCTCACGCAGCCATTC-E15S,0.04074140217592827,0.0259727384511989
TCTCGCGCACTAGGTG-E15S,-0.34822917060812586,-0.4307977376197244
CGACTCCTCAATCCAG-E15S,0.41250719815913445,0.34281814571921576
CGTGGATTCCTCAATC-E15S,-0.16508646034256885,-0.19042996731185768
CGGATTCAGTTAGCGC-E15S,0.20588573063284546,0.19532516995399268
AACGCTATCACGCTAA-E15S,-0.16366842630775158,-0.19431434834739372
TCAACATAGGCTCTCC-E15S,-0.03199513802725737,-0.0887125701543091
CACGCCAAGGTACTTG-E15S,0.024699016788206452,-0.0026862462904157186
TGGGGTTTCCTCAACT-E15S,0.15992107765102578,0.0990379397460926
ATGCTAGTCCATCTGT-E15S,-0.443132453634728,-0.45324953766116544
CGGGACTCATGCTGCT-E15S,0.23630135803995933,0.1928989617025799
CATAGCGCAGGATGCC-E15S,-0.12881954337655102,-0.1270841502286128
CTTAGGATCACACATG-E15S,0.16333458324466152,0.13075956724441753
AGGAACTAGCAGGTGA-E15S,0.38261760091949437,0.3396392415782716
TGCAAATTCAAGTCCA-E15S,-0.20771489763956263,-0.21305591051623476
AACTGACCATAGATCA-E15S,0.040337153092715704,-0.0449058496335337
TGGGACAAGTTAGATC-E15S,0.2239425487369832,0.14578063085969892
CATTTCGCATAGGCAT-E15S,-0.5459683929823976,-0.5524774194338735
CGAGTCACAACCAGTG-E15S,-0.23533524036897463,-0.2551150699967027
CGATGTCAGGGGTAAT-E15S,0.07345160170209954,0.08157454923120341
AGCCTTGGTAACCCAT-E15S,-0.16967778215205964,-0.22780230176330052
GCTTCCATCTTGACAG-E15S,0.08325420927502075,0.06065796833475628
CAGTACGCACAATGAC-E15S,0.04561686524940513,0.03360123163524287
CTTAGCAAGGTGAAGT-E15S,-0.010958737241339334,-0.08290519894743031
CAACCAGCATTCATGT-E15S,0.04430547094436367,0.026678548224997566
CGCCTTGCAACATACA-E15S,-0.23418415545089669,-0.2889961928880425
GGTCATATCAGGGCTT-E15S,-0.11414253063388627,-0.15579398541881825
GGGATTGAGGCACACT-E15S,0.0995642145861991,0.05512395671145511
ACTCCTTAGGCATCGT-E15S,0.06308843312311208,0.0215422053128208
CTTGTGTTCCGTGCGA-E15S,0.14162885226738647,0.06745249719459404
AACTTCCTCACAGCGT-E15S,-0.07614398101592035,-0.09164790498527935
GTATTCCTCCAGGGAA-E15S,-0.32948192638561824,-0.3564834922492115
CACCGCTTCGTTGCCC-E15S,-0.008312753798788042,-0.08630239521702499
CCCAACCTCACTCAGA-E15S,0.011953190567785755,0.02722466216945255
GGGTACGGTAGGCGAT-E15S,0.07404533294867352,0.050873264582017866
GCTCAATGTGGGTACG-E15S,0.06427163356810171,-0.010603058580257738
ACACCAGCACATGAGT-E15S,0.11266228086933788,0.09173028743691349
GCGTAGCCAAGCCGAC-E15S,-0.000207837614126051,-0.040764939156594696
AAGCATCCACATGAGT-E15S,0.13043177635632647,0.09269247515832066
ATAATCGCATCCAGCT-E15S,-1.0517432355429386,-1.1190514278514792
AATGGCTCAACTCGCT-E15S,-0.10962768314995489,-0.17589173344767492
TGGGACAAGGAATTGA-E15S,-0.25989971115918997,-0.28901514292086666
GCTAAATTCGATCCAA-E15S,0.18277272611037998,0.15066728836103357
GCTTCCTGTTCCTGCT-E15S,0.06916125703849942,-0.038730962106473435
CTTACGAAGCTGAGAG-E15S,0.057264227294003475,0.053438053642994796
ACTCCCTGTAACTCGT-E15S,0.2657867534326021,0.1850807647490123
GCGTAAAGTTGCATCG-E15S,0.11613034717835069,0.06358715167110758
GCCCTCACAATTGGCG-E15S,-0.30731847414026425,-0.34022961452561046
AACGATGGTAGCCAGG-E15S,0.25291696677573244,0.19979894980610002
CTTACTATCACTTGCT-E15S,-0.03522134232632748,-0.04984326535697043
ACAACATTCCAGATTG-E15S,0.08554005050736935,0.045978547846896686
GCAACATCAATAGGGA-E15S,0.1182702410736533,0.06994758559399693
GCCATCCTCCGCTAGG-E15S,0.09063156336478295,0.060467630586841487
AAGTCCATCCTGACGG-E15S,-0.04434186388786886,-0.03966549483859315
CGGACTTAGCTTACAG-E15S,-0.030271254052613675,-0.05767708034692507
CATTCGTTCACCATCT-E15S,0.025872890864094604,0.002631170626988551
CTGTTCCGTTGACGGG-E15S,-0.6145553918495065,-0.6375699986172346
TATCGCTTCACGGAAG-E15S,0.04198532574020823,0.02243065994670247
CCATCATTCCCAATCT-E15S,-0.1294128180469571,-0.14009100167096697
TGCGATGCAGTTAGGT-E15S,-0.22223484681762076,-0.25381954500766124
CCTGGCTTCGATGCGT-E15S,-0.015117468446434162,-0.04574711734158532
CACCGTTCAAGCGATT-E15S,0.021476925144684925,-0.03125924318969882
CGGCCTAAGTCATCAG-E15S,0.07399358000688586,0.02764644171568714
CGTCAGTAGATTGATC-E15S,-0.5080582751449108,-0.5549744987435413
AACCTAGTCAAGTGAA-E15S,-0.20665631337594703,-0.2606277251720528
CTGGGGTCAAGTGGTT-E15S,-0.07068132813675072,-0.08877211200777105
AACGATGGTGGCCATC-E15S,0.0685978344091152,0.024289849823680723
CGCTCCACAGGCAACC-E15S,0.03352504936074729,0.014969374848668405
GGCATAGAGGCGTTAC-E15S,0.06861708650244677,-0.013749502276805567
TCCTGACCATGACTCC-E15S,0.004252321942654541,-0.03298518752343355
CTGAAAGGTTTGATTG-E15S,0.025952272226090964,0.032114145811399646
CAAATGAAGGGTGAAT-E15S,0.07257038025409603,0.016215794321497674
CTCAACGGTTTACTCT-E15S,-0.8776625924850389,-0.9572681657504527
TGCCACCTCTGGCTGG-E15S,0.1253574828197325,0.11951681240493332
ACGAGTGAGGTGACAG-E15S,0.0936003027812268,0.0819261554452662
CCGACTAGTAAGTAAC-E15S,-0.03636405663996775,-0.07471693822241479
TAGGGTGAGAATCACT-E15S,-0.2384863893940246,-0.2674332617463918
GCTACTGGTGCATCCA-E15S,-0.009115268232570271,-0.056221562541115606
CATAGCGCAGGTTCAG-E15S,-0.024373842737422782,-0.05076655662708438
ACCTACTTCCGCACTC-E15S,0.04651332579172832,0.06106369291603996
GCAAAGGTCCGCTGAG-E15S,-0.04817049433701898,-0.09420239183977834
AGGATTGGTGATTCGT-E15S,0.19786885825427106,0.17107888766794355
CGGACATTCGATGTCA-E15S,-0.09500043105142933,-0.10550548715060815
GTAACCTGTGAGTTGA-E15S,-0.037571206585933395,-0.05300519589433092
GGCATCACATCATCTG-E15S,-0.048438719852037196,-0.11635343053197111
TCTATTGTCAGTAGGG-E15S,0.08628910803124466,0.06059909613340178
TCATTAGGTCAACTGT-E15S,0.05122461699270915,-0.013333282897222415
GGTGCGAGTTTCCTGC-E15S,-0.23699207277226098,-0.2889631995617868
AGGATCAGTTTCGAGT-E15S,7.681579171076036e-05,-0.01341797732013682
ACCTCCATCAATGGTT-E15S,-0.09467259508745332,-0.1323136696586502
ATCTGAGTCGTGATTG-E15S,0.15049771671172105,0.1087589237292385
GCTGTTAAGGAATGGT-E15S,-0.3622042195191984,-0.4091535941716658
CCTAGCTCAACTGGCA-E15S,-0.12039717257381609,-0.17988745826056118
TGGACTATCCAGAGGA-E15S,-0.460898180005731,-0.47042268378155544
CTTATAGGTCCATTAA-E15S,-0.12111800011477007,-0.22719038082973378
CCTCAAGGTAATGCTC-E15S,-1.1756286005802037,-1.2046510897613574
CGTAAACCATCACTAT-E15S,0.3443888657662782,0.36184748214303775
CCCAATCCATGACGGC-E15S,-0.18216446834256858,-0.18701492853094462
GTGTAAGGTGATCCTG-E15S,0.07168334617110543,0.009514453235038594
GGCATGAAGTGCGCCA-E15S,-0.10357779262552219,-0.1414395619582339
GTGTGGCCAATTAGCA-E15S,0.2602513705078076,0.26401725595694164
TGAGGCAAGGAACCCT-E15S,0.059001681412071474,0.05944200397333396
AGGAATGCATAAGCCG-E15S,0.09158084264529162,0.05631511882432861
CCTACCGCATGGTGCA-E15S,-0.35090784902638705,-0.36062347815067675
AATCGTTAGGTACCGT-E15S,0.10055772000140528,0.07548553095026916
GCACTTGGTCAGTCCA-E15S,0.11013408505061201,0.02322411562503602
TAAACCACACAGGGTC-E15S,0.09222452274461879,0.07698141466328999
TGAGCTATCAATGTCG-E15S,-0.060945014553287255,-0.10287392140354999
TGCGATGCAAATTCGA-E15S,0.09535908268132039,0.08566370719601872
GTCAACATCAATGTGT-E15S,0.130159475527252,0.12402768059163179
TGGGTCCGTTTGACCG-E15S,-0.8408502451232454,-0.877828550269631
GTTAGCCAGATTAGGA-E15S,0.053134225393337564,-0.033697315655351334
ACTAAGGGTGCGGTTC-E15S,-0.052560244603894773,-0.14315583900994208
CTCGACTCAGGCTATG-E15S,0.005537430231588675,-0.0664900521157208
CCGAATATCTAGTAAC-E15S,-0.07894509261631322,-0.12888985717141002
ATGGCAAGTCCATATA-E15S,0.11801432261521981,0.02876764759956535
TGGCTCTCAACCAGTG-E15S,0.06705657922699867,0.060736784561167975
GCAACCACATCGCGTT-E15S,0.2113423777036439,0.1749993462922499
CTAAGCCAGGTAGACG-E15S,-0.4339615664725852,-0.47539216709418786
AACATTGCAACATTGA-E15S,-0.16789023659587637,-0.18886207975325797
GGAACCTTCGACCCGA-E15S,-0.7659505743027265,-0.8338216080192983
CAGGTCCGTAACGACA-E15S,-0.09177052725510698,-0.10532560398281232
CACCCAAGTCAGCCGT-E15S,0.06849924427623601,0.03591898294324328
TAACTCCTCCGTGATA-E15S,-0.043773892311063364,-0.11582937679891425
TCGCCAAGTCAAGTAG-E15S,-0.03957756246100162,-0.09828950182688466
AACGTAGGTCAGCTAT-E15S,-0.15589885263350434,-0.17861375659849002
GGACGTAAGAACGATA-E15S,-0.02651781694243425,-0.052857156158240014
TCCCATTAGTCATACG-E15S,-1.2671089657187677,-1.3141835797192225
ACCCGTAGTTCGCTCT-E15S,0.013456581995289714,-0.015292254246214549
CTGCATCCATGGTCCT-E15S,0.07268816844498072,0.0370049414614765
TAAGGCTCAACTAGCG-E15S,0.04288932301889856,-0.015530767089471252
CTATAGGTCACTCGGG-E15S,0.15880965061069685,0.067820974505455
GTTAGCTGTAGGTATG-E15S,-1.050250061624365,-1.1262112093222636
TCTGGGACATGACCGA-E15S,0.07674374077305424,0.046491986164516975
GCCACCTTCAGCCAGT-E15S,0.15077527845561603,0.14309811992777396
CCAGCTAGTTCCGTGA-E15S,-0.09537311673504306,-0.10501023189830655
CTCTGTTAGTATCTGG-E15S,0.14678710218038069,0.13693775840832978
TGTGCGCGTTAGCTTA-E15S,0.16372260370408837,0.1376040192245979
AGCAACCTCACCCTAT-E15S,-0.03874190477365078,-0.07637162114845145
GTTGGTTGTGAGGTTA-E15S,-0.20672234135591167,-0.25813588385358244
AGTTTCCTCCGTGATA-E15S,-0.13027232560773983,-0.1656283526822049
AGTGCTCAGCTTAGTG-E15S,0.07638129439810945,0.061579634303463665
TGGCTGACAAGCGTAT-E15S,-0.02065835484971923,-0.07191102084283148
CCATCCGCACAGCGGT-E15S,-0.045104192069580454,-0.11154825206799171
GTCGCAACAACTAGAC-E15S,0.059267756429701314,0.03471546335584381
TGCTTAGAGTAGGTCC-E15S,-0.5887180536193153,-0.5869457947913419
CCCGTTGCATTCCTGA-E15S,-0.35202388963584536,-0.4223988513778037
GCGGATGGTGCGGTAG-E15S,-0.24429190292792524,-0.3405304517152377
AATGGGGTCAGGAGAT-E15S,-0.15042048134141106,-0.21734896125338082
GGCTTCTCACCTTGGT-E15S,-0.08033809357905891,-0.06311924675227604
AGCGAATAGGTTAGGG-E15S,-0.2005690816487689,-0.18427531066268896
CTATGCTTCACTAGAT-E15S,0.10932065365036665,0.134860393654627
GGATGGGCATTACCGC-E15S,0.2165172725459536,0.10393937367516203
AGCTATGTCAGCTACA-E15S,-0.008857445317070826,-0.03505563581826229
CAATGCATCACGGACT-E15S,0.25820199062317667,0.15967122906320771
TCGTTAAGTTTACGAC-E15S,0.11605288311446545,0.0727211282830681
CGCACAACAACCAGCA-E15S,-0.04250172359188417,-0.09393518448534821
CATTTCGCAATTACCT-E15S,0.03674267097511753,0.025643985456361765
TAAGGCTCAAAGGGTA-E15S,0.0798510598685525,0.03069037333881107
TAATTCCCACCATTGC-E15S,0.083651373461365,0.06960015405246217
AGTTATCAGTTGGGCT-E15S,0.2066629360098282,0.216852601834587
AAGGTTGGTGGCGTAG-E15S,0.02469713832895462,-0.045706779691460565
TGAGCTTGTGCACGTC-E15S,0.11919268449266175,0.11689910252311722
ACAATAGAGTCAGGAG-E15S,-0.3865028316072932,-0.41253650909100975
TCGTGGACAAGTGCGC-E15S,-0.17230471897240252,-0.2275598711188638
TAAGGCGAGGTGGAAT-E15S,0.34727469009378864,0.31170950121331287
CTTCGTTAGCCGACTG-E15S,-0.4622969331344454,-0.5028029966605062
CTATTCGCAAACTATG-E15S,0.02172164664270646,0.006765365889171628
TCTATGCTCATCACGA-E15S,0.05709719194437944,0.029710608145455168
CTAAGGTCATTAGTAG-E15S,0.07404116337511205,0.048047422590577614
CGAAACCTCTAATGCG-E15S,0.1674436154867768,0.11458920899720444
GTAATGAAGCCAGATC-E15S,-0.38347011790759716,-0.4060979615070704
CGACTGGTCCTGAGCG-E15S,0.17335710202586477,0.15584171024585722
AGGCGAATCACAGATT-E15S,0.12117648020032169,0.10695179946341957
CAAAGGCGTTTCGCTC-E15S,0.26484672836741446,0.23884915578448382
TCAACATAGTCGATTG-E15S,-0.3319247014080414,-0.3904620587492817
CATTGTGAGTGAAGCG-E15S,-0.5980274259869504,-0.6389360448499941
TCAAAGCCATGGTTGG-E15S,-0.0037677756544149356,-0.008890618727689495
ATGATCCGTAGCTGCC-E15S,0.21613818757284317,0.1851409078771601
CTCGATCCAATTGAGC-E15S,0.13271505300203196,0.05852501079361856
GGCTTATGTAACTCGT-E15S,-0.19043435165289052,-0.22810293657263728
TGGTTCCCATGATTGA-E15S,-0.39616598644540657,-0.3927404000563666
TACACCTTCTGGCTAA-E15S,0.10346852397602134,0.0545569455263271
AATTGTCAGCAATCCA-E15S,0.12358711582532336,0.10292397223830706
CGTGCTAGTTGGAGTA-E15S,-0.559432875534795,-0.5992544064988077
AAGCAATGTGGCTTCA-E15S,-0.3520683086394495,-0.3623520000919775
ACCCTAGGTGCATCCA-E15S,-0.037691124875670855,-0.07697911947487784
ACATTGGTCGCGCCAA-E15S,0.1525327734345262,0.13721193481362517
TCAGGTCAGTCGAGTC-E15S,0.04829071943738511,-0.014982263609528756
GCTAAACCATAGGTCG-E15S,-0.04232165678817239,-0.03126117477957323
CGCAGGTCACTACCAC-E15S,0.08327957791600543,-0.017251536751392738
ACCTTCACAATCGAGT-E15S,0.12417475049078164,0.11431632244773939
GTTACCTTCTTGAACG-E15S,0.18093733700478543,0.1353134802025159
TCTGCCATCGAATCTG-E15S,-0.017874569884112373,-0.00919874490800931
AGGTATGGTTCATCCC-E15S,0.13603325619400577,0.0959926896892478
GTTAACTAGGATAGCG-E15S,0.06584182841530131,-0.008747611996433204
CGTTGAATCCCGCGTT-E15S,-0.059759428975288735,-0.08659095552723443
CTCGATCCATCGGTTC-E15S,0.4620447317360801,0.46061293198107767
ATGCCCAGTCTAGCTG-E15S,0.32239463927481987,0.3378774716386003
CCAGGTTAGGAACTAA-E15S,0.08159453116264094,0.04023467666110552
CTCCTTGAGTGATCTG-E15S,0.03449001737876533,0.032170067977863176
CATCTCACAGTACCTC-E15S,0.15511905101226237,0.07280270987583913
GGACAGGCATAAGCTA-E15S,-0.28554806136100436,-0.27918484250423403
AATGGATGTCTCACCT-E15S,-0.35620073830720544,-0.3941792735479264
AAATTCGCATAGGGCC-E15S,0.01584412950478193,0.013238244515015618
GTAAGGTAGTATGATC-E15S,0.08510588598791498,0.08345640584956422
CAAGGCAAGGATGCCT-E15S,0.022000344909298863,-0.0006794556749863132
GCACTAATCTTGAGGC-E15S,-0.10518724400384329,-0.13152846038876337
CCCTTAACACATGACG-E15S,0.12295994926214848,0.13477761251706782
CTCCTTGAGGTTAGTT-E15S,-0.05545917028538189,-0.07232620136865266
TCTACTATCGTCTCCA-E15S,-0.47976295802155655,-0.5012397909566119
AGTCTTAGTAACGCAA-E15S,0.07896651217914732,0.07330091630584942
CGAATCTGTCAGGGCA-E15S,-0.1878286830852166,-0.19004156685164256
CTGTCGCTCCTCATCG-E15S,0.022845897816680102,0.0027679737195551624
CACACCCTCTATCAGG-E15S,0.20188018888441925,0.17989796215327988
GGGTGAATCTGTGGAC-E15S,0.0489510684344463,0.03799284356812566
GTCTCCATCTGGATAT-E15S,-0.06134838212749964,-0.05075503498576957
AAACCCGCAGCTAGAT-E15S,0.14380698779980716,0.11759512945806606
AACACATTCGTTCACT-E15S,0.17605386637548462,0.11207281251550784
CCGTCTATCGTGCCAG-E15S,0.18565309848789702,0.18529025024240312
TGCAATTAGTAAGGGT-E15S,-0.12769398255467157,-0.13267857113036283
ATGGCGAAGCGGAGAC-E15S,0.1834856001803115,0.1342827026021436
TGTGCGCGTAGCGGCA-E15S,0.037117920623686795,0.01826458150094859
CAAGGGGCAGGCATTG-E15S,-0.41403770086332564,-0.41524449698042615
ACTCCAAAGTCGAACC-E15S,-0.014081395347926053,-0.0339336013737775
ATCAGGGAGCTGGGTT-E15S,-0.08431963808549822,-0.09761233534736784
ATGTCAACACAAGGTT-E15S,-0.024850235448256534,-0.025638635949285966
ACCCCTTGTTTGAGTC-E15S,-0.3751245461032047,-0.41342860204440085
CGCCCATTCGAATCAT-E15S,-0.08240953684754934,-0.1325157906017878
CTGCCTGCAGCCAAGC-E15S,0.24439806098165182,0.21623420523807646
ACAACAGGTGCGGTAG-E15S,0.08123959613146883,0.02897194189605069
ACAGTTACACAAGCCA-E15S,-0.04494575733914392,-0.06534471315981995
CTCAAAGTCACCATTC-E15S,-0.49938619701233505,-0.577157702545276
GTGTCAATCCGCATCC-E15S,0.15152131707180094,0.11049147950152555
CCCTTGATCCTTGAGA-E15S,0.11513673808068442,0.1074124954598993
GGTATCTGTGCAGGCA-E15S,-0.0829393812218025,-0.09103870160458385
GGACATTCAATATACG-E15S,-0.01332123298351108,-0.039324007456710636
ATCTAACAGGATCCGT-E15S,0.01439683806950028,-0.005146803395563132
TGGTGAGAGGCATCGT-E15S,-0.03472361302732528,-0.05758193577698319
TAACAGCCATGGTTCC-E15S,0.0826375323356735,0.03655132627582904
TGCATTTCATGATCCC-E15S,0.32898558562409946,0.3458794216295641
TCACAATAGGAGGTGC-E15S,-0.017825807929200563,-0.06661175412627458
TCATGCAAGCATTACG-E15S,0.07183374732881839,0.044407649394369184
GTGGATTCACCATGCT-E15S,-0.6775567786361266,-0.7066400546717269
AAGCCGCCAATCAATG-E15S,1.3011227896066874e-05,-0.00017193700932550518
GCGGCTTGTGGCCAAG-E15S,-0.9552184402792652,-1.0085768124854435
ACGGGTAAGCTTACAG-E15S,0.1136151828755908,0.11560175334038827
CTGCACCTCGACCCGA-E15S,0.2513132363993112,0.2449367578344592
GGTATAGGTGATCAGA-E15S,0.3724434281003364,0.37863138116116435
CAACTAACATGCTCCG-E15S,-0.4629738698083862,-0.4747992854814722
GCTGGATTCGTTAGGC-E15S,0.12116548871534774,0.11832500448298998
ACTCCTTAGCCTATCT-E15S,0.06607085231842558,0.02755034678272225
AACTCGATCCCGTTCA-E15S,0.26833143463335657,0.24207680594504902
ATTGATGCAAGGTCAT-E15S,0.11483106809261795,0.021878725461361163
ATCCCAGGTCAGGAGT-E15S,-0.1390843447228482,-0.2268978531115333
GGGAACATCGTTCATC-E15S,-1.1176630518853514,-1.1057852147526857
GCCTGTGAGTAGGAAC-E15S,-0.010716160507990603,-0.015604654992444091
GTAGTGAGTTCGCTAG-E15S,0.14363549971946116,0.0664322843063953
ACAATGGGTTGCTGGC-E15S,-0.19697753774278431,-0.2338996651879417
ATATGTCAGATACTGT-E15S,0.10323745674677356,0.08396223789042617
GCATCAATCTTGAGCA-E15S,-0.06334004941106884,-0.0492931780022136
TGCTCGCTCGTAATCG-E15S,0.10750619946329255,0.0432532220176675
CTTAGTAGTATGTGTC-E15S,-0.10445758254271276,-0.10943977188908764
GTTGCAATCGCGTTAA-E15S,-0.006302646952698304,-0.030237349661924304
TGCACCCTCGATGGGA-E15S,0.21989908881726491,0.1867004662503167
CCCATGGAGCGGTACT-E15S,-0.20830898698620573,-0.2451453272037139
CACTTAGAGCTACTGA-E15S,0.119384976074775,0.01682324422009323
TGGAGCGGTTGTGAGA-E15S,-0.05705219081230469,-0.04956794196801514
GCTTTGGGTAACGATG-E15S,-0.06635662177140755,-0.06666497025591514
CGATCAATCTAGTGCA-E15S,-0.5698517154199683,-0.6384096084490819
CCATTAAGTTAGTGTC-E15S,-0.15995191974929696,-0.17897606322126644
CTATGGATCCCGCTGT-E15S,-0.26989951071320406,-0.2975828483441062
ATGTGTTAGCGAATGG-E15S,0.0227288145253223,-0.0394471000506728
GTCGGCTGTTAATCGC-E15S,-0.2328785973354924,-0.2981119170767551
TCCCATTAGCTTACCT-E15S,-0.23880557843888106,-0.24342731836086112
ACTTGCTTCACTTCAC-E15S,0.2193649645657427,0.10858207006411538
ACAATAGAGCATGTGC-E15S,0.06110737813416473,0.004154191894310666
AGTATGGGTTCCAGGC-E15S,0.02596717873869207,-0.003505870375099988
GTTCCCGCATTGGAAC-E15S,0.04820642542982271,0.02344786884748759
TCATGGGCACATGACG-E15S,0.10039230139828616,0.028347897553289734
ACCACAATCGATGCAC-E15S,0.01567106076830807,0.0020014510454137288
GCGAATTCAAACCGGC-E15S,-0.05218326671564609,-0.08063414233019241
AGCTAATTCCGCACTC-E15S,0.02809302797358543,0.03255977686143877
TGCGTAATCTAGTCGA-E15S,0.1683322243060575,0.19557377757073163
CATACTGAGGTATCTG-E15S,-0.09504151598497543,-0.0926243033026608
TGTGCATGTTCCTGAG-E15S,0.32521377192773665,0.2616014797742108
TCCAAGGCAGGTAGTT-E15S,-0.353825958585764,-0.36170614553568436
TGCACTAAGTTACCCT-E15S,0.15159749749838564,0.09630130993816718
CTCGCGAAGCTACAGC-E15S,0.15974860562342322,0.16920490107497974
CTGTCATTCCGTGCAG-E15S,-0.1659014455108872,-0.18494699105367643
GTCCAAATCTCACTAC-E15S,0.005182522711246126,-0.043478632432954724
GGTACTATCGAGTCTA-E15S,0.12004323826418431,0.12284103298132072
TCACACAAGAATCGTT-E15S,0.14392198076063553,0.14068516066089048
ACGGGCTCAGCTCGAA-E15S,0.0633385599767784,0.08097521259663591
TATCGAACATAGGCAT-E15S,-0.2025410945299188,-0.25797959614641336
AACCGAAGTTGCACAT-E15S,-0.13015697523780803,-0.19423788615087664
ATATCACAGTAGCTGC-E15S,-0.2991538941137899,-0.3073205698762564
GGTTCAGCAACCAGCA-E15S,0.02188954677262019,0.00714010995062016
CATCCCGCAACTACTT-E15S,0.07452447752409455,0.04290980169598947
GCTTGTCCAAGGTACT-E15S,0.34025273891071584,0.295671791865958
TCCATTGCAAGCATGT-E15S,0.4859336333050232,0.3867975113291145
GCTTGTCCAATTACAG-E15S,-0.8104504293388624,-0.821593291632725
TCTCGATTCATCGAGC-E15S,0.13208838389605856,0.1174594886214703
GTGGCAAAGGAATGCG-E15S,0.07180961237662227,0.04379581911812504
GGCTGACCATGATAGC-E15S,-0.2807866055366689,-0.29076850359532047
AAGTAACGTCAGTAGA-E15S,-0.1707221322542069,-0.23787070965955134
TCGTACTTCGATTGCA-E15S,0.053901306165638936,0.016590128589820802
GTACGAAGTTTGGGCC-E15S,0.028421183543043613,-0.010055307872203769
CGTAGTTGTGATCAAG-E15S,-0.17564395624875379,-0.1989939066703626
ACCCGATAGCTAGAGG-E15S,-0.05087383543378837,-0.06897207541823223
TCAGGTTGTAGTGCCC-E15S,-0.01705978839657863,-0.03731014476172343
AATCCATAGGCATCCG-E15S,-0.14225007817666538,-0.12349057109661676
AGCAAGGTCCGCGTAG-E15S,-0.1672670187470784,-0.17655052486782732
CCGTTGCTCCAGGTTA-E15S,0.01195291472019727,0.022148416128389848
GTCATAACACCTCGTG-E15S,-0.18902448476475553,-0.2646548042336233
ACCCTTTAGCATATCG-E15S,0.10011253958490879,0.07330865192277286
AAGGCCCCATAGATCA-E15S,-0.07686226350784983,-0.16229614448404764
AGTATGTTCGTGCATA-E15S,0.10217830962504146,0.07789780457625478
GCATCCTCATTCGTCA-E15S,-0.162706101989624,-0.1891310149391772
AATCAGCCATAGGCCA-E15S,-0.47981054829011766,-0.507576217474864
CTCAGTAAGATTGCAT-E15S,-0.19169569641007933,-0.19485532710868048
GTCTACAAGTAGTCGC-E15S,-0.03130990975968355,-0.09099264714768449
ATAAGTGAGGGTATCC-E15S,0.06771264469981714,0.04438115720384806
CCTGCAAGTGAGGTGT-E15S,0.12126255339200079,0.10188544349117865
CTTAATCCACTCAACC-E15S,-0.009223253610793132,-0.0347540068574823
GGTGACTTCGTACCAA-E15S,-0.03941833886810536,-0.09017207107571637
GGCTTATGTGGACACG-E15S,-0.02281208257335612,-0.004305110804049266
AGCTTAGTCTATGAAC-E15S,0.08418817270049986,0.06323417283459667
CGCCTGAAGCTACTCT-E15S,0.13649244858776996,0.11137511132329857
CCTTGCATCACCCTGC-E15S,-0.4801811352750185,-0.49400392163075485
GGGTTGAAGGCAACTC-E15S,-0.8080595134441115,-0.8416383200998557
GCTAAATTCCCCTGTA-E15S,-0.08100900733032734,-0.10946185350661652
CAGGCCATCTGGCTCC-E15S,-0.055468324523440804,-0.0740219377882178
TAATCACAGCCTCTAT-E15S,0.22992674659374163,0.23897311073062863
TCTGGTAAGCGCTCCT-E15S,0.005850008326183681,-0.07111891239722934
ACTCACCCAAGTTCGG-E15S,-0.0633840653119231,-0.08353037067107741
AGCGGTAAGCCGAGTT-E15S,0.1585885708022757,0.11140522380263125
CAAGTAGGTTGCCTAG-E15S,-0.9144121245423902,-0.9285959238924418
AGAGATTGTAGTTGGA-E15S,-0.02357911579535721,-0.10102590953319554
TGCCTCGCACCTATAT-E15S,0.13731991336264868,0.08232356606644939
CGCAATATCCTCTCGA-E15S,-0.1199796507382076,-0.20047034374868328
CGACCTAGTTTACCGG-E15S,-0.023760862259024962,-0.03572399805476383
AGCACGCCAATCATAG-E15S,-0.18881863311506872,-0.20538018987534706
TGCACTAAGGGTCTAC-E15S,-0.10924234263916152,-0.11260720051826821
CTCGCTTGTTTGAGCT-E15S,0.01337627729270498,0.012256108181537072
CGAGGAATCACAGGGA-E15S,0.28041770989741915,0.24973097750720816
CTTGGCGAGCGCTACG-E15S,-0.2501991185357041,-0.2663470556396642
CTGAATGTCACACTGA-E15S,-0.12179887962201902,-0.1493802526881836
TAGCCTGGTAGTCATC-E15S,-0.40285960189965825,-0.44050476732354915
CTACGTCCATGAATTG-E15S,-0.20844496559790135,-0.23660818967322672
CCTTGCATCGATCATG-E15S,-0.1430103327800577,-0.2101700438009463
GCCTACTCAATCGAGT-E15S,-0.09439003784986913,-0.10815275894187523
AGGGCTAAGTCATCGA-E15S,-0.12570820351223316,-0.16537240534459885
TACCACGGTTAAGGAT-E15S,-0.13167254782525048,-0.15477316720049633
TGTGCGCGTTTGCCTC-E15S,0.35248424033172165,0.30996307365058384
ATGGCTGCATCCATTG-E15S,0.058723193354982856,0.07942019902487849
ACCTCTTAGGCAACGA-E15S,0.0632824698168723,0.0076139451938180185
ACGCTATGTTGGCTTG-E15S,0.10437430986656408,0.09469038251944202
TAAACGGGTTGAAGTG-E15S,0.2509292749302954,0.23188351403956678
GGTAGTGAGTTGCCGG-E15S,0.0472438285449589,-0.02353899266566868
AGTATTGCAGGCAGCT-E15S,0.014832895162193604,-0.012768179717907089
AATTCAGCAACATACA-E15S,-0.31973598276814436,-0.39452175193658323
TCACATTCAGCTCTAC-E15S,0.20839713853864872,0.20490917083724666
ACTACCAAGGAACTAA-E15S,0.08018698862386975,0.04260824872935053
GCATGTTGTCCATCGA-E15S,0.11921481667771619,0.07179361778457109
GTGGGTAAGCGATAGG-E15S,0.17653251849923876,0.18051745407662045
ATTCCGCCACTATCGC-E15S,0.056086056282833405,0.006892329512381856
AGCAAATGTAAGTGCA-E15S,0.028893118867699026,0.010347912586286437
TCCCCTAAGGTTCGTA-E15S,-0.3841447852577692,-0.44333584283009825
GCCAATTGTTCTGTAA-E15S,-0.7635343795914703,-0.7569749121665608
CCTTCGATCAGCTGGT-E15S,0.06751380479361045,0.030614180442013
TCAATCTCAGGTAGTT-E15S,-0.07237997882443457,-0.10666171129271344
GGATGTGAGAAGCACG-E15S,0.0189344220792557,-0.04615287908105804
ATTCCGCCAAGGGTCC-E15S,-0.12649900153518817,-0.1353736938137472
GCCCTAAGTAGGTTAG-E15S,0.2035095185431602,0.20295222627323714
CTTGGCCTCCACCATT-E15S,0.00627498429309057,0.0016118435729870699
CATAAGGGTTGCATTA-E15S,0.0016155342152428948,-0.07066592045724503
AGCACTTGTAATCCAC-E15S,0.042784211255546566,0.028184076735320866
TCCACATTCACAGGCT-E15S,-0.1952588705348513,-0.2001863241588936
ACCCTATTCTGTCAAG-E15S,0.08289657747405169,0.06423065936302016
ACAGCAAGTGGACCGA-E15S,-1.136820024048213,-1.1433175637155775
CAGTCAATCACCATTC-E15S,-0.07595146869457357,-0.1338039595062406
CGGTGCATCCTTCGCA-E15S,-0.12137821164407392,-0.1315644660006671
TGAGGTTCATTCGTGC-E15S,-0.3522639914396311,-0.3598612964330298
ACAAGGTAGGGTCTAC-E15S,-0.22514146383417366,-0.2611250540041074
CTAATCCTCAGCTCGG-E15S,-0.07943323597853355,-0.12879035086595114
TCTGGGCGTAAGGGTC-E15S,0.11686466383703678,0.10616811097142988
AGGAGTTAGCTAGATT-E15S,-0.6442542941239032,-0.673532835296954
AATGGGGTCGCGATTA-E15S,-0.08191125001929078,-0.07255455583792837
TGTCATGAGAAGCACG-E15S,0.002642918378221809,-0.03581093969258901
GTGCATTGTCTCCAGA-E15S,0.06794338771502768,0.05659713470188559
GTTAGTTAGGGGATTG-E15S,-0.052788613091839846,-0.0904331425503419
CCCGATTCATCCCTGG-E15S,0.04654878146974,0.0391149451492997
CCTGATCCATTCGTGC-E15S,-0.28311694900774037,-0.303098863559276
GCCAATTGTTGTGCGC-E15S,-0.2908040987100292,-0.30214620588789215
ACTGGTCAGCCTCTGC-E15S,-0.10066949555806315,-0.0874621272655033
GCCACTTCAACCAACG-E15S,0.058477100970284815,-0.029276355311472067
AATCTCCTCACCTGAA-E15S,0.29304736496353306,0.2928188442328536
CATAGCGCAAACCGCA-E15S,0.00778771840615497,-0.0016329331275384143
AATATGCTCAGGGCTT-E15S,0.3262686261035229,0.30147173827941104
CACCGTTCATTAATCC-E15S,-0.26833530062401245,-0.2692267506926383
GCTTATAGTAACGTAG-E15S,0.4552619272269549,0.4291114415293586
CGGATCACATCCGCTG-E15S,-0.17669310738796565,-0.17736146391537813
GGGTTGAAGTAAGGAC-E15S,-0.1664651183374189,-0.23078293169220046
TGAATGGGTTCCAGTG-E15S,-0.1082012735604958,-0.13885372540982815
TCTACGGGTGCGTGCT-E15S,-0.26513329334149816,-0.2987041292508994
TCTGGGTAGCGGGTAA-E15S,-0.04732795855564885,-0.07025707884992832
GCAATCGCATTCGGGA-E15S,0.08963496432726048,0.07820671864433093
CATCACTTCCAATGCA-E15S,0.14756988440879404,0.1355421117208642
AGTTAGAAGAATCCGC-E15S,-0.5615854463971238,-0.5821037440940684
GGGTACGGTGAAGGTC-E15S,-0.5787926874529006,-0.6738249957978113
TGACTCCCAGCTACTC-E15S,-0.21291549547011987,-0.20714295986239997
GGATAGGTCTATGCGA-E15S,-0.8269474217964248,-0.8444242326106408
AGTAATGAGCCGATGT-E15S,0.23480627700326592,0.24627775383671546
GTAGTCATCAGCCCAG-E15S,0.07627782608915698,0.045956887481916835
AAATGCAAGGAATGCG-E15S,0.003769249069477571,0.016394805417888215
GGGCTCTGTTTCACGG-E15S,-0.07748591239054427,-0.12617485275175516
TAATGTCAGATTCAAC-E15S,-0.03943301376979082,-0.05389920158741272
ATGCCTAAGCTATCAG-E15S,0.06832877079598104,0.03361271810379961
ATGCGGTTCAGGTCAC-E15S,-0.11298306480743599,-0.1492447204077775
CGCACCTTCCCAATGA-E15S,-0.12735890222623478,-0.1272518012008984
GCGTGCATCACCACGG-E15S,0.014652770726197112,-0.005849396533756823
CGAACATCAATCAGCG-E15S,0.22017467831877013,0.16686597929141117
CGAACGAAGGAATCAA-E15S,0.1583033496904028,0.1127049999180405
CCTGGTGAGTTGGCTA-E15S,-0.3303467110962957,-0.350139812886751
TCTGCCATCTCACTCG-E15S,0.09101461411455594,0.10354485952623563
AACTCAACAATCGAAC-E15S,-0.6486928234307113,-0.6289079188122702
AGCGGTTTCCCTGTGC-E15S,0.2613416092468877,0.2607915468329453
GCCCATTCAGGACTAT-E15S,0.10564949557220772,0.06832524021050483
AGCCCAACAACTAATG-E15S,-0.08421172775090655,-0.1353116448624278
CCTAGCGAGGTCGTAC-E15S,-0.22682257569221026,-0.21335033036463796
CCTATTATCACCAGCG-E15S,-0.07888582791503843,-0.10025527497992799
CCAGCCTTCATACTGG-E15S,-0.18650034457719028,-0.18742055134853267
GCATGGTTCATGCACA-E15S,0.027878802340252317,0.033350992996002075
CTAGCTGGTATTGAGG-E15S,-0.09764745445023229,-0.09650577855058488
CTATATGGTTGCGTCA-E15S,-0.14874811938024568,-0.1459196851439178
CCCGAACGTATGGATG-E15S,-0.2119996315672938,-0.2637653235925057
GGTCGAGGTTCACGAT-E15S,-0.5356226361379566,-0.5639067874365237
CATTCGCCACCTATCA-E15S,0.09181967654419892,0.07958603654576331
CATGCTGGTATTGGTC-E15S,-0.19180509665820855,-0.2564914105113554
CAACCAGCACCAGCTT-E15S,-0.020201077746084026,-0.1052454245736466
TGCAATTAGGGGATTG-E15S,-0.4266741764132226,-0.4411206013822533
AGTCTTGAGGGGCATA-E15S,-0.12313560829337594,-0.2233814869993991
CCTATAGAGAAGGATC-E15S,-0.010267509192227721,-0.03333445559126788
TCACCGCTCAGCTCAA-E15S,-0.10923423745110318,-0.12051574926800954
TGCTCCATCGCATGGT-E15S,0.06852292817866759,0.02941963153160341
TGTATGACAGCACCTT-E15S,-0.010821198599814955,-0.016238283554107433
CAGTTCCCATTCAGGG-E15S,-0.10480330229602695,-0.11790717279923411
ACACAAGGTTGTGATC-E15S,-0.14444541887484327,-0.16929823643408254
AACATCCGTCCCGTAA-E15S,-0.19659940863104167,-0.21637839631433442
CATTTCGCATCATCAT-E15S,-0.03987967554928278,-0.0626280947211672
CAGCCATAGCGATCCG-E15S,0.11418800123517993,0.11583238068768029
ATACGAAAGCAGGTAG-E15S,0.06261043891881288,0.026553757577418496
GGGTTGGGTTAAGTCC-E15S,0.10421516425101614,0.11034167647046662
TGCTCACCAATCAGTA-E15S,-0.03397398898623026,-0.0689328725736308
TGTCTCACAATTACAG-E15S,0.2172199838951397,0.18230216732600793
GTGAAGGTCGACTAAT-E15S,-0.0316125980748097,-0.07080735654203917
GTTAACTAGTTAGATC-E15S,-0.08060536260691203,-0.1014821424135722
CGCCCTTAGAAGGTAC-E15S,0.22941794738558263,0.1840858949245326
CCCTGTTGTGGGAACT-E15S,0.04493529101031553,-0.028377066086536472
CAGTTTGAGGATCTCA-E15S,-0.11742854143221698,-0.17725946060384642
CGTAAACCAATACCTT-E15S,0.24280411739648752,0.21123329086850162
AAGCCATCAGTACCTC-E15S,-0.11087199561682033,-0.11735598366422376
CTCCTTGAGTCGAATT-E15S,0.07757091067093931,0.040745858768416965
TGCATTGAGCGCAATC-E15S,0.003417876854887633,-0.036730503833344835
AGCTTAACATTCGCAC-E15S,0.25460897324000326,0.27559004495823153
AAAGCTAAGCAGGTGA-E15S,0.15344997130703816,0.10488300889057399
CTGTCACCAGGTAGCC-E15S,-0.0031457944858213228,-0.005528737280202498
CGTTTAAGTTTAGCAC-E15S,0.031534430127234815,0.01857891146158605
AAATTGCTCATGCAGC-E15S,0.07903639517516445,0.08496928965039648
ACCTGATGTAGGCCAG-E15S,-0.06693999705893487,-0.06489869332501289
TGGTTCCCAGTACCGA-E15S,0.4298939074982548,0.3701856684822706
GCGCTCAAGTCAATCG-E15S,-0.5196286924489066,-0.5530940326851862
TCAGGTCAGTAGGATA-E15S,-0.0256389645640384,-0.09438049676583964
ACCTAAGTCAAGTGAA-E15S,-0.35390816023424954,-0.34211346003644644
CTCACGAGTTCGCTAG-E15S,-0.09736082422915156,-0.16289453143602187
TGGGTCACAGGCAGGA-E15S,-0.8339436781710892,-0.8179715556193634
AGTTTCAGTGAGTAGC-E15S,0.2496254660468094,0.23384455194017115
TGCAATTAGGCAAGGC-E15S,0.1750164079517566,0.16928551105791825
TGCATTGAGGCAACTC-E15S,0.30792851069759136,0.3335060068437728
TGGTTCCCATGACGTG-E15S,-0.745103899441783,-0.7887105824266467
ATAGCGAGTCCATAGT-E15S,0.28972420519726855,0.306917953443711
GGATAATGTCATGCCA-E15S,-0.10007109361726577,-0.06967835212857226
AGTGATGGTCTCCACT-E15S,0.2738532624565051,0.2037886872496188
GCTTACCCATCCAGAG-E15S,-0.6270896272557792,-0.6605957930719354
TCGCAATGTTTGGAGA-E15S,0.1503984755173194,0.11658039021575303
CATAGGTCAAATCACA-E15S,-0.09203931492887231,-0.10251307131181887
CCAGTATGTGCACCGT-E15S,0.2271415284996193,0.1740531655968592
TCGCATAAGGCGAAGC-E15S,0.011773361818231746,0.001375169658943901
TCTGCCTGTCAATTCA-E15S,0.14438603211372336,0.13513902134279254
GTACGGGGTGGCTGTC-E15S,0.04812426862134206,0.022032178938594844
GTCCATTTCGTACCAA-E15S,0.04019220039384638,0.05330411544308777
GTGGCAAAGGTAACGG-E15S,-0.3924697078628066,-0.4721304916489169
AATTCCTCAAATCGGT-E15S,-0.1483063222126862,-0.1530656836137805
GCCAAATCAAACTATG-E15S,-1.135963829554833,-1.1151124082853896
AGTGGAACAACCTGAG-E15S,-0.12593413268738618,-0.17600323918909308
AAGGCCCCACTATCGC-E15S,0.007888102495112088,-0.005069632976429909
TGGCTAATCGTAGTCA-E15S,0.4027456480672669,0.3654902300366347
CCATGTCCAACTAGCG-E15S,0.16454890076322318,0.12839220511579186
CGATAGTCAGGATGGG-E15S,-0.8820190723649147,-0.9210555403060928
AGTGGCGGTTCCCATC-E15S,0.26497728710847035,0.2042128542212552
GTCAATTAGGATTAAG-E15S,-0.3128852940590887,-0.3023405828186901
TAGGGTAGTATGGTGA-E15S,-0.8784451137212425,-0.8854383202382826
TCTATGCTCCGTAGAC-E15S,0.13422329663528326,0.13589605977145303
CTATGCAAGCATGGGA-E15S,-0.5646233028141029,-0.5866864189219286
CGACTCCTCCTTGGAA-E15S,-0.1625275040002242,-0.17054802918023207
GGCATGGGTGCGTGAG-E15S,0.1334122492801865,0.10529833647789226
ACTATTCCAAGCGTAT-E15S,-0.3265298930760953,-0.376325828742187
ACGAATCCAAACTGCG-E15S,-0.012927085369895936,0.000549034142307987
CTGAATGTCCGCGTGA-E15S,0.17070460001718946,0.178336283625678
ACAGGAACAACCGCAA-E15S,-0.020265875185832123,-0.06773197433650999
GCATAAGGTTTCCGCT-E15S,0.19634956248759625,0.18547733881663503
AACGAACAGGTTAATC-E15S,-0.36269156425433663,-0.37275484415160987
CTGCATGGTTAAGGGC-E15S,0.043495099562538414,0.04514300907870309
ATTCCAAGTTAACTGC-E15S,0.1526920469932185,0.11386823052035133
AGCACCACAGGTAGTT-E15S,0.03524686474411508,0.05147357106843756
CAGCACTAGGCGTACT-E15S,0.21098868526787273,0.20779686572328462
ATCGCGCGTGATTCGT-E15S,-0.2484832253856273,-0.22134049584866566
TACCATTCACCTGTGT-E15S,0.15637722983376723,0.12845253910169666
ACTCCAAAGATTGAGA-E15S,0.08193985080775423,0.03259461500591523
CGAATCTGTTGCTATA-E15S,0.059544150326827444,0.08157231238820165
AAGCTAGGTTTCACGG-E15S,0.026974493646501844,-0.010546512540887345
ACGACAAGTAGTGTGA-E15S,-0.13835692306052336,-0.18233697930549828
TAGTTTCCAATCCAGG-E15S,0.08322065809885097,0.06034940353915385
CGTGAGAAGGATGTGG-E15S,-0.07070541890078508,-0.11938906832690094
CTTACGAAGGCGTACT-E15S,0.29593567726409825,0.28005446308866844
AGGGCTAAGGCAACTC-E15S,-0.20655374668589416,-0.2595974538504748
TGCAAACCAACCCTTA-E15S,-0.10263195664831398,-0.1486793127616025
GCAGGCTCATCAATCT-E15S,0.01336930303805117,0.033983953821935885
ATGAAACGTTGCCCAA-E15S,-0.4926717095078076,-0.5033384137400536
ATGAACGGTATTAGGG-E15S,0.13914680959871736,0.10835908448541558
TCTGGCTCACTTGCGT-E15S,0.027972545036164496,-0.005179019431454283
GTCCAGTAGGTGATCC-E15S,0.325656031704973,0.29851689563933753
GTCTACCCACTTCAAT-E15S,0.08937777523970208,0.09155529308030798
TGAGCGAAGGATGTGG-E15S,0.029063090095293353,0.04648062139933479
CTAGAACCATCGGTGA-E15S,-0.21288907565302242,-0.24648279348881255
CAGCTTGGTGCAACCC-E15S,-0.21094910006426362,-0.20061421386630646
CGAGTCCGTTCGATAC-E15S,0.08975062015187457,0.06233754877443922
AATGTTGCACCTCAGT-E15S,-0.28924381184911674,-0.34382589101939215
TGACGGTTCACTTGAG-E15S,0.004012444389997302,-0.02081024070966947
CATTGCTTCGAACGGA-E15S,0.08673896935619825,0.05908895104013369
CAGTTTGAGTACCAAT-E15S,-0.8501475897088319,-0.8727195169211279
CGTCCATCAGGCAATT-E15S,-0.16687899736281175,-0.15324831846148643
CGTTTAAGTAATGAAC-E15S,-0.18917892742287448,-0.17170149032958065
GCGGGTTCAACATGCG-E15S,-0.0837126820955908,-0.08333118699521798
CTCATGGGTGAGGAGA-E15S,-0.1930753239229727,-0.1831762925318824
TCGTTAGAGTGACCAC-E15S,0.07843322475497755,0.05768936642732023
CTTGCATTCTGGAAGG-E15S,-0.37607343003987015,-0.41813998109339906
CGTCGTAGTGCAATTC-E15S,-0.0022579848980587604,-0.00181281763467435
AGCTAACCACCTTAGC-E15S,-2.0757803697340615,-2.0777465381503686
CTAGAACCAATGCGTG-E15S,-0.5894472738396449,-0.5779896108813067
ATAGCCATCACTTGCT-E15S,0.013417553241662161,0.025993956136434612
TCGATTAGTTTCGATA-E15S,-0.009665524394707192,-0.045949170562204954
TGGCGCATCCATAGTG-E15S,0.22588688485131114,0.20169189278948155
TGGTTCCCAGCACTGA-E15S,0.3056356145119097,0.306835906811656
GTGCTAATCACTAACG-E15S,0.04331324769949905,-0.04445151158883314
TGGATGCTCACCATGA-E15S,-0.11770059113385678,-0.15874102053028596
TGGGTCCGTATGGACA-E15S,0.2670238211946804,0.21484049571020764
TAGCTCCCATGGTGCA-E15S,-0.09510629946513982,-0.10144463202660738
CTGCCATCATCCACGT-E15S,-0.5998430193963937,-0.6394297486934185
CCCGTAAGTCTTGACG-E15S,-0.3674744527797433,-0.39363091397775785
CGCCATAGTTCGGTTG-E15S,0.05899906165483497,0.05944715138028763
AGAGAGGGTTGGAGTA-E15S,-0.30386993043960325,-0.2967161249371789
GCGGGAACAGGTTCGA-E15S,-0.11810315625574408,-0.1262896272977076
GGGCAATGTCTGTGCA-E15S,-0.0344302066765312,-0.04982968525938711
ATACGCGCATCACACC-E15S,-0.2556015777422768,-0.28654840963777944
CACCAACAGATAGCTT-E15S,-0.05440118873220513,-0.0740390974754674
CAGTAAGGTCTTGGTG-E15S,0.4927563233239212,0.5009804130125813
GTCCTGCTCAGCCCGA-E15S,-0.010224799723023204,-0.10041174153013839
CGGCTCAAGGATGGCA-E15S,0.14035210214961547,0.1530556698898484
CTGACCCTCACGTACA-E15S,0.03089071091711872,0.01091225919376778
CGTTCCATCGCATGAC-E15S,-0.3739145577796533,-0.4286254350796607
CTTCTGGTCATATCCC-E15S,-0.18099842576260622,-0.17475746038780882
CCTTAGAAGTTGCAGC-E15S,0.26804230391922657,0.21842240803106208
TGATGAGGTTCGTAGT-E15S,0.20300995077546244,0.22495490532167564
AAGTTCCGTTCTGTGG-E15S,-0.08931050453074538,-0.11153644769218433
ACACCAGCATGATTAG-E15S,0.12823547899412854,0.07056928480627364
AGTATGGGTGCGCCAT-E15S,0.3124073002440224,0.31775615145656244
CAGGAACGTTTACGAC-E15S,0.125753607868504,0.08661650890629644
CCTTGGTCATGGAACT-E15S,-0.14549716235632357,-0.17645763963821903
GCTAGGGGTTATCCGG-E15S,0.21295287636109234,0.2219859090666286
CTGCATTTCCGGTTGG-E15S,0.06430118684627142,0.05564417893864645
CTTACGTTCTGTCAAG-E15S,0.09513111803429879,0.053667207501080456
CCGCCATTCATGTGGC-E15S,-0.12087128212562077,-0.111081711514231
CGTGGCTGTATAGCAG-E15S,-0.0012926085167361545,-0.07141468650193808
GGGCGTAGTTATGGAG-E15S,0.016983826744138245,0.011403723850624539
GTAAACGGTGAGGCAT-E15S,0.28324888504766593,0.29823309563635475
CCGCTTGCACCAGGGT-E15S,0.016769256949427706,0.02100912498538927
TGGTTCAAGGGGTTAG-E15S,0.249594818070514,0.21431765206845765
CTCATCCGTGAGTGCG-E15S,0.09654411352062402,0.04732863457420282
GCCTAATGTGATGAAT-E15S,0.0711303452025167,0.08359533075382272
TGTAGCGCACTATGGG-E15S,-0.06521919295111205,-0.0742338354826122
TCCCAAGGTCAAGTGA-E15S,-0.5253072046684317,-0.5014186805497511
AGGAGATTCACCATTC-E15S,0.14650642945091022,0.12276747361719395
CGGGTTACACCATGCT-E15S,-0.18652324280206678,-0.22033624924918344
CATTTGAGTTGTGACT-E15S,-0.009324325705395986,-0.06506626398797084
AGAGGGTCATCGCTAC-E15S,-0.2102997195585729,-0.20679546695209935
GGTGAATAGATACTCG-E15S,-0.5169567491881282,-0.5168389827072499
AGCGTAAGTAGGTCCC-E15S,0.005642560387906025,0.01762120305364368
GCAATATTCTCACCAT-E15S,-0.7476228961889568,-0.752873926424889
GCCCTGAAGCTAGAGG-E15S,-0.32876443512750986,-0.35388045087062825
CCTTGGGAGGGCTCCA-E15S,0.1393817908855234,0.07730371126483115
TCGTCCATCCTGAAGC-E15S,-0.3127886627114927,-0.31627417142056363
AGCAAGGTCTATGCAG-E15S,-0.11686020900573794,-0.12415480085505262
CGGTGCATCGACATAT-E15S,-0.020804672515534237,-0.03005000211846641
GGCTGTTAGGTACGCT-E15S,0.04933162202310046,0.00468466558147402
AACACCGCACTTACGC-E15S,-0.01790710434638293,-0.002211446857319284
CCTTTCAGTCTGGTGC-E15S,-0.1739857316389416,-0.21163635408998038
CTTGCCTGTGCGGAAT-E15S,-0.5735273664122497,-0.5659270318143091
CCCGACAAGCGGTACT-E15S,-0.1682022526473797,-0.1587397852885947
GTGGGTTTCAATGTAC-E15S,0.236114392089707,0.1716013058176937
GTCCGTAGTTGGCATT-E15S,-0.09966814126084857,-0.17054786408938363
ACACTCCCAGCACTGA-E15S,0.09762759067685647,0.12416065603534031
CCTTTCCTCTGGTACA-E15S,-0.15571776258450137,-0.1882972331200829
CCTCAGTCAAGCATAC-E15S,-0.11938216540358786,-0.13488263116983956
GCAATCTGTTGGGTCC-E15S,-0.1894180146368245,-0.18594742713385723
TCTAGCTTCCAGGTGT-E15S,-0.3434077820114048,-0.31502572360621117
ATGGCGAAGCAGTCTA-E15S,-0.18659240830305202,-0.17403168045489073
CACTTCACAAATGGAG-E15S,0.25450445061705224,0.2584082123651641
CAATATCAGGTAACGG-E15S,-0.2609172478151595,-0.32259498784792295
GGCTTCCTCACATTGG-E15S,0.6774810054666228,0.5754705087414841
CCATTAGAGGGCCATT-E15S,-0.18449155122128502,-0.20823954228041433
ACCATCCCAAGGTCGC-E15S,0.02138006546700325,0.0364042434722808
AGAGTAATCCATTGAG-E15S,0.05885281923833223,-0.007721138679561979
TCTGGTAAGGGTACGA-E15S,-0.23864585092566615,-0.2204351909666013
GTATCTTCATTCAGGG-E15S,-0.03787992763424176,-0.0834298234616726
CAAGCAAGTAGTAAGT-E15S,0.12516730106161855,0.09978299138061908
AATGGGCGTTAGCAGA-E15S,-0.005146730611754226,-0.05786033830815629
TACAGGGAGATAGAGC-E15S,-0.0019929393999510844,0.002678085850518554
CACACCCTCTAATCGG-E15S,0.18649729358457645,0.2050508191028807
CCTTTAATCAAGTGAA-E15S,-0.03366703560708592,-0.07186200209093443
CCACCTTGTGAAGTGC-E15S,-0.22653993922155802,-0.20272336761753257
GGCTGCATCGTTACCT-E15S,0.1614222304624622,0.1108103904027049
ACACGTTGTGATGGAC-E15S,-0.03972410324418183,-0.031343753338678955
CTGATCAAGTAGCTCA-E15S,-0.20896235216222026,-0.2676600034432191
TGCGACTAGGAATCGG-E15S,0.07938638286833695,-0.006803711460597711
GCATTACGTTGACGGG-E15S,-0.10533705585351667,-0.16587689436763917
ATCGAGGAGGATGGGC-E15S,0.3074639247400571,0.3280892044586566
TGCAGGTTCCTGATAG-E15S,-0.08020903154069943,-0.08614943341543478
ACGATATTCAATTCGG-E15S,-0.13282368798255859,-0.11612286716796769
CGTCCGTTCTAGCTTC-E15S,-0.13451560923893427,-0.15138456696385874
TCCATCACATGATATG-E15S,0.207632525073918,0.21823943809847562
TGCGAGGGTCAGGACG-E15S,-0.35437804261414635,-0.40185497640539636
GGTTGGGGTGCACGAG-E15S,-0.08783828843615,-0.11737044004733475
TGTCACTTCCTTAGCT-E15S,0.14437123697783977,0.08296586634833418
GCATTTAGTGAAGGCT-E15S,-0.11544730924561174,-0.10844095997393798
GGTTAAGGTTCACCAG-E15S,0.1538967952694355,0.09194222242882882
AAACTCCGTCAGGCAG-E15S,0.18492694128327652,0.15183935096610102
ACATGGTCATCCCGTG-E15S,0.20846895431366053,0.20583858020539494
TATAGTCAGTGGCTGT-E15S,-0.9041392713898211,-0.8898299039933287
TGGCCTGAGGGTATCC-E15S,-0.12101833367673931,-0.14753618149307568
CGCTGTTCAACTATGA-E15S,-0.1688600203939448,-0.18549074003587707
ACAGCAAGTGGGTTGG-E15S,-0.044848285314400875,-0.023574838178146422
ATGGTAAAGGATACCC-E15S,0.09204662567927703,0.05247670989817938
GCACTAGCACCATCAC-E15S,-0.3740927080573508,-0.412407781038876
CATATCTCATAGACAC-E15S,0.014338208192243997,-0.02711391398381377
TCGATAGTCACACATG-E15S,-0.4803956818265763,-0.4989595368964608
AACCTTGAGTTGGTTG-E15S,0.24467630170764426,0.22302355914163602
CCTCCTGGTAATGGAT-E15S,0.03517284806733533,0.01317238259858908
GGGATCAAGCTACAGC-E15S,0.15671898393571082,0.16196152743923742
GTCATAGTCTGGCACG-E15S,-0.23403480825689946,-0.27792420541437546
CTGGTTGGTCCATTAA-E15S,-0.22027758642442885,-0.28100261124627396
ATCGAGGAGTAAGCCC-E15S,-0.24590916230172094,-0.25561876159720703
AACCAGGAGGAACTAA-E15S,0.15043192651100187,0.14779125307816354
GCTTATAGTTGACGCC-E15S,0.07880118556211309,0.022475965000619377
GCAATCTGTCTTGCTC-E15S,0.06996107385564945,0.07993734337802802
GTGACGTTCGTTCCGC-E15S,-0.1464794753735436,-0.20622049682033539
TCCAACCCATTACCAT-E15S,0.1654899052362476,0.17208872964724325
ATCCACTTCCCCTGAC-E15S,-0.3635111360991983,-0.4256902794391286
GGCCTAACAGGAGCAG-E15S,-0.010620899447886592,-0.04975929038711054
ACGGGTTTCGTGCGAT-E15S,-0.01383419451006071,-0.02594348828605828
AGACAGACAATATACG-E15S,-0.02374464389414453,-0.005195169489954175
CAACCCAGTATTAGCC-E15S,0.2219200913624008,0.2128936026865246
ACGCGATTCCCCAGTC-E15S,0.028134568124833715,0.001074135571090001
AACGATTTCCGCCACT-E15S,0.2175103724025218,0.20201134328501877
AGCCCATAGGCGATGA-E15S,0.13702947858444825,0.057053466706833214
TGCTAACGTGGGTCTC-E15S,0.03266837619427136,0.009719568780152942
CACATATAGGATGTCC-E15S,-0.03552158590399021,-0.0883324511732673
TGTCGCCTCACAGCAC-E15S,0.10806813844166287,0.05793392028140104
CACCGCAAGCCCGTGA-E15S,-0.2442074977048076,-0.24985269318719505
AAAGTGATCCTTCGGC-E15S,0.10679115355867531,0.06908802866600852
TATCAGGTCGATCATG-E15S,0.1414450743166852,0.12160075847853953
CCACGCAAGTGATTCG-E15S,0.0935611339181912,0.053900131615874446
GTAATGAAGTGCCGAT-E15S,0.2261656460274104,0.19387422868024243
TGCGACCGTTGGACGG-E15S,-0.07958582340987994,-0.0825799835243799
CGAGTCCGTAAGGTAT-E15S,0.2285852859859615,0.2063085370127308
TGGCACTAGGATGATA-E15S,-0.03162141667484017,-0.041130901509950926
GCCGTAGTCGCTAATG-E15S,-0.28260898718323046,-0.36446413169774894
TGGTCACAGTGGGTAG-E15S,-0.018161922094126932,-0.03636325876051258
TCTGGGACATTGGCCT-E15S,-0.23229718650030365,-0.2994467772055879
GTAAGCTCATTAGTCT-E15S,-0.16306418826880692,-0.17060163276017123
CACTATGAGGCGTACT-E15S,0.00013184118185397345,-0.008481501461796522
CTTGCCATCAATTCCC-E15S,-0.02579298658515805,-0.08952970764478269
TGAGTAGGTTCACTAA-E15S,-1.7405726764035645,-1.72833628404767
ATACGCGCAAGTGAGA-E15S,-0.15461073092829725,-0.18532323204014567
AATGCGGAGTGTCCTT-E15S,0.1546414557084582,0.12828923934280823
GTATCGATCACAGCGT-E15S,0.20465948709293375,0.16928258361565762
ATCGCATGTCTGGTAT-E15S,0.017357314643634776,0.013849064813578534
TCACCAAAGTAGCACC-E15S,0.10359570742857308,0.09044845609896585
CAGTTATAGCGACTGT-E15S,0.05825230239776211,0.020183523415917764
GGCTGAGGTAATGGTG-E15S,0.1115005110536508,0.11863250046651512
ACCACAGCATAGGTTA-E15S,-0.1823760942968032,-0.1945500820769401
GCCTTCATCGACCCGA-E15S,-0.08081041478794473,-0.11097757086565001
GTAATCACAGTTGGTG-E15S,0.03850452592392573,-0.010957515388213218
GTGCCATAGGGGCATA-E15S,0.05458372390131001,0.04846014728924759
ACACTCCCATAGAGCT-E15S,-0.049154135041934,-0.11101045183992468
ACGGGCAGTTCCAGAT-E15S,0.07075381806481684,0.05582785941871027
AGGACCCCATAGGGTT-E15S,-0.03925496726480132,-0.07220132082601162
ACTATCTCAGTTGCTC-E15S,-0.10640713193364437,-0.13281803259843383
GGCGATGGTTAGAGTG-E15S,-0.16379635214790417,-0.2410424832838915
TCCTCAACAATGTAGC-E15S,-0.11947156559166162,-0.1444001980629603
CAGTACGCAGGGCATC-E15S,-0.046302603255101604,-0.08238461519532594
CATCCCGCAATGAAGG-E15S,-0.050859742395295504,-0.11135599744573606
CTGTAATAGGGTGAGC-E15S,0.4351412822770895,0.4111428171532136
CCTGTCGCAGGATCTG-E15S,-0.011227777826782873,-0.04254230088235974
ACCCTTTAGGTGGACA-E15S,-0.06605463671007139,-0.04653824989638818
GCCAACTAGCGGATGA-E15S,0.20358232621462263,0.11336122840901933
ATAGTCACACCTTGGT-E15S,-0.18683643563002555,-0.2036122926590041
GGTACGGGTATGTGCT-E15S,-0.32157060947467286,-0.3874231435142855
ATCACATAGTCGCGTG-E15S,-0.08463958295356341,-0.07960965858687191
CACGACTAGCAGGGTA-E15S,-0.12920779008210617,-0.16819808288611365
CTCGTGAGTCATCATA-E15S,0.040237858054311015,0.03955526468437535
TCCCTAACATCCTATG-E15S,-0.7942415989081415,-0.8030835356478204
TGCCATGGTGAGGTAC-E15S,-0.5110333305418395,-0.4844887843154581
ACTGAAGGTTGCAGTT-E15S,-0.3207131425876993,-0.3171292230371945
ACTATGGTCTATCTCA-E15S,-0.002884771751996843,0.001900746952988297
AACGTTGTCCAGCGAT-E15S,0.0743797269016174,0.053572547069749746
ACGAAATGTCATGCTG-E15S,0.004595029884606014,-0.059541528931932826
ATGAGTAAGGTACGTC-E15S,0.1835712937980722,0.10257623929835677
AACCCAGCAACGTTAA-E15S,0.027087605489418548,0.006107729205908858
GCGTTTCCATTACGGG-E15S,-0.024257333089312147,-0.08430548233612327
CGCAGCTGTAAGTAAC-E15S,-0.09719900833348266,-0.13505686391579774
TGCCATAAGAAGGTAC-E15S,-0.01835540330830053,-0.12276889212688974
TCCATCCGTAATGTCC-E15S,0.011231301362616557,0.02986294797909018
ATGCCCAGTCAAGTGA-E15S,-0.16178071412894843,-0.14691126933520451
GCCCATAGTAAGCGTA-E15S,0.07283537905552881,0.0420158388506709
CATCTCACATGGAACT-E15S,0.07503260994288652,0.06942613840993538
CCACTAGGTTAGCAGA-E15S,0.10130910027107129,0.06386145412168337
CTTCGAGGTTGCGACC-E15S,0.07091520255100844,0.03852547081108787
CTCATGTTCGCGCACA-E15S,-0.018450187312088827,-0.01819140370603107
ACAAGGCGTAGCGCGA-E15S,-0.341507725555881,-0.36794969950693757
GTGACTATCACTATCC-E15S,-0.12279852565201588,-0.12957771744647822
ACCATCAAGCTACAGC-E15S,0.2078963811334349,0.17469513550227894
GGGTACGGTAACGACA-E15S,-1.0617260768505317,-1.1198018701904862
TGCCAGGTCCATCGGG-E15S,-0.0028419720065235993,-0.018188244789624504
TATGGCGCACATAGTA-E15S,0.2597660924870675,0.19527725454644715
CGTTATGAGTGCGGTT-E15S,-0.33407247802306317,-0.3309199317603131
CCCAATCCAAGCGCAC-E15S,0.08465498333907748,0.0333959315038912
TGTATCAGTGCGGAAT-E15S,-0.064335851619036,-0.05119450411419294
AGACGGGCAAACTCAA-E15S,0.21307237103365248,0.2311499224828192
GCACGAAAGAAGCCTC-E15S,0.07590788794107964,0.028537708035531906
ACTGTTAGTATGTACC-E15S,-0.3252504933914836,-0.3583596086402744
AGGGTCAAGCCGACCA-E15S,0.2937709959513133,0.3209431659711161
ACAGCAAGTGATTCCG-E15S,-0.018432187961264092,-0.027159361677624103
TGCGATTGTGAGCAGT-E15S,0.020291637978987104,0.030805575982915924
CATCCCGCAGCCAGGT-E15S,-0.0629822855834712,-0.08098817995033192
CATAGCCAGAATCGAA-E15S,-0.11351795411267437,-0.17612008268989884
GTGCGGTCATTGACGG-E15S,0.21055521688065304,0.22809224247248017
CGAGTGAAGCAATCGC-E15S,0.21051556137655109,0.1593124190581544
CTAATTGGTGCAAGGT-E15S,0.2116239570423038,0.13367494655787443
CCGTACCTCAAGTGAA-E15S,-0.11162340583908836,-0.09066279289147611
GCCACCTTCACAGGAG-E15S,0.12441186473489332,0.0673756077211155
AGTTGCATCCCGCAAG-E15S,-0.3492735311841477,-0.37538161498770206
GTAGGAACAAATGGCT-E15S,0.3015014557526083,0.2996766840956686
CTCTAATCACAATGAC-E15S,0.21370935012997197,0.23309072391691957
ATGAAACGTGGCAGCA-E15S,0.039267881526995625,-0.03231630892229421
TGCATTTCAAGTAGAG-E15S,0.14758896990224352,0.15061766426170778
GGCAATGAGGCGTATC-E15S,0.32670124984797844,0.3533066833488085
ACAATCACAAGGGATA-E15S,-0.3642484437161932,-0.40847383655779623
CTACTCACAAATGCCG-E15S,-0.04288284657932698,-0.04721626130425926
CAGGGGACAACCTGCT-E15S,-0.1444943107513761,-0.1773371754527059
GGGTACGGTAGGCCAG-E15S,0.13987477608927854,0.13434904835786182
TACTGTGAGCATCTCT-E15S,0.18720590744809723,0.2021646825356535
ATTCTCATCGAGTGTC-E15S,0.18976489897687102,0.09267275089390836
ACGGACAAGGCTCTGG-E15S,0.10316158515116,0.03855055542210236
ATTCATCCAGGCAACC-E15S,0.4633593072822909,0.4246348576940992
CCCAAATGTTTAGGTC-E15S,0.04162345237791801,-0.025413751274241232
CATGATTAGGTGGATG-E15S,-0.4375087512830298,-0.43863702637266744
TGTCGTTTCTCACCAT-E15S,-0.05666883714072629,-0.036020427305769216
ACAAGCCTCACCAAGC-E15S,-0.2691636206471441,-0.25503184191392547
ACAACCGCATGAGCCA-E15S,-0.025030158990843477,-0.031873001823227
GGTGTCCGTCAAGTGA-E15S,0.010841176511828723,-0.0031518958062077594
CCATGCCTCAATGTGT-E15S,-0.0250771819128161,-0.024544091469934116
TCACCCTGTCCATAGT-E15S,-0.1182808650842364,-0.09994355732282999
TAAGCGGAGTAGTGAA-E15S,-0.2981617858284352,-0.28833761498205535
AACCGATCATGGTTAA-E15S,-0.05418048037827595,-0.10471931420938631
ACTGCCTCATTAGTGA-E15S,-0.10814651677963084,-0.08384115247915233
ATGGGCAAGGTGACTC-E15S,0.3155267793983385,0.26397803678667614
GTGTCCCTCAATCTGG-E15S,0.00606290377352537,-0.0374012335734743
ACTCACTTCACTCTCG-E15S,-0.44850711937252413,-0.43960239112066635
CGAATCATCTCATCCG-E15S,-0.39174342280754937,-0.407464670881746
AGTCTTGAGGCACAGA-E15S,0.18052541033985708,0.10444915493369525
GTTCACAAGGCGATGA-E15S,0.19549480062040953,0.11946407922078334
CTGTATAGTGAGCGTG-E15S,-0.1322592498126437,-0.13495420768448702
CAATGGTCATGCGTTC-E15S,0.19179322723819178,0.19397541042784022
AAATGTGAGTGACGAG-E15S,0.14685255785460816,0.11516015792555566
ATATCAGCAAGGGTCC-E15S,-0.14204653625273525,-0.20519272413096978
ACGGATTCACTCAGGA-E15S,0.1609416278263947,0.13753856575694626
CTGTTAGAGGATCTGC-E15S,-0.2977266218680167,-0.28708509324497283
ACCGCTAGTTTACCGG-E15S,-0.09504617488502491,-0.08857864551077808
AAGGTTAAGGCGTATC-E15S,0.1488624400991458,0.10434919026167484
AGCGATAGTGCAGGCA-E15S,-0.3321589210125382,-0.37447075682815617
CAGTCCTCATCCGTGT-E15S,-0.5928621353507646,-0.6319992816224806
GGTTAGCTCGCTCGCT-E15S,0.06365952702556703,0.011125724548079355
CAAGTCGCAAACCAGT-E15S,-0.7813832120595214,-0.7981654854648718
GGCATGTTCCATCAAG-E15S,0.2393622807719234,0.21660212187151165
TCGCAGACAAGCGGAG-E15S,-0.22106829648672127,-0.2032209980842514
AACGCTCAGCGAGGTA-E15S,-0.25014835985666545,-0.23812726424628905
ATACCCTTCAGTATCG-E15S,-1.592107796088065,-1.5921868950934088
TCATAACAGGTTCATG-E15S,-0.32018655643352156,-0.359182276764882
CGGTGAGGTTGTGGAA-E15S,0.1459579231946199,0.16506696655373768
CGTCCATCAACGGTAT-E15S,0.05889169612618583,0.0567308713574612
TGCTACAAGTCATTCC-E15S,-0.14765314775292185,-0.19323019925621088
AGGTAATGTTAGACCT-E15S,0.02788161258108126,-0.04908379854570791
GTGTTACGTCAGGCTC-E15S,-0.5097689988084881,-0.5808354812837209
ATGGTGAGTTGTAAGG-E15S,0.04961317780934379,-0.011626787798104594
GGGTTGGGTGGCGTTC-E15S,-0.9325188200833557,-0.9530566045517407
TCGGGCATCCTGAGAC-E15S,0.09667941577721013,0.04411768733805879
CTACTTGCAAGCACCA-E15S,0.3233763077260441,0.2552479217770004
TAACGAAAGTGACCGT-E15S,-0.27020369065461797,-0.268029898683624
TGGAACCTCCGTCCGT-E15S,-0.15370800394910555,-0.21445846969349858
GGATTCATCTCATCAC-E15S,0.2650595925288425,0.20412544968661417
GCCAATATCCGTGCGA-E15S,-0.10009440648795948,-0.10605594253625893
GCACCTAGTCTTGCAG-E15S,-0.5681894321879699,-0.5872247475816428
TGGATGCTCCGGTAAC-E15S,0.018853117176706707,-0.027477821009500695
GCAAGGATCTGGTGTA-E15S,-0.033620585987197776,-0.06330358446964407
CTACTTGCAAGCATTA-E15S,0.24331419298191667,0.21723264771869039
CGGACAGGTTGTGGTT-E15S,0.2236873239919542,0.24789156969951837
GCCATAGCAAGTGTGT-E15S,-0.15387127146874574,-0.1842520857488825
TAGCTAGTCCGCGCAA-E15S,0.10366917521013347,0.04377710247476539
TGGTTAGTCCTGATTC-E15S,0.01057911540989051,0.006473926348157452
ATGGTTACAAGCCTAG-E15S,-0.3479714624324826,-0.33591045963113825
TGGGATTCAAAGGGAC-E15S,0.29995014214380705,0.26895131098256236
CCACCTATCGTTAGAT-E15S,-0.47169524948510266,-0.46428775496415886
GTTAACTAGCGAGACA-E15S,-0.4117451770570701,-0.4145664061825301
TGTAGGTCAACTACCC-E15S,-0.7644996381431867,-0.7462876294509355
GGTTAGGAGCATGACC-E15S,-0.054121011205027644,-0.1393832858886747
TACGAGGAGTCAAGCC-E15S,-0.1352977109445318,-0.13351399433154856
CGATAACCAAATGCCG-E15S,-0.14360597325826413,-0.1424601058623687
GTATAGAAGGAGGTAT-E15S,0.1928872851955105,0.15167644908835964
CTGGAAAGTCAGGAAC-E15S,-0.47560361575855153,-0.520381327280001
CAATTGGTCATGCCTT-E15S,-0.01734898806747259,-0.027106981757629912
CGAGGATGTCAATGGA-E15S,-0.021292631623524454,-0.0012691989080468155
CTGCTCGCATTACCCA-E15S,0.06563289735007433,0.07529644295916256
GGGAATTAGGTACGTC-E15S,-0.04172494454070027,-0.028952907558454272
GTGTGAGAGGTATATC-E15S,-0.07711516597607813,-0.06287591412611818
ACCAAACCAACATAGC-E15S,-0.006525363722244843,0.0064282157928353964
TGGCTAATCCATAGGC-E15S,-0.03848077010519953,-0.04498225600308963
CCTATAGAGCCACATA-E15S,0.0072364950795167846,0.0015229815138079323
TCTGTTGCACTTCAGC-E15S,-0.06876115651662099,-0.09928867790082092
GTAGCGCCAGCTACTC-E15S,-0.5024197583473485,-0.5589622421769804
AGTATGTTCACTTGCT-E15S,0.09642356711726313,0.042457934626937484
CGTTCACCAGTTAGCG-E15S,-0.06579067843518553,-0.04010996117658875
GTCCTCATCACCCTTG-E15S,0.1760080554679737,0.1415357251993172
CAATCCCCAATACTCT-E15S,0.13769418740627468,0.1411731935970672
TGTACCGGTGAAGTTG-E15S,0.1693707703943557,0.09927898402686361
GTAAGGTAGCATTGAT-E15S,-0.27255257459831467,-0.3451025770950271
TGCAGTCAGCATCACA-E15S,-0.6952443276105134,-0.6825672735505114
AGTACAGGTGCGAGTG-E15S,0.017752213870818476,-0.013698956144336836
TGTCTCACAGGACTAT-E15S,-0.11773483226312234,-0.16075392483827927
TGGGATAGTGATTAGG-E15S,-0.2312640026107957,-0.2729018781370147
GGAAACTAGAAGGGTT-E15S,0.4891248524579148,0.5032014313496949
AAGTCAAAGGCTTCCC-E15S,-0.08684700657171998,-0.11264020621502711
TGAGCAAGTATGGTAG-E15S,-0.09211696355940878,-0.0908599838097775
AACGATCCATAACGCG-E15S,-0.044867100695483955,-0.06000531543871543
TCGACACAGGTAGGAT-E15S,0.0836144095488508,-0.0005312720210907036
TATCGAACAAGCCGTA-E15S,0.4574108442895988,0.46625330128674797
ATCGTCAAGTATGAGA-E15S,0.03299733928079929,0.020316030194069783
CAACCCAGTGGACACG-E15S,-0.3033754579860053,-0.3206725666642944
CTTCATATCACAGGCT-E15S,-0.5538677264801305,-0.5817564620267738
AGACGCGGTAGTTAGG-E15S,-0.07493282802248794,-0.08922579691132682
TACGCTAAGAATCGCC-E15S,0.2875157362879659,0.21933610649232943
ACAGTCATCGCTCAGG-E15S,0.17340039136599922,0.10730914027355724
GCAATCGCAAGCCTCT-E15S,0.10427310876143016,0.011669781307862935
TAGGTAGGTTAGTGGA-E15S,0.12980342369692208,0.08977656071160978
AACGTAAAGGGGACAC-E15S,0.19409883012769077,0.1447566548000536
AACGCGAAGTATGGCC-E15S,0.03610626257456257,0.02371886638147638
AGGACTGAGCGACTGT-E15S,-0.19395931583208934,-0.19507556571839477
TCGTGATGTTAAGGTG-E15S,0.008733522322530983,-0.008264847063459846
CGTAGTCAGCTATCAG-E15S,0.10045557436318586,0.05406075492189772
ACTCTAAGTTATATCG-E15S,0.05620400967453034,0.08108559245316939
GCAACATCAGGTTAGT-E15S,0.29654476354112125,0.3147116783744377
CACCAGACACTAGCAG-E15S,-0.17543630768836505,-0.21460900412541628
CATGTTGAGTCATGTG-E15S,-0.16422544356551677,-0.21764996051603813
TGCGGTTAGCATTGAT-E15S,-0.2859242491819418,-0.3315723875541124
TAGTGTTAGGAGTATA-E15S,0.02083273093274983,0.0007189226865525955
GTACACGCATGGTCCT-E15S,0.1863293530736588,0.13113492273521227
GCGCCAATCCTTCAGT-E15S,-0.08981162792790227,-0.1347550762300074
CCTAGCGAGCATATAC-E15S,-0.5778610539626765,-0.5948845797985077
GCTTATGAGCGCTTAA-E15S,0.0766286668222532,0.046664837273897156
CTTGCAGGTGGCTAGG-E15S,0.27374184880650143,0.1895304090568665
CATTCTATCTGTGAAT-E15S,0.15222577158147513,0.17051432507388598
CATTCAAGTATTGGAG-E15S,-0.06949511275992962,-0.1434670957359766
GGGACAATCGTGCCTC-E15S,0.1195896624475678,0.07495233632697183
CAGCAAAGTTGTAGCT-E15S,0.13472468310274685,0.15248152461485864
AGGGATTAGTCGCAAC-E15S,-0.13680447706749713,-0.13460954360895905
TATCGAACACCTTGGT-E15S,-0.047043219261093006,-0.0184922986483757
CCGCGAATCACTGGGT-E15S,-0.20938435110049614,-0.22307784263666697
GTCCATGGTATGGCTT-E15S,0.23504750168342523,0.2191059524824591
AGGAGTTAGATTCCAG-E15S,-0.06879523589946372,-0.060116037557949316
CTAATTGGTCTGTGCA-E15S,-0.1067102389124187,-0.09471996666152066
GTGGATAGTTCCAGCA-E15S,0.07263077587740165,0.054148826230852744
AATCTCCTCTAAGCAT-E15S,0.42054274092410476,0.34513214823136795
CAATCGATCCGTGGAT-E15S,0.22887577725508979,0.20034634302336193
CTTCATCAGGGCTTAC-E15S,-1.000873259517665,-1.033267767544924
TAGGCGAAGCCCTTGC-E15S,0.05223789971597223,-0.039449307427639704
TCTAACCTCCTTCGAT-E15S,0.03685456851044534,0.04277491639618721
ATCCCTTAGTTACACG-E15S,0.0382180065471351,0.0032457740944318216
CCCTGAGAGGTGACTC-E15S,-1.042647273589785,-1.0138496552434686
AATGAACGTAGCAGTA-E15S,0.0652613265721979,0.043466317923450154
CCGTGATAGATTGACT-E15S,-0.08619232297383693,-0.11589397765487193
TAGCATTAGTTAGTCG-E15S,0.07180037737864532,0.01048431135508161
AGTCACGCAACGTGCA-E15S,-0.42251113769815185,-0.490033811634123
TGAGTTGTCGACATCA-E15S,-0.03873426399006889,-0.03141001743755651
TGATAGCCACTTGACC-E15S,0.06803117552690285,0.06387078776263347
ATCTTCATCATAGATC-E15S,-0.08124383123115855,-0.10821769174569029
GGATAACAGCATAGGG-E15S,0.004886749061708818,0.016495898335835986
TACATGACAATTGCTT-E15S,0.06463399329211629,-0.0024151370588871854
CATCGTCCAGGTTCAG-E15S,-0.31852699405792556,-0.3004687728860622
ATCCTAAGTTTACCAA-E15S,-0.4081130379056004,-0.4570087452886357
CCGCCATTCGACCGAT-E15S,0.10254390651498888,0.06341025062073102
AAACTCACAACTTCAT-E15S,-0.2260965345721446,-0.2620436311509285
TGAATGGGTAATGCCT-E15S,-0.529247406534195,-0.5104761717895291
TGCCTCTGTAAGCATG-E15S,-0.00704886929377806,-0.02706496575505805
ATGCTCAAGGTAGCCT-E15S,0.039184554955039065,-0.023100724136781912
GTTGATTAGGAACTAA-E15S,0.1208751193334199,0.11254915647506286
TACGAGTCATGATATG-E15S,-0.2179866086427998,-0.2103174622971324
CCACCTTGTTCGGGTC-E15S,0.1503626781828305,0.10489466009416168
ATGGTTTAGAATCCAT-E15S,-0.035061075193402874,-0.13344586431932065
GCTGTATGTTCACGCA-E15S,0.043384356306589586,0.04579258832431272
CCTCAATTCATGGACC-E15S,0.13413071192777695,0.1144988390714086
CGCATGGTCAGGTGAG-E15S,-0.6812065898708674,-0.6664730660992728
TGACCCAGTCTAGTGT-E15S,0.08502526804458477,0.08501253188079255
CATTCGCCATCACTAT-E15S,-0.054147393323883124,-0.03734240105622478
TCACATGAGTAAGGGT-E15S,0.38994603706860975,0.33457104422641715
TACCGGACAAAGGATG-E15S,-0.6303366757317714,-0.7111358177369329
ACAAGCCTCATGGTTG-E15S,-0.09261768141427232,-0.09797599472763524
CGAAGCAAGTGATCCA-E15S,0.3374355051493052,0.36029043616708395
TCAGCTGGTGCGTGGA-E15S,-0.25645912113367175,-0.3484444720856973
CAGCGGTCAAGTAGGA-E15S,-1.1276955584688046,-1.1820595242097254
AATCAGCCACCTTCCC-E15S,0.06690934561835095,0.05941232574763342
GGAATGGTCGCATGAC-E15S,0.041502946896629776,0.052983082039604196
TGCCCAAGTTGGCGAG-E15S,0.06089673516290153,0.06157633833226732
CGACACTAGTTACAGT-E15S,-0.14305707372961607,-0.11525085871370615
AATCAGCCATAGACCG-E15S,-0.0038913479942932344,-0.0874997732379334
TGGTGGTTCCCAGGCA-E15S,0.08596605499723388,0.01613815366219927
CCCAATCCAAATCGGT-E15S,-0.2875978107684561,-0.26569139380615703
CGGTTCTCAAGGTCAT-E15S,0.08576368871447361,0.1034129569696171
GCTAGGGGTTGAAGCA-E15S,-0.2602915810370395,-0.28612216858228634
CAGCGCATCCCGTTCA-E15S,0.1766399440220153,0.08499830986827779
TGTATCAGTGCAAGTA-E15S,0.06997634764762273,0.06677919086683008
GGGATTAGTATTGGGA-E15S,-0.8994611157045611,-0.881500286447625
AGGCGTTTCACGGATC-E15S,-0.3337759149703497,-0.3342298928481505
AAGGTCAGTGACTTCG-E15S,0.10396432249702978,0.09740813968246449
CACATAGTCTGGGAAG-E15S,-0.03944848857216618,-0.06762379400481419
GGGCTTGTCGCTTCCA-E15S,-0.09567963875045576,-0.10078032935643498
GCCTGTGAGATAGGCG-E15S,0.026669965346913377,-0.03656787115512393
AATGACTTCCCGTGAG-E15S,-0.11793760966617542,-0.09205095549738018
AACCATTAGGATCTCA-E15S,-0.03126566019899369,-0.011721325131536077
CTCGAATGTTCCAGAT-E15S,0.0682433676250387,0.012919771263102944
AAGGGCCAGATTCCTC-E15S,-0.2803225116921495,-0.28517498750747755
ACTCGTCCAACCTGTC-E15S,0.06018169917083499,0.04594870021632837
GCGGCTATCTGGGAAG-E15S,-0.014696566524854092,-0.010875325194665783
GGAGGTTGTAGTCATC-E15S,0.026781779988776677,-0.00964512702327613
CTTAGCTTCGCTGAGT-E15S,0.060443260281321284,0.021051555603623182
GCAGTGAAGGTCACTA-E15S,0.012277032342943733,0.007516788925958791
TGCATAGTCGCTCTCA-E15S,0.11888787102952808,0.06031882469695461
CCTAATTCAGTAAGTC-E15S,-0.08732645928746652,-0.08320054794662846
ACATGAGGTTGCCTGA-E15S,-1.4329593235776872,-1.500419284947353
ACCAAATTCGTTACTC-E15S,0.30727413154884803,0.3261469993084568
CTGATAGTCATGACTG-E15S,0.11618175707713921,0.08534516469451976
ATGCACGCAATTGGCG-E15S,-0.15519482104937438,-0.1853525810233321
CTCCCTAAGGCTACAC-E15S,-1.0012844250783373,-0.9926494674090977
CAGGCACCAATGCCAG-E15S,-0.028272142082475714,-0.06633879814991002
CTTCTATGTCTAGGAA-E15S,-0.06474588136121406,-0.043917044179348635
GGCATGAAGATAGGTA-E15S,-0.22020219407202493,-0.25284614383467613
TCGACTAAGGATGTCC-E15S,0.13431625569823746,0.0575542425962277
ACCAATTAGCGGAGAC-E15S,-0.1215017373197644,-0.17496988236199934
CTGTCATTCCTTAGCT-E15S,0.2273699407432321,0.24885980638029193
CGACTATGTGATGCCC-E15S,-0.09130050933313226,-0.07656208854944058
TGGTTCCCATCCCGTG-E15S,-0.13831089199380872,-0.12281234396240968
ATAGGCCTCCTCAGCC-E15S,-0.474227756517113,-0.4532534832494436
CATGTTGAGAACGGCA-E15S,-0.2233006533933676,-0.2263576754292162
TCAAAGGGTTGCGCGT-E15S,0.21511366143174876,0.18303835048814363
ACCCGAACACAACCTC-E15S,0.10704310411243359,0.12447607742389911
CTTCTATGTGAGGATC-E15S,-0.16581513996557737,-0.14841064801601986
ACCTGCCTCGACCCAG-E15S,0.22000872691577372,0.2138843585931331
GCATCCCTCACGGACT-E15S,-0.06333769446852075,-0.08113044768544914
TACCCATTCCCGCTGT-E15S,-0.22040955247603106,-0.28647636041765057
CATCTCACAAGTCGAT-E15S,-0.48787605265135936,-0.4924362365146501
CTAATCCTCTATCGAG-E15S,-0.1730365036239629,-0.1746078658357108
TGGTACGCATGATAGC-E15S,0.05668154559359374,0.004611791372388573
AGCTTATAGTGATGCC-E15S,0.03853746429184913,0.02822095345156809
CCTGTCGCAAATCGAC-E15S,0.41559742976665137,0.43466842060127864
CTCGGATAGTTACGGC-E15S,0.14719287029025807,0.1298645877307812
GGGATTAGTGGAGCAT-E15S,0.22739695527036083,0.13536854992614064
ACATCATAGCCACTAA-E15S,-0.439085957576118,-0.4228781394850594
ATCGATTAGGCGTAAG-E15S,-0.03969470274920364,-0.09174419597414979
GCGGTTTAGCGCTACG-E15S,0.1728368692792701,0.10983740389612652
TGTACTGAGCCGATGT-E15S,-0.36682219205752953,-0.35181118958964114
GTAAATGAGCCCGTTC-E15S,0.22601400291387042,0.15884095611141089
AGCACGTTCCTCTCTC-E15S,-0.39992035348393684,-0.47774342115501284
CTACTTGCAGGGCACT-E15S,-0.028560359760120547,-0.01276866753787149
AGTACGGAGTGAATCT-E15S,-0.3160242731531963,-0.29218422435505054
AAGCCGCCACAGCCTT-E15S,0.040879272909441086,0.044540899147693956
CGCATCTCATAAGTGC-E15S,0.00553826995703223,0.022596786827652374
GCCCTCACAGCTCTGT-E15S,-1.0699869921231946,-1.0455340584320598
ACGCCATAGGTTAGGG-E15S,-0.23217419936920142,-0.2930432561332487
CACTCACCAATGAAGG-E15S,-0.05516601170586636,-0.040776791413354094
CATCAATAGCCAATGC-E15S,-0.12608843164069816,-0.17724920363176466
GTTAGGGAGTGCTCGG-E15S,0.06662283798062738,0.09195282908755648
CCATCTTAGCGAAGGC-E15S,-0.1499456875856893,-0.12695122564982825
TGAACATTCCGCCAAG-E15S,0.18632609139216283,0.20545669892659194
TCCAGTAAGTCATCGA-E15S,-0.1045830000094533,-0.09314324282387428
AGAATAGTCTAATGCG-E15S,-0.047866166336980695,-0.08969535865953114
CTTAGCGGTGCAACGG-E15S,-1.1628339667467043,-1.1465474735617172
TATACCCTCACGGACT-E15S,0.019094593128853934,-0.004003017024556229
TCACATTCATAGAGTC-E15S,-0.4195680487288254,-0.42691471653210933
GGGACCTCATAACGGT-E15S,0.078116564770425,0.031133293436237122
ACGGGTAAGCGCAACT-E15S,-0.7274733315681771,-0.7355641473788371
TAACTGACATCATACT-E15S,-0.029634437977839212,-0.06171344048306314
CACGCCAAGGCGCTTG-E15S,0.36894231556831153,0.3367745931528109
TCGATCAAGGATCCAC-E15S,-0.011727990759751901,-0.013037474898717791
TGCTAACGTGCGCCAT-E15S,0.16815637729513422,0.18874993413106225
CGGATAAGTTTCGTCC-E15S,-0.13928970789023176,-0.20501040969063927
TAGTTCCTCAGGAGAT-E15S,-0.4493936961025493,-0.5048858823561623
GCGCTTAGTGATTACC-E15S,0.10639872921215823,0.10349797547539746
GCCATAATCCTGCCTA-E15S,0.20467034135741402,0.21638781185933062
AGCACGTTCTCATCTA-E15S,0.14377602064381276,0.06963363380377253
ACGAATCCATTACATC-E15S,-0.6197751154157998,-0.5984389231073257
GCGTGTTAGCCGAGTT-E15S,-0.007861684851544747,0.010227614383843184
CGCATGGTCTAACCAG-E15S,-0.08482602938003951,-0.1530548134536863
AAAGTGATCCTCGTTG-E15S,0.20280842722449383,0.10169380660468215
CATCACTTCGCATCCC-E15S,0.10397808850319805,0.07047119249736226
CTAGCATGTCAACTTA-E15S,0.23000146625663914,0.1998309623579853
CCTGTGGAGCATGTCA-E15S,0.1813077376841167,0.09130002149407933
ATAGCGAGTGCGAGCA-E15S,-0.3593250545680789,-0.4028741215518043
GTTAGGGAGGCTATAT-E15S,-0.042418957423630416,-0.029245013997591093
CATGGTTGTGGCTTGC-E15S,0.16949617872013614,0.16967073195089066
TGGAATGGTTTGGTCG-E15S,-0.4026152952840816,-0.3806767916575109
TACCCTTAGCTGGTGT-E15S,0.13619484540287544,0.03093201790930501
ACGTAAGGTCAGGCGA-E15S,-0.09927224194418627,-0.0893876308775777
CAATCGATCGTCTCTG-E15S,-0.3118178545970326,-0.3349101255944926
GCAAGTGAGTCGATCA-E15S,0.04565546915149441,0.022720466762089806
ACAGATGGTTAATCTG-E15S,-0.5415470465761841,-0.5521787179925105
CACCCTTGTAACGGGT-E15S,-0.5867901201978556,-0.5663720508286971
TGGCTGACATGGTGAT-E15S,-0.2535593971553325,-0.2817450568703802
ATGCCTGGTTGGTCAT-E15S,0.24586929190037532,0.2543902701433851
AACAGGCGTCAGCTAT-E15S,0.002368067653341613,0.016161492461353788
CTATCAAGTGATTACC-E15S,-0.061895385136689574,-0.08144319098051726
TCTATGCTCCGCGAAT-E15S,0.09682112033874128,0.07849082156884288
GGTGGCAGTAACGGGT-E15S,0.00763073052092119,-0.025309567055330426
GTTAATGCAAGCTCAG-E15S,0.04811835699114831,0.04875454282974981
AGGCCAAAGCAACCTA-E15S,-0.4542721735508818,-0.4822349965165081
CCTAGGTAGGTAATCT-E15S,-0.6084517658670461,-0.6180614662964943
CCCAGGATCAGGACGA-E15S,-0.15756585549382665,-0.1444020153562222
AACCGATCACAGGCTA-E15S,-0.35720333058683623,-0.3743398900584588
GTCTACTTCCTTGGTT-E15S,0.13974750732604735,0.1639912327796264
GTAAATGAGTCATTCC-E15S,-0.14058943997076206,-0.2234515981290335
CCATAACGTGAGGTTA-E15S,0.1910598906006702,0.17729807913351495
GTTCAATAGGTAGTGG-E15S,-0.022322727428435923,-0.01591444370189614
AGCGGTAAGGGGTCAA-E15S,-0.3602767483984217,-0.33484493505097807
TACCGCCTCTGGATCA-E15S,0.12586363077718649,0.10814448679593681
TGATGAAAGTTAGCAT-E15S,0.0090496071428042,0.025283326916732112
TGCTACCCAACTACTT-E15S,-0.06059081127052772,-0.03971397206604592
CGTACTAAGAAGGTCG-E15S,-0.008892219679415565,-0.061530425114284436
ACGTTCAAGTTAGTAC-E15S,-0.16249713320335585,-0.1819045666240333
GGTACGGGTAGCCAGG-E15S,0.042011801674878495,0.05489450125899609
AGTAACGGTAGCGATA-E15S,-0.017165180651888684,-0.031154316802341684
ACCTAAGTCGTTACAG-E15S,-0.22079551549440746,-0.1998101488635177
TGGACGAAGTAAGTTC-E15S,-0.0014943734801115757,-0.0166448278382632
ACGCTGACACCAGCAA-E15S,0.038641986731511806,-0.04682709604651536
GGTAATTTCCCGTTGC-E15S,-0.14144016695545447,-0.16584464329289314
AGGTGCTTCCAGCACG-E15S,0.06212022860149316,0.09406402664418617
CACCACCTCAGTACCA-E15S,0.10395703182701176,0.10337687515412843
ACTTAACAGCGAGACA-E15S,-0.8859177427794601,-0.877926504540525
CACCATCCATGCTCAC-E15S,-0.06286006449331108,-0.05411727696078328
CTTAGCAAGTAGGGCA-E15S,-0.26257957386777075,-0.33529716001559795
AATCATCAGTAGCATT-E15S,-0.08706268162067253,-0.14221362887788852
ACTCACTTCCGGTTAA-E15S,-0.4378966980249982,-0.44413897911777683
AACTGAAAGTAACGGG-E15S,-0.266204956086605,-0.2662369075684365
GGTTGGTTCTAGCTTC-E15S,0.00840682397582004,0.03303566524849828
CACGTTGGTTCATCGG-E15S,0.17992338840284028,0.09858072683328775
ACCGATGCACTAACGG-E15S,-0.12095817657699838,-0.17029344481614292
GGAGATTAGGATCTAT-E15S,-0.30820183884390917,-0.3029194725234803
AACGATTTCACGCAAC-E15S,-0.01882635663351142,-0.021736091813775563
TGTAGGTCAAACCCAG-E15S,0.1131525206778643,0.07074829971608183
AGTATGAAGCCTACCC-E15S,0.08417289471097605,0.038948469157813845
GCGAGGTAGGTACCCG-E15S,-0.1894712286895945,-0.22365055796379707
CTCATGGGTTCCCAAG-E15S,-0.7561535918570814,-0.7479342314264632
CTACGAATCCCCAATT-E15S,-0.042280745581542066,-0.029745844835314453
TCCACTTAGTAATGAG-E15S,-0.622807934135406,-0.6104300486898808
GTGACGTTCGTTCGGG-E15S,0.05593601587001151,0.07840742098493785
TATAGGTTCCTGCCAC-E15S,0.10230159899976922,0.09287397067975063
AACTCGATCCAACTCT-E15S,0.06497803302224284,0.02463735567651859
CCTGTAAAGTTACGGC-E15S,-0.23817826209542975,-0.23507100952854948
TACAGCGCATCCGCAT-E15S,0.18512007143745846,0.11382761076177339
ACGATTGTCCCTCAGC-E15S,-0.06229850434748085,-0.12171165399447174
CGTACCCTCTGGCCTC-E15S,-0.25530127615107195,-0.2406269075114646
GTCCCTTGTGAACCTT-E15S,-0.25885496818008347,-0.26153124980941883
TCATGCTTCGTTAAGT-E15S,0.38678639363060896,0.4117168798083467
TGTCAGGCATTAACGA-E15S,-0.23456373580389814,-0.22851533480477085
GTTATCCTCACATAGT-E15S,0.1535308383466021,0.07933799535055602
CCTTGAAAGCAAGCGA-E15S,0.059624226016551735,0.009796550719655628
GTCCGTTCAACTACTT-E15S,0.14510931103662184,0.11701397068687354
TCAGTTGAGAAGGGAA-E15S,-0.07255155627371311,-0.06422978786024473
CCTTTAGCAGGCAATT-E15S,0.3685663597773391,0.37227821188959603
TAGTCCCCACCTTGCG-E15S,-0.16312633260631007,-0.18068566418253432
CGCTACCTCGAACCCG-E15S,-0.3914877546562193,-0.40906677312209044
CAGTAAGGTGAGGTCG-E15S,0.03469604565073981,0.01845957053316288
AACCGATCAAGGTCTG-E15S,0.2651058386470122,0.2900880176275618
CCTTGGGAGCGAACCT-E15S,0.003973872467956791,0.02704141028771744
ATCACGATCCGGGCTA-E15S,-0.3700276530653477,-0.35489014546074066
CTCGAATGTCTGTGTG-E15S,0.20385162540018117,0.22200766810421704
GTACGATCACAGCGGT-E15S,-0.8338828344808608,-0.866196305147338
CTTGGGACAAGGTGCC-E15S,-0.0966618502676886,-0.08189723295733
AGAGACCGTCTTGCCT-E15S,-0.21364968750050564,-0.29839169257010084
ATAGGCTCATTGCGTC-E15S,-0.09051486913762259,-0.06473671069617071
GGTTAAGGTGATGACA-E15S,0.09133121569555346,0.08608699852975854
TCATGCTTCCAACTAG-E15S,-0.471901143930874,-0.4819673881160024
GTAGTAAAGTGGGTCT-E15S,-0.2666153499076709,-0.302446673841407
CTTAGTAGTCTTGAGT-E15S,0.16519734687218243,0.18626413687614218
TGACATTAGTTAGACT-E15S,-0.9924628457484652,-0.9984147148952598
TACAGGTCACTTGACC-E15S,0.3097552460870548,0.2615852647003955
CCGAATGCAAGGTCAT-E15S,0.2104848696171368,0.19051537428238968
ACATGTTAGCCCGTGA-E15S,-0.10639580875037469,-0.12560146538027214
GCTTTGGGTTGGAGCG-E15S,-0.1756864534608149,-0.1984910250708504
GCATAGTCATCGCTGT-E15S,0.18691875991362591,0.11331695329016644
GGTTACATCAAGTCCA-E15S,-0.06544883493648089,-0.1212442593680828
TCTGCCTGTCAGGAGT-E15S,-0.0896149712549716,-0.07326232856337689
CTCATCACAATGGGCC-E15S,-0.3865149165009368,-0.4476530203967927
CGCTTAGGTGCAGCCT-E15S,-0.40737250137678666,-0.39675869580763445
CGCTAATGTTTAGCCG-E15S,-0.40237872368182925,-0.4434537280246337
GGAGATTAGTCATGTG-E15S,0.12208896826444607,0.14300893442472554
TGTAGCGCAAGGTGAA-E15S,-0.01881135534619097,0.008010297114872706
AACCACGCAGTTGAGT-E15S,-0.33926479455235936,-0.37056784770765294
CACCCATCATCACTTG-E15S,-0.3251084634064027,-0.3079712244088928
CCTATAGAGTAGCGGA-E15S,0.3234979279690563,0.2979883616847979
GCTTTGAAGTAACGGG-E15S,-0.38215511919278433,-0.46413510838883754
CTTGCTTAGGTACAGG-E15S,-0.07645968637413107,-0.08455019028856417
ACTATCCTCCCGTGAG-E15S,0.041300693870379074,-0.006717816153095046
TAACGAGGTTACACGT-E15S,-0.09204445984938266,-0.06876665522586779
TAGGGTTCAAGCTCCT-E15S,0.14395756289289785,0.13980697401786618
ACCCTATTCCCATAGA-E15S,-0.3532875260819352,-0.3422819360826109
AGCTTACGTCAGTAGA-E15S,-0.1272561313682495,-0.120157795300736
CATCCGGAGCTAAGTT-E15S,-0.593793977682319,-0.5670038662120637
GTGAGTGAGTGAAGGT-E15S,0.3270385412485066,0.3492357781143993
GGTCATCAGGAACCTC-E15S,-0.04466368878747909,-0.03649754617164408
GCGGAGTAGGCGTCAT-E15S,0.0942695042920815,0.04612360401203185
TCACGAATCAGGCTTA-E15S,0.10677395616555566,0.03585573230310293
TCGATAGTCGTGAACC-E15S,-1.1463916691217353,-1.1414594658533563
AATGAACGTTGCGGTC-E15S,-0.12761107031948346,-0.15579006428319758
ACCGTTGGTCAACCGC-E15S,-0.09818790983217221,-0.11114997469236565
TGGCCTGAGGTTGATT-E15S,-0.013464997835150934,-0.012502927701373652
GCATCAGCATTAACGA-E15S,0.03984871129620765,0.05473230078470852
TAAGGGGTCATATGGT-E15S,0.16613421540080991,0.11279229964771961
CAATTTCCAATCCCGT-E15S,-0.3423479921888268,-0.3554950271676322
GGTGACTTCACTCGTT-E15S,0.007028138597099581,-0.04045689404862175
CAAGTAAAGGGGTTAG-E15S,-0.5979107835622608,-0.5817824977247844
AGGCGCAGTAATCAGG-E15S,0.20824691350217187,0.22815593087019317
AGGGAAGGTTCTGGCA-E15S,0.11248389280394157,0.07561743879799518
CGTGGATTCATATCCC-E15S,0.15536249635080943,0.14321509311715092
ACCATCCCATAGACAC-E15S,0.08902182875680419,0.09339323016728976
TGCATAACACATTACT-E15S,0.1337673615041737,0.1462793790067653
TACTACTCACTTCGAC-E15S,0.33699065576619686,0.2501578833502383
CATATAGCATAGGTCG-E15S,0.20141882974334863,0.12943781194224213
AACGTAAAGGTCATTG-E15S,0.08901336963380568,0.027285970902003017
CGTATCCCATTCATAC-E15S,-0.49645199053376565,-0.5167870835183757
AGCGCATTCGTGCCAG-E15S,0.2557030106943292,0.22662474824269743
GCGCTAGTCCGCGATG-E15S,-0.23937398854337005,-0.2848127817201101
CGGGTCATCCGTCATT-E15S,0.1496402368265982,0.10393212326256948
CAAAGGGTCATCAAGT-E15S,-0.03770353192665435,-0.03276529001556887
GTATTAGCATCGGTGA-E15S,-0.21662501643266946,-0.20677799065981797
CTTGTAAGTAGCTGAA-E15S,0.4257464053294698,0.4272723992495252
AGCATCTGTTAACGTC-E15S,-0.2635521321797952,-0.28108184079056675
AGCACCACAACTGGGC-E15S,0.26818884560778994,0.18846468017403395
ATCAGGGAGGATGCAG-E15S,-0.03667996356646231,-0.025944205409223504
GGTTACATCGTTGCTT-E15S,-0.7565159418865854,-0.7328684641110349
CACGACTAGGCTTCCC-E15S,0.18883602914702952,0.12459636290966732
CCACGGATCTGTGGAC-E15S,0.06823836473822426,0.0909584168531999
CCCTATGTCAGGGCAA-E15S,0.40473852226169654,0.4198771021622593
AAGCCTATCCAGAGCT-E15S,0.3754754073198939,0.39831993144780176
TCAGTATAGCAGGGAC-E15S,-0.1989772258942733,-0.24292960945438954
CACGTTGGTTAGAGTG-E15S,0.015696348280358565,0.00856620581602462
CTAAGCATCCTCTAGT-E15S,-0.2867247591677296,-0.33119439395521916
AAGCTAGGTAGTCATC-E15S,0.12086237371478786,0.13062390428230697
TGTCATGAGTCTAGCA-E15S,0.020016010328343232,0.020881518326484744
CGTTCCATCCACCTTG-E15S,-0.3504205894414431,-0.32979922034925074
TCCATTGCAGCACGAC-E15S,-0.18150030250404975,-0.16736399554513537
TACCGGACATAGAGCT-E15S,-0.07610182021880707,-0.05220417581100634
TGCCGTAGTGACTCGC-E15S,-0.16777564741043383,-0.18596734030361603
GGATAACAGGAGCTAG-E15S,0.0833072926746869,0.06803980864300917
ATACACTAGCTTCCCA-E15S,-0.39791884305615133,-0.3807432965074184
GTCCGCAAGTATCTGG-E15S,-0.23418240581144498,-0.21479857982218964
GCCGATTAGATAGGGT-E15S,-0.0008701532191396182,-0.0016537304762782603
CTATTCGCACATACTT-E15S,-0.9656359180236098,-0.9445730531101183
ACTAACTAGTAAGGGT-E15S,0.3317353041185543,0.2492980422442231
TCGCGGATCGTACAGC-E15S,0.06405744673848196,0.02245134692549576
AACCGATCACTATATC-E15S,-0.03002410347245836,-0.09857653705562108
GTGTTATAGAACGGCA-E15S,-0.1341863708514003,-0.14502350698015892
CGTTATAGTGGGTAAC-E15S,-0.40416907742951724,-0.39143248527295177
TAGTGCATCGAACGCT-E15S,0.1212955816391434,0.07796260414690431
CGTTCACCAACATGAC-E15S,0.1597178167570362,0.1493975946435453
TACATCAGTTGCAGGG-E15S,-0.1725754513774345,-0.1974680706034348
AAGGGTTAGGATACCC-E15S,0.32927741072684796,0.2577761693838345
ATCCACTTCTATCAGG-E15S,-0.024155715641095796,-0.08114920499321021
ACGTGGTTCCAGATTG-E15S,-0.2949385559825791,-0.3167259668153699
TGATGAGGTGATCCTG-E15S,-0.45599359342933293,-0.4459568116657717
CATAACTAGGGGTCAA-E15S,-0.05606385953983764,-0.03853973177403773
AGCCCCAAGGGGCTAA-E15S,-0.045473900301940706,-0.10874049412072893
TCGCAATGTCATTACA-E15S,0.1689862634981639,0.14709510453396135
ACCCATGGTAGCAGTA-E15S,-0.9071937016482474,-0.9198544949028087
TATGTCAGTCAGCATT-E15S,0.5365516319905852,0.519279321444249
TGAGGATAGGATCACC-E15S,-0.17029200119568494,-0.20803019160144154
GTCTGCCTCCTGACCC-E15S,-0.4516222987271388,-0.45630117323833985
CGTGAGGGTTCCGGTA-E15S,0.053570724778808546,0.05361696114451146
GGCGAATGTGATAGTG-E15S,-0.09398834653853366,-0.0698483105078651
AACACTTAGGTTGCGT-E15S,-0.034632596676228915,-0.03817190214513911
CCTTCGATCTGTCAAG-E15S,-0.18999509280283616,-0.2339733035538887
CATCGCCTCACTCAAG-E15S,0.1816525117928976,0.1792780215787281
CAAGCTATCTGGGAAG-E15S,-0.2340351705883393,-0.2132052096620589
AGGAGATTCGCGCTTC-E15S,0.030029423114372664,-0.059218882483632
AAACGAATCCATCCTG-E15S,-0.0909160046455115,-0.11373352163604533
GGTGCATTCGCTCTAT-E15S,-0.7285464015631219,-0.7098908778817606
GGTAATTTCCCCAGGA-E15S,-0.49152489893122714,-0.510734941596431
CACCCTTGTTATCGCG-E15S,0.020186618036622195,0.01527037735462241
AATTACGCATTAGGCG-E15S,0.4814797046138373,0.5045334109919385
CCGCATTCAAAGGTGA-E15S,-0.04829783336355035,-0.042785264156759206
TGTCACCCATTGCCGT-E15S,-0.21256537514482052,-0.2207346516880523
ACCCCTTGTGGGTATA-E15S,0.3075574195025759,0.23816040840637184
AGAGTAATCAGCCTAA-E15S,-0.1900386787194953,-0.19665992044367786
CTGGGTTAGTCAAGTT-E15S,0.1216824345988072,0.1057495372611636
CTACGTTTCCTGTATC-E15S,-0.3088405352291213,-0.335527933763232
ATCCTGAAGTAATGTC-E15S,-0.0023832410297895193,-0.032309784130930407
TGCCCAAGTGCGGTCT-E15S,-0.20720941350211336,-0.25764805222732123
CTCCCTAAGCCTGGTG-E15S,0.11325210969997367,0.11658467499200108
AGAGACTAGTAAGTTC-E15S,0.36998681221086044,0.38124792881639646
GGCATCACAACCAACG-E15S,-0.23473457438535517,-0.22319982773431576
ACCATTAGTTGGCCTA-E15S,0.30650170418936845,0.25524944394861904
GTGTAGTCACAGCGTA-E15S,0.20073401392548823,0.16284969420454132
GCCATCAGTAGTGCCC-E15S,-0.011275344968608762,-0.03153291217892409
GGCGATTTCGTTCAAG-E15S,0.03859230232057259,0.015987779777792307
GCACGAAAGGCGTTAC-E15S,-0.24013235813965647,-0.23193300219542082
ACCTAAGTCTGGTACA-E15S,0.3512967677536908,0.350394480557963
TCAGTATAGGGTTGAG-E15S,0.15086772344500426,0.10329144409808004
CTCCGTTGTGGAGAGA-E15S,0.25526549548406147,0.24904297485394278
ACAGTCATCACGGCCA-E15S,-0.15093662085082196,-0.17499513781566323
TAATAGCTCCTTCACG-E15S,0.35778702891183095,0.3830616603229593
CATAGAGGTTGAATGG-E15S,-0.08074025803124593,-0.14776680401849643
ACATTCAGTCTCAGGC-E15S,-0.2846174785081518,-0.3426351469123013
ATGACGGAGCAACCTA-E15S,0.2405543958143121,0.15465039616462178
GGGTAATAGCCTGCCT-E15S,0.041448855724954915,0.062079572837707056
TGCGATTGTTAACCAC-E15S,0.19529346712249643,0.14428897050389383
TCATAACAGGTGCTGT-E15S,0.07142193051021785,-0.0009686089206039093
GTAGGCAAGCTAATGT-E15S,0.015393704559661069,-0.037239185259643676
GCCGCTAAGGGGTAGC-E15S,-0.29027934408171757,-0.2875039384658894
GGTCTAATCAGGGACA-E15S,-0.19656693757692997,-0.24003546900884784
ACGGACAAGCATATAC-E15S,0.38344211037500137,0.4001147454335603
CCATCCTGTTCGGTAT-E15S,-0.6829626281868741,-0.6685206234032912
CCATAATAGGTGAGGC-E15S,0.08597151461700117,0.07677890593558338
GTGCAATCATGGCAAT-E15S,0.09859030875811572,0.11099577906803446
TCTGTGTTCCTCTCCT-E15S,-0.11077490397668029,-0.1758943637833847
CATAGGCTCCATCGAA-E15S,-0.12166817312292648,-0.11790621982436694
ACAAGCGAGGTCAAGG-E15S,-0.6347965585145657,-0.6720350818351146
CACTGGACATAAGCGT-E15S,0.09171738695476675,0.05730008801985131
AGAAGTTGTTGGCCTA-E15S,-0.006762050618206339,-0.03131861231610164
GCGATCCGTTGTCCCT-E15S,-0.10950148688989972,-0.09876475092745314
ATGTGCATCTATGAGT-E15S,-0.14668025652429448,-0.1206826064608632
GCCATAATCGCGACAT-E15S,-0.05721159339058851,-0.07172911236675023
CAAGCGCCATTACCGC-E15S,0.07793124462713118,-0.017637747181562635
TGACGAAGTTCCGCTT-E15S,-0.2542309106173117,-0.23719143436995604
GGAAGGCTCGTTAAGT-E15S,0.10464419471367853,0.07614876773926565
TGGATTTAGCAACCAC-E15S,-0.6164830748964392,-0.6185277189716396
CTCAGTTTCCTTCCAG-E15S,0.3026864962094894,0.30351594172641105
CGGTTAATCATGTCAG-E15S,0.03791872333100775,0.003193246388859184
TATGCAACAATCGTCC-E15S,0.035672434498670455,0.04122551458227479
TGTAACCGTCAAGTAG-E15S,0.2763767013324054,0.2704816004808906
AACGGTAGTATGGCTT-E15S,0.14039967512511176,0.07037046487818623
GGCTAATCACTAGCTC-E15S,-0.0014100493352443358,-0.03145661759698829
CCCTTTAGTTTGAGAG-E15S,0.0004573799237761189,-0.020028956670749158
AGCCTGGTCTAGATAC-E15S,0.11453616942855555,0.09948931644993299
CAAGCTGCAACTCGTC-E15S,-0.03970436893064893,-0.020998980257939892
AAAGCAATCATAGGCC-E15S,-0.16344664642561701,-0.176776234329347
GGCGATGGTAAGCGGT-E15S,-0.14649755681181972,-0.13769381909586548
AGCCATTGTGAAGGTC-E15S,0.07389426644906989,0.09316938195935924
CAAGGTGAGGAATCAA-E15S,-0.26078654097813414,-0.23594304379918735
AAGTACCCATTAGAGC-E15S,-0.16428498947722553,-0.21037575495545813
CTGTGCCTCACTTCCG-E15S,0.15361682572312896,0.12008921729058873
TAACACTAGTTAGACT-E15S,-0.0015774908433013983,-0.010700132272308248
AATATCGCAGGATTAC-E15S,-0.5876297771639142,-0.5776187678023754
AGCTTACGTGGCTGCT-E15S,0.00010641572929513676,-0.03305863341613637
AACAGGTAGGTTCGCG-E15S,0.19815713391103087,0.1298967300520865
ATACGCGCAGTTGCAG-E15S,-0.041749140187633635,-0.02729717994033823
AGCCTTGGTAATGCGA-E15S,-0.07031800628272497,-0.10983055429389978
GGGTTGGGTCTCCACT-E15S,-0.35098060177481105,-0.36375162196262034
GCGACAGGTTTCGTCC-E15S,-0.5996703075549966,-0.6637043412562874
GCAGTGAAGTCAGGAG-E15S,0.1377752241897623,0.15295008732727794
CCACATAAGGATCACC-E15S,-0.22187326563092424,-0.23298101985724967
GCATCACAGTTACGGC-E15S,0.024384950794978762,0.0010934245575917605
CACGACCGTCTAGCAT-E15S,0.03350517630924527,0.010365317142596137
CGCGATTAGGTCAACC-E15S,0.27833027994098514,0.21357110577364286
ATGAGTTTCCCGCTTA-E15S,-0.10138229450972576,-0.1018257697069391
AGGGAGTCAGCCAAGC-E15S,0.3290370537112997,0.2533872085793265
CCCATTTAGTTGGACC-E15S,0.019043149646874088,0.04122971477087653
GGTACGCCACAGGCGT-E15S,0.13694170493815994,0.10377678058095778
ACGTTAGTCCCCAAGG-E15S,-0.07705468497182327,-0.10522634879954715
CTAAACCGTCTTGGGC-E15S,-1.604086421421843,-1.5843217906015576
CGTTGGGTCTATGAGT-E15S,-0.08870621709700965,-0.10261984906587066
CTCGACTCACAGCGTA-E15S,-0.03612697871821205,-0.09974012392193042
CCTTTCAGTTGGTGAA-E15S,-0.04593294603445831,-0.047425929197303235
TCGCTTGTCTCATCCG-E15S,-0.7998450531673997,-0.7769245833825879
TCATTCATCCGGATGT-E15S,0.2860104335184345,0.3091754259842655
AGTTGAAAGCATAGGG-E15S,0.033735640967975045,0.04614207088950024
ATAACGTTCATCTCAC-E15S,-0.5227362588815052,-0.5143947821360431
GCTCCGTTCTGGTCAA-E15S,-0.5408354009959588,-0.5794538913594037
AAGTCATTCCCCTGTA-E15S,0.1884664529305587,0.1923532793658482
GTTCATTCAATTCGTT-E15S,0.09743430202877043,0.11717511177290015
TCCTTCTCATGACGTG-E15S,-0.05002070077935741,-0.10699948469083877
GCGTTAATCTAGCTTC-E15S,-1.0571822088183438,-1.0504101096152396
GTAAACTTCGATCGGT-E15S,-0.6230720857268456,-0.6546920867090313
AGCCGAAAGGAGGCAC-E15S,0.34095230079013766,0.3562115460621786
TAGTTTGGTTTGGTTA-E15S,0.23132452358731706,0.23563656149248022
ACCATTTCATGATTGA-E15S,0.07630217772008521,0.05206772014461016
GTCGCTAGTAGGTGTA-E15S,-0.17663613815731447,-0.16697055746304115
ACATGAAAGGATGGCA-E15S,-0.10954380029623685,-0.10770437547964937
TCCCAGCTCCAGCCCT-E15S,-0.267540480995859,-0.25998925837795067
GCTTCAGGTTGGGACG-E15S,0.06697258777530148,-0.0009094681800281045
ACGCAATCAATGTCAA-E15S,-0.17592098537995,-0.1830604056298789
GGCACCTGTAACGCGG-E15S,-0.5060442433187764,-0.5283971061248564
TGGACTATCAGGTAGG-E15S,0.3902395972373677,0.4092512903027887
GTATTGGTCGATCATG-E15S,-0.48607259285393506,-0.4623662141593513
AAGTACCCAATGACGT-E15S,-0.7221806444978375,-0.7748195708821953
AGGTGCAAGGGCTATC-E15S,0.2754541017779526,0.26289728035183463
CCCTAGCTCACTCCAT-E15S,-0.8866485233011295,-0.8834458839707415
CCGCCATTCCATCCCA-E15S,-0.010451211802226287,0.014111570084929012
TCCCCTAAGGATAGGT-E15S,-1.0205407897113903,-1.037358933343995
GGTATGAGTTAGACGA-E15S,0.20732050574437982,0.18120793053915313
TGGCCATAGTTGCTGA-E15S,0.19683236330850257,0.1378538950426686
GTAGACTCAGGAAGCG-E15S,-0.15852202390829173,-0.15609476867381308
AGAGGCATCTATCACC-E15S,-0.14061855300468748,-0.13183140801480028
ACGGCCATCCTCATAC-E15S,-0.05804642317710377,-0.09820316161538666
TGTGCAATCCATGCCC-E15S,0.0062595028240619785,-0.022240164706177956
TACCCCATCCTCATGT-E15S,-0.09836342400795996,-0.08698521583658253
AACACACCAAACCGTG-E15S,-0.6154964623094444,-0.6405063330100373
TGCCTAGGTAGGTATG-E15S,0.0353236449736658,0.0009689673908172885
CGGTTAGCAATCTCTG-E15S,-0.4386155245053689,-0.4202728270794393
TCTACGTTCTAGGCGT-E15S,0.29921430398739046,0.28847127699226166
AGCGGATGTTCGTTAA-E15S,-0.2057865929244253,-0.23095723610054072
GGGCAATGTTTCAGCG-E15S,-0.5306740600955379,-0.5200270454860894
CCGACTTCAACTGCCT-E15S,0.04543900718477949,-0.0290999329536478
GGTAAATGTATGGTGA-E15S,-0.03442809408177484,-0.06890336157333747
TCTCACTAGTTAACCG-E15S,0.13154875399280164,0.14109273806872988
TACTCCACAAAGGACA-E15S,-0.14640777157312948,-0.12982124211110668
CTTGATAGTCAATCAC-E15S,-0.25810216302567374,-0.2355759188602976
AACATTCAGGTTCACA-E15S,0.3162553051132838,0.292846518250595
AGGCCCATCACACACA-E15S,-0.4461901153759625,-0.4987556454233258
TGCCAGGTCGCGTGAT-E15S,-0.3491349814117573,-0.39324185935794265
CGAAACCTCACGCCTC-E15S,-0.13762309439475218,-0.17735537007366747
AACGACTCACAAGCCA-E15S,-0.07631493698115638,-0.1182922973424354
GTAGGTTCAACTGGAT-E15S,0.3865573800877465,0.3844079878219492
ATGTAGCCAGGTTGGC-E15S,-0.21424849309657165,-0.27051208110731
AGGTTCATCATGAACT-E15S,0.10757089881912134,0.09961598591680773
ACCCCGAAGTGATCCA-E15S,-0.4252770271309788,-0.4161566123067684
TCCATAGAGATAGCTT-E15S,0.017563837321198265,0.02095746381198661
CAGGTAAGTTGGCTTG-E15S,-0.07298370729565094,-0.0587469836035014
ACTCTGTTCTATCCTA-E15S,0.024237585514633002,0.00963035260589797
AAGTAACGTAGCTCAT-E15S,-0.6852339004752277,-0.7154831510130862
ACTCCACCAACGGGCT-E15S,-1.0064610569337875,-1.054995238630685
GTATCCGGTATTAGGG-E15S,0.11174864122212112,0.0993381286027962
ATGGTTTAGGGCTTCG-E15S,-0.45514664167126273,-0.4345573228922254
CTGATTTCAAGGTCCA-E15S,0.030367046337513692,-0.031625889049524666
CGCCAAGTCCTTAGTC-E15S,0.0940259932992952,0.05879442761846774
TGAGGCGGTAGCTGGG-E15S,-0.10371376577283056,-0.1662019493693311
ACACGGTTCTAGTGCA-E15S,-0.23442241281573936,-0.22948143346976208
GGGTTTGCATCGCTCG-E15S,0.048760154832735575,0.0005707977886460552
ACACGATCACTTGCAC-E15S,0.05966125003803933,-0.019356735905664568
CCACCATCACTTCGTA-E15S,-0.13942730262701689,-0.19448648726824586
CAAGACTCAGCTATGG-E15S,-1.4656824772822066,-1.5310113443830187
AGGCTCACATAGAGAG-E15S,-0.12415957734821784,-0.11729954952648539
CAAGCGCCAGGATCTG-E15S,-0.08895354642859608,-0.0924570529332404
AGTGGCTTCGCGCAAT-E15S,-0.09810338685956874,-0.08549976348624369
AATCGGCTCCAGATAT-E15S,-0.024869259622251415,-0.04011630964379803
CCGGAAGGTCTTACCC-E15S,0.08805592273781732,0.05288116016735306
CCATCATTCCAGATAT-E15S,-0.6640547692336882,-0.6946524667617371
CTATCGAAGGTACGAG-E15S,0.08657481299408747,0.09443698864402282
TGGCCTGAGCGCTACG-E15S,0.13192319739635688,0.14811289581120207
ACTTCGTTCCTGACTT-E15S,0.8861122092180785,0.8712226837850825
CACTACCCATCCTACA-E15S,-0.018431884172126267,-0.0036331812132017133
AACACCATCAGTTACG-E15S,-0.09285625459915882,-0.07618409075409201
ACAGCCCGTGCAGCGA-E15S,-0.10716239900753247,-0.12587744507899234
AGTTATCAGGGTGACA-E15S,-2.9172946968215485,-2.935404340308222
GGTGACTTCCGTGCGA-E15S,-0.08924326389117929,-0.09994639049006372
TCCTTCTCATAAGGAG-E15S,-1.5524030933823592,-1.6111743051446328
AAACGAATCGAACGTC-E15S,0.0061136794389157825,-0.016087727846138714
GGACGAATCTATCCGT-E15S,0.12066363426395388,0.06490815594946493
TACCCAGGTCAGGAGT-E15S,-0.28945559304848734,-0.3334931917843367
AGTACCGCATCATACT-E15S,-0.5870302448666269,-0.6294154886017139
CCTCTTGAGAATCAGA-E15S,-0.24120199807742845,-0.26247449297559583
AATGACAAGCCGCACA-E15S,0.08017335907635438,0.051518050466742966
TCTCGAGGTTAAGCAG-E15S,-0.18130987114948055,-0.18508814547607322
GCAATCATCGCTCACC-E15S,-0.42522523015307195,-0.41555939828474264
ATATTCCCACCTAACC-E15S,-0.07829802322969304,-0.07460500431141934
CAACCAGCAAACTGCG-E15S,-0.054160587500280646,-0.07960711439161723
TGGATTTAGGTTACGC-E15S,0.07166272652108639,0.0868152100296621
AATGCGAGTCATGCTG-E15S,0.04775538300522385,0.024016217616540256
TGTAGGTCAGGGATGG-E15S,-0.17769845685415236,-0.17431431191251082
AATGCGGAGGTATCGC-E15S,-0.1232279364050374,-0.15996263630540206
TCAGTATAGATTGGCC-E15S,-0.6135078444691697,-0.6436382775219107
AGCAATTTCCGTTAAG-E15S,0.10417814090624167,0.0963853702899146
TGGTTCCCAACTTCGC-E15S,-0.30280889366617436,-0.32517317288796505
TGCCGTAGTAATGGAT-E15S,-0.07307329395934703,-0.10995665818121282
GTTAGCTGTCCCGATA-E15S,0.1549338404800375,0.14261271523480448
TATGGCTGTAGTTGCT-E15S,-0.7072665889920338,-0.6929563365982693
AGAGTATGTATGTCCG-E15S,0.10352446157633327,0.07643919527601727
GTATTCCTCCTGAGCG-E15S,-0.17997222957771467,-0.17012075357701792
CCTGATTTCGTTGCTT-E15S,0.5673514685925622,0.5844146372674652
TGGCTTGGTTCACTGG-E15S,-0.06883917957405428,-0.05516743836880689
AACACACCAATTGCCC-E15S,-0.2711455675684268,-0.3080039615348799
AGTGCTCAGCTAGCAC-E15S,-0.3447413980881864,-0.3781347757260777
CGTGAAAGTTTGGTTA-E15S,-0.3375201433460259,-0.34095579023331946
TGGTGTTGTGGCGACA-E15S,-0.07523348201562749,-0.09569437082612874
GCCATAGCAAATGGAG-E15S,-0.31181476077875947,-0.28996587588775585
CACCTCATCATGAACT-E15S,-0.11353337073540846,-0.11594861297736861
ATGTCAACAACTAATG-E15S,0.027309202170721154,0.056621733615140925
CTTGTCCGTAATGGCA-E15S,-0.07274211202547204,-0.06866594925497055
CACAACATCGATAGCC-E15S,0.0033947950237647184,-0.0027216306801680634
ACATCCGGTTTGATGC-E15S,0.27101387078482875,0.2552314234992107
CCGAATATCAGTGCGT-E15S,-0.9780768838347599,-0.9619932904616585
CCCTTAACAACTGGGC-E15S,-0.1282553935535397,-0.19153606617552002
ATCCACTTCCCTGGTC-E15S,-0.24017772504724585,-0.22883619144632203
CCTAACTTCTATCGGA-E15S,-0.4002520534519392,-0.4358289460172182
CATTTAGGTTATCGCG-E15S,-0.32979698863961043,-0.31441141857766086
CACCCAAGTTTACTCT-E15S,-0.3196544698638319,-0.3419540420105774
ACACGTTGTTAAGTGG-E15S,0.10752460144641718,0.11479574280816955
CGCCATGAGGCTTACA-E15S,-0.0768826012394774,-0.09431032730717963
CTAATGGTCCTCTAAC-E15S,-0.2506947656923708,-0.2801657361386661
CGGGTTACAATCGAGT-E15S,0.25507652427306304,0.23059390151061335
AGGCATGAGGCGAGGT-E15S,0.1236981754209667,0.09857374430419699
CATGGGTTCGACCATA-E15S,0.12836403343018535,0.13546189406545106
AACACCGCACAATCCC-E15S,0.026486838877650232,-0.0008308360386342285
AATTGTCAGGTGCTCG-E15S,0.6314092782029042,0.6441398403834873
AACGAACAGTCAGGTC-E15S,-0.30264173861757965,-0.27519757926899885
CTAAGGTCAACGTGAT-E15S,0.0495088914831581,0.0013706673526116251
GGTATGTCAAGGTCTG-E15S,0.1271717797903738,0.09697322031917166
GCGTATTGTCTTGCCT-E15S,-0.050362204426176144,-0.06289623985050054
CAAGCAAGTAAGTTCC-E15S,0.20046293780475732,0.22149953163602742
CTTGGCTCATGCTCAC-E15S,-0.16185454911623043,-0.15120193989103914
TCCTGCATCAGGCATC-E15S,0.3003073732347191,0.2802283452041786
ACCTCACCAGTTAGGT-E15S,-0.39158905956947343,-0.3864128938884291
CAAACCGCATGCAGTG-E15S,0.0408151325192503,0.03431497688253263
ACGATTTAGGTGCGAA-E15S,-0.1648419526406984,-0.1688209104194354
AGGCCCATCGATCAGC-E15S,-0.001239210588654855,-0.024439842931562157
AGTCGAAGTTGCTGAT-E15S,-0.4835635135769047,-0.4822758682848671
AACCAATTCATCGTCT-E15S,0.14649762251523052,0.14167137309619754
ATGTGGGAGCTTACTC-E15S,0.004370656218950289,-0.008575492894476568
CGAACTTGTCTTACCC-E15S,-0.04680794137327549,-0.02323090672315229
CGCAAATCAAATGGAG-E15S,-0.31611063846075693,-0.37167002548125005
GCATTACGTTGACCAT-E15S,0.044344896278924115,0.06280147307879387
GGCATGTTCCCGCTAC-E15S,0.25185072513173834,0.1549913824288017
CCCAATCCATGGTGCA-E15S,-0.23665534093938304,-0.22761876890998933
CGTAAAGGTTGTGCCA-E15S,-0.32373353361707136,-0.35040073483582246
GCGATGTTCTATGCGA-E15S,0.5098269610385969,0.4593555371776069
CGAATCTGTTTCAGTA-E15S,-0.5125328671821759,-0.5182052183515179
TCCAACTTCCGTATAG-E15S,-0.6678373822897465,-0.6573941615189847
TCAGTAGTCATGCCTT-E15S,0.12794816307848336,0.14530882254832866
CAATGGCTCGCGACAT-E15S,-0.28872523683052925,-0.31279462969177996
ACGGAGGCAAATGCGT-E15S,0.07587880286291945,0.07904023815707557
CGCAGATTCATATCCC-E15S,-0.15585628290614256,-0.13569328559434463
AGCACTTGTTTCAGCG-E15S,0.0796997064247291,0.08154920279443457
AAAGTAGTCATCAGGC-E15S,-0.15998737078644762,-0.20644854245684097
GTGGATAGTAGTTAGG-E15S,0.03938461268689577,0.021593523870214723
CCTGCATCAGGAACCC-E15S,-0.09944965812890078,-0.122289898199126
TGAACCATCGCTCAGG-E15S,-0.02338279506339212,0.0001882905492374886
CTTATCGCATCGAAGT-E15S,-0.24906616674155407,-0.2557986001567212
GCTCACCTCCGGTACG-E15S,-0.003505456956409938,0.015954621519387986
CTGACCCTCCATCGTT-E15S,0.26348359979708236,0.21175300618684112
ATCGCATGTTATGGTC-E15S,-0.08029932770404649,-0.1376915254403307
CCGGTCAAGGGTGATG-E15S,-0.14660076511205536,-0.1938638470540742
ATCCTCCGTGATGAAT-E15S,-0.066452312397677,-0.09255359714404411
ACGGGCAGTCATGCTG-E15S,-0.16482945950364092,-0.190534914852908
GGTATGTCAGGTATGT-E15S,0.35481379354510423,0.33929030884349193
TCCACTTAGTGGGTCT-E15S,-0.1815167165257029,-0.18698891849907523
AGAAGTTGTTTGGAGA-E15S,-0.0723512652933312,-0.11547574133474739
ACGGACAAGGTGCAGA-E15S,8.831505561124347,8.858058787126103
ATAGCGGAGTGATAGA-E15S,0.12431691772065942,0.12905514381419564
GTTCTCACAGGTAGCC-E15S,0.1482237863576417,0.1635681371852037
CTCTCGATCGCATCCC-E15S,0.19179434077227941,0.20275516492634657
AGCTAAGGTTCGCACA-E15S,-0.07118767555874934,-0.07630028933074205
ACAAGGCGTAGCTGCC-E15S,0.20156626744894535,0.22180440376900915
CTGAACATCCAACTCT-E15S,0.15588357992419583,0.10810920243713541
CCGTTGGAGCTAACGC-E15S,-0.021207902434731633,-0.014986744882363399
CTCAGTTTCACTGGGT-E15S,-0.11975530727982739,-0.14625538041579952
CCACGTAGTCTGTGGC-E15S,-0.38289597837153755,-0.42007550610419614
TAGGGCTTCCGCAACG-E15S,-0.14265605786300084,-0.18926518330952158
TGCCACCTCAATCTGG-E15S,-0.162036647539861,-0.19770992161263248
CGTAAACCATTACGTT-E15S,-0.23756630805303455,-0.22475291780280165
AGTACCTGTTGGCCTA-E15S,-0.2836845530534278,-0.2973934842295966
TCCTCGATCACAGACC-E15S,0.043161438336687924,0.06295626071722522
CGTGAGGGTGGCGAAT-E15S,0.03294858046681684,-0.03352196427450457
GCGTTCTCATGAGTTA-E15S,-0.0650423241766804,-0.06276583501554053
TATCATCCAACCGCTT-E15S,0.1382518822994235,0.1489732008388138
CTTCGCGCAGTTAGAC-E15S,0.06496536792176708,0.07365602187546677
ATCAGGCTCCATAGCA-E15S,-0.26634272088547317,-0.2384351880765211
CCAGCCTTCACATAGT-E15S,0.19694791841885254,0.12492149745763707
CTGTCAAAGTGCAACC-E15S,-0.1089759450888908,-0.11915741344498312
ACCTGTCCAGCCTACT-E15S,0.046534489412287106,0.02402297693345145
ACAGGCAAGTGAGGAT-E15S,0.2936653265357431,0.2743108630575897
GTGGTAAGTTAAGCAG-E15S,-0.24267478819752325,-0.23991805086247642
CTCACATTCTAGTGTG-E15S,0.04352053241089063,0.02217997650942787
ACCCAGACACTTGCGT-E15S,-0.7149719655590964,-0.795216840991274
CCCTAATTCCCTGTGC-E15S,0.08118287372630076,0.001449515565702054
ACCTGATGTTCGCAAT-E15S,0.10889617408994916,0.11128642939938731
ACAACAGGTTCCTCAC-E15S,0.1450428204813069,0.13727670914350218
ACAGTGAGTTGGCTGC-E15S,-0.7421755913055973,-0.7506655601038297
TGAGCGAAGTTGGACC-E15S,-0.03751121259365303,-0.06534189227150344
CACGCCAAGTAGTGCC-E15S,0.10922311379738228,0.0688286000039951
AGCACGCCATAGATTG-E15S,-0.1376292465877007,-0.1689248490821465
TCCAAAGTCTATGGGC-E15S,0.0580914453414489,0.02641264673255414
AGACTGCTCCGTAGTA-E15S,0.3349589671746903,0.275696396666884
CTGGTTAAGGTAATCT-E15S,0.1966613032536206,0.1902198936486646
CATTTCGCATTCGGGA-E15S,-0.05693165263893887,-0.09783288164299109
GCCTGCAAGTGAACCC-E15S,-0.9832638205105086,-0.9721912635304792
TAGTCCTTCACTGGTA-E15S,0.16403242504243676,0.1340470333417828
CCGGCAATCGATCCGG-E15S,-0.10830171952974824,-0.13462524137787638
CCCGTTGCACCTCAAC-E15S,-0.035122129830447386,-0.025725961287845933
AAAGGTTGTTGAGCGG-E15S,0.1908509454750548,0.21106639941314198
GCGTTATGTTGTGGCC-E15S,0.48692095366724614,0.5029991705564019
TATCCATCAGGGCCAT-E15S,-0.36641049523080294,-0.3852003698802569
GCTAGTCAGTGAGTAA-E15S,-0.9401690840769709,-0.9406506904958167
TGCACGTAGGGTTGCT-E15S,-0.13897025861334952,-0.14487646536573492
CCACGAACATGGCTAG-E15S,0.08910940414885798,0.014772798249212954
GCCGATTAGTGAAGTA-E15S,0.17159677880232307,0.15560898251746041
GGGACACAGGTAGGAT-E15S,0.13544460966444943,0.028097247025084468
GGCCAATTCAAGTAGA-E15S,-0.041474810032421164,-0.06384311335651177
GCCTCATCATGCTTCA-E15S,0.1998940232317329,0.15682173354307952
TCTCGCATCAGCCTAA-E15S,0.2289319304765663,0.17637171525694945
GTACCAGCAATTGCCC-E15S,0.15026766106842215,0.11806957597859802
AGTGAGTAGCCTGATA-E15S,-0.5596376393168603,-0.5804838849355575
TAGGACTCATCATCAT-E15S,-0.023774946222836817,-0.06734957966030064
GCATGAGAGTGTCATG-E15S,-5.835966476232575,-5.809766208731068
ATCAAGGGTCAAGTCT-E15S,-0.15539257386979555,-0.2111624624789783
TGATTGGTCACTTCGT-E15S,0.025990647193927203,0.04663714548722368
TGTCCTTAGAACGAAC-E15S,-0.08937392030721626,-0.0734784148372253
CTAGTTAGTTAAGCTC-E15S,-0.6546344400296356,-0.6853971436891734
CCTTTGGTCTGGTGAC-E15S,0.09999641893427248,0.03930274408526504
TATAGGTTCATGTAAC-E15S,-0.13762345602778897,-0.17050762114471313
GTGCTATGTTGTAGTC-E15S,0.007902729347154563,0.004839519452241209
TCTGGGTAGCCGACCA-E15S,-0.04468742523550167,-0.05889761936440235
TGCCGATAGCCTAGAC-E15S,0.22114838486036476,0.23974224173975606
TCCATAAGTATGGCCC-E15S,-0.30372373636861927,-0.376727159694399
GTGAGGATCGTTCGTT-E15S,-0.010723401599681506,-0.014386175866252852
GGACGTTTCTGGATAT-E15S,-0.08803928197249575,-0.05947974415608266
TAGGTGAGTGGCCTGT-E15S,0.3010790337141573,0.26067967679242626
AACATTGCAAATGGAG-E15S,0.13133826520530453,0.12397639724898653
GTATGAGGTTGCATGT-E15S,0.06378109970602217,-0.0393261587870111
GCTTACCCATTCCTAG-E15S,0.134288076823749,0.05327820613292419
AAACGACAGGCGTCCA-E15S,-0.4100023208882062,-0.37978273100059845
GCAAGCAAGTGCTCGG-E15S,-0.6297849611736933,-0.6196922456177538
TAACACTAGGGTTAGG-E15S,-0.3073164981414594,-0.2974132101530865
GGACATAGTTACACAC-E15S,-0.06510073017119511,-0.04858652826770866
CGTTTGGGTTACACTA-E15S,0.1537530405913767,0.13290986120446147
GTCAAATTCGTTCCGC-E15S,-0.10130829719215123,-0.15622049280209613
CGTTTGAAGCAGGTAG-E15S,-0.5306229799417246,-0.5573191117338536
GGCGTTGTCGCGAATC-E15S,-0.11041177636748267,-0.15140857954118223
AAGCCTATCGAATGAA-E15S,0.19182696670439955,0.1652844949199503
TATGAGAAGGATTGCC-E15S,0.04473500873873666,0.0494571943099008
GTAAGTTTCACGGAAG-E15S,0.6416485980571808,0.658074048392491
CCACTATTCAGCAATT-E15S,-0.12210179984222498,-0.1312486323304159
AGTCCTGGTGAACGCG-E15S,0.09530875238664804,0.0021351622570203012
TGCACAATCCCTCGAC-E15S,0.03390092462867341,0.015294731042946423
ACAATGGGTAGCCCGT-E15S,0.1789730768666038,0.15856622993551184
ACGGAGGCATCCTGCG-E15S,1.0816758802059612,1.0625796054240402
CAGCGATTCTAGCTCT-E15S,-0.6224386716562708,-0.6484447722525355
ATGGGGATCGCTCCAC-E15S,-0.34253423160076435,-0.36192775024713714
TAGCTAGTCACGCTAA-E15S,0.26903655854406405,0.2785773789902828
GCGGCTATCGACCGAT-E15S,-0.3362357908908866,-0.33284715664980036
GTAGTCGCATCCAAGG-E15S,0.45191967416801243,0.45711996779998554
AAGTAAGTCCGTTAAG-E15S,-0.17038167093442452,-0.23159100660994972
GGCTGAGGTTAGGTCT-E15S,-0.41020444201435385,-0.40155030178043855
AACTCAACAGGACTCA-E15S,0.08409215561982833,0.06265370419038796
AACCTCAAGCTTCCTG-E15S,0.2432787305196907,0.17581765044924888
AGGACATAGTAACCTG-E15S,-0.12032639710628125,-0.18390346679614056
ACTCACAAGGATGGTG-E15S,-0.013047838079089567,-0.03743662087445231
TGAGCAAGTTCGCTGA-E15S,0.09415771841360784,0.07909540986679887
ATGGCCCGTTGTGGTT-E15S,-0.5173812255532244,-0.5931709601007026
GTAATGTTCAGTTGGC-E15S,0.07748199048833854,0.07994768026755038
GTGCTTGGTTCCAGTG-E15S,-0.34945138017186334,-0.3982725898421625
AGAGATTGTAATCGGA-E15S,0.12048196886349331,0.09043807310949328
ATGATCCGTTGAAGCA-E15S,-0.12890253012630104,-0.15114112626843038
TGTGCCTCAGGATAGA-E15S,0.15331729084776247,0.1714630534224291
GTCGGCTGTAAGGGCT-E15S,0.006360410997381286,-0.03656430508120534
GCCCATAGTTCGCTTC-E15S,-1.4250554029532492,-1.4423822132807658
CATCTTGCAATCCGCT-E15S,-0.048914881122951004,-0.046412316078152945
GCGGACTCAATATCTC-E15S,0.03401605555427831,-0.010840973881352607
TCTCGATTCGATAGTT-E15S,0.06256980934450442,0.07147164152674766
AATTCAGCAACCAACG-E15S,-0.20521483686496683,-0.27724136071079447
AAGCTAGGTGAGCAGT-E15S,-0.10568168334923361,-0.12953506968706927
TGTGTACGTGCAGCCT-E15S,0.014229459782458664,0.01774810304394671
TCCCTTAGTTATCTCT-E15S,-0.007270439658284666,-0.043879141354257016
TACCAGGCATAGACCG-E15S,0.5989834312836677,0.5269093636231339
GGGCCTATCCAACTTC-E15S,0.04578184215536724,-0.03489572146575672
CAAAGCGAGCATGCCG-E15S,0.13030422134365532,0.09182117969352706
TGCCGAACAACTAGAC-E15S,0.14938944565012824,0.14487739316968606
CACGGTTAGGTCAAGG-E15S,-0.010040190537159516,-0.04767361534548409
TGTGCCAGTCTCAGGC-E15S,-0.36286707024236997,-0.3398463519174418
AGGCCATTCCGTGCGA-E15S,0.018296987302780284,0.0020343105329693836
CAGCAAAGTTCCTTCA-E15S,0.21819356046354707,0.23657095557931496
GTGCTAATCACGTACA-E15S,-0.04169791332175079,-0.0367374596268214
CTTATGGAGTCAAGCC-E15S,-0.5896814405214946,-0.5982531144082304
CCTGGTTCACCTCAGT-E15S,0.23041280110696055,0.2429125788606495
AACGGATAGGATGCCT-E15S,0.10213961459977092,0.08770949608706186
TCACGGGTCGATTAAC-E15S,-0.03718812032222638,-0.05545845107119585
ACTAATGCAGGCTTGA-E15S,-0.2513130737659047,-0.22757033486146794
TCTATTGTCTGGTAAT-E15S,-1.0889679033349686,-1.077781286539782
CAGGAACGTCAATGTC-E15S,0.04107520920010848,0.05124489240040776
AACCCAGCATCCTTAG-E15S,0.0997725214545471,0.09022903824874061
ATTCGGGCATGCTGCT-E15S,0.3383626922431875,0.3015422870519551
TCTCACTAGTATGGAA-E15S,0.8487513572307115,0.8672208808258831
CACTGGGTCACGGATC-E15S,0.1518869572845748,0.13475776896435895
GTAATCACATAACCGG-E15S,-0.043838729419582806,-0.01849308177574239
CAGTACGCATGAAGTC-E15S,0.11984038125779761,0.09618047731693935
ACAGCCCGTGGCCATC-E15S,-0.2198196781207654,-0.2472958070047795
ATGCCAGCAATTAGGC-E15S,0.14628667402354778,0.09864963431885826
GTGGGCAGTAAGCGAC-E15S,0.1889568554778826,0.09140420551998403
TGATTGGTCCCCAGAG-E15S,-0.11298568788633326,-0.12764281125562202
CGGATCACAGGATCGC-E15S,1.4512192458195357,1.4532972165306102
TCCAACTTCCCTGGAG-E15S,0.4012000686363279,0.3944462308007222
CACAATTAGATTCACG-E15S,0.3116191440941152,0.2888017188251093
TCGTTCCGTCTTGACG-E15S,0.13590398463211595,0.0980442894571236
GCAGGATGTTGGTTCG-E15S,-0.43879901607413396,-0.4210724051054612
CTCACATTCACAGCAC-E15S,-0.7795491436812237,-0.7831328029628294
CGTTGGGTCTAACTGG-E15S,-1.8615297850205264,-1.8820781898139096
TGCACCCTCACACCGG-E15S,-0.08371965625142588,-0.10190947626941649
TATGCTAGTGGCGTGA-E15S,0.17221618941397598,0.15860444781071031
GCGCTAACAATCAATG-E15S,-0.057963093356449134,-0.08322057176226656
TGCGACCGTCCATCCT-E15S,0.08932259224483814,0.09426695046054827
TACTCATCAATCGTCC-E15S,0.005126629500789931,0.013898516209394777
TAAACGAAGTTGCAGC-E15S,0.02203102966602681,-0.05849362996750099
ACTGCAATCTGGCCGA-E15S,0.05473900777271509,0.05650717002228911
CTTAGCGGTTAATTCG-E15S,-0.012691285448771005,0.001282233099290874
ACAGTTACAACATCGG-E15S,-0.050771568852038776,-0.06993566045201415
TACCTCACACTCAACC-E15S,-0.13874042312142287,-0.1554170654230256
ATGCATTAGGTGAACG-E15S,-0.12371937854869941,-0.15717712466216452
GGAGAAGGTGAAGGAG-E15S,0.060528815129984995,0.06473723088995816
GTTGCTGGTAACGCGG-E15S,-0.0025190161750774376,0.0075281086292980194
TGCAGTCAGTATCTCC-E15S,-0.409908485789602,-0.3883466684595018
CAGCTAATCCAGATAT-E15S,-0.5591652688013927,-0.5986717681016256
GTGCATATCCATCGGG-E15S,0.08750711208272408,0.100695930671745
TCGCGCAAGGCGTAGA-E15S,-0.18431373627305792,-0.19845199387691462
ACCTGGACATGACCAG-E15S,-0.5855594564920158,-0.5795527795239004
ACCAATTAGCGGTCTG-E15S,0.08439731638144006,0.07757946138034098
AGCCGTTAGGCGTCTG-E15S,-0.12330048361016212,-0.10064646664848896
AAGCAACAGGCGTAGA-E15S,-0.12150807992160423,-0.1567264269652382
GTTCATTCATCCAATT-E15S,0.06984830447620255,0.033964013097423036
AATCGCATCCCTCGAC-E15S,0.33223597323048326,0.29881530675805423
CAATTTCCACTAGGCA-E15S,-0.20588727358017203,-0.2493659292206047
GGTTAGCTCGCTCGTC-E15S,-0.025026687173382182,-0.0396651650406431
ACTTCTATCCATAGAT-E15S,-0.17675100197330415,-0.15902478556827493
TCGAATGTCCATTGAG-E15S,-0.5573188465297597,-0.546242758429946
CGGTTATGTTAGGGTA-E15S,0.05007645163354073,0.05557402459030054
GTATTGGTCGTTCCTG-E15S,-0.5068765505011973,-0.49795297316102805
CTTATGGAGGAATGGT-E15S,0.3035814794274225,0.2901135995241744
AAGCAATGTCAACCTG-E15S,-0.06327245612924089,-0.06116445876193996
AGTTTCAGTTCGTCCT-E15S,0.6311696930299878,0.6292179359637177
GCGTTTGGTTAATCTG-E15S,0.08644466491858051,0.04769980019349113
GGATGCTTCGTCTATC-E15S,-0.011316651854090932,0.0014061584138023225
AATGACAAGAATCGCC-E15S,-0.35087449661403153,-0.3421689266306061
TGCCTTTAGTTACGGC-E15S,0.3569359829031523,0.3546003476308642
ATGACCCAGCCGCAAT-E15S,1.2808576513801533,1.2089867206953246
GCGATGAAGAAGGTTA-E15S,0.35262539520778774,0.3290596940161447
CCAGTTGGTAATCCAC-E15S,-0.15404161371756955,-0.1829659519070416
GTTCGTTTCGAGTCTA-E15S,0.35899507980319384,0.24786366377100105
TCGTCAAAGGAGTAGT-E15S,-0.7607200081736462,-0.7438049788322119
TATGCTAGTTCACTCC-E15S,0.0017619439862587988,0.020775386296743935
GCGGTTACAATGACGT-E15S,0.2416077403404166,0.2609438503035362
ACAACCTGTGCAACCC-E15S,-0.04317496854072858,-0.0990500560181311
ATTACGTAGCCATGAC-E15S,-0.11493708424210569,-0.12498821333990472
TCTATTGTCATCTACC-E15S,-0.05520379912238322,-0.08935817546345957
ACCCTCATCGATGATT-E15S,0.2091943343086525,0.18032028047626805
AGCACGTTCCCGTAGG-E15S,-0.4626795365253339,-0.5173305587122412
CTATCGCCAAACCACG-E15S,0.004757870652804417,0.0064084197959357655
GGGTTGAAGGTTCACA-E15S,-0.455565074802094,-0.46700026493868474
CAGCGCATCAGGACGA-E15S,0.24689500875657888,0.2536707116458453
GTTCCACCACTTGATT-E15S,0.4813393198236104,0.4855607902852351
AGGTTGCTCACCCTAT-E15S,-0.1722919744559253,-0.1312249673537088
GCTTTGGGTTGAATGG-E15S,-0.5392180796316666,-0.5601392297751278
TCACTTATCGCTAGAC-E15S,-0.15847969821880595,-0.18050887329988882
CGTTTCCGTCTAAGCT-E15S,-0.18464902483344736,-0.18728693518241007
AACACCGCAATCAGTA-E15S,-0.10947594143128733,-0.10018736334501574
GTGCCTAGTATAGCCT-E15S,-0.09901378936738292,-0.08494138847528598
CCTGGCAAGTACGCTA-E15S,0.08214405009951989,0.043778619873870106
GGCAATTCATCGGTTC-E15S,0.1132134851106001,0.05621889236513701
AGCAAATGTTGGCTTG-E15S,-0.14241627803951348,-0.1297678246996746
GGCTAATCATCACACC-E15S,-0.34925603794115534,-0.3558500663920644
GTTAGAGGTAGGTTAG-E15S,0.04189136063925735,0.022148193825245417
AGCAATCCACCTACCG-E15S,0.01922503392154519,0.04795085038603658
TAACTGACATGGATGT-E15S,-0.8139622009878118,-0.8842918911327735
ACATGGCTCCCCTTGA-E15S,-0.05641542305458084,-0.0418099244222665
ACGGGATGTAAGCTGA-E15S,-0.17798862592992823,-0.22789455138824935
TACTACTCAGGAATCT-E15S,0.08055339509641532,0.0077199775843842565
AGCCCCAAGTGGCTAC-E15S,0.03425589036479258,0.0022159381007959863
CCGGCATGTGAGGACT-E15S,-0.8019600577883595,-0.8050586346595461
TGGAGCGGTTGAGGTA-E15S,-0.3716110063656246,-0.3649659073912143
ACGAACCTCCATTACC-E15S,0.4386887344061191,0.39727657874800026
GGTACGAAGGTGGCAA-E15S,-0.4058447668716489,-0.3979353228444883
TAATGGGGTTAATCCA-E15S,-0.043008324735207756,-0.05465731263851846
CAAGCGGGTGACGACG-E15S,0.1539239726435738,0.1889107819172132
CAATCCTTCCGTTGGG-E15S,-0.23259296250866543,-0.25261087240906327
GGGACACAGGAGCTTC-E15S,-0.06886314112701786,-0.12519941957202277
TCCTTTGGTTCGCAAT-E15S,0.023277784839658824,-0.02226477343428606
CCCTTAACATTGCCAC-E15S,0.04293608395013497,0.04886066697146304
CACCGTAGTGCATCCA-E15S,-0.6977013699046156,-0.6885046494284605
TCGCGGATCCAGCCCT-E15S,0.04151141600638552,-0.008594391426479489
GCATCAGCACCTTGCG-E15S,-0.015713917948082398,-0.0807783919969332
CAAGGCAAGTACGGCT-E15S,0.014788795446837324,0.03869979786251437
CATAGCGCATCAATTC-E15S,0.11848563936831724,0.10422629832180362
ACTCTGTTCCAATGCA-E15S,0.05408169736461449,-0.008390185915341127
CGAGCCATCACTTCCG-E15S,-0.43229467354897294,-0.5047462402233919
AACGTTGTCTATGCTC-E15S,-0.5919404160249246,-0.6056862193199581
CTTCTGGTCTAGTCGA-E15S,-0.014634007740071314,-0.11316652571059597
ACCCAACAGCTTAGTG-E15S,0.15073266901109766,0.16546569461252816
TACAGCCAGTAAGGAC-E15S,-0.12205391460456994,-0.12492761368822633
AACAGGCGTGAAGCCG-E15S,-0.19015928901878187,-0.2060717502774865
CGATGGGGTTATCTCT-E15S,-0.5423805697184731,-0.6189761918306412
GCGTGCATCCATTGAG-E15S,0.02384864844533397,0.0376265461076658
GCTAAATTCCGCAGTG-E15S,-0.030227184126457203,-0.010181923319625015
TACGATTAGTATGATC-E15S,0.045448350793684714,0.06198025691889868
AGGCGAATCACTTCAC-E15S,0.0468100064607514,0.028438193375356587
CCGCGTTTCCCGTTGC-E15S,0.5292756975202809,0.478789258226869
TCGACGTAGCAATTAC-E15S,-0.06309519298658528,-0.12399004296398759
ATCACATAGCTAGATT-E15S,0.02664102426808454,0.030119012724294392
CAAGTAAAGATTCCGA-E15S,0.12135590231016487,0.07936389467659226
CCATCCTGTGACTTCG-E15S,-0.0077725661562426385,-0.06883567326361606
AAGTTGAAGCCGACAT-E15S,0.19611126170016294,0.15077099997886784
AGTGCTCAGATTCGGC-E15S,0.17152476659934687,0.1573505657844192
TGAATGGGTGATGGCG-E15S,-0.352268944432944,-0.3382429315908277
TGGGTCCGTGACGAAC-E15S,0.28620361586253423,0.2986437948564288
GTGCATATCTGTGGCG-E15S,-0.16885381732542087,-0.1880254578733579
TCTCTGGTCGATAGTT-E15S,0.0423894435281937,0.055712275339093675
TCAGCATGTCTAGTCG-E15S,-0.04082723170322522,-0.021686232010176113
ATGATCCGTCTTGCGA-E15S,-0.06558415977834063,-0.09037384947881476
AACTTTGGTCTCAGTG-E15S,0.13613918469381125,0.09978210428360786
ACCTCTTAGCAAGGCA-E15S,-1.586382378312737,-1.5787586062471644
CGTCACCTCTAGCTGA-E15S,-0.011893203735884634,0.0006846058796476951
ACGAGTGAGGTAGCGA-E15S,-0.0053583560163460164,-0.10350232491901441
CCTCGTTGTTAGCGTT-E15S,-0.3619023609533998,-0.3587722968902008
CTACTGTTCAAGTGCC-E15S,0.821985182427837,0.8209898878860841
TCATAGTAGTAATGAG-E15S,0.06474419720789185,0.06365690722757476
CTTGGCGAGGTAGATA-E15S,-0.26045936473317705,-0.2496146269848646
CCAGTATGTAGCGACG-E15S,0.28956796915246524,0.31574585491163
CGCCACTTCTAAGTCG-E15S,-0.13236637937492132,-0.2059835157148424
TATGATGCATAGGTAC-E15S,0.23411544593073447,0.2060773112816914
TGCGGCTGTGGCGTGA-E15S,-0.13091849544369388,-0.12573056691865336
GCATGAGAGTGGGTCT-E15S,0.10891044543317924,0.10511861922881488
TCCACTTAGTATGTAC-E15S,-0.04327567781374472,-0.005581139712185713
TCAGTAACATTCGTGC-E15S,-0.2289846794486797,-0.22503882298412922
GGGATTAGTTTAGTCA-E15S,0.23261647437554586,0.22284784595186163
GCGCTTAGTGCGGTTC-E15S,-0.4944667798170336,-0.5390482454266883
AGGTTCGCAACATTGA-E15S,-0.348996232526572,-0.3479771044071529
ATGCAGGAGGCGTTCG-E15S,-0.330120052378642,-0.3408097787064589
GCTCCAAGTAACGTCT-E15S,-0.32883437397344384,-0.33864357620838126
CCCAGTGAGTGATACT-E15S,-0.09509410723803982,-0.12427043759397387
TCGCAATGTGAGATCA-E15S,-0.24286543039379693,-0.30694019046997
CTCGGTTCAAAGGAGC-E15S,0.09990367960123565,0.04336445112862071
AGCAATTTCCCGGCTT-E15S,0.018451490307115175,0.01820339802076802
TGCTACTTCCTGTATC-E15S,-0.11882914999494426,-0.11347987231008652
CAATCCGGTCATGATC-E15S,-0.13747386732554998,-0.14177313177014148
TGCTATAGTCTAATCA-E15S,-0.03875939019115018,-0.026012367333052153
GTGACTATCTTGAACG-E15S,-0.7818016614640427,-0.8404271293927768
AATGAACGTTTGGAGA-E15S,0.07710224819524672,0.06959360181663893
CATGATTAGTTAGGAA-E15S,-0.27119194200171626,-0.27353198327957223
CGTGAGGGTATAGCGA-E15S,0.2890560088292097,0.2574405425374366
CTTACATCATAGGGTT-E15S,-0.3023923617767622,-0.33763277875338205
CAGCACTAGGTGGAGC-E15S,-0.5501648468934437,-0.5236451689197616
GTCCATAAGTCATGCA-E15S,0.001145042172402154,-0.013387903352257544
CAAGTAAAGCTTACGA-E15S,-0.06074982088707266,-0.03517230420280438
CTCAGTAAGGTAGTCC-E15S,-0.12727749731204635,-0.15504462141067024
GTGTGTTGTAAGCGGT-E15S,0.2451258374385349,0.2500309010613274
GGAATCTCAAGTGAGA-E15S,-0.30102267955295975,-0.3064847409779793
CTTGTGTTCCTCACCA-E15S,0.3197820915667097,0.32500455869314915
GCCATAATCAGCACGT-E15S,-0.18378474474021636,-0.1971512228927884
TGTAACCGTGGGAACT-E15S,-0.15964336901370862,-0.1452040355834063
TGTCCGGAGTTACCCT-E15S,0.25770083975673086,0.2721658719274995
GGCACCATCAGCTAAT-E15S,0.09223537759621725,0.050240518249670546
AGTAACCCATCCTGAC-E15S,0.022926000552321597,0.04662299501434469
GGCCTAACATCCTATG-E15S,0.2404009839944719,0.2510327171079253
AAAGGTTGTAGCTTCG-E15S,-0.15076601722646865,-0.15470125460888454
CAAATCCGTATGTGAG-E15S,-0.19786737419602657,-0.2319746452940132
ACATGCATCACTTGAG-E15S,0.23148597768993198,0.23645235977146956
CTTATAGGTTCGCAGC-E15S,-0.19098963988064957,-0.17216509709104677
GGTTAGCTCCTCTCCT-E15S,0.02341864548636667,0.05640927175094546
ACAAGTTTCAGTATGT-E15S,-0.46592200901922015,-0.47978066544388615
AGTGTCATCTGGGATC-E15S,-0.08833150575678456,-0.11158077939408041
CCGCAAGTCCGTGAGT-E15S,0.0007746182651984321,0.019030582057531397
GCTTATAGTTCGCGGT-E15S,0.09745844205911561,-0.006126358206173508
TCCCCAGCAATATGTG-E15S,-0.042170669646457076,-0.026235809939981897
ATTCACCTCAATTCGG-E15S,0.17807622322203764,0.10504381411992875
CGTTTGAAGGAGTCGA-E15S,-0.24384674243894644,-0.21445976669583694
ATACTTGGTTCGGTTG-E15S,0.10623859547869596,0.07580729517924749
ATCCGTCCAACGGTCA-E15S,1.0235310435325904,1.0388106401171855
ATACGGTCAAGTTCCC-E15S,-0.10642042037828398,-0.08407734698037006
CACCAGACACTTGATT-E15S,-0.16968495007617682,-0.2057250665109018
CTAGAAGGTCTAACGT-E15S,-0.17551390252664317,-0.14930427202316635
ACACGATCAGGGCAGA-E15S,-0.01101973491546051,-0.04617735795125763
GCGTACCGTTCGAATC-E15S,0.07645211992992863,0.07830680186702964
TAGTGTTAGCGAGGAC-E15S,-0.02192384789571887,-0.03946833043077705
CTACTCACACTATCTG-E15S,0.23357689370379897,0.24318046969408216
CTCGGTTCAACCCGTT-E15S,0.7902198883751114,0.8053018770732585
GCACTAATCGCGCCTT-E15S,-0.010175249890124412,0.010798703727946639
TGAGCGAAGGTGCTTA-E15S,-0.02942370803964862,-0.05049081639906303
GCGATAAGTTGCCCAA-E15S,0.0055866903801988325,0.013668903850421197
TGAGCTGCAACCCTTA-E15S,-0.1590231298567763,-0.13604772646706548
CTGTGAATCATCACAG-E15S,-0.12649639998770437,-0.10261109532253297
GTCTGCCTCATGTCGA-E15S,-0.010720776918354527,-0.010998588315813481
TACGTAGTCACATTGG-E15S,0.23290823180297937,0.17800891053268458
GTAGTAAAGCTGGTCG-E15S,-0.1524165107976436,-0.1725811589949538
CCTGTTGTCTATGCAG-E15S,0.10228101538259037,0.11372160399834104
GTCTACCCACAATGCG-E15S,-0.013464130926616642,-0.04587107016368087
TACCAATAGTAACCGC-E15S,0.15082880311154367,0.15931696118176142
TCGTTCCGTTCCCAAG-E15S,-0.2861079368454509,-0.3288689855909858
GTTATCCTCGATTACG-E15S,-0.07917207791210168,-0.06196767117236183
TATCCGCCACAGGCTA-E15S,0.11062427561023662,0.10739043806232748
TAGGGTAGTGGGTTGG-E15S,0.23829261835470716,0.22814387326929286
CATGGGTTCAATTGCG-E15S,0.16478792705319398,0.18654707781433869
TGAGCTATCGATACAT-E15S,-0.5196337182974056,-0.5172810866729829
ATGGATGGTGACGAAC-E15S,-0.17053258640141752,-0.16847737641709437
TCTACAAGTGAGCAAC-E15S,0.023255083480077574,0.03647778371585213
CAGGCCATCGTACTTC-E15S,-0.060357829266641086,-0.08126964669549837
ACTGGTCAGCCATTGA-E15S,0.17749532646002314,0.19359514256009933
GTCCCATCAAACCGTG-E15S,-0.21799343215588762,-0.28535957270131385
CAAGCTCAGTAACCTG-E15S,-0.1366981581023924,-0.18415907088720315
GGACAATAGTCAGCTA-E15S,0.015941880168141877,0.027416994262786418
ACTATGGTCCCTCGAC-E15S,0.12297820365352782,0.1339116233141956
TAGCTTGAGTAACCCA-E15S,-0.10430021070003785,-0.0928629833847441
TCCTTTGGTTTACTTC-E15S,0.19817049474024767,0.22965257901583253
GCACCATAGTTAACGT-E15S,0.2055956952674619,0.1666248072895202
CTAGTTGAGTCGAATT-E15S,0.23966208839852227,0.24753144922162393
GTGGTGAAGCGAGTCT-E15S,0.0014696404946252864,-0.02759359401275491
ATGCTCCCAGCACCAA-E15S,-0.5045191235106695,-0.5740142722793182
CACCGCTTCTGTAAGT-E15S,-0.10137535288682108,-0.07908001905788539
ATTGGCCAGAAGGTGT-E15S,-0.2989551369525889,-0.3396740456339326
TGTGCCAGTTAAGTCC-E15S,0.35095398704156555,0.31582053500153817
TAAGCGCTCCGGAACT-E15S,0.1648549780594435,0.10929918020490317
TGGGTGAAGCAGGCAA-E15S,0.1696461817355962,0.2004455771566936
TAAGCACCAACATCAA-E15S,0.024654045663000904,0.02933267026257811
GTACCCAGTTTAGCGT-E15S,-0.006548389574359478,0.014694296414924672
ACCCGATAGGCGTCCA-E15S,-0.5984246647158529,-0.5805060570119273
CCAAGGGGTTCTGGCA-E15S,0.05536840653260956,0.03642624022159953
CTACACCCACCTATAT-E15S,0.042377792031958475,0.026957677662519018
TAGGCTGCAACCTCGT-E15S,-0.0019364218233799413,0.029392756916685553
ACAGAATGTTCATCCC-E15S,-0.3500247603788136,-0.36901461932678503
CGGCCTAAGCGCATTA-E15S,-0.09851444132383004,-0.11029448198250737
GCGACTTAGGTATGAA-E15S,0.43930399864631137,0.4329571895518213
TACCTCACACTCGCTG-E15S,-0.1324894281879704,-0.10198791049202498
ACCCCGTTCCGTGGAT-E15S,0.2955217281328232,0.27692908882869194
CATAGGCTCGATTGCA-E15S,-0.13019016497838903,-0.17166762023875837
GCACCAACAACTATCT-E15S,0.21388085246481903,0.14081982447370028
AGAGACCGTGGAGCCA-E15S,-0.6043320552587813,-0.594129211666809
TACCTCACAACATCCC-E15S,0.1659390542553731,0.1404292877807461
TCCTCTTCAGCTAGGC-E15S,0.05789961913897652,0.042730193683744734
TATACCTCAGCTACTC-E15S,0.2772602517376711,0.2963511558190735
GTGGATTCATGGTTGG-E15S,0.09592511024159953,0.06816230710110598
CCTACCATCATAGAGA-E15S,0.5197493496831479,0.5317817247710753
CGTACTAAGCATTAGT-E15S,0.22731934200834844,0.23883830613091428
GGAAGATTCTGGCTAA-E15S,0.3025783641637343,0.32020690455613815
GCATAGCTCGTTGCCC-E15S,0.11516941530384137,0.14185873291244291
CTTAGTAGTTGTGCTG-E15S,0.13133951834632077,0.1083043206240258
CCTATTCAGGTACGAG-E15S,-0.13898197599214998,-0.16705449262457317
CCCTTACGTTATATCG-E15S,-0.09546617204257676,-0.08656045617720723
TATGAGGGTGGGTATA-E15S,-0.0898836284228082,-0.11935406996590306
CAAGCGAAGGCAATCC-E15S,0.1218028984715446,0.1503323589572988
CGACTAATCACCTCAT-E15S,3.94589784091917,3.97605677734501
TGACCAGCACTTAGCC-E15S,-0.04104988787536826,-0.028396883573189355
CGCTACTCATTCGGAG-E15S,0.150320302009355,0.1454947273146634
CTAAGCCAGGTACTTG-E15S,-0.7750985014885012,-0.7788953026737001
GCTTTGAAGAAGCTAA-E15S,-0.11196815249756703,-0.08906673402951573
ACACGATCAAGCTACG-E15S,0.09533582510838973,0.11900407902226715
ACAGTCGCAGCATGTG-E15S,0.11880957166305847,0.05234746641298955
TCATAACAGCGCATGT-E15S,0.2664130074236077,0.25175312167264974
CATGGGTTCTGTGGCG-E15S,-0.045775285988945466,-0.034242508439064914
CCAGATTGTTTCGTCC-E15S,0.12821537422601637,0.15715251558586105
CGCCATTCAATCGACG-E15S,0.1587123407387738,0.1631931656760428
GCCAATTGTAAGTACG-E15S,0.13544821701079407,0.15068748898011522
GGACGTAAGGGGCTAA-E15S,0.30448545904990065,0.29847707591735206
CGTGAGAAGCGATGTC-E15S,0.3750085626890226,0.3075935196029832
GGTATGGAGGGTTGCT-E15S,0.37327745062347045,0.35141354196609514
TATCCTTGTCATTACA-E15S,-0.2937976822540004,-0.32535325109043084
CTGCTGCTCACCTATC-E15S,0.07023873881252456,0.07609946664580672
AGTGGTTCATTAGTTC-E15S,0.4841843608525838,0.48222971581236607
GCTTCATTCAGGACTC-E15S,-0.07800905008943015,-0.0666906326421693
TCTGACAAGCGGATGA-E15S,-0.24295032193340113,-0.24071637877748014
TACAGCGCATTACCGC-E15S,0.027430058914734733,-0.031556460139625375
CCAGCAACATCCTATG-E15S,0.018069981771790984,-0.030499919217745516
GTACACGCAGGTATCG-E15S,0.5812524074075497,0.5500394533378082
TCACATAGTCATCAAC-E15S,-0.04743703166965468,-0.0705580542159998
ACCGACTAGCATGCAC-E15S,-0.039121626030653195,-0.017320830226642523
CAATCCGGTTGCAGGG-E15S,-0.5143618140405978,-0.5078169462052655
ACACTCCCAAGCGGAG-E15S,0.28714031532356893,0.3121227979235732
CGAACTATCGCGACAT-E15S,-1.1642630378266938,-1.1585146379098779
TCCCGTTGTTTGCGGC-E15S,-0.3625241570887527,-0.3394341256435374
TGATTCCTCCATAGGC-E15S,0.04821200938357154,0.04580021541564669
ACCACCTCATAGAGTC-E15S,0.03005687892455142,0.04364796656898361
ACCATCAAGCATGAGG-E15S,-0.3276580932732838,-0.3046277442205232
CCACGCAAGAACGATA-E15S,-0.11008821916527711,-0.12404628645350393
AGAGAATCAGGCTATG-E15S,-0.23498292823521416,-0.22746153215743928
CCAGAGAAGGGTTAGG-E15S,-0.08046644927255066,-0.092246466324585
ATGCACGCAGCTCTCG-E15S,-0.5387180708066036,-0.5526257802206164
GTCTGGACAAATCTAG-E15S,0.08291322167283412,0.04419982832202253
GCGCATTAGAAGCGGC-E15S,-0.06779515516667924,-0.060782424382345684
AGACGTTCAGGGACTC-E15S,0.2559008886088211,0.27737699946450517
CGCTTCATCATCTAGG-E15S,-0.4728642809069627,-0.4623857694239577
GGCATTCAGTAGTTAC-E15S,-0.02219001437746973,-0.039815671009188466
CTCCAGCTCCCATTAC-E15S,-0.08221465177656291,-0.10848532094835886
AGGCAATAGGCGCTTG-E15S,-0.2205314110214508,-0.2687499473142063
GTAACCCAGCTAGCAC-E15S,0.18916066997108852,0.1672925067193363
ACAGCTATCACGCTAA-E15S,0.7855735867497379,0.7802707415115125
GCCACAACAAAGGGTA-E15S,0.1806756338454586,0.17201318366718601
ATCCTAAGTTCTGGTG-E15S,-0.12850689685832203,-0.12969472524179254
TCACTCACAACTTCGC-E15S,-0.07928294780225834,-0.05562957605309514
ACGATATTCGTCTATC-E15S,-0.13025844924540528,-0.13955415102887928
GGATTAGGTTCAATGC-E15S,-0.257515450625161,-0.22420252295612028
CTGCATCCACTATATC-E15S,1.3376111777402375,1.3603266834632854
AAACCAAAGCTAGCCG-E15S,0.3303965475421295,0.27582156485213627
TGCTAAGTCGACTTAG-E15S,0.0420762111349583,-0.06345140750004612
GTGTCCCTCCGTTACT-E15S,0.2248258669639191,0.25315592235105167
TACAACTAGCTTAACG-E15S,-0.2514866932364324,-0.24313923168447638
ATACAGCCAACCTTGC-E15S,0.9172995473244652,0.9468873336824178
TCGAATTAGCGCCTAG-E15S,-0.04108377814391191,-0.03449858989923896
AACGGTGAGGCGTCTG-E15S,-0.743193837734259,-0.7271171261347955
TCGTTTCAGGGCTATC-E15S,0.11497438007351095,0.13468935826493278
CCGACCTTCCATCTCG-E15S,-0.30352864174887256,-0.3162791898568361
AAGTACCCAATTAACG-E15S,0.42975744475556005,0.40664469280530025
ATACGTTAGAAGGTGT-E15S,0.7088545366862875,0.7017306648539249
TGAGTCTGTTAGTTCA-E15S,0.08420844864727076,0.054075501799457
GGTATCTGTCCCGAAC-E15S,-0.33840265708406336,-0.31885259385591125
CCACATGGTCATTACA-E15S,-0.11044768066384686,-0.07843485764227408
CATATGGTCAGCGGTT-E15S,0.26366732959096906,0.28753718631424063
GCTAAACCATCCGTCG-E15S,-1.77012817245249,-1.730001935409179
AGCATAGGTGAGTATG-E15S,-0.1224835371665091,-0.1613024921818229
AGACGCAAGGATGCAG-E15S,0.027186918762296165,0.03622852686962494
TCGACGTAGTGATTCG-E15S,-0.052781705021389715,-0.04672521591097969
CTTACAAGTTGGATCT-E15S,0.4941734886957453,0.4623366938400323
TCTATGAGTCCATAGT-E15S,-0.12482633873987968,-0.15835839796188783
CATTAGGTCCCTTGAT-E15S,0.21434718965164332,0.16001156878165976
TGAAACCCATTACGTT-E15S,0.01527062413675945,0.00771338688891128
CGGCCAATCGTTCCGC-E15S,-0.05114152849577088,-0.02655250662987378
ATCTCCACACTTGGAG-E15S,0.29808052695683124,0.28235054269841536
ATCGAAGGTCCATATA-E15S,-0.19371551721619074,-0.17484057363457886
CCTAGTAAGGAACTGG-E15S,0.3392189236053739,0.33930669898713006
TACACCGGTATGTGTC-E15S,-0.7130061652896721,-0.714213268984751
TATCATCCATGCTGTC-E15S,0.4424860754249782,0.4583415337409094
CATTCGTTCCTTCAGT-E15S,-0.1639832149553771,-0.13373091222760586
CTCGTAGGTCCATCAG-E15S,0.049661296691158735,0.010357709890409737
AACGTAAAGTAGTCCA-E15S,-0.01034383295734521,-0.016286332694130795
CTCAGTTTCATGGCTA-E15S,-0.0327010534392581,-0.019524921894511976
CTACTGTTCTATGGAT-E15S,0.6181116249979363,0.629860082765547
CTCTGTTAGTCATCAG-E15S,0.1597378768439947,0.14976030974430854
TCACTTATCGATACAT-E15S,0.10596783968230733,0.13350089289026876
TAAGCGGAGTAATTGC-E15S,-0.04329103335918617,-0.03429398010024342
AGCATGAGTCTAGCGC-E15S,-0.4070360274228905,-0.38036070441133524
AGTCCTAAGTGCTGCG-E15S,-0.0735025595482729,-0.09502367560924913
TGACTGATCGAACGTC-E15S,0.12707693558831126,0.14609205445420995
GCATAACCATGCTACC-E15S,0.022604168822006145,0.03485106290258501
ACCTGGGTCGAATCCA-E15S,0.15559854708505602,0.14113280031963016
TATACGTAGCGCTCTC-E15S,1.3403694100431964,1.3713601798540758
CGTGTATGTTGTGGCC-E15S,-0.0653662964298301,-0.058349527060572455
GCGCTTGAGCGAGCTT-E15S,0.18832439563115064,0.21881614427307733
GGCAATAGTTGCGGTC-E15S,0.23062729097314577,0.23946588011156603
GTTAGCGCAAACTTAG-E15S,0.28476881726039044,0.3095262809531346
AGCAATTTCTAACTCC-E15S,-0.07877258651168337,-0.12655398912200902
ACTGCCTCATTCGCGT-E15S,-0.013426826462453544,0.011007599243088575
TCTGGCGAGGTTCAGC-E15S,0.08582343923978909,0.07294773080839513
CTCAGTAAGGTGCGTT-E15S,-0.5511137013437809,-0.5230228670051521
AACAGGCGTTAGGTGA-E15S,0.5605618740409147,0.5684178617493666
GCGCTAACATGGTCAG-E15S,-0.06654895323686384,-0.06867888418129171
TACCGTCCATGGCAGC-E15S,0.19307438656610426,0.18752430619175658
ACGCATATCCCGTAGG-E15S,0.5242374853691015,0.49130859246787867
TCAATTGGTTCGAGCC-E15S,0.6010850086030904,0.6326656167254318
GTGATTGTCTAAGTAC-E15S,0.616227923451958,0.6412466169980612
TCACAATAGTTGCGTA-E15S,-0.06778066677710558,-0.08188408329395756
GGTCACTAGCTGGTCG-E15S,0.3462954043804929,0.37687536205406835
ATTCAGGTCCATGAAT-E15S,0.07179370265229391,0.1029757422013227
ACCATCAAGTCGCACG-E15S,-5.158689637274963e-05,0.019687328360023314
CGATTAACAACCAGCA-E15S,0.11448165854216397,0.1306644317572877
CGTTGGACAGTTGGAT-E15S,0.8100523584851567,0.8267316607788374
CTGATAGTCGATCGGT-E15S,0.12862335651244436,0.11087512626965916
CACCAAATCCTGATCT-E15S,-0.13889405091950818,-0.1718821125774439
CACCGAACAAACCCAG-E15S,0.07801140248107138,0.10223806838387801
GTTAGCCAGGCTTACA-E15S,-0.07472601861040629,-0.04953232295071418
AATGGGTAGTCGAGGA-E15S,0.10763877352959964,0.12570969037376606
ATACGCGCATCGGGAC-E15S,0.2008705028008486,0.20541530054851853
CTATTGAGTTCGGGCT-E15S,0.08514816921001109,0.04328126569427337
TAACCGATCCATCACT-E15S,0.1883875490091009,0.2223163408374205
TACGTCAAGCTTAGGC-E15S,-0.27304396348877524,-0.25481778230203944
CTTGGGACATAACCGG-E15S,-1.2529050567162445,-1.2441816983283192
TGGTCCTCACATGATA-E15S,0.3929125306760919,0.4286190453918963
GGCTGACCATGAAGTC-E15S,0.008541782616964078,-0.0026057739960754734
TAGGATGGTCCCGAAC-E15S,-0.4259023575619442,-0.3882414900990028
GGGTTGGGTCTAGCTG-E15S,0.23761598484124236,0.2615758390207137
TAATGTCAGGATGGGC-E15S,-0.007182193392003662,0.015928829816841093
CTTCACTAGGAGCTAG-E15S,0.41603957173386014,0.45237408186585454
CACCCATCAAGCCGTA-E15S,-0.17510425537339105,-0.14309611895638524
GCGAGGTAGGATGCGA-E15S,0.2773075554484421,0.3162149807217187
ACCCTATTCGCTCCAC-E15S,-0.04186212485248616,0.0007794826340695943
CGCCATAGTGGACACG-E15S,0.1110319300061649,0.13795644664558832
CACTTAGAGCAATCTG-E15S,0.010994604061339591,0.006225598784801057
TAAACGAAGCTATGTG-E15S,0.49569030016344556,0.5208417597336624
CACCTCGCAAGCTAGT-E15S,-1.4443591665483668,-1.413206774016484
ATCGTTGAGGGCTAAG-E15S,-0.02896086383396086,-0.006744197845208503
AGGAATATCAATGGTT-E15S,0.06427481645404017,0.10197679654837442
GTTCCTTAGTCGACGT-E15S,-0.5050359443660742,-0.4888817894844315
